quarter,quarter_end,calendar_year,calendar_quarter,fiscal_year,nominal_gdp_billions_saar,real_gdp_billions_chained_saar,annual_real_gdp_growth_rate,annual_inflation_rate,annual_tips_reference_inflation_rate,primary_deficit_billions,marketable_interest_excluding_tips_inflation_billions,bills_interest_cost_billions,notes_interest_cost_billions,bonds_interest_cost_billions,tips_real_interest_cost_billions,frns_interest_cost_billions,other_public_debt_interest_billions,tips_inflation_compensation_billions,tips_deflation_floor_cost_billions,modeled_debt_interest_cost_billions,modeled_total_deficit_billions,other_financing_adjustment_billions,treasury_debt_management_adjustment_billions,beginning_debt_held_by_public_billions,debt_held_by_public_billions,debt_held_by_public_gdp_ratio,primary_deficit_gdp_ratio_annualized,modeled_interest_gdp_ratio_annualized,modeled_total_deficit_gdp_ratio_annualized,marketable_debt_billions,other_public_debt_billions,bills_outstanding_billions,notes_outstanding_billions,bonds_outstanding_billions,nominal_fixed_rate_debt_outstanding_billions,tips_outstanding_billions,frns_outstanding_billions,bill_share_of_marketable_debt,weighted_average_remaining_maturity_quarters,principal_maturing_next_four_quarters_billions,principal_maturing_next_eight_quarters_billions,share_marketable_debt_maturing_next_four_quarters,share_marketable_debt_maturing_next_eight_quarters,principal_maturing_billions,principal_refinanced_billions,treasury_buyback_operation_count,treasury_buyback_cash_limit_billions,treasury_buyback_face_value_limit_billions,treasury_buyback_cash_spent_billions,treasury_buyback_face_value_retired_billions,treasury_buyback_premium_or_discount_billions,treasury_buyback_unfilled_cash_limit_billions,treasury_buyback_unfilled_face_value_limit_billions,treasury_buyback_weighted_price_per_dollar_face,treasury_buyback_notes_retired_billions,treasury_buyback_bonds_retired_billions,treasury_buyback_financing_issuance_billions,treasury_buyback_financing_instrument,frn_principal_reset_billions,principal_repriced_or_reset_billions,net_new_borrowing_requirement_billions,genuinely_new_borrowing_billions,debt_repayment_billions,gross_treasury_issuance_billions,new_borrowing_bill_share,new_borrowing_note_share,new_borrowing_bond_share,new_borrowing_tips_share,new_borrowing_frn_share,average_effective_marketable_rate_excluding_tips_inflation,average_effective_debt_cost_rate_including_tips_inflation,average_new_issuance_stated_rate,share_marketable_debt_repriced_since_scenario_start,cumulative_modeled_interest_billions,debt_identity_residual_billions,short_issuance_rate,intermediate_issuance_rate,long_issuance_rate,tips_real_issuance_rate,reference_primary_deficit_scaled_billions,automatic_stabilizer_primary_deficit_billions,primary_balance_adjustment_gdp_share,primary_balance_adjustment_billions,macro_feedback_output_gap,policy_inflation_gap_to_target,policy_inflation_deviation_from_reference,policy_rate_adjustment,policy_rate_proxy,real_policy_tightening_rate_gap,treasury_premium_basis_points,debt_gdp_ratio_gap_from_reference_percentage_points,debt_gdp_ratio_feedback_signal_percentage_points,debt_yield_feedback_enabled,debt_yield_short_adjustment_basis_points,debt_yield_intermediate_adjustment_basis_points,debt_yield_long_adjustment_basis_points,debt_yield_tips_real_adjustment_basis_points,private_credit_spread_basis_points,raw_short_issuance_rate,raw_intermediate_issuance_rate,raw_long_issuance_rate,rate_bound_binding,private_absorption_market_clearing_enabled,private_absorption_market_clearing_iterations,private_absorption_market_clearing_spread_basis_points,private_absorption_required_capacity_multiple,private_absorption_capacity_multiple_at_clearing_yield,private_absorption_required_yield_gap_basis_points,reference_cash_interest_billions,stress_cash_interest_billions,nominal_incremental_cash_interest_billions,incremental_cash_interest_billions,incremental_cash_interest_gdp_ratio_annualized,interest_income_domestic_demand_fraction,incremental_interest_domestic_demand_billions,incremental_interest_demand_gdp_ratio_annualized,incremental_primary_impulse_gdp_ratio_annualized,supply_inflation_pressure_rate,terminal_debt_target_imposed,article_case
2026Q4,2026-12-31,2026,4,2027,32813.516450759125,24573.2,0.01902398695529306,0.02374108660242924,0.02771554138299126,194.872,253.59837549789904,55.91196830625741,138.7066086465815,45.90202768161394,6.830451248587104,6.247319614859042,4.968063415379199,15.669722733652822,0.0,274.23616164693107,469.1081616469311,5.538,0.0,32215.665354410852,32690.311516057784,0.996245299253854,0.023755088887523573,0.0334296584224318,0.057184747309955375,32107.547479063156,582.7640369946275,6898.743123166559,16595.24376532521,5536.048719487986,22131.292484813195,2332.8104382651377,744.7014328182587,0.21486359640720376,24.387853200968404,10387.998112416512,13383.034954301005,0.32353757692612206,0.416818972642737,7665.516018009889,7665.51601800989,0,0.0,0.0,0.0,0.0,0.0,0.0,0.0,0.0,0.0,0.0,0.0,none,734.0288243174178,8399.544842327308,458.9764389132783,458.9764389132783,0.0,8124.492456923168,0.2154110468670722,0.5181811771623273,0.1728613500867164,0.0702933619006643,0.0232530639832198,0.03242722436592475,0.034050038530013926,0.033830045581091525,0.273207434301952,274.23616164693107,0.0,0.03278,0.04197,0.04197,0.0175,194.872,-0.0,0.0,0.0,0.0,0.0037410866024292395,0.0,0.0,0.03278,0.0,0.0,0.0,0.0,False,0.0,0.0,0.0,0.0,0.0,0.03278,0.04197,0.04197,False,False,1,0.0,,,,258.56643891327826,258.56643891327826,0.0,0.0,0.0,0.15668784534991487,0.0,0.0,0.0,0.0,False,reference
2027Q1,2027-03-31,2027,1,2027,33147.220203151985,24680.599999999995,0.017597408546793147,0.023296209984862815,0.026152401325720165,194.872,260.31127901663695,56.535199894349944,143.40677427048297,46.66884903955689,7.411776979595989,6.288678832651108,4.968063415379199,15.104810271309676,0.0,280.38415270332587,475.2561527033259,5.538,0.0,32690.311516057784,33171.10566876111,1.0007205872909626,0.023515938749092396,0.033835012527133605,0.057350951276226,32588.34163176648,582.7640369946275,6999.057751934678,16836.555216978573,5616.548407941779,22453.103624920353,2380.6501180173027,755.5301368941339,0.21477182947880147,24.49882236532354,10373.608408455488,13198.999951055843,0.31832268501639543,0.40502214258701996,7818.45707685363,7818.4570768536305,0,0.0,0.0,0.0,0.0,0.0,0.0,0.0,0.0,0.0,0.0,0.0,none,744.7014328182587,8563.15850967189,465.6893424320162,465.6893424320162,0.0,8284.146419285647,0.2154110468670722,0.5181811771623273,0.1728613500867164,0.0702933619006643,0.0232530639832198,0.03274957978431627,0.03430792056730308,0.03368771382636251,0.3089280360240285,554.6203143502569,0.0,0.0326399999999999,0.04226,0.04226,0.0175,194.872,-0.0,0.0,0.0,0.0,0.003296209984862814,0.0,0.0,0.0326399999999999,0.0,0.0,0.0,0.0,False,0.0,0.0,0.0,0.0,0.0,0.0326399999999999,0.04226,0.04226,False,False,1,0.0,,,,265.27934243201616,265.27934243201616,0.0,0.0,0.0,0.15668784534991487,0.0,0.0,0.0,0.0,False,reference
2027Q2,2027-06-30,2027,2,2027,33480.81936295423,24789.999999999996,0.01784876327045648,0.022616048740021766,0.02507028033791192,194.872,266.8386349235212,57.11231125578679,148.1810139507879,47.461975490152746,7.725799475387829,6.357534751405928,4.968063415379199,14.782631606632997,0.0,286.58932994553345,481.46132994553346,5.538,0.0,33171.10566876111,33658.104998706636,1.005295140296016,0.023281628551256005,0.03423922537124501,0.05752085392250102,33075.34096171201,582.7640369946275,7100.778445271973,17081.24902159954,5698.1764239501335,22779.42544554967,2428.62644889581,766.5106219945532,0.21468496586299227,24.556193812148276,10389.754207655707,13027.563319209094,0.3141238731199439,0.39387540507261254,7901.268255122974,7901.268255122973,0,0.0,0.0,0.0,0.0,0.0,0.0,0.0,0.0,0.0,0.0,0.0,none,755.5301368941339,8656.798392017106,472.21669833890047,472.21669833890047,0.0,8373.484953461873,0.2154110468670722,0.5181811771623273,0.1728613500867164,0.0702933619006643,0.0232530639832198,0.033069696559558555,0.03455891194069288,0.033687661368326086,0.3433082227264961,841.2096442957903,-7.275957614183426e-12,0.03252,0.04248,0.04248,0.0175,194.872,-0.0,0.0,0.0,0.0,0.0026160487400217654,0.0,0.0,0.03252,0.0,0.0,0.0,0.0,False,0.0,0.0,0.0,0.0,0.0,0.03252,0.04248,0.04248,False,False,1,0.0,,,,271.80669833890045,271.80669833890045,0.0,0.0,0.0,0.15668784534991487,0.0,0.0,0.0,0.0,False,reference
2027Q3,2027-09-30,2027,3,2027,33819.64204625321,24903.499999999993,0.01843999428756682,0.022248000239960097,0.024382592342289344,194.872,273.4775029553267,57.72932876006114,152.8758790192545,48.328865020161466,8.126248097579449,6.417182058270145,4.968063415379199,14.670585287046285,0.0,293.1161516577522,487.9881516577522,5.538,0.0,33658.104998706636,34151.631150364396,1.0098164582480542,0.023048381142944635,0.034668155417715396,0.05771653656066004,33568.867113369764,582.7640369946275,7203.929224122012,17329.382962672247,5780.952043649513,23110.33500632176,2476.9574018078993,777.6454811180921,0.21460149965123013,24.64647720201951,10340.943385537117,12790.69801736606,0.30805160479837995,0.38102858741610013,8037.825029793427,8037.825029793427,0,0.0,0.0,0.0,0.0,0.0,0.0,0.0,0.0,0.0,0.0,0.0,none,766.5106219945532,8804.33565178798,478.85556637070596,478.85556637070596,0.0,8516.680596164133,0.2154110468670722,0.5181811771623273,0.1728613500867164,0.0702933619006643,0.0232530639832198,0.03343936643839879,0.03483454005138027,0.03363811794499859,0.37786678514028094,1134.3257959535426,7.275957614183426e-12,0.03242,0.0426499999999999,0.0426499999999999,0.0175,194.872,-0.0,0.0,0.0,0.0,0.002248000239960097,0.0,0.0,0.03242,0.0,0.0,0.0,0.0,False,0.0,0.0,0.0,0.0,0.0,0.03242,0.0426499999999999,0.0426499999999999,False,False,1,0.0,,,,278.44556637070593,278.44556637070593,0.0,0.0,0.0,0.15668784534991487,0.0,0.0,0.0,0.0,False,reference
2027Q4,2027-12-31,2027,4,2028,34158.5183188548,25016.899999999994,0.01833909570101455,0.021945305341696475,0.024162847358085493,215.4585,280.66536432293407,58.387846361508906,158.14773727280496,49.161424920357696,8.486680683143282,6.481675085119298,5.137064986107641,14.828888675230425,0.0,300.63131798427213,516.0898179842721,2.14175,0.0,34151.631150364396,34669.86271834867,1.0149697476547632,0.025230426915920565,0.035204257418663246,0.060434684334583814,34087.09868135404,582.7640369946275,7312.3677222676615,17590.236755623275,5867.970910432145,23458.20766605542,2527.1721572015626,789.3511358293897,0.21452009719640924,24.57768722883617,10313.676487773357,12732.892689200591,0.3025683289794046,0.3735399368607925,7937.40636201969,7937.40636201969,0,0.0,0.0,0.0,0.0,0.0,0.0,0.0,0.0,0.0,0.0,0.0,none,777.6454811180921,8715.051843137782,503.40267930904173,503.40267930904173,0.0,8440.809041328732,0.2154110468670722,0.5181811771623273,0.1728613500867164,0.0702933619006643,0.0232530639832198,0.03373662156122221,0.03521135686440727,0.03337959989297992,0.40586600352572744,1434.9571139378147,0.0,0.03234,0.04279,0.04279,0.0175,215.4585,-0.0,0.0,0.0,0.0,0.0019453053416964745,0.0,0.0,0.03234,0.0,0.0,0.0,0.0,False,0.0,0.0,0.0,0.0,0.0,0.03234,0.04279,0.04279,False,False,1,0.0,,,,285.8024293090417,285.8024293090417,0.0,0.0,0.0,0.15668784534991487,0.0,0.0,0.0,0.0,False,reference
2028Q1,2028-03-31,2028,1,2028,34499.59871590287,25131.59999999999,0.018466116274653555,0.0216767083117837,0.023850744937782276,215.4585,287.53125850548395,59.12049303453405,163.14286721490578,49.997159553107,8.707284008515929,6.563454694421373,5.137064986107641,14.935804340339798,0.0,307.6041278319314,523.0626278319314,2.14175,0.0,34669.86271834867,35195.0670961806,1.0201587382509802,0.024980986216594184,0.0356646615359197,0.06064564775251389,34612.30305918597,582.7640369946275,7422.285209866853,17854.648325704093,5956.176624952724,23810.824950656817,2577.9764550448845,801.2164436174157,0.21444066282370675,24.533835234753816,10253.661253928296,12624.818892361198,0.29624325305354143,0.3647494612182595,8117.836230000904,8117.836230000904,0,0.0,0.0,0.0,0.0,0.0,0.0,0.0,0.0,0.0,0.0,0.0,none,789.3511358293897,8907.187365830294,510.26857349159155,510.26857349159155,0.0,8628.104803492495,0.2154110468670722,0.5181811771623273,0.1728613500867164,0.0702933619006643,0.0232530639832198,0.03405206613831439,0.035489512067682354,0.03328695823761664,0.4350569288767547,1742.5612417697462,0.0,0.03226,0.0429,0.0429,0.0175,215.4585,-0.0,0.0,0.0,0.0,0.0016767083117836985,0.0,0.0,0.03226,0.0,0.0,0.0,0.0,False,0.0,0.0,0.0,0.0,0.0,0.03226,0.0429,0.0429,False,False,1,0.0,,,,292.6683234915916,292.6683234915916,0.0,0.0,0.0,0.15668784534991487,0.0,0.0,0.0,0.0,False,reference
2028Q2,2028-06-30,2028,2,2028,34836.751701773224,25242.599999999988,0.017784392025415263,0.02150065998978512,0.023590801926968608,215.4585,294.6936241022778,59.86073021757616,168.2026013866305,50.94316584134021,9.039033215815342,6.6480934409154875,5.137064986107641,15.071450300540866,0.0,314.9021393889263,530.3606393889263,2.14175,0.0,35195.0670961806,35727.56948556952,1.0255712068513825,0.024739218150357335,0.03615746290982663,0.06089668106018397,35144.805448574894,582.7640369946275,7533.745550137294,18122.77129882112,6045.620435660179,24168.3917344813,2629.4198656053645,813.2482983509353,0.21436298918088859,24.489037925267663,10177.657488105619,12560.864272826308,0.2895920850379417,0.35740315282740154,8239.472850829226,8239.472850829226,0,0.0,0.0,0.0,0.0,0.0,0.0,0.0,0.0,0.0,0.0,0.0,none,801.2164436174157,9040.689294446642,517.4309390883853,517.4309390883853,0.0,8756.903789917611,0.2154110468670722,0.5181811771623273,0.1728613500867164,0.0702933619006643,0.0232530639832198,0.034340738124234924,0.03578934951632466,0.033230591206071684,0.4637257778046567,2057.4633811586723,-1.4551915228366852e-11,0.0321899999999999,0.043,0.043,0.0175,215.4585,-0.0,0.0,0.0,0.0,0.0015006599897851199,0.0,0.0,0.0321899999999999,0.0,0.0,0.0,0.0,False,0.0,0.0,0.0,0.0,0.0,0.0321899999999999,0.043,0.043,False,False,1,0.0,,,,299.83068908838544,299.83068908838544,0.0,0.0,0.0,0.15668784534991487,0.0,0.0,0.0,0.0,False,reference
2028Q3,2028-09-30,2028,3,2028,35168.71769035311,25350.699999999986,0.01724012308766243,0.02106182624872388,0.023346411992499982,215.4585,301.7647701156699,60.62781731472968,173.4004739328124,51.90468680644536,9.096063030590862,6.7357290310916245,5.137064986107641,15.214320358753913,0.0,322.11615546053144,537.5746554605314,2.14175,0.0,35727.56948556952,36267.28589103006,1.031237084341528,0.024505698717482777,0.036636667654094075,0.06114236637157685,35684.521854035425,582.7640369946275,7646.72909337303,18394.558406703254,6136.286574214171,24530.844980917427,2681.5032008498306,825.4445788951392,0.21428699884648422,24.416511573096223,10102.638138187218,12531.151270375027,0.28310980821072007,0.3511648922082426,8318.464824475584,8318.464824475584,0,0.0,0.0,0.0,0.0,0.0,0.0,0.0,0.0,0.0,0.0,0.0,none,813.2482983509353,9131.71312282652,524.5020851017774,524.5020851017774,0.0,8842.966909577362,0.2154110468670722,0.5181811771623273,0.1728613500867164,0.0702933619006643,0.0232530639832198,0.03462711807773135,0.03606359571597897,0.03323286533680406,0.49074830473330383,2379.5795366192037,7.275957614183426e-12,0.03213,0.04308,0.04308,0.0175,215.4585,-0.0,0.0,0.0,0.0,0.0010618262487238801,0.0,0.0,0.03213,0.0,0.0,0.0,0.0,False,0.0,0.0,0.0,0.0,0.0,0.03213,0.04308,0.04308,False,False,1,0.0,,,,306.9018351017775,306.9018351017775,0.0,0.0,0.0,0.15668784534991487,0.0,0.0,0.0,0.0,False,reference
2028Q4,2028-12-31,2028,4,2029,35502.9460537084,25460.399999999983,0.01742186418178404,0.020775810233577552,0.02309377715644856,173.80475,308.956314157713,61.42235144251887,178.44756356328975,52.84347574023483,9.416496744206636,6.826426667462803,5.268186894431433,15.349214844932058,0.0,329.5737158970765,503.3784658970765,-2.42575,0.0,36267.28589103006,36768.23860692713,1.0356390861565294,0.019582008742268366,0.0371319850919979,0.056713993834266264,36185.47456993251,582.7640369946275,7751.333451896988,18646.1890005126,6220.2286510128815,24866.41765152548,2730.987118334451,836.7363481755804,0.21421118678205153,24.180333904240474,10176.75500591129,12399.55646805725,0.2812386773107967,0.3426666809106983,8244.076738621992,8244.076738621994,0,0.0,0.0,0.0,0.0,0.0,0.0,0.0,0.0,0.0,0.0,0.0,none,825.4445788951392,9069.521317517134,485.60350105214445,485.60350105214445,0.0,8729.680239674139,0.2154110468670722,0.5181811771623273,0.1728613500867164,0.0702933619006643,0.0232530639832198,0.03483344025259421,0.03634942155719346,0.03295359219110845,0.5113197301294943,2709.15325251628,0.0,0.03208,0.04315,0.04315,0.0175,173.80475,-0.0,0.0,0.0,0.0,0.0007758102335775514,0.0,0.0,0.03208,0.0,0.0,0.0,0.0,False,0.0,0.0,0.0,0.0,0.0,0.03208,0.04315,0.04315,False,False,1,0.0,,,,314.22450105214443,314.22450105214443,0.0,0.0,0.0,0.15668784534991487,0.0,0.0,0.0,0.0,False,reference
2029Q1,2029-03-31,2029,1,2029,35840.4078533226,25572.199999999983,0.017680562926939647,0.020522825130940392,0.02297286568423096,173.80475,315.1599190974638,62.165694284213835,182.783965402459,53.72209313197324,9.578815883757908,6.9093503950598345,5.268186894431433,15.551312167697551,0.0,335.9794181595928,509.7841681595928,-2.42575,0.0,36768.23860692713,37275.597025086725,1.040043885037181,0.01939763082064228,0.037497276206743355,0.05689490702738564,36692.8329880921,582.7640369946275,7857.274135455367,18901.034185632278,6305.243091336882,25206.27727696916,2781.109205388956,848.1723702786121,0.21413648103991542,23.97703407555025,10234.21638246377,12325.607261557998,0.2789159503106526,0.33591320859738516,8387.02544459727,8387.02544459727,0,0.0,0.0,0.0,0.0,0.0,0.0,0.0,0.0,0.0,0.0,0.0,none,836.7363481755804,9223.76179277285,491.80710599189524,491.80710599189524,0.0,8878.832550589164,0.2154110468670722,0.5181811771623273,0.1728613500867164,0.0702933619006643,0.0232530639832198,0.03502427810972454,0.036551048501550394,0.032872924104032926,0.5323506860406007,3045.1326706758728,7.275957614183426e-12,0.0320299999999999,0.04321,0.04321,0.0175,173.80475,-0.0,0.0,0.0,0.0,0.0005228251309403915,0.0,0.0,0.0320299999999999,0.0,0.0,0.0,0.0,False,0.0,0.0,0.0,0.0,0.0,0.0320299999999999,0.04321,0.04321,False,False,1,0.0,,,,320.4281059918952,320.4281059918952,0.0,0.0,0.0,0.15668784534991487,0.0,0.0,0.0,0.0,False,reference
2029Q2,2029-06-30,2029,2,2029,36178.04858394721,25682.99999999998,0.01744428695602207,0.020418069374665837,0.022841686194156274,173.80475,321.33001155023743,62.91712263965866,186.92872467703955,54.61278917208582,9.878193868506312,6.993181192947158,5.268186894431433,15.747057075605499,0.0,342.34525552027435,516.1500055202744,-2.42575,0.0,37275.597025086725,37789.32128060699,1.0445373025833884,0.019216597556024072,0.03785115769590497,0.057067755251929045,37206.55724361237,582.7640369946275,7964.5439250882655,19159.076596522333,6391.324102172428,25550.40069869476,2831.860753893111,859.7518659362305,0.21406291028056942,23.756962548664795,10352.765923875386,12199.54707278095,0.27825111192336266,0.3278870171433389,8487.592723929645,8487.592723929643,0,0.0,0.0,0.0,0.0,0.0,0.0,0.0,0.0,0.0,0.0,0.0,none,848.1723702786121,9335.765094208255,497.9771984446689,497.9771984446689,0.0,8985.569922374312,0.2154110468670722,0.5181811771623273,0.1728613500867164,0.0702933619006643,0.0232530639832198,0.03510954244291749,0.03673666235739953,0.032773012317655954,0.5528128615891058,3387.477926196147,-7.275957614183426e-12,0.03198,0.04327,0.04327,0.0175,173.80475,-0.0,0.0,0.0,0.0,0.00041806937466583663,0.0,0.0,0.03198,0.0,0.0,0.0,0.0,False,0.0,0.0,0.0,0.0,0.0,0.03198,0.04327,0.04327,False,False,1,0.0,,,,326.59819844466887,326.59819844466887,0.0,0.0,0.0,0.15668784534991487,0.0,0.0,0.0,0.0,False,reference
2029Q3,2029-09-30,2029,3,2029,36519.26990879109,25795.399999999983,0.017620997896754975,0.020285549943514614,0.02275805762511629,173.80475,326.62268538340226,63.67652868108068,190.52118947393177,55.54397050679934,9.800940105605696,7.080056615984836,5.268186894431433,15.976206467335123,0.0,347.86707874516884,521.6718287451688,-2.42575,0.0,37789.32128060699,38308.567359352164,1.0489959808898137,0.019037045421125567,0.038102303755139275,0.057139349176264835,37725.80332235754,582.7640369946275,8072.953815132291,19419.861571369598,6478.320011752342,25898.18158312194,2883.213491626174,871.454432477134,0.21399024286244941,23.51214696286373,10506.566270161364,12166.36271149253,0.27849814569580894,0.3224944637370345,8560.998543074289,8560.998543074289,0,0.0,0.0,0.0,0.0,0.0,0.0,0.0,0.0,0.0,0.0,0.0,none,859.7518659362305,9420.75040901052,503.2698722778337,503.2698722778337,0.0,9064.268415352122,0.2154110468670722,0.5181811771623273,0.1728613500867164,0.0702933619006643,0.0232530639832198,0.03529068228896329,0.03682173343755606,0.0327976487527179,0.5718917345599126,3735.345004941316,7.275957614183426e-12,0.0319399999999999,0.04331,0.04331,0.0175,173.80475,-0.0,0.0,0.0,0.0,0.0002855499435146132,0.0,0.0,0.0319399999999999,0.0,0.0,0.0,0.0,False,0.0,0.0,0.0,0.0,0.0,0.0319399999999999,0.04331,0.04331,False,False,1,0.0,,,,331.8908722778337,331.8908722778337,0.0,0.0,0.0,0.15668784534991487,0.0,0.0,0.0,0.0,False,reference
2029Q4,2029-12-31,2029,4,2030,36865.49983791807,25910.199999999983,0.017920813193843088,0.020183196343088072,0.022686563355431177,192.2015,332.8929965122523,64.46253621383114,194.59778355322345,56.43534456629354,10.227440835698735,7.169891343205619,5.3789120614604125,16.215245526594412,0.0,354.4871541003071,546.6886541003071,-5.94,0.0,38308.567359352164,38849.31601345248,1.0538122684964644,0.020854349008696836,0.038462753051914274,0.05931710206061111,38266.55197645785,582.7640369946275,8185.9441057899085,19691.66491048529,6568.991564923981,26260.656475409272,2936.2999538706285,883.6514413880349,0.21391904112045482,23.229279668739938,10412.668260206365,12108.041233142323,0.27210887112620946,0.3164131756786284,8639.477700918402,8639.477700918402,0,0.0,0.0,0.0,0.0,0.0,0.0,0.0,0.0,0.0,0.0,0.0,none,871.454432477134,9510.932133395536,524.5334085737127,524.5334085737127,0.0,9164.011109492114,0.2154110468670722,0.5181811771623273,0.1728613500867164,0.0702933619006643,0.0232530639832198,0.03539385585438404,0.03701387742068795,0.03274895964436569,0.5898729833429391,4089.832159041623,1.4551915228366852e-11,0.03191,0.04335,0.04335,0.0175,192.2015,-0.0,0.0,0.0,0.0,0.0001831963430880719,0.0,0.0,0.03191,0.0,0.0,0.0,0.0,False,0.0,0.0,0.0,0.0,0.0,0.03191,0.04335,0.04335,False,False,1,0.0,,,,338.2719085737127,338.2719085737127,0.0,0.0,0.0,0.15668784534991487,0.0,0.0,0.0,0.0,False,reference
2030Q1,2030-03-31,2030,1,2030,37214.787548312044,26025.99999999998,0.017997333864965714,0.02008187040489151,0.022638322874940497,192.2015,338.64957264314876,65.303369103939,198.2377256742229,57.41799752379118,10.429074621589582,7.261405719606153,5.3789120614604125,16.478982834660115,0.0,360.50746753926927,552.7089675392692,-5.94,0.0,38849.31601345248,39396.08498099174,1.0586137279394099,0.020658615852688668,0.038748840586152515,0.059407456438841176,38813.32094399712,582.7640369946275,8300.174426538251,19966.451198996918,6660.658207617484,26627.1094066144,2990.054802512427,895.9823083320317,0.21384860209499695,22.957501145262068,10395.540672466432,12102.333960104601,0.267834352218042,0.3118087724976379,8772.896782438605,8772.896782438605,0,0.0,0.0,0.0,0.0,0.0,0.0,0.0,0.0,0.0,0.0,0.0,none,883.6514413880349,9656.54822382664,530.2899847046091,530.2899847046091,0.0,9303.186767143214,0.2154110468670722,0.5181811771623273,0.1728613500867164,0.0702933619006643,0.0232530639832198,0.035543904166776275,0.037118539478474745,0.032712444914313785,0.6077876474209483,4450.339626580892,-7.275957614183426e-12,0.0318699999999999,0.04338,0.04338,0.0175,192.2015,-0.0,0.0,0.0,0.0,8.187040489151046e-05,0.0,0.0,0.0318699999999999,0.0,0.0,0.0,0.0,False,0.0,0.0,0.0,0.0,0.0,0.0318699999999999,0.04338,0.04338,False,False,1,0.0,,,,344.0284847046092,344.0284847046092,0.0,0.0,0.0,0.15668784534991487,0.0,0.0,0.0,0.0,False,reference
2030Q2,2030-06-30,2030,2,2030,37564.73739844506,26141.29999999998,0.017838848225115722,0.01995316485744958,0.022612820884429397,192.2015,344.9504698781064,66.13163974344332,202.15810083666332,58.41212226380222,10.890352327020773,7.358254707176812,5.3789120614604125,16.761917727192944,0.0,367.09129966675977,559.2927996667597,-5.94,0.0,39396.08498099174,39949.43778065851,1.0634824185490557,0.020466161971142215,0.03908892488964451,0.05955508686078672,39366.67374366388,582.7640369946275,8415.762030156178,20244.502493854936,6753.41403191378,26997.916525768716,3044.535497296396,908.4596904425849,0.21377884463786342,22.743468365084873,10265.21388267699,11989.732227739958,0.2607589848590952,0.30456553951728577,8941.648434817656,8941.648434817656,0,0.0,0.0,0.0,0.0,0.0,0.0,0.0,0.0,0.0,0.0,0.0,none,895.9823083320317,9837.630743149688,536.5908819395668,536.5908819395668,0.0,9478.239316757223,0.2154110468670722,0.5181811771623273,0.1728613500867164,0.0702933619006643,0.0232530639832198,0.03570805231425164,0.03727185580433975,0.032743076232891376,0.626557543191435,4817.430926247652,1.4551915228366852e-11,0.03185,0.04341,0.04341,0.0175,192.2015,-0.0,0.0,0.0,0.0,-4.68351425504214e-05,0.0,0.0,0.03185,0.0,0.0,0.0,0.0,False,0.0,0.0,0.0,0.0,0.0,0.03185,0.04341,0.04341,False,False,1,0.0,,,,350.3293819395668,350.3293819395668,0.0,0.0,0.0,0.15668784534991487,0.0,0.0,0.0,0.0,False,reference
2030Q3,2030-09-30,2030,3,2030,37917.82965732295,26257.099999999977,0.017837173553037378,0.019938881222312688,0.022609552821165613,192.2015,351.48202524486857,67.01050516511857,206.54632208431295,59.343002443329155,11.12828379202657,7.453911760081408,5.3789120614604125,17.064884430108336,0.0,373.92582173643734,566.1273217364374,-5.94,0.0,39949.43778065851,40509.625102394944,1.068352948164359,0.020275580299504905,0.03944590975968185,0.059721490059186755,39926.86106540031,582.7640369946275,8532.75660295333,20525.9383177616,6847.29890968894,27373.23722745054,3099.7782837684467,921.0889512279912,0.2137096775270325,22.504438659034243,10195.286981441031,11912.900925355403,0.2553490735157247,0.29836808122336583,9057.698282050664,9057.698282050664,0,0.0,0.0,0.0,0.0,0.0,0.0,0.0,0.0,0.0,0.0,0.0,none,908.4596904425849,9966.157972493249,543.122437306329,543.122437306329,0.0,9600.820719356992,0.2154110468670722,0.5181811771623273,0.1728613500867164,0.0702933619006643,0.0232530639832198,0.03592729248282809,0.03743990829502719,0.0327086673499954,0.6448840237031779,5191.356747984089,0.0,0.03182,0.04344,0.04344,0.0175,192.2015,-0.0,0.0,0.0,0.0,-6.111877768731275e-05,0.0,0.0,0.03182,0.0,0.0,0.0,0.0,False,0.0,0.0,0.0,0.0,0.0,0.03182,0.04344,0.04344,False,False,1,0.0,,,,356.860937306329,356.860937306329,0.0,0.0,0.0,0.15668784534991487,0.0,0.0,0.0,0.0,False,reference
2030Q4,2030-12-31,2030,4,2031,38272.713722319015,26372.999999999978,0.01777342391157455,0.019839987430776862,0.02260563078501021,184.328,358.6769749279593,67.87807877649375,211.11631894805117,60.362592215967396,11.767055587377271,7.5529294000695275,5.499835599136797,17.371536194901743,0.0,381.54834672199786,565.8763467219978,-9.2495,0.0,40509.625102394944,41066.25194911694,1.0729903358059727,0.019264690906148917,0.03987680094913104,0.059141491855279955,40483.48791212231,582.7640369946275,8648.9181539226,20805.370269361567,6940.515310708085,27745.88558006965,3155.0558886630856,933.6282894669688,0.2136406372073682,22.047210376234936,10347.037982395092,12774.927173364977,0.2555866234859865,0.3155589558166423,8891.112071650277,8891.112071650276,0,0.0,0.0,0.0,0.0,0.0,0.0,0.0,0.0,0.0,0.0,0.0,none,921.0889512279912,9812.201022878267,539.2553105270961,539.2553105270961,0.0,9430.367382177372,0.2154110468670722,0.5181811771623273,0.1728613500867164,0.0702933619006643,0.0232530639832198,0.03606179736556742,0.03767483364830652,0.032525077829539915,0.6557342799385434,5572.905094706088,-7.275957614183426e-12,0.0318,0.04346,0.04346,0.0175,184.328,-0.0,0.0,0.0,0.0,-0.00016001256922313842,0.0,0.0,0.0318,0.0,0.0,0.0,0.0,False,0.0,0.0,0.0,0.0,0.0,0.0318,0.04346,0.04346,False,False,1,0.0,,,,364.1768105270961,364.1768105270961,0.0,0.0,0.0,0.15668784534991487,0.0,0.0,0.0,0.0,False,reference
2031Q1,2031-03-31,2031,1,2031,38631.20724469732,26489.69999999998,0.01781775002184327,0.01982598390139856,0.02258993228072148,184.328,365.04132770943073,68.75889932368467,215.25390008629537,61.37538841304041,11.999721983505005,7.653417902905477,5.499835599136797,17.66914202716621,0.0,388.2103053357338,572.5383053357338,-9.2495,0.0,41066.25194911694,41629.54075445267,1.0776142845022507,0.019085916609587875,0.04019654916572882,0.05928246577531669,41046.776717458044,582.7640369946275,8766.450656787158,21088.10010877771,7034.8318623414625,28122.931971119175,3211.0784711433207,946.3156184083858,0.2135722060986729,21.695975334576982,10476.140674574652,13654.163294138949,0.25522444177983244,0.33264885542965306,9104.874220919326,9104.874220919324,0,0.0,0.0,0.0,0.0,0.0,0.0,0.0,0.0,0.0,0.0,0.0,none,933.6282894669688,10038.502510386294,545.6196633085675,545.6196633085675,0.0,9650.493884227892,0.2154110468670722,0.5181811771623273,0.1728613500867164,0.0702933619006643,0.0232530639832198,0.03622517129563148,0.03781307393883864,0.032454475780835386,0.6686168001418863,5961.115400041822,-7.275957614183426e-12,0.03179,0.04348,0.04348,0.0175,184.328,-0.0,0.0,0.0,0.0,-0.00017401609860144204,0.0,0.0,0.03179,0.0,0.0,0.0,0.0,False,0.0,0.0,0.0,0.0,0.0,0.03179,0.04348,0.04348,False,False,1,0.0,,,,370.54116330856755,370.54116330856755,0.0,0.0,0.0,0.15668784534991487,0.0,0.0,0.0,0.0,False,reference
2031Q2,2031-06-30,2031,2,2031,38992.312000821,26606.499999999975,0.017754036595319045,0.019811706497828263,0.02259593162071094,184.328,371.79485952377104,69.67136659481594,219.39406673328338,62.354194502999576,12.624906777907418,7.750324914764679,5.499835599136797,17.987619271319204,0.0,395.28231439422706,579.6103143942271,-9.2495,0.0,41629.54075445267,42199.90156884689,1.08226210253853,0.018909163426484573,0.04054976933769962,0.059458932764184194,41617.13753185227,582.7640369946275,8885.437945009893,21374.329501259417,7130.315838602121,28504.645339861538,3267.8942593236407,959.1599876571943,0.2135043030820968,21.266853636909257,10613.100808304189,14570.664334571306,0.25501755857623076,0.35011212204153735,9161.00759303633,9161.00759303633,0,0.0,0.0,0.0,0.0,0.0,0.0,0.0,0.0,0.0,0.0,0.0,none,946.3156184083858,10107.323211444715,552.3731951229078,552.3731951229078,0.0,9713.380788159237,0.2154110468670722,0.5181811771623273,0.1728613500867164,0.0702933619006643,0.0232530639832198,0.036338203938366266,0.037980944034502515,0.032520945440814214,0.6797879901456688,6356.397714436049,0.0,0.03176,0.04351,0.04351,0.0175,184.328,-0.0,0.0,0.0,0.0,-0.00018829350217173732,0.0,0.0,0.03176,0.0,0.0,0.0,0.0,False,0.0,0.0,0.0,0.0,0.0,0.03176,0.04351,0.04351,False,False,1,0.0,,,,377.29469512290785,377.29469512290785,0.0,0.0,0.0,0.15668784534991487,0.0,0.0,0.0,0.0,False,reference
2031Q3,2031-09-30,2031,3,2031,39355.30429460343,26722.899999999972,0.017614655473791707,0.019797160110517797,0.022579104221777335,184.328,378.12544461093876,70.55037728337855,223.47950868692098,63.3928214547749,12.866400086705209,7.836337099159278,5.499835599136797,18.292367255338057,0.0,401.9176474654136,586.2456474654136,-9.2495,0.0,42199.90156884689,42776.897716312305,1.0869410993775002,0.018734755408843413,0.04085016286056528,0.0595849182694087,42194.13367931768,582.7640369946275,9005.788911193536,21663.83928377372,7226.894128347787,28890.733412121506,3325.459793596554,972.151562406086,0.21343699054562906,20.898793478900718,10726.498320520757,15500.21430619239,0.25421776406274627,0.3673547233839793,9341.205223320374,9341.205223320374,0,0.0,0.0,0.0,0.0,0.0,0.0,0.0,0.0,0.0,0.0,0.0,none,959.1599876571943,10300.365210977568,558.7037802100755,558.7037802100755,0.0,9899.909003530449,0.2154110468670722,0.5181811771623273,0.1728613500867164,0.0702933619006643,0.0232530639832198,0.03650154149675535,0.038096548335280485,0.032340647732791855,0.6921490226467863,6758.315361901462,-7.275957614183426e-12,0.03168,0.04352,0.04352,0.0175,184.328,-0.0,0.0,0.0,0.0,-0.00020283988948220297,0.0,0.0,0.03168,0.0,0.0,0.0,0.0,False,0.0,0.0,0.0,0.0,0.0,0.03168,0.04352,0.04352,False,False,1,0.0,,,,383.6252802100756,383.6252802100756,0.0,0.0,0.0,0.15668784534991487,0.0,0.0,0.0,0.0,False,reference
2031Q4,2031-12-31,2031,4,2032,39720.68513087373,26839.599999999966,0.017582923791722438,0.019727225080271582,0.0225727995952707,192.24275,385.09619523571445,71.32584817665281,227.8381677110595,64.44359324720774,13.563120488278805,7.925465612515615,5.6120176762582625,18.60944171624964,0.0,409.3176546282224,601.5604046282224,-11.316,0.0,42776.897716312305,43367.14212094054,1.0918024696213642,0.019359459623275763,0.04121959661869696,0.060579056241972726,42784.37808394591,582.7640369946275,9128.925396980225,21960.049761762588,7325.7077197935205,29285.75748155611,3384.2513786358486,985.4438267737236,0.21337052928684958,20.473445241482754,11559.926269860614,16431.473632447956,0.2701903542264712,0.38405311397090475,9399.041676673247,9399.041676673245,0,0.0,0.0,0.0,0.0,0.0,0.0,0.0,0.0,0.0,0.0,0.0,none,972.151562406086,10371.193239079332,571.6349629119726,571.6349629119726,0.0,9970.676639585217,0.2154110468670722,0.5181811771623273,0.1728613500867164,0.0702933619006643,0.0232530639832198,0.036604605568437136,0.03827464603372913,0.032374091811304344,0.7027715269054535,7167.633016529684,7.275957614183426e-12,0.03161,0.04354,0.04354,0.0175,192.24275,-0.0,0.0,0.0,0.0,-0.00027277491972841836,0.0,0.0,0.03161,0.0,0.0,0.0,0.0,False,0.0,0.0,0.0,0.0,0.0,0.03161,0.04354,0.04354,False,False,1,0.0,,,,390.70821291197274,390.70821291197274,0.0,0.0,0.0,0.15668784534991487,0.0,0.0,0.0,0.0,False,reference
2032Q1,2032-03-31,2032,1,2032,40089.031498890115,26956.799999999967,0.017581469158450158,0.01968526656714742,0.02257678241908323,192.24275,391.5884365374138,72.14133294963622,232.0930607606108,65.51917919009456,13.81581449670112,8.01904914037115,5.6120176762582625,18.941756179157295,0.0,416.14221039282944,608.3849603928295,-11.316,0.0,43367.14212094054,43964.21108133337,1.096664335294569,0.01918158087758467,0.0415218023318274,0.06070338320941208,43381.44704433874,582.7640369946275,9253.460383262225,22259.624396991592,7425.643568835754,29685.26796582735,3443.8316396054165,998.8870556437441,0.21330455790938854,20.114857998233727,12434.484560842646,17387.566634533167,0.2866313921740271,0.40080651566928854,9597.272267685054,9597.272267685054,0,0.0,0.0,0.0,0.0,0.0,0.0,0.0,0.0,0.0,0.0,0.0,none,985.4438267737236,10582.716094458778,578.127204213672,578.127204213672,0.0,10175.399471898725,0.2154110468670722,0.5181811771623273,0.1728613500867164,0.0702933619006643,0.0232530639832198,0.03671816585815356,0.03838318044867322,0.0322148941492938,0.7147342273833893,7583.775226922514,0.0,0.0315499999999999,0.04356,0.04356,0.0175,192.24275,-0.0,0.0,0.0,0.0,-0.00031473343285258124,0.0,0.0,0.0315499999999999,0.0,0.0,0.0,0.0,False,0.0,0.0,0.0,0.0,0.0,0.0315499999999999,0.04356,0.04356,False,False,1,0.0,,,,397.2004542136721,397.2004542136721,0.0,0.0,0.0,0.15668784534991487,0.0,0.0,0.0,0.0,False,reference
2032Q2,2032-06-30,2032,2,2032,40460.63202228239,27074.499999999967,0.017579698909776065,0.01967074272996472,0.02256916678199805,192.24275,398.2870860121586,72.98666877298058,236.15154562664335,66.60748058616448,14.427930916904021,8.113460109466311,5.6120176762582625,19.26878079452984,0.0,423.16788448294676,615.4106344829468,-11.316,0.0,43964.21108133337,44568.305715816314,1.101522726863776,0.019005412460599082,0.04183502464814694,0.060840437108746016,43985.54167882168,582.7640369946275,9379.438332640177,22562.67014629082,7526.737355469951,30089.407501760772,3504.2097957821316,1012.486048638602,0.21323912300837305,19.703553757606066,13339.782268575565,18383.985738709463,0.3032765258634624,0.4179551970269597,9665.493152054001,9665.493152054001,0,0.0,0.0,0.0,0.0,0.0,0.0,0.0,0.0,0.0,0.0,0.0,none,998.8870556437441,10664.380207697744,584.8258536884168,584.8258536884168,0.0,10250.319005742418,0.2154110468670722,0.5181811771623273,0.1728613500867164,0.0702933619006643,0.0232530639832198,0.03676995110376133,0.03850112389826263,0.03223726518601278,0.7250488377388324,8006.9431114054605,-7.275957614183426e-12,0.03149,0.0435799999999999,0.0435799999999999,0.0175,192.24275,-0.0,0.0,0.0,0.0,-0.0003292572700352818,0.0,0.0,0.03149,0.0,0.0,0.0,0.0,False,0.0,0.0,0.0,0.0,0.0,0.03149,0.0435799999999999,0.0435799999999999,False,False,1,0.0,,,,403.8991036884169,403.8991036884169,0.0,0.0,0.0,0.15668784534991487,0.0,0.0,0.0,0.0,False,reference
2032Q3,2032-09-30,2032,3,2032,40836.05204124299,27192.699999999968,0.017577617243731636,0.01971028327301072,0.022571739816290792,192.24275,404.40538258037236,73.83962827370978,240.0023681927564,67.70889739154406,14.643226867902882,8.211261854459064,5.6120176762582625,19.608822788375058,0.0,429.6262230450057,621.8689730450058,-11.316,0.0,44568.305715816314,45178.85868886132,1.1063473678413438,0.018830689098529065,0.042083032180593574,0.060913721279122646,44596.09465186669,582.7640369946275,9506.73423068693,22868.886281707993,7628.888759109159,30497.775040817152,3565.3580695875758,1026.2273107750289,0.21317414237502075,19.331521887931945,14283.156652826963,19431.903594202256,0.320278193961298,0.43573105999291534,9828.84732866728,9828.84732866728,0,0.0,0.0,0.0,0.0,0.0,0.0,0.0,0.0,0.0,0.0,0.0,none,1012.486048638602,10841.333377305882,590.9441502566306,590.9441502566306,0.0,10419.791478923911,0.2154110468670722,0.5181811771623273,0.1728613500867164,0.0702933619006643,0.0232530639832198,0.03682916628612905,0.0385589010975161,0.03209665104529116,0.7359551305630314,8436.569334450467,0.0,0.03144,0.0436,0.0436,0.0175,192.24275,-0.0,0.0,0.0,0.0,-0.00028971672698928017,0.0,0.0,0.03144,0.0,0.0,0.0,0.0,False,0.0,0.0,0.0,0.0,0.0,0.03144,0.0436,0.0436,False,False,1,0.0,,,,410.01740025663065,410.01740025663065,0.0,0.0,0.0,0.15668784534991487,0.0,0.0,0.0,0.0,False,reference
2032Q4,2032-12-31,2032,4,2033,41216.34791573707,27311.899999999965,0.017649746885700424,0.0197758101815233,0.02257356533731114,249.09275,410.68251003075045,74.72293105319928,243.81590223021706,68.82234769121143,15.008887838844982,8.312441217277733,5.6542680689403735,19.952595843997877,0.0,436.2893739436887,685.3821239436887,-14.7595,0.0,45178.85868886132,45849.481312805,1.1124100904461487,0.02417416996860048,0.04234139083216603,0.06651556080076651,45266.71727581038,582.7640369946275,9646.895742604913,23206.051242812937,7741.364458627433,30947.415701440368,3631.0484491947,1041.357382570394,0.21311233336904728,19.363964888411783,14521.16471009781,19583.04346225016,0.3207912034270183,0.43261461490415926,10609.494410914582,10609.494410914582,0,0.0,0.0,0.0,0.0,0.0,0.0,0.0,0.0,0.0,0.0,0.0,none,1026.2273107750289,11635.72172168961,650.6700280996909,650.6700280996909,0.0,11260.164439014272,0.2154110468670722,0.5181811771623273,0.1728613500867164,0.0702933619006643,0.0232530639832198,0.03690757200523714,0.038627746393359357,0.032909040536293004,0.761397367256564,8872.858708394157,-7.275957614183426e-12,0.0314,0.04362,0.04362,0.0175,249.09275,-0.0,0.0,0.0,0.0,-0.00022418981847669925,0.0,0.0,0.0314,0.0,0.0,0.0,0.0,False,0.0,0.0,0.0,0.0,0.0,0.0314,0.04362,0.04362,False,False,1,0.0,,,,416.33677809969083,416.33677809969083,0.0,0.0,0.0,0.15668784534991487,0.0,0.0,0.0,0.0,False,reference
2033Q1,2033-03-31,2033,1,2033,41600.43694465073,27431.899999999965,0.017690923464234398,0.019759214646802636,0.022564008293708637,249.09275,417.748424055428,75.72813157944856,248.2501446088852,70.04889519445821,15.294068054185129,8.427184618450916,5.6542680689403735,20.311683391433622,0.0,443.71437551580203,692.807125515802,-14.7595,0.0,45849.481312805,46527.528938320815,1.1184384673705607,0.02395097439302546,0.04266439567508993,0.06661537006811538,45944.76490132618,582.7640369946275,9788.579330460023,23546.877627564914,7855.06158158361,31401.939209148524,3697.5946032009565,1056.6517585166755,0.2130510266290965,19.471185286230845,14744.391401453591,19752.279432434254,0.3209155914307007,0.42991360332032325,10865.897057496995,10865.897057496997,0,0.0,0.0,0.0,0.0,0.0,0.0,0.0,0.0,0.0,0.0,0.0,none,1041.357382570394,11907.25444006739,657.7359421243684,657.7359421243684,0.0,11523.632999621366,0.2154110468670722,0.5181811771623273,0.1728613500867164,0.0702933619006643,0.0232530639832198,0.03700490038936854,0.03871052520647643,0.03282900936657372,0.7885640782582016,9316.573083909958,1.4551915228366852e-11,0.03137,0.04364,0.04364,0.0175,249.09275,-0.0,0.0,0.0,0.0,-0.00024078535319736402,0.0,0.0,0.03137,0.0,0.0,0.0,0.0,False,0.0,0.0,0.0,0.0,0.0,0.03137,0.04364,0.04364,False,False,1,0.0,,,,423.4026921243684,423.4026921243684,0.0,0.0,0.0,0.15668784534991487,0.0,0.0,0.0,0.0,False,reference
2033Q2,2033-06-30,2033,2,2033,41988.19529528469,27552.599999999962,0.017716447921211298,0.01974238719039123,0.022564493843014066,249.09275,425.12191306230386,76.76693339913274,252.86479771461472,71.2893308059101,15.660463304435368,8.540387838211029,5.6542680689403735,20.68437660844986,0.0,451.4605577396941,700.5533077396941,-14.7595,0.0,46527.528938320815,47213.3227460605,1.1244427728800859,0.02372978864637922,0.04300833170511555,0.06673812035149478,46630.558709065874,582.7640369946275,9931.851249301168,23891.52481553027,7970.033295804365,31861.558111334634,3765.031757755461,1072.1175906746134,0.21299018335309428,19.532913736964627,14978.799849403902,19889.8422731702,0.3212228260625952,0.4265409384705321,10979.171337482625,10979.171337482627,0,0.0,0.0,0.0,0.0,0.0,0.0,0.0,0.0,0.0,0.0,0.0,none,1056.6517585166755,12035.823095999302,665.1094311312443,665.1094311312443,0.0,11644.280768613871,0.2154110468670722,0.5181811771623273,0.1728613500867164,0.0702933619006643,0.0232530639832198,0.0370857010812182,0.03881233910686918,0.03290176334016603,0.8144116185881942,9768.033641649652,-1.4551915228366852e-11,0.03133,0.04365,0.04365,0.0175,249.09275,-0.0,0.0,0.0,0.0,-0.00025761280960876973,0.0,0.0,0.03133,0.0,0.0,0.0,0.0,False,0.0,0.0,0.0,0.0,0.0,0.03133,0.04365,0.04365,False,False,1,0.0,,,,430.77618113124424,430.77618113124424,0.0,0.0,0.0,0.15668784534991487,0.0,0.0,0.0,0.0,False,reference
2033Q3,2033-09-30,2033,3,2033,42379.52583009044,27674.099999999962,0.017756007302464516,0.019698696995388953,0.022564267205522626,249.09275,432.4151278982493,77.79122491015139,257.46615870158075,72.54395963734409,15.9537548104988,8.66002983867419,5.6542680689403735,21.06141085788498,0.0,459.13080682507467,708.2235568250746,-14.7595,0.0,47213.3227460605,47906.786802885574,1.1304229073953125,0.02351066890164575,0.04333515279673858,0.06684582169838432,47324.02276589095,582.7640369946275,10076.69420718515,24239.95121014461,8086.265724988133,32326.216935132743,3833.358611149281,1087.7530124237749,0.21292978952854327,19.642717744834446,15228.364324512686,19951.78853090527,0.32178930349700985,0.4215995886403307,11197.965295432443,11197.965295432443,0,0.0,0.0,0.0,0.0,0.0,0.0,0.0,0.0,0.0,0.0,0.0,none,1072.1175906746134,12270.082886107057,672.4026459671896,672.4026459671896,0.0,11870.367941399632,0.2154110468670722,0.5181811771623273,0.1728613500867164,0.0702933619006643,0.0232530639832198,0.037141509671601736,0.03889841088241431,0.03280694983444911,0.8411220479371659,10227.164448474727,0.0,0.03131,0.04367,0.04367,0.0175,249.09275,-0.0,0.0,0.0,0.0,-0.00030130300461104695,0.0,0.0,0.03131,0.0,0.0,0.0,0.0,False,0.0,0.0,0.0,0.0,0.0,0.03131,0.04367,0.04367,False,False,1,0.0,,,,438.0693959671897,438.0693959671897,0.0,0.0,0.0,0.15668784534991487,0.0,0.0,0.0,0.0,False,reference
2033Q4,2033-12-31,2033,4,2034,42774.423913041785,27796.199999999968,0.017765412373738743,0.019681678339410258,0.022563340221916306,228.68725,439.5035194057765,78.87532390674176,261.80996209941856,73.81292718295788,16.227139406398464,8.778166810259863,5.687777001067564,21.44275444506103,0.0,466.6340508519051,695.3213008519051,-17.2085,0.0,47906.786802885574,48584.89960373749,1.135839951988789,0.021385419517505087,0.043636735054625,0.06502215457213009,48002.13556674286,582.7640369946275,10218.148189327898,24580.22526779895,8199.778595771528,32780.00386357048,3900.9609108157456,1103.0226030287372,0.21286861654562095,19.67942948546002,15282.966143242564,19820.14767398725,0.318380962905138,0.41290137282390343,11276.614803033754,11276.614803033754,0,0.0,0.0,0.0,0.0,0.0,0.0,0.0,0.0,0.0,0.0,0.0,none,1087.7530124237749,12364.367815457528,656.6700464068442,656.6700464068442,0.0,11933.284849440597,0.2154110468670722,0.5181811771623273,0.1728613500867164,0.0702933619006643,0.0232530639832198,0.037185979214486325,0.038961832507940046,0.0328272673473917,0.845618564311454,10693.798499326631,7.275957614183426e-12,0.03128,0.04369,0.04369,0.0175,228.68725,-0.0,0.0,0.0,0.0,-0.0003183216605897425,0.0,0.0,0.03128,0.0,0.0,0.0,0.0,False,0.0,0.0,0.0,0.0,0.0,0.03128,0.04369,0.04369,False,False,1,0.0,,,,445.19129640684406,445.19129640684406,0.0,0.0,0.0,0.15668784534991487,0.0,0.0,0.0,0.0,False,reference
2034Q1,2034-03-31,2034,1,2034,43170.439807305294,27917.299999999963,0.01754105922100746,0.019664438509282567,0.022572136924965847,228.68725,446.33802407605197,79.90591884054416,265.9624336811459,75.0527715140895,16.52102274684572,8.895877293426738,5.687777001067564,21.82933963159045,0.0,473.85514070871,702.54239070871,-17.2085,0.0,48584.89960373749,49270.23349444619,1.1412956114037247,0.021189244401564014,0.04390551894525979,0.0650947633468238,48687.46945745157,582.7640369946275,10361.074399276487,24924.04083712865,8314.472888259399,33238.51372538805,3969.4302159789354,1118.4511168080908,0.21280782334212556,19.77721031436726,15372.066793035056,19691.291425271596,0.3157294261610546,0.4044426963385312,11519.44785721845,11519.44785721845,0,0.0,0.0,0.0,0.0,0.0,0.0,0.0,0.0,0.0,0.0,0.0,none,1103.0226030287372,12622.470460247188,663.5045510771197,663.5045510771197,0.0,12182.95240829557,0.2154110468670722,0.5181811771623273,0.1728613500867164,0.0702933619006643,0.0232530639832198,0.03722469625295677,0.03901254460324193,0.03274159867022558,0.8515275060116088,11167.653640035342,-7.275957614183426e-12,0.0312599999999999,0.04371,0.04371,0.0175,228.68725,-0.0,0.0,0.0,0.0,-0.00033556149071743355,0.0,0.0,0.0312599999999999,0.0,0.0,0.0,0.0,False,0.0,0.0,0.0,0.0,0.0,0.0312599999999999,0.04371,0.04371,False,False,1,0.0,,,,452.0258010771195,452.0258010771195,0.0,0.0,0.0,0.15668784534991487,0.0,0.0,0.0,0.0,False,reference
2034Q2,2034-06-30,2034,2,2034,43571.60204462971,28039.99999999996,0.017696739357757174,0.019646981729401825,0.022559374014152977,228.68725,453.18180846025876,80.97179643034549,270.10725348274235,76.30609339525071,16.781949150447073,9.01471600147321,5.687777001067564,22.200031017248385,0.0,481.0696164785747,709.7568664785747,-17.2085,0.0,49270.23349444619,49962.78186092478,1.1466822314623337,0.020994155759134974,0.044163592239351,0.06515774799848598,49380.017823930146,582.7640369946275,10505.47483598381,25271.402726706812,8430.350206555628,33701.75293326244,4038.751285140276,1134.038769543618,0.21274748975268154,19.83372579881568,15419.638811294115,19507.208424063898,0.3122647477826866,0.39504255534331684,11642.111018412828,11642.111018412828,0,0.0,0.0,0.0,0.0,0.0,0.0,0.0,0.0,0.0,0.0,0.0,none,1118.4511168080908,12760.56213522092,670.3483354613264,670.3483354613264,0.0,12312.459353874154,0.2154110468670722,0.5181811771623273,0.1728613500867164,0.0702933619006643,0.0232530639832198,0.03725891626155001,0.039055598673613065,0.03283045302211096,0.8561696600490522,11648.723256513917,1.4551915228366852e-11,0.03124,0.04373,0.04373,0.0175,228.68725,-0.0,0.0,0.0,0.0,-0.0003530182705981759,0.0,0.0,0.03124,0.0,0.0,0.0,0.0,False,0.0,0.0,0.0,0.0,0.0,0.03124,0.04373,0.04373,False,False,1,0.0,,,,458.8695854613263,458.8695854613263,0.0,0.0,0.0,0.15668784534991487,0.0,0.0,0.0,0.0,False,reference
2034Q3,2034-09-30,2034,3,2034,43977.58425017203,28163.69999999996,0.01776333439337474,0.01968155262857385,0.022566712808094413,228.68725,460.0536930454889,82.04775846903357,274.2123504525082,77.57292217752422,17.083144560825186,9.137517385597702,5.687777001067564,22.5950133539232,0.0,488.33648340047966,717.0237334004796,-17.2085,0.0,49962.78186092478,50662.59709432525,1.1520095511869108,0.02080034671291481,0.04441685387924139,0.0652172005921562,50079.83305733062,582.7640369946275,10651.355552543588,25622.32549752866,8547.4154080989,34169.740905627565,4108.95038450838,1149.7862146510906,0.21268752114948306,19.94610262172013,15377.558343748457,19230.02775828682,0.3070608946747978,0.38398745731186,11877.142505721233,11877.142505721231,0,0.0,0.0,0.0,0.0,0.0,0.0,0.0,0.0,0.0,0.0,0.0,none,1134.038769543618,13011.18127526485,677.2202200465565,677.2202200465565,0.0,12554.362725767787,0.2154110468670722,0.5181811771623273,0.1728613500867164,0.0702933619006643,0.0232530639832198,0.03730378441901439,0.03909602029445051,0.03274315722955823,0.8620052531864724,12137.059739914395,-7.275957614183426e-12,0.03123,0.04375,0.04375,0.0175,228.68725,-0.0,0.0,0.0,0.0,-0.00031844737142614973,0.0,0.0,0.03123,0.0,0.0,0.0,0.0,False,0.0,0.0,0.0,0.0,0.0,0.03123,0.04375,0.04375,False,False,1,0.0,,,,465.74147004655646,465.74147004655646,0.0,0.0,0.0,0.15668784534991487,0.0,0.0,0.0,0.0,False,reference
2034Q4,2034-12-31,2034,4,2035,44387.20338625174,28287.799999999956,0.0177423648279893,0.01968916041410429,0.02257322550837304,189.9905,467.13274474597466,83.16045847648407,278.48934364112586,78.85332281940374,17.37096631548301,9.258653493477908,5.709630652454863,22.9943250622723,0.0,495.8367004607018,685.8272004607018,-17.416,0.0,50662.59709432525,51331.00829478595,1.1564370894942424,0.017121195795709594,0.04468285114932739,0.06180404694503698,50748.244257791324,582.7640369946275,10790.385477338838,25956.768373783052,8658.983040549021,34615.75141433207,4177.313231569828,1164.79413455058,0.21262578903273488,19.87818230041135,15332.425111706523,19190.844554185565,0.3021272033337893,0.3781578029911688,11763.68304699446,11763.68304699446,0,0.0,0.0,0.0,0.0,0.0,0.0,0.0,0.0,0.0,0.0,0.0,none,1149.7862146510906,12913.46926164555,645.4168753984295,645.4168753984295,0.0,12409.099922392888,0.2154110468670722,0.5181811771623273,0.1728613500867164,0.0702933619006643,0.0232530639832198,0.037325509499468765,0.03914814706696044,0.032611553476163936,0.8664438934921588,12632.896440375098,0.0,0.03121,0.0437699999999999,0.0437699999999999,0.0175,189.9905,-0.0,0.0,0.0,0.0,-0.0003108395858957107,0.0,0.0,0.03121,0.0,0.0,0.0,0.0,False,0.0,0.0,0.0,0.0,0.0,0.03121,0.0437699999999999,0.0437699999999999,False,False,1,0.0,,,,472.8423753984295,472.8423753984295,0.0,0.0,0.0,0.15668784534991487,0.0,0.0,0.0,0.0,False,reference
2035Q1,2035-03-31,2035,1,2035,44800.92530649948,28412.399999999954,0.017735654711652504,0.019722056747187633,0.02256874260208286,189.9905,473.64640832577754,84.19198268693629,282.3359255892643,80.07415163748921,17.667755628955234,9.376592783132173,5.709630652454863,23.372290273265083,0.0,502.7283292514975,692.7188292514975,-17.416,0.0,51331.00829478595,52006.31112403744,1.160831183022299,0.0169630871416343,0.04488553089581517,0.06184861803744947,51423.54708704282,582.7640369946275,10930.818517224754,26294.586507898865,8771.676633679559,35066.26314157843,4246.511911153587,1179.953517086056,0.21256445998800014,19.892383030316644,15256.66864188335,19092.540823424664,0.29668643075241247,0.3712801217525387,12038.743622223179,12038.74362222318,0,0.0,0.0,0.0,0.0,0.0,0.0,0.0,0.0,0.0,0.0,0.0,none,1164.79413455058,13203.537756773761,651.9305389782323,651.9305389782323,0.0,12690.674161201414,0.2154110468670722,0.5181811771623273,0.1728613500867164,0.0702933619006643,0.0232530639832198,0.037341936312490144,0.03917541041581785,0.032555639893990955,0.872212756150289,13135.624769626595,-7.275957614183426e-12,0.0312,0.0437899999999999,0.0437899999999999,0.0175,189.9905,-0.0,0.0,0.0,0.0,-0.0002779432528123675,0.0,0.0,0.0312,0.0,0.0,0.0,0.0,False,0.0,0.0,0.0,0.0,0.0,0.0312,0.0437899999999999,0.0437899999999999,False,False,1,0.0,,,,479.3560389782324,479.3560389782324,0.0,0.0,0.0,0.15668784534991487,0.0,0.0,0.0,0.0,False,reference
2035Q2,2035-06-30,2035,2,2035,45218.33639157957,28537.399999999954,0.017714424126451522,0.01972826196496369,0.022573755489187608,189.9905,480.160351472469,85.26038443435307,286.1999752998175,81.30786474828577,17.896451061262617,9.495675928750034,5.709630652454863,23.764694049647908,0.0,509.6346761745718,699.6251761745718,-17.416,0.0,52006.31112403744,52688.520300212025,1.1652025373941783,0.016806500650950927,0.045082125247710304,0.06188862589866124,52105.756263217394,582.7640369946275,11072.65473242313,26635.780044742405,8885.496235816821,35521.27628055923,4316.5608814767365,1195.2643687583052,0.21250348380874692,19.84617130602467,15169.146019556361,19059.52126089834,0.2911222695421196,0.3657853302160567,12114.239973764365,12114.239973764365,0,0.0,0.0,0.0,0.0,0.0,0.0,0.0,0.0,0.0,0.0,0.0,none,1179.953517086056,13294.19349085042,658.4444821249238,658.4444821249238,0.0,12772.684455889288,0.2154110468670722,0.5181811771623273,0.1728613500867164,0.0702933619006643,0.0232530639832198,0.03736516278847409,0.03919791003511629,0.032634062681467964,0.8764660861822213,13645.259445801166,7.275957614183426e-12,0.03119,0.04381,0.04381,0.0175,189.9905,-0.0,0.0,0.0,0.0,-0.0002717380350363112,0.0,0.0,0.03119,0.0,0.0,0.0,0.0,False,0.0,0.0,0.0,0.0,0.0,0.03119,0.04381,0.04381,False,False,1,0.0,,,,485.86998212492387,485.86998212492387,0.0,0.0,0.0,0.15668784534991487,0.0,0.0,0.0,0.0,False,reference
2035Q3,2035-09-30,2035,3,2035,45639.620134528195,28662.899999999958,0.017707331988727093,0.01973390522034224,0.022567910616891007,189.9905,486.83328894602835,86.33902527606936,290.12368225361274,82.55447394069414,18.20020562899155,9.615901846660563,5.709630652454863,24.15050537362299,0.0,516.6934249721062,706.6839249721062,-17.416,0.0,52688.520300212025,53377.78822518412,1.1695493535626886,0.016651365584549604,0.04528463851794481,0.06193600410249441,52795.0241881895,582.7640369946275,11215.928372068365,26980.431372181116,9000.469330934808,35980.90070311593,4387.464726332632,1210.7303866725824,0.2124429062119347,19.80448693008334,15078.462709686672,19031.94122894528,0.28560386024143153,0.36048740428842946,12256.763826173914,12256.763826173912,0,0.0,0.0,0.0,0.0,0.0,0.0,0.0,0.0,0.0,0.0,0.0,none,1195.2643687583052,13452.028194932218,665.1174195984831,665.1174195984831,0.0,12921.881245772394,0.2154110468670722,0.5181811771623273,0.1728613500867164,0.0702933619006643,0.0232530639832198,0.0373890022345888,0.039226261965836756,0.032503730292093996,0.8807995296090116,14161.952870773272,-1.4551915228366852e-11,0.03118,0.04382,0.04382,0.0175,189.9905,-0.0,0.0,0.0,0.0,-0.00026609477965775993,0.0,0.0,0.03118,0.0,0.0,0.0,0.0,False,0.0,0.0,0.0,0.0,0.0,0.03118,0.04382,0.04382,False,False,1,0.0,,,,492.5429195984832,492.5429195984832,0.0,0.0,0.0,0.15668784534991487,0.0,0.0,0.0,0.0,False,reference
2035Q4,2035-12-31,2035,4,2036,46065.09112612179,28788.899999999954,0.01769999094559438,0.019764486694536787,0.022571471840996393,242.76275,493.5881922398168,87.4281616602729,294.11683561602854,83.81400419771168,18.491891630989606,9.737299134814242,5.7387688543045945,24.55104300793973,0.0,523.8780041020611,766.6407541020611,-16.55475,0.0,53377.78822518412,54127.874229286186,1.1750302214987325,0.021079975666201456,0.04549023925017177,0.06657021491637322,53545.110192291555,582.7640369946275,11372.21661757631,27356.389932393293,9125.886283844651,36482.276216237944,4463.016060932345,1227.6012975449667,0.21238571695410338,19.64239023891532,15240.79076708634,19048.939093301484,0.2846345952478856,0.3557549704332068,12145.498565468668,12145.498565468668,0,0.0,0.0,0.0,0.0,0.0,0.0,0.0,0.0,0.0,0.0,0.0,none,1210.7303866725824,13356.22895214125,725.5349610941214,725.5349610941214,0.0,12871.03352656279,0.2154110468670722,0.5181811771623273,0.1728613500867164,0.0702933619006643,0.0232530639832198,0.03740781557768157,0.039258127511165086,0.0322019722593386,0.884154065468625,14685.830874875333,7.275957614183426e-12,0.03117,0.04384,0.04384,0.0175,242.76275,-0.0,0.0,0.0,0.0,-0.00023551330546321345,0.0,0.0,0.03117,0.0,0.0,0.0,0.0,False,0.0,0.0,0.0,0.0,0.0,0.03117,0.04384,0.04384,False,False,1,0.0,,,,499.3269610941214,499.3269610941214,0.0,0.0,0.0,0.15668784534991487,0.0,0.0,0.0,0.0,False,reference
2036Q1,2036-03-31,2036,1,2036,46494.040876359606,28915.29999999995,0.017678326506116004,0.019743412449576114,0.022574269177581208,242.76275,500.85306973806405,88.61799799246339,298.35682845369416,85.18857400160356,18.81975485804156,9.869914432261535,5.7387688543045945,24.976876769482605,0.0,531.5687153618512,774.3314653618512,-16.55475,0.0,54127.874229286186,54885.650944648034,1.180487862747917,0.020885493747086658,0.045732201834246936,0.0666176955813336,54302.88690765341,582.7640369946275,11530.069797951513,27736.113015379447,9252.559053287056,36988.67206866651,4539.503901956749,1244.6411390786486,0.2123288549568158,19.565703955516383,15375.777810883383,19051.92490970535,0.28314844175837606,0.3508455258024263,12406.600223974126,12406.600223974128,0,0.0,0.0,0.0,0.0,0.0,0.0,0.0,0.0,0.0,0.0,0.0,none,1227.6012975449667,13634.201521519095,732.7998385923686,732.7998385923686,0.0,13139.400062566498,0.2154110468670722,0.5181811771623273,0.1728613500867164,0.0702933619006643,0.0232530639832198,0.03742381264418497,0.03928243796237932,0.032151104680632765,0.8890409139789222,15217.399590237184,0.0,0.03116,0.04385,0.04385,0.0175,242.76275,-0.0,0.0,0.0,0.0,-0.0002565875504238861,0.0,0.0,0.03116,0.0,0.0,0.0,0.0,False,0.0,0.0,0.0,0.0,0.0,0.03116,0.04385,0.04385,False,False,1,0.0,,,,506.5918385923686,506.5918385923686,0.0,0.0,0.0,0.15668784534991487,0.0,0.0,0.0,0.0,False,reference
2036Q2,2036-06-30,2036,2,2036,46926.90943172654,29041.99999999995,0.017642589134278408,0.019772661061247865,0.022576315037704076,242.76275,508.16186030928066,89.8192437260423,302.63218019222234,86.55181241448275,19.151709218341033,10.006914758192334,5.7387688543045945,25.407217489929266,0.0,539.3078466535145,782.0705966535145,-16.55475,0.0,54885.650944648034,55651.166791301555,1.1859116115939372,0.020692839391282986,0.04597002898204049,0.06666286837332347,55068.402754306924,582.7640369946275,11689.497372554995,28119.623376067433,9380.495230135102,37500.11860620254,4616.93584316228,1261.8509323871224,0.21227231566364532,19.403866501107856,15589.631884809096,19168.68508038528,0.2830957700800542,0.34808863380164207,12484.761538909113,12484.761538909113,0,0.0,0.0,0.0,0.0,0.0,0.0,0.0,0.0,0.0,0.0,0.0,none,1244.6411390786486,13729.402677987762,740.1086291635852,740.1086291635852,0.0,13224.870168072699,0.2154110468670722,0.5181811771623273,0.1728613500867164,0.0702933619006643,0.0232530639832198,0.03744315759312348,0.03930410497981736,0.03217310398203478,0.8924093483036848,15756.7074368907,7.275957614183426e-12,0.03116,0.0438699999999999,0.0438699999999999,0.0175,242.76275,-0.0,0.0,0.0,0.0,-0.0002273389387521356,0.0,0.0,0.03116,0.0,0.0,0.0,0.0,False,0.0,0.0,0.0,0.0,0.0,0.03116,0.0438699999999999,0.0438699999999999,False,False,1,0.0,,,,513.9006291635852,513.9006291635852,0.0,0.0,0.0,0.15668784534991487,0.0,0.0,0.0,0.0,False,reference
2036Q3,2036-09-30,2036,3,2036,47363.26883080593,29168.899999999947,0.01759302613883751,0.01977588746711989,0.022577621701592054,242.76275,515.5890366730866,91.06118453220341,306.942984835521,87.9549524340637,19.48778800223724,10.142126869061498,5.7387688543045945,25.84208063552641,0.0,547.1698861629176,789.9326361629176,-16.55475,0.0,55651.166791301555,56424.544677464466,1.1913144103087099,0.020502195561477185,0.04621048332770718,0.06671267888918436,55841.78064046984,582.7640369946275,11850.524842994271,28506.9823597466,9509.715278716729,38016.69763846333,4695.32472870945,1279.2334303027988,0.2122160988972103,19.235174260180628,15813.778739624866,19229.66223156282,0.28318901292635806,0.34435976093546405,12639.727343275317,12639.727343275319,0,0.0,0.0,0.0,0.0,0.0,0.0,0.0,0.0,0.0,0.0,0.0,none,1261.8509323871224,13901.578275662441,747.5358055273912,747.5358055273912,0.0,13387.263148802711,0.2154110468670722,0.5181811771623273,0.1728613500867164,0.0702933619006643,0.0232530639832198,0.037459537919662625,0.03932854728562075,0.03215061170646742,0.89573434831931,16303.877323053617,-7.275957614183426e-12,0.03115,0.04389,0.04389,0.0175,242.76275,-0.0,0.0,0.0,0.0,-0.0002241125328801101,0.0,0.0,0.03115,0.0,0.0,0.0,0.0,False,0.0,0.0,0.0,0.0,0.0,0.03115,0.04389,0.04389,False,False,1,0.0,,,,521.3278055273912,521.3278055273912,0.0,0.0,0.0,0.15668784534991487,0.0,0.0,0.0,0.0,False,reference
2036Q4,2036-12-31,2036,4,2037,47803.10567352211,29295.799999999945,0.017515988152144724,0.01980359078796723,0.022578201318361746,245.031015,523.0621921751867,92.28596221481789,311.29352424906267,89.37281941712558,19.828047598121866,10.281838696058744,5.894658234200658,26.2815108209958,0.0,555.2383612303831,800.2693762303832,0.0,0.0,56424.544677464466,57224.81405369485,1.197094064233391,0.02050335529858441,0.0464604425513656,0.06696379784995,56642.050016700225,582.7640369946275,12017.250379344518,28908.048302953794,9643.507866082131,38551.556169035925,4776.012448660387,1297.2310196593987,0.2121612896390822,19.058004086540812,15835.245211084182,19310.690579703456,0.2795669508150809,0.34092499431093914,12785.776388950979,12785.776388950979,0,0.0,0.0,0.0,0.0,0.0,0.0,0.0,0.0,0.0,0.0,0.0,none,1279.2334303027988,14065.009819253777,773.9878654093874,773.9878654093874,0.0,13559.764254360367,0.2154110468670722,0.5181811771623273,0.1728613500867164,0.0702933619006643,0.0232530639832198,0.0374779852606088,0.03936147748496701,0.03215450796767611,0.897155875191309,16859.115684284,0.0,0.03115,0.0438999999999999,0.0438999999999999,0.0175,245.031015,-0.0,0.0,0.0,0.0,-0.00019640921203277137,0.0,0.0,0.03115,0.0,0.0,0.0,0.0,False,0.0,0.0,0.0,0.0,0.0,0.03115,0.0438999999999999,0.0438999999999999,False,False,1,0.0,,,,528.9568504093874,528.9568504093874,0.0,0.0,0.0,0.15668784534991487,0.0,0.0,0.0,0.0,False,reference
2037Q1,2037-03-31,2037,1,2037,48236.208408672086,29422.887487607255,0.01746555549210771,0.01893970235169573,0.022578065905819455,245.031015,530.8197956664242,93.58433732914543,315.7893794379551,90.84119306346088,20.17839151535063,10.426494320512418,5.894658234200658,26.732991551236026,0.0,563.4474454518609,808.4784604518609,0.0,0.0,57224.81405369485,58033.29251414671,1.2031064303908527,0.020319259998548923,0.04672402446545215,0.06704328446400108,57450.52847715208,582.7640369946275,12185.646989183992,29313.13409027003,9778.641443260469,39091.7755335305,4857.696957371259,1315.4089970663374,0.21210678669440247,18.936235521626973,15871.683213089853,19382.100487581458,0.2762669662717198,0.33737027319582735,13029.333488071607,13029.333488071608,0,0.0,0.0,0.0,0.0,0.0,0.0,0.0,0.0,0.0,0.0,0.0,none,1297.2310196593987,14326.564507731007,781.7454689006248,781.7454689006248,0.0,13811.078956972233,0.2154110468670722,0.5181811771623273,0.1728613500867164,0.0702933619006643,0.0232530639832198,0.037494475888296366,0.03938483364389233,0.03212554307701691,0.8988402390015676,17422.56312973586,0.0,0.03115,0.0438999999999999,0.0438999999999999,0.0175,245.031015,-0.0,0.0,0.0,0.0,-0.0010602976483042696,0.0,0.0,0.03115,0.0,0.0,0.0,0.0,False,0.0,0.0,0.0,0.0,0.0,0.03115,0.0438999999999999,0.0438999999999999,False,False,1,0.0,,,,536.7144539006248,536.7144539006248,0.0,0.0,0.0,0.15668784534991487,0.0,0.0,0.0,0.0,False,reference
2037Q2,2037-06-30,2037,2,2037,48673.235114379044,29550.526290744652,0.01746555549210771,0.01893970235169662,0.022399155671420257,245.031015,538.6327566146374,94.89572592827032,320.3258581507994,92.3063753932012,20.532197328445882,10.572599813920684,5.894658234200658,26.9765290085275,0.0,571.5039438573655,816.5349588573655,0.0,0.0,58033.29251414671,58849.82747300407,1.2090798430535936,0.02013681765135952,0.04696658790108092,0.06710340555244045,58267.06343600945,582.7640369946275,12355.72659712045,29722.268406887542,9915.125579416484,39637.39398630403,4940.174202830873,1333.768649754103,0.2120533603120374,18.803548843741396,15945.678492306748,19492.332484144066,0.2736653874760438,0.33453432067245165,13194.493904345842,13194.493904345842,0,0.0,0.0,0.0,0.0,0.0,0.0,0.0,0.0,0.0,0.0,0.0,none,1315.4089970663374,14509.902901412179,789.558429848838,789.558429848838,0.0,13984.05233419468,0.2154110468670722,0.5181811771623273,0.1728613500867164,0.0702933619006643,0.0232530639832198,0.03750984889515558,0.0393914540497974,0.03219443125980197,0.9005743635527983,17994.067073593225,-7.275957614183426e-12,0.03115,0.0438999999999999,0.0438999999999999,0.0175,245.031015,-0.0,0.0,0.0,0.0,-0.0010602976483033814,0.0,0.0,0.03115,0.0,0.0,0.0,0.0,False,0.0,0.0,0.0,0.0,0.0,0.03115,0.0438999999999999,0.0438999999999999,False,False,1,0.0,,,,544.527414848838,544.527414848838,0.0,0.0,0.0,0.15668784534991487,0.0,0.0,0.0,0.0,False,reference
2037Q3,2037-09-30,2037,3,2037,49114.22134235779,29678.718801062332,0.017465555492108598,0.01893970235169573,0.022399155671420257,245.031015,546.5125573413764,96.22022087507553,324.9058250030087,93.77596189888756,20.8903840420058,10.720165522398602,5.894658234200658,27.43455465817378,0.0,579.8417702337507,824.8727852337507,0.0,0.0,58849.82747300407,59674.70025823783,1.2150187588695889,0.019956013415501454,0.04722394079644506,0.06717995421194652,59091.9362212432,582.7640369946275,12527.50360118056,30135.485887921437,10052.971828564541,40188.45771648598,5023.6633716243205,1352.3115319523426,0.2120002220654431,18.649499591455022,15954.341449809126,19549.08490822417,0.26999185455821356,0.3308249172108933,13368.943991055081,13368.94399105508,0,0.0,0.0,0.0,0.0,0.0,0.0,0.0,0.0,0.0,0.0,0.0,none,1333.768649754103,14702.712640809183,797.438230575577,797.438230575577,0.0,14166.382221630656,0.2154110468670722,0.5181811771623273,0.1728613500867164,0.0702933619006643,0.0232530639832198,0.03752653627648407,0.03941162073922742,0.03217814899592236,0.9019123674655222,18573.908843826975,7.275957614183426e-12,0.03115,0.0438999999999999,0.0438999999999999,0.0175,245.031015,-0.0,0.0,0.0,0.0,-0.0010602976483042696,0.0,0.0,0.03115,0.0,0.0,0.0,0.0,False,0.0,0.0,0.0,0.0,0.0,0.03115,0.0438999999999999,0.0438999999999999,False,False,1,0.0,,,,552.407215575577,552.407215575577,0.0,0.0,0.0,0.15668784534991487,0.0,0.0,0.0,0.0,False,reference
2037Q4,2037-12-31,2037,4,2038,49559.202966426594,29807.46742058563,0.01746555549210682,0.01893970235169573,0.022399155671420257,254.402365,554.4962957390519,97.55793429419363,329.52733636914587,95.28882448328747,21.25299665435799,10.869203938066951,5.91068424521801,27.898199880100705,0.0,588.3051798643706,842.7075448643707,0.0,0.0,59674.70025823783,60517.40780310219,1.2211134195216806,0.02053320875013607,0.047483021893060896,0.06801623064319696,59934.64376610757,582.7640369946275,12703.022535180695,30557.704753468253,10193.820872001796,40751.52562547005,5108.8372596714435,1371.2583457853868,0.21194791087361273,18.386329236614145,16189.426039144297,20588.317399783744,0.2701179989043207,0.3435128017132927,13317.26300943905,13317.26300943905,0,0.0,0.0,0.0,0.0,0.0,0.0,0.0,0.0,0.0,0.0,0.0,none,1352.3115319523426,14669.574541391392,814.80934498427,814.80934498427,0.0,14132.072354423319,0.2154110468670722,0.5181811771623273,0.1728613500867164,0.0702933619006643,0.0232530639832198,0.03754115323037629,0.03943414393828699,0.031993965421201156,0.9032420584499053,19162.214023691347,-1.4551915228366852e-11,0.03115,0.0438999999999999,0.0438999999999999,0.0175,254.402365,-0.0,0.0,0.0,0.0,-0.0010602976483042696,0.0,0.0,0.03115,0.0,0.0,0.0,0.0,False,0.0,0.0,0.0,0.0,0.0,0.03115,0.0438999999999999,0.0438999999999999,False,False,1,0.0,,,,560.4069799842699,560.4069799842699,0.0,0.0,0.0,0.15668784534991487,0.0,0.0,0.0,0.0,False,reference
2038Q1,2038-03-31,2038,1,2038,50028.44495100026,29936.599810103187,0.017441798459170377,0.020613213981166334,0.022399155671420257,254.402365,562.6233284180754,98.92478799271967,334.21941388579546,96.83464273501133,21.622994850298944,11.021488954250048,5.91068424521801,28.371200950738853,0.0,596.9052136140323,851.3075786140323,0.0,0.0,60517.40780310219,61368.71538171623,1.2266764526025755,0.020340617442670565,0.047725266231933745,0.06806588367460431,60785.9513447216,582.7640369946275,12880.292121798142,30984.13489437552,10336.074765280144,41320.209659655666,5195.055425238491,1390.3941380293106,0.21189587128040585,18.18863510438797,16401.439606198364,21632.757275622767,0.26982286603008965,0.3558841606828165,13583.823505142213,13583.82350514221,0,0.0,0.0,0.0,0.0,0.0,0.0,0.0,0.0,0.0,0.0,0.0,none,1371.2583457853868,14955.081850927598,822.9363776632935,822.9363776632935,0.0,14406.759882805503,0.2154110468670722,0.5181811771623273,0.1728613500867164,0.0702933619006643,0.0232530639832198,0.03755491656303802,0.03945345547886697,0.03197940384851099,0.9049179980301996,19759.11923730538,7.275957614183426e-12,0.03115,0.0438999999999999,0.0438999999999999,0.0175,254.402365,-0.0,0.0,0.0,0.0,0.0006132139811663335,0.0,0.0,0.03115,0.0,0.0,0.0,0.0,False,0.0,0.0,0.0,0.0,0.0,0.03115,0.0438999999999999,0.0438999999999999,False,False,1,0.0,,,,568.5340126632934,568.5340126632934,0.0,0.0,0.0,0.15668784534991487,0.0,0.0,0.0,0.0,False,reference
2038Q2,2038-06-30,2038,2,2038,50502.12986497769,30066.291629034426,0.017441798459170377,0.020613213981166334,0.022624692238107036,254.402365,570.8255314511675,100.30527489850301,338.95708200031777,98.38910763525053,21.998774032685525,11.175292884410585,5.91068424521801,29.138069836340414,0.0,605.8742855327259,860.276650532726,0.0,0.0,61368.71538171623,62228.99203224896,1.2322052990363808,0.020149832546086214,0.04798801849764271,0.06813785104372894,61646.22799525433,582.7640369946275,13059.328553557563,31414.8152625058,10479.746502448479,41894.56176495428,5282.617020117326,1409.7206566251662,0.21184310830117456,18.00401628876548,16616.942517501637,22724.02739467927,0.2695532728909358,0.3686199161517006,13793.824484063458,13793.824484063458,0,0.0,0.0,0.0,0.0,0.0,0.0,0.0,0.0,0.0,0.0,0.0,none,1390.3941380293106,15184.218622092769,831.1385806963856,831.1385806963856,0.0,14624.963064759844,0.2154110468670722,0.5181811771623273,0.1728613500867164,0.0702933619006643,0.0232530639832198,0.037568214068473826,0.039490758883522985,0.03198996464150208,0.9066086558868205,20364.993522838104,7.275957614183426e-12,0.03115,0.0438999999999999,0.0438999999999999,0.0175,254.402365,-0.0,0.0,0.0,0.0,0.0006132139811663335,0.0,0.0,0.03115,0.0,0.0,0.0,0.0,False,0.0,0.0,0.0,0.0,0.0,0.03115,0.0438999999999999,0.0438999999999999,False,False,1,0.0,,,,576.7362156963856,576.7362156963856,0.0,0.0,0.0,0.15668784534991487,0.0,0.0,0.0,0.0,False,reference
2038Q3,2038-09-30,2038,3,2038,50980.29977539962,30196.54530094844,0.01744179845916949,0.020613213981166334,0.022624692238107036,254.402365,579.1094929934401,101.69952111082952,343.73939195420206,99.96075266251194,22.379197488271707,11.33062977762477,5.91068424521801,29.629186033901263,0.0,614.6493632725594,869.0517282725594,0.0,0.0,62228.99203224896,63098.04376052151,1.2376946396648942,0.01996083711714548,0.04822642204776964,0.06818725916491512,62515.27972352689,582.7640369946275,13240.149442145012,31849.78822357962,10624.850216393077,42474.638439972696,5371.252038700384,1429.2398027087986,0.21179061344201644,17.758209089265158,16845.97467178721,23918.26256200547,0.2694697159844496,0.3825986649629293,13909.099919552551,13909.099919552551,0,0.0,0.0,0.0,0.0,0.0,0.0,0.0,0.0,0.0,0.0,0.0,none,1409.7206566251662,15318.820576177717,839.4225422386581,839.4225422386581,0.0,14748.52246179121,0.2154110468670722,0.5181811771623273,0.1728613500867164,0.0702933619006643,0.0232530639832198,0.03758141334796657,0.03950887476718436,0.03200080253225988,0.9078582279154715,20979.64288611066,-7.275957614183426e-12,0.03115,0.0438999999999999,0.0438999999999999,0.0175,254.402365,-0.0,0.0,0.0,0.0,0.0006132139811663335,0.0,0.0,0.03115,0.0,0.0,0.0,0.0,False,0.0,0.0,0.0,0.0,0.0,0.03115,0.0438999999999999,0.0438999999999999,False,False,1,0.0,,,,585.0201772386581,585.0201772386581,0.0,0.0,0.0,0.15668784534991487,0.0,0.0,0.0,0.0,False,reference
2038Q4,2038-12-31,2038,4,2039,51462.997147610695,30327.36325991377,0.017441798459170377,0.020613213981167222,0.022624692238107036,260.45804,587.480110508128,103.10766378070427,348.56734933969994,101.5532659230539,22.764316550397478,11.487514914271967,5.922339525957902,30.1263228592124,0.0,623.5287728932983,883.9868128932983,0.0,0.0,63098.04376052151,63982.03057341481,1.243262812499939,0.020244296246713447,0.048464240907294086,0.06870853715400753,63399.26653642019,582.7640369946275,13424.080424181686,32292.242657437884,10772.449693486074,43064.69235092396,5461.3990859982405,1449.0946753163046,0.21173873386169415,17.510209935944076,17834.296661922504,25035.50140009587,0.2813013089304031,0.3948862939244579,14088.980524537315,14088.980524537317,0,0.0,0.0,0.0,0.0,0.0,0.0,0.0,0.0,0.0,0.0,0.0,none,1429.2398027087986,15518.220327246116,853.8604900340858,853.8604900340858,0.0,14942.841014571402,0.2154110468670722,0.5181811771623273,0.1728613500867164,0.0702933619006643,0.0232530639832198,0.03759427696823542,0.03952761358243064,0.03200936286274808,0.909094684979475,21603.17165900396,0.0,0.03115,0.0438999999999999,0.0438999999999999,0.0175,260.45804,-0.0,0.0,0.0,0.0,0.0006132139811672217,0.0,0.0,0.03115,0.0,0.0,0.0,0.0,False,0.0,0.0,0.0,0.0,0.0,0.03115,0.0438999999999999,0.0438999999999999,False,False,1,0.0,,,,593.4024500340859,593.4024500340859,0.0,0.0,0.0,0.15668784534991487,0.0,0.0,0.0,0.0,False,reference
2039Q1,2039-03-31,2039,1,2039,51938.92936982024,30457.141414438727,0.017227156981449054,0.019937887724799763,0.022624692238107036,260.45804,595.9915499459554,104.54002630331489,353.47519427815416,103.17317018414954,23.156060727481997,11.647098452854799,5.922339525957902,30.631940363684727,0.0,632.545829835598,893.003869835598,0.0,0.0,63982.03057341481,64875.034443250406,1.2490637606586257,0.020058791596989856,0.04871458364739776,0.06877337524438762,64292.27040625578,582.7640369946275,13609.844864298007,32739.107559003383,10921.520469491474,43660.62802849486,5552.65004849327,1469.1474649696477,0.21168710917033876,17.314687372609647,18852.82351176939,26248.460312452997,0.2932362380833726,0.4082677458206385,14339.85359978557,14339.85359978557,0,0.0,0.0,0.0,0.0,0.0,0.0,0.0,0.0,0.0,0.0,0.0,none,1449.0946753163046,15788.948275101875,862.3719294719133,862.3719294719133,0.0,15202.225529257485,0.2154110468670722,0.5181811771623273,0.1728613500867164,0.0702933619006643,0.0232530639832198,0.037609898882394556,0.039545217566035004,0.03199469293582077,0.9107116930583249,22235.71748883956,-7.275957614183426e-12,0.03115,0.0438999999999999,0.0438999999999999,0.0175,260.45804,-0.0,0.0,0.0,0.0,-6.211227520023718e-05,0.0,0.0,0.03115,0.0,0.0,0.0,0.0,False,0.0,0.0,0.0,0.0,0.0,0.03115,0.0438999999999999,0.0438999999999999,False,False,1,0.0,,,,601.9138894719133,601.9138894719133,0.0,0.0,0.0,0.15668784534991487,0.0,0.0,0.0,0.0,False,reference
2039Q2,2039-06-30,2039,2,2039,52419.26303564348,30587.47492121266,0.017227156981449054,0.019937887724799763,0.022796693476643037,260.45804,604.6388029331401,105.98666688072073,358.42885557415684,104.86138307083421,23.553624657734336,11.808272749693542,5.922339525957902,31.378527457680832,0.0,641.9396699167788,902.3977099167788,0.0,0.0,64875.034443250406,65777.43215316719,1.2548332109980365,0.019874986782847104,0.04898502060055897,0.06886000738340607,65194.668116172565,582.7640369946275,13797.472018232824,33190.453304301,11072.08602132278,44262.53932562378,5645.255442565971,1489.401329749981,0.21163497594077244,17.145639867143217,19915.427920494967,27341.54596685829,0.3054763295214111,0.41938316056977964,14560.60596397815,14560.605963978149,0,0.0,0.0,0.0,0.0,0.0,0.0,0.0,0.0,0.0,0.0,0.0,none,1469.1474649696477,16029.753428947797,871.019182459098,871.019182459098,0.0,15431.625146437247,0.2154110468670722,0.5181811771623273,0.1728613500867164,0.0702933619006643,0.0232530639832198,0.03762151484812605,0.03958007424124404,0.03197774466938422,0.9124934632834137,22877.657158756338,0.0,0.03115,0.0438999999999999,0.0438999999999999,0.0175,260.45804,-0.0,0.0,0.0,0.0,-6.211227520023718e-05,0.0,0.0,0.03115,0.0,0.0,0.0,0.0,False,0.0,0.0,0.0,0.0,0.0,0.03115,0.0438999999999999,0.0438999999999999,False,False,1,0.0,,,,610.561142459098,610.561142459098,0.0,0.0,0.0,0.15668784534991487,0.0,0.0,0.0,0.0,False,reference
2039Q3,2039-09-30,2039,3,2039,52904.03884983833,30718.366156722746,0.017227156981449054,0.019937887724799763,0.02279669347664215,260.45804,613.3151610440073,107.44781334198811,363.4288667275785,106.51130818120174,23.956109605373282,11.971063187865472,5.922339525957902,31.90184891234748,0.0,651.1393494823127,911.5973894823127,0.0,0.0,65777.43215316719,66689.02954264951,1.2605659415141857,0.019692866228174254,0.04923173078187791,0.06892459701005217,66106.26550565488,582.7640369946275,13986.968155551294,33646.294975058,11224.151380130968,44870.44635518897,5738.994048474002,1509.8569464406073,0.21158309350200424,16.943734133844064,21070.3712196939,28593.730963560774,0.3187348590715882,0.4325419193603487,14695.180674147387,14695.180674147387,0,0.0,0.0,0.0,0.0,0.0,0.0,0.0,0.0,0.0,0.0,0.0,none,1489.401329749981,16184.582003897367,879.6955405699651,879.6955405699651,0.0,15574.876214717351,0.2154110468670722,0.5181811771623273,0.1728613500867164,0.0702933619006643,0.0232530639832198,0.037633334687553324,0.03959651984991392,0.0320060166216549,0.9142782920958467,23528.79650823865,1.4551915228366852e-11,0.03115,0.0438999999999999,0.0438999999999999,0.0175,260.45804,-0.0,0.0,0.0,0.0,-6.211227520023718e-05,0.0,0.0,0.03115,0.0,0.0,0.0,0.0,False,0.0,0.0,0.0,0.0,0.0,0.03115,0.0438999999999999,0.0438999999999999,False,False,1,0.0,,,,619.2375005699652,619.2375005699652,0.0,0.0,0.0,0.15668784534991487,0.0,0.0,0.0,0.0,False,reference
2039Q4,2039-12-31,2039,4,2040,53393.29789360222,30849.817507625736,0.017227156981449054,0.019937887724799763,0.022796693476643037,264.33496,622.0867106433074,108.92351451135572,368.4744141563786,108.18975438766267,24.36355238089414,12.13547520701638,5.935451716790281,32.431574249555645,0.0,660.4537366096532,924.7886966096532,0.0,0.0,66689.02954264951,67613.81823925916,1.2663353062400158,0.01980285694483566,0.04947839992395684,0.0692812568687925,67031.05420226452,582.7640369946275,14179.191737458172,34108.69763917173,11378.405437061632,45487.10307623337,5834.15240487025,1530.6069837027285,0.21153168342948653,17.05596452105706,21390.125456428254,28809.14537553548,0.31910769882693607,0.4297880395645369,15639.867782254432,15639.867782254432,0,0.0,0.0,0.0,0.0,0.0,0.0,0.0,0.0,0.0,0.0,0.0,none,1509.8569464406073,17149.72472869504,892.3571223600976,892.3571223600976,0.0,16532.22490461453,0.2154110468670722,0.5181811771623273,0.1728613500867164,0.0702933619006643,0.0232530639832198,0.03764635886169259,0.03961393597351867,0.03254443299592784,0.9160774932385246,24189.250244848303,-1.4551915228366852e-11,0.03115,0.0438999999999999,0.0438999999999999,0.0175,264.33496,-0.0,0.0,0.0,0.0,-6.211227520023718e-05,0.0,0.0,0.03115,0.0,0.0,0.0,0.0,False,0.0,0.0,0.0,0.0,0.0,0.03115,0.0438999999999999,0.0438999999999999,False,False,1,0.0,,,,628.0221623600976,628.0221623600976,0.0,0.0,0.0,0.15668784534991487,0.0,0.0,0.0,0.0,False,reference
2040Q1,2040-03-31,2040,1,2040,53889.0305474941,30984.73913358242,0.017609093307503265,0.01970258122673907,0.022796693476643926,264.33496,631.0080118081868,110.42045565545551,373.6416078519057,109.8664811523463,24.7772135169685,12.302253631510682,5.935451716790281,32.96932272513714,0.0,669.9127862501141,934.2477462501141,0.0,0.0,67613.81823925916,68548.06598550928,1.2720226229546978,0.01962068772174577,0.04972535445110291,0.06934604217284868,67965.30194851465,582.7640369946275,14373.337066188391,34575.72315362492,11534.201642156188,46109.9247957811,5930.47561799349,1551.5644685516504,0.21148051511750127,17.200709179989104,21779.242874277268,29117.283288841638,0.3204464962250233,0.42841394732416077,15928.193171611974,15928.193171611974,0,0.0,0.0,0.0,0.0,0.0,0.0,0.0,0.0,0.0,0.0,0.0,none,1530.6069837027285,17458.800155314704,901.278423524977,901.278423524977,0.0,16829.47159513695,0.2154110468670722,0.5181811771623273,0.1728613500867164,0.0702933619006643,0.0232530639832198,0.03765640369634969,0.039631708647457346,0.03253288317402353,0.9183054465553336,24859.16303109842,1.4551915228366852e-11,0.03115,0.0438999999999999,0.0438999999999999,0.0175,264.33496,-0.0,0.0,0.0,0.0,-0.00029741877326093166,0.0,0.0,0.03115,0.0,0.0,0.0,0.0,False,0.0,0.0,0.0,0.0,0.0,0.03115,0.0438999999999999,0.0438999999999999,False,False,1,0.0,,,,636.943463524977,636.943463524977,0.0,0.0,0.0,0.15668784534991487,0.0,0.0,0.0,0.0,False,reference
2040Q2,2040-06-30,2040,2,2040,54389.36585516145,31120.25083904756,0.017609093307503265,0.01970258122673907,0.022246337554163054,264.33496,639.9702934339899,111.9323624029421,378.85626728393146,111.53897283782797,25.17199149330421,12.470699415983892,5.935451716790281,32.71120231872166,0.0,678.6169474695018,942.9519074695019,0.0,0.0,68548.06598550928,69491.01789297878,1.2776581745415627,0.019440194298563612,0.04990806101888775,0.06934825531745135,68908.25385598415,582.7640369946275,14569.412969385943,35047.39275372101,11691.547079352436,46738.93983307345,6027.17069961609,1572.7303539086524,0.21143204411819097,17.401530119324455,22004.157156404974,29241.514590375522,0.31932542076008624,0.4243543110450784,16198.787201741912,16198.787201741912,0,0.0,0.0,0.0,0.0,0.0,0.0,0.0,0.0,0.0,0.0,0.0,none,1551.5644685516504,17750.351670293563,910.2407051507802,910.2407051507802,0.0,17109.027906892694,0.2154110468670722,0.5181811771623273,0.1728613500867164,0.0702933619006643,0.0232530639832198,0.037698209248865494,0.0395994803186983,0.03261220738090717,0.9208800743955834,25537.77997856792,0.0,0.03115,0.0438999999999999,0.0438999999999999,0.0175,264.33496,-0.0,0.0,0.0,0.0,-0.00029741877326093166,0.0,0.0,0.03115,0.0,0.0,0.0,0.0,False,0.0,0.0,0.0,0.0,0.0,0.03115,0.0438999999999999,0.0438999999999999,False,False,1,0.0,,,,645.9057451507801,645.9057451507801,0.0,0.0,0.0,0.15668784534991487,0.0,0.0,0.0,0.0,False,reference
2040Q3,2040-09-30,2040,3,2040,54894.34655016561,31256.35520473291,0.017609093307503265,0.01970258122673907,0.022246337554163054,264.33496,649.569830420913,113.45930349909302,384.12107815916096,113.75632036615463,25.592308176963694,12.640820219540796,5.935451716790281,33.24455117333714,0.0,688.7498333110404,953.0847933110405,0.0,0.0,69491.01789297878,70444.10268628981,1.2832669867363107,0.01926136125937381,0.05018730536716536,0.06944866662653917,69861.33864929518,582.7640369946275,14767.556718895286,35524.0366531932,11850.551905472454,47374.58855866565,6125.073913820807,1594.119457913421,0.21138382121517327,17.61522511907469,22299.61031701867,29334.727609053487,0.3191981537737632,0.41989930591387886,16432.522776117185,16432.522776117185,0,0.0,0.0,0.0,0.0,0.0,0.0,0.0,0.0,0.0,0.0,0.0,none,1572.7303539086524,18005.253130025838,919.8402421377033,919.8402421377033,0.0,17352.363018254888,0.2154110468670722,0.5181811771623273,0.1728613500867164,0.0702933619006643,0.0232530639832198,0.03774776161169658,0.03964540190628753,0.03261956539905772,0.9236230671383977,26226.52981187896,0.0,0.03115,0.0438999999999999,0.0438999999999999,0.0175,264.33496,-0.0,0.0,0.0,0.0,-0.00029741877326093166,0.0,0.0,0.03115,0.0,0.0,0.0,0.0,False,0.0,0.0,0.0,0.0,0.0,0.03115,0.0438999999999999,0.0438999999999999,False,False,1,0.0,,,,655.5052821377033,655.5052821377033,0.0,0.0,0.0,0.15668784534991487,0.0,0.0,0.0,0.0,False,reference
2040Q4,2040-12-31,2040,4,2041,55404.01576282974,31393.054822636957,0.017609093307502377,0.01970258122673907,0.022246337554162166,273.20975999999996,659.420011171782,115.00234794839706,389.43448978604226,116.15252659675525,26.01791169760805,12.812735142979122,5.957305368177581,33.78456382220109,0.0,699.1618803621607,972.3716403621606,0.0,0.0,70444.10268628981,71416.47432665198,1.2890125985157364,0.01972490666882634,0.05047734325649547,0.07020224992532181,70833.71028965735,582.7640369946275,14969.738743628664,36010.39480938404,12012.797334697094,48023.19214408113,6224.834918689518,1615.944483258028,0.2113363634689406,17.776619392132076,22397.486237882866,29179.25977952838,0.31619812298824607,0.4119402987674491,16546.19572335825,16546.19572335825,0,0.0,0.0,0.0,0.0,0.0,0.0,0.0,0.0,0.0,0.0,0.0,none,1594.119457913421,18140.31518127167,938.5870765399595,938.5870765399595,0.0,17484.78279989821,0.2154110468670722,0.5181811771623273,0.1728613500867164,0.0702933619006643,0.0232530639832198,0.03779345326450381,0.039700236283837856,0.03267115594191694,0.9264376644730958,26925.691692241122,0.0,0.03115,0.0438999999999999,0.0438999999999999,0.0175,273.20975999999996,-0.0,0.0,0.0,0.0,-0.00029741877326093166,0.0,0.0,0.03115,0.0,0.0,0.0,0.0,False,0.0,0.0,0.0,0.0,0.0,0.03115,0.0438999999999999,0.0438999999999999,False,False,1,0.0,,,,665.3773165399596,665.3773165399596,0.0,0.0,0.0,0.15668784534991487,0.0,0.0,0.0,0.0,False,reference
2041Q1,2041-03-31,2041,1,2041,55931.13799773581,31527.09931704546,0.017189212325988024,0.02105209487726678,0.022246337554163942,273.20975999999996,669.4077310514265,116.57684046600822,394.8465154960523,118.54456147245848,26.451659832720942,12.988153784186398,5.957305368177581,34.334823636758706,0.0,709.6998600563628,982.9096200563628,0.0,0.0,71416.47432665198,72399.38394670835,1.2944378844864413,0.01953900955929486,0.050755259804303836,0.0702942693635987,71816.61990971371,582.7640369946275,15174.072233557132,36501.92841401927,12176.76925466442,48678.697668683686,6325.8482537808495,1638.001753692043,0.21128914522339876,18.010293935507526,22520.95103281379,29006.386403651137,0.31358968245966795,0.4038951769119367,16915.044642658188,16915.044642658188,0,0.0,0.0,0.0,0.0,0.0,0.0,0.0,0.0,0.0,0.0,0.0,none,1615.944483258028,18530.989125916214,948.574796419604,948.574796419604,0.0,17863.619439077793,0.2154110468670722,0.5181811771623273,0.1728613500867164,0.0702933619006643,0.0232530639832198,0.03782996206848603,0.03974992418753494,0.03257060131237756,0.9299073033255315,27635.391552297486,0.0,0.03115,0.0438999999999999,0.0438999999999999,0.0175,273.20975999999996,-0.0,0.0,0.0,0.0,0.00105209487726678,0.0,0.0,0.03115,0.0,0.0,0.0,0.0,False,0.0,0.0,0.0,0.0,0.0,0.03115,0.0438999999999999,0.0438999999999999,False,False,1,0.0,,,,675.365036419604,675.365036419604,0.0,0.0,0.0,0.15668784534991487,0.0,0.0,0.0,0.0,False,reference
2041Q2,2041-06-30,2041,2,2041,56463.275353778976,31661.71616500741,0.017189212325988024,0.02105209487726678,0.0228385780169158,273.20975999999996,679.3564458371578,118.16808751882616,400.3098367754175,120.8112855280839,26.901796919530693,13.165439095299792,5.957305368177581,35.81306784342908,0.0,721.1268190487644,994.3365790487644,0.0,0.0,72399.38394670835,73393.7205257571,1.299848796689493,0.019354864434495796,0.051086431988257006,0.0704412964227528,72810.95648876247,582.7640369946275,15380.548786552576,36998.61725539342,12342.460922901235,49341.07817829466,6429.039161687733,1660.2903622275212,0.211239482740848,18.166275233610975,22627.177604651493,28800.263927048152,0.31076610850653685,0.3955484904458457,17026.882478672553,17026.882478672553,0,0.0,0.0,0.0,0.0,0.0,0.0,0.0,0.0,0.0,0.0,0.0,none,1638.001753692043,18664.884232364595,958.5235112053354,958.5235112053354,0.0,17985.405989877887,0.2154110468670722,0.5181811771623273,0.1728613500867164,0.0702933619006643,0.0232530639832198,0.03786389735758897,0.039841599734029266,0.032685923687598005,0.932471943993512,28356.51837134625,0.0,0.03115,0.0438999999999999,0.0438999999999999,0.0175,273.20975999999996,-0.0,0.0,0.0,0.0,0.00105209487726678,0.0,0.0,0.03115,0.0,0.0,0.0,0.0,False,0.0,0.0,0.0,0.0,0.0,0.03115,0.0438999999999999,0.0438999999999999,False,False,1,0.0,,,,685.3137512053354,685.3137512053354,0.0,0.0,0.0,0.15668784534991487,0.0,0.0,0.0,0.0,False,reference
2041Q3,2041-09-30,2041,3,2041,57000.47554558473,31796.90781040229,0.017189212325988024,0.02105209487726767,0.0228385780169158,273.20975999999996,689.3806160545129,119.77602367527818,405.824390006967,123.0850733111375,27.35054527472678,13.344583786403698,5.957305368177581,36.397271390121055,0.0,731.7351928128115,1004.9449528128115,0.0,0.0,73393.7205257571,74398.66547856992,1.3052288558377274,0.01917245478287332,0.05134940968888053,0.07052186447175385,73815.90144157529,582.7640369946275,15589.184656548512,37500.50043309088,12509.885382735318,50010.385815826194,6533.518905766146,1682.8120634344423,0.21119006002910132,18.36388157736394,22633.64144929733,28561.72018108441,0.30662284151893315,0.3869318076903902,17341.683495579953,17341.68349557995,0,0.0,0.0,0.0,0.0,0.0,0.0,0.0,0.0,0.0,0.0,0.0,none,1660.2903622275212,19001.973857807472,968.5476814226904,968.5476814226904,0.0,18310.23117700264,0.2154110468670722,0.5181811771623273,0.1728613500867164,0.0702933619006643,0.0232530639832198,0.03790387583224299,0.03987998905470466,0.032620425280261926,0.9349942620388958,29088.253564159062,0.0,0.03115,0.0438999999999999,0.0438999999999999,0.0175,273.20975999999996,-0.0,0.0,0.0,0.0,0.0010520948772676682,0.0,0.0,0.03115,0.0,0.0,0.0,0.0,False,0.0,0.0,0.0,0.0,0.0,0.03115,0.0438999999999999,0.0438999999999999,False,False,1,0.0,,,,695.3379214226904,695.3379214226904,0.0,0.0,0.0,0.15668784534991487,0.0,0.0,0.0,0.0,False,reference
2041Q4,2041-12-31,2041,4,2042,57542.78674174274,31932.67670754465,0.017189212325988024,0.02105209487726678,0.02283857801691669,290.3126875,699.633718966887,121.40077551287155,411.3894139971514,125.5129931090237,27.80493438798608,13.525601959854326,5.987900480119798,36.988771535689345,0.0,742.6103909826962,1032.9230784826962,0.0,0.0,74398.66547856992,75431.58855705262,1.3108782669076569,0.020180648448810776,0.05162144088124193,0.0718020893300527,74848.82452005798,582.7640369946275,15803.719908218798,38016.574844641014,12682.043931631857,50698.61877627287,6640.515247969347,1705.9705875969646,0.21114185839997685,18.4242569463879,22595.072233386658,28553.808280366822,0.30187611332936337,0.38148639559082154,17262.454822253916,17262.454822253916,0,0.0,0.0,0.0,0.0,0.0,0.0,0.0,0.0,0.0,0.0,0.0,none,1682.8120634344423,18945.266885688357,995.9343069470069,995.9343069470069,0.0,18258.38912920092,0.2154110468670722,0.5181811771623273,0.1728613500867164,0.0702933619006643,0.0232530639832198,0.03794035415411058,0.03992600599518015,0.032548042672402626,0.9373841030039988,29830.86395514176,0.0,0.03115,0.0438999999999999,0.0438999999999999,0.0175,290.3126875,-0.0,0.0,0.0,0.0,0.00105209487726678,0.0,0.0,0.03115,0.0,0.0,0.0,0.0,False,0.0,0.0,0.0,0.0,0.0,0.03115,0.0438999999999999,0.0438999999999999,False,False,1,0.0,,,,705.6216194470069,705.6216194470069,0.0,0.0,0.0,0.15668784534991487,0.0,0.0,0.0,0.0,False,reference
2042Q1,2042-03-31,2042,1,2042,58055.26898098634,32068.229387565312,0.017088232020256333,0.018695469559396827,0.0228385780169158,290.3126875,710.1068760267274,123.07146878525388,417.0959263329436,127.95737635180444,28.270365958915086,13.711738597810601,5.987900480119798,37.59451911428834,0.0,753.6892956211356,1044.0019831211355,0.0,0.0,75431.58855705262,76475.59054017375,1.3172894016772234,0.02000250399977168,0.05192908818443171,0.07193159218420338,75892.82650317912,582.7640369946275,16020.511193615348,38538.076249045036,12856.012884597427,51394.08913364246,6748.8535311706,1729.3726447507056,0.21109387977458258,18.55809581358479,22515.599878641446,28504.977427535323,0.29667625935236813,0.37559514832856117,17670.071251970705,17670.071251970705,0,0.0,0.0,0.0,0.0,0.0,0.0,0.0,0.0,0.0,0.0,0.0,none,1705.9705875969646,19376.041839567668,1006.4074640068472,1006.4074640068472,0.0,18676.47871597755,0.2154110468670722,0.5181811771623273,0.1728613500867164,0.0702933619006643,0.0232530639832198,0.0379734431361634,0.03996677307417877,0.03245907259678228,0.9402247193634079,30584.553250762892,0.0,0.03115,0.0438999999999999,0.0438999999999999,0.0175,290.3126875,-0.0,0.0,0.0,0.0,-0.0013045304406031737,0.0,0.0,0.03115,0.0,0.0,0.0,0.0,False,0.0,0.0,0.0,0.0,0.0,0.03115,0.0438999999999999,0.0438999999999999,False,False,1,0.0,,,,716.0947765068472,716.0947765068472,0.0,0.0,0.0,0.15668784534991487,0.0,0.0,0.0,0.0,False,reference
2042Q2,2042-06-30,2042,2,2042,58572.31544209702,32204.357482206833,0.017088232020256333,0.01869546955939594,0.02271549749328483,290.3126875,720.6396857345821,124.75973092027954,422.85712360508325,130.24542743871098,28.877571138324562,13.899832632183795,5.987900480119798,38.00367903939272,0.0,764.6312652540947,1054.9439527540947,0.0,0.0,76475.59054017375,77530.53449292784,1.323672009681304,0.019825932118869034,0.052217929886004814,0.07204386200487384,76947.7704559332,582.7640369946275,16239.571362577519,39065.0355571823,13031.802553269306,52096.83811045161,6858.3413609015815,1753.0196220025066,0.21104667836838326,18.60809675314017,22422.181759343184,28494.68531912799,0.2913948204929995,0.3703120330880341,17772.21758703483,17772.21758703483,0,0.0,0.0,0.0,0.0,0.0,0.0,0.0,0.0,0.0,0.0,0.0,none,1729.3726447507056,19501.590231785536,1016.940273714702,1016.940273714702,0.0,18789.157860749532,0.2154110468670722,0.5181811771623273,0.1728613500867164,0.0702933619006643,0.0232530639832198,0.03799368567868956,0.03999348078796058,0.03254242469786246,0.942194638185855,31349.184516016987,-1.4551915228366852e-11,0.03115,0.0438999999999999,0.0438999999999999,0.0175,290.3126875,-0.0,0.0,0.0,0.0,-0.0013045304406040618,0.0,0.0,0.03115,0.0,0.0,0.0,0.0,False,0.0,0.0,0.0,0.0,0.0,0.03115,0.0438999999999999,0.0438999999999999,False,False,1,0.0,,,,726.627586214702,726.627586214702,0.0,0.0,0.0,0.15668784534991487,0.0,0.0,0.0,0.0,False,reference
2042Q3,2042-09-30,2042,3,2042,59093.966774525,32341.063434076666,0.017088232020256333,0.018695469559397715,0.02271549749328483,290.3126875,731.0467255814631,126.46566198607243,428.671680311233,132.46479928791945,29.354688784392916,14.089895211845146,5.987900480119798,38.62021936296003,0.0,775.6548454245429,1065.9675329245429,0.0,0.0,77530.53449292784,78596.50202585239,1.3300258269298448,0.019650918924275146,0.052503149662237424,0.07215406858651256,78013.73798885776,582.7640369946275,16460.873322887892,39597.38759747819,13209.391196899523,52806.778794377715,6969.177276774402,1776.908594817743,0.21099967450910892,18.65435936396465,22398.534864577065,28586.675782165643,0.28711013524023316,0.36643130452547357,17999.049471008893,17999.049471008893,0,0.0,0.0,0.0,0.0,0.0,0.0,0.0,0.0,0.0,0.0,0.0,none,1753.0196220025066,19752.0690930114,1027.347313561583,1027.347313561583,0.0,19026.396784570476,0.2154110468670722,0.5181811771623273,0.1728613500867164,0.0702933619006643,0.0232530639832198,0.038009409907224595,0.04001803163089487,0.03244238991724073,0.9440066556477479,32124.83936144153,1.4551915228366852e-11,0.03115,0.0438999999999999,0.0438999999999999,0.0175,290.3126875,-0.0,0.0,0.0,0.0,-0.0013045304406022855,0.0,0.0,0.03115,0.0,0.0,0.0,0.0,False,0.0,0.0,0.0,0.0,0.0,0.03115,0.0438999999999999,0.0438999999999999,False,False,1,0.0,,,,737.0346260615829,737.0346260615829,0.0,0.0,0.0,0.15668784534991487,0.0,0.0,0.0,0.0,False,reference
2042Q4,2042-12-31,2042,4,2043,59620.26398974879,32478.34969615101,0.017088232020256333,0.018695469559396827,0.022715497493283943,300.12464,741.4811156246462,128.18905100198947,434.5409471995532,134.63150291431464,29.837711677941574,14.28190283084761,6.009754131507097,39.24435093633062,0.0,786.735220692484,1086.8598606924838,0.0,0.0,78596.50202585239,79683.36188654487,1.3365147443870051,0.020135747138027026,0.0527830752864668,0.07291882242449382,79100.59784955023,582.7640369946275,16686.541276558648,40140.24223553714,13390.483428287753,53530.725663824895,7082.062043870769,1801.2688652959164,0.21095341540017865,18.560458029094498,22654.884771831035,28724.384569635382,0.2864059866515895,0.36313738897737935,17879.91238735448,17879.91238735448,0,0.0,0.0,0.0,0.0,0.0,0.0,0.0,0.0,0.0,0.0,0.0,none,1776.908594817743,19656.820982172223,1047.6155097561534,1047.6155097561534,0.0,18927.527897110635,0.2154110468670722,0.5181811771623273,0.1728613500867164,0.0702933619006643,0.0232530639832198,0.038023430847638116,0.04003919769527182,0.03233110745647102,0.9457847180824052,32911.57458213401,0.0,0.03115,0.0438999999999999,0.0438999999999999,0.0175,300.12464,-0.0,0.0,0.0,0.0,-0.0013045304406031737,0.0,0.0,0.03115,0.0,0.0,0.0,0.0,False,0.0,0.0,0.0,0.0,0.0,0.03115,0.0438999999999999,0.0438999999999999,False,False,1,0.0,,,,747.4908697561533,747.4908697561533,0.0,0.0,0.0,0.15668784534991487,0.0,0.0,0.0,0.0,False,reference
2043Q1,2043-03-31,2043,1,2043,60187.929052490006,32615.668008118973,0.01701953976476145,0.021251542965382564,0.02271549749328572,300.12464,752.0888623710354,129.94644019120048,440.51480640610896,136.8201944840343,30.329722784876054,14.477698504815928,6.009754131507097,39.880019859559404,0.0,797.9786363621018,1098.103276362102,0.0,0.0,79683.36188654487,80781.46516290697,1.3421539241274991,0.01994583596576388,0.05303247005998051,0.0729783060257444,80198.70112591234,582.7640369946275,16914.49425606094,40688.593608292176,13573.409329099946,54262.00293739212,7196.328134071363,1825.8757983879013,0.2109073341412987,18.533168315790217,22913.47954156864,28878.156979141815,0.28570886086539443,0.36008260200876535,18258.327085692432,18258.327085692432,0,0.0,0.0,0.0,0.0,0.0,0.0,0.0,0.0,0.0,0.0,0.0,none,1801.2688652959164,20059.595950988347,1058.2232565025424,1058.2232565025424,0.0,19316.550342194972,0.2154110468670722,0.5181811771623273,0.1728613500867164,0.0702933619006643,0.0232530639832198,0.03803981278629256,0.04005747837287706,0.032232474133049104,0.9481610551615697,33709.55321849611,0.0,0.03115,0.0438999999999999,0.0438999999999999,0.0175,300.12464,-0.0,0.0,0.0,0.0,0.0012515429653825634,0.0,0.0,0.03115,0.0,0.0,0.0,0.0,False,0.0,0.0,0.0,0.0,0.0,0.03115,0.0438999999999999,0.0438999999999999,False,False,1,0.0,,,,758.0986165025424,758.0986165025424,0.0,0.0,0.0,0.15668784534991487,0.0,0.0,0.0,0.0,False,reference
2043Q2,2043-06-30,2043,2,2043,60760.99904976006,32753.56690127342,0.01701953976476145,0.021251542965382564,0.02231557677676199,300.12464,762.8559458489035,131.7216240190746,446.5465090607338,139.007121178135,30.905214861417335,14.675476729542757,6.009754131507097,39.81589226747214,0.0,808.6815922478827,1108.8062322478827,0.0,0.0,80781.46516290697,81890.27139515485,1.3477439916366587,0.01975771594895691,0.05323688582444901,0.07299460177340591,81307.50735816022,582.7640369946275,17144.76658428691,41242.52428103838,13758.196442498618,55000.720723537,7311.2869511753925,1850.7330991609097,0.2108632663988096,18.431724576545527,23226.870883212898,29058.86597629289,0.28566698989920264,0.3573946234544905,18352.580541226933,18352.58054122693,0,0.0,0.0,0.0,0.0,0.0,0.0,0.0,0.0,0.0,0.0,0.0,none,1825.8757983879013,20178.45633961483,1068.9903399804107,1068.9903399804107,0.0,19421.57088120734,0.2154110468670722,0.5181811771623273,0.1728613500867164,0.0702933619006643,0.0232530639832198,0.038050483868718996,0.04004292769966797,0.03231790517750737,0.9498638950024861,34518.234810744,0.0,0.03115,0.0438999999999999,0.0438999999999999,0.0175,300.12464,-0.0,0.0,0.0,0.0,0.0012515429653825634,0.0,0.0,0.03115,0.0,0.0,0.0,0.0,False,0.0,0.0,0.0,0.0,0.0,0.03115,0.0438999999999999,0.0438999999999999,False,False,1,0.0,,,,768.8656999804106,768.8656999804106,0.0,0.0,0.0,0.15668784534991487,0.0,0.0,0.0,0.0,False,reference
2043Q3,2043-09-30,2043,3,2043,61339.52544380172,32892.04883030893,0.017019539764762337,0.021251542965382564,0.02231557677676199,300.12464,773.620310774971,133.51486977513431,452.6340072599512,141.18938980718792,31.406776648191798,14.87526728450581,6.009754131507097,40.451937177005775,0.0,820.0820020834839,1120.206642083484,0.0,0.0,81890.27139515485,83010.47803723834,1.353295080727209,0.019571370194245753,0.053478209761164824,0.07304957995541059,82427.71400024371,582.7640369946275,17377.35767563046,41802.03284507338,13944.844298551237,55746.87714362462,7427.638476588333,1875.8407044002824,0.2108193571348962,18.362084129012764,23575.29433085289,29219.954997994424,0.2860117451611382,0.3544918763355251,18659.85257945336,18659.852579453363,0,0.0,0.0,0.0,0.0,0.0,0.0,0.0,0.0,0.0,0.0,0.0,none,1850.7330991609097,20510.585678614272,1079.7547049064783,1079.7547049064783,0.0,19739.60728435984,0.2154110468670722,0.5181811771623273,0.1728613500867164,0.0702933619006643,0.0232530639832198,0.0380545044840862,0.04005760333245178,0.03225058743467653,0.9515529265588408,35338.316812827485,0.0,0.03115,0.0438999999999999,0.0438999999999999,0.0175,300.12464,-0.0,0.0,0.0,0.0,0.0012515429653825634,0.0,0.0,0.03115,0.0,0.0,0.0,0.0,False,0.0,0.0,0.0,0.0,0.0,0.03115,0.0438999999999999,0.0438999999999999,False,False,1,0.0,,,,779.6300649064781,779.6300649064781,0.0,0.0,0.0,0.15668784534991487,0.0,0.0,0.0,0.0,False,reference
2043Q4,2043-12-31,2043,4,2044,61923.56018684745,33031.116260298484,0.01701953976476145,0.021251542965381676,0.02231557677676199,315.2472575,784.3620578596403,135.32617289897223,458.7773104746793,143.26706262681938,31.914442197551885,15.077069661617271,6.019952502154488,41.0956876723541,0.0,831.477698034149,1146.7249555341489,0.0,0.0,83010.47803723834,84157.20299277248,1.3590498146236665,0.02036363907687326,0.05370994145202618,0.07407358052889944,83574.43895577785,582.7640369946275,17615.522433667444,42374.94912059913,14135.964866489216,56510.913987088345,7546.452562514464,1901.5499725075929,0.2107764365967019,18.252522531237155,23694.78026814257,29577.645871818946,0.28351707249486063,0.35390780053539467,18825.920677197937,18825.92067719794,0,0.0,0.0,0.0,0.0,0.0,0.0,0.0,0.0,0.0,0.0,0.0,none,1875.8407044002824,20701.761381598222,1105.6292678617947,1105.6292678617947,0.0,19931.549945059734,0.2154110468670722,0.5181811771623273,0.1728613500867164,0.0702933619006643,0.0232530639832198,0.03805913062135922,0.04006615635491942,0.03230672772490423,0.9531948476622467,36169.79451086163,-1.4551915228366852e-11,0.03115,0.0438999999999999,0.0438999999999999,0.0175,315.2472575,-0.0,0.0,0.0,0.0,0.0012515429653816752,0.0,0.0,0.03115,0.0,0.0,0.0,0.0,False,0.0,0.0,0.0,0.0,0.0,0.03115,0.0438999999999999,0.0438999999999999,False,False,1,0.0,,,,790.3820103617949,790.3820103617949,0.0,0.0,0.0,0.15668784534991487,0.0,0.0,0.0,0.0,False,reference
2044Q1,2044-03-31,2044,1,2044,62477.308177911254,33169.36987577106,0.016847634395924738,0.019083305138657858,0.02231557677676199,315.2472575,795.3710798985223,137.18088095218525,465.06506659857445,145.40850656148876,32.4329178822437,15.283707904029782,6.019952502154488,41.75306303892415,0.0,843.144095439601,1158.391352939601,0.0,0.0,84157.20299277248,85315.59434571209,1.3655452969062978,0.020183152360040705,0.05398082087907194,0.07416397323911264,84732.83030871746,582.7640369946275,17856.058656666806,42953.57006412438,14328.988468839967,57282.55853296435,7666.697884977517,1927.5152341087664,0.2107336506004774,18.20517122985707,23830.630367241803,29923.633356879815,0.28124435688524463,0.353152765555634,19219.63805523405,19219.63805523405,0,0.0,0.0,0.0,0.0,0.0,0.0,0.0,0.0,0.0,0.0,0.0,none,1901.5499725075929,21121.188027741642,1116.6382899006767,1116.6382899006767,0.0,20336.276345134727,0.2154110468670722,0.5181811771623273,0.1728613500867164,0.0702933619006643,0.0232530639832198,0.038067037604919286,0.04007472042586829,0.03221104523406426,0.9553769036041775,37012.938606301235,1.4551915228366852e-11,0.03115,0.0438999999999999,0.0438999999999999,0.0175,315.2472575,-0.0,0.0,0.0,0.0,-0.0009166948613421426,0.0,0.0,0.03115,0.0,0.0,0.0,0.0,False,0.0,0.0,0.0,0.0,0.0,0.03115,0.0438999999999999,0.0438999999999999,False,False,1,0.0,,,,801.3910324006769,801.3910324006769,0.0,0.0,0.0,0.15668784534991487,0.0,0.0,0.0,0.0,False,reference
2044Q2,2044-06-30,2044,2,2044,63036.0080295703,33308.202159613196,0.01684763439592385,0.019083305138657858,0.023076797027411944,315.2472575,806.56980305833,139.05405678879276,471.41543145376414,147.5799017687124,33.02800935291106,15.492403694149214,6.019952502154488,43.8530162932156,0.0,856.4427718537,1171.6900293537,0.0,0.0,85315.59434571209,86487.28437506579,1.372029845774727,0.020004265330515025,0.054346256917280754,0.07435052224779579,85904.52033807116,582.7640369946275,18099.007208345596,43537.993975199315,14523.947897595372,58061.94187279469,7789.830356594758,1953.7409003361056,0.2106874834655759,18.10448643925534,23940.98500214415,30253.84338810057,0.27869295943829375,0.35217987678691076,19376.167254209606,19376.167254209602,0,0.0,0.0,0.0,0.0,0.0,0.0,0.0,0.0,0.0,0.0,0.0,none,1927.5152341087664,21303.68248831837,1127.8370130604844,1127.8370130604844,0.0,20504.004267270087,0.2154110468670722,0.5181811771623273,0.1728613500867164,0.0702933619006643,0.0232530639832198,0.03807295814653304,0.040154102115646545,0.03231860370328166,0.9569606365146107,37869.38137815493,0.0,0.03115,0.0438999999999999,0.0438999999999999,0.0175,315.2472575,-0.0,0.0,0.0,0.0,-0.0009166948613421426,0.0,0.0,0.03115,0.0,0.0,0.0,0.0,False,0.0,0.0,0.0,0.0,0.0,0.03115,0.0438999999999999,0.0438999999999999,False,False,1,0.0,,,,812.5897555604845,812.5897555604845,0.0,0.0,0.0,0.15668784534991487,0.0,0.0,0.0,0.0,False,reference
2044Q3,2044-09-30,2044,3,2044,63599.704023562444,33447.615533874276,0.016847634395925626,0.019083305138657858,0.023076797027411944,315.2472575,817.8507038817163,140.94601863499133,477.82948387781136,149.80624988813707,33.56575899432519,15.70319248645145,6.019952502154488,44.55732607104517,0.0,868.427982454916,1183.675239954916,0.0,0.0,86487.28437506579,87670.9596150207,1.3784806228428412,0.01982696380997038,0.05461836628253367,0.07444533009250404,87088.19557802608,582.7640369946275,18344.385790680357,44128.263436742345,14720.8573580973,58849.12079483965,7914.460110433968,1980.2288820720794,0.21064147292206586,18.044752061474735,23998.663712090995,30481.525988876758,0.27556735505662827,0.35000755023758695,19730.765709938747,19730.765709938747,0,0.0,0.0,0.0,0.0,0.0,0.0,0.0,0.0,0.0,0.0,0.0,none,1953.7409003361056,21684.506610274853,1139.1179138838706,1139.1179138838706,0.0,20869.883623822618,0.2154110468670722,0.5181811771623273,0.1728613500867164,0.0702933619006643,0.0232530639832198,0.03808119236710181,0.040164423648167316,0.032259521678309824,0.9585033568263008,38737.80936060985,0.0,0.03115,0.0438999999999999,0.0438999999999999,0.0175,315.2472575,-0.0,0.0,0.0,0.0,-0.0009166948613421426,0.0,0.0,0.03115,0.0,0.0,0.0,0.0,False,0.0,0.0,0.0,0.0,0.0,0.03115,0.0438999999999999,0.0438999999999999,False,False,1,0.0,,,,823.8706563838708,823.8706563838708,0.0,0.0,0.0,0.15668784534991487,0.0,0.0,0.0,0.0,False,reference
2044Q4,2044-12-31,2044,4,2045,64168.440837612405,33587.61243074127,0.01684763439592385,0.01908330513865697,0.023076797027411944,328.847015,829.2995799391181,142.85690434492327,484.3076912182463,152.10882110901414,34.11007362728001,15.916089639654336,6.028693962709422,45.270200206393476,0.0,880.598474108221,1209.445489108221,0.0,0.0,87670.9596150207,88880.40510412892,1.3851108729453743,0.02049898739676068,0.05489293257641736,0.07539191997317804,88297.64106713429,582.7640369946275,18595.162008399475,44731.51715836879,14922.098270274464,59653.61542864326,8041.56410553895,2007.2995245525972,0.21059636229988565,17.871352938701456,24490.521412105005,31768.551128067702,0.2773632581360177,0.3597893527406185,19673.077978349414,19673.077978349414,0,0.0,0.0,0.0,0.0,0.0,0.0,0.0,0.0,0.0,0.0,0.0,none,1980.2288820720794,21653.306860421493,1164.1752889018276,1164.1752889018276,0.0,20837.253267251243,0.2154110468670722,0.5181811771623273,0.1728613500867164,0.0702933619006643,0.0232530639832198,0.03808850450518782,0.04017743060986629,0.03219846267923857,0.9600121400861567,39618.40783471807,-1.4551915228366852e-11,0.03115,0.0438999999999999,0.0438999999999999,0.0175,328.847015,-0.0,0.0,0.0,0.0,-0.0009166948613430308,0.0,0.0,0.03115,0.0,0.0,0.0,0.0,False,0.0,0.0,0.0,0.0,0.0,0.03115,0.0438999999999999,0.0438999999999999,False,False,1,0.0,,,,835.3282739018275,835.3282739018275,0.0,0.0,0.0,0.15668784534991487,0.0,0.0,0.0,0.0,False,reference
2045Q1,2045-03-31,2045,1,2045,64756.51202054044,33723.099819437724,0.01623329428827147,0.020597325915870046,0.023076797027411944,328.847015,840.9784301794476,144.80982414041094,490.92840081309646,154.44128353369015,34.665251763658326,16.133669928591498,6.028693962709422,45.997226841836266,0.0,893.0043509839934,1221.8513659839934,0.0,0.0,88880.40510412892,90102.25647011292,1.391400704867071,0.02031283061667629,0.05516074434032129,0.07547357495699758,89519.49243311828,582.7640369946275,18848.453979475067,45340.822640360675,15125.358004271631,60466.1806446323,8170.2160729258985,2034.6417360850032,0.210551394642425,17.76619896479172,24956.34336995523,33035.07433177358,0.27878110891435837,0.36902660452922825,20096.617370823933,20096.617370823937,0,0.0,0.0,0.0,0.0,0.0,0.0,0.0,0.0,0.0,0.0,0.0,none,2007.2995245525972,22103.916895376533,1175.854139142157,1175.854139142157,0.0,21272.471509966093,0.2154110468670722,0.5181811771623273,0.1728613500867164,0.0702933619006643,0.0232530639832198,0.03810040529903755,0.040189031539079205,0.0321052423944453,0.9620528994106478,40511.412185702065,0.0,0.03115,0.0438999999999999,0.0438999999999999,0.0175,328.847015,-0.0,0.0,0.0,0.0,0.0005973259158700457,0.0,0.0,0.03115,0.0,0.0,0.0,0.0,False,0.0,0.0,0.0,0.0,0.0,0.03115,0.0438999999999999,0.0438999999999999,False,False,1,0.0,,,,847.0071241421571,847.0071241421571,0.0,0.0,0.0,0.15668784534991487,0.0,0.0,0.0,0.0,False,reference
2045Q2,2045-06-30,2045,2,2045,65349.97257730514,33859.133743930186,0.01623329428827147,0.020597325915870046,0.02213343204113838,328.847015,852.8749430310071,146.78233536516208,497.61552847795724,156.81677431036698,35.30687192373756,16.353432953783212,6.028693962709422,44.838268609136136,0.0,903.7419056028526,1232.5889206028526,0.0,0.0,90102.25647011292,91334.84539071577,1.3976263767008021,0.02012836437603664,0.0553170488041922,0.07544541318022883,90752.08135372114,582.7640369946275,19104.30859083808,45956.292671386094,15330.674185541642,61286.966856927735,8298.545327963378,2062.260577991924,0.21051096906941344,17.601499153355867,25434.970441631925,34375.40177170572,0.28026872841070116,0.3787836186116983,20234.66842595269,20234.66842595269,0,0.0,0.0,0.0,0.0,0.0,0.0,0.0,0.0,0.0,0.0,0.0,none,2034.6417360850032,22269.31016203769,1187.7506519937165,1187.7506519937165,0.0,21422.419077946404,0.2154110468670722,0.5181811771623273,0.1728613500867164,0.0702933619006643,0.0232530639832198,0.03810508070401518,0.040120722432856075,0.03220867804004549,0.9635117478347552,41415.15409130492,0.0,0.03115,0.0438999999999999,0.0438999999999999,0.0175,328.847015,-0.0,0.0,0.0,0.0,0.0005973259158700457,0.0,0.0,0.03115,0.0,0.0,0.0,0.0,False,0.0,0.0,0.0,0.0,0.0,0.03115,0.0438999999999999,0.0438999999999999,False,False,1,0.0,,,,858.9036369937165,858.9036369937165,0.0,0.0,0.0,0.15668784534991487,0.0,0.0,0.0,0.0,False,reference
2045Q3,2045-09-30,2045,3,2045,65948.87189878161,33995.71640886204,0.01623329428827036,0.020597325915870046,0.022133432041139267,328.847015,864.7246152780895,148.77480315115156,504.37031206846126,159.1361664056392,35.86791425722678,16.575419395610094,6.028693962709422,45.5425414896127,0.0,916.2958507304116,1245.1428657304116,0.0,0.0,91334.84539071577,92579.98825644619,1.4038145853129684,0.019945573322601468,0.05557613492687143,0.0755217082494729,91997.22421945156,582.7640369946275,19362.71575250487,46577.902979525505,15538.038717154372,62115.941696679874,8428.411809181007,2090.154961085787,0.21047065187876493,17.449521649298383,25864.795423932857,35704.82909043876,0.2811475633464178,0.3881076781758972,20548.5603625992,20548.560362599204,0,0.0,0.0,0.0,0.0,0.0,0.0,0.0,0.0,0.0,0.0,0.0,none,2062.260577991924,22610.82094059113,1199.600324240799,1199.600324240799,0.0,21748.160686840005,0.2154110468670722,0.5181811771623273,0.1728613500867164,0.0702933619006643,0.0232530639832198,0.03811186403752947,0.04012908093556826,0.0321474552754673,0.9647656896344103,42331.44994203533,1.4551915228366852e-11,0.03115,0.0438999999999999,0.0438999999999999,0.0175,328.847015,-0.0,0.0,0.0,0.0,0.0005973259158700457,0.0,0.0,0.03115,0.0,0.0,0.0,0.0,False,0.0,0.0,0.0,0.0,0.0,0.03115,0.0438999999999999,0.0438999999999999,False,False,1,0.0,,,,870.7533092407989,870.7533092407989,0.0,0.0,0.0,0.15668784534991487,0.0,0.0,0.0,0.0,False,reference
2045Q4,2045-12-31,2045,4,2046,66553.2598284873,34132.8500277699,0.01623329428827236,0.020597325915870046,0.02213343204113838,341.5111875,876.7452935963505,150.78714892263167,511.1924852002911,161.53033920427578,36.43569976942433,16.799620499727006,6.044719973726774,46.25525069046731,0.0,929.0452642605445,1270.5564517605444,0.0,0.0,92579.98825644619,93850.54470820673,1.410156992310618,0.020525587379497248,0.055837701513330125,0.07636328889282737,93267.7806712121,582.7640369946275,19626.443755907992,47212.31281709725,15749.673075684132,62961.98589278138,8560.727307273712,2118.623715249002,0.21043112224461735,17.3671566942395,26923.70118686773,36923.359230335554,0.28867097504742023,0.39588547046592554,20934.021301134537,20934.021301134537,0,0.0,0.0,0.0,0.0,0.0,0.0,0.0,0.0,0.0,0.0,0.0,none,2090.154961085787,23024.176262220324,1224.3012010700772,1224.3012010700772,0.0,22158.322502204614,0.2154110468670722,0.5181811771623273,0.1728613500867164,0.0702933619006643,0.0232530639832198,0.03812238522775356,0.04014021957691733,0.03214000610578272,0.9665344015521871,43260.49520629588,0.0,0.03115,0.0438999999999999,0.0438999999999999,0.0175,341.5111875,-0.0,0.0,0.0,0.0,0.0005973259158700457,0.0,0.0,0.03115,0.0,0.0,0.0,0.0,False,0.0,0.0,0.0,0.0,0.0,0.03115,0.0438999999999999,0.0438999999999999,False,False,1,0.0,,,,882.7900135700772,882.7900135700772,0.0,0.0,0.0,0.15668784534991487,0.0,0.0,0.0,0.0,False,reference
2046Q1,2046-03-31,2046,1,2046,67148.1831460386,34268.80739428492,0.01602817697257164,0.01989152606750877,0.02213343204113749,341.5111875,889.0995920015678,152.8409307491335,518.155133167641,164.06085064149616,37.014239331983,17.02843811131385,6.044719973726774,46.98140013274174,0.0,942.1257121080363,1283.6368996080364,0.0,0.0,93850.54470820673,95134.18160781477,1.4167796826447299,0.020343733605256743,0.056122186362602536,0.07646591996785929,94551.41757082014,582.7640369946275,19892.833011663886,47853.12441955962,15963.443014915594,63816.56743447522,8694.637379977516,2147.3797447035017,0.21039169504533253,17.34061910238209,27990.19849544307,38118.14559131963,0.2960315055507029,0.40314726707051945,21343.816772449736,21343.81677244974,0,0.0,0.0,0.0,0.0,0.0,0.0,0.0,0.0,0.0,0.0,0.0,none,2118.623715249002,23462.440487698743,1236.6554994752946,1236.6554994752946,0.0,22580.472271925035,0.2154110468670722,0.5181811771623273,0.1728613500867164,0.0702933619006643,0.0232530639832198,0.038138164718648906,0.0401542991588264,0.032063228399988784,0.9688331411656297,44202.62091840391,0.0,0.03115,0.0438999999999999,0.0438999999999999,0.0175,341.5111875,-0.0,0.0,0.0,0.0,-0.00010847393249123136,0.0,0.0,0.03115,0.0,0.0,0.0,0.0,False,0.0,0.0,0.0,0.0,0.0,0.03115,0.0438999999999999,0.0438999999999999,False,False,1,0.0,,,,895.1443119752945,895.1443119752945,0.0,0.0,0.0,0.15668784534991487,0.0,0.0,0.0,0.0,False,reference
2046Q2,2046-06-30,2046,2,2046,67748.42451644977,34405.30630378551,0.01602817697257164,0.01989152606750788,0.023159436985126236,341.5111875,901.7195530519591,154.91543707833253,525.1880405046655,166.6571134117866,37.69939735911997,17.25956469805439,6.044719973726774,49.90934201606761,0.0,957.6736150417535,1299.1848025417535,0.0,0.0,95134.18160781477,96433.36641035651,1.4234038222828613,0.020163491029497153,0.056542930518434356,0.0767064215479315,95850.60237336188,582.7640369946275,20161.94074644107,48500.475448294834,16179.39445765227,64679.869905947104,8832.362494053934,2176.4292269197713,0.21034756430538962,17.254539611637533,29121.2240210325,39450.013819310065,0.3038188941953448,0.41157815227537614,21502.486750766955,21502.486750766955,0,0.0,0.0,0.0,0.0,0.0,0.0,0.0,0.0,0.0,0.0,0.0,none,2147.3797447035017,23649.866495470458,1249.275460525686,1249.275460525686,0.0,22751.76221129264,0.2154110468670722,0.5181811771623273,0.1728613500867164,0.0702933619006643,0.0232530639832198,0.038149545883519494,0.04026622603386481,0.032122933948506294,0.9705036300601755,45160.29453344567,-1.4551915228366852e-11,0.03115,0.0438999999999999,0.0438999999999999,0.0175,341.5111875,-0.0,0.0,0.0,0.0,-0.00010847393249211953,0.0,0.0,0.03115,0.0,0.0,0.0,0.0,False,0.0,0.0,0.0,0.0,0.0,0.03115,0.0438999999999999,0.0438999999999999,False,False,1,0.0,,,,907.7642730256858,907.7642730256858,0.0,0.0,0.0,0.15668784534991487,0.0,0.0,0.0,0.0,False,reference
2046Q3,2046-09-30,2046,3,2046,68354.0314780933,34542.348913336136,0.016028176972572528,0.019891526067509657,0.023159436985126236,341.5111875,914.3828474168021,157.01111356290983,532.2927180450345,169.28376542019168,38.302200477297774,17.493049911367663,6.044719973726774,50.69991780689588,0.0,971.1274851974247,1312.6386726974247,0.0,0.0,96433.36641035651,97746.00508305394,1.429996197289116,0.0199848453772299,0.05682927336970082,0.07681411874693071,97163.24104605931,582.7640369946275,20433.776294714167,49154.38835781077,16397.534894549397,65551.92325236017,8971.768329454824,2205.7731695301463,0.2103035682499283,17.168891514137794,30292.995880330585,40779.79700364496,0.31177424254477554,0.4197039596930869,21777.624195184606,21777.624195184602,0,0.0,0.0,0.0,0.0,0.0,0.0,0.0,0.0,0.0,0.0,0.0,none,2176.4292269197713,23954.053422104374,1261.9387548905288,1261.9387548905288,0.0,23039.56295007513,0.2154110468670722,0.5181811771623273,0.1728613500867164,0.0702933619006643,0.0232530639832198,0.03816050362891771,0.040281803750994216,0.03211489050185991,0.9722312453245451,46131.42201864309,0.0,0.03115,0.0438999999999999,0.0438999999999999,0.0175,341.5111875,-0.0,0.0,0.0,0.0,-0.00010847393249034318,0.0,0.0,0.03115,0.0,0.0,0.0,0.0,False,0.0,0.0,0.0,0.0,0.0,0.03115,0.0438999999999999,0.0438999999999999,False,False,1,0.0,,,,920.4275673905288,920.4275673905288,0.0,0.0,0.0,0.15668784534991487,0.0,0.0,0.0,0.0,False,reference
2046Q4,2046-12-31,2046,4,2047,68965.05199428966,34679.937388593244,0.01602817697257164,0.01989152606750877,0.023159436985126236,357.7490725,927.1716448411515,159.1280328950866,539.4694122269718,171.93291729495945,38.912380574034536,17.728901850098545,6.052004524189207,51.500141348602426,0.0,984.7237907139431,1342.4728632139431,0.0,0.0,97746.00508305394,99088.47794626789,1.436792622942885,0.02074958618342646,0.05711436515964513,0.07786395134307159,98505.71390927325,582.7640369946275,20711.866080208012,49823.3461225114,16620.694182176165,66444.04030468757,9114.015283545388,2235.7922408322725,0.21026055503018098,17.29133421026701,30731.09891321359,41165.344631383006,0.3119727546111474,0.4178980385777168,22799.79354199563,22799.79354199563,0,0.0,0.0,0.0,0.0,0.0,0.0,0.0,0.0,0.0,0.0,0.0,none,2205.7731695301463,25005.566711525775,1290.9727218653406,1290.9727218653406,0.0,24090.76626386097,0.2154110468670722,0.5181811771623273,0.1728613500867164,0.0702933619006643,0.0232530639832198,0.03816840483069476,0.040297249585892814,0.03248557849736452,0.9729977666947801,47116.14580935703,0.0,0.03115,0.0438999999999999,0.0438999999999999,0.0175,357.7490725,-0.0,0.0,0.0,0.0,-0.00010847393249123136,0.0,0.0,0.03115,0.0,0.0,0.0,0.0,False,0.0,0.0,0.0,0.0,0.0,0.03115,0.0438999999999999,0.0438999999999999,False,False,1,0.0,,,,933.2236493653407,933.2236493653407,0.0,0.0,0.0,0.15668784534991487,0.0,0.0,0.0,0.0,False,reference
2047Q1,2047-03-31,2047,1,2047,69574.80901325062,34816.54327558161,0.01584952735551126,0.019676561505418855,0.023159436985126236,357.7490725,940.1771372006358,161.29365709961994,546.8112236945612,174.56703284678392,39.53504342398074,17.970180135689382,6.052004524189207,52.31667360546223,0.0,998.5458153302873,1356.2948878302873,0.0,0.0,99088.47794626789,100444.77283409817,1.4436945535124404,0.020567735798275276,0.05740846892674116,0.07797620472501644,99862.00879710354,582.7640369946275,20992.757392426036,50499.04308855246,16846.10161677073,67345.1447053232,9257.99296967394,2266.113729680367,0.21021765579619428,17.453020476894896,31140.617413109692,41547.124257710784,0.3118364810423573,0.41604534855817804,23231.029448943358,23231.029448943358,0,0.0,0.0,0.0,0.0,0.0,0.0,0.0,0.0,0.0,0.0,0.0,none,2235.7922408322725,25466.821689775632,1303.978214224825,1303.978214224825,0.0,24535.007663168184,0.2154110468670722,0.5181811771623273,0.1728613500867164,0.0702933619006643,0.0232530639832198,0.03817851292353311,0.04030926041155916,0.03243999338032592,0.9741208196115316,48114.69162468732,0.0,0.03115,0.0438999999999999,0.0438999999999999,0.0175,357.7490725,-0.0,0.0,0.0,0.0,-0.0003234384945811457,0.0,0.0,0.03115,0.0,0.0,0.0,0.0,False,0.0,0.0,0.0,0.0,0.0,0.03115,0.0438999999999999,0.0438999999999999,False,False,1,0.0,,,,946.229141724825,946.229141724825,0.0,0.0,0.0,0.15668784534991487,0.0,0.0,0.0,0.0,False,reference
2047Q2,2047-06-30,2047,2,2047,70189.95722110248,34953.68725951492,0.01584952735551126,0.019676561505418855,0.02235168965107781,357.7490725,953.3675379941194,163.48109819351777,554.2269978968618,177.20171674373685,40.24383605769638,18.213889102305945,6.052004524189207,51.30489516976564,0.0,1010.7244376880742,1368.4735101880742,0.0,0.0,100444.77283409817,101813.24634428624,1.450538657881904,0.02038747915876737,0.05759937619019957,0.07798685534896695,101230.4823072916,582.7640369946275,21276.490062687582,51181.57507200391,17073.789161854645,68255.36423385855,9401.886074983382,2296.741935762077,0.210178689044486,17.57655477855926,31626.41878592881,41986.50067727713,0.31241991606762076,0.41476144062837145,23463.77824607918,23463.778246079182,0,0.0,0.0,0.0,0.0,0.0,0.0,0.0,0.0,0.0,0.0,0.0,none,2266.113729680367,25729.89197575955,1317.1686150183086,1317.1686150183086,0.0,24780.94686109749,0.2154110468670722,0.5181811771623273,0.1728613500867164,0.0702933619006643,0.0232530639832198,0.038186080043998684,0.040249956634675635,0.03250467599167938,0.9748782437277679,49125.4160623754,-1.4551915228366852e-11,0.03115,0.0438999999999999,0.0438999999999999,0.0175,357.7490725,-0.0,0.0,0.0,0.0,-0.0003234384945811457,0.0,0.0,0.03115,0.0,0.0,0.0,0.0,False,0.0,0.0,0.0,0.0,0.0,0.03115,0.0438999999999999,0.0438999999999999,False,False,1,0.0,,,,959.4195425183086,959.4195425183086,0.0,0.0,0.0,0.15668784534991487,0.0,0.0,0.0,0.0,False,reference
2047Q3,2047-09-30,2047,3,2047,70810.54428423816,35091.37145998209,0.01584952735551126,0.019676561505418855,0.02235168965107781,357.7490725,966.6240885848472,165.69066636317956,561.7177864152416,179.88139950554103,40.87417299219699,18.460063308687687,6.052004524189207,52.10230565686959,0.0,1024.7783987659059,1382.527471265906,0.0,0.0,101813.24634428624,103195.77381555215,1.457350382752568,0.020208802297238208,0.05788846331429841,0.07809726561153661,102613.00977855752,582.7640369946275,21563.078340389722,51870.9763504456,17303.768252171172,69174.74460261677,9547.508438288163,2327.678397262869,0.21013980962963277,17.706217313278568,32071.019375326767,42307.54924536743,0.31254340404337766,0.41230200085416663,23791.69242362357,23791.69242362357,0,0.0,0.0,0.0,0.0,0.0,0.0,0.0,0.0,0.0,0.0,0.0,none,2296.741935762077,26088.43435938565,1330.4251656090364,1330.4251656090364,0.0,25122.117589232606,0.2154110468670722,0.5181811771623273,0.1728613500867164,0.0702933619006643,0.0232530639832198,0.03819408874248492,0.0402611029728124,0.032503817372044295,0.9756253092134671,50150.194461141306,1.4551915228366852e-11,0.03115,0.0438999999999999,0.0438999999999999,0.0175,357.7490725,-0.0,0.0,0.0,0.0,-0.0003234384945811457,0.0,0.0,0.03115,0.0,0.0,0.0,0.0,False,0.0,0.0,0.0,0.0,0.0,0.03115,0.0438999999999999,0.0438999999999999,False,False,1,0.0,,,,972.6760931090364,972.6760931090364,0.0,0.0,0.0,0.15668784534991487,0.0,0.0,0.0,0.0,False,reference
2047Q4,2047-12-31,2047,4,2048,71436.61829049476,35229.59800492117,0.01584952735551126,0.019676561505418855,0.02235168965107781,372.65234999999996,980.0313796413096,167.92247257578498,569.283965446139,182.60412401959368,41.512102481791175,18.70871511800031,6.05491834437418,52.90929914975711,0.0,1038.995597135441,1411.647947135441,0.0,0.0,103195.77381555215,104607.42176268759,1.4643389380122223,0.020866180898128233,0.058177199425112645,0.07904338032324089,104024.65772569296,582.7640369946275,21855.76565497107,52575.04914251477,17538.641649276975,70113.69079179174,9695.928044949198,2359.2732339809536,0.210101779066685,17.834288819057203,32311.07840356778,42363.61407716945,0.3106098026178585,0.4072458876902038,24088.537522041726,24088.537522041726,0,0.0,0.0,0.0,0.0,0.0,0.0,0.0,0.0,0.0,0.0,0.0,none,2327.678397262869,26416.215919304595,1358.7386479856837,1358.7386479856837,0.0,25447.27617002741,0.2154110468670722,0.5181811771623273,0.1728613500867164,0.0702933619006643,0.0232530639832198,0.03820167391504595,0.04027279640317436,0.032501688837311776,0.9763371487418656,51189.19005827675,0.0,0.03115,0.0438999999999999,0.0438999999999999,0.0175,372.65234999999996,-0.0,0.0,0.0,0.0,-0.0003234384945811457,0.0,0.0,0.03115,0.0,0.0,0.0,0.0,False,0.0,0.0,0.0,0.0,0.0,0.03115,0.0438999999999999,0.0438999999999999,False,False,1,0.0,,,,986.0862979856838,986.0862979856838,0.0,0.0,0.0,0.15668784534991487,0.0,0.0,0.0,0.0,False,reference
2048Q1,2048-03-31,2048,1,2048,72084.6419407788,35366.86293546704,0.015676506274730606,0.02077970179797095,0.0223516896510787,372.65234999999996,993.711376086324,170.2017750380872,577.0111643390981,185.37345531783652,42.162322773179845,18.962658618121917,6.05491834437418,53.7317940885462,0.0,1053.4980885192442,1426.1504385192443,0.0,0.0,104607.42176268759,106033.57220120683,1.4709592688040096,0.020678598934078234,0.05845894826721877,0.07913754720129701,105450.8081642122,582.7640369946275,22151.399791907774,53286.2106512454,17775.879789037448,71062.09044028285,9846.131759489928,2391.1861725316644,0.21006382196154183,17.983808007137238,32578.42527115727,42407.03549338772,0.3089442920193162,0.40214993352492656,24504.971423201245,24504.971423201245,0,0.0,0.0,0.0,0.0,0.0,0.0,0.0,0.0,0.0,0.0,0.0,none,2359.2732339809536,26864.2446571822,1372.418644430698,1372.418644430698,0.0,25877.390067631943,0.2154110468670722,0.5181811771623273,0.1728613500867164,0.0702933619006643,0.0232530639832198,0.03821079834490812,0.04028387549438739,0.03244412278659485,0.9774550421080812,52242.68814679599,0.0,0.03115,0.0438999999999999,0.0438999999999999,0.0175,372.65234999999996,-0.0,0.0,0.0,0.0,0.0007797017979709504,0.0,0.0,0.03115,0.0,0.0,0.0,0.0,False,0.0,0.0,0.0,0.0,0.0,0.03115,0.0438999999999999,0.0438999999999999,False,False,1,0.0,,,,999.7662944306982,999.7662944306982,0.0,0.0,0.0,0.15668784534991487,0.0,0.0,0.0,0.0,False,reference
2048Q2,2048-06-30,2048,2,2048,72738.54401394143,35504.66269076893,0.015676506274730606,0.02077970179797095,0.022930584971782908,372.65234999999996,1007.5823489071097,172.50402587948182,584.8161618974167,188.14442840407227,42.89857386441554,19.21915886172325,6.05491834437418,55.9654183431941,0.0,1069.602685594678,1442.2550355946778,0.0,0.0,106033.57220120683,107475.82723680152,1.4775636314111837,0.02049270328691625,0.05881903192286459,0.07931173520978084,106893.06319980689,582.7640369946275,22450.021889620868,54004.55983700069,18015.51568388674,72020.07552088743,9999.544135597718,2423.4216537008874,0.21002318782517054,18.124531793614988,32831.088693610785,42403.97055168458,0.307139562763228,0.3966952511448019,24825.303320286155,24825.30332028616,0,0.0,0.0,0.0,0.0,0.0,0.0,0.0,0.0,0.0,0.0,0.0,none,2391.1861725316644,27216.489492817822,1386.2896172514838,1386.2896172514838,0.0,26211.592937537644,0.2154110468670722,0.5181811771623273,0.1728613500867164,0.0702933619006643,0.0232530639832198,0.03821716039444691,0.04034958601847441,0.03247713354705464,0.9782011799110116,53312.29083239067,1.4551915228366852e-11,0.03115,0.0438999999999999,0.0438999999999999,0.0175,372.65234999999996,-0.0,0.0,0.0,0.0,0.0007797017979709504,0.0,0.0,0.03115,0.0,0.0,0.0,0.0,False,0.0,0.0,0.0,0.0,0.0,0.03115,0.0438999999999999,0.0438999999999999,False,False,1,0.0,,,,1013.6372672514839,1013.6372672514839,0.0,0.0,0.0,0.15668784534991487,0.0,0.0,0.0,0.0,False,reference
2048Q3,2048-09-30,2048,3,2048,73398.37783497396,35642.99935466223,0.015676506274730606,0.02077970179796984,0.022930584971782908,372.65234999999996,1021.533594120119,174.8295454654225,592.7000442110808,190.95458981743252,43.57116308456214,19.478251541620878,6.05491834437418,56.837414373474864,0.0,1084.4259268379678,1457.0782768379677,0.0,0.0,107475.82723680152,108932.90551363947,1.4841323299890898,0.02030847879705772,0.05909808684198164,0.07940656563903935,108350.14147664484,582.7640369946275,22751.649239670398,54730.13829542333,18257.56320981894,72987.70150524226,10154.809187664503,2455.981544067693,0.20998264450420284,18.25388293470179,33009.498268731484,42413.49599768508,0.304655792958487,0.39144845977729914,25122.688258873535,25122.688258873535,0,0.0,0.0,0.0,0.0,0.0,0.0,0.0,0.0,0.0,0.0,0.0,none,2423.4216537008874,27546.109912574422,1400.2408624644931,1400.2408624644931,0.0,26522.929121338027,0.2154110468670722,0.5181811771623273,0.1728613500867164,0.0702933619006643,0.0232530639832198,0.03822309418673413,0.040359807585333654,0.03251160041463878,0.9789456686373094,54396.716759228635,-1.4551915228366852e-11,0.03115,0.0438999999999999,0.0438999999999999,0.0175,372.65234999999996,-0.0,0.0,0.0,0.0,0.0007797017979698402,0.0,0.0,0.03115,0.0,0.0,0.0,0.0,False,0.0,0.0,0.0,0.0,0.0,0.03115,0.0438999999999999,0.0438999999999999,False,False,1,0.0,,,,1027.588512464493,1027.588512464493,0.0,0.0,0.0,0.15668784534991487,0.0,0.0,0.0,0.0,False,reference
2048Q4,2048-12-31,2048,4,2049,74064.19721259525,35781.87501910156,0.015676506274729718,0.02077970179797184,0.022930584971782908,392.23500750000005,1035.619521866425,177.17846845393322,600.6632677922693,193.78594379582358,44.251890163955125,19.739951660444078,6.05491834437418,57.71994101492665,0.0,1099.3943812257257,1491.6293887257257,0.0,0.0,108932.90551363947,110424.53490236521,1.490930018257007,0.021183514964679705,0.059375213536440756,0.08055872850112046,109841.77086537058,582.7640369946275,23060.529174914365,55473.163180982294,18505.430732852325,73978.59391383461,10313.32344442015,2489.324332201455,0.2099431663677281,18.319589821973196,33134.86975218362,42559.66248054353,0.3016600104963342,0.387463367945037,25223.756565841406,25223.75656584141,0,0.0,0.0,0.0,0.0,0.0,0.0,0.0,0.0,0.0,0.0,0.0,none,2455.981544067693,27679.738109909104,1433.9094477107992,1433.9094477107992,0.0,26657.666013552207,0.2154110468670722,0.5181811771623273,0.1728613500867164,0.0702933619006643,0.0232530639832198,0.03822895772853557,0.040369597268772775,0.032425222194451694,0.9797144325602655,55496.11114045436,1.4551915228366852e-11,0.03115,0.0438999999999999,0.0438999999999999,0.0175,392.23500750000005,-0.0,0.0,0.0,0.0,0.0007797017979718386,0.0,0.0,0.03115,0.0,0.0,0.0,0.0,False,0.0,0.0,0.0,0.0,0.0,0.03115,0.0438999999999999,0.0438999999999999,False,False,1,0.0,,,,1041.674440210799,1041.674440210799,0.0,0.0,0.0,0.15668784534991487,0.0,0.0,0.0,0.0,False,reference
2049Q1,2049-03-31,2049,1,2049,74708.85169853843,35919.71301209475,0.015497958573625237,0.019473428238653945,0.022930584971783796,392.23500750000005,1050.0381380808867,179.58387094964561,608.8179659112789,196.68145733362076,44.94689956627167,20.007944320069193,6.05491834437418,58.620936137621655,0.0,1114.7139925628824,1506.9490000628825,0.0,0.0,110424.53490236521,111931.48390242808,1.4982359032111565,0.021000724737825063,0.05968310138460822,0.08068382612243329,111348.71986543345,582.7640369946275,23372.515039371465,56223.65952206432,18755.790677350924,74979.45019941524,10473.752229306157,2523.0023973406023,0.2099037606145584,18.420383156856627,33223.54217592441,42799.91221977399,0.29837381351196085,0.38437722743016994,25682.39925880567,25682.39925880567,0,0.0,0.0,0.0,0.0,0.0,0.0,0.0,0.0,0.0,0.0,0.0,none,2489.324332201455,28171.723591007125,1448.3280639252607,1448.3280639252607,0.0,27130.72732273093,0.2154110468670722,0.5181811771623273,0.1728613500867164,0.0702933619006643,0.0232530639832198,0.03823860063267153,0.04037921440370064,0.03240217918585996,0.9807710580274498,56610.82513301724,-1.4551915228366852e-11,0.03115,0.0438999999999999,0.0438999999999999,0.0175,392.23500750000005,-0.0,0.0,0.0,0.0,-0.0005265717613460556,0.0,0.0,0.03115,0.0,0.0,0.0,0.0,False,0.0,0.0,0.0,0.0,0.0,0.03115,0.0438999999999999,0.0438999999999999,False,False,1,0.0,,,,1056.0930564252608,1056.0930564252608,0.0,0.0,0.0,0.15668784534991487,0.0,0.0,0.0,0.0,False,reference
2049Q2,2049-06-30,2049,2,2049,75359.11725463274,36058.08198096057,0.015497958573625237,0.019473428238653945,0.022366633995218432,392.23500750000005,1064.7069487882197,182.01346086910527,617.0546632546541,199.63918018280208,45.721012713032806,20.278631768625083,6.05491834437418,58.08073913363603,0.0,1128.8426062662297,1521.0776137662297,0.0,0.0,111931.48390242808,113452.56151619431,1.5054921773147463,0.020819511787786352,0.05991803765173927,0.08073754943952562,112869.79747919968,582.7640369946275,23687.660727699327,56981.75696474625,19008.686292272556,75990.44325701881,10634.671937207882,2557.0215572736843,0.20986713236607543,18.50709243324417,33281.88191991248,42884.044530621955,0.2948696875800265,0.379942601903976,26001.245228718504,26001.245228718508,0,0.0,0.0,0.0,0.0,0.0,0.0,0.0,0.0,0.0,0.0,0.0,none,2523.0023973406023,28524.24762605911,1462.996874632594,1462.996874632594,0.0,27464.242103351102,0.2154110468670722,0.5181811771623273,0.1728613500867164,0.0702933619006643,0.0232530639832198,0.038246857442730924,0.04034048569391805,0.03239822736093468,0.9815259032747224,57739.667739283475,0.0,0.03115,0.0438999999999999,0.0438999999999999,0.0175,392.23500750000005,-0.0,0.0,0.0,0.0,-0.0005265717613460556,0.0,0.0,0.03115,0.0,0.0,0.0,0.0,False,0.0,0.0,0.0,0.0,0.0,0.03115,0.0438999999999999,0.0438999999999999,False,False,1,0.0,,,,1070.7618671325938,1070.7618671325938,0.0,0.0,0.0,0.15668784534991487,0.0,0.0,0.0,0.0,False,reference
2049Q3,2049-09-30,2049,3,2049,76015.04271961107,36196.983971110225,0.015497958573625237,0.019473428238653945,0.022366633995218432,392.23500750000005,1079.48479794533,184.4676579169585,625.3747826880884,202.6633288711876,46.42696770250763,20.552060766587235,6.05491834437418,58.97309703665672,0.0,1144.5128133263609,1536.747820826361,0.0,0.0,113452.56151619431,114989.30933702068,1.5127178150931258,0.02063986250441494,0.060225596007253905,0.08086545851166885,114406.54530002605,582.7640369946275,24005.989727984565,57747.51201070033,19264.13642615087,77011.6484368512,10797.522787711547,2591.3843474787514,0.209830562272726,18.56532493290262,33431.556672784696,43177.87334799695,0.2922171680397475,0.37740736978609846,26236.55094473001,26236.55094473001,0,0.0,0.0,0.0,0.0,0.0,0.0,0.0,0.0,0.0,0.0,0.0,none,2557.0215572736843,28793.572502003695,1477.7747237897042,1477.7747237897042,0.0,27714.325668519716,0.2154110468670722,0.5181811771623273,0.1728613500867164,0.0702933619006643,0.0232530639832198,0.03825832097675459,0.04035211891317208,0.032405965205594765,0.9823164781272518,58884.18055260984,0.0,0.03115,0.0438999999999999,0.0438999999999999,0.0175,392.23500750000005,-0.0,0.0,0.0,0.0,-0.0005265717613460556,0.0,0.0,0.03115,0.0,0.0,0.0,0.0,False,0.0,0.0,0.0,0.0,0.0,0.03115,0.0438999999999999,0.0438999999999999,False,False,1,0.0,,,,1085.539716289704,1085.539716289704,0.0,0.0,0.0,0.15668784534991487,0.0,0.0,0.0,0.0,False,reference
2049Q4,2049-12-31,2049,4,2050,76676.67735729841,36336.421035834224,0.015497958573625237,0.019473428238653057,0.022366633995218432,407.0113625000001,1094.5105574609277,186.9466450066798,633.7789443174345,205.81530909160224,47.1414073523503,20.828251692860466,6.057832164559153,59.87616382291577,0.0,1160.4445534484025,1567.4559159484027,0.0,0.0,114989.30933702068,116556.76525296908,1.5201071469207934,0.021232603004087216,0.06053702864775721,0.08176963165184442,115974.00121597445,582.7640369946275,24330.739060625518,58528.7114613228,19524.738697466677,78053.45015878948,10963.37180064473,2626.440195914732,0.2097947712894307,18.54588892518215,33775.319539404656,43454.09220462295,0.2912318207984048,0.37468822105826866,26293.93681926782,26293.93681926782,0,0.0,0.0,0.0,0.0,0.0,0.0,0.0,0.0,0.0,0.0,0.0,none,2591.3843474787514,28885.32116674657,1507.579752125487,1507.579752125487,0.0,27801.516571393306,0.2154110468670722,0.5181811771623273,0.1728613500867164,0.0702933619006643,0.0232530639832198,0.03826835461456256,0.040367041428078176,0.03228862827973978,0.9830625502863278,60044.62510605824,0.0,0.03115,0.0438999999999999,0.0438999999999999,0.0175,407.0113625000001,-0.0,0.0,0.0,0.0,-0.0005265717613469438,0.0,0.0,0.03115,0.0,0.0,0.0,0.0,False,0.0,0.0,0.0,0.0,0.0,0.03115,0.0438999999999999,0.0438999999999999,False,False,1,0.0,,,,1100.5683896254868,1100.5683896254868,0.0,0.0,0.0,0.15668784534991487,0.0,0.0,0.0,0.0,False,reference
2050Q1,2050-03-31,2050,1,2050,77356.14328070718,36473.8915487907,0.015219177974386433,0.020390207990024445,0.022366633995218432,407.0113625000001,1109.7975382840089,189.47563043462122,642.3526082880161,208.990260786145,47.86902570056116,21.110013074664657,6.057832164559153,60.79585650275506,0.0,1176.651226951323,1583.6625894513231,0.0,0.0,116556.76525296908,118140.42784242041,1.5272274809993653,0.02104610417419865,0.06084332424286115,0.0818894284170598,117557.66380542578,582.7640369946275,24658.781377809006,59317.83233766344,19787.983496926314,79105.81583458975,11131.215079533124,2661.851513493902,0.2097590287148161,18.55204702433083,34255.640723968434,43856.53639612962,0.29139436439181254,0.3730640349294306,26730.314410060615,26730.314410060615,0,0.0,0.0,0.0,0.0,0.0,0.0,0.0,0.0,0.0,0.0,0.0,none,2626.440195914732,29356.754605975348,1522.8667329485681,1522.8667329485681,0.0,28253.181143009184,0.2154110468670722,0.5181811771623273,0.1728613500867164,0.0702933619006643,0.0232530639832198,0.03828673231587549,0.040380366575808,0.03224515592412416,0.9840796772999102,61221.27633300957,0.0,0.03115,0.0438999999999999,0.0438999999999999,0.0175,407.0113625000001,-0.0,0.0,0.0,0.0,0.0003902079900244444,0.0,0.0,0.03115,0.0,0.0,0.0,0.0,False,0.0,0.0,0.0,0.0,0.0,0.03115,0.0438999999999999,0.0438999999999999,False,False,1,0.0,,,,1115.855370448568,1115.855370448568,0.0,0.0,0.0,0.15668784534991487,0.0,0.0,0.0,0.0,False,reference
2050Q2,2050-06-30,2050,2,2050,78041.63025193631,36611.88214989548,0.015219177974386433,0.020390207990024445,0.02276633294218633,407.0113625000001,1125.498338537895,192.03025997968766,651.0132099058546,212.30057014111947,48.75966697152602,21.394631539707234,6.057832164559153,62.82043079095424,0.0,1194.3766014934085,1601.3879639934087,0.0,0.0,118140.42784242041,119741.81580641381,1.534332578905127,0.02086124347664568,0.061217409100127025,0.0820786525767727,119159.05176941918,582.7640369946275,24990.205820811836,60115.08907316203,20053.94235791528,80169.03143107731,11302.186594744086,2697.6279227859636,0.20972142233197336,18.548619696427497,34611.08371012405,44142.41259830601,0.29046122133548724,0.3704495121673556,27030.25554429534,27030.25554429534,0,0.0,0.0,0.0,0.0,0.0,0.0,0.0,0.0,0.0,0.0,0.0,none,2661.851513493902,29692.107057789242,1538.5675332024543,1538.5675332024543,0.0,28568.823077497796,0.2154110468670722,0.5181811771623273,0.1728613500867164,0.0702933619006643,0.0232530639832198,0.03830434094585438,0.040439217067556495,0.03228603680726345,0.9849014438074407,62415.65293450298,0.0,0.03115,0.0438999999999999,0.0438999999999999,0.0175,407.0113625000001,-0.0,0.0,0.0,0.0,0.0003902079900244444,0.0,0.0,0.03115,0.0,0.0,0.0,0.0,False,0.0,0.0,0.0,0.0,0.0,0.03115,0.0438999999999999,0.0438999999999999,False,False,1,0.0,,,,1131.5561707024542,1131.5561707024542,0.0,0.0,0.0,0.15668784534991487,0.0,0.0,0.0,0.0,False,reference
2050Q3,2050-09-30,2050,3,2050,78733.19162615138,36750.394806782766,0.015219177974387321,0.020390207990024445,0.02276633294218633,407.0113625000001,1141.3550881786725,194.61122782957216,659.7631025779516,215.7878936373567,49.51067970440013,21.682184429392173,6.057832164559153,63.78533032454449,0.0,1211.1982506677762,1618.2096131677763,0.0,0.0,119741.81580641381,121360.0254195816,1.5414086856256901,0.020678006522718454,0.06153431485002695,0.08221232137274541,120777.26138258696,582.7640369946275,25325.045982854695,60920.56247785544,20322.642238055134,81243.20471591057,11475.237633729716,2733.7730500919874,0.20968388993878884,18.53830769781315,35090.40829666114,44507.7334736656,0.29053820143764486,0.36851086838836444,27370.332035291776,27370.332035291776,0,0.0,0.0,0.0,0.0,0.0,0.0,0.0,0.0,0.0,0.0,0.0,none,2697.6279227859636,30067.95995807774,1554.4242828432318,1554.4242828432318,0.0,28924.75631813501,0.2154110468670722,0.5181811771623273,0.1728613500867164,0.0702933619006643,0.0232530639832198,0.038324425021148495,0.04046032682938152,0.03227581231826498,0.985831061499935,63626.85118517075,0.0,0.03115,0.0438999999999999,0.0438999999999999,0.0175,407.0113625000001,-0.0,0.0,0.0,0.0,0.0003902079900244444,0.0,0.0,0.03115,0.0,0.0,0.0,0.0,False,0.0,0.0,0.0,0.0,0.0,0.03115,0.0438999999999999,0.0438999999999999,False,False,1,0.0,,,,1147.4129203432317,1147.4129203432317,0.0,0.0,0.0,0.15668784534991487,0.0,0.0,0.0,0.0,False,reference
2050Q4,2050-12-31,2050,4,2051,79430.88123132168,36889.43149453083,0.015219177974386433,0.020390207990024445,0.022766332942187217,427.29039000000006,1157.4618922247935,197.21879559148095,668.6031731944616,219.39638767330248,50.27083487543332,21.972700890114346,6.063659804929099,64.7619659155606,0.0,1228.287517945283,1655.5779079452832,0.0,0.0,121360.0254195816,123015.60332752687,1.5487125589010662,0.021517595342075004,0.061854407198037586,0.0833720025401126,122432.83929053224,582.7640369946275,25667.725310300146,61744.893355345,20597.632829533868,82342.52618487887,11651.823400375712,2770.76439497753,0.2096473908392406,18.493094793907712,35365.85087109311,44905.06421919197,0.28885919068796734,0.3667730363798276,27629.74912020506,27629.74912020506,0,0.0,0.0,0.0,0.0,0.0,0.0,0.0,0.0,0.0,0.0,0.0,none,2733.7730500919874,30363.522170297045,1590.8159420297227,1590.8159420297227,0.0,29220.565062234782,0.2154110468670722,0.5181811771623273,0.1728613500867164,0.0702933619006643,0.0232530639832198,0.03834140270495146,0.04048408901361675,0.03232526897084057,0.9867110736782396,64855.138703116034,0.0,0.03115,0.0438999999999999,0.0438999999999999,0.0175,427.29039000000006,-0.0,0.0,0.0,0.0,0.0003902079900244444,0.0,0.0,0.03115,0.0,0.0,0.0,0.0,False,0.0,0.0,0.0,0.0,0.0,0.03115,0.0438999999999999,0.0438999999999999,False,False,1,0.0,,,,1163.5255520297226,1163.5255520297226,0.0,0.0,0.0,0.15668784534991487,0.0,0.0,0.0,0.0,False,reference
2051Q1,2051-03-31,2051,1,2051,80109.2122534556,37027.85847642142,0.015094632227163673,0.01921496163380243,0.02276633294218544,427.29039000000006,1173.848169776962,199.8874108539624,677.6502045749094,222.9940006300921,51.04653489336569,22.2700188246319,6.063659804929099,65.75855019256326,0.0,1245.6703797744544,1672.9607697744545,0.0,0.0,123015.60332752687,124688.56409730132,1.55648221458978,0.021335393420077897,0.06219860836146075,0.08353400178153865,124105.80006030669,582.7640369946275,26013.934422947365,62577.71529342585,20875.455975073164,83453.17126849902,11830.5575978369,2808.1367710234413,0.20961094816121745,18.5237177585655,35634.63117875756,45273.03214398788,0.2871310701147057,0.36479384623432887,28222.186672547374,28222.186672547374,0,0.0,0.0,0.0,0.0,0.0,0.0,0.0,0.0,0.0,0.0,0.0,none,2770.76439497753,30992.951067524904,1607.2022195818913,1607.2022195818913,0.0,29829.388892129264,0.2154110468670722,0.5181811771623273,0.1728613500867164,0.0702933619006643,0.0232530639832198,0.038361665049157154,0.04050446759856566,0.03223344668325465,0.9879164945343537,66100.80908289048,0.0,0.03115,0.0438999999999999,0.0438999999999999,0.0175,427.29039000000006,-0.0,0.0,0.0,0.0,-0.0007850383661975706,0.0,0.0,0.03115,0.0,0.0,0.0,0.0,False,0.0,0.0,0.0,0.0,0.0,0.03115,0.0438999999999999,0.0438999999999999,False,False,1,0.0,,,,1179.9118295818912,1179.9118295818912,0.0,0.0,0.0,0.15668784534991487,0.0,0.0,0.0,0.0,False,reference
2051Q2,2051-06-30,2051,2,2051,80793.3361481909,37166.80490327331,0.015094632227163673,0.01921496163380243,0.022850408612718587,427.29039000000006,1190.5192822587558,202.5835143187026,686.7904253453466,226.55455767191916,52.02038562568608,22.570399297100906,6.063659804929099,67.01175434251738,0.0,1263.5946964062023,1690.8850864062024,0.0,0.0,124688.56409730132,126379.44918370753,1.5642311013361638,0.02115473430710995,0.06255935237473154,0.08371408668184148,125796.6851467129,582.7640369946275,26363.734677386725,63419.17588819711,21156.16091162351,84575.33679982062,12011.716867991006,2845.8968015145624,0.20957416045295224,18.486236288100653,35915.47858853053,45626.748772131774,0.28550417323511657,0.3627023138083382,28407.37274878267,28407.37274878267,0,0.0,0.0,0.0,0.0,0.0,0.0,0.0,0.0,0.0,0.0,0.0,none,2808.1367710234413,31215.50951980611,1623.873332063685,1623.873332063685,0.0,30031.246080846355,0.2154110468670722,0.5181811771623273,0.1728613500867164,0.0702933619006643,0.0232530639832198,0.03837575393931022,0.040536025273982625,0.0323344635739578,0.9888254915980704,67364.40377929668,1.4551915228366852e-11,0.03115,0.0438999999999999,0.0438999999999999,0.0175,427.29039000000006,-0.0,0.0,0.0,0.0,-0.0007850383661975706,0.0,0.0,0.03115,0.0,0.0,0.0,0.0,False,0.0,0.0,0.0,0.0,0.0,0.03115,0.0438999999999999,0.0438999999999999,False,False,1,0.0,,,,1196.5829420636849,1196.5829420636849,0.0,0.0,0.0,0.15668784534991487,0.0,0.0,0.0,0.0,False,reference
2051Q3,2051-09-30,2051,3,2051,81483.30238602485,37306.272724295144,0.015094632227163673,0.01921496163380243,0.022850408612718587,427.29039000000006,1207.1831463640106,205.30758380014913,696.0254553729615,230.15894317013792,52.81726847858901,22.873895542173294,6.063659804929099,68.03789367771284,0.0,1281.2846998466525,1708.5750898466526,0.0,0.0,126379.44918370753,128088.02427355418,1.571954259619238,0.020975604939314996,0.06289802510833949,0.08387363004765448,127505.26023655955,582.7640369946275,26717.124512237846,64269.271383686515,21439.746386220748,85709.01776990727,12195.073636510522,2884.0443179039307,0.20953742977089546,18.477961018645168,36155.01280004842,45956.432090981114,0.28355702919997416,0.3604277345555665,28889.061497758576,28889.061497758572,0,0.0,0.0,0.0,0.0,0.0,0.0,0.0,0.0,0.0,0.0,0.0,none,2845.8968015145624,31734.958299273134,1640.5371961689398,1640.5371961689398,0.0,30529.59869392751,0.2154110468670722,0.5181811771623273,0.1728613500867164,0.0702933619006643,0.0232530639832198,0.038390278691154904,0.040553577598970325,0.03228476617910465,0.9896829910614321,68645.68847914334,0.0,0.03115,0.0438999999999999,0.0438999999999999,0.0175,427.29039000000006,-0.0,0.0,0.0,0.0,-0.0007850383661975706,0.0,0.0,0.03115,0.0,0.0,0.0,0.0,False,0.0,0.0,0.0,0.0,0.0,0.03115,0.0438999999999999,0.0438999999999999,False,False,1,0.0,,,,1213.2468061689397,1213.2468061689397,0.0,0.0,0.0,0.15668784534991487,0.0,0.0,0.0,0.0,False,reference
2051Q4,2051-12-31,2051,4,2052,82179.16085992736,37446.26389600992,0.015094632227163673,0.01921496163380243,0.022850408612718587,450.937025,1224.0426490450698,208.05960713905225,705.3552534359575,233.8234634312535,53.62381883365423,23.18050620515284,6.070944355391532,69.07648028932907,0.0,1299.1900736897903,1750.1270986897903,0.0,0.0,128088.02427355418,129838.15137224397,1.579940096900604,0.021948971991505858,0.0632369598372625,0.08518593182876837,129255.38733524934,582.7640369946275,27079.24138578403,65140.360171998735,21730.33506568156,86870.6952376803,12382.316816292414,2923.1338954926277,0.20950183929702423,18.391237297979156,36639.36737255665,47266.13543353939,0.28346491490931225,0.3656801964543679,28953.07821570572,28953.07821570572,0,0.0,0.0,0.0,0.0,0.0,0.0,0.0,0.0,0.0,0.0,0.0,none,2884.0443179039307,31837.12253360965,1681.0506184004612,1681.0506184004612,0.0,30634.12883410618,0.2154110468670722,0.5181811771623273,0.1728613500867164,0.0702933619006643,0.0232530639832198,0.03840452730273533,0.04057178900394762,0.03225196240293369,0.9905131701342524,69944.87855283314,0.0,0.03115,0.0438999999999999,0.0438999999999999,0.0175,450.937025,-0.0,0.0,0.0,0.0,-0.0007850383661975706,0.0,0.0,0.03115,0.0,0.0,0.0,0.0,False,0.0,0.0,0.0,0.0,0.0,0.03115,0.0438999999999999,0.0438999999999999,False,False,1,0.0,,,,1230.1135934004612,1230.1135934004612,0.0,0.0,0.0,0.15668784534991487,0.0,0.0,0.0,0.0,False,reference
2052Q1,2052-03-31,2052,1,2052,82909.72255926982,37585.44010062169,0.014949853670766178,0.020776005458570612,0.022850408612718587,450.937025,1241.304682374137,210.8795922917931,714.9154528876841,237.56748097712,54.44746753251754,23.494688685022,6.070944355391532,70.1370806762583,0.0,1317.5127074057868,1768.4497324057868,0.0,0.0,129838.15137224397,131606.60110464974,1.5873482269895174,0.021755567915578915,0.0635637253020083,0.08531929321758722,131023.83706765513,582.7640369946275,27445.07669200068,66020.3938210616,22023.907683528876,88044.30150459048,12571.834002817164,2962.6248682468063,0.20946628725145036,18.366317887639454,37104.450710889345,48604.25350181665,0.2831885521085006,0.37095733562374217,29559.401598461558,29559.401598461558,0,0.0,0.0,0.0,0.0,0.0,0.0,0.0,0.0,0.0,0.0,0.0,none,2923.1338954926277,32482.535493954187,1698.3126517295284,1698.3126517295284,0.0,31257.714250191086,0.2154110468670722,0.5181811771623273,0.1728613500867164,0.0702933619006643,0.0232530639832198,0.038417820375875815,0.04058938589254859,0.03215319904170881,0.9916000607946085,71262.39126023892,0.0,0.03115,0.0438999999999999,0.0438999999999999,0.0175,450.937025,-0.0,0.0,0.0,0.0,0.0007760054585706118,0.0,0.0,0.03115,0.0,0.0,0.0,0.0,False,0.0,0.0,0.0,0.0,0.0,0.03115,0.0438999999999999,0.0438999999999999,False,False,1,0.0,,,,1247.3756267295284,1247.3756267295284,0.0,0.0,0.0,0.15668784534991487,0.0,0.0,0.0,0.0,False,reference
2052Q2,2052-06-30,2052,2,2052,83646.77885396908,37725.133580227404,0.014949853670766178,0.020776005458570612,0.02253572169058371,450.937025,1258.7203806530067,213.7285347389553,724.5738221861492,241.2014741021229,55.40445224724582,23.812097378533704,6.070944355391532,70.23801971755174,0.0,1335.0293447259498,1785.9663697259498,0.0,0.0,131606.60110464974,133392.5674743757,1.5947125436504022,0.021563868025916352,0.06384127939016755,0.0854051474160839,132809.80343738108,582.7640369946275,27814.663532015504,66909.45195715973,22320.490802493383,89229.94275965312,12762.676336365092,3002.5208093473757,0.2094323070444866,18.280037847855493,37546.7951856165,49981.47623785103,0.2827110214293748,0.37633875620798546,29768.32051600019,29768.32051600019,0,0.0,0.0,0.0,0.0,0.0,0.0,0.0,0.0,0.0,0.0,0.0,none,2962.6248682468063,32730.945384246996,1715.7283500083981,1715.7283500083981,0.0,31484.048866008587,0.2154110468670722,0.5181811771623273,0.1728613500867164,0.0702933619006643,0.0232530639832198,0.03842259243163472,0.04057636421031414,0.0322437190178696,0.992297847885116,72597.42060496486,2.9103830456733704e-11,0.03115,0.0438999999999999,0.0438999999999999,0.0175,450.937025,-0.0,0.0,0.0,0.0,0.0007760054585706118,0.0,0.0,0.03115,0.0,0.0,0.0,0.0,False,0.0,0.0,0.0,0.0,0.0,0.03115,0.0438999999999999,0.0438999999999999,False,False,1,0.0,,,,1264.7913250083982,1264.7913250083982,0.0,0.0,0.0,0.15668784534991487,0.0,0.0,0.0,0.0,False,reference
2052Q3,2052-09-30,2052,3,2052,84390.3874801053,37865.34625737856,0.014949853670766178,0.020776005458570612,0.02253572169058371,450.937025,1276.036726086833,216.60669225557072,734.3312352298261,244.72145248922297,56.244585107083935,24.13276100512953,6.070944355391532,71.30424343508403,0.0,1353.4119138773085,1804.3489388773085,0.0,0.0,133392.5674743757,135196.91641325303,1.602041659604006,0.021373857306025836,0.06415005093779762,0.08552390824382346,134614.1523762584,582.7640369946275,28187.98050412814,67807.48309751891,22620.067248308147,90427.55034582705,12955.802117766925,3042.8194085362734,0.20939834338770158,18.20974767314948,38010.38493368156,51411.490877194854,0.28236544421747867,0.3819174282173186,30226.579194243513,30226.579194243513,0,0.0,0.0,0.0,0.0,0.0,0.0,0.0,0.0,0.0,0.0,0.0,none,3002.5208093473757,33229.10000359089,1733.0446954422243,1733.0446954422243,0.0,31959.62388968574,0.2154110468670722,0.5181811771623273,0.1728613500867164,0.0702933619006643,0.0232530639832198,0.03842452930292394,0.04058432758293807,0.03219722830266561,0.9929153036923164,73950.83251884217,0.0,0.03115,0.0438999999999999,0.0438999999999999,0.0175,450.937025,-0.0,0.0,0.0,0.0,0.0007760054585706118,0.0,0.0,0.03115,0.0,0.0,0.0,0.0,False,0.0,0.0,0.0,0.0,0.0,0.03115,0.0438999999999999,0.0438999999999999,False,False,1,0.0,,,,1282.1076704422244,1282.1076704422244,0.0,0.0,0.0,0.15668784534991487,0.0,0.0,0.0,0.0,False,reference
2052Q4,2052-12-31,2052,4,2053,85140.60668702472,38006.08006177218,0.014949853670767954,0.020776005458570612,0.022535721690584598,462.968345,1293.4385731493992,219.5138981758979,744.1871269952682,248.18612013948757,57.09476684263462,24.456660996110298,6.072401265484019,72.38322462741168,0.0,1371.894199042295,1834.862544042295,0.0,0.0,135196.91641325303,137031.77895729532,1.6094761863868505,0.02175076561067332,0.06445310891830276,0.08620387452897607,136449.0149203007,582.7640369946275,28567.638019404865,68720.76670597757,22924.73180296212,91645.4985089397,13152.075939036395,3083.802452919729,0.2093649267903554,18.115805697978914,39215.481963992235,52810.65490116742,0.28740025706230155,0.3870358091776178,30544.56820664264,30544.568206642638,0,0.0,0.0,0.0,0.0,0.0,0.0,0.0,0.0,0.0,0.0,0.0,none,3042.8194085362734,33587.38761517891,1762.4793194148833,1762.4793194148833,0.0,32307.047526057522,0.2154110468670722,0.5181811771623273,0.1728613500867164,0.0702933619006643,0.0232530639832198,0.038424282929922296,0.04058951151959296,0.03224399312357246,0.9934768930431079,75322.72671788446,0.0,0.03115,0.0438999999999999,0.0438999999999999,0.0175,462.968345,-0.0,0.0,0.0,0.0,0.0007760054585706118,0.0,0.0,0.03115,0.0,0.0,0.0,0.0,False,0.0,0.0,0.0,0.0,0.0,0.03115,0.0438999999999999,0.0438999999999999,False,False,1,0.0,,,,1299.5109744148833,1299.5109744148833,0.0,0.0,0.0,0.15668784534991487,0.0,0.0,0.0,0.0,False,reference
2053Q1,2053-03-31,2053,1,2053,85878.75613703064,38146.96482258528,0.014910252990658845,0.01992533565251664,0.02253572169058371,462.968345,1311.0609016924386,222.47048107611536,754.2104145981019,251.63514260920203,57.958801193677346,24.786062215342323,6.072401265484019,73.47979371393005,0.0,1390.6130966718529,1853.5814416718529,0.0,0.0,137031.77895729532,138885.36039896717,1.617226036405996,0.021563812324494978,0.06477099386269407,0.08633480618718904,138302.59636197254,582.7640369946275,28951.09157892128,69643.181873385,23232.442577119713,92875.6244505047,13350.685062110206,3125.19527043633,0.20933151177544795,18.078640717057215,40471.92982412724,54247.064596118,0.29263318902706686,0.39223460746998445,31149.78752778997,31149.78752778997,0,0.0,0.0,0.0,0.0,0.0,0.0,0.0,0.0,0.0,0.0,0.0,none,3083.802452919729,34233.5899807097,1780.1016479579228,1780.1016479579228,0.0,32929.88917574789,0.2154110468670722,0.5181811771623273,0.1728613500867164,0.0702933619006643,0.0232530639832198,0.038424299273550476,0.040592426289823604,0.032150831207552424,0.9943169144470891,76713.33981455631,0.0,0.03115,0.0438999999999999,0.0438999999999999,0.0175,462.968345,-0.0,0.0,0.0,0.0,-7.466434748336012e-05,0.0,0.0,0.03115,0.0,0.0,0.0,0.0,False,0.0,0.0,0.0,0.0,0.0,0.03115,0.0438999999999999,0.0438999999999999,False,False,1,0.0,,,,1317.1333029579228,1317.1333029579228,0.0,0.0,0.0,0.15668784534991487,0.0,0.0,0.0,0.0,False,reference
2053Q2,2053-06-30,2053,2,2053,86623.30517275418,38288.37182920213,0.014910252990658845,0.01992533565251664,0.022725734639350792,462.968345,1328.874699157737,225.4566256708495,764.3339210603987,255.1282332649709,58.83716217538583,25.118756986132006,6.072401265484019,75.21305524533884,0.0,1410.16015566856,1873.12850066856,0.0,0.0,138885.36039896717,140758.48889963573,1.624949413081375,0.021378465948704923,0.06511689448266866,0.08649536043137358,140175.7248626411,582.7640369946275,29338.382427198376,70574.82781533274,23543.232668357334,94118.06048369007,13552.27963842748,3167.002313325175,0.2092971693632917,17.97856597303838,41794.30392483134,55732.854546362716,0.29815650295930907,0.3975927686550265,31345.539284311344,31345.539284311344,0,0.0,0.0,0.0,0.0,0.0,0.0,0.0,0.0,0.0,0.0,0.0,none,3125.19527043633,34470.73455474767,1797.9154454232212,1797.9154454232212,0.0,33143.45472973456,0.2154110468670722,0.5181811771623273,0.1728613500867164,0.0702933619006643,0.0232530639832198,0.038423454557078324,0.04061364427806307,0.032233975456489185,0.9948358160614481,78123.49997022488,0.0,0.03115,0.0438999999999999,0.0438999999999999,0.0175,462.968345,-0.0,0.0,0.0,0.0,-7.466434748336012e-05,0.0,0.0,0.03115,0.0,0.0,0.0,0.0,False,0.0,0.0,0.0,0.0,0.0,0.03115,0.0438999999999999,0.0438999999999999,False,False,1,0.0,,,,1334.9471004232212,1334.9471004232212,0.0,0.0,0.0,0.15668784534991487,0.0,0.0,0.0,0.0,False,reference
2053Q3,2053-09-30,2053,3,2053,87374.3092771295,38430.303017536,0.014910252990657957,0.01992533565251664,0.022725734639350792,462.968345,1346.8434813571705,228.47265315180735,774.558735273275,258.63264771779217,59.724664120945285,25.454781093351098,6.072401265484019,76.34876805222264,0.0,1429.2646506748772,1892.2329956748772,0.0,0.0,140758.48889963573,142650.7218953106,1.632639194237955,0.021194712671505304,0.06543180312380412,0.08662651579530942,142067.95785831596,582.7640369946275,29729.543949659976,71515.78484199275,23857.12886754536,95372.91370953812,13756.273013661685,3209.2271854562046,0.20926283729163742,17.905050041956112,43152.35118506301,57213.10333410296,0.3037444321406995,0.402716447794382,31841.16233102106,31841.16233102106,0,0.0,0.0,0.0,0.0,0.0,0.0,0.0,0.0,0.0,0.0,0.0,none,3167.002313325175,35008.16464434624,1815.8842276226546,1815.8842276226546,0.0,33657.04655864371,0.2154110468670722,0.5181811771623273,0.1728613500867164,0.0702933619006643,0.0232530639832198,0.03841997805176882,0.04061608395622883,0.03218625176533211,0.9954047459629369,79552.76462089975,-2.9103830456733704e-11,0.03115,0.0438999999999999,0.0438999999999999,0.0175,462.968345,-0.0,0.0,0.0,0.0,-7.466434748336012e-05,0.0,0.0,0.03115,0.0,0.0,0.0,0.0,False,0.0,0.0,0.0,0.0,0.0,0.03115,0.0438999999999999,0.0438999999999999,False,False,1,0.0,,,,1352.9158826226546,1352.9158826226546,0.0,0.0,0.0,0.15668784534991487,0.0,0.0,0.0,0.0,False,reference
2053Q4,2053-12-31,2053,4,2054,88131.82441411512,38572.760330676436,0.014910252990658845,0.01992533565251664,0.022725734639350792,486.19494,1364.9015694896768,231.51882350797706,784.8857386408687,262.0801207647129,60.62272307301411,25.79416350310424,6.073858175576505,77.49799484693735,0.0,1448.4734225121908,1934.668362512191,0.0,0.0,142650.7218953106,144585.3902578228,1.6405582344289482,0.02206671395864722,0.06574122036580486,0.08780793432445208,144002.62622082816,582.7640369946275,30129.598962769254,72478.13556930052,24178.16184464102,96656.29741394153,13964.317757274106,3252.412086843265,0.2092295102768854,17.946988520218554,43746.64146172226,57885.20848659394,0.30379058083730187,0.40197328344433747,32910.0454357233,32910.0454357233,0,0.0,0.0,0.0,0.0,0.0,0.0,0.0,0.0,0.0,0.0,0.0,none,3209.2271854562046,36119.27262117951,1857.1703676652535,1857.1703676652535,0.0,34767.21580338856,0.2154110468670722,0.5181811771623273,0.1728613500867164,0.0702933619006643,0.0232530639832198,0.038416356307009535,0.040615943705499244,0.03247958742152108,0.9959243317023018,81001.23804341194,0.0,0.03115,0.0438999999999999,0.0438999999999999,0.0175,486.19494,-0.0,0.0,0.0,0.0,-7.466434748336012e-05,0.0,0.0,0.03115,0.0,0.0,0.0,0.0,False,0.0,0.0,0.0,0.0,0.0,0.03115,0.0438999999999999,0.0438999999999999,False,False,1,0.0,,,,1370.9754276652534,1370.9754276652534,0.0,0.0,0.0,0.15668784534991487,0.0,0.0,0.0,0.0,False,reference
2054Q1,2054-03-31,2054,1,2054,88891.20434754388,38714.97092715584,0.0148290126082804,0.01979116344579368,0.022725734639350792,486.19494,1383.3587941841338,234.63425192256557,795.4475378730715,265.5971324686093,61.53860977188507,26.141262148002735,6.073858175576505,78.67004562350985,0.0,1468.1026979832202,1954.2976379832203,0.0,0.0,144585.3902578228,146539.687895806,1.648528546456295,0.02187820239667768,0.066062900542703,0.08794110293938069,145956.92385881138,582.7640369946275,30533.629865972227,73450.0504830276,24502.38536251622,97952.43584554382,14174.831972038224,3296.0261752570973,0.20919617280717936,18.04941354335189,44331.02778574947,58541.125389329536,0.30372678879305676,0.4010849491865022,33587.62862026603,33587.628620266034,0,0.0,0.0,0.0,0.0,0.0,0.0,0.0,0.0,0.0,0.0,0.0,none,3252.412086843265,36840.0407071093,1875.6275923597102,1875.6275923597102,0.0,35463.25621262575,0.2154110468670722,0.5181811771623273,0.1728613500867164,0.0702933619006643,0.0232530639832198,0.03841185743123197,0.04061551987694797,0.032405458365560566,0.9967029848838034,82469.34074139516,0.0,0.03115,0.0438999999999999,0.0438999999999999,0.0175,486.19494,-0.0,0.0,0.0,0.0,-0.00020883655420632016,0.0,0.0,0.03115,0.0,0.0,0.0,0.0,False,0.0,0.0,0.0,0.0,0.0,0.03115,0.0438999999999999,0.0438999999999999,False,False,1,0.0,,,,1389.4326523597103,1389.4326523597103,0.0,0.0,0.0,0.15668784534991487,0.0,0.0,0.0,0.0,False,reference
2054Q2,2054-06-30,2054,2,2054,89657.12740982682,38857.705827666825,0.014829012608279513,0.01979116344579479,0.022859099804621197,486.19494,1401.9709202295155,237.78064258125872,806.1143040512263,269.1504998583866,62.43366335501531,26.491810383628916,6.073858175576505,80.32069466204165,0.0,1488.3654730671337,1974.5604130671336,0.0,0.0,146539.687895806,148514.24830887315,1.656468956784749,0.021691301251604046,0.06640255007340341,0.08809385132500745,147931.48427187852,582.7640369946275,30941.670026731055,74431.6098501384,24829.826197627604,99261.43604776601,14388.305144752732,3340.073052628727,0.20916216841213026,18.101240643084456,44902.64272807198,59212.85311972208,0.30353675520179907,0.4002721490368925,33861.63200792324,33861.63200792324,0,0.0,0.0,0.0,0.0,0.0,0.0,0.0,0.0,0.0,0.0,0.0,none,3296.0261752570973,37157.658183180334,1894.2397184050922,1894.2397184050922,0.0,35755.87172632833,0.2154110468670722,0.5181811771623273,0.1728613500867164,0.0702933619006643,0.0232530639832198,0.03840798087537871,0.04062695900172532,0.032495766027440066,0.9972612982938036,83957.7062144623,0.0,0.03115,0.0438999999999999,0.0438999999999999,0.0175,486.19494,-0.0,0.0,0.0,0.0,-0.00020883655420520994,0.0,0.0,0.03115,0.0,0.0,0.0,0.0,False,0.0,0.0,0.0,0.0,0.0,0.03115,0.0438999999999999,0.0438999999999999,False,False,1,0.0,,,,1408.044778405092,1408.044778405092,0.0,0.0,0.0,0.15668784534991487,0.0,0.0,0.0,0.0,False,reference
2054Q3,2054-09-30,2054,3,2054,90429.64997924482,39000.96696522091,0.014829012608281289,0.019791163445792792,0.022859099804621197,486.19494,1420.7944816190072,240.9582553331681,816.8869181052672,272.7301886497408,63.37328237032804,26.845837160503393,6.073858175576505,81.53032547515922,0.0,1508.398665269743,1994.593605269743,0.0,0.0,148514.24830887315,150508.8419141429,1.6643749251344808,0.021505996765954095,0.06672142004822298,0.08822741681417708,149926.07787714826,582.7640369946275,31353.764990554562,75422.92323244837,25160.520898974217,100583.44413142258,14604.311119693357,3384.557635477739,0.20912816125455053,18.177465340560172,45436.5298851012,59718.244149770166,0.3030595512698771,0.3983179243753993,34412.224181790036,34412.224181790036,0,0.0,0.0,0.0,0.0,0.0,0.0,0.0,0.0,0.0,0.0,0.0,none,3340.073052628727,37752.297234418766,1913.0632797945839,1913.0632797945839,0.0,36325.28746158462,0.2154110468670722,0.5181811771623273,0.1728613500867164,0.0702933619006643,0.0232530639832198,0.03840531222717632,0.04062636905066898,0.03244780152072386,0.9977908485368263,85466.10487973205,0.0,0.03115,0.0438999999999999,0.0438999999999999,0.0175,486.19494,-0.0,0.0,0.0,0.0,-0.00020883655420720834,0.0,0.0,0.03115,0.0,0.0,0.0,0.0,False,0.0,0.0,0.0,0.0,0.0,0.03115,0.0438999999999999,0.0438999999999999,False,False,1,0.0,,,,1426.8683397945838,1426.8683397945838,0.0,0.0,0.0,0.15668784534991487,0.0,0.0,0.0,0.0,False,reference
2054Q4,2054-12-31,2054,4,2055,91208.82891985717,39144.756279956215,0.014829012608279513,0.01979116344579368,0.022859099804622085,508.6235875,1439.851891978524,244.16744486394364,827.7665824761192,276.3904352950033,64.32404734830634,27.203381995152327,6.0767719957614785,82.75430823507148,0.0,1528.6829722093569,2037.3065597093569,0.0,0.0,150508.8419141429,152546.14847385226,1.6724932254956435,0.022305892687073718,0.06704100865290447,0.08934690133997818,151963.38443685762,582.7640369946275,31774.797137201032,76435.7354189426,25498.3874399791,101934.12285892169,14824.457476695074,3430.006964039817,0.20909508731298224,18.217902179472027,45939.021276992775,60094.37343559692,0.30230322552523115,0.39545298137635754,34726.84664991878,34726.84664991878,0,0.0,0.0,0.0,0.0,0.0,0.0,0.0,0.0,0.0,0.0,0.0,none,3384.557635477739,38111.404285396515,1954.5522514742854,1954.5522514742854,0.0,36681.39890139306,0.2154110468670722,0.5181811771623273,0.1728613500867164,0.0702933619006643,0.0232530639832198,0.03840042013745902,0.040627060915966316,0.032487962594204896,0.9983450334817957,86994.78785194141,0.0,0.03115,0.0438999999999999,0.0438999999999999,0.0175,508.6235875,-0.0,0.0,0.0,0.0,-0.00020883655420632016,0.0,0.0,0.03115,0.0,0.0,0.0,0.0,False,0.0,0.0,0.0,0.0,0.0,0.03115,0.0438999999999999,0.0438999999999999,False,False,1,0.0,,,,1445.9286639742854,1445.9286639742854,0.0,0.0,0.0,0.15668784534991487,0.0,0.0,0.0,0.0,False,reference
2055Q1,2055-03-31,2055,1,2055,91998.29702064375,39289.12037721519,0.014833626650489373,0.019945074784910366,0.022859099804621197,508.6235875,1459.2323457256282,247.44623270595304,838.8821962228932,280.04220450740684,65.29303131590513,27.568680973470027,6.0767719957614785,84.00175218054687,0.0,1549.3108699019365,2057.9344574019365,0.0,0.0,152546.14847385226,154604.08293125418,1.6805102696255578,0.022114478375001596,0.06736258909463433,0.08947706746963592,154021.31889425954,582.7640369946275,32200.004047677925,77458.59019177343,25839.604112383993,103298.19430415743,15047.213594891306,3475.9069475329,0.20906199400736358,18.31319383120935,46437.956337721196,60376.28365013608,0.30150343258391593,0.3919995237255843,35416.304364614945,35416.304364614945,0,0.0,0.0,0.0,0.0,0.0,0.0,0.0,0.0,0.0,0.0,0.0,none,3430.006964039817,38846.31132865476,1973.9327052213896,1973.9327052213896,0.0,37390.23706983634,0.2154110468670722,0.5181811771623273,0.1728613500867164,0.0702933619006643,0.0232530639832198,0.0383935501264566,0.04062536839905865,0.032404166455023746,0.999116783623011,88544.09872184334,-2.9103830456733704e-11,0.03115,0.0438999999999999,0.0438999999999999,0.0175,508.6235875,-0.0,0.0,0.0,0.0,-5.492521508963441e-05,0.0,0.0,0.03115,0.0,0.0,0.0,0.0,False,0.0,0.0,0.0,0.0,0.0,0.03115,0.0438999999999999,0.0438999999999999,False,False,1,0.0,,,,1465.3091177213896,1465.3091177213896,0.0,0.0,0.0,0.15668784534991487,0.0,0.0,0.0,0.0,False,reference
2055Q2,2055-06-30,2055,2,2055,92794.59844984312,39434.016882759664,0.014833626650488485,0.019945074784910366,0.022480077339169124,508.6235875,1478.723202895257,250.75753152129184,850.1080273547116,283.72158643297905,66.19845549547875,27.937602090795682,6.0767719957614785,83.86194693240375,0.0,1568.661921823422,2077.285509323422,0.0,0.0,154604.08293125418,156681.36844057761,1.6884750950807363,0.021924706653045918,0.06761867384646564,0.08954338049951156,156098.60440358298,582.7640369946275,32629.409504102063,78491.54475991633,26184.190000673578,104675.73476058991,15271.199985716172,3522.260153174837,0.2090307573778226,18.354368773170634,46971.30622151765,60724.28941436293,0.30090791907451225,0.389012378722901,35689.84119204001,35689.84119204001,0,0.0,0.0,0.0,0.0,0.0,0.0,0.0,0.0,0.0,0.0,0.0,none,3475.9069475329,39165.74813957291,1993.4235623910183,1993.4235623910183,0.0,37683.26475443103,0.2154110468670722,0.5181811771623273,0.1728613500867164,0.0702933619006643,0.0232530639832198,0.03838808636290529,0.04058526507403919,0.03249499008011695,0.9996452280299989,90112.76064366677,2.9103830456733704e-11,0.03115,0.0438999999999999,0.0438999999999999,0.0175,508.6235875,-0.0,0.0,0.0,0.0,-5.492521508963441e-05,0.0,0.0,0.03115,0.0,0.0,0.0,0.0,False,0.0,0.0,0.0,0.0,0.0,0.03115,0.0438999999999999,0.0438999999999999,False,False,1,0.0,,,,1484.7999748910183,1484.7999748910183,0.0,0.0,0.0,0.15668784534991487,0.0,0.0,0.0,0.0,False,reference
2055Q3,2055-09-30,2055,3,2055,93597.79235408481,39579.447760087416,0.014833626650490261,0.019945074784911254,0.022480077339169124,508.6235875,1498.4540342185824,254.1015265131948,861.4447037400798,287.41378057150735,67.18385741265806,28.310165981142745,6.0767719957614785,85.11028003424195,0.0,1589.6410862485857,2098.2646737485857,0.0,0.0,156681.36844057761,158779.6331143262,1.6964036129576159,0.021736563425592485,0.06793498206602563,0.08967154549161811,158196.86907733156,582.7640369946275,33063.06519955712,79534.72347346073,26532.186587104046,106066.91006056478,15497.821656109685,3569.072161099976,0.20899949153478417,18.401879506545207,47378.458434062675,60980.41093178203,0.299490493777741,0.38547166759648643,36221.88359359585,36221.883593595834,0,0.0,0.0,0.0,0.0,0.0,0.0,0.0,0.0,0.0,0.0,0.0,none,3522.260153174837,39744.14374677067,2013.1543937143438,2013.1543937143438,0.0,38235.03798731018,0.2154110468670722,0.5181811771623273,0.1728613500867164,0.0702933619006643,0.0232530639832198,0.03838375001111108,0.04058277259306596,0.032453164424413504,1.0,91702.40172991535,0.0,0.03115,0.0438999999999999,0.0438999999999999,0.0175,508.6235875,-0.0,0.0,0.0,0.0,-5.492521508874623e-05,0.0,0.0,0.03115,0.0,0.0,0.0,0.0,False,0.0,0.0,0.0,0.0,0.0,0.03115,0.0438999999999999,0.0438999999999999,False,False,1,0.0,,,,1504.5308062143438,1504.5308062143438,0.0,0.0,0.0,0.15668784534991487,0.0,0.0,0.0,0.0,False,reference
2055Q4,2055-12-31,2055,4,2056,94407.93839194835,39725.414979937486,0.014833626650489373,0.019945074784910366,0.022480077339169124,527.2519,1518.425151989649,257.478620241551,872.8935901212297,291.185671198089,68.18085293393845,28.686417494841052,6.084056546223911,86.37330021910392,0.0,1610.882508754977,2138.134408754977,0.0,0.0,158779.6331143262,160917.7675230812,1.7044940315824668,0.022339303621313568,0.06825199389768105,0.09059129751899463,160335.00348608656,582.7640369946275,33505.03720786797,80597.90745993773,26886.856782380975,107484.7642423187,15728.420142464813,3616.7818934350435,0.2089689492586405,18.40692527754726,47694.319795426876,61431.695404078666,0.29746667139696453,0.3831458762490971,36519.4514007494,36519.45140074939,0,0.0,0.0,0.0,0.0,0.0,0.0,0.0,0.0,0.0,0.0,0.0,none,3569.072161099976,40088.52356184937,2051.761108535873,2051.761108535873,0.0,38571.212509285266,0.2154110468670722,0.5181811771623273,0.1728613500867164,0.0702933619006643,0.0232530639832198,0.038380746776854706,0.04058159040070567,0.032351469912465125,1.0,93313.28423867033,2.9103830456733704e-11,0.03115,0.0438999999999999,0.0438999999999999,0.0175,527.2519,-0.0,0.0,0.0,0.0,-5.492521508963441e-05,0.0,0.0,0.03115,0.0,0.0,0.0,0.0,False,0.0,0.0,0.0,0.0,0.0,0.03115,0.0438999999999999,0.0438999999999999,False,False,1,0.0,,,,1524.509208535873,1524.509208535873,0.0,0.0,0.0,0.15668784534991487,0.0,0.0,0.0,0.0,False,reference
2056Q1,2056-03-31,2056,1,2056,95240.53370351072,39872.106310048424,0.01485254191540597,0.02058758735569799,0.022480077339169124,527.2519,1538.827797934821,260.92047725627185,884.5620343728148,295.0800578455469,69.19534399170398,29.069884468484155,6.084056546223911,87.65848421037597,0.0,1632.570338691421,2159.8222386914213,0.0,0.0,160917.7675230812,163077.5897617726,1.712270851709447,0.02214401282720089,0.0685661986638465,0.0907102114910474,162494.82572477797,582.7640369946275,33951.40417150073,81671.66371350783,27245.053806581323,108916.71752008915,15961.73798338636,3664.9660498016997,0.20893837093006995,18.467316260345783,47923.14948555792,61803.63718070282,0.29492107992858,0.38034218569753947,37224.51443241749,37224.51443241749,0,0.0,0.0,0.0,0.0,0.0,0.0,0.0,0.0,0.0,0.0,0.0,none,3616.7818934350435,40841.296325852534,2072.163754481045,2072.163754481045,0.0,39296.678186898534,0.2154110468670722,0.5181811771623273,0.1728613500867164,0.0702933619006643,0.0232530639832198,0.038377739439907736,0.04058148118310811,0.03231370533744481,1.0,94945.85457736175,0.0,0.03115,0.0438999999999999,0.0438999999999999,0.0175,527.2519,-0.0,0.0,0.0,0.0,0.000587587355697989,0.0,0.0,0.03115,0.0,0.0,0.0,0.0,False,0.0,0.0,0.0,0.0,0.0,0.03115,0.0438999999999999,0.0438999999999999,False,False,1,0.0,,,,1544.911854481045,1544.911854481045,0.0,0.0,0.0,0.15668784534991487,0.0,0.0,0.0,0.0,False,reference
2056Q2,2056-06-30,2056,2,2056,96080.47177633495,40019.33931722782,0.01485254191540597,0.02058758735569799,0.022908651366030597,527.2519,1559.4425725902438,264.396559985562,896.3465092557465,299.0131829557815,70.22915576787254,29.457164625281163,6.084056546223911,90.64047784164525,0.0,1656.167106978113,2183.419006978113,0.0,0.0,163077.5897617726,165261.0087687507,1.7200270326883973,0.021950429270471774,0.06894916631273389,0.09089959558320565,164678.24473175607,582.7640369946275,34402.21178532295,82756.1021552758,27606.814328560347,110362.91648383615,16199.486899754542,3713.6295628424186,0.2089056258849529,18.477778688357528,48188.90521949969,62329.28116475323,0.2926245983371663,0.37849128927917114,37546.08109159478,37546.08109159477,0,0.0,0.0,0.0,0.0,0.0,0.0,0.0,0.0,0.0,0.0,0.0,none,3664.9660498016997,41211.04714139647,2092.778529136468,2092.778529136468,0.0,39638.859620731244,0.2154110468670722,0.5181811771623273,0.1728613500867164,0.0702933619006643,0.0232530639832198,0.03837449117846461,0.040622800702352274,0.032354826622489195,1.0,96602.02168433987,0.0,0.03115,0.0438999999999999,0.0438999999999999,0.0175,527.2519,-0.0,0.0,0.0,0.0,0.000587587355697989,0.0,0.0,0.03115,0.0,0.0,0.0,0.0,False,0.0,0.0,0.0,0.0,0.0,0.03115,0.0438999999999999,0.0438999999999999,False,False,1,0.0,,,,1565.5266291364678,1565.5266291364678,0.0,0.0,0.0,0.15668784534991487,0.0,0.0,0.0,0.0,False,reference
2056Q3,2056-09-30,2056,3,2056,96927.8173671428,40167.11600168965,0.01485254191540597,0.0205875873556971,0.022908651366030597,527.2519,1580.2634211408085,267.9072242782025,908.24822115415,302.9844642058276,71.27521389128255,29.848297611345938,6.084056546223911,91.99056111004478,0.0,1678.3380387970774,2205.5899387970776,0.0,0.0,165261.0087687507,167466.5987075478,1.727745483767766,0.02175853802641103,0.06926135693079213,0.09101989495720317,166883.83467055316,582.7640369946275,34857.5044399281,83851.32956885523,27972.17397052977,111823.503539385,16440.049466833356,3762.7772244066687,0.208872863622415,18.474723714591168,48493.6085442619,62850.670770025055,0.2905830192600353,0.3766132944757598,37968.216423148515,37968.21642314852,0,0.0,0.0,0.0,0.0,0.0,0.0,0.0,0.0,0.0,0.0,0.0,none,3713.6295628424186,41681.84598599094,2113.5993776870328,2113.5993776870328,0.0,40081.81580083555,0.2154110468670722,0.5181811771623273,0.1728613500867164,0.0702933619006643,0.0232530639832198,0.0383712253182478,0.040622722838284775,0.032332790514310025,1.0,98280.35972313695,0.0,0.03115,0.0438999999999999,0.0438999999999999,0.0175,527.2519,-0.0,0.0,0.0,0.0,0.0005875873556971008,0.0,0.0,0.03115,0.0,0.0,0.0,0.0,False,0.0,0.0,0.0,0.0,0.0,0.03115,0.0438999999999999,0.0438999999999999,False,False,1,0.0,,,,1586.3474776870326,1586.3474776870326,0.0,0.0,0.0,0.15668784534991487,0.0,0.0,0.0,0.0,False,reference
2026Q4,2026-12-31,2026,4,2027,32813.516450759125,24573.2,0.01902398695529306,0.02374108660242924,0.02771554138299126,194.872,262.77373580186674,55.91196830625741,138.7066086465815,45.90202768161394,6.830451248587104,15.422679918826764,4.968063415379199,15.669722733652822,0.0,283.41152195089876,478.2835219508988,5.538,0.0,32215.665354410852,32699.486876361752,0.9965249206201814,0.023755088887523573,0.03454814388774138,0.05830323277526495,32116.722839367125,582.7640369946275,6900.719597135018,16599.998264328406,5537.634784657662,22137.633048986067,2333.4554051875534,744.9147880584759,0.21486375280719644,24.389899668742217,10389.974586384971,13385.224783509682,0.3235066864807714,0.416768075947734,7665.516018009889,7665.51601800989,0,0.0,0.0,0.0,0.0,0.0,0.0,0.0,0.0,0.0,0.0,0.0,none,734.0288243174178,8399.544842327308,468.151799217246,468.151799217246,0.0,8133.667817227136,0.2154110468670722,0.5181811771623273,0.1728613500867164,0.0702933619006643,0.0232530639832198,0.04609959276180814,0.03518928059787473,0.08383483966658266,0.2734150701709626,283.41152195089876,0.0,0.08277999999999999,0.09197,0.09197,0.0675,194.872,-0.0,0.0,0.0,0.0,0.0037410866024292395,0.0,0.0,0.03278,0.0,500.0,0.027962136632742052,0.0,False,0.0,0.0,0.0,0.0,200.0,0.08277999999999999,0.09197,0.09197,False,False,1,0.0,,,,258.56643891327826,267.74179921724595,9.175360303967693,9.175360303967647,0.001118485465309571,0.15668784534991487,1.4376674363378306,0.00017525307761455367,0.0,0.0,False,persistent
2027Q1,2027-03-31,2027,1,2027,33153.02935550696,24684.925351107366,0.01831094440391512,0.023296209984862815,0.026152401325720165,194.25262227780686,370.17820987926297,142.81039206270918,155.50621409485328,47.832561402724565,8.418975029950598,15.610067289025272,4.968063415379199,15.10898639416756,0.0,390.25525968880976,584.5078819666167,5.538,0.0,32699.486876361752,33289.532758328365,1.0041173734489737,0.02343708868288262,0.04708532128440149,0.07052240996728411,32706.76872133374,582.7640369946275,7024.567355692784,16897.919741670186,5637.019152640981,22534.938894311166,2388.9786388522384,758.2838324775358,0.21477411649995398,24.524138806185366,10399.118012213594,13227.263250397351,0.31795002743363426,0.4044197506361906,7820.433550822089,7820.43355082209,0,0.0,0.0,0.0,0.0,0.0,0.0,0.0,0.0,0.0,0.0,0.0,none,744.9147880584759,8565.348338880565,574.9368955724491,574.9368955724491,0.0,8395.37044639454,0.2154110468670722,0.5181811771623273,0.1728613500867164,0.0702933619006643,0.0232530639832198,0.048352563409985325,0.047738395549065664,0.08378865448021088,0.31143032055334124,673.6667816397085,-7.275957614183426e-12,0.08268381326940354,0.09229285995205273,0.09228190663470182,0.06752190663470183,194.90615191774094,-0.6535296399340909,0.0,0.0,0.00017525307761455367,0.003296209984862814,0.0,4.381326940363842e-05,0.03268381326940353,4.3813269403635e-05,500.0,0.3396786158011089,0.0,False,0.0,0.0,0.0,0.0,200.0,0.08268381326940354,0.09229285995205273,0.09228190663470182,False,False,1,0.0,,,,265.27934243201616,375.1462732946422,109.86693086262602,109.82043984143723,0.013250124284427754,0.15668784534991487,17.207528094134748,0.0020761334247455672,-7.885006620977421e-05,0.0,False,persistent
2027Q2,2027-06-30,2027,2,2027,33452.469674481385,24769.00921212162,0.013694909988571258,0.022616048740021766,0.02507028033791192,197.896333224054,395.36054481672477,145.20450388411248,173.848297018459,50.18691216366012,10.297649788113418,15.823181962379781,4.968063415379199,14.834347503227477,0.0,415.1629557353315,613.0592889593854,5.538,0.0,33289.532758328365,33908.13004728775,1.0136211280434686,0.023662986338496336,0.04964212923891011,0.07330511557740643,33325.366010293124,582.7640369946275,7154.624562971398,17210.778333400936,5741.386429833419,22952.164763234356,2446.253513301455,772.3231707859129,0.21469005203908537,24.605681953973498,10443.600325355133,13087.221985699878,0.3133829144480947,0.3927105251194438,7926.77785888108,7926.777858881079,0,0.0,0.0,0.0,0.0,0.0,0.0,0.0,0.0,0.0,0.0,0.0,none,758.2838324775358,8685.061691358615,603.7629414561579,603.7629414561579,0.0,8530.540800337236,0.2154110468670722,0.5181811771623273,0.1728613500867164,0.0702933619006643,0.0232530639832198,0.05047145571639399,0.04988510457617836,0.08357476285020146,0.34823508214838234,1088.82973737504,0.0,0.08233022059316916,0.09233766544487687,0.09238511029658458,0.06740511029658458,194.70699327085788,3.1893399531961015,0.0,0.0,-0.0008467441661306092,0.0026160487400217654,0.0,-0.0001897794068308331,0.032330220593169166,-0.00018977940683083394,500.0,0.8325987747452634,0.0,False,0.0,0.0,0.0,0.0,200.0,0.08233022059316916,0.09233766544487687,0.09238511029658458,False,False,1,0.0,,,,271.80669833890045,400.328608232104,128.52190989320354,128.7520606293371,0.015395223358059366,0.15668784534991487,20.173882964372435,0.002412244376655003,0.00038135778724032943,0.0,False,persistent
2027Q3,2027-09-30,2027,3,2027,33786.889448842456,24879.31825214602,0.017933397825729225,0.02225851542461697,0.024382592342289344,198.37772771287305,420.5199377197755,147.26045463268542,192.7248421345554,52.59740776735453,11.881117549352137,16.056115635828096,4.968063415379199,14.777064960707447,0.0,440.26506609586215,638.6427938087352,5.538,0.0,33908.13004728775,34552.31084109649,1.0226543906450156,0.023485763969274716,0.05212259231646383,0.07560835628573855,33969.54680410186,582.7640369946275,7290.20507910459,17536.923498525768,5850.1860081517025,23387.109506677472,2505.2734823557034,786.9587359640932,0.21461001882498737,24.719231135341737,10427.219240519697,12886.287127194639,0.3069578555360826,0.3793482203783362,8091.671147492852,8091.671147492852,0,0.0,0.0,0.0,0.0,0.0,0.0,0.0,0.0,0.0,0.0,0.0,none,772.3231707859129,8863.994318278765,629.4037288480278,629.4037288480278,0.0,8721.07487634088,0.2154110468670722,0.5181811771623273,0.1728613500867164,0.0702933619006643,0.0232530639832198,0.052665857360503616,0.05193622479114895,0.08339871835983836,0.3852050091549166,1529.0948034709022,7.275957614183426e-12,0.08209024217412521,0.09240268163059381,0.0924851210870625,0.0673351210870626,194.6832764128639,3.694451300009139,0.0,0.0,-0.0009710180438081296,0.002258515424616969,1.0515184656872262e-05,-0.00032975782587479473,0.032090242174125205,-0.0003402730105316644,500.0,1.2837932396961405,0.0,False,0.0,0.0,0.0,0.0,200.0,0.08209024217412521,0.09240268163059381,0.0924851210870625,False,False,1,0.0,,,,278.44556637070593,425.4880011351547,147.04243476444879,147.31209508562182,0.01744014882561718,0.15668784534991487,23.082014772947865,0.0027326593420678043,0.00043738282633007776,0.0,False,persistent
2027Q4,2027-12-31,2027,4,2028,34136.174024417334,25000.718969507565,0.01966166238064937,0.021904805572692372,0.024173362542742365,217.80310262443507,447.3181683513782,149.61367511068337,212.6915002932315,55.17732875161814,13.509606093745706,16.3260581020996,5.137064986107641,15.004878505718608,0.0,467.4601118432044,685.2632144676395,2.14175,0.0,34552.31084109649,35239.715805564134,1.0323276352047375,0.02552167708878473,0.05477592321961259,0.08029760030839732,34656.9517685695,582.7640369946275,7435.047485535157,17885.348566593562,5966.417994809504,23851.766561403067,2567.5436234459803,802.5940981852883,0.21453264370117006,24.674793316221564,10436.57026782617,12868.816754997877,0.3011393020805461,0.3713199256799222,8023.682335989309,8023.682335989309,0,0.0,0.0,0.0,0.0,0.0,0.0,0.0,0.0,0.0,0.0,0.0,none,786.9587359640932,8810.641071953401,672.4000859619208,672.4000859619208,0.0,8696.082421951229,0.2154110468670722,0.5181811771623273,0.1728613500867164,0.0702933619006643,0.0232530639832198,0.054488638745526084,0.054116219779686364,0.08312689366747728,0.4156350031580524,1996.5549153141067,0.0,0.08198304526525779,0.09252228394894335,0.0926115226326289,0.0673215226326289,215.3175609780519,2.485541646383169,0.0,0.0,-0.0006468039802069287,0.0019048055726923717,-4.049976900410285e-05,-0.0003569547347422067,0.031983045265257797,-0.00031645496573810133,500.0,1.735788754997425,0.0,False,0.0,0.0,0.0,0.0,200.0,0.08198304526525779,0.09252228394894335,0.0926115226326289,False,False,1,0.0,,,,285.8024293090417,452.4552333374858,166.6528040284441,166.8397575014202,0.019549907073016563,0.15668784534991487,26.141762121599825,0.003063232816062026,0.00029125017286416396,0.0,False,persistent
2028Q1,2028-03-31,2028,1,2028,34493.82201056071,25128.178534286326,0.02054942667775861,0.02157875745553119,0.023810245168778173,215.95080141235346,472.18861621563957,152.38695863899247,230.1209573715835,58.04706636563604,14.985018348930229,16.64861549049756,5.137064986107641,15.148862085797834,0.0,492.47454328754503,708.4253446998985,2.14175,0.0,35239.715805564134,35950.28290026402,1.0422238187828938,0.02504225844804759,0.05710872435496048,0.08215098280300806,35367.5188632694,582.7640369946275,7584.848255033009,18245.701204989684,6086.628929374096,24332.33013436378,2631.575771029242,818.7647028433615,0.2144580252959215,24.653872596031448,10418.976152428268,12804.926532739697,0.294591661708246,0.362053289127899,8240.515408192101,8240.515408192101,0,0.0,0.0,0.0,0.0,0.0,0.0,0.0,0.0,0.0,0.0,0.0,none,802.5940981852883,9043.10950637739,695.4182326141006,695.4182326141006,0.0,8935.9336408062,0.2154110468670722,0.5181811771623273,0.1728613500867164,0.0702933619006643,0.0232530639832198,0.05640544959680465,0.055899944937670164,0.08310884965500714,0.44712078568839336,2489.0294586016516,-1.4551915228366852e-11,0.0819740239961447,0.09268551799710853,0.09275701199807235,0.06735701199807236,215.42242305086754,0.5283783614859298,0.0,0.0,-0.00013614197717926957,0.0015787574555311892,-9.79508562525093e-05,-0.0002859760038553027,0.03197402399614469,-0.00018802514760279596,500.0,2.2065080531913583,0.0,False,0.0,0.0,0.0,0.0,200.0,0.0819740239961447,0.09268551799710853,0.09275701199807235,False,False,1,0.0,,,,292.6683234915916,477.3256812017472,184.65735771015562,184.70636287922193,0.02141906603712071,0.15668784534991487,28.941242021964783,0.0033561073067639837,6.127223145340644e-05,0.0,False,persistent
2028Q2,2028-06-30,2028,2,2028,34847.58610068915,25252.074185196492,0.019868527482798992,0.021365859911845246,0.0234928510707161,214.0546530489015,498.8422009594067,155.44013321629805,248.54498302565798,60.83466814056287,17.02491389980273,16.997502677085013,5.137064986107641,15.321477956540777,0.0,519.300743902055,733.3553969509566,2.14175,0.0,35950.28290026402,36685.78004721498,1.0527495345363242,0.024570385154416,0.05960823138814603,0.08417861654256202,36103.01601022035,582.7640369946275,7739.98204981929,18618.882680912877,6211.119467816075,24830.002148728952,2697.5208179184606,835.5109937536467,0.21438602380555102,24.630906913839667,10389.698399293116,12789.348536044583,0.2877792369577077,0.35424598688442166,8402.033327213449,8402.033327213449,0,0.0,0.0,0.0,0.0,0.0,0.0,0.0,0.0,0.0,0.0,0.0,none,818.7647028433615,9220.79803005681,720.1756689944158,720.1756689944158,0.0,9122.208996207864,0.2154110468670722,0.5181811771623273,0.1728613500867164,0.0702933619006643,0.0232530639832198,0.05828105892094151,0.05777987843297236,0.08318853768044154,0.4779607202180408,3008.3302025037065,0.0,0.08203974325252181,0.09288730743939141,0.09292487162626095,0.06742487162626096,215.52550863957725,-1.4708555906757452,0.0,0.0,0.00037532525161781873,0.0013658599118452457,-0.0001348000779398742,-0.00015025674747810232,0.0320397432525218,-1.545666953822744e-05,500.0,2.717832768494177,0.0,False,0.0,0.0,0.0,0.0,200.0,0.08203974325252181,0.09288730743939141,0.09292487162626095,False,False,1,0.0,,,,299.83068908838544,503.9792659455143,204.1485768571289,204.0553280571079,0.02342260694528537,0.15668784534991487,31.972989685438264,0.0036700378147347156,-0.00016883299594133458,0.0,False,persistent
2028Q3,2028-09-30,2028,3,2028,35196.27274188885,25373.065348488115,0.0193035244895583,0.02092155365371205,0.023211611914560108,212.13710097444033,526.1656251164293,158.74653503657552,267.4622105677631,63.726734966414114,18.857734864545005,17.372409681131746,5.137064986107641,15.51901434341718,0.0,546.8217044459541,758.9588054203944,2.14175,0.0,36685.78004721498,37446.88060263537,1.0639444942722005,0.024109041605643124,0.06214541050480656,0.08625445211044967,36864.11656564075,582.7640369946275,7900.588550107447,19005.229001538646,6340.001699606376,25345.23070114502,2765.4492653552566,852.8480490330174,0.21431650304272318,24.579838259152453,10365.793815411746,12812.382882149095,0.2811892642796491,0.34755703040747477,8524.698061457402,8524.698061457402,0,0.0,0.0,0.0,0.0,0.0,0.0,0.0,0.0,0.0,0.0,0.0,none,835.5109937536467,9360.20905521105,745.5815410769771,745.5815410769771,0.0,9270.27960253438,0.2154110468670722,0.5181811771623273,0.1728613500867164,0.0702933619006643,0.0232530639832198,0.060082755571374394,0.059622197346458364,0.0833771225616162,0.5070468860511702,3555.1519069496608,-7.275957614183426e-12,0.08217022665654622,0.09311016999240967,0.09310011332827312,0.06752011332827312,215.6273139477699,-3.4902129733295664,0.0,0.0,0.0008822379061766018,0.0009215536537120483,-0.00014027259501183179,4.0226656546225444e-05,0.03217022665654622,0.00018049925155805627,500.0,3.270740993067256,0.0,False,0.0,0.0,0.0,0.0,200.0,0.08217022665654622,0.09311016999240967,0.09310011332827312,False,False,1,0.0,,,,306.9018351017775,531.3026901025369,224.40085500075935,224.16039426070336,0.025475469621977193,0.15668784534991487,35.12320918949703,0.0039916964443448165,-0.0003966571118396505,0.0,False,persistent
2028Q4,2028-12-31,2028,4,2029,35547.57534152507,25495.63783640379,0.019463716651500818,0.020660862605563025,0.022953504561436727,168.49602412556072,553.8814131256818,162.2982879706107,286.37383876270735,66.8357793007595,20.600173169306593,17.773333922297997,5.268186894431433,15.734393598113883,0.0,574.8839936182271,743.3800177437879,-2.42575,0.0,37446.88060263537,38187.83487037917,1.0742739695601649,0.01896005817631463,0.06468896830177596,0.08364902647809061,37605.07083338454,582.7640369946275,8056.808922405973,19381.024289624966,6465.364186160916,25846.388475785883,2832.1618020242463,869.7116331684294,0.21424793901075181,24.37037896585185,10495.233442159855,12737.963654281633,0.2790909100706316,0.3387299471052529,8498.144805127593,8498.144805127593,0,0.0,0.0,0.0,0.0,0.0,0.0,0.0,0.0,0.0,0.0,0.0,none,852.8480490330174,9350.99285416061,725.219874145674,725.219874145674,0.0,9223.364679273267,0.2154110468670722,0.5181811771623273,0.1728613500867164,0.0702933619006643,0.0232530639832198,0.061503625461371586,0.0614079447330808,0.0833497180026524,0.5297723604189009,4130.035900567887,1.4551915228366852e-11,0.08235990891906195,0.09335993168929646,0.09328995445953098,0.06763995445953098,174.02323277604683,-5.527208650486095,0.0,0.0,0.0013840252471989342,0.000660862605563025,-0.00011494762801452646,0.0002799089190619514,0.03235990891906195,0.0003948565470764803,500.0,3.863488340363541,0.0,False,0.0,0.0,0.0,0.0,0.0,0.08235990891906195,0.09335993168929646,0.09328995445953098,False,False,1,0.0,,,,314.22450105214443,559.1496000201132,244.92509896796878,244.5301003198202,0.027515812031677016,0.15668784534991487,38.31489454231116,0.0043113933002967356,-0.000621950565953731,0.0,False,persistent
2029Q1,2029-03-31,2029,1,2029,35902.563903006616,25620.171611944676,0.019681669693523363,0.02046311072985675,0.022857918056216432,166.54341097982194,578.3877758943138,165.8895122569104,302.3030757770085,69.86960664835567,22.14987987622637,18.17570133581312,5.268186894431433,16.047424243713493,0.0,599.7033870324587,766.2467980122807,-2.42575,0.0,38187.83487037917,38951.65591839145,1.0849268599207058,0.018555043748936823,0.06681454713402653,0.08536959088296335,38368.89188139682,582.7640369946275,8217.887621521544,19768.506506240305,6594.625344324787,26363.131850565092,2900.7727482232945,887.0996610868841,0.21418099972561344,24.192995136945576,10609.592217131727,12725.09369250975,0.2765154711772063,0.33165132138412157,8695.03190247672,8695.03190247672,0,0.0,0.0,0.0,0.0,0.0,0.0,0.0,0.0,0.0,0.0,0.0,none,869.7116331684294,9564.74353564515,747.7736237685672,747.7736237685672,0.0,9442.805526245287,0.2154110468670722,0.5181811771623273,0.1728613500867164,0.0702933619006643,0.0232530639832198,0.0629385917031497,0.06281617054939405,0.08354891051104436,0.5527848441458063,4729.739287600346,0.0,0.082594150716819,0.09363311303761432,0.09349207535840955,0.06778207535840955,174.10617002626,-7.562759046438049,0.0,0.0,0.001875928232403384,0.00046311072985675064,-5.97144010836409e-05,0.0005641507168190911,0.03259415071681899,0.0006238651179027305,500.0,4.488297488352488,0.0,False,0.0,0.0,0.0,0.0,0.0,0.082594150716819,0.09363311303761432,0.09349207535840955,False,False,1,0.0,,,,320.4281059918952,583.6559627887452,263.22785679685,262.6721559421696,0.029265002538737622,0.15668784534991487,41.15753414799539,0.004585470191954587,-0.0008425870717054529,0.0,False,persistent
2029Q2,2029-06-30,2029,2,2029,36365.353135871075,25819.4647965895,0.03147998400641239,0.020442590776435805,0.022781971793072633,153.08169958370428,604.0819239490629,169.6873621964579,318.4269058963331,73.00557613539678,24.19796502339862,18.764114697476856,5.268186894431433,16.382031915174892,0.0,625.7321427586693,778.8138423423736,-2.42575,0.0,38951.65591839145,39728.04401073382,1.0924696334529957,0.01683819200234338,0.06882728628216643,0.08566547828450981,39145.27997373919,582.7640369946275,8381.601322623486,20162.327341282973,6726.001018004319,26888.32835928729,2970.5781611907773,904.7721306376325,0.21411524782161032,23.99744018326426,10786.242069582226,12661.576712291062,0.27554387340742564,0.32345091721875907,8851.25212938029,8851.25212938029,0,0.0,0.0,0.0,0.0,0.0,0.0,0.0,0.0,0.0,0.0,0.0,none,887.0996610868841,9738.351790467173,760.0060604271986,760.0060604271986,0.0,9611.258189807488,0.2154110468670722,0.5181811771623273,0.1728613500867164,0.0702933619006643,0.0232530639832198,0.06443461182677894,0.06425730850258646,0.08447739832371359,0.5749666156974935,5355.471430359015,0.0,0.08360882365567299,0.09449161774175474,0.0940844118278365,0.06831441182783649,174.7045890486831,-21.622889464978808,0.0,0.0,0.005313428983743812,0.0004425907764358042,2.452140176996756e-05,0.0016288236556729744,0.03360882365567298,0.0016043022539030082,500.0,4.793233086960735,0.0,False,0.0,0.0,0.0,0.0,0.0,0.08360882365567299,0.09449161774175474,0.0940844118278365,False,False,1,0.0,,,,326.59819844466887,609.3501108434943,282.7519123988255,281.06101607873035,0.030915252221377663,0.15668784534991487,44.03884502123404,0.004844044259016835,-0.0023784055536806895,0.0,False,persistent
2029Q3,2029-09-30,2029,3,2029,36772.473703871336,25976.898929423744,0.024613976745624155,0.020422136611193385,0.022782579026886258,146.1055346390253,630.9522942819862,175.19395673384565,334.1611618267667,76.09567688205291,26.13578420094188,19.365714638379174,5.268186894431433,16.77669941122206,0.0,652.9971805876396,799.1027152266649,-2.42575,0.0,39728.04401073382,40524.72097596049,1.1020395663970282,0.015892924236276616,0.0710310854631347,0.08692400969941132,39941.95693896586,582.7640369946275,8549.6004553347,20566.456979092432,6860.8156308861635,27427.272609978594,3042.1766722333887,922.9072014191693,0.21405061520643806,23.77821653437317,11001.272364476055,12694.415037454866,0.2754314812688517,0.3178215593405409,8981.549135783893,8981.549135783891,0,0.0,0.0,0.0,0.0,0.0,0.0,0.0,0.0,0.0,0.0,0.0,none,904.7721306376325,9886.321266421524,779.9002658154429,779.9002658154429,0.0,9761.449401599333,0.2154110468670722,0.5181811771623273,0.1728613500867164,0.0702933619006643,0.0232530639832198,0.06595962593820372,0.0657467234391113,0.08551485801698595,0.5956507156609915,6008.468610946655,7.275957614183426e-12,0.08461587600949338,0.09531690700712012,0.09464793800474675,0.06883793800474675,175.009813036936,-28.904278397910694,0.0,0.0,0.007036096723591651,0.00042213661119338414,0.00013658666767877095,0.0026758760094934783,0.034615876009493375,0.002539289341814705,500.0,5.304358550721444,0.0,False,0.0,0.0,0.0,0.0,0.0,0.08461587600949338,0.09531690700712012,0.09464793800474675,False,False,1,0.0,,,,331.8908722778337,636.2204811764176,304.3296088985839,302.0284668269289,0.03285375569336603,0.15668784534991487,47.324189701449725,0.0051477841912460215,-0.00314412118484895,0.0,False,persistent
2029Q4,2029-12-31,2029,4,2030,37155.60575070066,26113.861661570405,0.02125730947136506,0.020635857016437897,0.02282315002310995,161.11418375623637,659.0136922041296,180.85798301482725,350.6420424614067,79.37829265167927,28.165391356187822,19.969982720028582,5.3789120614604125,17.21139930471598,0.0,681.604003570306,842.7181873265423,-5.94,0.0,40524.72097596049,41361.49916328702,1.1131967391624895,0.01734480496291714,0.07337832230685165,0.09072312726976879,40778.7351262924,582.7640369946275,8726.144195119965,20991.14106207273,7002.48705234985,27993.62811442258,3116.998176370288,941.9646403795626,0.21398761310508913,23.52385231634488,10972.796131627649,12706.524266350987,0.26908132627568565,0.31159682189745896,9120.048651473482,9120.048651473482,0,0.0,0.0,0.0,0.0,0.0,0.0,0.0,0.0,0.0,0.0,0.0,none,922.9072014191693,10042.955852892652,819.5667880218263,819.5667880218263,0.0,9939.615439495308,0.2154110468670722,0.5181811771623273,0.1728613500867164,0.0702933619006643,0.0232530639832198,0.06734704672498171,0.06727784790667776,0.08640870925980512,0.6151430243301774,6690.072614516961,-7.275957614183426e-12,0.08555250577445023,0.09608187933083767,0.09517125288722511,0.06932125288722511,193.7139924886637,-32.599808732427334,0.0,0.0,0.00786028905876443,0.0006358570164378963,0.0004526606733498244,0.0036425057744502148,0.03555250577445022,0.003189845101100392,500.0,5.938447066602515,0.0,False,0.0,0.0,0.0,0.0,0.0,0.08555250577445023,0.09608187933083767,0.09517125288722511,False,False,1,0.0,,,,338.2719085737127,664.39260426559,326.12069569187724,323.4587304062594,0.034822065082350036,0.15668784534991487,50.682051526975776,0.005456194348387932,-0.003509544045779696,0.0,False,persistent
2030Q1,2030-03-31,2030,1,2030,37532.0386615505,26242.067019774993,0.019782992703686775,0.02094764366818984,0.023090983548290322,159.0747612629743,686.9559544491765,186.6358754104215,366.98161042860744,82.74905432143257,30.003701413577183,20.58571287513802,5.3789120614604125,17.839895306581912,0.0,710.1747618172187,869.2495230801931,-5.94,0.0,41361.49916328702,42224.80868636722,1.125033709656284,0.016953490077898446,0.07568731005755396,0.09264080013545241,41642.04464937259,582.7640369946275,8908.267692732992,21429.247509047458,7148.63607366411,28577.88358271157,3194.2689741979802,961.6243997300513,0.2139248388915795,23.28122403886434,11027.7682520273,12776.072040358125,0.2648229294426217,0.3068070299605382,9317.40267971545,9317.402679715447,0,0.0,0.0,0.0,0.0,0.0,0.0,0.0,0.0,0.0,0.0,0.0,none,941.9646403795626,10259.36732009501,845.4696277736111,845.4696277736111,0.0,10162.872307489059,0.2154110468670722,0.5181811771623273,0.1728613500867164,0.0702933619006643,0.0232530639832198,0.06876805070476324,0.06867978929038226,0.08724862255444517,0.6344301031613778,7400.2473763341795,7.275957614183426e-12,0.08641607484052927,0.09678955613039703,0.09565303742026468,0.0697730374202647,193.83999221930776,-34.76523095633345,0.0,0.0,0.008301968023322044,0.0009476436681898383,0.0008657732632983278,0.004546074840529364,0.036416074840529264,0.0036803015772310377,500.0,6.641998171687402,0.0,False,0.0,0.0,0.0,0.0,0.0,0.08641607484052927,0.09678955613039703,0.09565303742026468,False,False,1,0.0,,,,344.0284847046092,692.3348665106369,348.3063818060277,345.373584739362,0.03680840125459832,0.15668784534991487,54.11584283358687,0.005767429083358114,-0.0037051257747902208,0.0,False,persistent
2030Q2,2030-06-30,2030,2,2030,37910.208697179754,26367.35536527869,0.01923453010676268,0.021273239999007806,0.023478594147727724,157.40484475426385,716.3034168950851,192.45438190867083,384.1658833525613,86.24395377260956,32.21736040555065,21.22183745569284,5.3789120614604125,18.586384078788736,0.0,740.2687130353341,897.673557789598,-5.94,0.0,42224.80868636722,43116.54224415682,1.1373332863599979,0.016608174965385893,0.0781075851044212,0.0947157600698071,42533.77820716219,582.7640369946275,9096.353239491064,21881.695939356887,7299.569472936162,29181.265412293047,3274.231808550964,981.9277468271164,0.21386186750650202,23.093455816010117,10974.401766308483,12743.848723692383,0.25801615160678393,0.2996171339781536,9554.469233900378,9554.469233900378,0,0.0,0.0,0.0,0.0,0.0,0.0,0.0,0.0,0.0,0.0,0.0,none,961.6243997300513,10516.09363363043,873.1471737108093,873.1471737108093,0.0,10427.616407611187,0.2154110468670722,0.5181811771623273,0.1728613500867164,0.0702933619006643,0.0232530639832198,0.0702456146729702,0.07012642435245313,0.08812013255160299,0.6543564654282682,8140.516089369514,7.275957614183426e-12,0.08727495417816047,0.09747871563362034,0.09612247708908023,0.07021247708908024,193.96911788907127,-36.564273134807415,0.0,0.0,0.008647441606908474,0.001273239999007806,0.0013200751415582274,0.005424954178160471,0.03727495417816047,0.004104879036602241,500.0,7.385086781094219,0.0,False,0.0,0.0,0.0,0.0,0.0,0.08727495417816047,0.09747871563362034,0.09612247708908023,False,False,1,0.0,,,,350.3293819395668,721.6823289565455,371.35294701697865,368.1310757902522,0.038842421441762046,0.15668784534991487,57.68166507192083,0.006086135323883029,-0.0038579870057563193,0.0,False,persistent
2030Q3,2030-09-30,2030,3,2030,38296.63470101237,26493.351502903188,0.019251399797205027,0.021730672942439074,0.02392962796272384,155.70220224159982,747.3638251253554,198.47095304123602,402.7039481945645,90.01941004596355,34.290757822796095,21.878756020795336,5.3789120614604125,19.414428041454592,0.0,772.1571652282704,927.8593674698702,-5.94,0.0,43116.54224415682,44038.461611626684,1.1499303256132458,0.016262755561389716,0.08065013244705373,0.09691288800844344,43455.69757463206,582.7640369946275,9290.762773296043,22349.357011264718,7455.577695225688,29804.934706490407,3357.0863429167985,1002.9137519288171,0.21379849575167492,22.883530011747062,10986.72278223289,12752.873384084422,0.2528258294177415,0.2934683849495747,9743.46329596324,9743.46329596324,0,0.0,0.0,0.0,0.0,0.0,0.0,0.0,0.0,0.0,0.0,0.0,none,981.9277468271164,10725.391042790356,902.5049394284156,902.5049394284156,0.0,10645.968235391656,0.2154110468670722,0.5181811771623273,0.1728613500867164,0.0702933619006643,0.0232530639832198,0.0717584165993062,0.07163442382329845,0.08894356147033472,0.6737028393183949,8912.673254597785,-7.275957614183426e-12,0.08812572678179928,0.09816929508634946,0.09659286339089965,0.07065286339089964,194.1216230202956,-38.41942077869578,0.0,0.0,0.008997623610496993,0.0017306729424390738,0.0017917917201263865,0.006305726781799274,0.03812572678179928,0.004513935061672889,500.0,8.157737744888681,0.0,False,0.0,0.0,0.0,0.0,0.0,0.08812572678179928,0.09816929508634946,0.09659286339089965,False,False,1,0.0,,,,356.860937306329,752.7427371868158,395.8817998804868,392.31670335019896,0.04097662433402568,0.15668784534991487,61.471258942724404,0.006420538976611374,-0.004012824738115191,0.0,False,persistent
2030Q4,2030-12-31,2030,4,2031,38691.34147543589,26620.435661251162,0.019325827922843875,0.02211478981291523,0.024397422505136598,145.885342068233,780.0197287275258,204.68880543849968,422.12982547795775,93.78673027183088,36.847678650317384,22.566688888920254,5.499835599136797,20.291349503995804,0.0,805.8109138306584,951.6962558988914,-9.2495,0.0,44038.461611626684,44980.90836752558,1.16255747803634,0.015081962682617427,0.08330658830655913,0.09838855098917655,44398.14433053095,582.7640369946275,9489.405234761698,22827.200585277027,7614.982723764874,30442.183309041902,3442.199096131165,1024.3566905961898,0.2137342760119861,22.47584800349969,11226.01443614904,13706.399682047198,0.25284873062654845,0.3087155981116494,9654.903412088177,9654.903412088177,0,0.0,0.0,0.0,0.0,0.0,0.0,0.0,0.0,0.0,0.0,0.0,none,1002.9137519288171,10657.817164016995,922.1554063948955,922.1554063948955,0.0,10577.058818483072,0.2154110468670722,0.5181811771623273,0.1728613500867164,0.0702933619006643,0.0232530639832198,0.0728279727476886,0.07319155886389224,0.08970737762261392,0.6860558305360581,9718.484168428444,7.275957614183426e-12,0.08900450475634498,0.09886337856725874,0.09706225237817248,0.0711022523781725,186.34418356713306,-40.45884149890004,0.0,0.0,0.009382158315366255,0.0021147898129152305,0.002274802382138369,0.0072045047563449776,0.03900450475634498,0.004929702374206611,500.0,8.956714223036721,0.0,False,0.0,0.0,0.0,0.0,0.0,0.08900450475634498,0.09886337856725874,0.09706225237817248,False,False,1,0.0,,,,364.1768105270961,785.5195643266626,421.3427537995665,417.3593801346015,0.04314757402759705,0.15668784534991487,65.39514200986677,0.00676070040646013,-0.00418272822353149,0.0,False,persistent
2031Q1,2031-03-31,2031,1,2031,39096.09878372629,26749.080803799156,0.019470858002355262,0.02259514765252398,0.02486473466285985,143.89662495058172,808.8244515668531,211.1499533380581,438.5028801908817,97.65478304943595,38.23395893815756,23.282876050319537,5.499835599136797,21.200672368372246,0.0,835.5249595343621,979.4215844849439,-9.2495,0.0,44980.90836752558,45951.08045201053,1.1753367185356516,0.014722351275670354,0.08548422840410343,0.1002065796797738,45368.3164150159,582.7640369946275,9693.824160092652,23318.939708700986,7779.023203257042,31097.962911958028,3530.106159404831,1046.4231835603828,0.21366947081342902,22.167937893635777,11445.224999546426,14682.0501644432,0.2522735226683067,0.323619021480457,9953.947413843238,9953.947413843236,0,0.0,0.0,0.0,0.0,0.0,0.0,0.0,0.0,0.0,0.0,0.0,none,1024.3566905961898,10978.304104439427,948.9714121165715,948.9714121165715,0.0,10902.918825959807,0.2154110468670722,0.5181811771623273,0.1728613500867164,0.0702933619006643,0.0232530639832198,0.07403442028772542,0.074300407871494,0.09051237332472045,0.7001338749566338,10554.009127962807,0.0,0.08991706537014399,0.09957529902760799,0.09754353268507199,0.071563532685072,186.54622028660245,-42.64959533602074,0.0,0.0,0.00979176071450972,0.0025951476525239783,0.0027691637511254204,0.008127065370143984,0.039917065370143986,0.005357901619018567,500.0,9.772243403340086,0.0,False,0.0,0.0,0.0,0.0,0.0,0.08991706537014399,0.09957529902760799,0.09754353268507199,False,False,1,0.0,,,,370.54116330856755,814.3242871659899,443.7831238574223,439.32399705372274,0.04494811612626587,0.15668784534991487,68.83673050886016,0.00704282346836236,-0.0043635653339175184,0.0,False,persistent
2031Q2,2031-06-30,2031,2,2031,39507.33537468552,26876.634575371136,0.0192109840659882,0.023088416472853153,0.02536509537183636,142.09064956192026,840.1955801800364,217.91005517243306,455.53879870759306,101.83026785632595,40.895996418251535,24.02046202543289,5.499835599136797,22.17553883737075,0.0,867.8709546165438,1009.9616041784641,-9.2495,0.0,45951.08045201053,46951.792556188986,1.1884322774720344,0.014386254928543259,0.08786934845245327,0.10225560338099653,46369.02851919436,582.7640369946275,9904.611746030487,23825.998938025816,7948.174355051122,31774.173293076936,3621.0663231627573,1069.1771569241794,0.21360403834922903,21.79240054561039,11677.48765131874,15700.443179632215,0.2518380915935055,0.3385976303802235,10097.532923442912,10097.532923442912,0,0.0,0.0,0.0,0.0,0.0,0.0,0.0,0.0,0.0,0.0,0.0,none,1046.4231835603828,11143.956107003294,978.5365653410934,978.5365653410934,0.0,11076.069488784005,0.2154110468670722,0.5181811771623273,0.1728613500867164,0.0702933619006643,0.0232530639832198,0.07511855944867077,0.07554738178771779,0.09150314745462859,0.7125342530264146,11421.880082579351,-7.275957614183426e-12,0.09081930371116177,0.10030447778337134,0.09803965185558089,0.07202965185558088,186.7626652862159,-44.672015724295655,0.0,0.0,0.01015295417928447,0.0030884164728531525,0.00327670997502489,0.009059303711161776,0.04081930371116177,0.005782593736136883,500.0,10.617017493350446,0.0,False,0.0,0.0,0.0,0.0,0.0,0.09081930371116177,0.10030447778337134,0.09803965185558089,False,False,1,0.0,,,,377.29469512290785,845.6954157791731,468.40072065626526,463.41728733691514,0.046919619654617516,0.15668784534991487,72.61185625072362,0.007351734108319535,-0.004522908497941313,0.0,False,persistent
2031Q3,2031-09-30,2031,3,2031,39926.55951262389,27003.925906299875,0.019079545444257162,0.02359584152891277,0.025855814196802225,140.2587220310799,871.2955382113879,224.88248557597075,473.25761782061375,105.97614786454147,42.40438424017165,24.774902710090384,5.499835599136797,23.182820894106506,0.0,899.9781947046312,1040.236916735711,-9.2495,0.0,46951.792556188986,47982.779972924705,1.2017759746555077,0.014051671242720849,0.09016336049892584,0.10421503174164667,47400.015935930074,582.7640369946275,10121.703989058173,24348.224309848625,8122.384818111899,32470.609127960524,3715.0911172375095,1092.6117016738674,0.21353798704919288,21.47479514525693,11891.298288221484,16737.37384888895,0.25087118756024857,0.3531090342145163,10370.507164272123,10370.507164272125,0,0.0,0.0,0.0,0.0,0.0,0.0,0.0,0.0,0.0,0.0,0.0,none,1069.1771569241794,11439.684321196304,1007.8045958416045,1007.8045958416045,0.0,11378.31176011373,0.2154110468670722,0.5181811771623273,0.1728613500867164,0.0702933619006643,0.0232530639832198,0.07631304212891162,0.0766725311820709,0.0922349628619083,0.7258715337571363,12321.858277283982,7.275957614183426e-12,0.09168773673153698,0.10102580254865273,0.09852386836576849,0.0725038683657685,187.0035816964097,-46.74485966532977,0.0,0.0,0.01051629524863942,0.00359584152891277,0.003798681418394973,0.010007736731536973,0.04168773673153697,0.006209055313142,500.0,11.48348752780075,0.0,False,0.0,0.0,0.0,0.0,0.0,0.09168773673153698,0.10102580254865273,0.09852386836576849,False,False,1,0.0,,,,383.6252802100756,876.7953738105247,493.1700936004491,487.6016461697271,0.048849853543284465,0.15668784534991487,76.4012513274061,0.007654178297356147,-0.0046830841661225624,0.0,False,persistent
2031Q4,2031-12-31,2031,4,2032,40354.29595785049,27131.483299855874,0.019028944219289246,0.024059110121055723,0.02637148101366567,146.4690763254929,904.8479915483937,232.00903265582835,491.6852663897759,110.26712004717638,45.3244964426417,25.56207601297129,5.6120176762582625,24.254553743095233,0.0,934.7145629677472,1081.18363929324,-11.316,0.0,47982.779972924705,49052.647612217945,1.2155495827124023,0.014518313141032404,0.09265081110016576,0.10716912424119818,48469.88357522331,582.7640369946275,10346.94059843444,24890.041329375334,8303.130907748435,33193.17223712377,3812.8453300112524,1116.9254096538566,0.21347153810213723,21.109256232532548,12830.858418487293,17786.756845590364,0.2647181604753458,0.36696512418863214,10525.746892097273,10525.746892097271,0,0.0,0.0,0.0,0.0,0.0,0.0,0.0,0.0,0.0,0.0,0.0,none,1092.6117016738674,11618.35859377114,1045.613085550145,1045.613085550145,0.0,11571.359977647417,0.2154110468670722,0.5181811771623273,0.1728613500867164,0.0702933619006643,0.0232530639832198,0.07737645974699389,0.07792083439060259,0.09322343341238631,0.7375226627393441,13256.572840251729,0.0,0.09258155682869045,0.10176866762151784,0.09902577841434523,0.07298577841434523,195.30934080543173,-48.84026447993884,0.0,0.0,0.010875098729335413,0.004059110121055722,0.0043318850407841406,0.010971556828690445,0.04258155682869044,0.0066396717879063025,500.0,12.374711309103814,0.0,False,0.0,0.0,0.0,0.0,0.0,0.09258155682869045,0.10176866762151784,0.09902577841434523,False,False,1,0.0,,,,390.70821291197274,910.4600092246519,519.7517963126792,513.5193521069938,0.05090108400288859,0.15668784534991487,80.46224082712912,0.007975581178387633,-0.004841146482243361,0.0,False,persistent
2032Q1,2032-03-31,2032,1,2032,40792.26508906886,27260.076916290767,0.01909379438550607,0.02456149162203424,0.02690866745986737,144.55952257711397,938.1758198216453,239.4839672542606,510.58477241933855,114.74175060257811,46.976412263564065,26.388917281904217,5.6120176762582625,25.39481160254972,0.0,969.1826491004532,1113.742171677567,-11.316,0.0,49052.647612217945,50155.07378389551,1.2295241187117998,0.014175189562185083,0.09503592379430442,0.10921111335648949,49572.30974690088,582.7640369946275,10578.945051216866,25448.13870737975,8489.308002736734,33937.446710116485,3913.94829678592,1141.9696887816156,0.2134043199768038,20.805989815881944,13819.248185448429,18918.785018310526,0.27876950370085124,0.38164017603584177,10827.265526328552,10827.265526328554,0,0.0,0.0,0.0,0.0,0.0,0.0,0.0,0.0,0.0,0.0,0.0,none,1116.9254096538566,11944.190935982411,1077.0313600750176,1077.0313600750176,0.0,11904.296886403572,0.2154110468670722,0.5181811771623273,0.1728613500867164,0.0702933619006643,0.0232530639832198,0.07852485017961049,0.079032035682335,0.0940051306261363,0.7502248709426419,14225.755489352183,0.0,0.09350556699245419,0.10252667524434071,0.09953778349622715,0.07347778349622715,195.61503299646196,-51.05551041934801,0.0,0.0,0.011250479147775775,0.004561491622034241,0.004876225054886822,0.011955566992454283,0.043505566992454184,0.007079341937567464,500.0,13.28597834172307,0.0,False,0.0,0.0,0.0,0.0,0.0,0.09350556699245419,0.10252667524434071,0.09953778349622715,False,False,1,0.0,,,,397.2004542136721,943.7878374979035,546.5873832842315,539.619774165387,0.05291393091186685,0.15668784534991487,84.55185972218214,0.008290969823574674,-0.005006391315399584,0.0,False,persistent
2032Q2,2032-06-30,2032,2,2032,41240.41958377315,27389.27685884709,0.0190933237741433,0.02510194920751393,0.027445391836884873,142.62685215083087,973.7710175813323,247.29756379901255,529.8230899444736,119.37466444580359,50.02608465848557,27.24961473355715,5.6120176762582625,26.582912479198427,0.0,1005.965947736789,1148.5927998876198,-11.316,0.0,50155.07378389551,51292.35058378313,1.2437397849357748,0.01383369554338387,0.09757087419475294,0.11140456973813681,50709.5865467885,582.7640369946275,10818.200784252373,26023.679373424045,8681.304047647218,34704.983421071265,4018.6056166535723,1167.7967248112946,0.2133364028568973,20.459708040703088,14844.445363191018,20109.124256591735,0.29273449803213064,0.3965546877026405,11003.584847218573,11003.584847218572,0,0.0,0.0,0.0,0.0,0.0,0.0,0.0,0.0,0.0,0.0,0.0,none,1141.9696887816156,12145.554536000187,1110.6938874084215,1110.6938874084215,0.0,12114.278734626992,0.2154110468670722,0.5181811771623273,0.1728613500867164,0.0702933619006643,0.0232530639832198,0.07954673747370013,0.08022844923496442,0.09502351883501833,0.761344126028497,15231.721437088972,0.0,0.09444776889001381,0.10329832666751027,0.10005888444500681,0.07397888444500691,195.9477960594442,-53.32094390861331,0.0,0.0,0.011626322142499052,0.005101949207513931,0.005431206477549213,0.012957768890013814,0.04444776889001381,0.007526562412464601,500.0,14.22170580719988,0.0,False,0.0,0.0,0.0,0.0,0.0,0.09444776889001381,0.10329832666751027,0.10005888444500681,False,False,1,0.0,,,,403.8991036884169,979.3830352575906,575.4839315691736,567.6996859602558,0.05506245491097072,0.15668784534991487,88.9516405989358,0.00862761741967684,-0.005171716917215215,0.0,False,persistent
2032Q3,2032-09-30,2032,3,2032,41700.425803833,27519.596121639286,0.0191684232598881,0.025707894369875493,0.028002946293840005,140.5855722416819,1009.087443302397,255.43873186920854,549.3872312520538,124.17739196370268,51.93363017624634,28.15045804118554,5.6120176762582625,27.84250449929822,0.0,1042.5419654779535,1183.1275377196353,-11.316,0.0,51292.35058378313,52464.162121502755,1.2581205373850255,0.013485288893981472,0.10000300432252426,0.11348829321650572,51881.39808450813,582.7640369946275,11064.624351281878,26616.462593695407,8879.05207918708,35495.51467288249,4126.861550408181,1194.397509935589,0.21326765969681516,20.15110741373667,15913.968832853903,21367.40502139176,0.3067374708548157,0.41185098725726327,11281.582490273218,11281.58249027322,0,0.0,0.0,0.0,0.0,0.0,0.0,0.0,0.0,0.0,0.0,0.0,none,1167.7967248112946,12449.379215084515,1143.9690332203372,1143.9690332203372,0.0,12425.551523493557,0.2154110468670722,0.5181811771623273,0.1728613500867164,0.0702933619006643,0.0232530639832198,0.0806143835077863,0.08130194491866935,0.0958721095576482,0.7728474447504439,16274.263402566925,-1.4551915228366852e-11,0.09542245929653351,0.10408684447240013,0.10059122964826675,0.07449122964826675,196.31193839706458,-55.7263661553827,0.0,0.0,0.012021466115512044,0.005707894369875493,0.005997611096864773,0.013982459296533498,0.045422459296533504,0.007984848199668729,500.0,15.17731695436817,0.0,False,0.0,0.0,0.0,0.0,0.0,0.09542245929653351,0.10408684447240013,0.10059122964826675,False,False,1,0.0,,,,410.01740025663065,1014.6994609786552,604.6820607220245,596.0032520401946,0.057169991965445255,0.15668784534991487,93.38646538372035,0.008957842859737561,-0.005345400204547596,0.0,False,persistent
2032Q4,2032-12-31,2032,4,2033,42172.93072397727,27651.03336405556,0.01924183570834037,0.026351048385000724,0.028571176434175914,196.68428748705384,1046.2813988603152,263.95341669790713,569.2640196400105,129.15032137698245,54.822022871942046,29.091618273472992,5.6542680689403735,29.166659189972048,0.0,1081.1023261192277,1277.7866136062814,-14.7595,0.0,52464.162121502755,53727.18923510905,1.2739733358052503,0.01865502673023667,0.10253992858073492,0.12119495531097159,53144.42519811442,582.7640369946275,11330.411523455577,27255.82585641889,9092.338863156094,36348.16471957498,4242.760409055357,1223.088546028496,0.21320037767305805,20.18935600813534,16289.6667782402,21745.687190794793,0.30651694354609677,0.40918096507263263,12182.073302033112,12182.073302033112,0,0.0,0.0,0.0,0.0,0.0,0.0,0.0,0.0,0.0,0.0,0.0,none,1194.397509935589,13376.4708119687,1233.8604544163095,1233.8604544163095,0.0,13415.933756449422,0.2154110468670722,0.5181811771623273,0.1728613500867164,0.0702933619006643,0.0232530639832198,0.08247310139413229,0.08242596716710977,0.09739822663898662,0.7965482518741855,17355.365728686153,1.4551915228366852e-11,0.09642692204722306,0.10489019153541729,0.10113346102361154,0.07501346102361153,254.87389884885994,-58.189611361806115,0.0,0.0,0.012417054985392969,0.006351048385000724,0.006575238203477423,0.015026922047223059,0.046426922047223054,0.008451683843745634,500.0,16.15632453591016,0.0,False,0.0,0.0,0.0,0.0,0.0,0.09642692204722306,0.10489019153541729,0.10113346102361154,False,False,1,0.0,,,,416.33677809969083,1051.9356669292556,635.5988888295648,625.936203402353,0.05936852788335901,0.15668784534991487,98.07659503762075,0.009302326715639865,-0.005519143238363808,0.0,False,persistent
2033Q1,2033-03-31,2033,1,2033,42657.665107524655,27783.698867101306,0.01932995740843091,0.026924236053141235,0.02913924649718606,194.65809485306207,1096.470097553254,273.1391771838022,601.8253041546091,134.54292904032783,56.855341917827474,30.10734525668743,5.6542680689403735,30.575603314073952,0.0,1132.6999689362683,1327.3580637893303,-14.7595,0.0,53727.18923510905,55039.78779889837,1.2902672394319479,0.01825304731165186,0.10621303028012793,0.1244660775917798,54457.02376190374,582.7640369946275,11606.573431479175,27920.14602322709,9313.951082946016,37234.09710617311,4363.453716295079,1252.899507956384,0.21313271695172467,20.29058360969056,16709.549269643376,22160.351314483058,0.3068391938329322,0.4069328395795599,12567.968105360858,12567.96810536086,0,0.0,0.0,0.0,0.0,0.0,0.0,0.0,0.0,0.0,0.0,0.0,none,1223.088546028496,13791.056651389355,1282.0229604752565,1282.0229604752565,0.0,13849.991065836117,0.2154110468670722,0.5181811771623273,0.1728613500867164,0.0702933619006643,0.0232530639832198,0.08444452405120637,0.08432973956479257,0.09830633323708624,0.8213745250528661,18488.06569762242,-1.4551915228366852e-11,0.09746333809420199,0.1057100035706515,0.101686669047101,0.075546669047101,255.4231611641447,-60.76506631108261,0.0,0.0,0.012824444063346012,0.006924236053141235,0.007165021406338599,0.01609333809420198,0.04746333809420199,0.008928316687863386,500.0,17.182877206138713,0.0,False,0.0,0.0,0.0,0.0,0.0,0.09746333809420199,0.1057100035706515,0.101686669047101,False,False,1,0.0,,,,423.4026921243684,1102.1243656221943,678.7216734978259,667.9613718465214,0.0626345928838656,0.15668784534991487,104.66142813160472,0.00981407940334201,-0.005697927081373602,0.0,False,persistent
2033Q2,2033-06-30,2033,2,2033,43161.64053724355,27921.870195538217,0.0200413144319751,0.027509131467726634,0.029729515249352665,191.83712149731593,1150.4284170541237,282.80384761685923,636.2491187154734,140.17668115297064,60.01650630074548,31.18226326807487,5.6542680689403735,32.075428349456985,0.0,1188.158113472521,1379.995234969837,-14.7595,0.0,55039.78779889837,56405.02353386821,1.306832243440727,0.01777848284814684,0.11011241451281509,0.12789089736096193,55822.25949687359,582.7640369946275,11893.750888769899,28610.96460025773,9544.402973430435,38155.36757368816,4489.241464549405,1283.8995698661167,0.21306466266267898,20.351115861046782,17161.962032518244,22562.891847481715,0.307439401185103,0.4041916620867951,12816.226869717853,12816.226869717853,0,0.0,0.0,0.0,0.0,0.0,0.0,0.0,0.0,0.0,0.0,0.0,none,1252.899507956384,14069.126377674238,1333.16030662038,1333.16030662038,0.0,14149.387176338234,0.2154110468670722,0.5181811771623273,0.1728613500867164,0.0702933619006643,0.0232530639832198,0.08635553616483103,0.08634903301689709,0.09947209600420297,0.8446967433667568,19676.22381109494,7.275957614183426e-12,0.09855232026209843,0.10656674019657382,0.10226116013104922,0.07611116013104921,256.05415189494573,-64.21703039762981,0.0,0.0,0.013402372027983531,0.007509131467726634,0.007766744277335404,0.017222320262098426,0.04855232026209842,0.009455575984763022,500.0,18.238947056064102,0.0,False,0.0,0.0,0.0,0.0,0.0,0.09855232026209843,0.10656674019657382,0.10226116013104922,False,False,1,0.0,,,,430.77618113124424,1156.082685123064,725.3065039918198,713.2675902794596,0.06610199069370326,0.15668784534991487,111.76036187881441,0.010357378495136488,-0.005951305798232378,0.0,False,persistent
2033Q3,2033-09-30,2033,3,2033,43682.60007035468,28063.921587558354,0.020505660032326123,0.028079573030978407,0.03033101148285803,188.4898618773638,1205.9811386630245,293.0391866769172,672.2794100091929,146.06825057180322,62.26301841539245,32.331272989718926,5.6542680689403735,33.660334858280635,0.0,1245.2957415902456,1433.7856034676095,-14.7595,0.0,56405.02353386821,57824.04963733582,1.32373186449994,0.01725994895668154,0.11403128381411243,0.13129123277079396,57241.285600341194,582.7640369946275,12192.17397927984,29328.835065036106,9783.879170556165,39112.71423559227,4620.283816745332,1316.1135687237522,0.21299615917793374,20.450060852594657,17649.452771184082,22909.957667136787,0.30833431824736796,0.40023485543448784,13181.1045548673,13181.1045548673,0,0.0,0.0,0.0,0.0,0.0,0.0,0.0,0.0,0.0,0.0,0.0,none,1283.8995698661167,14465.004124733416,1385.3657686093288,1385.3657686093288,0.0,14566.470323476628,0.2154110468670722,0.5181811771623273,0.1728613500867164,0.0702933619006643,0.0232530639832198,0.08830885705211222,0.08831098108433635,0.10049991465741709,0.8683531972416496,20921.519552685186,0.0,0.0997283552344842,0.10748376642586314,0.1028791776172421,0.07670917761724211,256.75178675427907,-68.26192487691524,0.0,0.0,0.014086152306971564,0.008079573030978407,0.008380876035589454,0.018418355234484193,0.04972835523448419,0.01003747919889474,500.0,19.33089571046276,0.0,False,0.0,0.0,0.0,0.0,0.0,0.0997283552344842,0.10748376642586314,0.1028791776172421,False,False,1,0.0,,,,438.0693959671897,1211.6354067319648,773.5660107647752,760.0963710236044,0.06960175170886368,0.15668784534991487,119.09786263397804,0.010905748507841605,-0.00625071994496421,0.0,False,persistent
2033Q4,2033-12-31,2033,4,2034,44218.34275693875,28207.867292393406,0.020675227098420956,0.02869907917596693,0.03094421625750576,163.8078761917068,1264.628860579847,303.97636442156363,709.3694468452458,152.22752912660314,65.50950339242415,33.54601679401064,5.687777001067564,35.335334566048964,0.0,1305.6519721469635,1469.4598483386703,-17.2085,0.0,57824.04963733582,59276.30098567449,1.3405364672192026,0.014818092762284905,0.11810953470815733,0.13292762747044223,58693.536948679866,582.7640369946275,12497.393341129318,30063.054272992955,10028.80918565639,40091.86345864934,4755.218941450346,1349.0612074508554,0.21292622647799742,20.488324237805365,17957.361488104783,23081.221689807793,0.3059512583780092,0.3932498003994788,13418.660655303385,13418.660655303385,0,0.0,0.0,0.0,0.0,0.0,0.0,0.0,0.0,0.0,0.0,0.0,none,1316.1135687237522,14734.774224027138,1416.9160137726215,1416.9160137726215,0.0,14835.576669076007,0.2154110468670722,0.5181811771623273,0.1728613500867164,0.0702933619006643,0.0232530639832198,0.08934079741140873,0.09031895761959435,0.10176630682017264,0.8734088897973079,22227.17152483215,0.0,0.1009547783449738,0.10844608375873034,0.1035273891724869,0.07733738917248689,236.4069525564919,-72.59907636478508,0.0,0.0,0.014810200401256733,0.00869907917596693,0.009017400836556673,0.019674778344973783,0.050954778344973785,0.01065737750841711,500.0,20.469651523041364,0.0,False,0.0,0.0,0.0,0.0,0.0,0.1009547783449738,0.10844608375873034,0.1035273891724869,False,False,1,0.0,,,,445.19129640684406,1270.3166375809146,825.1253411740706,810.0971995133534,0.07328155231563786,0.15668784534991487,126.93238471574745,0.01148232853623436,-0.00656732675522018,0.0,False,persistent
2034Q1,2034-03-31,2034,1,2034,44766.6636921096,28351.895802085575,0.020580836644040312,0.0293466604675264,0.03158953776152252,159.94412231203262,1311.8953419561485,315.41789366091547,735.1261750167587,158.56677037492915,67.96156704702473,34.82293585652035,5.687777001067564,37.11695069124546,0.0,1354.7000696484615,1514.644191960494,-17.2085,0.0,59276.30098567449,60773.73667763498,1.3575668067564017,0.014291359607414636,0.12104543496612956,0.1353367945735442,60190.97264064036,582.7640369946275,12811.962129945732,30819.763957376057,10281.241854829126,41101.005812205185,4894.986605911955,1383.0180925774844,0.21285521013985442,20.596536543722966,18267.02521697869,23220.93901688091,0.3034844664504553,0.38578773523926013,13879.757300846864,13879.757300846864,0,0.0,0.0,0.0,0.0,0.0,0.0,0.0,0.0,0.0,0.0,0.0,none,1349.0612074508554,15228.81850829772,1460.3187412692487,1460.3187412692487,0.0,15340.076042116112,0.2154110468670722,0.5181811771623273,0.1728613500867164,0.0702933619006643,0.0232530639832198,0.09048673811161645,0.09141596537718213,0.10292751936252087,0.8795542637565223,23581.87159448061,0.0,0.10225087005450464,0.10945315254087856,0.10420543502725238,0.07799543502725237,237.1429445036831,-77.1988221916505,0.0,0.0,0.015567257653339918,0.0093466604675264,0.009682221958243833,0.020990870054504746,0.05225087005450464,0.01130864809626091,500.0,21.627119535267703,0.0,False,0.0,0.0,0.0,0.0,0.0,0.10225087005450464,0.10945315254087856,0.10420543502725238,False,False,1,0.0,,,,452.0258010771195,1317.5831189572161,865.5573178800967,848.8436966279684,0.07584605388206156,0.15668784534991487,133.00348986349317,0.011884154761073773,-0.006897884794149381,0.0,False,persistent
2034Q2,2034-06-30,2034,2,2034,45323.410132116165,28492.994855143854,0.02005592371856646,0.030024171272556188,0.032241595972396814,156.81726458224875,1362.6378243528065,327.5085687230789,762.3354983132585,165.14298440148804,71.49966387051822,36.151109044463276,5.687777001067564,38.98728176875692,0.0,1407.312883122631,1564.1301477048798,-17.2085,0.0,60773.73667763498,62320.65832533986,1.3750213883659086,0.013839846924592116,0.12420185321628385,0.13804170014087597,61737.89428834523,582.7640369946275,13136.787850318868,31601.147162200363,10541.905425167,42143.05258736736,5039.971663787909,1418.0821868710927,0.21278321850375786,20.670080334531022,18542.097983705567,23307.568840262946,0.3003357694239648,0.37752451891873007,14185.931980389953,14185.931980389953,0,0.0,0.0,0.0,0.0,0.0,0.0,0.0,0.0,0.0,0.0,0.0,none,1383.0180925774844,15568.950072967436,1507.934365936123,1507.934365936123,0.0,15693.866346326075,0.2154110468670722,0.5181811771623273,0.1728613500867164,0.0702933619006643,0.0232530639832198,0.09159666890638885,0.09262638501808818,0.10430158521739753,0.8845735990418255,24989.18447760324,0.0,0.10355715435244862,0.11046786576433647,0.10488857717622431,0.07865857717622432,237.88168296220073,-81.06441837995197,0.0,0.0,0.016155308671321925,0.010024171272556188,0.010377189543154364,0.022317154352448625,0.05355715435244862,0.011939964809294257,500.0,22.833915690357486,0.0,False,0.0,0.0,0.0,0.0,0.0,0.10355715435244862,0.11046786576433647,0.10488857717622431,False,False,1,0.0,,,,458.8695854613263,1368.3256013538742,909.4560158925478,891.0070396513406,0.07863548105088175,0.15668784534991487,139.6099732345747,0.012321224093916719,-0.0071543088345428565,0.0,False,persistent
2034Q3,2034-09-30,2034,3,2034,45894.10073286647,28633.88908319914,0.01992668501839523,0.030785233840065523,0.03294390235124878,153.87170537727212,1414.8175960545932,340.10209177771065,791.0143996360841,171.97814215509163,74.18276280221649,37.54019968349078,5.687777001067564,41.0059187169079,0.0,1461.5112917725687,1615.3829971498408,-17.2085,0.0,62320.65832533986,63918.8328224897,1.3927461656681954,0.013411022586358588,0.12738119003830278,0.14079221262466135,63336.068785495074,582.7640369946275,13472.219163947617,32408.04260921293,10811.079687947531,43219.12229716046,5190.436196928946,1454.291127458053,0.21271006272231663,20.787470067723707,18736.711969943353,23307.94721467393,0.29583004327913615,0.36800432457550647,14614.457866829325,14614.457866829325,0,0.0,0.0,0.0,0.0,0.0,0.0,0.0,0.0,0.0,0.0,0.0,none,1418.0821868710927,16032.540053700417,1557.168578432933,1557.168578432933,0.0,16171.626445262258,0.2154110468670722,0.5181811771623273,0.1728613500867164,0.0702933619006643,0.0232530639832198,0.09280321021436286,0.09380589557593372,0.10546621303158873,0.8904884004833233,26450.69576937581,0.0,0.10489005356966176,0.11149504017724632,0.10558002678483087,0.07933002678483088,238.6533018302651,-84.78159645299296,0.0,0.0,0.016694861939274747,0.010785233840065522,0.011103681211491672,0.023660053569661752,0.054890053569661756,0.012556372358170084,500.0,24.07366144812846,0.0,False,0.0,0.0,0.0,0.0,0.0,0.10489005356966176,0.11149504017724632,0.10558002678483087,False,False,1,0.0,,,,465.74147004655646,1420.5053730556608,954.7639030091043,934.4671718621435,0.08144551538781426,0.15668784534991487,146.41964770930784,0.012761522319529952,-0.007389324126556224,0.0,False,persistent
2034Q4,2034-12-31,2034,4,2035,46479.61556354555,28774.943110968194,0.019850566366951483,0.031540086521645444,0.033676906719864716,110.42344218009565,1470.5798921936318,353.2754474521723,821.1588639687526,179.0829986236305,78.07541416718037,38.98716798189649,5.709630652454863,43.158182076829554,0.0,1519.4477049229163,1629.871147103012,-17.416,0.0,63918.8328224897,65531.28796959271,1.4098930719424794,0.009502956583548158,0.13076250192694236,0.14026545851049052,64948.52393259809,582.7640369946275,13810.263066029225,33221.222757867465,11082.350480008943,44303.57323787641,5343.905538497975,1490.7820901944797,0.2126339788778135,20.76073106488741,18941.258712744595,23559.536533907565,0.29163493742215524,0.36274167767626325,14700.367668336383,14700.367668336383,0,0.0,0.0,0.0,0.0,0.0,0.0,0.0,0.0,0.0,0.0,0.0,none,1454.291127458053,16154.658795794436,1569.2969650261825,1569.2969650261825,0.0,16269.664633362565,0.2154110468670722,0.5181811771623273,0.1728613500867164,0.0702933619006643,0.0232530639832198,0.0938806479029262,0.09508607324808985,0.10679609963535573,0.8952071541979756,27970.143474298726,0.0,0.10623346170733206,0.11253759628049893,0.10628173085366592,0.08001173085366603,198.94664964319358,-88.52320746309793,0.0,0.0,0.01722096136738121,0.011540086521645444,0.011850926107541154,0.025023461707332044,0.056233461707332046,0.01317253559979089,500.0,25.345598244823698,0.0,False,0.0,0.0,0.0,0.0,0.0,0.10623346170733206,0.11253759628049893,0.10628173085366592,False,False,1,0.0,,,,472.8423753984295,1476.2895228460868,1003.4471474476572,981.1573641600115,0.08443764882853666,0.15668784534991487,153.735433339434,0.013230353261356173,-0.0076182392121614375,0.0,False,persistent
2035Q1,2035-03-31,2035,1,2035,47082.82668813822,28917.386026875993,0.019948480935036983,0.03233765604893445,0.03441966870962401,107.16887613942119,1525.550014826323,366.7780131482995,851.036190769488,186.29078095121343,80.96403872377716,40.480991233545524,5.709630652454863,45.401975631140346,0.0,1576.6616211099183,1683.8304972493395,-17.416,0.0,65531.28796959271,67197.70246684206,1.4272231977901078,0.009104710458382117,0.1339479153665286,0.14305262582491074,66614.93842984743,582.7640369946275,14159.447070295633,34061.20093451445,11362.560893003338,45423.76182751778,5503.253933956729,1528.4755980772684,0.21255663375275843,20.79861805537313,19123.325541164224,23773.29618209847,0.2870726295319346,0.35687635149785907,15189.115850227905,15189.115850227907,0,0.0,0.0,0.0,0.0,0.0,0.0,0.0,0.0,0.0,0.0,0.0,none,1490.7820901944797,16679.897940422386,1621.0125216181991,1621.0125216181991,0.0,16810.128371846105,0.2154110468670722,0.5181811771623273,0.1728613500867164,0.0702933619006643,0.0232530639832198,0.09505923956947966,0.09623870794918653,0.10801635566083002,0.90090996348351,29546.805095408643,1.4551915228366852e-11,0.1076167898039735,0.11360259235298002,0.10699839490198665,0.08070839490198675,199.66752299633845,-92.49864685691726,0.0,0.0,0.01777343789598947,0.012337656048934453,0.01261559930174682,0.026416789803973505,0.0576167898039735,0.013801190502226682,500.0,26.639201476780872,0.0,False,0.0,0.0,0.0,0.0,0.0,0.1076167898039735,0.11360259235298002,0.10699839490198665,False,False,1,0.0,,,,479.3560389782324,1531.2596454787779,1051.9036065005455,1027.4879677574186,0.08729195250431114,0.15668784534991487,160.99487579087273,0.013677587954287617,-0.007858376683252184,0.0,False,persistent
2035Q2,2035-06-30,2035,2,2035,47702.251532555056,29060.1053734122,0.019888297820875422,0.033124806962718446,0.03518935479093443,103.89945322295145,1584.3622366053885,380.9485597761234,882.4613738054093,193.7862970575192,85.12340102185942,42.04260494447759,5.709630652454863,47.787922481984246,0.0,1637.8597897398276,1741.7592429627791,-17.416,0.0,67197.70246684206,68922.04570980484,1.444838419477287,0.008712331169696998,0.1373402501659317,0.1460525813356287,68339.2816728102,582.7640369946275,14520.59560701096,34929.96034405895,11652.372509196715,46582.33285325566,5668.892566327755,1567.4606462158156,0.2124780251061403,20.7877927866386,19299.81148817947,24069.721088991784,0.2824116820627658,0.35220916140487146,15482.52269060928,15482.52269060928,0,0.0,0.0,0.0,0.0,0.0,0.0,0.0,0.0,0.0,0.0,0.0,none,1528.4755980772684,17010.998288686547,1676.555320480795,1676.555320480795,0.0,17159.078011090074,0.2154110468670722,0.5181811771623273,0.1728613500867164,0.0702933619006643,0.0232530639832198,0.09618846664110735,0.09749498745425178,0.10949169112606565,0.9053281751698137,31184.66488514847,-1.4551915228366852e-11,0.10902492940643525,0.11468619705482644,0.10772746470321763,0.08141746470321763,200.4269803584278,-96.52752713547636,0.0,0.0,0.018316503024529723,0.013124806962718446,0.013396544997754757,0.02783492940643525,0.05902492940643525,0.014438384408680494,500.0,27.963588208310863,0.0,False,0.0,0.0,0.0,0.0,0.0,0.10902492940643525,0.11468619705482644,0.10772746470321763,False,False,1,0.0,,,,485.86998212492387,1590.0718672578435,1104.2018851329196,1077.5122742039707,0.09035315856892899,0.15668784534991487,168.83307658310682,0.01415724173672468,-0.008094169481253926,0.0,False,persistent
2035Q3,2035-09-30,2035,3,2035,48340.326708280845,29204.193447658035,0.019981106351674383,0.03392892559190127,0.035964455614645764,100.43563717009252,1644.7034921982718,395.776727748441,915.3573721342776,201.59146472103282,88.29870372725027,43.67922386727059,5.709630652454863,50.29632191368286,0.0,1700.7094447644097,1801.1450819345023,-17.416,0.0,68922.04570980484,70705.77479173934,1.4626664651736254,0.00831071231902846,0.14072800583477008,0.14903871815379854,70123.01075474471,582.7640369946275,14893.996172520723,35828.192572178275,11952.016036378458,47780.208608556735,5841.037704572048,1607.7682690951892,0.21239812740802713,20.780950025967364,19481.12142943667,24386.79037078309,0.27781353395637715,0.3477715818003866,15858.158214641095,15858.158214641095,0,0.0,0.0,0.0,0.0,0.0,0.0,0.0,0.0,0.0,0.0,0.0,none,1567.4606462158156,17425.61886085691,1733.4327600208194,1733.4327600208194,0.0,17591.590974661915,0.2154110468670722,0.5181811771623273,0.1728613500867164,0.0702933619006643,0.0232530639832198,0.09733591688893313,0.09870336419932858,0.11076244776574645,0.909760750759023,32885.374329912884,0.0,0.11046493271833406,0.11578369953875055,0.10846246635916704,0.08214246635916703,201.23311312403794,-100.79747595394542,0.0,0.0,0.018884810945788647,0.01392892559190127,0.01419502037155903,0.02928493271833406,0.06046493271833406,0.01508991234677503,500.0,29.31171116109368,0.0,False,0.0,0.0,0.0,0.0,0.0,0.11046493271833406,0.11578369953875055,0.10846246635916704,False,False,1,0.0,,,,492.5429195984832,1650.4131228507267,1157.8702032522435,1128.7241696767232,0.09339814159620641,0.15668784534991487,176.85735814101747,0.014634353566395841,-0.008340653265521145,0.0,False,persistent
2035Q4,2035-12-31,2035,4,2036,48997.18182587888,29349.134400995004,0.02000035304595671,0.03477459684013642,0.03676649221255542,152.9948980385467,1707.794201357734,411.31607127615666,948.8467251814652,209.71648371770578,92.52156573095579,45.39335545145014,5.7387688543045945,52.96387375463175,0.0,1766.4968439666704,1919.491742005217,-16.55475,0.0,70705.77479173934,72608.71178374455,1.481895673954757,0.01249009778417413,0.14421211817808333,0.15670221596225745,72025.94774674992,582.7640369946275,15292.500818599023,36786.81382031203,12271.804887223387,49058.61870753542,6024.04240823437,1650.7858123811066,0.2123193279228884,20.684689133575706,19927.238979940063,24764.95852733286,0.27666750113453736,0.3438338446362248,15990.990979607634,15990.990979607634,0,0.0,0.0,0.0,0.0,0.0,0.0,0.0,0.0,0.0,0.0,0.0,none,1607.7682690951892,17598.759248702823,1849.9731182505852,1849.9731182505852,0.0,17840.964097858217,0.2154110468670722,0.5181811771623273,0.1728613500867164,0.0702933619006643,0.0232530639832198,0.09838201935998811,0.09993508163483432,0.11202085201210663,0.913398721494326,34651.871173879554,-1.4551915228366852e-11,0.11193506987047669,0.11691380240285751,0.10922253493523834,0.08288253493523834,258.21485015049376,-105.21995211194708,0.0,0.0,0.01946008360843972,0.014774596840136416,0.01501011014559963,0.030765069870476683,0.061935069870476686,0.015754959724877057,500.0,30.68654524560246,0.0,False,0.0,0.0,0.0,0.0,0.0,0.11193506987047669,0.11691380240285751,0.10922253493523834,False,False,1,0.0,,,,499.3269610941214,1713.5329702120387,1214.2060091179173,1182.423331542103,0.09652990539285111,0.15668784534991487,185.27136411080014,0.015125062887836967,-0.008589877882027327,0.0,False,persistent
2036Q1,2036-03-31,2036,1,2036,49673.072073573894,29495.01560301323,0.020030910944204727,0.03558640904901107,0.03758437932318084,149.52687464553952,1773.0317485260796,427.94178690605094,981.6756929226202,218.4485209510333,97.73801623567483,47.22773151070054,5.7387688543045945,55.82176118988985,0.0,1834.5922785702742,1984.1191532158136,-16.55475,0.0,72608.71178374455,74576.27618696037,1.501342137174459,0.012040879970062325,0.1477333454112075,0.1597742253812698,73993.51214996574,582.7640369946275,15704.311302458249,37777.442872988446,12602.271301342334,50379.71417433078,6214.246986821119,1695.2396863555853,0.21223903077650463,20.653559551433236,20370.97161072633,25145.254252336417,0.2753075373613788,0.3398305273220912,16508.034188672853,16508.03418867285,0,0.0,0.0,0.0,0.0,0.0,0.0,0.0,0.0,0.0,0.0,0.0,none,1650.7858123811066,18158.820001053955,1911.7426420259237,1911.7426420259237,0.0,18419.776830698775,0.2154110468670722,0.5181811771623273,0.1728613500867164,0.0702933619006643,0.0232530639832198,0.0995260692818297,0.1010673366046964,0.11336034956956403,0.9181449595617478,36486.463452449825,0.0,0.11343696973038285,0.11805772729778713,0.10998848486519142,0.08363848486519143,259.36165904780313,-109.83478440226362,0.0,0.0,0.02004874938227312,0.015586409049011072,0.015842996599434958,0.03227696973038284,0.06343696973038285,0.01643397313094789,500.0,32.085427442654215,0.0,False,0.0,0.0,0.0,0.0,0.0,0.11343696973038285,0.11805772729778713,0.10998848486519142,False,False,1,0.0,,,,506.5918385923686,1778.7705173803843,1272.1786787880155,1237.5404492690548,0.09965483491224833,0.15668784534991487,193.9075465293338,0.015614701361101662,-0.008844613777024335,0.0,False,persistent
2036Q2,2036-06-30,2036,2,2036,50368.613057154296,29641.40567684474,0.020001146536990033,0.03646640274520051,0.038419311637139034,145.98061036374372,1842.7018557403278,445.36237146336646,1016.0220831045349,227.9456516267362,104.21886452610605,49.15288501958476,5.7387688543045945,58.84562825603616,0.0,1907.2862528506687,2053.2668632144123,-16.55475,0.0,74576.27618696037,76612.98830017478,1.5210462160877938,0.01159298233589212,0.15146625146786805,0.16305923380376017,76030.22426318015,582.7640369946275,16130.36559254643,38802.336056434106,12944.167972223508,51746.50402865761,6412.123499695532,1741.2311422805888,0.21215728019834382,20.557272884716618,20917.68441857842,25666.506124416366,0.27512327658236857,0.3375829332762618,16843.96844387494,16843.96844387494,0,0.0,0.0,0.0,0.0,0.0,0.0,0.0,0.0,0.0,0.0,0.0,none,1695.2396863555853,18539.208130230523,1977.866484958376,1977.866484958376,0.0,18821.834928833316,0.2154110468670722,0.5181811771623273,0.1728613500867164,0.0702933619006643,0.0232530639832198,0.1006060946785137,0.10229989215708021,0.1149316332001,0.9216844167088907,38393.74970530049,0.0,0.11497860860667626,0.1192339564550071,0.11077930430333803,0.08440930430333814,260.5674050883432,-114.58679472459949,0.0,0.0,0.020639269914081423,0.016466402745200507,0.016693741683952643,0.03381860860667626,0.06497860860667626,0.017124866922723615,500.0,33.513460449385654,0.0,False,0.0,0.0,0.0,0.0,0.0,0.11497860860667626,0.1192339564550071,0.11077930430333803,False,False,1,0.0,,,,513.9006291635852,1848.4406245946325,1334.5399954310474,1296.8496024364867,0.10298870854076725,0.15668784534991487,203.2005699486668,0.016137078836623193,-0.009099857055390865,0.0,False,persistent
2036Q3,2036-09-30,2036,3,2036,51085.513479531255,29789.034192949825,0.020071257916387086,0.03733867928032986,0.0392713633855447,142.20043294074418,1914.01306281209,463.66174803699835,1051.7281419804049,237.41442046269714,110.03987743919609,51.16887489279399,5.7387688543045945,62.046792319270594,0.0,1981.7986239856652,2123.9990569264096,-16.55475,0.0,76612.98830017478,78720.43260710119,1.540954122711179,0.011134305853476092,0.1551749988598803,0.1663093047133564,78137.66857010656,582.7640369946275,16570.96681242726,39862.222548318125,13297.738148062512,53159.96069638064,6617.9481597398,1788.792901558867,0.21207398576986572,20.4568202738149,21495.019855276034,26151.126189377093,0.27509164591966684,0.3346801442624798,17276.21476280281,17276.21476280281,0,0.0,0.0,0.0,0.0,0.0,0.0,0.0,0.0,0.0,0.0,0.0,none,1741.2311422805888,19017.445905083398,2045.3975146071386,2045.3975146071386,0.0,19321.61227740995,0.2154110468670722,0.5181811771623273,0.1728613500867164,0.0702933619006643,0.0232530639832198,0.101694189598628,0.1034706343118139,0.11643597356687484,0.9251415730218172,40375.54832928615,0.0,0.11654642712345528,0.12043732034259146,0.11158821356172764,0.08519821356172765,261.84129692895715,-119.64086398821298,0.0,0.0,0.02126011584083867,0.017338679280329863,0.017562791813209973,0.035396427123455275,0.06654642712345528,0.017833635310245306,500.0,34.963971240246906,0.0,False,0.0,0.0,0.0,0.0,0.0,0.11654642712345528,0.12043732034259146,0.11158821356172764,False,False,1,0.0,,,,521.3278055273912,1919.7518316663948,1398.4240261390037,1357.4532552809349,0.10628870400410746,0.15668784534991487,212.69642573319763,0.016654148015438467,-0.00936788970800109,0.0,False,persistent
2036Q4,2036-12-31,2036,4,2037,51823.32849171901,29936.988743005888,0.020015483863067063,0.03825348295975789,0.04014099313157172,140.76875116381086,1966.034152312476,482.82174399243746,1088.882462337481,247.27798653534222,116.12493281230999,30.92702663490528,5.894658234200658,65.43583167136995,0.0,2037.3646422180466,2178.1333933818573,0.0,0.0,78720.43260710119,80898.56600048304,1.5610453507132418,0.010865280580061906,0.15725463427487893,0.16811991485494082,80315.80196348841,582.7640369946275,17026.065205908828,40956.98265783324,13662.9419009047,54619.92455873794,6831.892605703135,1837.9195931385134,0.21198898335907648,20.348734832574248,21883.317610254373,26670.263853116863,0.2724659042837241,0.3320674537401889,17715.246654936207,17715.246654936203,0,0.0,0.0,0.0,0.0,0.0,0.0,0.0,0.0,0.0,0.0,0.0,none,1788.792901558867,19504.03955649507,2112.697561710487,2112.697561710487,0.0,19827.94421664669,0.2154110468670722,0.5181811771623273,0.1728613500867164,0.0702933619006643,0.0232530639832198,0.08939073741203776,0.10352405721074559,0.06799255998064403,0.9271041190602648,42412.9129715042,0.0,0.06815731073832754,0.07165548305374556,0.06240365536916367,0.03600365536916377,265.6380292052419,-124.86927804143102,0.0,0.0,0.021886712191027627,0.01825348295975789,0.01844989217179066,0.03700731073832754,0.06815731073832754,0.018557418566536876,0.0,36.39512864798509,0.0,False,0.0,0.0,0.0,0.0,0.0,0.06815731073832754,0.07165548305374556,0.06240365536916367,False,False,1,0.0,,,,528.9568504093874,1971.9288105466767,1442.9719601372894,1398.4868922762016,0.10794265308525441,0.15668784534991487,219.12589790085653,0.016913301733281854,-0.009638074718522505,0.0,False,persistent
2037Q1,2037-03-31,2037,1,2037,52558.32688221153,30077.658626026514,0.01892835342517718,0.038296203630500895,0.041027958077610116,138.2684963395942,1796.7751547719645,290.11270422253864,1103.3786301252176,252.97549881831452,117.80724898871176,32.501072617181734,5.894658234200658,69.02161520877156,0.0,1871.6914282149369,2009.959924554531,0.0,0.0,80898.56600048304,82908.52592503758,1.5774574809210324,0.010523051591765297,0.1424468044737866,0.15296985606555188,82325.76188804295,582.7640369946275,17444.1647590294,41962.74035576948,13998.455117493239,55961.19547326272,7037.349299917613,1883.052355833213,0.21189193223321998,20.253732103163838,22238.829616551044,27131.41711288024,0.2701320838888103,0.32956168871873903,18275.234502053154,18275.234502053154,0,0.0,0.0,0.0,0.0,0.0,0.0,0.0,0.0,0.0,0.0,0.0,none,1837.9195931385134,20113.15409519167,1940.9383093457593,1940.9383093457593,0.0,20216.172811398912,0.2154110468670722,0.5181811771623273,0.1728613500867164,0.0702933619006643,0.0232530639832198,0.08892069621695045,0.09254509792936311,0.06943498136886228,0.929016955382993,44284.60439971914,1.4551915228366852e-11,0.0697344820491988,0.072838361536899,0.0631922410245993,0.0367922410245994,266.98657725209483,-128.71808091250062,0.0,0.0,0.022253802883724628,0.018296203630500895,0.019356501278805165,0.0385844820491988,0.0697344820491988,0.019227980770393633,0.0,37.43510505301797,0.0,False,0.0,0.0,0.0,0.0,0.0,0.0697344820491988,0.072838361536899,0.0631922410245993,False,False,1,0.0,,,,536.7144539006248,1802.6698130061652,1265.9553591055405,1217.8640282827291,0.09268666645436292,0.15668784534991487,190.8244905207886,0.01452287405940036,-0.009796208406783628,0.0,False,persistent
2037Q2,2037-06-30,2037,2,2037,53171.13921986859,30137.0922696327,0.007927483772582677,0.039222276336387335,0.04175565695022542,151.24998323727363,1831.7424296121426,304.11494856295053,1116.5392377528942,258.33791360877507,119.035891849939,33.71443783758436,5.894658234200658,72.3392244970274,0.0,1909.9763123433706,2061.226295580644,0.0,0.0,82908.52592503758,84969.75222061822,1.598042725194561,0.011378351899652785,0.1436851901514019,0.1550635420510547,84386.98818362359,582.7640369946275,17872.593005111907,42993.34419950652,14342.256821770767,57335.60102127729,7249.494083081874,1929.3000741525188,0.21179323246164058,20.151638900691143,22644.500126005903,27646.850121081046,0.2683411342603215,0.3276198228679796,18704.64718939559,18704.64718939559,0,0.0,0.0,0.0,0.0,0.0,0.0,0.0,0.0,0.0,0.0,0.0,none,1883.052355833213,20587.699545228803,1988.887071083617,1988.887071083617,0.0,20693.534260479206,0.2154110468670722,0.5181811771623273,0.1728613500867164,0.0702933619006643,0.0232530639832198,0.08832765275042373,0.0921486079282264,0.07035694199726088,0.9309358456225049,46194.58071206251,-1.4551915228366852e-11,0.07061657026294717,0.07349992769721028,0.06363328513147348,0.03723328513147359,267.6743836963861,-116.42440045911245,0.0,0.0,0.01984959499931894,0.019222276336387335,0.020282573984690716,0.03946657026294717,0.07061657026294717,0.01918399627825645,0.0,38.89628821409674,0.0,False,0.0,0.0,0.0,0.0,0.0,0.07061657026294717,0.07349992769721028,0.06363328513147348,False,False,1,0.0,,,,544.527414848838,1837.6370878463433,1293.1096729975052,1242.789777698895,0.09349356029855374,0.15668784534991487,194.73005249053955,0.01464930451727273,-0.008758465751706735,0.0,False,persistent
2037Q3,2037-09-30,2037,3,2037,53869.97140499603,30234.16233676335,0.012946180855429867,0.040151853029716106,0.04268172965611097,157.4200248465155,1865.0928587808053,315.5253049316358,1130.040652979251,263.8843387161344,120.68788863330647,34.95467352047745,5.894658234200658,76.14706569368471,0.0,1947.1345827086907,2104.554607555206,0.0,0.0,84969.75222061822,87074.30682817343,1.6163793029245594,0.01168888868813589,0.14458033163374642,0.1562692203218823,86491.5427911788,582.7640369946275,18309.534397177362,44044.42680731326,14692.890087983027,58737.31689529629,7468.224734197665,1976.4667645074703,0.21169161522974633,20.035526613739414,22989.716522080995,28115.76467341907,0.2658030575033944,0.32506952432679437,19155.576284288243,19155.576284288243,0,0.0,0.0,0.0,0.0,0.0,0.0,0.0,0.0,0.0,0.0,0.0,none,1929.3000741525188,21084.87635844076,2028.4075418615214,2028.4075418615214,0.0,21183.983826149764,0.2154110468670722,0.5181811771623273,0.1728613500867164,0.0702933619006643,0.0232530639832198,0.08775088002626844,0.09166248138057823,0.07117939575231892,0.9325476394199635,48141.7152947712,0.0,0.07147120132067988,0.07414090099050981,0.06406060066033983,0.037660600660339945,268.75746801269514,-111.33744316617964,0.0,0.0,0.018715212722764083,0.020151853029716105,0.021212150678020375,0.040321201320679886,0.07147120132067988,0.019109050642659508,0.0,40.136054405497056,0.0,False,0.0,0.0,0.0,0.0,0.0,0.07147120132067988,0.07414090099050981,0.06406060066033983,False,False,1,0.0,,,,552.407215575577,1870.987517015006,1318.5803014394291,1265.090485694154,0.0939365997567117,0.15668784534991487,198.2243023760943,0.014718723415376493,-0.008267124727365564,0.0,False,persistent
2037Q4,2037-12-31,2037,4,2038,54625.54670774121,30352.383537271133,0.01573272099785017,0.040918585716114834,0.04361130634944063,170.0815844520725,1899.1679657651155,327.1511047471441,1143.8882869375382,269.49978312739796,122.37788933791495,36.25090161512064,5.91068424521801,80.12601237013966,0.0,1985.204662380473,2155.2862468325457,0.0,0.0,87074.30682817343,89229.59307500596,1.6334773462754355,0.012454362085347845,0.14536822289407983,0.15782258497942767,88646.82903801133,582.7640369946275,18756.546835699828,45119.73578040745,15051.605087758466,60171.34086816591,7694.220735930742,2024.720598214858,0.21158734090372383,19.845664603076614,23568.495940997767,29578.334370583772,0.26586958830633084,0.33366488899338664,19387.163997779746,19387.16399777975,0,0.0,0.0,0.0,0.0,0.0,0.0,0.0,0.0,0.0,0.0,0.0,none,1976.4667645074703,21363.63076228722,2075.1602344624057,2075.1602344624057,0.0,21462.324232242154,0.2154110468670722,0.5181811771623273,0.1728613500867164,0.0702933619006643,0.0232530639832198,0.08727759772071109,0.09119588703923615,0.07201778365238035,0.9341184260238592,50126.91995715167,-1.4551915228366852e-11,0.07236506186918706,0.0748112964018902,0.06450753093459344,0.038107530934593535,280.4094384100896,-110.32785395801709,0.0,0.0,0.018281194742131197,0.020918585716114834,0.021978883364419104,0.04121506186918707,0.07236506186918706,0.01923617850476796,0.0,41.23639267537549,0.0,False,0.0,0.0,0.0,0.0,0.0,0.07236506186918706,0.0748112964018902,0.06450753093459344,False,False,1,0.0,,,,560.4069799842699,1905.0786500103334,1344.6716700260636,1287.3823226256272,0.0942696156077601,0.15668784534991487,201.71716227377848,0.014770902951544634,-0.008078846664788223,0.0,False,persistent
2038Q1,2038-03-31,2038,1,2038,55439.50343334002,30480.11430934925,0.01693960187492194,0.0432754324416629,0.04437803903583936,170.70265652060596,1936.031122705149,339.32966805443067,1159.623721710644,275.28473786357716,124.18731553140107,37.605679545095676,5.91068424521801,83.97869541971735,0.0,2025.9205023700843,2196.6231588906903,0.0,0.0,89229.59307500596,91426.21623389666,1.649116795279863,0.012316319299349955,0.14617161965067263,0.1584879389500226,90843.45219690203,582.7640369946275,19211.633791234035,46214.46837541431,15416.799661967285,61631.2680373816,7926.704313188657,2073.8460550977434,0.2114806662079845,19.702177638026317,24129.687474182832,31064.14233035325,0.26561834552348407,0.34195246414702646,19945.056941271552,19945.05694127155,0,0.0,0.0,0.0,0.0,0.0,0.0,0.0,0.0,0.0,0.0,0.0,none,2024.720598214858,21969.777539486407,2112.644463470973,2112.644463470973,0.0,22057.701404742522,0.2154110468670722,0.5181811771623273,0.1728613500867164,0.0702933619006643,0.0232530639832198,0.08682900025244124,0.09081832304971313,0.07283739644331412,0.9358895382852829,52152.84045952176,0.0,0.07329307446815449,0.07550730585111576,0.06497153723407714,0.03857153723407725,281.91843263729766,-111.21577611669171,0.0,0.0,0.018155518752754136,0.023275432441662903,0.02266221846049657,0.04214307446815449,0.07329307446815449,0.019480856007657917,0.0,42.24403426772876,0.0,False,0.0,0.0,0.0,0.0,0.0,0.07329307446815449,0.07550730585111576,0.06497153723407714,False,False,1,0.0,,,,568.5340126632934,1941.941806950367,1373.4077942870736,1311.915361437452,0.09465563579694668,0.15668784534991487,205.56119126508915,0.014831387623249847,-0.008024298143320608,0.0,False,persistent
2038Q2,2038-06-30,2038,2,2038,56279.652042654794,30611.31290311127,0.017329085139317746,0.04391905975698084,0.045286910698603605,170.77745089792572,1973.8334437612361,352.0199265289573,1175.7305907620855,281.32822213570347,125.74941813900108,39.005286195489184,5.91068424521801,88.25895197944561,0.0,2068.0030799858996,2238.780530883825,0.0,0.0,91426.21623389666,93664.99676478049,1.6642781780845242,0.01213777588877004,0.1469805163982566,0.15911829228702662,93082.23272778586,582.7640369946275,19674.879895856055,47328.82817868397,15788.541725487315,63117.36990417129,8166.130656789215,2123.8522709693016,0.21137094931311132,19.5680898131541,24703.998815151117,32612.768869897922,0.265399723354259,0.3503651332179823,20451.490336365416,20451.490336365416,0,0.0,0.0,0.0,0.0,0.0,0.0,0.0,0.0,0.0,0.0,0.0,none,2073.8460550977434,22525.33639146316,2150.5215789043796,2150.5215789043796,0.0,22602.011915269795,0.2154110468670722,0.5181811771623273,0.1728613500867164,0.0702933619006643,0.0232530639832198,0.08640781915588233,0.0904774654436231,0.07374123170125632,0.9376350751488511,54220.84353950766,0.0,0.0742327514370893,0.07621206357781687,0.06544137571854455,0.03904137571854465,283.5063911028733,-112.72894020494758,0.0,0.0,0.01812731948460468,0.023919059756980842,0.02330584577581451,0.0430827514370893,0.0742327514370893,0.019776905661274786,0.0,43.207287904814336,0.0,False,0.0,0.0,0.0,0.0,0.0,0.0742327514370893,0.07621206357781687,0.06544137571854455,False,False,1,0.0,,,,576.7362156963856,1979.744128006454,1403.0079123100686,1337.0283925202273,0.09502748108725924,0.15668784534991487,209.49609799565465,0.014889651260592435,-0.008012056657316177,0.0,False,persistent
2038Q3,2038-09-30,2038,3,2038,57141.760643920396,30743.454485776332,0.01737915425793357,0.0445422739666298,0.045930538013921544,170.7907806029289,2012.6756334876873,365.130117215917,1192.198149183539,287.5419733694773,127.36401685003659,40.44137686871739,5.91068424521801,92.19557738975782,0.0,2110.781895122663,2281.572675725592,0.0,0.0,93664.99676478049,95946.56944050608,1.6790971849537213,0.011955584054696095,0.1477575679388689,0.15971315199356498,95363.80540351145,582.7640369946275,20146.49590859537,48463.32218075188,16167.000406554585,64630.322587306466,8412.224910889321,2174.7619967203013,0.21125935383293276,19.3928110108706,25300.36832058293,34287.31380381684,0.2653036779890427,0.35954221477149995,20865.973723304578,20865.973723304578,0,0.0,0.0,0.0,0.0,0.0,0.0,0.0,0.0,0.0,0.0,0.0,none,2123.8522709693016,22989.82599427388,2189.377098335834,2189.377098335834,0.0,23055.35082164041,0.2154110468670722,0.5181811771623273,0.1728613500867164,0.0702933619006643,0.0232530639832198,0.08602177792008614,0.09014175916424524,0.07471720177868918,0.9390572242664823,56331.625434630325,0.0,0.07516608258776944,0.07691206194082698,0.06590804129388461,0.039508041293884716,285.1493442000522,-114.35856359712332,0.0,0.0,0.018111647520508756,0.024542273966629797,0.023929059985463463,0.044016082587769435,0.07516608258776944,0.020087022602305975,0.0,44.14025452888271,0.0,False,0.0,0.0,0.0,0.0,0.0,0.07516608258776944,0.07691206194082698,0.06590804129388461,False,False,1,0.0,,,,585.0201772386581,2018.5863177329052,1433.566140494247,1362.8608102935318,0.09540208736557602,0.15668784534991487,213.54372387673257,0.014948347511196444,-0.008005253062449381,0.0,False,persistent
2038Q4,2038-12-31,2038,4,2039,58025.14657947636,30875.9621112667,0.017352216963673506,0.0451513319359977,0.0465537522235705,177.68420735448086,2052.803244929272,378.5832938299097,1209.1744224101508,293.77784096443,129.3578824915615,41.909805233219856,5.922339525957902,96.24094381834148,0.0,2154.966528273571,2332.6507356280517,0.0,0.0,95946.56944050608,98279.22017613413,1.693734974741033,0.0122487726669408,0.14855397394451653,0.16080274661145733,97696.4561391395,582.7640369946275,20628.243283072872,49622.18763928919,16553.589222513965,66175.77686180316,8665.670617561533,2226.765376701952,0.2111462800011301,19.21722899297181,26667.205819808743,35903.32061396037,0.27295980707661754,0.36749869987941824,21355.339473926106,21355.339473926106,0,0.0,0.0,0.0,0.0,0.0,0.0,0.0,0.0,0.0,0.0,0.0,none,2174.7619967203013,23530.10147064641,2236.4097918097104,2236.4097918097104,0.0,23591.749265735816,0.2154110468670722,0.5181811771623273,0.1728613500867164,0.0702933619006643,0.0232530639832198,0.08565902114986437,0.08984027426263774,0.07561525411417695,0.9404423758638525,58486.5919629039,0.0,0.07608393892558889,0.07760045419419156,0.06636696946279434,0.03996696946279445,293.6695642784727,-115.98535692399186,0.0,0.0,0.01808923666232525,0.0251513319359977,0.024538117954830477,0.04493393892558889,0.07608393892558889,0.02039582097075841,0.0,45.04721622410941,0.0,False,0.0,0.0,0.0,0.0,0.0,0.07608393892558889,0.07760045419419156,0.06636696946279434,False,False,1,0.0,,,,593.4024500340859,2058.7255844552296,1465.3231344211438,1389.657204215218,0.09579689401124189,0.15668784534991487,217.74239310346914,0.015010208913835657,-0.007995523579772647,0.0,False,persistent
2039Q1,2039-03-31,2039,1,2039,58917.76561311927,31007.301665391016,0.017123996602456337,0.04507194217176416,0.04716281019293751,177.8502721713894,2094.1526280050884,392.36950052287636,1226.6878199877485,300.1920230002885,131.49061952407575,43.41266497009902,5.922339525957902,100.41544186579742,0.0,2200.4904093968435,2378.340681568233,0.0,0.0,98279.22017613413,100657.56085770237,1.7084415848127286,0.012074475012459559,0.14939401632073152,0.16146849133319108,100074.79682070774,582.7640369946275,21118.9335436421,50802.56562148598,16947.354454845532,67749.9200763315,8926.20908268439,2279.7341180497438,0.21103149059076695,19.07779608858346,28084.045855181867,37690.388433786735,0.28063055581813223,0.3766221829189639,21923.86525349351,21923.865253493506,0,0.0,0.0,0.0,0.0,0.0,0.0,0.0,0.0,0.0,0.0,0.0,none,2226.765376701952,24150.630630195457,2277.9252397024356,2277.9252397024356,0.0,24201.790493195942,0.2154110468670722,0.5181811771623273,0.1728613500867164,0.0702933619006643,0.0232530639832198,0.08531533784289043,0.0895607598616744,0.07642117014513816,0.9420462619837108,60687.08237230074,0.0,0.07698336623034305,0.07827502467275718,0.06681668311517142,0.04041668311517153,295.4547954484637,-117.6045232770743,0.0,0.0,0.018063423729301243,0.025071942171764162,0.0251340544469644,0.04583336623034305,0.07698336623034305,0.020699311783378648,0.0,45.93778241541029,0.0,False,0.0,0.0,0.0,0.0,0.0,0.07698336623034305,0.07827502467275718,0.06681668311517142,False,False,1,0.0,,,,601.9138894719133,2100.0749675310462,1498.161078059133,1417.28419980695,0.09622117777605348,0.15668784534991487,222.07120751622924,0.015076689022760935,-0.0079843165845303,0.0,False,persistent
2039Q2,2039-06-30,2039,2,2039,59832.65327868852,31139.304152596276,0.01713761661752633,0.045654615282564384,0.047930747923607436,178.00809275961342,2136.533957996752,406.4516488461191,1244.701103435582,306.9698686679384,133.46382352303667,44.947513524075994,5.922339525957902,105.0895100803968,0.0,2247.545807603107,2425.55390036272,0.0,0.0,100657.56085770237,103083.11475806509,1.7228571542352396,0.011900397726337648,0.1502554665015097,0.16215586422784734,102500.35072107046,582.7640369946275,21618.787207170575,52004.98659080573,17348.473062177887,69353.45965298361,9194.411835928506,2333.6920249877617,0.21091427546429375,18.956769427309705,29557.316322191466,39370.52373037011,0.28836307499692804,0.3841013562725002,22472.04307069238,22472.04307069238,0,0.0,0.0,0.0,0.0,0.0,0.0,0.0,0.0,0.0,0.0,0.0,none,2279.7341180497438,24751.777188742122,2320.4643902823236,2320.4643902823236,0.0,24792.507460974703,0.2154110468670722,0.5181811771623273,0.1728613500867164,0.0702933619006643,0.0232530639832198,0.08498534063247633,0.08931453488249803,0.07723274351053763,0.9437251086503388,62934.62817990385,0.0,0.07786448365746701,0.07893586274310016,0.06725724182873341,0.04085724182873351,297.29329827415194,-119.2852055145385,0.0,0.0,0.018041019495888086,0.025654615282564384,0.02571672755776462,0.04671448365746701,0.07786448365746701,0.020997756099702388,0.0,46.80239432372031,0.0,False,0.0,0.0,0.0,0.0,0.0,0.07786448365746701,0.07893586274310016,0.06725724182873341,False,False,1,0.0,,,,610.561142459098,2142.45629752271,1531.895155063612,1445.5465924519829,0.09663931069337114,0.15668784534991487,226.4995809242127,0.015142205368645311,-0.007974589056509456,0.0,False,persistent
2039Q3,2039-09-30,2039,3,2039,60770.132424240044,31271.927142921035,0.017145234116141772,0.04622408615516717,0.04851342103440677,178.1655293785733,2179.8534126845775,420.83392579674756,1263.2304447578197,313.9378963605943,135.33656744300993,46.514578326407694,5.922339525957902,109.53995113013713,0.0,2295.3157033406724,2473.481232719246,0.0,0.0,103083.11475806509,105556.59599078432,1.7369815035762504,0.011727177300506028,0.15108182995665909,0.16280900725716513,104973.83195378969,582.7640369946275,22128.006273369974,53229.936466842206,17757.107143639103,70987.04361048131,9470.121167077306,2388.660902861128,0.21079545122360493,18.813566445719662,31146.165022323952,41250.19308498195,0.2967040875104449,0.39295691428260526,22934.482894266108,22934.482894266108,0,0.0,0.0,0.0,0.0,0.0,0.0,0.0,0.0,0.0,0.0,0.0,none,2333.6920249877617,25268.17491925387,2363.9412815891087,2363.9412815891087,0.0,25298.424175855216,0.2154110468670722,0.5181811771623273,0.1728613500867164,0.0702933619006643,0.0232530639832198,0.08469091342458335,0.08906660256542509,0.07813880615966994,0.9453748778430126,65229.94388324452,-1.4551915228366852e-11,0.07872702109508495,0.07958276582131361,0.06768851054754238,0.04128851054754248,299.18452212474847,-121.01899274617516,0.0,0.0,0.018020521774303553,0.026224086155167168,0.026286198430367405,0.04757702109508495,0.07872702109508495,0.021290822664717542,0.0,47.641556206206474,0.0,False,0.0,0.0,0.0,0.0,0.0,0.07872702109508495,0.07958276582131361,0.06768851054754238,False,False,1,0.0,,,,619.2375005699652,2185.7757522105353,1566.5382516405703,1474.4662618613465,0.09705203546821367,0.15668784534991487,231.03094161219775,0.015206874324337916,-0.007965688927668226,0.0,False,persistent
2039Q4,2039-12-31,2039,4,2040,61730.587347963236,31405.15437616734,0.017150338281469946,0.0467808233563131,0.04908289190701044,182.80763060831606,2224.7252331009063,435.5180041689425,1282.3596244180646,321.1083249336714,137.62505768668126,48.11422189354778,5.935451716790281,114.12559661859575,0.0,2344.7862814362925,2527.5939120446087,0.0,0.0,105556.59599078432,108084.18990282893,1.7509016930874077,0.01184551376955902,0.15193675499759568,0.1637822687671547,107501.4258658343,582.7640369946275,22647.894009776403,54480.550319573646,18174.302535035156,72654.8528546088,9753.897565427931,2444.7814360212024,0.21067528944259586,18.867553966462513,31912.931745572547,42110.18684339794,0.2968605438350283,0.3917174726217398,24221.687867474917,24221.687867474917,0,0.0,0.0,0.0,0.0,0.0,0.0,0.0,0.0,0.0,0.0,0.0,none,2388.660902861128,26610.348770336044,2413.468315426013,2413.468315426013,0.0,26635.15618290093,0.2154110468670722,0.5181811771623273,0.1728613500867164,0.0702933619006643,0.0232530639832198,0.08424056695184044,0.0888541832721095,0.07899126387059062,0.9470028756137733,67574.73016468082,0.0,0.07957103766535763,0.08021577824901811,0.06811051883267871,0.04171051883267882,305.6104975930996,-122.8028669847835,0.0,0.0,0.01800130157672058,0.026780823356313103,0.02684293563151334,0.04842103766535762,0.07957103766535763,0.021578102033844287,0.0,48.4566386847392,0.0,False,0.0,0.0,0.0,0.0,0.0,0.07957103766535763,0.08021577824901811,0.06811051883267871,False,False,1,0.0,,,,628.0221623600976,2230.6606848176966,1602.638522457599,1504.5737323451071,0.09749291539146515,0.15668784534991487,235.74841629123435,0.015275954849570226,-0.007957343175276646,0.0,False,persistent
2040Q1,2040-03-31,2040,1,2040,62717.12593677465,31542.105507811204,0.01755757145504555,0.047089889452080355,0.049639629108157265,182.96059349422453,2266.1862082485495,450.52910682323636,1297.4393245371302,328.4651991315286,140.00243437357923,49.75014338307526,5.935451716790281,118.85482800454919,0.0,2390.976487969889,2573.937081464114,0.0,0.0,108084.18990282893,110658.12698429305,1.764400478042439,0.011668939911479216,0.15249273318935186,0.16416167310083107,110075.36294729842,582.7640369946275,23176.745848138897,55752.727731701656,18598.691367942116,74351.41909964377,10045.32837877081,2501.869620744966,0.2105534356424098,18.941822061017454,32814.19050375207,43093.33244793445,0.2981065846629346,0.39148935142341124,24871.303988647007,24871.303988647007,0,0.0,0.0,0.0,0.0,0.0,0.0,0.0,0.0,0.0,0.0,0.0,none,2444.7814360212024,27316.08542466821,2455.0822534595645,2455.0822534595645,0.0,27326.38624210657,0.2154110468670722,0.5181811771623273,0.1728613500867164,0.0702933619006643,0.0232530639832198,0.08380484328378195,0.08848570693343594,0.07972988282653061,0.9489027681970577,69965.70665265071,0.0,0.08039810397782127,0.08083607798336585,0.06852405198891054,0.04212405198891064,307.6382857027144,-124.6776922084899,0.0,0.0,0.017988415904545987,0.027089889452080355,0.027387308225341286,0.04924810397782127,0.08039810397782127,0.02186079575247998,0.0,49.23778550877411,0.0,False,0.0,0.0,0.0,0.0,0.0,0.08039810397782127,0.08083607798336585,0.06852405198891054,False,False,1,0.0,,,,636.943463524977,2272.12165996534,1635.1781964403629,1530.8341843761355,0.09763420510814699,0.15668784534991487,239.86310993789098,0.015298093230847205,-0.007951747810266556,0.0,False,persistent
2040Q2,2040-06-30,2040,2,2040,63724.85919748098,31678.327253715543,0.017387139379035466,0.04762222138217676,0.04963364577950434,183.40896921853403,2308.4281403452424,465.8416056415521,1312.6174010952914,335.97395231455033,142.58363220183838,51.41154909200977,5.935451716790281,122.39152963468644,0.0,2436.755121696719,2620.164090915253,0.0,0.0,110658.12698429305,113278.2910752083,1.777615400046049,0.01151255390930917,0.15295475909301298,0.16446731300232215,112695.52703821367,582.7640369946275,23714.793650400192,57047.02645778978,19030.45970509463,76077.48616288441,10343.29673900114,2559.9504859279537,0.21043243040479145,19.047352973763232,33556.14814415284,43901.53773955245,0.2977593612280136,0.3895588307126509,25503.198249869984,25503.198249869984,0,0.0,0.0,0.0,0.0,0.0,0.0,0.0,0.0,0.0,0.0,0.0,none,2501.869620744966,28005.06787061495,2497.7725612805666,2497.7725612805666,0.0,28000.97081115055,0.2154110468670722,0.5181811771623273,0.1728613500867164,0.0702933619006643,0.0232530639832198,0.08340088519022532,0.08808228326664502,0.08052015314465165,0.9509421353762982,72402.46177434744,0.0,0.08119700765494132,0.08143525574120589,0.06892350382747056,0.042523503827470666,309.70591111190976,-126.29694189337573,0.0,0.0,0.01793290219780968,0.02762222138217676,0.027919640155437693,0.05004700765494133,0.08119700765494132,0.02212736749950363,0.0,49.99572255044862,0.0,False,0.0,0.0,0.0,0.0,0.0,0.08119700765494132,0.08143525574120589,0.06892350382747056,False,False,1,0.0,,,,645.9057451507801,2314.3635920620327,1668.4578469112525,1557.5933665332593,0.09776990556896077,0.15668784534991487,244.0559485334166,0.015319355843665106,-0.007927640389254446,0.0,False,persistent
2040Q3,2040-09-30,2040,3,2040,64755.6215611719,31814.542646819482,0.01731107750083294,0.048143133533340765,0.05016597770960075,184.0046041360573,2351.9842285281643,481.3925703917246,1327.9227292151234,344.55053852879723,145.01957124657878,53.09881914594128,5.935451716790281,127.34910571640131,0.0,2485.268785961356,2669.2733900974135,0.0,0.0,113278.2910752083,115947.56446530571,1.7905405225054467,0.011366092993933256,0.15351678980417954,0.1648828827981128,115364.80042831108,582.7640369946275,24262.35222155554,58364.203775727845,19469.86016871094,77834.06394443879,10649.326248363619,2619.058013953165,0.2103098356819195,19.158575598735137,34395.64840281014,44708.209662004774,0.2981468201315354,0.3875377021068652,26110.65182382711,26110.65182382711,0,0.0,0.0,0.0,0.0,0.0,0.0,0.0,0.0,0.0,0.0,0.0,none,2559.9504859279537,28670.602309755064,2541.924284381012,2541.924284381012,0.0,28652.576108208123,0.2154110468670722,0.5181811771623273,0.1728613500867164,0.0702933619006643,0.0232530639832198,0.0830149532046788,0.08775799007459686,0.08125199450631686,0.953044883248506,74887.73056030879,0.0,0.08196850964551926,0.08201388223413934,0.06930925482275953,0.04290925482275963,311.8203551162569,-127.8157509801996,0.0,0.0,0.0178583663523893,0.028143133533340765,0.028440552306601696,0.05081850964551926,0.08196850964551926,0.02237795733891756,0.0,50.7273535769136,0.0,False,0.0,0.0,0.0,0.0,0.0,0.08196850964551926,0.08201388223413934,0.06930925482275953,False,False,1,0.0,,,,655.5052821377033,2357.9196802449546,1702.4143981072514,1584.6587772726018,0.09788548015252338,0.15668784534991487,248.29676942567463,0.015337464976140745,-0.00789526826544055,0.0,False,persistent
2040Q4,2040-12-31,2040,4,2041,65810.51515522621,31951.100953782636,0.01728015464830035,0.04865029661907731,0.05068688986076386,195.21657467378753,2396.5511856509447,497.1872130238902,1343.4693315884597,353.57235550169037,147.50928617999332,54.81299935691326,5.957305368177581,132.45361603077473,0.0,2534.962107049897,2730.1786817236843,0.0,0.0,115947.56446530571,118677.7431470294,1.803324937771815,0.011865372833708006,0.15407641779255016,0.16594179062625816,118094.97911003476,582.7640369946275,24821.930897429284,59710.29600821268,19918.906430720715,79629.2024389334,10964.382692555577,2679.463081116536,0.2101861661222828,19.23336646697045,35049.517784586205,45286.43801533328,0.2967909224314176,0.38347471125878885,26599.092180360767,26599.092180360767,0,0.0,0.0,0.0,0.0,0.0,0.0,0.0,0.0,0.0,0.0,0.0,none,2619.058013953165,29218.15019431393,2597.7250656929095,2597.7250656929095,0.0,29196.817246053677,0.2154110468670722,0.5181811771623273,0.1728613500867164,0.0702933619006643,0.0232530639832198,0.08266409238733875,0.08745201742666767,0.082080364606077,0.9551495970248801,77422.69266735869,0.0,0.08271406675971928,0.08257305006978935,0.06968203337985954,0.04328203337985964,324.5265673160546,-129.30999264226705,0.0,0.0,0.017776101570823835,0.028650296619077312,0.028947715392338244,0.05156406675971927,0.08271406675971928,0.02261635136738103,0.0,51.43123392560787,0.0,False,0.0,0.0,0.0,0.0,0.0,0.08271406675971928,0.08257305006978935,0.06968203337985954,False,False,1,0.0,,,,665.3773165399596,2402.508491019122,1737.1311744791626,1612.1537961257884,0.09798761139147609,0.15668784534991487,252.60490468763572,0.015353467699915163,-0.007859533835118332,0.0,False,persistent
2041Q1,2041-03-31,2041,1,2041,66904.93637134369,32084.884089907846,0.016853971146991942,0.05049235794290161,0.051194052946502186,195.96310268874515,2442.906014872402,513.2807123387761,1359.5308317692823,362.83187100324005,150.70228997861193,56.560309782491416,5.957305368177581,137.71154009797542,0.0,2586.574860338555,2782.5379630273,0.0,0.0,118677.7431470294,121460.2811100567,1.8154158377180645,0.011715912954529248,0.1546417947986523,0.16635770775318154,120877.51707306207,582.7640369946275,25391.655725974182,61080.79527743622,20376.094696933298,81456.88997436952,11288.00797356497,2740.9633991534224,0.21006102988222936,19.366681074141415,35702.43171329031,45823.93352573869,0.2953603993347304,0.37909393438352396,27421.84352642501,27421.84352642501,0,0.0,0.0,0.0,0.0,0.0,0.0,0.0,0.0,0.0,0.0,0.0,none,2679.463081116536,30101.306607541548,2644.8264229293245,2644.8264229293245,0.0,30066.669949354335,0.2154110468670722,0.5181811771623273,0.1728613500867164,0.0702933619006643,0.0232530639832198,0.08229358374548335,0.08717977918181533,0.0825808355554433,0.9576745153854761,80009.26752769724,1.4551915228366852e-11,0.08343528881752331,0.08311396661314238,0.07004264440876155,0.04364264440876166,326.81404783092466,-130.8509451421795,0.0,0.0,0.017692232553750176,0.030492357942901612,0.029440263065634832,0.052285288817523305,0.08343528881752331,0.022845025751888477,0.0,52.09779532316232,0.0,False,0.0,0.0,0.0,0.0,0.0,0.08343528881752331,0.08311396661314238,0.07004264440876155,False,False,1,0.0,,,,675.365036419604,2448.8633202405795,1773.4982838209753,1640.9903463183784,0.09810877554447461,0.15668784534991487,257.1232416046373,0.015372452649982148,-0.00782309660476561,0.0,False,persistent
2041Q2,2041-06-30,2041,2,2041,68025.64441672355,32219.395298119176,0.01687516806487377,0.05097011877583835,0.05227884108255063,196.69451045644897,2489.286769654768,529.6400322629439,1375.3869143350325,372.1493798974886,153.77275071725782,58.337692442046446,5.957305368177581,144.7238649070354,0.0,2639.9679399299807,2836.6624503864296,0.0,0.0,121460.2811100567,124296.94356044313,1.827207145572968,0.011565903543757874,0.15523368944556246,0.16679959298932032,123714.1795234485,582.7640369946275,25971.529034774165,62475.707182508624,20841.42683516979,83317.13401767841,11621.95725167546,2803.559219320472,0.20993170819074608,19.446036291364745,36350.624680454916,46341.27167222952,0.2938274724892396,0.3745833488993564,27918.770522700102,27918.770522700102,0,0.0,0.0,0.0,0.0,0.0,0.0,0.0,0.0,0.0,0.0,0.0,none,2740.9633991534224,30659.733921853523,2691.938585479394,2691.938585479394,0.0,30610.709108179497,0.2154110468670722,0.5181811771623273,0.1728613500867164,0.0702933619006643,0.0232530639832198,0.08192630985078579,0.08694094615301844,0.08344889446736986,0.9595538874485717,82649.23546762722,0.0,0.08413458072452146,0.083638435543391,0.07039229036226063,0.04399229036226073,329.1567814387251,-132.46227098227612,0.0,0.0,0.017613673567324545,0.030970118775838346,0.029918023898571566,0.05298458072452146,0.08413458072452146,0.02306655682594989,0.0,52.7358348883475,0.0,False,0.0,0.0,0.0,0.0,0.0,0.08413458072452146,0.083638435543391,0.07039229036226063,False,False,1,0.0,,,,685.3137512053354,2495.2440750229453,1809.9303238176099,1669.5939641980342,0.09817438576370638,0.15668784534991487,261.6050808594129,0.015382732973866511,-0.007788960890737926,0.0,False,persistent
2041Q3,2041-09-30,2041,3,2041,69172.48099905928,32354.34724479753,0.016859682331777703,0.05143329225109281,0.05275660191548737,197.47560419169085,2536.342628805829,546.2759265288648,1391.1809092586755,381.58734311960995,157.1543948130028,60.14405508567672,5.957305368177581,150.3412881357136,0.0,2692.64122230972,2890.1168265014107,0.0,0.0,124296.94356044313,127187.06038694455,1.838694500327005,0.011419315967248678,0.15570592139647782,0.1671252373637265,126604.29634994992,582.7640369946275,26561.706951674314,63895.407296139514,21315.028133666245,85210.43542980576,11964.886573256108,2867.2673952137507,0.2098009918893627,19.553311168786646,36909.14571006424,46843.30785150191,0.29153154177361246,0.36999777418312263,28661.781042365103,28661.781042365103,0,0.0,0.0,0.0,0.0,0.0,0.0,0.0,0.0,0.0,0.0,0.0,none,2803.559219320472,31465.340261685575,2739.7755383656972,2739.7755383656972,0.0,31401.5565807308,0.2154110468670722,0.5181811771623273,0.1728613500867164,0.0702933619006643,0.0232530639832198,0.08154432119047357,0.08665188845935996,0.08397681620024745,0.9613743368723632,85341.87668993694,0.0,0.08481100006192051,0.08414575004644029,0.07073050003096015,0.04433050003096026,331.55156604340704,-134.0759618517162,0.0,0.0,0.017531246677163687,0.031433292251092815,0.030381197373825143,0.05366100006192051,0.08481100006192051,0.023279802688095364,0.0,53.34656444892776,0.0,False,0.0,0.0,0.0,0.0,0.0,0.08481100006192051,0.08414575004644029,0.07073050003096015,False,False,1,0.0,,,,695.3379214226904,2542.2999341740065,1846.962012751316,1698.4780415115315,0.09821697975728991,0.15668784534991487,266.1308646985851,0.01538940693494596,-0.007753138815624646,0.0,False,persistent
2041Q4,2041-12-31,2041,4,2042,70345.91633941005,32489.750364172574,0.01684540089773412,0.051882488717654884,0.05321977539074183,219.21348418740808,2583.493782845228,563.1812324807912,1407.0288259403192,391.36485791172225,159.93957801644123,61.97928849595489,5.987900480119798,156.1102411653437,0.0,2745.5919244906913,2964.8054086780994,0.0,0.0,127187.06038694455,130151.86579562264,1.8501694564280966,0.012464887549675582,0.15611947742601356,0.16858436497568915,129569.101758628,582.7640369946275,27166.730918038724,65350.82026433141,21800.542972304534,87151.36323663594,12318.429440300073,2932.5781636532856,0.2096698252076112,19.575447730953037,37440.19917936306,47588.181422166,0.2889593172383779,0.3672803220540742,28990.467110483074,28990.46711048307,0,0.0,0.0,0.0,0.0,0.0,0.0,0.0,0.0,0.0,0.0,0.0,none,2867.2673952137507,31857.734505696822,2808.6951675127557,2808.6951675127557,0.0,31799.162277995827,0.2154110468670722,0.5181811771623273,0.1728613500867164,0.0702933619006643,0.0232530639832198,0.08123123640473004,0.08634815259155151,0.08472490236559431,0.9630827550679912,88087.46861442763,-1.4551915228366852e-11,0.08546460891567376,0.08463595668675522,0.07105730445783678,0.04465730445783688,354.906551863772,-135.6930676763639,0.0,0.0,0.017445254017689718,0.03188248871765488,0.030830393840388104,0.05431460891567376,0.08546460891567376,0.023484215075285652,0.0,53.92911895204398,0.0,False,0.0,0.0,0.0,0.0,0.0,0.08546460891567376,0.08463595668675522,0.07105730445783678,False,False,1,0.0,,,,705.6216194470069,2589.4816833253476,1883.8600638783407,1726.8609758563775,0.09819253572727629,0.15668784534991487,270.57812552578713,0.015385576852551456,-0.007715760899135195,0.0,False,persistent
2042Q1,2042-03-31,2042,1,2042,71504.08612788789,32624.588175878645,0.01670428780669475,0.04996113032360699,0.053668971857303904,220.38440291867948,2633.8488083915504,580.4485083568806,1424.7314358074036,401.32244366204435,163.49403607836697,63.852384486856,5.987900480119798,162.05341560219395,0.0,2801.890124473864,3022.2745273925434,0.0,0.0,130151.86579562264,133174.1403230152,1.8624689515621242,0.01232849280946061,0.15674014038652687,0.16906863319598747,132591.37628602056,582.7640369946275,27782.854142000782,66832.93300698347,22294.964655235148,89127.89766221862,12681.537413629263,2999.0870681719025,0.20953741427397793,19.64752698508868,37942.2401152286,48187.6183021631,0.2861591845413927,0.36342950538664587,29855.588627363646,29855.588627363646,0,0.0,0.0,0.0,0.0,0.0,0.0,0.0,0.0,0.0,0.0,0.0,none,2932.5781636532856,32788.166791016934,2860.2211117903494,2860.2211117903494,0.0,32715.809739153996,0.2154110468670722,0.5181811771623273,0.1728613500867164,0.0702933619006643,0.0232530639832198,0.08089623134272018,0.08611140861779637,0.08513605863828722,0.9650912181009811,90889.3587389015,0.0,0.08609385519983731,0.08510789139987787,0.07137192759991855,0.04497192759991865,357.5651921932741,-137.1807892745946,0.0,0.0,0.017349220675371233,0.029961130323606987,0.03126566076421016,0.054943855199837306,0.08609385519983731,0.02367819443562715,0.0,54.51795498849008,0.0,False,0.0,0.0,0.0,0.0,0.0,0.08609385519983731,0.08510789139987787,0.07137192759991855,False,False,1,0.0,,,,716.0947765068472,2639.83670887167,1923.7419323648228,1757.8547032100316,0.0983359020946601,0.15668784534991487,275.4344658841939,0.01540804061975247,-0.007674011190311072,0.0,False,persistent
2042Q2,2042-06-30,2042,2,2042,72690.3274428393,32760.757140035057,0.016800071646125403,0.05038253234938328,0.05398115825749499,221.4012226521613,2684.1749828169577,597.9832553849039,1442.2347044172782,411.24768664065306,166.94946891438954,65.75986745973422,5.987900480119798,167.7818221401508,0.0,2857.944705437228,3079.3459280893894,0.0,0.0,133174.1403230152,136253.48625110456,1.8744376458924157,0.012183256311578024,0.15726684999098944,0.16945010630256746,135670.72221410993,582.7640369946275,28410.0372140839,68341.65072278782,22798.261557453556,91139.91228024138,13053.982865165888,3066.789854618786,0.20940433389341254,19.66439913081576,38439.53030161412,48833.50252170058,0.28332959148658793,0.3599413471436642,30376.613682667892,30376.613682667892,0,0.0,0.0,0.0,0.0,0.0,0.0,0.0,0.0,0.0,0.0,0.0,none,2999.0870681719025,33375.700750839795,2911.5641059492386,2911.5641059492386,0.0,33288.17778861713,0.2154110468670722,0.5181811771623273,0.1728613500867164,0.0702933619006643,0.0232530639832198,0.08055948831827878,0.08584083061487027,0.08590902616159912,0.9665013765730791,93747.30344433873,-2.9103830456733704e-11,0.08670651330215395,0.08556738497661537,0.07167825665107688,0.04527825665107698,360.2883743950237,-138.88715174286241,0.0,0.0,0.017277154438979182,0.03038253234938328,0.03168706278998734,0.055556513302153956,0.08670651330215395,0.02386945051216661,0.0,55.07656362111118,0.0,False,0.0,0.0,0.0,0.0,0.0,0.08670651330215395,0.08556738497661537,0.07167825665107688,False,False,1,0.0,,,,726.627586214702,2690.1628832970773,1963.5352970823753,1788.3921956902016,0.09841156360708486,0.15668784534991487,280.219319783301,0.015419895859110222,-0.007642675807291009,0.0,False,persistent
2042Q3,2042-09-30,2042,3,2042,73903.61539537011,32897.58619480664,0.016811414567339256,0.05078974433410758,0.05440256028327217,222.4193409490618,2735.090557063529,615.8338174044136,1459.8161438041327,421.1892877128233,170.5511973645735,67.70011077758622,5.987900480119798,174.03129831354906,0.0,2915.109755857198,3137.5290968062595,0.0,0.0,136253.48625110456,139391.01534791084,1.886119029525088,0.012038346960925315,0.15777900662975264,0.16981735359067796,138808.2513109162,582.7640369946275,29048.407377245476,69877.27950052872,23310.535787880017,93187.81528840873,13436.328386720708,3135.7002585412674,0.2092700333222989,19.683577699954142,39023.00227741389,49590.02828325703,0.28112883714676573,0.3572556228821042,31070.781830272925,31070.78183027293,0,0.0,0.0,0.0,0.0,0.0,0.0,0.0,0.0,0.0,0.0,0.0,none,3066.789854618786,34137.571684891715,2963.4977984927104,2963.4977984927104,0.0,34034.27962876564,0.2154110468670722,0.5181811771623273,0.1728613500867164,0.0702933619006643,0.0232530639832198,0.08021685168817604,0.08557901411740401,0.08638944674934486,0.9677981869531137,96662.41320019592,2.9103830456733704e-11,0.08730094527099787,0.0860132089532483,0.07197547263549883,0.04557547263549894,363.06848858630764,-140.64914763724585,0.0,0.0,0.017207930155553976,0.03078974433410758,0.032094274774709865,0.05615094527099787,0.08730094527099787,0.024056670496288002,0.0,55.60932025952432,0.0,False,0.0,0.0,0.0,0.0,0.0,0.08730094527099787,0.0860132089532483,0.07197547263549883,False,False,1,0.0,,,,737.0346260615829,2741.0784575436487,2004.0438314820658,1819.3342167930496,0.0984706475892938,0.15668784534991487,285.06755840067785,0.015429153600977234,-0.00761257196334983,0.0,False,persistent
2042Q4,2042-12-31,2042,4,2043,75144.16338201461,33034.96617118293,0.016808883160344346,0.05118448810495125,0.05480977226799381,235.83162372451756,2786.44276824842,633.9883556626395,1477.9274096009808,431.20267248485277,173.65161386581428,69.67271663413297,6.009754131507097,180.4429874662111,0.0,2972.8955098461383,3208.727133570656,0.0,0.0,139391.01534791084,142599.7424814815,1.8976822159365745,0.012553556423303674,0.15825024199059412,0.17080379841389778,142016.97844448686,582.7640369946275,29700.733235368793,71446.47934413915,23834.00907382183,95280.48841796098,13829.639647607079,3206.1171435500046,0.20913508765417466,19.620991430899533,39890.75845403931,50391.1818201437,0.2808872494751199,0.3548250524133011,31400.736252579536,31400.736252579536,0,0.0,0.0,0.0,0.0,0.0,0.0,0.0,0.0,0.0,0.0,0.0,none,3135.7002585412674,34536.4365111208,3028.284146104445,3028.284146104445,0.0,34429.020398683984,0.2154110468670722,0.5181811771623273,0.1728613500867164,0.0702933619006643,0.0232530639832198,0.07995182676530709,0.08531096505541583,0.08705457648685883,0.9690525258323298,99635.30871004207,0.0,0.08787675592633948,0.08644506694475451,0.07226337796316964,0.04586337796316974,378.270968189709,-142.43934446519143,0.0,0.0,0.017138077526698898,0.03118448810495125,0.03248901854555442,0.05672675592633948,0.08787675592633948,0.024237737380785055,0.0,56.11674715495694,0.0,False,0.0,0.0,0.0,0.0,0.0,0.08787675592633948,0.08644506694475451,0.07226337796316964,False,False,1,0.0,,,,747.4908697561533,2792.4525223799274,2044.9616526237742,1850.3302927101881,0.09849495739561621,0.15668784534991487,289.9242667504367,0.015432962652150767,-0.0075821907147233525,0.0,False,persistent
2043Q1,2043-03-31,2043,1,2043,76457.23436086388,33172.20560521741,0.016721315130922454,0.054123256949359135,0.05520451603884014,236.9425782181654,2841.4436002172893,652.5010213394555,1498.3157679189953,441.44513632935934,177.4984742877339,71.68320034174518,6.009754131507097,187.03602181009796,0.0,3034.4893761588946,3271.43195437706,0.0,0.0,142599.7424814815,145871.17443585856,1.9078792955990775,0.012396084174315836,0.15875485957740354,0.17115094375171938,145288.41039886393,582.7640369946275,30365.146192155582,73044.7552593114,24367.181918927334,97411.93717823873,14233.488228950042,3277.8387995195667,0.2089990943447821,19.60549117510811,40654.105613482294,51210.83697453888,0.2798165765725811,0.3524770959634597,32281.245066843225,32281.24506684322,0,0.0,0.0,0.0,0.0,0.0,0.0,0.0,0.0,0.0,0.0,0.0,none,3206.1171435500046,35487.36221039323,3084.395932566962,3084.395932566962,0.0,35365.640999410185,0.2154110468670722,0.5181811771623273,0.1728613500867164,0.0702933619006643,0.0232530639832198,0.07967778631966548,0.08511907029714207,0.08740047338069129,0.9706952976948563,102669.79808620096,0.0,0.08843303957056697,0.08686227967792512,0.07254151978528338,0.04614151978528348,381.2508637394392,-144.30828552127377,0.0,0.0,0.017063504477659204,0.03412325694935914,0.03287171398397657,0.05728303957056697,0.08843303957056697,0.024411325586590402,0.0,56.572537147157846,0.0,False,0.0,0.0,0.0,0.0,0.0,0.08843303957056697,0.08686227967792512,0.07254151978528338,False,False,1,0.0,,,,758.0986165025424,2847.4533543487964,2089.354737846254,1884.434282201744,0.09858762472665783,0.15668784534991487,295.2679473817047,0.015447482496586003,-0.0075497517914480455,0.0,False,persistent
2043Q2,2043-06-30,2043,2,2043,77800.8648492645,33310.34643254438,0.016761758705990504,0.054494107321281536,0.05518729076073856,237.99294773174927,2896.9244982208925,671.3205436942364,1518.7727691702507,451.90526226472895,181.19650701110015,73.72941608057693,6.009754131507097,192.43891288909302,0.0,3095.3731652414926,3333.366112973242,0.0,0.0,145871.17443585856,149204.54054883178,1.9177748324251733,0.01223600525227319,0.1591433807960172,0.1713793860482904,148621.77651183715,582.7640369946275,31041.73660845897,74672.32461323217,24910.126835257965,99582.45144849013,14646.713474218295,3350.874980669759,0.2088639857294844,19.541727659023493,41480.838276793686,52061.26380452788,0.2791033672881033,0.3502936448911402,32826.56933285505,32826.56933285505,0,0.0,0.0,0.0,0.0,0.0,0.0,0.0,0.0,0.0,0.0,0.0,none,3277.8387995195667,36104.408132374614,3140.927200084149,3140.927200084149,0.0,35967.4965329392,0.2154110468670722,0.5181811771623273,0.1728613500867164,0.0702933619006643,0.0232530639832198,0.07940971320661916,0.08487963923544245,0.08810674267071651,0.9718656868397539,105765.17125144244,-2.9103830456733704e-11,0.08897320562729738,0.08726740422047294,0.0728116028136486,0.04641160281364869,384.2918470687386,-146.29889933698934,0.0,0.0,0.016999050300358667,0.03449410732128154,0.03324256435589897,0.05782320562729738,0.08897320562729738,0.024580641271398408,0.0,57.003084078851465,0.0,False,0.0,0.0,0.0,0.0,0.0,0.08897320562729738,0.08726740422047294,0.0728116028136486,False,False,1,0.0,,,,768.8656999804106,2902.9342523523997,2134.068552371989,1918.4472072591657,0.09863372141047874,0.15668784534991487,300.5973593230002,0.015454705286651679,-0.007521710696683721,0.0,False,persistent
2043Q3,2043-09-30,2043,3,2043,79174.77777091207,33449.03441657428,0.01675834075229954,0.054853066302823106,0.055558141132660964,239.06971122810737,2953.427473486115,690.4707035732063,1539.4297867361672,462.5447484327573,185.17188695946834,75.81034778451658,6.009754131507097,199.3299215953083,0.0,3158.7671492129307,3397.836860441038,0.0,0.0,149204.54054883178,152602.37740927283,1.9274115028250478,0.01207807425338623,0.15958451608680999,0.1716625903401962,152019.6133722782,582.7640369946275,31730.73033656732,76329.7307039651,25463.025062968572,101792.75576693368,15070.877201607667,3425.2500671695116,0.20872787157314027,19.50238464002496,42345.04034123667,52890.425737563055,0.27854984894310075,0.34791843344608836,33650.23076431314,33650.230764313135,0,0.0,0.0,0.0,0.0,0.0,0.0,0.0,0.0,0.0,0.0,0.0,none,3350.874980669759,37001.105744982895,3198.5069388457296,3198.5069388457296,0.0,36848.73770315886,0.2154110468670722,0.5181811771623273,0.1728613500867164,0.0702933619006643,0.0232530639832198,0.07911901779376802,0.08468286923692184,0.08849998857766013,0.9730090554230777,108923.93840065537,0.0,0.08949618170996511,0.08765963628247372,0.07307309085498245,0.04667309085498256,387.38972145041487,-148.3200102223075,0.0,0.0,0.016933745572944036,0.0348530663028231,0.03360152333744054,0.05834618170996511,0.08949618170996511,0.024744658372524566,0.0,57.41164220978388,0.0,False,0.0,0.0,0.0,0.0,0.0,0.08949618170996511,0.08765963628247372,0.07307309085498245,False,False,1,0.0,,,,779.6300649064781,2959.4372276176223,2179.807162711144,1953.1197400614872,0.0986738350292682,0.15668784534991487,306.0301237806202,0.015460990603148988,-0.00749329594085952,0.0,False,persistent
2043Q4,2043-12-31,2043,4,2044,80579.57573357261,33588.29140499096,0.0167573206712035,0.055200978854094924,0.055917100114202534,259.8463823529071,3009.8905793934255,709.9448019978329,1560.226852260219,473.2972926740875,188.4952964703856,77.92633599090115,6.019952502154488,206.40098988764467,0.0,3222.3115217832246,3482.157904136132,0.0,0.0,152602.37740927283,156084.53531340897,1.9370235434036671,0.012898870711956101,0.15995673804178065,0.17285560875373676,155501.77127641434,582.7640369946275,32436.36456274764,78027.16627788801,26029.276825721463,104056.44310360948,15507.542157767188,3501.4214522900065,0.20859160829165044,19.43672343904858,42985.53985575709,53963.64590661745,0.27643119112352454,0.34702913969187926,34296.02328949839,34296.02328949839,0,0.0,0.0,0.0,0.0,0.0,0.0,0.0,0.0,0.0,0.0,0.0,none,3425.2500671695116,37721.2733566679,3275.756914248487,3275.756914248487,0.0,37571.78020374688,0.2154110468670722,0.5181811771623273,0.1728613500867164,0.0702933619006643,0.0232530639832198,0.07946796354878921,0.08446294419492896,0.0890942866225323,0.9741066729906953,112146.2499224386,0.0,0.09000221526925924,0.08803916145194432,0.07332610763462952,0.04692610763462962,410.22334930151186,-150.3769669486048,0.0,0.0,0.016868189990966998,0.03520097885409493,0.03394943588871325,0.05885221526925924,0.09000221526925924,0.024902779380545987,0.0,57.79737287800006,0.0,False,0.0,0.0,0.0,0.0,0.0,0.09000221526925924,0.08803916145194432,0.07332610763462952,False,False,1,0.0,,,,790.3820103617949,3015.91053189558,2225.528521533785,1987.4062458011074,0.0986555825199301,0.15668784534991487,311.4024024895388,0.015458130656788572,-0.007464768364917158,0.0,False,persistent
2044Q1,2044-03-31,2044,1,2044,81969.59209363385,33726.43960362197,0.016553725694094856,0.05336977704397348,0.05626501266547524,261.28560097650814,3092.3971305076116,729.8361664821463,1605.502070377297,484.33953286922156,192.63341601114865,80.08594476779828,6.019952502154488,213.6759943674936,0.0,3312.0930773772598,3573.378678353768,0.0,0.0,156084.53531340897,159657.91399176273,1.947770019513889,0.012750367266829467,0.16162545123288433,0.1743758184997138,159075.1499547681,582.7640369946275,33160.08163506723,79768.10096959144,26610.039567565294,106378.14053715674,15957.382948778766,3579.5448337653347,0.2084554479093439,19.395230449514603,43767.6326066391,55155.76788756488,0.2751380879985599,0.34672774410866836,35122.06715620418,35122.06715620418,0,0.0,0.0,0.0,0.0,0.0,0.0,0.0,0.0,0.0,0.0,0.0,none,3501.4214522900065,38623.48860849419,3359.702683986274,3359.702683986274,0.0,38481.769840190456,0.2154110468670722,0.5181811771623273,0.1728613500867164,0.0702933619006643,0.0232530639832198,0.0797834113023117,0.08487946793003581,0.08937927775647966,0.9755629445133492,115458.34299981585,0.0,0.09048963740474066,0.0884047280535554,0.07356981870237023,0.04716981870237033,413.60119152904997,-152.31559055254186,0.0,0.0,0.0167947033644973,0.03336977704397348,0.03428647190531562,0.05933963740474066,0.09048963740474066,0.025053165499425035,0.0,58.22247226075912,0.0,False,0.0,0.0,0.0,0.0,0.0,0.09048963740474066,0.0884047280535554,0.07356981870237023,False,False,1,0.0,,,,801.3910324006769,3098.417083009766,2297.026050609089,2047.0002094415147,0.09989071103846542,0.15668784534991487,320.7400522482154,0.015651660283088106,-0.007432785093211236,0.0,False,persistent
2044Q2,2044-06-30,2044,2,2044,83405.97882962161,33871.62705507548,0.017330932427229273,0.05369613900532519,0.057363268932727564,261.0379617047793,3176.07666928229,750.1609408672084,1651.24236037275,495.7002693698669,196.63612283358432,82.33697583888129,6.019952502154488,224.07773543487872,0.0,3406.174357219323,3667.2123189241024,0.0,0.0,159657.91399176273,163325.1263106868,1.95819446762109,0.012518908853669457,0.1633539659873698,0.17587287484103922,162742.36227369218,582.7640369946275,33901.770860200864,81552.2685011922,27205.224460197507,108757.49296138971,16423.490189563545,3659.608262538047,0.20831558781963921,19.31860641003354,44534.87625918805,56361.5907138476,0.2736526349807524,0.34632402975115617,35769.18238176883,35769.18238176883,0,0.0,0.0,0.0,0.0,0.0,0.0,0.0,0.0,0.0,0.0,0.0,none,3579.5448337653347,39348.72721553416,3443.1345834892236,3443.1345834892236,0.0,39212.316965258055,0.2154110468670722,0.5181811771623273,0.1728613500867164,0.0702933619006643,0.0232530639832198,0.0801115280306066,0.08533681223957514,0.09005746509432194,0.9765996579932282,118864.51735703518,-2.9103830456733704e-11,0.09100831911611594,0.08879373933708685,0.07382915955805787,0.04742915955805797,417.11883266476747,-156.08087095998815,0.0,0.0,0.01691550005498046,0.033696139005325185,0.03461283386666733,0.05985831911611594,0.09100831911611594,0.02524548524944861,0.0,58.6164621846363,0.0,False,0.0,0.0,0.0,0.0,0.0,0.09100831911611594,0.08879373933708685,0.07382915955805787,False,False,1,0.0,,,,812.5897555604845,3182.0966217844443,2369.50686622396,2106.9199716759554,0.10104407387771983,0.15668784534991487,330.1287506866091,0.015832378221277536,-0.007485356476845569,0.0,False,persistent
2044Q3,2044-09-30,2044,3,2044,84880.30324043536,34020.01132518823,0.017638618865039035,0.05401156452986168,0.057689630894079275,260.06462167157497,3262.6824311619707,771.3357952616502,1698.2556087457385,507.41550459712465,200.99799284713413,84.67752971032432,6.019952502154488,231.90788595606892,0.0,3500.6102696201942,3760.674891291769,0.0,0.0,163325.1263106868,167085.80120197858,1.9684873265436462,0.012255593429486483,0.16496690685490248,0.17722250028438896,166503.03716498395,582.7640369946275,34661.906254970214,83380.80914194863,27815.21188888129,111196.02103082993,16903.4469716888,3741.6629074949924,0.20817581976372326,19.271270712494925,45260.474187750115,57466.4172910945,0.27182972129753147,0.345137351663756,36689.06803600012,36689.06803600012,0,0.0,0.0,0.0,0.0,0.0,0.0,0.0,0.0,0.0,0.0,0.0,none,3659.608262538047,40348.676298538165,3528.7670053357,3528.7670053357,0.0,40217.83504133582,0.2154110468670722,0.5181811771623273,0.1728613500867164,0.0702933619006643,0.0232530639832198,0.0804225624387556,0.08573353895250935,0.0904585503402077,0.9776003774390013,122365.12762665538,0.0,0.09155365452869313,0.08920274089651975,0.07410182726434647,0.04770182726434657,420.7296751318558,-160.66505346028083,0.0,0.0,0.01711320170892919,0.034011564529861676,0.03492825939120382,0.06040365452869313,0.09155365452869313,0.025475395137489306,0.0,59.0006703700805,0.0,False,0.0,0.0,0.0,0.0,0.0,0.09155365452869313,0.08920274089651975,0.07410182726434647,False,False,1,0.0,,,,823.8706563838708,3268.702383664125,2444.831727280254,2169.1628147558854,0.10222219911780606,0.15668784534991487,339.8814476572562,0.016016976126699,-0.0075713703804838935,0.0,False,persistent
2044Q4,2044-12-31,2044,4,2045,86389.5582072579,34169.99038968266,0.01775117208705601,0.05432792934533555,0.058005056418615766,277.0813258414478,3351.043284676515,793.3560476433724,1746.5229788273373,519.5036121308574,204.55467476145233,87.10597131349581,6.028693962709422,239.96300960143193,0.0,3597.0349882406567,3874.1163140821045,0.0,0.0,167085.80120197858,170959.9175160607,1.9789419122379277,0.012829389643442773,0.16654952579389193,0.1793789154373347,170377.15347906607,582.7640369946275,35444.743022763825,85263.95897925278,28443.416535515924,113707.3755147687,17398.866834724588,3826.168106808911,0.20803694802377865,19.15976411365078,46486.89043829685,59687.074228074875,0.27284697207955527,0.35032322708342767,37159.23859142062,37159.23859142061,0,0.0,0.0,0.0,0.0,0.0,0.0,0.0,0.0,0.0,0.0,0.0,none,3741.6629074949924,40900.9014989156,3634.1533044806724,3634.1533044806724,0.0,40793.39189590128,0.2154110468670722,0.5181811771623273,0.1728613500867164,0.0702933619006643,0.0232530639832198,0.08073690252366444,0.08611228392513012,0.09113030154860914,0.9785682453219441,125962.16261489603,0.0,0.09212006288862877,0.08962754716647148,0.07438503144431428,0.04798503144431439,442.7246162255757,-165.64329038412788,0.0,0.0,0.017339069877093088,0.034327929345335545,0.03524462420667858,0.06097006288862877,0.09212006288862877,0.02572543868195019,0.0,59.38310392925534,0.0,False,0.0,0.0,0.0,0.0,0.0,0.09212006288862877,0.08962754716647148,0.07438503144431428,False,False,1,0.0,,,,835.3282739018275,3357.0719786392247,2521.743704737397,2232.47490882681,0.10336781227522249,0.15668784534991487,349.8016832618205,0.01619647978393909,-0.007669597753317906,0.0,False,persistent
2045Q1,2045-03-31,2045,1,2045,87950.45795339101,34315.385659529835,0.01712917109535428,0.0561638497409508,0.05832142123409052,275.85222858466784,3442.4293220979316,816.2929890820724,1795.3970884438772,531.9593386421818,209.15122311171595,89.62868281808424,6.028693962709422,248.315008297441,0.0,3696.7730243580822,3972.62525294275,0.0,0.0,170959.9175160607,174932.54276900346,1.9889895611653123,0.012545800670229807,0.1681297908109664,0.18067559148119622,174349.77873200882,582.7640369946275,36247.000591420634,87193.82644594081,29087.2058325471,116281.03227848791,17908.97613087923,3912.769731221009,0.2078981737460964,19.0951524927309,47708.7252742039,61913.199192119064,0.2736380029913113,0.3551091354539955,38196.29402680224,38196.29402680225,0,0.0,0.0,0.0,0.0,0.0,0.0,0.0,0.0,0.0,0.0,0.0,none,3826.168106808911,42022.46213361116,3724.310244645309,3724.310244645309,0.0,41920.60427144756,0.2154110468670722,0.5181811771623273,0.1728613500867164,0.0702933619006643,0.0232530639832198,0.08104447921999174,0.08649449714459044,0.0914912681256978,0.97988649780238,129658.93563925412,0.0,0.09270072648777168,0.09006304486582867,0.07467536324388574,0.048275363243885844,446.6306887665854,-170.77846018191758,0.0,0.0,0.017563208698586907,0.0361638497409508,0.035566523825080756,0.061550726487771684,0.09270072648777168,0.025984202662690924,0.0,59.75888562982414,0.0,False,0.0,0.0,0.0,0.0,0.0,0.09270072648777168,0.09006304486582867,0.07467536324388574,False,False,1,0.0,,,,847.0071241421571,3448.458016060641,2601.450891918484,2298.076963503979,0.10451688448157193,0.15668784534991487,360.0807278597134,0.016376525432103457,-0.007767029946446484,0.0,False,persistent
2045Q2,2045-06-30,2045,2,2045,89546.06749068326,34461.22054279688,0.01710803238502523,0.05649286345707477,0.057699955866219135,274.59796164639135,3536.072898863873,840.0308219568457,1845.5898778263736,544.7899598546412,213.42598661570702,92.23625261030529,6.028693962709422,252.92801255692441,0.0,3795.029605383507,4069.6275670298983,0.0,0.0,174932.54276900346,179002.17033603333,1.9989953255586288,0.01226622092254187,0.16952300471613038,0.18178922563867225,178419.4062990387,582.7640369946275,37069.159838026746,89171.56831395256,29746.965670408666,118918.53398436123,18430.19278648483,4001.5196901658956,0.20776416986780696,18.99092358044684,48981.380889950444,64271.14525347935,0.27452944668953505,0.36022508193844177,38878.56149395308,38878.56149395308,0,0.0,0.0,0.0,0.0,0.0,0.0,0.0,0.0,0.0,0.0,0.0,none,3912.769731221009,42791.331225174086,3816.699554472974,3816.699554472974,0.0,42695.26104842605,0.2154110468670722,0.5181811771623273,0.1728613500867164,0.0702933619006643,0.0232530639832198,0.0813603940501392,0.08677698375184091,0.09225069288828083,0.980799984929033,133453.96524463763,-2.9103830456733704e-11,0.09329254359062145,0.09050690769296599,0.07497127179531063,0.048571271795310726,450.60396872341033,-176.00600707701895,0.0,0.0,0.017782108763328246,0.03649286345707477,0.035895537541204725,0.06214254359062145,0.09329254359062145,0.02624700604941672,0.0,60.13689488578267,0.0,False,0.0,0.0,0.0,0.0,0.0,0.09329254359062145,0.09050690769296599,0.07497127179531063,False,False,1,0.0,,,,858.9036369937165,3542.1015928265824,2683.197955832866,2365.185367571079,0.1056522272322975,0.15668784534991487,370.5957990978588,0.016554419841448297,-0.007862143453494766,0.0,False,persistent
2045Q3,2045-09-30,2045,3,2045,91177.26882334119,34607.44693686447,0.017081198232758554,0.056828745228165896,0.05802896958234399,273.3324119854045,3632.724512567023,864.569052514206,1897.1489568245158,557.9013660354739,218.175663407466,94.9294737853601,6.028693962709422,261.74246248009405,0.0,3900.4956690098265,4173.828080995231,0.0,0.0,179002.17033603333,183175.99841702858,2.00900949086266,0.011991252447580751,0.17111702157111808,0.18310827401869884,182593.23438003394,582.7640369946275,37911.86629654471,91198.73744491454,30423.21407208002,121621.95151699457,18966.92889913358,4092.487667361062,0.20763018096080268,18.899752738371937,50210.702306914194,66638.33566749352,0.2749866525854399,0.36495511946953185,39823.79620653148,39823.796206531486,0,0.0,0.0,0.0,0.0,0.0,0.0,0.0,0.0,0.0,0.0,0.0,none,4001.5196901658956,43825.31589669738,3912.085618515137,3912.085618515137,0.0,43735.88182504662,0.2154110468670722,0.5181811771623273,0.1728613500867164,0.0702933619006643,0.0232530639832198,0.08165679707184507,0.08716085758485695,0.09274091796574838,0.9815966030368869,137354.46091364746,0.0,0.09389342163544319,0.0909575662265823,0.0752717108177215,0.0488717108177216,454.6457251676241,-181.3133131822196,0.0,0.0,0.017994341423642347,0.0368287452281659,0.03623141931229585,0.06274342163544319,0.09389342163544319,0.02651200232314734,0.0,60.51949055496917,0.0,False,0.0,0.0,0.0,0.0,0.0,0.09389342163544319,0.0909575662265823,0.0752717108177215,False,False,1,0.0,,,,870.7533092407989,3638.7532065297323,2767.9998972889334,2434.8977610974803,0.10682038593698923,0.15668784534991487,381.51888383369595,0.01673745611191319,-0.007954320875020716,0.0,False,persistent
2045Q4,2045-12-31,2045,4,2046,92845.8016874239,34754.33143932305,0.017085604159714496,0.05717104336771968,0.05836485135343423,289.64709399483695,3731.249019794724,889.9187117920051,1950.047049740724,571.3084699346039,222.26262525306703,97.71216307432293,6.044719973726774,270.8916037170249,0.0,4008.1853434854756,4297.832437480312,0.0,0.0,183175.99841702858,187473.83085450888,2.0191955634748155,0.012478629673314354,0.17268138227636803,0.18516001194968237,186891.06681751425,582.7640369946275,38779.313837217414,93285.42238651705,31119.31650132367,124404.73888784072,19520.887712230906,4186.126380225201,0.2074968830644144,18.849603795003883,52075.22854022035,68918.52212263709,0.27863947392984856,0.3687630623347615,40859.29721754214,40859.29721754214,0,0.0,0.0,0.0,0.0,0.0,0.0,0.0,0.0,0.0,0.0,0.0,none,4092.487667361062,44951.7848849032,4026.940833763288,4026.940833763288,0.0,44886.23805130542,0.2154110468670722,0.5181811771623273,0.1728613500867164,0.0702933619006643,0.0232530639832198,0.08195037787055895,0.08752643093251158,0.09322756894945212,0.9826376679639659,141362.64625713293,0.0,0.0945039291662229,0.09141544687466707,0.07557696458311135,0.04917696458311145,476.4286538386731,-186.7815598438361,0.0,0.0,0.018207721038456314,0.037171043367719675,0.03657371745184963,0.0633539291662229,0.0945039291662229,0.026780211714373264,0.0,60.90385711641974,0.0,False,0.0,0.0,0.0,0.0,0.0,0.0945039291662229,0.09141544687466707,0.07557696458311135,False,False,1,0.0,,,,882.7900135700772,3737.293739768451,2854.5037261983734,2505.748557116372,0.10795312277241198,0.15668784534991487,392.6203424032224,0.016914942206004063,-0.008046957706182896,0.0,False,persistent
2046Q1,2046-03-31,2046,1,2046,94531.58208856752,34899.88640880586,0.016857976492513416,0.05681342965573995,0.058707149492987123,288.4769516984224,3832.792822373406,916.1993819967806,2004.5785017346352,585.6354509447267,225.7844843252236,100.59500337204064,6.044719973726774,280.4041347608275,0.0,4119.24167710796,4407.718628806382,0.0,0.0,187473.83085450888,191881.54948331526,2.0298142191626463,0.012206585157038657,0.1743011842644759,0.1865077694215146,191298.78544632063,582.7640369946275,39668.38297312941,95424.11906956071,31832.76965699686,127256.88872655758,20091.414658399528,4282.099088234111,0.2073634857669316,18.83729161890108,53968.770040822135,71248.09690155885,0.28211768263403864,0.37244406301550415,41963.74754257193,41963.74754257193,0,0.0,0.0,0.0,0.0,0.0,0.0,0.0,0.0,0.0,0.0,0.0,none,4186.126380225201,46149.87392279713,4127.314494045555,4127.314494045555,0.0,46091.062036617484,0.2154110468670722,0.5181811771623273,0.1728613500867164,0.0702933619006643,0.0232530639832198,0.08224000698394297,0.08788942239740632,0.093659257110327,0.98400956555405,145481.8879342409,0.0,0.09512228034704383,0.09187921026028277,0.07588614017352181,0.04948614017352192,480.7813308233194,-192.30437912489703,0.0,0.0,0.018415552291035964,0.03681342965573994,0.03692190358823118,0.06397228034704383,0.09512228034704383,0.02705037675881265,0.0,61.30345365179164,0.0,False,0.0,0.0,0.0,0.0,0.0,0.09512228034704383,0.09187921026028277,0.07588614017352181,False,False,1,0.0,,,,895.1443119752945,3838.837542347133,2943.6932303718386,2578.6484494483634,0.10911267504366545,0.15668784534991487,404.0428694589629,0.017096629952957368,-0.00813714844821809,0.0,False,persistent
2046Q2,2046-06-30,2046,2,2046,96256.1130174806,35046.08105337215,0.016861466971195727,0.057167454846281815,0.060081340573357414,287.22321515993,3937.092474589516,943.3367615209788,2060.5710776138185,600.4758635473596,229.1363975435545,103.5723743638043,6.044719973726774,295.2094082355631,0.0,4238.346602798805,4525.569817958735,0.0,0.0,191881.54948331526,196407.119301274,2.0404638536111,0.01193579113703745,0.17612789338497806,0.1880636845220155,195824.35526427938,582.7640369946275,40579.64933761289,97616.21220649198,32564.035468775004,130180.24767526699,20683.990321886,4380.467929513485,0.20722473097305832,18.78817413946361,55967.761343588936,73787.83202123553,0.2858059267860544,0.37680620432352974,42754.19644781213,42754.19644781213,0,0.0,0.0,0.0,0.0,0.0,0.0,0.0,0.0,0.0,0.0,0.0,none,4282.099088234111,47036.295536046244,4230.360409723172,4230.360409723172,0.0,46984.5568575353,0.2154110468670722,0.5181811771623273,0.1728613500867164,0.0702933619006643,0.0232530639832198,0.08252964851401814,0.08835339539859914,0.09440800196774075,0.984967697915264,149720.2345370397,0.0,0.09574916178225695,0.09234937133669262,0.07619958089112838,0.04979958089112848,485.2148178405586,-197.9916026806286,0.0,0.0,0.018624300098618353,0.03716745484628181,0.037275928778773934,0.06459916178225696,0.09574916178225695,0.02732323300348302,0.0,61.70600313282386,0.0,False,0.0,0.0,0.0,0.0,0.0,0.09574916178225695,0.09234937133669262,0.07619958089112838,False,False,1,0.0,,,,907.7642730256858,3943.1371945632427,3035.372921537557,2653.3970850146347,0.11026404461326063,0.15668784534991487,415.755072108688,0.017277035570018695,-0.008227699892459705,0.0,False,persistent
2046Q3,2046-09-30,2046,3,2046,98020.3021296714,35192.84080959075,0.01685600098581541,0.05752686940817027,0.06043536576390017,285.9057679030038,4044.4125240990725,971.3668523735884,2118.0754309305066,615.6430297237766,232.68031828975555,106.64689278144593,6.044719973726774,305.66836990352624,0.0,4356.125613976325,4642.031381879329,0.0,0.0,196407.119301274,201049.15068315333,2.05109703107408,0.011667206147754086,0.17776421901714165,0.18943142516489572,200466.3866461587,582.7640369946275,41513.749833618254,99863.23389664078,33313.62503349124,133176.85893013203,21294.476226323,4481.301656085426,0.20708583881892267,18.74045855906572,58042.60125955666,76352.87898669096,0.2895378234257651,0.3808762170261526,43722.436354271005,43722.436354271005,0,0.0,0.0,0.0,0.0,0.0,0.0,0.0,0.0,0.0,0.0,0.0,none,4380.467929513485,48102.90428378449,4336.363011975803,4336.363011975803,0.0,48058.79936624681,0.2154110468670722,0.5181811771623273,0.1728613500867164,0.0702933619006643,0.0232530639832198,0.08281929178949164,0.08871624673226536,0.09501164458631742,0.9859376436109096,154076.36015101604,0.0,0.09638401878293455,0.09282551408720081,0.07651700939146718,0.05011700939146728,489.73014547271043,-203.82437756970666,0.0,0.0,0.01883172154524245,0.037526869408170266,0.03763534334066061,0.06523401878293456,0.09638401878293455,0.02759867544227394,0.0,62.11008337849642,0.0,False,0.0,0.0,0.0,0.0,0.0,0.09638401878293455,0.09282551408720081,0.07651700939146718,False,False,1,0.0,,,,920.4275673905288,4050.4572440727993,3130.0296766822703,2730.555750435035,0.11142817114857587,0.15668784534991487,427.84489714348547,0.0174594400485519,-0.008317639229475815,0.0,False,persistent
2046Q4,2046-12-31,2046,4,2047,99825.50105019654,35340.239846990735,0.016858844569269227,0.05789162054727327,0.06079478032578685,308.00452596694026,4154.80164265301,1000.3155109283769,2177.1090529095304,631.3045376268096,236.2503405867062,109.82220060158787,6.052004524189207,316.52091339850125,0.0,4477.3745605757,4785.379086542641,0.0,0.0,201049.15068315333,205834.52976969598,2.061943367218298,0.012341717205589076,0.17940804758192136,0.19174976478751043,205251.76573270134,582.7640369946275,42476.39125099571,102178.9120853721,34086.117890646994,136265.02997601908,21925.12820456906,4585.216301117482,0.20694775072635704,18.79406251453853,59424.02984560411,78020.1516557336,0.28951775217852116,0.38011927145776164,45458.034823929775,45458.03482392977,0,0.0,0.0,0.0,0.0,0.0,0.0,0.0,0.0,0.0,0.0,0.0,none,4481.301656085426,49939.33648001519,4468.85817314414,4468.85817314414,0.0,49926.892997073905,0.2154110468670722,0.5181811771623273,0.1728613500867164,0.0702933619006643,0.0232530639832198,0.0832390708660252,0.0890801984561853,0.09559914723554798,0.9864293384085392,158553.73471159174,0.0,0.09702705466386426,0.0933077909978981,0.07683852733193203,0.05043852733193213,517.8344593361953,-209.82993336925506,0.0,0.0,0.01903989765029445,0.03789162054727327,0.038000094479764504,0.06587705466386426,0.09702705466386426,0.027876960184099752,0.0,62.51507442754129,0.0,False,0.0,0.0,0.0,0.0,0.0,0.09702705466386426,0.0933077909978981,0.07683852733193203,False,False,1,0.0,,,,933.2236493653407,4160.8536471771995,3227.6299978118586,2810.0315177673397,0.11259774258901381,0.15668784534991487,440.2977838843155,0.01764269767753692,-0.00840786897783738,0.0,False,persistent
2047Q1,2047-03-31,2047,1,2047,101663.25176126962,35486.714792403924,0.01668218535324062,0.05804655738830262,0.06115953146489074,306.7542115316892,4275.602265663348,1030.3397839585114,2240.5259481761873,646.2674490312701,245.35387638852183,113.11520810885682,6.052004524189207,327.8074095291997,0.0,4609.461679716736,4916.215891248426,0.0,0.0,205834.52976969598,210750.7456609444,2.0730277854562345,0.012069423561309004,0.18136196117515063,0.19343138473645963,210167.98162394977,582.7640369946275,43464.7851254966,104556.53899373098,34879.27637554632,139435.8153692773,22575.470272051833,4691.910857124048,0.20680973757109897,18.87778041952458,60852.11558288345,79712.32456636388,0.2895403720047385,0.37927910783761476,46672.016392630125,46672.016392630125,0,0.0,0.0,0.0,0.0,0.0,0.0,0.0,0.0,0.0,0.0,0.0,none,4585.216301117482,51257.2326937476,4588.408481719226,4588.408481719226,0.0,51260.42487434935,0.2154110468670722,0.5181811771623273,0.1728613500867164,0.0702933619006643,0.0232530639832198,0.08367401185073423,0.08957606257558764,0.09610652067764774,0.9871649486127303,163163.19639130848,0.0,0.09767818718282847,0.09379614038712125,0.07716409359141413,0.05076409359141424,522.7457256548342,-215.99151412314507,0.0,0.0,0.019248651754934093,0.03804655738830262,0.03836999588288376,0.06652818718282848,0.09767818718282847,0.02815819129994471,0.0,62.93332319437941,0.0,False,0.0,0.0,0.0,0.0,0.0,0.09767818718282847,0.09379614038712125,0.07716409359141413,False,False,1,0.0,,,,946.229141724825,4281.654270187537,3335.4251284627117,2899.0168929049037,0.11406351233826398,0.15668784534991487,454.24071058227423,0.01787236598132601,-0.008498312236966269,0.0,False,persistent
2047Q2,2047-06-30,2047,2,2047,103548.67422699051,35635.40291796431,0.016865493104012863,0.05842155132966261,0.060721685533961574,304.9210189402233,4400.92421621682,1061.390354337419,2305.8880458013214,661.5846291709931,255.52739305192011,116.53379385516614,6.052004524189207,335.1669127026531,0.0,4742.143133443663,5047.064152383886,0.0,0.0,210750.7456609444,215797.8098133283,2.0840229140961752,0.011778847820757285,0.1831850834921689,0.19496393131292614,215215.04577633366,582.7640369946275,44479.779842626405,106998.15545205692,35693.78129386748,142691.9367459244,23241.852282662137,4801.476905120712,0.20667597696144752,18.937142861647004,62415.347583090595,81535.98367131135,0.29001386663252593,0.37885819449653707,47637.7067902711,47637.706790271106,0,0.0,0.0,0.0,0.0,0.0,0.0,0.0,0.0,0.0,0.0,0.0,none,4691.910857124048,52329.61764739516,4711.897239681232,4711.897239681232,0.0,52349.60402995234,0.2154110468670722,0.5181811771623273,0.1728613500867164,0.0702933619006643,0.0232530639832198,0.084100276456576,0.09000477067963153,0.09686017388900417,0.9876381789108681,167905.33952475214,0.0,0.0983486853470159,0.09429901401026182,0.07749934267350785,0.05109934267350795,527.7741094301902,-222.85309048996686,0.0,0.0,0.01950339754967533,0.038421551329662615,0.03874498982424376,0.0671986853470159,0.0983486853470159,0.028453695522772136,0.0,63.348425621427126,0.0,False,0.0,0.0,0.0,0.0,0.0,0.0983486853470159,0.09429901401026182,0.07749934267350785,False,False,1,0.0,,,,959.4195425183086,4406.9762207410095,3447.5566782227006,2991.5796941084463,0.1155622596403528,0.15668784534991487,468.7441764624099,0.01810720146681431,-0.008608631338010082,0.0,False,persistent
2047Q3,2047-09-30,2047,3,2047,105481.1417306334,35785.60043560052,0.016966248622861002,0.058801570638473785,0.06109667947532157,302.7031637546388,4529.64220598893,1093.631968011751,2373.264443189314,677.4881061606546,265.1739922005496,120.08369642666112,6.052004524189207,347.1447362686727,0.0,4882.838946781792,5185.542110536431,0.0,0.0,215797.8098133283,220983.3519238647,2.09500341291516,0.01147894908182356,0.18516443287089443,0.196643381952718,220400.58788687008,582.7640369946275,45522.024086176316,109505.32189903408,36530.15319623943,146035.47509527352,23929.104236579442,4913.984468840803,0.20654220808858467,19.000430006971026,63950.957417200014,83259.08614521526,0.29015783501460324,0.3777625411233091,48763.40143006515,48763.40143006515,0,0.0,0.0,0.0,0.0,0.0,0.0,0.0,0.0,0.0,0.0,0.0,none,4801.476905120712,53564.87833518586,4838.397374267758,4838.397374267758,0.0,53601.7988043329,0.2154110468670722,0.5181811771623273,0.1728613500867164,0.0702933619006643,0.0232530639832198,0.08453113252070994,0.09050766457742268,0.09750571080873946,0.9880997309490976,172788.17847153393,0.0,0.09903896617608922,0.0948167246320668,0.07784448308804451,0.05144448308804461,532.9118848303334,-230.20872107569457,0.0,0.0,0.01978346661116033,0.03880157063847378,0.03912500913305493,0.06788896617608922,0.09903896617608922,0.028763957043034288,0.0,63.7653030162592,0.0,False,0.0,0.0,0.0,0.0,0.0,0.09903896617608922,0.0948167246320668,0.07784448308804451,False,False,1,0.0,,,,972.6760931090364,4535.694210513119,3563.0181174040827,3086.7717954643936,0.1170549254518714,0.15668784534991487,483.65962171820394,0.018341084056648638,-0.008729853215414649,0.0,False,persistent
2047Q4,2047-12-31,2047,4,2048,107460.2395685414,35936.675444603155,0.01699391776152881,0.059189274308793206,0.06147669878413274,322.7068203677614,4662.6214125018,1127.1135509344838,2442.671277790589,693.8715512680017,275.19815751106376,123.76687499766098,6.05491834437418,359.5838528886373,0.0,5028.260183734811,5350.967004102573,0.0,0.0,220983.3519238647,226334.3189279673,2.106214538853735,0.01201213850493714,0.18716727987667045,0.1991794183816076,225751.55489097268,582.7640369946275,46597.223156093976,112091.76269599833,37392.97042655836,149484.7331225567,24639.549191701237,5030.049420620746,0.20640931212455316,19.0638921023506,65314.97167559546,84763.79967559366,0.28932235575139004,0.37547382438420224,49884.82280291176,49884.82280291175,0,0.0,0.0,0.0,0.0,0.0,0.0,0.0,0.0,0.0,0.0,0.0,none,4913.984468840803,54798.80727175256,4991.383151213936,4991.383151213936,0.0,54876.20595412569,0.2154110468670722,0.5181811771623273,0.1728613500867164,0.0702933619006643,0.0232530639832198,0.08496344642393648,0.09101609039702131,0.09817969679814638,0.9885378255307342,177816.43865526875,2.9103830456733704e-11,0.09974665541371341,0.09534749156028496,0.07819832770685661,0.05179832770685671,560.5711995483456,-237.8643791805842,0.0,0.0,0.02007055089255215,0.03918927430879321,0.03951271280337435,0.06859665541371342,0.09974665541371341,0.029083942610339062,0.0,64.18756008415127,0.0,False,0.0,0.0,0.0,0.0,0.0,0.09974665541371341,0.09534749156028496,0.07819832770685661,False,False,1,0.0,,,,986.0862979856838,4668.676330846174,3682.5900328604903,3185.332461097272,0.11856785258944338,0.15668784534991487,499.10288005247304,0.018578141350006207,-0.008854042393191095,0.0,False,persistent
2048Q1,2048-03-31,2048,1,2048,109510.8267563964,36086.94495760196,0.016831236746605915,0.06068916834194743,0.06186440245445305,320.29890869050644,4800.32128214615,1161.9792903467032,2514.412493834839,710.7554650058827,285.57360372342987,127.60042923529518,6.05491834437418,372.5431363236776,0.0,5178.919336814202,5499.218245504709,0.0,0.0,226334.3189279673,231833.537173472,2.116991936232742,0.011699259997479587,0.18916556436322246,0.20086482436070205,231250.77313647736,582.7640369946275,47701.565608310026,114748.30923900256,38279.174407387356,153027.4836463899,25372.46355682171,5149.260324955712,0.20627635082611367,19.150234653196687,66684.61241272518,86250.42369253546,0.28836492742608,0.3729735581970704,51240.195814777435,51240.19581477744,0,0.0,0.0,0.0,0.0,0.0,0.0,0.0,0.0,0.0,0.0,0.0,none,5030.049420620746,56270.245235398186,5126.675109181031,5126.675109181031,0.0,56366.87092395847,0.2154110468670722,0.5181811771623273,0.1728613500867164,0.0702933619006643,0.0232530639832198,0.08542078593322881,0.09152689457514279,0.09875984569538421,0.9892380789020822,182995.35799208295,-2.9103830456733704e-11,0.10047051733702318,0.09589038800276728,0.07856025866851149,0.052160258668511594,566.1326163587112,-245.83370766820477,0.0,0.0,0.02036035888873648,0.040689168341947426,0.03990946654397648,0.06932051733702319,0.10047051733702318,0.029411050793046702,0.0,64.60326674287325,0.0,False,0.0,0.0,0.0,0.0,0.0,0.10047051733702318,0.09589038800276728,0.07856025866851149,False,False,1,0.0,,,,999.7662944306982,4806.376200490525,3806.6099060598267,3287.5334828387918,0.12008067440315515,0.15668784534991487,515.1165379417116,0.018815182140395053,-0.008979338936598646,0.0,False,persistent
2048Q2,2048-06-30,2048,2,2048,111611.08754620925,36237.79891268671,0.01682630818012454,0.06109521206462103,0.06284005151575939,317.7745584276865,4943.851335528625,1198.1502436132153,2588.596350906377,728.267944906566,297.2614229717012,131.5753731307645,6.05491834437418,389.5387827376388,0.0,5339.445036610638,5657.219595038325,0.0,0.0,231833.537173472,237490.75676851033,2.1278419733181466,0.011388637649323912,0.19135894664228587,0.20274758429160977,236907.9927315157,582.7640369946275,48836.28224664931,117477.92228323592,39189.752824427545,156667.67510766347,26132.285333275577,5271.750043927319,0.20614028966930947,19.229968119831874,68084.33301058,87714.52302740452,0.28738723512692527,0.3702472086993286,52427.71065863823,52427.71065863823,0,0.0,0.0,0.0,0.0,0.0,0.0,0.0,0.0,0.0,0.0,0.0,none,5149.260324955712,57576.97098359394,5267.680812300686,5267.680812300686,0.0,57695.391470938914,0.2154110468670722,0.5181811771623273,0.1728613500867164,0.0702933619006643,0.0232530639832198,0.08587397241409969,0.092125498350402,0.09950660232267652,0.9896776601505084,188334.8030286936,0.0,0.1012091444808793,0.09644435836065937,0.07892957224043955,0.05252957224043965,571.8032251536249,-254.02866672593842,0.0,0.0,0.020649012449520558,0.04109521206462102,0.040315510266650076,0.0700591444808793,0.1012091444808793,0.02974363421422922,0.0,65.02783419069628,0.0,False,0.0,0.0,0.0,0.0,0.0,0.1012091444808793,0.09644435836065937,0.07892957224043955,False,False,1,0.0,,,,1013.6372672514839,4949.9062538729995,3936.2689866215155,3394.566381334143,0.12165695921307904,0.15668784534991487,531.8872921885044,0.01906216681091983,-0.009104065637592336,0.0,False,persistent
2048Q3,2048-09-30,2048,3,2048,113763.60567080126,36389.554863306985,0.01685664144561594,0.0615105233926111,0.06324609523843298,315.02378445505207,5091.749816286752,1235.6695864525325,2665.2591617209864,746.385719375903,308.7351928644473,135.70015587287924,6.05491834437418,403.73801478559676,0.0,5501.542749416723,5816.566533871775,0.0,0.0,237490.75676851033,243307.3233023821,2.1387096678918796,0.01107643459777951,0.1934377067947929,0.2045141413925724,242724.55926538748,582.7640369946275,50002.26530445761,120282.74813703382,40125.421670024654,160408.16980705847,26916.509262059546,5397.614891811828,0.20600414501025702,19.300640245423338,69441.95786005164,89261.73512940144,0.2860936613510377,0.3677490872763536,53612.90575246716,53612.90575246715,0,0.0,0.0,0.0,0.0,0.0,0.0,0.0,0.0,0.0,0.0,0.0,none,5271.750043927319,58884.65579639447,5412.828519086179,5412.828519086179,0.0,59025.73427155333,0.2154110468670722,0.5181811771623273,0.1728613500867164,0.0702933619006643,0.0232530639832198,0.08632842808330081,0.09266116836335234,0.10028007670007205,0.9901096379637144,193836.34577811032,0.0,0.10196402882697077,0.09701052162022797,0.07930701441348528,0.05290701441348539,577.5914434105757,-262.56765895552365,0.0,0.0,0.02094536156220073,0.041510523392611104,0.04073082159464126,0.07081402882697077,0.10196402882697077,0.030083207232329507,0.0,65.45773379027897,0.0,False,0.0,0.0,0.0,0.0,0.0,0.10196402882697077,0.09701052162022797,0.07930701441348528,False,False,1,0.0,,,,1027.588512464493,5097.804734631127,4070.216222166634,3505.0968605321364,0.12324141239597718,0.15668784534991487,549.2060748195315,0.019310431366205954,-0.009232044199278212,0.0,False,persistent
2048Q4,2048-12-31,2048,4,2049,115969.60720734144,36542.067276646616,0.016870103386927626,0.06193484770769151,0.06366140656642416,342.75023198156174,5244.45246401752,1274.608105229389,2744.4432640216096,765.0507061103591,320.37044142863226,139.97994722753057,6.05491834437418,418.52276261280457,0.0,5669.0301449746985,6011.780376956261,0.0,0.0,243307.3233023821,249319.10367933838,2.149865897481071,0.011822070979985659,0.1955350296164777,0.20735710059646337,248736.33964234375,582.7640369946275,51207.11478256055,123181.06895180648,41092.279732622876,164273.34868442937,27728.20090636103,5527.675268992787,0.20586905337672373,19.343065251609254,70792.39132480472,90945.13008547452,0.28460815748352897,0.36562864202409623,54652.79863401902,54652.79863401902,0,0.0,0.0,0.0,0.0,0.0,0.0,0.0,0.0,0.0,0.0,0.0,none,5397.614891811828,60050.413525830845,5593.257614343456,5593.257614343456,0.0,60246.056248362474,0.2154110468670722,0.5181811771623273,0.1728613500867164,0.0702933619006643,0.0232530639832198,0.08677901076175669,0.09319949877430089,0.10103406672066331,0.9905450074582554,199505.37592308503,0.0,0.1027346680215218,0.09758850101614125,0.0796923340107608,0.0532923340107609,614.1609774311861,-271.41074544962436,0.0,0.0,0.021245176702986663,0.041934847707691514,0.04115514590971967,0.0715846680215218,0.1027346680215218,0.030429522111802127,0.0,65.89358792240638,0.0,False,0.0,0.0,0.0,0.0,0.0,0.1027346680215218,0.09758850101614125,0.0796923340107608,False,False,1,0.0,,,,1041.674440210799,5250.507382361894,4208.832942151095,3619.4551301863967,0.12484150692052245,0.15668784534991487,567.1246256896021,0.01956114672961315,-0.009361443984694042,0.0,False,persistent
2049Q1,2049-03-31,2049,1,2049,118189.15701392524,36693.68696124564,0.01670030793514088,0.06106219292391127,0.06408573088150346,340.05822136177824,5402.481893673447,1315.18648438158,2825.9445869801734,784.4942583088643,332.41738619128114,144.43917781154778,6.05491834437418,433.95166218253854,0.0,5842.4884742003605,6182.546695562139,0.0,0.0,249319.10367933838,255501.65037490052,2.161802798414045,0.011508948196380216,0.19773348492576145,0.20924243312214166,254918.8863379059,582.7640369946275,52445.4256567157,126159.88269323262,42085.989631194665,168245.8723244273,28566.240639645286,5661.347717117584,0.20573377834075834,19.40693037273544,72153.23546773117,92720.77690916594,0.28304389880351577,0.3637265886461648,56121.093376714634,56121.093376714634,0,0.0,0.0,0.0,0.0,0.0,0.0,0.0,0.0,0.0,0.0,0.0,none,5527.675268992787,61648.76864570742,5748.5950333796,5748.5950333796,0.0,61869.68841009423,0.2154110468670722,0.5181811771623273,0.1728613500867164,0.0702933619006643,0.0232530639832198,0.0872515941178428,0.09373511115641862,0.10169367847708574,0.9911679304996742,205347.8643972854,0.0,0.10352074029874511,0.09817805522405873,0.08008537014937245,0.05368537014937256,620.5144883612577,-280.45626699947945,0.0,0.0,0.02154733109616487,0.041062192923911264,0.04158876468525732,0.07237074029874511,0.10352074029874511,0.030781975613487788,0.0,66.35668952028884,0.0,False,0.0,0.0,0.0,0.0,0.0,0.10352074029874511,0.09817805522405873,0.08008537014937245,False,False,1,0.0,,,,1056.0930564252608,5408.536812017822,4352.4437555925615,3737.8010795128707,0.12650233486554022,0.15668784534991487,585.6679974954575,0.01982137828181491,-0.009491776541444851,0.0,False,persistent
2049Q2,2049-06-30,2049,2,2049,120464.80065726914,36846.25545285277,0.01673559571643013,0.06150512823238532,0.06395539868047576,337.1093049156432,5566.972145842275,1357.2973223165025,2910.337107754269,804.6128841172821,345.65623097305564,149.06860068116674,6.05491834437418,446.17869612552533,0.0,6019.205760312175,6356.315065227818,0.0,0.0,255501.65037490052,261857.96544012832,2.173730118768326,0.011193620147174541,0.19986604310871656,0.2110596632558911,261275.2014031337,582.7640369946275,53718.53431911118,129222.4041141639,43107.62378315429,172330.02789731818,29427.862690446393,5798.776496257874,0.20560135072377708,19.463321270287263,73490.06587142557,94297.11013817263,0.2812745544803325,0.36091106094939807,57441.92640440011,57441.9264044001,0,0.0,0.0,0.0,0.0,0.0,0.0,0.0,0.0,0.0,0.0,0.0,none,5661.347717117584,63103.27412151769,5910.1363691022925,5910.1363691022925,0.0,63352.062773502395,0.2154110468670722,0.5181811771623273,0.1728613500867164,0.0702933619006643,0.0232530639832198,0.08772644914911229,0.09423353237022343,0.10247176379318262,0.991582341617389,211367.07015759757,-2.9103830456733704e-11,0.10432375549408118,0.09878031662056079,0.0804868777470405,0.054086877747040595,627.0045843243369,-289.8952794086937,0.0,0.0,0.021858441397640392,0.04150512823238532,0.042031699993731374,0.07317375549408119,0.10432375549408118,0.03114205550034981,0.0,66.82379414535795,0.0,False,0.0,0.0,0.0,0.0,0.0,0.10432375549408118,0.09878031662056079,0.0804868777470405,False,False,1,0.0,,,,1070.7618671325938,5573.027064186649,4502.2651970540555,3861.368016487235,0.1282156445839511,0.15668784534991487,605.0294346064594,0.020089833090009782,-0.009625891640611808,0.0,False,persistent
2049Q3,2049-09-30,2049,3,2049,122798.624027734,36999.8467939663,0.016778298344239495,0.06195733409828058,0.06439833398894981,333.8671777377788,5736.933520304604,1401.029809951841,2997.6169654170417,825.4806777683966,358.92842659824595,153.87764056907983,6.05491834437418,462.7465798111454,0.0,6205.735018460124,6539.602196197902,0.0,0.0,261857.96544012832,268397.5676363262,2.1856724353499986,0.0108752742266029,0.2021434708277696,0.2130187450543725,267814.8035993316,582.7640369946275,55027.5561490971,132371.31631090873,44158.07724928495,176529.39356019368,30317.7718813183,5940.082008722504,0.2054686873524061,19.502562004721174,74993.56092898549,96215.08786142076,0.28002022263556703,0.3592597816413644,58686.65701698746,58686.657016987454,0,0.0,0.0,0.0,0.0,0.0,0.0,0.0,0.0,0.0,0.0,0.0,none,5798.776496257874,64485.43351324533,6076.855616386757,6076.855616386757,0.0,64763.51263337421,0.2154110468670722,0.5181811771623273,0.1728613500867164,0.0702933619006643,0.0232530639832198,0.08820329644349365,0.09479543626682632,0.10332038616084173,0.9920049663517042,217572.80517605768,-5.820766091346741e-11,0.10514490188982574,0.0993961764173692,0.08089745094491277,0.05449745094491287,633.6366789159435,-299.7695011781648,0.0,0.0,0.022180378992260705,0.04195733409828058,0.042483905859626636,0.07399490188982574,0.10514490188982574,0.03151099603019911,0.0,67.29546202568729,0.0,False,0.0,0.0,0.0,0.0,0.0,0.10514490188982574,0.0993961764173692,0.08089745094491277,False,False,1,0.0,,,,1085.539716289704,5742.988438648978,4657.448722359274,3989.351543652645,0.12994776041632689,0.15668784534991487,625.0828977182898,0.02036123458768122,-0.009764588277812038,0.0,False,persistent
2049Q4,2049-12-31,2049,4,2050,125191.99561400583,37154.29403759057,0.016801906725662397,0.06241916246494558,0.06485053985484507,354.5063986443414,5912.587151591096,1446.466748133423,3087.704773734106,847.1422609716416,372.40017304544256,158.87319570648097,6.057832164559153,480.01041734850037,0.0,6398.655401104155,6753.161799748496,0.0,0.0,268397.5676363262,275150.7294360747,2.197830045655828,0.01132680717822765,0.20444295562897175,0.2157697628071994,274567.9653990801,582.7640369946275,56378.8622555355,135621.94527875824,45242.46266654496,180864.4079453032,31238.743199047494,6085.951999193874,0.20533663558889598,19.509679015392944,76674.18144225216,98113.24773177058,0.27925392290687473,0.3573368349405386,59823.27388729972,59823.27388729973,0,0.0,0.0,0.0,0.0,0.0,0.0,0.0,0.0,0.0,0.0,0.0,none,5940.082008722504,65763.35589602223,6273.151382399996,6273.151382399996,0.0,66096.42526969973,0.2154110468670722,0.5181811771623273,0.1728613500867164,0.0702933619006643,0.0232530639832198,0.08867500956379634,0.09536085527830442,0.10414069768852308,0.9924011156372505,223971.46057716184,0.0,0.10598383993567044,0.10002537995175273,0.08131691996783512,0.05491691996783522,664.5379855404034,-310.031586896062,0.0,0.0,0.022508353284152703,0.04241916246494558,0.042945734226292526,0.07483383993567044,0.10598383993567044,0.03188810570937792,0.0,67.77228987350348,0.0,False,0.0,0.0,0.0,0.0,0.0,0.10598383993567044,0.10002537995175273,0.08131691996783512,False,False,1,0.0,,,,1100.5683896254868,5918.644983755655,4818.076594130168,4121.718489864058,0.1316927162842651,0.15668784534991487,645.8231893157042,0.02063464796285915,-0.009905795825859565,0.0,False,persistent
2050Q1,2050-03-31,2050,1,2050,127665.25125099288,37306.916748962554,0.01653275462092285,0.06380785027132677,0.06531236822151096,351.01770074205587,6094.195319854007,1493.8120782614717,3180.3465196461,869.5596453885064,386.3999812043188,164.07709535360874,6.057832164559153,498.03197360063314,0.0,6598.285125619199,6949.302826361255,0.0,0.0,275150.7294360747,282100.03226243594,2.209685325475298,0.010998065559811475,0.20673707405774233,0.2177351396175538,281517.26822544134,582.7640369946275,57768.5372635517,138964.87240343477,46357.63805592825,185322.51045936302,32190.25668942044,6235.9638131061965,0.20520424067659743,19.53504866797844,78485.81148529054,100254.67729551732,0.27879572709706196,0.356122656089546,61422.506628897805,61422.5066288978,0,0.0,0.0,0.0,0.0,0.0,0.0,0.0,0.0,0.0,0.0,0.0,none,6085.951999193874,67508.45862809167,6451.270852760622,6451.270852760622,0.0,67873.77748165841,0.2154110468670722,0.5181811771623273,0.1728613500867164,0.0702933619006643,0.0232530639832198,0.08917155847535696,0.09592248058571355,0.10486422812715211,0.9929752993183698,230569.74570278105,0.0,0.10683988790929792,0.10066741593197334,0.08174494395464886,0.055344943954648965,671.7140443134101,-320.69634357135425,0.0,0.0,0.022838944921943882,0.04380785027132676,0.04341764228130232,0.07568988790929793,0.10683988790929792,0.032272245627995605,0.0,68.24578444759328,0.0,False,0.0,0.0,0.0,0.0,0.0,0.10683988790929792,0.10066741593197334,0.08174494395464886,False,False,1,0.0,,,,1115.855370448568,6100.253152018566,4984.397781569998,4258.693449240376,0.13343312788748396,0.15668784534991487,667.2855005672716,0.0209073493069895,-0.010048038614387175,0.0,False,persistent
2050Q2,2050-06-30,2050,2,2050,130201.91341076569,37460.107990194054,0.016526413957430597,0.06428999862274988,0.06618397522348865,347.3687407382418,6283.581802348926,1542.9960114804908,3276.2999417871833,892.8176010009897,401.9875370641917,169.48071101606916,6.057832164559153,519.8889292403215,0.0,6809.528563753807,7156.897304492049,0.0,0.0,282100.03226243594,289256.929566928,2.2216027552096707,0.010671693883402477,0.20919903203790444,0.2198707259213069,288674.1655299334,582.7640369946275,59198.2221857302,142404.04521615893,47504.920284211104,189908.96550037005,33176.68325032008,6390.294593513091,0.20506934549219916,19.55068952550119,80150.85561393252,102268.69857563436,0.2776516404465763,0.35427035317793215,62829.16526855691,62829.16526855691,0,0.0,0.0,0.0,0.0,0.0,0.0,0.0,0.0,0.0,0.0,0.0,none,6235.9638131061965,69065.12908166311,6637.008375251728,6637.008375251728,0.0,69466.17364380864,0.2154110468670722,0.5181811771623273,0.1728613500867164,0.0702933619006643,0.0232530639832198,0.08966530979005392,0.09655480730209835,0.10576917025547647,0.9933879326435872,237379.27426653486,0.0,0.10771179891061564,0.10132134918296162,0.08218089945530771,0.05578089945530782,679.0434541967802,-331.6747134585384,0.0,0.0,0.023168047925690386,0.04428999862274988,0.043899790632725436,0.07656179891061564,0.10771179891061564,0.0326620082778902,0.0,68.72701763045437,0.0,False,0.0,0.0,0.0,0.0,0.0,0.10771179891061564,0.10132134918296162,0.08218089945530771,False,False,1,0.0,,,,1131.5561707024542,6289.639634513485,5158.083463811031,4401.791083918106,0.1352296895985292,0.15668784534991487,689.7071606195943,0.02118884869053134,-0.010189549593243198,0.0,False,persistent
2050Q3,2050-09-30,2050,3,2050,132805.15375727223,37614.160869801744,0.01655155828348609,0.06478233950541201,0.06666612357491176,343.443179873135,6479.112411980905,1594.086750983829,3375.66314919163,917.0611567936182,417.2058539933799,175.0955010184486,6.057832164559153,539.6309273063218,0.0,7024.801171451785,7368.24435132492,0.0,0.0,289256.929566928,296625.1739182529,2.2335366175652664,0.010344272647757197,0.21158218556159358,0.22192645820935078,296042.4098812583,582.7640369946275,60669.18095204859,145942.50415860338,48685.32361990723,194627.8277785106,34196.32037232066,6549.080778378469,0.2049340868978293,19.564276155479828,82041.61975980189,104460.99486148615,0.2771279283691432,0.3528582100901865,64362.76046574702,64362.76046574702,0,0.0,0.0,0.0,0.0,0.0,0.0,0.0,0.0,0.0,0.0,0.0,none,6390.294593513091,70753.0550592601,6828.613424018598,6828.613424018598,0.0,71191.37388976561,0.2154110468670722,0.5181811771623273,0.1728613500867164,0.0702933619006643,0.0232530639832198,0.09017225105262895,0.09714271920080508,0.10661618661575271,0.9938367769625713,244404.07543798664,0.0,0.10860089457922105,0.10198817093441569,0.08262544728961042,0.05622544728961053,686.5364589108756,-343.09327903774056,0.0,0.0,0.02350358594949019,0.04478233950541201,0.04439213151538757,0.07745089457922105,0.10860089457922105,0.033058763063833485,0.0,69.21279319395764,0.0,False,0.0,0.0,0.0,0.0,0.0,0.10860089457922105,0.10198817093441569,0.08262544728961042,False,False,1,0.0,,,,1147.4129203432317,6485.170244145464,5337.757323802232,4549.743187754553,0.13703513934617664,0.15668784534991487,712.8894569847141,0.02147174072137776,-0.010333733874961256,0.0,False,persistent
2050Q4,2050-12-31,2050,4,2051,135476.79566709016,37768.95375844739,0.016563021360518793,0.06528457975064568,0.06715846445757478,373.8646578148115,6682.165732781364,1647.1818311952786,3478.6070123424665,942.4081958928818,433.0392751428582,180.92941820787877,6.063659804929099,560.225185712872,0.0,7248.4545782991645,7622.319236113976,0.0,0.0,296625.1739182529,304247.4931543669,2.2457535377645064,0.01103848540184008,0.21401316860522557,0.22505165400706564,303664.7291173723,582.7640369946275,62190.434024519214,149601.94836687125,49906.08673189893,199508.03509877017,35252.96389089491,6713.296103187964,0.20479966246090242,19.556075891352023,83785.794754762,106761.0639707655,0.2759154643948694,0.35157545059999473,65786.2953592585,65786.29535925848,0,0.0,0.0,0.0,0.0,0.0,0.0,0.0,0.0,0.0,0.0,0.0,none,6549.080778378469,72335.37613763695,7062.094050401104,7062.094050401104,0.0,72848.38940965959,0.2154110468670722,0.5181811771623273,0.1728613500867164,0.0702933619006643,0.0232530639832198,0.09068121555342629,0.09774564286032944,0.1075870949604453,0.9942565528025752,251652.5300162858,0.0,0.10950675618795853,0.10266756714096881,0.08307837809397917,0.05667837809397927,728.7837168513566,-354.91905903654515,0.0,0.0,0.023842120311528357,0.045284579750645676,0.044894371760621235,0.07835675618795854,0.10950675618795853,0.0334623844273373,0.0,69.70409788634402,0.0,False,0.0,0.0,0.0,0.0,0.0,0.10950675618795853,0.10266756714096881,0.08307837809397917,False,False,1,0.0,,,,1163.5255520297226,6688.229392586292,5524.70384055657,4703.727760195852,0.1388792150577407,0.15668784534991487,737.0169678576691,0.021760684971284843,-0.010479109940234927,0.0,False,persistent
2051Q1,2051-03-31,2051,1,2051,138177.1996499401,37923.42916533268,0.01646068393675648,0.06462166111618066,0.06766070470280668,369.9189380609756,6893.010516635373,1702.5681739865865,3585.808302979717,968.6105096990926,449.00787818432923,187.01565178564883,6.063659804929099,581.7507829488072,0.0,7480.82495938911,7850.743897450086,0.0,0.0,304247.4931543669,312098.237051817,2.2586811560987683,0.010708537703706054,0.21655743431886385,0.2272659720225699,311515.4730148224,582.7640369946275,63756.25544098348,153368.60377572838,51162.614695442666,204531.21847117104,36345.676637494784,6882.322465173044,0.20466481110538562,19.58538109037823,85687.67274611212,109203.46132074922,0.27506714808363614,0.35055549653404583,67670.72259745149,67670.72259745149,0,0.0,0.0,0.0,0.0,0.0,0.0,0.0,0.0,0.0,0.0,0.0,none,6713.296103187964,74384.01870063946,7268.993114501278,7268.993114501278,0.0,74939.71571195277,0.2154110468670722,0.5181811771623273,0.1728613500867164,0.0702933619006643,0.0232530639832198,0.09121811637530479,0.09835183694471451,0.10824279338716848,0.99488063384045,259133.3549756749,0.0,0.11043000333135324,0.10336000249851482,0.08354000166567652,0.05714000166567662,737.0162290540304,-367.0972909930548,0.0,0.0,0.024186402502361218,0.044621661116180655,0.04540669948237823,0.07928000333135324,0.11043000333135324,0.03387330384897501,0.0,70.21989415089882,0.0,False,0.0,0.0,0.0,0.0,0.0,0.11043000333135324,0.10336000249851482,0.08354000166567652,False,False,1,0.0,,,,1179.9118295818912,6899.074176440302,5719.162346858411,4863.891107486453,0.14080155394113347,0.15668784534991487,762.1126176486634,0.022061892108956017,-0.010626855716371841,0.0,False,persistent
2051Q2,2051-06-30,2051,2,2051,140950.52147605567,38079.02448865906,0.016512803021887068,0.0651440543452248,0.06825710809509682,365.5746403179501,7113.239705261325,1760.1508751856034,3696.626147937755,995.6075722286407,467.5086405900924,193.34646931923658,6.063659804929099,604.9413494749106,0.0,7724.244714541164,8089.819354859114,0.0,0.0,312098.237051817,320188.05640667607,2.2716344221618847,0.010374552331969997,0.21920443099185952,0.2295789833238295,319605.29236968147,582.7640369946275,65368.58084779561,157247.12667147472,52456.46081268774,209703.58748416248,37476.7552253845,7056.368812338837,0.20452909388053872,19.571651920700997,87656.40200232492,111703.13152135351,0.2742645509791321,0.3495033849193855,69045.22344910649,69045.22344910649,0,0.0,0.0,0.0,0.0,0.0,0.0,0.0,0.0,0.0,0.0,0.0,none,6882.322465173044,75927.54591427953,7484.878005384204,7484.878005384204,0.0,76530.1014544907,0.2154110468670722,0.5181811771623273,0.1728613500867164,0.0702933619006643,0.0232530639832198,0.09174513574044577,0.09899760777256457,0.10936836687984446,0.9952941899637185,266857.59969021607,-5.820766091346741e-11,0.1113728045569717,0.10406710341772868,0.08401140227848575,0.05761140227848585,745.4427080686381,-379.868067750688,0.0,0.0,0.02454393343091319,0.045144054345224796,0.04592909271142237,0.0802228045569717,0.1113728045569717,0.03429371184554933,0.0,70.74033208257208,0.0,False,0.0,0.0,0.0,0.0,0.0,0.1113728045569717,0.10406710341772868,0.08401140227848575,False,False,1,0.0,,,,1196.5829420636849,7119.303365066254,5922.720423002569,5031.767465275268,0.1427952848299338,0.15668784534991487,788.4168024357842,0.022374285506129712,-0.010780181975139951,0.0,False,persistent
2051Q3,2051-09-30,2051,3,2051,143799.63276145761,38235.83165594723,0.016573787289126063,0.06567665664113803,0.06877950132414096,360.77764620420993,7340.254595360228,1820.0705447320358,3811.7429867975343,1023.6530709953291,484.85122703587206,199.93676579946018,6.063659804929099,628.4242162586881,0.0,7974.742471423845,8335.520117628055,0.0,0.0,320188.05640667607,328523.57652430417,2.2845925974600805,0.010035565161774422,0.2218292861610507,0.2318648513228251,327940.81248730957,582.7640369946275,67028.7744442145,161240.79869814924,53788.71981544625,215029.5185135955,38646.937123041265,7235.582406458191,0.20439290229180712,19.57849641058809,89623.58137345794,114245.1680944265,0.27329194159670545,0.3483713028211378,70959.15472221976,70959.15472221976,0,0.0,0.0,0.0,0.0,0.0,0.0,0.0,0.0,0.0,0.0,0.0,none,7056.368812338837,78015.5235345586,7707.095901369367,7707.095901369367,0.0,78666.25062358912,0.2154110468670722,0.5181811771623273,0.1728613500867164,0.0702933619006643,0.0232530639832198,0.09229115785729587,0.09962573321342123,0.11017424056865276,0.9956790764142003,274832.34216163994,5.820766091346741e-11,0.11233691371111369,0.10479018528333517,0.08449345685555675,0.05809345685555685,754.0710718057281,-393.2934256015182,0.0,0.0,0.024916960708504552,0.04567665664113803,0.0464616950073356,0.0811869137111137,0.11233691371111369,0.034725218703778093,0.0,71.26383378408426,0.0,False,0.0,0.0,0.0,0.0,0.0,0.11233691371111369,0.10479018528333517,0.08449345685555675,False,False,1,0.0,,,,1213.2468061689397,7346.318255165157,6133.071448996217,5205.211549037999,0.14479067711313776,0.15668784534991487,815.5933822092568,0.022686939223612788,-0.010940039777540572,0.0,False,persistent
2051Q4,2051-12-31,2051,4,2052,146725.73768282417,38393.468938942235,0.016593316800550317,0.06622005874684611,0.06931210362005419,397.8844244081497,7576.655049975152,1882.451412725357,3931.2439868701126,1052.6509031718174,503.5139177190549,206.79482948881272,6.070944355391532,652.9407918524223,0.0,8235.666786182966,8633.551210591117,0.0,0.0,328523.57652430417,337157.1277348953,2.297873113875393,0.010847024678608281,0.22451866771965912,0.2353656923982674,336574.36369790067,582.7640369946275,68747.88608915327,165376.20079940523,55168.25890694554,220544.45970635075,39860.86185124629,7421.15605115027,0.2042576426018571,19.547817605837196,91905.26366209617,117858.68818639341,0.2730607959927324,0.3501713169461116,72364.20465995853,72364.20465995854,0,0.0,0.0,0.0,0.0,0.0,0.0,0.0,0.0,0.0,0.0,0.0,none,7235.582406458191,79599.78706641674,7980.610418738694,7980.610418738694,0.0,80344.81507869724,0.2154110468670722,0.5181811771623273,0.1728613500867164,0.0702933619006643,0.0232530639832198,0.09283174274275492,0.10027489501136236,0.11123390467300122,0.9960451488425364,283068.0089478229,0.0,0.11332104169208877,0.10552828126906648,0.08498552084604429,0.05858552084604439,805.1197767083357,-407.23535230018604,0.0,0.0,0.02529504800699664,0.04622005874684611,0.04700509711304368,0.08217104169208878,0.11332104169208877,0.035165944579045094,0.0,71.79330169747891,0.0,False,0.0,0.0,0.0,0.0,0.0,0.11332104169208877,0.10552828126906648,0.08498552084604429,False,False,1,0.0,,,,1230.1135934004612,7582.7259943305435,6352.612400930082,5386.435322380357,0.14684363922638224,0.15668784534991487,843.9889447804522,0.023008613433722073,-0.011101947312897575,0.0,False,persistent
2052Q1,2052-03-31,2052,1,2052,149781.5086501536,38550.701454524446,0.016482076724609662,0.06833601827186368,0.06985550572576227,392.7320088193673,7821.805219156528,1947.6455164379768,4054.997749035266,1082.7977426424948,522.401191568637,213.96301947215483,6.070944355391532,678.5987668040992,0.0,8506.474930316019,8899.206939135385,0.0,0.0,337157.1277348953,346056.33467403066,2.3104075916495033,0.010488130674038702,0.22717022967593922,0.23765836034997792,345473.57063703606,582.7640369946275,70518.69590143916,169635.96521913414,56589.28433414862,226225.24955328277,41117.31480335165,7612.310378962471,0.20412182550290664,19.559044909121532,94222.22625648895,121577.2017653847,0.2727335294643462,0.35191462415258684,74582.94659392347,74582.94659392345,0,0.0,0.0,0.0,0.0,0.0,0.0,0.0,0.0,0.0,0.0,0.0,none,7421.15605115027,82004.10264507373,8220.608172331287,8220.608172331287,0.0,82803.55476625473,0.2154110468670722,0.5181811771623273,0.1728613500867164,0.0702933619006643,0.0232530639832198,0.09340527916509417,0.10092000708944954,0.11196100610719817,0.9965896674593447,291574.48387813894,0.0,0.11432597778427839,0.1062819833382087,0.0854879888921391,0.0590879888921392,814.645445984072,-421.9134371647047,0.0,0.0,0.025681789313056803,0.04833601827186368,0.04756001281329307,0.08317597778427839,0.11432597778427839,0.03561596497098532,0.0,72.30593646599858,0.0,False,0.0,0.0,0.0,0.0,0.0,0.11432597778427839,0.1062819833382087,0.0854879888921391,False,False,1,0.0,,,,1247.3756267295284,7827.87616351192,6580.5005367823915,5574.415441925046,0.14886792080443714,0.15668784534991487,873.443144680529,0.023325793752569022,-0.011267437241540217,0.0,False,persistent
2052Q2,2052-06-30,2052,2,2052,152920.75559054202,38708.468962124454,0.016470635743333517,0.06890252089601762,0.07009573450387678,387.35734720572907,8078.348832526143,2015.529715251054,4183.517437556195,1113.7998340357356,544.0800563249676,221.4217893581936,6.070944355391532,702.3361069887487,0.0,8786.755883870284,9174.113231076013,0.0,0.0,346056.33467403066,355230.44790510664,2.32297078662275,0.010132237333247565,0.2298381498296425,0.23997038716289007,354647.68386811204,582.7640369946275,72343.61028056331,174025.88066195056,58053.7271654521,232079.60782740265,42415.16060566562,7809.30515448045,0.20398726277165474,19.531180700783917,96583.41615808201,125430.7205598763,0.27233623833280096,0.35367697651882035,76160.91419772529,76160.91419772527,0,0.0,0.0,0.0,0.0,0.0,0.0,0.0,0.0,0.0,0.0,0.0,none,7612.310378962471,83773.22457668775,8471.777124087264,8471.777124087264,0.0,84632.69132181254,0.2154110468670722,0.5181811771623273,0.1728613500867164,0.0702933619006643,0.0232530639832198,0.09396656634042261,0.10156445645934509,0.1131515563318129,0.9968897552583827,300361.23976200924,0.0,0.1153493227864797,0.10704949208985969,0.08599966139323975,0.059599661393239856,824.3907479944646,-437.03340078873555,0.0,0.0,0.026065789265021018,0.04890252089601761,0.048126515437447004,0.08419932278647971,0.1153493227864797,0.036072807349032704,0.0,72.82582429723476,0.0,False,0.0,0.0,0.0,0.0,0.0,0.1153493227864797,0.10704949208985969,0.08599966139323975,False,False,1,0.0,,,,1264.7913250083982,8084.419776881535,6819.628451873136,5772.162834838279,0.150984418368785,0.15668784534991487,904.4277575996665,0.023657423195615035,-0.011431630692668787,0.0,False,persistent
2052Q3,2052-09-30,2052,3,2052,156148.55978172578,38867.29205198068,0.016513518740165933,0.0694808979460521,0.07066223712803071,381.52835005851614,8342.852373578136,2086.196613447997,4317.061182560442,1145.6909482270503,564.7131732319252,229.1904561107249,6.070944355391532,730.2133069026613,0.0,9079.13662483619,9460.664974894706,0.0,0.0,355230.44790510664,364691.11288000137,2.3355393952386714,0.009773470868814681,0.23257689055928726,0.24235036142810193,364108.34884300677,582.7640369946275,74224.24601398785,178549.8363844295,59562.884827648035,238112.72121207754,43759.066711222724,8012.3149057186765,0.20385208482541897,19.51688702043054,99045.87015930562,129451.85150058722,0.27202306806211524,0.3555311266877959,78246.9253933901,78246.9253933901,0,0.0,0.0,0.0,0.0,0.0,0.0,0.0,0.0,0.0,0.0,0.0,none,7809.30515448045,86056.23054787055,8730.451667992043,8730.451667992043,0.0,86977.37706138215,0.2154110468670722,0.5181811771623273,0.1728613500867164,0.0702933619006643,0.0232530639832198,0.0945434441825837,0.10223376603417189,0.11406021233716503,0.9971535191088927,309440.3763868454,0.0,0.11639352046153859,0.10783264034615384,0.08652176023076918,0.060121760230769296,834.374258829013,-452.84590877049686,0.0,0.0,0.026460758810750492,0.049480897946052094,0.048704892487481485,0.08524352046153859,0.11639352046153859,0.0365386279740571,0.0,73.34977356346654,0.0,False,0.0,0.0,0.0,0.0,0.0,0.11639352046153859,0.10783264034615384,0.08652176023076918,False,False,1,0.0,,,,1282.1076704422244,8348.923317933528,7066.815647491303,5976.623910351675,0.15310096791686514,0.15668784534991487,936.4643229797866,0.023989060783880044,-0.011600386437211159,0.0,False,persistent
2052Q4,2052-12-31,2052,4,2053,159466.98430051442,39026.89132723225,0.016526492606355525,0.07007074745220374,0.07124061417806608,397.8816903228112,8618.154521039689,2159.8053242928427,4455.742574891493,1178.5521604599937,586.7745509584494,237.27991043690966,6.072401265484019,759.3600408378321,0.0,9383.586963143005,9781.468653465816,0.0,0.0,364691.11288000137,374472.58153346716,2.3482765612960748,0.009980290078678756,0.2353737860988128,0.24535407617749155,373889.81749647256,582.7640369946275,76167.70787518247,183224.9232458074,61122.45870305589,244347.3819488633,45152.62109787509,8222.106574551675,0.2037169890990708,19.48731586902182,102328.41943704784,133542.06816453944,0.2736860290077658,0.3571695775475333,80117.28036083882,80117.2803608388,0,0.0,0.0,0.0,0.0,0.0,0.0,0.0,0.0,0.0,0.0,0.0,none,8012.3149057186765,88129.59526655749,9022.108612627984,9022.108612627984,0.0,89139.38897346679,0.2154110468670722,0.5181811771623273,0.1728613500867164,0.0702933619006643,0.0232530639832198,0.09512522553978169,0.10292092822377712,0.11517093312709888,0.9973909865442334,318823.96334998845,0.0,0.11745760593735748,0.108630704453018,0.08705380296867864,0.06065380296867874,867.1322495403529,-469.25055921754165,0.0,0.0,0.026859156845453334,0.05007074745220373,0.04929474199363312,0.08630760593735748,0.11745760593735748,0.037012863943724356,0.0,73.88003749092242,0.0,False,0.0,0.0,0.0,0.0,0.0,0.11745760593735748,0.108630704453018,0.08705380296867864,False,False,1,0.0,,,,1299.5109744148833,8624.226922305174,7324.71594789029,6190.263808592175,0.1552738665183927,0.15668784534991487,969.9390983158657,0.02432952758391724,-0.011770475531994565,0.0,False,persistent
2053Q1,2053-03-31,2053,1,2053,162846.15587474863,39187.072932708164,0.01651891534247807,0.06982182833492213,0.07183046368421683,391.63918193471835,8904.292279712197,2236.6191541887356,4600.214587410004,1212.5334312560958,609.2020532606732,245.72305359669215,6.072401265484019,789.864744851768,0.0,9700.22942582945,10091.868607764169,0.0,0.0,374472.58153346716,384564.45014123135,2.361519976173186,0.009619856970672207,0.2382673235047753,0.24788718047544755,383981.68610423675,582.7640369946275,78171.46226525398,188045.0465574599,62730.41564931078,250775.46220677067,46596.35496666397,8438.406665548135,0.2035812256005182,19.49662710917352,105740.62571259588,137820.80781461496,0.27537934630531113,0.3589254717142987,82567.93191833657,82567.93191833656,0,0.0,0.0,0.0,0.0,0.0,0.0,0.0,0.0,0.0,0.0,0.0,none,8222.106574551675,90790.03849288824,9302.003862912401,9302.003862912401,0.0,91869.93578124896,0.2154110468670722,0.5181811771623273,0.1728613500867164,0.0702933619006643,0.0232530639832198,0.09573937424721261,0.1036148428929772,0.11598475490461561,0.9978064475777226,328524.1927758179,0.0,0.11854262639077535,0.10944446979308141,0.08759631319538758,0.06119631319538768,877.8959857621337,-486.25680382741535,0.0,0.0,0.027265815641169984,0.04982182833492213,0.049896492682405494,0.08739262639077536,0.11854262639077535,0.037496133708369864,0.0,74.42939397671901,0.0,False,0.0,0.0,0.0,0.0,0.0,0.11854262639077535,0.10944446979308141,0.08759631319538758,False,False,1,0.0,,,,1317.1333029579228,8910.364680977682,7593.231378019759,6412.772670922695,0.15751732391779663,0.15668784534991487,1004.8035325256958,0.024681050089964168,-0.01194395535382277,0.0,False,persistent
2053Q2,2053-06-30,2053,2,2053,166322.8274422489,39348.3977449343,0.016569112896035687,0.07043544789200122,0.07262222732175629,384.85828878576115,9203.903063517508,2316.662611432649,4750.356848487743,1247.7936271581061,634.5660544878306,254.5239219511824,6.072401265484019,823.8736165137137,0.0,10033.849081296707,10418.707370082468,0.0,0.0,384564.45014123135,394983.1575113138,2.3747982377732306,0.009255693754229683,0.2413102094426741,0.2505659031969038,394400.3934743192,582.7640369946275,80238.29544862575,193016.908806561,64388.99156581027,257405.90037237125,48094.68170459397,8661.515948728225,0.2034437510109897,19.467569826248624,109308.14128552994,142259.82610792853,0.2771501831492148,0.36069899640501135,84345.38205112032,84345.38205112032,0,0.0,0.0,0.0,0.0,0.0,0.0,0.0,0.0,0.0,0.0,0.0,none,8438.406665548135,92783.78871666845,9594.833753568753,9594.833753568753,0.0,93940.21580468907,0.2154110468670722,0.5181811771623273,0.1728613500867164,0.0702933619006643,0.0232530639832198,0.09634598185507208,0.10436585157688677,0.1172567216717977,0.9980172103262912,338558.0418571146,0.0,0.11965022795847882,0.11027517096885901,0.0881501139792393,0.061750113979239414,888.9317257416106,-504.0734369558495,0.0,0.0,0.02768532233391085,0.05043544789200122,0.05051011223948458,0.08850022795847882,0.11965022795847882,0.037990115718994244,0.0,74.98488246918555,0.0,False,0.0,0.0,0.0,0.0,0.0,0.11965022795847882,0.11027517096885901,0.0881501139792393,False,False,1,0.0,,,,1334.9471004232212,9209.975464782992,7875.028364359771,6646.783310138006,0.15985258096807958,0.15668784534991487,1041.4701553732991,0.0250469564855112,-0.012122772194475237,0.0,False,persistent
2053Q3,2053-09-30,2053,3,2053,169901.51279390912,39511.07701390893,0.016640159861804227,0.07106119458568173,0.07323584687883537,377.417070867897,9513.719505434517,2400.132585356961,4906.462977763429,1284.3090392513147,659.1090974384334,263.7058056243807,6.072401265484019,857.3641920828013,0.0,10377.156098782803,10754.573169650701,0.0,0.0,394983.1575113138,405737.73068096454,2.38807603304348,0.008885549390621488,0.24430991644836772,0.2531954658389892,405154.96664396994,582.7640369946275,82370.26359554584,198145.45620517863,66099.83647176302,264245.29267694167,49647.753989143486,8891.65638233891,0.20330557534033325,19.457323156468554,113009.02205061587,146797.67338406044,0.2789278951377698,0.3623247534148062,86731.11217594189,86731.11217594189,0,0.0,0.0,0.0,0.0,0.0,0.0,0.0,0.0,0.0,0.0,0.0,none,8661.515948728225,95392.62812467011,9897.2089775679,9897.2089775679,0.0,96628.3211535098,0.2154110468670722,0.5181811771623273,0.1728613500867164,0.0702933619006643,0.0232530639832198,0.0969726955426557,0.10508960598893954,0.11822986963024092,0.9982405872029428,348935.19795589737,5.820766091346741e-11,0.12078274897160503,0.11112456172870368,0.08871637448580241,0.06231637448580252,900.2534365302464,-522.8363656623494,0.0,0.0,0.02812296316996722,0.05106119458568173,0.05113585893316509,0.08963274897160503,0.12078274897160503,0.03849689003843994,0.0,75.54368388055248,0.0,False,0.0,0.0,0.0,0.0,0.0,0.12078274897160503,0.11112456172870368,0.08871637448580241,False,False,1,0.0,,,,1352.9158826226546,9519.791906700002,8166.876024077347,6889.013397064756,0.16218839452998027,0.15668784534991487,1079.424665772774,0.025412950079664525,-0.012309163280883814,0.0,False,persistent
2053Q4,2053-12-31,2053,4,2054,173584.0121931288,39674.64758668511,0.016662579904280772,0.07169959674705309,0.07386159357251589,415.24884069321,9836.915494172787,2487.2267176464375,5068.737947838684,1322.2023509170347,685.4663407199756,273.28213705065866,6.073858175576505,892.4143127309528,0.0,10735.403665079315,11150.652505772525,0.0,0.0,405737.73068096454,416888.383186737,2.401651960451916,0.009568826885536117,0.24738231429136812,0.2569511411769042,416305.6191497424,582.7640369946275,84580.0014237207,203461.08214766046,67873.0893753233,271334.17152298376,51261.254351641095,9130.191851396812,0.20316805138606076,19.481057678692864,116035.47723959078,150800.98843140955,0.27872666594455353,0.3622362550363929,89598.11614307009,89598.11614307007,0,0.0,0.0,0.0,0.0,0.0,0.0,0.0,0.0,0.0,0.0,0.0,none,8891.65638233891,98489.77252540899,10258.238193041572,10258.238193041572,0.0,99856.35433611165,0.2154110468670722,0.5181811771623273,0.1728613500867164,0.0702933619006643,0.0232530639832198,0.09764105636014044,0.10583589203855104,0.11937232709495656,0.9984414395734623,359670.6016209767,-5.820766091346741e-11,0.12193868557200052,0.11199151417900029,0.08929434278600015,0.06289434278600026,957.607186215026,-542.358345521816,0.0,0.0,0.028566461061182692,0.051699596747053086,0.05177426109453645,0.09078868557200052,0.12193868557200052,0.039014424477464074,0.0,76.10937260229677,0.0,False,0.0,0.0,0.0,0.0,0.0,0.12193868557200052,0.11199151417900029,0.08929434278600015,False,False,1,0.0,,,,1370.9754276652534,9842.989352348362,8472.01392468311,7142.722826216961,0.16459402535920187,0.15668784534991487,1119.17784957159,0.02578988319100259,-0.0124978870731111,0.0,False,persistent
2054Q1,2054-03-31,2054,1,2054,177365.97945266604,39838.499510285525,0.0166221773107742,0.07221731710863744,0.07449999573388724,407.37710927614035,10177.506816200808,2578.3935498216088,5241.794235880229,1361.6565652332429,712.3546937981254,283.30777146760164,6.073858175576505,929.170666817618,0.0,11112.751341194002,11520.128450470142,0.0,0.0,416888.383186737,428408.5116372072,2.415392810725223,0.009187266025497472,0.2506174267576422,0.25980469278313967,427825.7476002126,582.7640369946275,86861.41072722226,208949.11711927003,69703.85663651691,278652.97375578695,52934.89904681966,9376.464070383667,0.20302988124125493,19.54262575709268,119194.21220847909,154865.3140139147,0.2786045787965564,0.36198222029084287,92410.48414262538,92410.48414262538,0,0.0,0.0,0.0,0.0,0.0,0.0,0.0,0.0,0.0,0.0,0.0,none,9130.191851396812,101540.6759940222,10590.957783652524,10590.957783652524,0.0,103001.44192627791,0.2154110468670722,0.5181811771623273,0.1728613500867164,0.0702933619006643,0.0232530639832198,0.09834428063539676,0.10662567525865801,0.12027863820199285,0.9988003819725632,370783.3529621707,0.0,0.12311908800109554,0.11287681600082156,0.08988454400054767,0.06348454400054777,970.1121991876005,-562.7350899114601,0.0,0.0,0.02902051987184988,0.05221731710863743,0.052426153662843755,0.09196908800109554,0.12311908800109554,0.03954293433825179,0.0,76.68642642689281,0.0,False,0.0,0.0,0.0,0.0,0.0,0.12311908800109554,0.11287681600082156,0.08988454400054767,False,False,1,0.0,,,,1389.4326523597103,10183.580674376384,8794.148022016674,7411.2244544541045,0.1671397068890982,0.15668784534991487,1161.2487911730118,0.026188760544869117,-0.012690936371180206,0.0,False,persistent
2054Q2,2054-06-30,2054,2,2054,181262.69282297138,40003.96234513125,0.016717148411947935,0.07288278169905264,0.07528525346746495,398.650709649655,10534.740439822075,2673.5744178060454,5422.150972458643,1402.6987988940691,742.5329651493797,293.78328551393804,6.073858175576505,969.3514253884143,0.0,11510.165723386066,11908.816433035721,0.0,0.0,428408.5116372072,440317.3280702429,2.429166869435593,0.00879719270283585,0.25399966301123794,0.2627968557140738,439734.5640332483,582.7640369946275,89217.89233668527,214617.7419744588,71594.86732696522,286212.609301424,54673.2222449903,9630.840150148684,0.20289033347385335,19.570250896978685,122432.12520128157,159139.9422032432,0.27842279232802014,0.36190000791297966,94531.99373187256,94531.99373187256,0,0.0,0.0,0.0,0.0,0.0,0.0,0.0,0.0,0.0,0.0,0.0,none,9376.464070383667,103908.45780225622,10939.465007647306,10939.465007647306,0.0,105471.45873951986,0.2154110468670722,0.5181811771623273,0.1728613500867164,0.0702933619006643,0.0232530639832198,0.09904566110875393,0.10746906665695118,0.12163129255815126,0.9990035454570381,382293.5186855568,0.0,0.12432796299700087,0.11378347224775055,0.09048898149850033,0.06408898149850044,982.9559189250098,-584.3052092753547,0.0,0.0,0.029498821226038835,0.05288278169905264,0.05309161825325785,0.09317796299700087,0.12432796299700087,0.04008634474374302,0.0,77.26979126508438,0.0,False,0.0,0.0,0.0,0.0,0.0,0.12432796299700087,0.11378347224775055,0.09048898149850033,False,False,1,0.0,,,,1408.044778405092,10540.814297997651,9132.769519592559,7694.1249658447105,0.16978948830599377,0.15668784534991487,1205.575862751195,0.026603949085730733,-0.012894108548768197,0.0,False,persistent
2054Q3,2054-09-30,2054,3,2054,185278.76849219284,40171.073416174055,0.016814445947796353,0.07356218052629648,0.07595071805787905,389.00937563747675,10905.436228457706,2773.069704276453,5610.16124019342,1445.4089073198713,772.0579569089183,304.73841975904145,6.073858175576505,1009.7956907453162,0.0,11921.305777378597,12310.315153016074,0.0,0.0,440317.3280702429,452627.64322325896,2.4429547265818075,0.00839835840454366,0.25737014282628784,0.2657685012308315,452044.87918626436,582.7640369946275,91652.14906419473,220473.45845196405,73548.29037789456,294021.7488298586,56477.369439962524,9893.611852248487,0.20275011018635963,19.615423795739037,125710.27190704671,163285.24780463096,0.2780924587252055,0.36121468314952315,97290.50241164639,97290.50241164639,0,0.0,0.0,0.0,0.0,0.0,0.0,0.0,0.0,0.0,0.0,0.0,none,9630.840150148684,106921.34256179507,11300.519462270759,11300.519462270759,0.0,108591.02187391715,0.2154110468670722,0.5181811771623273,0.1728613500867164,0.0702933619006643,0.0232530639832198,0.09977138347261692,0.10829740296277249,0.1226936318156332,0.9991918792392128,394214.8244629354,0.0,0.1255677407196243,0.1147133055397181,0.09110887035981204,0.06470887035981214,996.1511489982644,-607.1417733607876,0.0,0.0,0.030001985642984296,0.05356218052629648,0.05377101708050369,0.09441774071962428,0.1255677407196243,0.0406467236391206,0.0,77.85798014473266,0.0,False,0.0,0.0,0.0,0.0,0.0,0.1255677407196243,0.1147133055397181,0.09110887035981204,False,False,1,0.0,,,,1426.8683397945838,10911.510086633281,9484.641746838697,7988.039644601079,0.1724545064630581,0.15668784534991487,1251.628720482243,0.027021525038579543,-0.013107638361410438,0.0,False,persistent
2054Q4,2054-12-31,2054,4,2055,189416.2882646718,40339.27482859412,0.016853996789699455,0.07425668945824963,0.07663011688512578,425.2671543355291,11293.127841200507,2877.1383225222903,5806.068641416306,1489.8300240842589,803.8987625089196,316.19209066873134,6.0767719957614785,1052.1957131117542,0.0,12351.400326308023,12776.667480643551,0.0,0.0,452627.64322325896,465404.3107039025,2.457044824221199,0.008980582572525174,0.2608307963262248,0.26981137889874995,464821.5466669079,582.7640369946275,94177.72980160218,226548.85903407013,75574.99839668372,302123.8574307539,58353.717690123485,10166.241744428356,0.20261050821959883,19.640658313349093,129245.36316772735,167541.51119164276,0.2780537264128697,0.36044265243948204,99692.09813314702,99692.09813314702,0,0.0,0.0,0.0,0.0,0.0,0.0,0.0,0.0,0.0,0.0,0.0,none,9893.611852248487,109585.70998539552,11724.471767531799,11724.471767531799,0.0,111416.56990067882,0.2154110468670722,0.5181811771623273,0.1728613500867164,0.0702933619006643,0.0232530639832198,0.10050543960873597,0.10915285896681909,0.12400881015364969,0.9993832315641377,406566.2247892434,0.0,0.1268368690386298,0.11566515177897226,0.0917434345193148,0.0653434345193149,1056.2748498038975,-631.0076954683684,0.0,0.0,0.030515416677902876,0.05425668945824963,0.05446552601245595,0.09568686903862982,0.1268368690386298,0.04122134302617386,0.0,78.45515987255556,0.0,False,0.0,0.0,0.0,0.0,0.0,0.1268368690386298,0.11566515177897226,0.0917434345193148,False,False,1,0.0,,,,1445.9286639742854,11299.204613196269,9853.275949221983,8296.398373175816,0.1751992597718574,0.15668784534991487,1299.9447852574576,0.027451594520552357,-0.013325310114548542,0.0,False,persistent
2055Q1,2055-03-31,2055,1,2055,193687.80391024222,40508.73320723238,0.016909492927594805,0.07512140941569626,0.07732462581707715,414.78951133002863,11698.00449725517,2986.30209530032,6010.930057654465,1536.2242841534119,836.3406409531033,328.2074191938613,6.0767719957614785,1096.7364837219595,0.0,12800.817752972891,13215.60726430292,0.0,0.0,465404.3107039025,478619.9179682054,2.4710896004066676,0.008566146199318739,0.26435980984956553,0.27292595604888426,478037.1539312108,582.7640369946275,96788.2684432939,232828.6297610297,77669.8827613414,310498.51252237114,60302.330343452224,10448.042622093579,0.20247017966562,19.70449880170166,132786.33761592934,171643.1713708857,0.27777409459482555,0.3590582237371136,102911.44156345424,102911.44156345424,0,0.0,0.0,0.0,0.0,0.0,0.0,0.0,0.0,0.0,0.0,0.0,none,10166.241744428356,113077.6833078826,12118.87078058096,12118.87078058096,0.0,115030.31234403519,0.2154110468670722,0.5181811771623273,0.1728613500867164,0.0702933619006643,0.0232530639832198,0.10127794673591534,0.11001890148900638,0.12501488702455774,0.9997154318442947,419367.0425422163,0.0,0.12813618520776826,0.11663963890582608,0.09239309260388402,0.06599309260388413,1070.8261877686502,-656.0366764386216,0.0,0.0,0.03104199886145568,0.05512140941569625,0.05517633463078589,0.09698618520776825,0.12813618520776826,0.041809850576982374,0.0,79.05793307811098,0.0,False,0.0,0.0,0.0,0.0,0.0,0.12813618520776826,0.11663963890582608,0.09239309260388402,False,False,1,0.0,,,,1465.3091177213896,11704.081269250932,10238.772151529542,8619.105631088574,0.17799996607081764,0.15668784534991487,1350.5090901785868,0.027890431155994367,-0.013548332175682857,0.0,False,persistent
2055Q2,2055-06-30,2055,2,2055,198091.28414249414,40679.344269569134,0.016953572719066168,0.0758488077237547,0.07765641196995501,403.54855136882554,12123.29266333782,3100.5198727972747,6224.879473071391,1584.4876901214004,872.6273076842757,340.7783196634749,6.0767719957614785,1138.089512575587,0.0,13267.458947909168,13671.007499277994,0.0,0.0,478619.9179682054,492290.9254674834,2.485172063973097,0.008148739165697742,0.26790596073606976,0.2760546999017675,491708.1614304888,582.7640369946275,99487.99742710862,239322.95195665807,79836.33988504887,319159.29184170696,62321.40079573843,10739.471365934814,0.20233139335673386,19.733293074333385,136559.9411430387,176052.5925993545,0.27772559386802803,0.3580428522625661,105335.39061781697,105335.39061781697,0,0.0,0.0,0.0,0.0,0.0,0.0,0.0,0.0,0.0,0.0,0.0,none,10448.042622093579,115783.43323991055,12532.917986702407,12532.917986702407,0.0,117868.30860451938,0.2154110468670722,0.5181811771623273,0.1728613500867164,0.0702933619006643,0.0232530639832198,0.10204953598165575,0.11088095960762354,0.12649217313419225,0.9998873734183351,432634.5014901255,0.0,0.12946589949503468,0.1176369246212759,0.09305794974751723,0.06665794974751733,1085.7733238373376,-682.224772468512,0.0,0.0,0.03158002874806916,0.055848807723754695,0.05590373293884433,0.09831589949503466,0.12946589949503468,0.042412166556190345,0.0,79.66969688923606,0.0,False,0.0,0.0,0.0,0.0,0.0,0.12946589949503468,0.1176369246212759,0.09305794974751723,False,False,1,0.0,,,,1484.7999748910183,12129.369435333581,10644.569460442563,8959.724449156025,0.1809211240755242,0.15668784534991487,1403.8799188672103,0.028348141109678492,-0.013775967487348172,0.0,False,persistent
2055Q3,2055-09-30,2055,3,2055,202633.9570066307,40851.48876111029,0.017034717470406413,0.07659325299666604,0.07838381027801346,391.3055492658933,12565.280950420838,3220.075768965078,6448.28819842791,1634.7253642091537,908.2486721063881,353.9429467123025,6.0767719957614785,1186.9077679164398,0.0,13758.26549033304,14149.571039598934,0.0,0.0,492290.9254674834,506440.49650708237,2.499287404679712,0.0077243825279114265,0.27158854702487667,0.27931292955278814,505857.73247008777,582.7640369946275,102280.2982926471,246039.96006993737,82077.0833589114,328117.0434288488,64419.49774420769,11040.893004384183,0.20219182534428315,19.77157976582817,140246.0732163937,180437.68146115326,0.2772441028657928,0.35669649761027,108412.23835458138,108412.23835458138,0,0.0,0.0,0.0,0.0,0.0,0.0,0.0,0.0,0.0,0.0,0.0,none,10739.471365934814,119151.7097205162,12962.663271682493,12962.663271682493,0.0,121374.90162626388,0.2154110468670722,0.5181811771623273,0.1728613500867164,0.0702933619006643,0.0232530639832198,0.10284354418603397,0.11178971440327144,0.12770210067950494,1.0,446392.7669804585,0.0,0.13082881527483586,0.11865911145612679,0.09373940763741782,0.06733940763741793,1101.1414646633523,-709.835915397459,0.0,0.0,0.03213892747400969,0.05659325299666604,0.05664817821175479,0.09967881527483585,0.13082881527483586,0.04303063706308108,0.0,80.28837917220963,0.0,False,0.0,0.0,0.0,0.0,0.0,0.13082881527483586,0.11865911145612679,0.09373940763741782,False,False,1,0.0,,,,1504.5308062143438,12571.3577224166,11066.826916202257,9314.133133739819,0.18386124954239602,0.15668784534991487,1459.4114520279427,0.028808823034141055,-0.01401218089768106,0.0,False,persistent
2055Q4,2055-12-31,2055,4,2056,207319.28039964425,41024.72122487632,0.01707036750205959,0.0773550911573142,0.07912825555092391,419.1590910215999,13027.748974817448,3345.3025628959595,6681.5062071902075,1686.774286242942,946.4387239051393,367.72719458319676,6.084056546223911,1238.1924643292864,0.0,14272.025495692958,14691.184586714558,0.0,0.0,506440.49650708237,521131.6810937969,2.513667229064389,0.008087218713350679,0.2753632072845541,0.28345042599790476,520548.9170568023,582.7640369946275,105178.22140922458,253011.04736427046,84402.58573989288,337413.63310416334,66603.3462524426,11353.716290971757,0.2020525217954637,19.80410603805474,143881.01409268356,185081.6079587932,0.27640248471976603,0.3555508462206581,111349.70866984483,111349.70866984483,0,0.0,0.0,0.0,0.0,0.0,0.0,0.0,0.0,0.0,0.0,0.0,none,11040.893004384183,122390.60167422901,13452.992122385273,13452.992122385273,0.0,124802.7007922301,0.2154110468670722,0.5181811771623273,0.1728613500867164,0.0702933619006643,0.0232530639832198,0.10364821114484732,0.11272420427771514,0.12897176418963777,1.0,460664.7924761515,0.0,0.1322237145807599,0.11970528593556982,0.09443685729037984,0.06803685729037995,1157.842087849974,-738.682996828374,0.0,0.0,0.03270717865615637,0.0573550911573142,0.05741001637240384,0.1010737145807599,0.1322237145807599,0.04366369820835607,0.0,80.91731974819223,0.0,False,0.0,0.0,0.0,0.0,0.0,0.1322237145807599,0.11970528593556982,0.09443685729037984,False,False,1,0.0,,,,1524.509208535873,13033.833031363672,11509.323822827799,9686.019728163274,0.1868812145111014,0.15668784534991487,1517.6815612226715,0.02928201483811972,-0.014252084907962889,0.0,False,persistent
2056Q1,2056-03-31,2056,1,2056,212186.52165235518,41199.38615266625,0.01713928185929703,0.07877773904909433,0.07989009371157296,405.63741150537476,13511.333589388661,3476.763781931321,6924.575849621902,1740.4954966474854,987.2995055061773,382.19895568176423,6.084056546223911,1292.1455727767177,0.0,14809.563218711603,15215.200630216978,0.0,0.0,521131.6810937969,536346.881724014,2.5277141900782967,0.007646808258065856,0.27918009312533965,0.2868269013834055,535764.1176870193,582.7640369946275,108177.40127473568,260225.7124236308,86809.34383445368,347035.0562580845,68874.19017313482,11677.469981064309,0.20191236722189437,19.866532913982535,147450.4384420303,189643.94031046366,0.27521521799294396,0.35396909581998015,114880.37272113487,114880.37272113486,0,0.0,0.0,0.0,0.0,0.0,0.0,0.0,0.0,0.0,0.0,0.0,none,11353.716290971757,126234.08901210662,13923.05505744026,13923.05505744026,0.0,128803.42777857512,0.2154110468670722,0.5181811771623273,0.1728613500867164,0.0702933619006643,0.0232530639832198,0.10448436980245598,0.11367233085985477,0.13016102375609878,1.0,475474.3556948631,0.0,0.13365157870315325,0.12077618402736484,0.09515078935157653,0.06875078935157664,1174.665264307223,-769.0278528018482,0.0,0.0,0.033288430570904234,0.05877773904909432,0.058190151693396336,0.10250157870315325,0.13365157870315325,0.04431142700975692,0.0,81.54433383688497,0.0,False,0.0,0.0,0.0,0.0,0.0,0.13365157870315325,0.12077618402736484,0.09515078935157653,False,False,1,0.0,,,,1544.911854481045,13517.417645934886,11972.505791453841,10075.506309294205,0.18993678261622743,0.15668784534991487,1578.709374412782,0.029760785220831844,-0.014497204569135032,0.0,False,persistent
2056Q2,2056-06-30,2056,2,2056,217209.8583378591,41375.1081503574,0.017170102575203794,0.07957636673459578,0.08109880305942693,391.2463120530616,14018.928205516826,3614.5201150932317,7178.745889729366,1796.4231508857474,1031.878585168372,397.3604646400973,6.084056546223911,1355.8395238051537,0.0,15380.851785868204,15772.098097921265,0.0,0.0,536346.881724014,552118.9798219352,2.5418688822269826,0.007204945761614512,0.2832440830000277,0.2904490287616422,551536.2157849405,582.7640369946275,111282.82262609243,267695.9462618428,89301.35775477461,356997.3040166174,71243.39697814386,12012.692164086871,0.20176884027047234,19.902860806839353,151206.5247959327,194623.03249231432,0.2741552058929388,0.3528744385630758,117813.06479924693,117813.06479924693,0,0.0,0.0,0.0,0.0,0.0,0.0,0.0,0.0,0.0,0.0,0.0,none,11677.469981064309,129490.53478031124,14416.258574116111,14416.258574116111,0.0,132229.32337336303,0.2154110468670722,0.5181811771623273,0.1728613500867164,0.0702933619006643,0.0232530639832198,0.10532916766033666,0.11470824058063732,0.13168824224975365,1.0,490855.2074807313,0.0,0.13511183425328951,0.12187137568996703,0.09588091712664465,0.06948091712664475,1191.9624080735925,-800.7160960205309,0.0,0.0,0.03387784147015819,0.05957636673459578,0.05898877937889779,0.10396183425328952,0.13511183425328951,0.044973054874391724,0.0,82.18418495385853,0.0,False,0.0,0.0,0.0,0.0,0.0,0.13511183425328951,0.12187137568996703,0.09588091712664465,False,False,1,0.0,,,,1565.5266291364678,14025.01226206305,12459.485632926582,10485.814222627178,0.19310015305690253,0.15668784534991487,1642.999637282945,0.030256446919224838,-0.014745483508857264,0.0,False,persistent
2056Q3,2056-09-30,2056,3,2056,222397.83209016387,41552.25797096179,0.01723652647074214,0.0803938969812712,0.08189743074492839,375.7308872390894,14548.694437081875,3758.9065714737044,7444.387821112105,1854.8838686846286,1077.2592384508305,413.25693736059816,6.084056546223911,1415.8916154109154,0.0,15970.670109039014,16346.400996278104,0.0,0.0,552118.9798219352,568465.3808182133,2.5560742902734224,0.0067578156442957,0.2872450681545175,0.2940028837988132,567882.6167812187,582.7640369946275,114499.01928208367,275432.6551884537,91882.2657638337,367314.9209522874,73708.80429282534,12359.872254022239,0.2016244482549381,19.935896292969673,155138.21358178888,199691.00192928707,0.27318711472648777,0.3516413357766498,121110.0309034192,121110.0309034192,0,0.0,0.0,0.0,0.0,0.0,0.0,0.0,0.0,0.0,0.0,0.0,none,12012.692164086871,133122.72306750607,14930.509380867188,14930.509380867188,0.0,136040.5402842864,0.2154110468670722,0.5181811771623273,0.1728613500867164,0.0702933619006643,0.0232530639832198,0.10619117515536568,0.1157045542190181,0.1331054338031291,1.0,506825.8775897703,0.0,0.13660676847978193,0.12299257635983633,0.09662838423989085,0.07022838423989096,1209.7629216313014,-834.032034392212,0.0,0.0,0.03448447653582635,0.06039389698127119,0.059806309625574094,0.10545676847978191,0.13660676847978193,0.045650458854207834,0.0,82.83288065056564,0.0,False,0.0,0.0,0.0,0.0,0.0,0.13660676847978193,0.12299257635983633,0.09662838423989085,False,False,1,0.0,,,,1586.3474776870326,14554.778493628099,12968.431015941067,10914.9540390759,0.19631403663414834,0.15668784534991487,1710.2406304761532,0.030760023412148955,-0.01500072238211533,0.0,False,persistent
2026Q4,2026-12-31,2026,4,2027,32813.516450759125,24573.2,0.01902398695529306,0.02374108660242924,0.02771554138299126,194.872,262.77373580186674,55.91196830625741,138.7066086465815,45.90202768161394,6.830451248587104,15.422679918826764,4.968063415379199,15.669722733652822,0.0,283.41152195089876,478.2835219508988,5.538,0.0,32215.665354410852,32699.486876361752,0.9965249206201814,0.023755088887523573,0.03454814388774138,0.05830323277526495,32116.722839367125,582.7640369946275,6900.719597135018,16599.998264328406,5537.634784657662,22137.633048986067,2333.4554051875534,744.9147880584759,0.21486375280719644,24.389899668742217,10389.974586384971,13385.224783509682,0.3235066864807714,0.416768075947734,7665.516018009889,7665.51601800989,0,0.0,0.0,0.0,0.0,0.0,0.0,0.0,0.0,0.0,0.0,0.0,none,734.0288243174178,8399.544842327308,468.151799217246,468.151799217246,0.0,8133.667817227136,0.2154110468670722,0.5181811771623273,0.1728613500867164,0.0702933619006643,0.0232530639832198,0.04609959276180814,0.03518928059787473,0.08383483966658266,0.2734150701709626,283.41152195089876,0.0,0.08277999999999999,0.09197,0.09197,0.0675,194.872,-0.0,0.0,0.0,0.0,0.0037410866024292395,0.0,0.0,0.03278,0.0,500.0,0.027962136632742052,0.0,False,0.0,0.0,0.0,0.0,200.0,0.08277999999999999,0.09197,0.09197,False,False,1,0.0,,,,258.56643891327826,267.74179921724595,9.175360303967693,9.175360303967647,0.001118485465309571,0.15668784534991487,1.4376674363378306,0.00017525307761455367,0.0,0.0,False,faster_fading
2027Q1,2027-03-31,2027,1,2027,33153.02935550696,24684.925351107366,0.01831094440391512,0.023296209984862815,0.026152401325720165,194.25262227780686,370.17820987926297,142.81039206270918,155.50621409485328,47.832561402724565,8.418975029950598,15.610067289025272,4.968063415379199,15.10898639416756,0.0,390.25525968880976,584.5078819666167,5.538,0.0,32699.486876361752,33289.532758328365,1.0041173734489737,0.02343708868288262,0.04708532128440149,0.07052240996728411,32706.76872133374,582.7640369946275,7024.567355692784,16897.919741670186,5637.019152640981,22534.938894311166,2388.9786388522384,758.2838324775358,0.21477411649995398,24.524138806185366,10399.118012213594,13227.263250397351,0.31795002743363426,0.4044197506361906,7820.433550822089,7820.43355082209,0,0.0,0.0,0.0,0.0,0.0,0.0,0.0,0.0,0.0,0.0,0.0,none,744.9147880584759,8565.348338880565,574.9368955724491,574.9368955724491,0.0,8395.37044639454,0.2154110468670722,0.5181811771623273,0.1728613500867164,0.0702933619006643,0.0232530639832198,0.048352563409985325,0.047738395549065664,0.08378865448021088,0.31143032055334124,673.6667816397085,-7.275957614183426e-12,0.08268381326940354,0.09229285995205273,0.09228190663470182,0.06752190663470183,194.90615191774094,-0.6535296399340909,0.0,0.0,0.00017525307761455367,0.003296209984862814,0.0,4.381326940363842e-05,0.03268381326940353,4.3813269403635e-05,500.0,0.3396786158011089,0.0,False,0.0,0.0,0.0,0.0,200.0,0.08268381326940354,0.09229285995205273,0.09228190663470182,False,False,1,0.0,,,,265.27934243201616,375.1462732946422,109.86693086262602,109.82043984143723,0.013250124284427754,0.15668784534991487,17.207528094134748,0.0020761334247455672,-7.885006620977421e-05,0.0,False,faster_fading
2027Q2,2027-06-30,2027,2,2027,33452.469674481385,24769.00921212162,0.013694909988571258,0.022616048740021766,0.02507028033791192,197.896333224054,395.36054481672477,145.20450388411248,173.848297018459,50.18691216366012,10.297649788113418,15.823181962379781,4.968063415379199,14.834347503227477,0.0,415.1629557353315,613.0592889593854,5.538,0.0,33289.532758328365,33908.13004728775,1.0136211280434686,0.023662986338496336,0.04964212923891011,0.07330511557740643,33325.366010293124,582.7640369946275,7154.624562971398,17210.778333400936,5741.386429833419,22952.164763234356,2446.253513301455,772.3231707859129,0.21469005203908537,24.605681953973498,10443.600325355133,13087.221985699878,0.3133829144480947,0.3927105251194438,7926.77785888108,7926.777858881079,0,0.0,0.0,0.0,0.0,0.0,0.0,0.0,0.0,0.0,0.0,0.0,none,758.2838324775358,8685.061691358615,603.7629414561579,603.7629414561579,0.0,8530.540800337236,0.2154110468670722,0.5181811771623273,0.1728613500867164,0.0702933619006643,0.0232530639832198,0.05047145571639399,0.04988510457617836,0.08357476285020146,0.34823508214838234,1088.82973737504,0.0,0.08233022059316916,0.09233766544487687,0.09238511029658458,0.06740511029658458,194.70699327085788,3.1893399531961015,0.0,0.0,-0.0008467441661306092,0.0026160487400217654,0.0,-0.0001897794068308331,0.032330220593169166,-0.00018977940683083394,500.0,0.8325987747452634,0.0,False,0.0,0.0,0.0,0.0,200.0,0.08233022059316916,0.09233766544487687,0.09238511029658458,False,False,1,0.0,,,,271.80669833890045,400.328608232104,128.52190989320354,128.7520606293371,0.015395223358059366,0.15668784534991487,20.173882964372435,0.002412244376655003,0.00038135778724032943,0.0,False,faster_fading
2027Q3,2027-09-30,2027,3,2027,33786.889448842456,24879.31825214602,0.017933397825729225,0.02225851542461697,0.024382592342289344,198.37772771287305,420.5199377197755,147.26045463268542,192.7248421345554,52.59740776735453,11.881117549352137,16.056115635828096,4.968063415379199,14.777064960707447,0.0,440.26506609586215,638.6427938087352,5.538,0.0,33908.13004728775,34552.31084109649,1.0226543906450156,0.023485763969274716,0.05212259231646383,0.07560835628573855,33969.54680410186,582.7640369946275,7290.20507910459,17536.923498525768,5850.1860081517025,23387.109506677472,2505.2734823557034,786.9587359640932,0.21461001882498737,24.719231135341737,10427.219240519697,12886.287127194639,0.3069578555360826,0.3793482203783362,8091.671147492852,8091.671147492852,0,0.0,0.0,0.0,0.0,0.0,0.0,0.0,0.0,0.0,0.0,0.0,none,772.3231707859129,8863.994318278765,629.4037288480278,629.4037288480278,0.0,8721.07487634088,0.2154110468670722,0.5181811771623273,0.1728613500867164,0.0702933619006643,0.0232530639832198,0.052665857360503616,0.05193622479114895,0.08339871835983836,0.3852050091549166,1529.0948034709022,7.275957614183426e-12,0.08209024217412521,0.09240268163059381,0.0924851210870625,0.0673351210870626,194.6832764128639,3.694451300009139,0.0,0.0,-0.0009710180438081296,0.002258515424616969,1.0515184656872262e-05,-0.00032975782587479473,0.032090242174125205,-0.0003402730105316644,500.0,1.2837932396961405,0.0,False,0.0,0.0,0.0,0.0,200.0,0.08209024217412521,0.09240268163059381,0.0924851210870625,False,False,1,0.0,,,,278.44556637070593,425.4880011351547,147.04243476444879,147.31209508562182,0.01744014882561718,0.15668784534991487,23.082014772947865,0.0027326593420678043,0.00043738282633007776,0.0,False,faster_fading
2027Q4,2027-12-31,2027,4,2028,34136.166999334724,25000.718969507565,0.01966166238064937,0.021903964357919824,0.024173362542742365,217.8030578014626,447.31804422613175,149.61367511068337,212.6915002932315,55.17732875161814,13.509606093745706,16.32593397685321,5.137064986107641,15.004878505718608,0.0,467.459987717958,685.2630455194205,2.14175,0.0,34552.31084109649,35239.7156366159,1.03232784270427,0.02552167708878473,0.054775919947552196,0.08029759703633692,34656.95159962128,582.7640369946275,7435.0474491418445,17885.348479047774,5966.417965604887,23851.76644465266,2567.5436115700422,802.5940942567246,0.214532643696888,24.674793282700197,10436.570231432857,12868.816714676,0.3011393024984605,0.37131992632660243,8023.682335989309,8023.682335989309,0,0.0,0.0,0.0,0.0,0.0,0.0,0.0,0.0,0.0,0.0,0.0,none,786.9587359640932,8810.641071953401,672.399917013702,672.399917013702,0.0,8696.082253003011,0.2154110468670722,0.5181811771623273,0.1728613500867164,0.0702933619006643,0.0232530639832198,0.054488473882809994,0.05411620541014136,0.08312628783935351,0.4156350003093477,1996.5547911888602,-1.4551915228366852e-11,0.08198241435417838,0.09252181076563379,0.0926112071770892,0.0673212071770892,215.31751666659355,2.4855411348690377,0.0,0.0,-0.0006468039802069287,0.0019039643579198233,-4.134098377665124e-05,-0.00035758564582161797,0.03198241435417838,-0.0003162446620449677,500.0,1.7358095049506694,0.0,False,0.0,0.0,0.0,0.0,200.0,0.08198241435417838,0.09252181076563379,0.0926112071770892,False,False,1,0.0,,,,285.8024293090417,452.4551092122394,166.65267990319768,166.8396921546505,0.019549903439118048,0.15668784534991487,26.14175188255528,0.0030632322466742977,0.00029125017286416233,0.0,False,faster_fading
2028Q1,2028-03-31,2028,1,2028,34493.83585102019,25128.178519976696,0.020549424353088597,0.021581240343756226,0.023809403954005624,215.95089027158733,472.187619289579,152.38578517963091,230.12084595205792,58.04705478945254,14.985007642789883,16.64892572564777,5.137064986107641,15.148331497562502,0.0,492.47301577324913,708.4239060448365,2.14175,0.0,35239.7156366159,35950.281292660744,1.0422233539908692,0.025042258704341853,0.057108524305647355,0.08215078300998921,35367.51725566612,582.7640369946275,7584.848023032071,18245.70064690076,6086.628743199822,24332.32939010058,2631.5751647339985,818.7646777994618,0.21445802848422804,24.653872286685452,10418.975868748312,12804.926172911484,0.29459166707776524,0.3620532954107783,8240.515355386155,8240.515355386155,0,0.0,0.0,0.0,0.0,0.0,0.0,0.0,0.0,0.0,0.0,0.0,none,802.5940942567246,9043.10944964288,695.4173245472739,695.4173245472739,0.0,8935.932679933429,0.2154110468670722,0.5181811771623273,0.1728613500867164,0.0702933619006643,0.0232530639832198,0.05640584007555075,0.05589977182012717,0.08311033129148539,0.4471207722549352,2489.0278069621095,0.0,0.08197557056442684,0.09268667792332014,0.09275778528221343,0.06735778528221342,215.4225094879494,0.5283807836379099,0.0,0.0,-0.00013614254656699925,0.001581240343756226,-9.546796802747254e-05,-0.0002844294355731632,0.03197557056442683,-0.00018896146754569104,500.0,2.2064615739888938,0.0,False,0.0,0.0,0.0,0.0,200.0,0.08197557056442684,0.09268667792332014,0.09275778528221343,False,False,1,0.0,,,,292.6683234915916,477.32468427568665,184.65636078409506,184.70524854124292,0.021418928221145356,0.15668784534991487,28.94106741874786,0.0033560857126757504,6.127248774766656e-05,0.0,False,faster_fading
2028Q2,2028-06-30,2028,2,2028,34847.68340955141,25252.072306629918,0.01986822632340779,0.02137593057974798,0.023495333958941135,214.05554231452015,498.84702519559426,155.44306108312972,248.5451480969814,60.834676163642236,17.024937185941983,16.999202665898935,5.137064986107641,15.32307969977399,0.0,519.3071698814758,733.362712195996,2.14175,0.0,35950.281292660744,36685.78575485674,1.05274675862102,0.02457041861851277,0.0596088025454385,0.08417922116395127,36103.02171786211,582.7640369946275,7739.983048569758,18618.885083453046,6211.120269285437,24830.00535273848,2697.5222149877004,835.5111015661699,0.21438601757648365,24.630908047852692,10389.699502485442,12789.349834257702,0.2877792220185575,0.354245966839117,8402.033128182762,8402.033128182762,0,0.0,0.0,0.0,0.0,0.0,0.0,0.0,0.0,0.0,0.0,0.0,none,818.7646777994618,9220.797805982224,720.181382496222,720.181382496222,0.0,9122.214510678985,0.2154110468670722,0.5181811771623273,0.1728613500867164,0.0702933619006643,0.0232530639832198,0.05828326206528282,0.05778059600190027,0.08319650167541993,0.4779607811587152,3008.3349768435855,0.0,0.08204805093246835,0.09289353819935134,0.09292902546623422,0.06742902546623422,215.52611047587015,-1.4705681613499941,0.0,0.0,0.00037525083113152616,0.0013759305797479797,-0.00012472941003714016,-0.00014194906753155518,0.03204805093246835,-1.7219657494411955e-05,500.0,2.7175551769637485,0.0,False,0.0,0.0,0.0,0.0,200.0,0.08204805093246835,0.09289353819935134,0.09292902546623422,False,False,1,0.0,,,,299.83068908838544,503.9840901817019,204.15340109331646,204.0593147817078,0.023422999157043205,0.15668784534991487,31.97361435672583,0.0036700992695499718,-0.00016879953184456827,0.0,False,faster_fading
2028Q3,2028-09-30,2028,3,2028,35196.55394373498,25373.07200988367,0.019304898228682088,0.020941401226896438,0.023221682582462842,212.13775721881663,526.1878960575496,158.76263084637327,267.4640168413532,63.72689521312735,18.857950579625694,17.37640257706999,5.137064986107641,15.525697939488849,0.0,546.850658983146,758.9884162019627,2.14175,0.0,36685.78575485674,37446.91592105871,1.063936997381083,0.024108923567680962,0.06214820460631896,0.08625712817399993,36864.15188406408,582.7640369946275,7900.594487626944,19005.243284514785,6340.006464299977,25345.249748814764,2765.458957649516,852.8486899728518,0.2143164587774573,24.579844921262247,10365.80051241671,12812.390856808091,0.28118917654790043,0.34755691374922776,8524.699205677025,8524.699205677025,0,0.0,0.0,0.0,0.0,0.0,0.0,0.0,0.0,0.0,0.0,0.0,none,835.5111015661699,9360.210307243195,745.6044682624738,745.6044682624738,0.0,9270.3036739395,0.2154110468670722,0.5181811771623273,0.1728613500867164,0.0702933619006643,0.0232530639832198,0.060087984958811395,0.059625345100942785,0.08339546899291074,0.5070472105453495,3555.1856358267314,0.0,0.08218933186883012,0.09312449890162261,0.09310966593441507,0.06752966593441506,215.6290367096999,-3.4912794908832785,0.0,0.0,0.0008825006758659605,0.0009414012268964371,-0.00012042502182744302,5.9331868830130255e-05,0.03218933186883013,0.00017975689065757167,500.0,3.2699913039555106,0.0,False,0.0,0.0,0.0,0.0,200.0,0.08218933186883012,0.09312449890162261,0.09310966593441507,False,False,1,0.0,,,,306.9018351017775,531.3249610436571,224.42312594187962,224.18021127776046,0.025477518240692963,0.15668784534991487,35.126314275200976,0.003992017437997335,-0.00039677514980181443,0.0,False,faster_fading
2028Q4,2028-12-31,2028,4,2029,35548.13436890376,25495.660178567337,0.01946621953898897,0.020689942763800744,0.022973352134621115,168.49517424905946,553.9329008430267,162.3361455761552,286.3795391367475,66.83636766325719,20.600767497895447,17.780080968971255,5.268186894431433,15.747938980031478,0.0,574.9490267174896,743.444200966549,-2.42575,0.0,37446.91592105871,38187.93437202525,1.0742598746737801,0.018959664380750516,0.06469526875879421,0.08365493313954472,37605.17033503063,582.7640369946275,8056.825767875777,19381.064812177083,6465.37770418005,25846.442516357132,2832.1885992044954,869.7134515932171,0.21424782007623408,24.370397359121434,10495.252370369952,12737.985730712198,0.2790906749488442,0.33872963789892174,8498.151114332937,8498.151114332935,0,0.0,0.0,0.0,0.0,0.0,0.0,0.0,0.0,0.0,0.0,0.0,none,852.8486899728518,9350.999804305788,725.2705119865176,725.2705119865176,0.0,9223.421626319454,0.2154110468670722,0.5181811771623273,0.1728613500867164,0.0702933619006643,0.0232530639832198,0.06151243973142306,0.061414833513075535,0.083380227105771,0.5297732218340105,4130.134662544221,-7.275957614183426e-12,0.08239149102538802,0.09338361826904101,0.09330574551269402,0.06765574551269402,174.02596949580098,-5.530795246741529,0.0,0.0,0.0013849027732222548,0.0006899427638007438,-8.586746977680762e-05,0.0003114910253880231,0.03239149102538802,0.0003973584951648297,500.0,3.8620788517250704,0.0,False,0.0,0.0,0.0,0.0,0.0,0.08239149102538802,0.09338361826904101,0.09330574551269402,False,False,1,0.0,,,,314.22450105214443,559.2010877374581,244.9765866853137,244.57664027596024,0.027520616158119078,0.15668784534991487,38.32218678776142,0.00431214604851773,-0.0006223443615178479,0.0,False,faster_fading
2029Q1,2029-03-31,2029,1,2029,35903.45576869142,25620.205503364712,0.019683490959117478,0.020498494448693224,0.02288699821445415,166.5422150037371,578.4747435357716,165.95347198676302,302.3142257922432,69.87093723341529,22.151093653543068,18.185014869807056,5.268186894431433,16.067819917222515,0.0,599.8107503474256,766.3529653511628,-2.42575,0.0,38187.93437202525,38951.86158737642,1.08490563800667,0.018554449585765555,0.06682484875124176,0.08537929833700732,38369.09755038179,582.7640369946275,8217.922943155578,19768.59147405495,6594.653688949797,26363.245163004744,2900.825970255768,887.1034739656945,0.21418077223121465,24.19303258927938,10609.631285967665,12725.139190701608,0.27651500721476036,0.33165072944424745,8695.0498431403,8695.0498431403,0,0.0,0.0,0.0,0.0,0.0,0.0,0.0,0.0,0.0,0.0,0.0,none,869.7134515932171,9564.763294733517,747.8593954339402,747.8593954339402,0.0,9442.909238574239,0.2154110468670722,0.5181811771623273,0.1728613500867164,0.0702933619006643,0.0232530639832198,0.062950892592855,0.06282725266091582,0.08359007006577722,0.5527865448814016,4729.945412891647,7.275957614183426e-12,0.08263681088981276,0.09366510816735964,0.09351340544490643,0.06780340544490643,174.11049504658388,-7.56828004284676,0.0,0.0,0.0018772535552168627,0.0004984944486932236,-2.4330682247167973e-05,0.0006068108898128513,0.03263681088981275,0.0006311415720600226,500.0,4.486175296948902,0.0,False,0.0,0.0,0.0,0.0,0.0,0.08263681088981276,0.09366510816735964,0.09351340544490643,False,False,1,0.0,,,,320.4281059918952,583.742930430203,263.3148244383078,262.751149934629,0.02927307628852302,0.15668784534991487,41.16991154646944,0.0045867352504123556,-0.0008431812348767238,0.0,False,faster_fading
2029Q2,2029-06-30,2029,2,2029,36366.57943647658,25819.49624540114,0.03147955155283899,0.02047926592703672,0.022817355511909106,153.0819048571346,604.2048128210424,169.77573604015024,318.44578860382563,73.00800304510543,24.200191146605505,18.775093985355436,5.268186894431433,16.407562774178686,0.0,625.8805624896526,778.9624673467872,-2.42575,0.0,38951.86158737642,39728.3983047232,1.0924425370859772,0.016837646787708566,0.06884129023824317,0.08567893702595175,39145.63426772857,582.7640369946275,8381.663160096246,20162.47609416679,6726.050640849492,26888.52673501628,2970.6655667835644,904.7788058324821,0.21411488961378355,23.997504100763248,10786.309235097911,12661.653209103715,0.2755430953379667,0.32344994393262155,8851.289601361257,8851.289601361257,0,0.0,0.0,0.0,0.0,0.0,0.0,0.0,0.0,0.0,0.0,0.0,none,887.1034739656945,9738.393075326952,760.1291545726084,760.1291545726084,0.0,9611.418755933866,0.2154110468670722,0.5181811771623273,0.1728613500867164,0.0702933619006643,0.0232530639832198,0.0644494187430333,0.0642722105679785,0.0845248326933129,0.5749694303149425,5355.825975381299,0.0,0.0836579662299079,0.09452847467243093,0.09410898311495396,0.06833898311495396,174.71048037998779,-21.628575522853208,0.0,0.0,0.005314653482893259,0.00047926592703672125,6.119655237088462e-05,0.0016779662299079038,0.0336579662299079,0.0016167696775370166,500.0,4.790523450258877,0.0,False,0.0,0.0,0.0,0.0,0.0,0.0836579662299079,0.09452847467243093,0.09410898311495396,False,False,1,0.0,,,,326.59819844466887,609.4729997154739,282.874801270805,281.17283449267836,0.03092650877257431,0.15668784534991487,44.056365607585995,0.004845808023769909,-0.0023789507683155044,0.0,False,faster_fading
2029Q3,2029-09-30,2029,3,2029,36773.96718426455,25976.911519612273,0.02461097111471422,0.020453262053961422,0.022819254177487175,146.10947748347562,631.1029125843901,175.29822339944872,334.1892317601159,76.09941142702664,26.13932268091504,19.376723316883847,5.268186894431433,16.80397377083697,0.0,653.1750732496585,799.2845507331341,-2.42575,0.0,39728.3983047232,40525.25710545633,1.1020093889352505,0.015892707659346077,0.07104755056497139,0.08694025822431746,39942.49306846171,582.7640369946275,8549.695586985908,20566.685822653268,6860.891971379853,27427.57779403312,3042.302216808422,922.9174706342559,0.21405012382005478,23.77831090481667,11001.375518394181,12694.531736209337,0.27543036684109196,0.31782021503892666,8981.61277553682,8981.612775536818,0,0.0,0.0,0.0,0.0,0.0,0.0,0.0,0.0,0.0,0.0,0.0,none,904.7788058324821,9886.3915813693,780.0548269622972,780.0548269622972,0.0,9761.667602499116,0.2154110468670722,0.5181811771623273,0.1728613500867164,0.0702933619006643,0.0232530639832198,0.06597507919173179,0.06576404799807942,0.0855613126161808,0.5956547822306877,6009.0010486309575,-7.275957614183426e-12,0.08466391339839324,0.095352935048795,0.09467195669919667,0.06886195669919667,175.0169209004563,-28.907443416980705,0.0,0.0,0.007036584802417107,0.00045326205396142155,0.00016771211044680837,0.002723913398393335,0.03466391339839323,0.0025562012879465253,500.0,5.301340804543675,0.0,False,0.0,0.0,0.0,0.0,0.0,0.08466391339839324,0.095352935048795,0.09467195669919667,False,False,1,0.0,,,,331.8908722778337,636.3710994788215,304.4802272009878,302.165512226269,0.032867328206630325,0.15668784534991487,47.34566304978745,0.0051499108391053865,-0.00314433776177949,0.0,False,faster_fading
2029Q4,2029-12-31,2029,4,2030,37157.22445887048,26113.841632816522,0.02125219647083143,0.020653016451463797,0.022854275465877986,161.1243839101086,659.1744679881264,180.96267168979995,350.67953954557345,79.38353606824981,28.170049139350027,19.978671545153052,5.3789120614604125,17.23538527321852,0.0,681.7887653228053,842.9131492329138,-5.94,0.0,40525.25710545633,41362.230254689246,1.1131679197533526,0.017345147411476657,0.07339501539760923,0.09074016280908588,40779.46621769462,582.7640369946275,8726.27615687694,20991.458502146317,7002.592947974992,27994.05145012131,3117.1597253873,941.9788853090722,0.2139870127356037,23.523977608490657,10972.936956618225,12706.682376545243,0.2690799555354885,0.3115951128127245,9120.145902642274,9120.145902642274,0,0.0,0.0,0.0,0.0,0.0,0.0,0.0,0.0,0.0,0.0,0.0,none,922.9174706342559,10043.063373276531,819.7377639596953,819.7377639596953,0.0,9939.88366660197,0.2154110468670722,0.5181811771623273,0.1728613500867164,0.0702933619006643,0.0232530639832198,0.06736047522832375,0.06729519455470737,0.08644424194625176,0.6151483212305194,6690.789813953763,7.275957614183426e-12,0.08558920079353627,0.0961094005951522,0.09518960039676813,0.06933960039676813,193.72243176494285,-32.59804785483425,0.0,0.0,0.007859516052231227,0.0006530164514637962,0.0004698201083757243,0.0036792007935362676,0.035589200793536266,0.0032093806851605407,500.0,5.935565125688824,0.0,False,0.0,0.0,0.0,0.0,0.0,0.08558920079353627,0.0961094005951522,0.09518960039676813,False,False,1,0.0,,,,338.2719085737127,664.5533800495867,326.281471475874,323.60465318393767,0.034836256786847715,0.15668784534991487,50.70491585259766,0.005458418015987517,-0.0035092015972201795,0.0,False,faster_fading
2030Q1,2030-03-31,2030,1,2030,37533.4245038378,26242.005890808963,0.01977661927960561,0.02092690359057469,0.023108142983316222,159.09039004276298,687.0972031171875,186.71875054269708,367.0269995834717,82.75565090273058,30.009258577104053,20.586543511184047,5.3789120614604125,17.853965011602632,0.0,710.3300801902506,869.4204702330135,-5.94,0.0,41362.230254689246,42225.71072492226,1.1250162031073043,0.016954529691421676,0.07570106800328003,0.0926555976947017,41642.94668792764,582.7640369946275,8908.433447625228,21429.646240061615,7148.769087336677,28578.415327398292,3194.455620363227,961.6422925408922,0.21392418539410898,23.281372887248914,11027.945756733661,12776.269268562344,0.2648214555847145,0.3068051203078337,9317.537169583326,9317.537169583326,0,0.0,0.0,0.0,0.0,0.0,0.0,0.0,0.0,0.0,0.0,0.0,none,941.9788853090722,10259.516054892398,845.6265052214108,845.6265052214108,0.0,10163.163674804737,0.2154110468670722,0.5181811771623273,0.1728613500867164,0.0702933619006643,0.0232530639832198,0.06877330765687224,0.0686935956611982,0.08725081443370448,0.6344363392364458,7401.119894144013,0.0,0.08641828010053285,0.09679121007539972,0.09565414005026648,0.06977414005026648,193.84714961516923,-34.756759572406246,0.0,0.0,0.008299619258009724,0.0009269035905746896,0.0008450331856831791,0.004548280100532949,0.03641828010053285,0.0037032469148497726,500.0,6.640247516789444,0.0,False,0.0,0.0,0.0,0.0,0.0,0.08641828010053285,0.09679121007539972,0.09565414005026648,False,False,1,0.0,,,,344.0284847046092,692.4761151786479,348.4476304740387,345.50202212310813,0.03682072996966003,0.15668784534991487,54.135967410508435,0.005769360843157066,-0.003704086161266992,0.0,False,faster_fading
2030Q2,2030-06-30,2030,2,2030,37910.73002078102,26367.250814256484,0.019227861286265968,0.021185265687698313,0.023457854070112576,157.42377566974795,716.3571600623482,192.4628742334581,384.21359546612996,86.25123912935804,32.22305666596291,21.206394567439176,5.3789120614604125,18.57119246923525,0.0,740.3072645930438,897.7310402627918,-5.94,0.0,42225.71072492226,43117.50176518505,1.1373429565072977,0.016609944000915314,0.07811057863430637,0.0947205226352217,42534.73772819043,582.7640369946275,9096.534649183543,21882.132328712793,7299.715049148789,29181.84737786158,3274.4083716122564,981.9473295330532,0.21386130807513365,23.093602085979494,10974.594462521874,12744.059886120174,0.2580148614681201,0.29961533952691777,9554.637448984271,9554.637448984271,0,0.0,0.0,0.0,0.0,0.0,0.0,0.0,0.0,0.0,0.0,0.0,none,961.6422925408922,10516.279741525163,873.2198477935565,873.2198477935565,0.0,10427.857296777827,0.2154110468670722,0.5181811771623273,0.1728613500867164,0.0702933619006643,0.0232530639832198,0.07023339005865092,0.07012857824141755,0.08805661491470641,0.6543628501936258,8141.427158737057,0.0,0.08720907621026831,0.09742930715770123,0.09608953810513415,0.07017953810513416,193.971785262387,-36.54800959263904,0.0,0.0,0.008643442149261117,0.0011852656876983128,0.0012321008302487342,0.0053590762102683044,0.03720907621026831,0.004126975380019573,500.0,7.386053795824199,0.0,False,0.0,0.0,0.0,0.0,0.0,0.08720907621026831,0.09742930715770123,0.09608953810513415,False,False,1,0.0,,,,350.3293819395668,721.7360721238085,371.4066901842417,368.17995708471466,0.0388470448216528,0.15668784534991487,57.68932417662806,0.006086859751316345,-0.0038562179702268987,0.0,False,faster_fading
2030Q3,2030-09-30,2030,3,2030,38295.32226600835,26493.17305322736,0.01924010457425518,0.02154574912501713,0.023841653651414347,155.72562635626434,747.2236007679633,198.32509586749848,402.7413768268895,90.0256141975157,34.29487198014266,21.83664189591712,5.3789120614604125,19.344722734400975,0.0,771.9472355638246,927.672861920089,-5.94,0.0,43117.50176518505,44039.23462710515,1.149989920993437,0.016265759590642154,0.08063096899424915,0.09689672858489132,43456.47059011052,582.7640369946275,9290.91902292596,22349.732876933354,7455.703081190667,29805.43595812402,3357.184990389304,1002.9306186712367,0.21379828818956859,22.883624859276253,10986.890845790931,12753.051110738861,0.2528251994834399,0.2934672544171385,9743.646315038475,9743.646315038475,0,0.0,0.0,0.0,0.0,0.0,0.0,0.0,0.0,0.0,0.0,0.0,none,981.9473295330532,10725.593644571529,902.3881391856879,902.3881391856879,0.0,10646.034454224164,0.2154110468670722,0.5181811771623273,0.1728613500867164,0.0702933619006643,0.0232530639832198,0.07171727075744747,0.07161335457400071,0.08877626295820328,0.6737080403644242,8913.374394300881,1.4551915228366852e-11,0.0879523958736203,0.09803929690521523,0.09650619793681015,0.07056619793681015,194.1149704249676,-38.38934406870326,0.0,0.0,0.008990827365831277,0.001545749125017131,0.0016068679027044439,0.006132395873620304,0.03795239587362031,0.004525527970915863,500.0,8.163697282907801,0.0,False,0.0,0.0,0.0,0.0,0.0,0.0879523958736203,0.09803929690521523,0.09650619793681015,False,False,1,0.0,,,,356.860937306329,752.6025128294236,395.74157552309464,392.1888308808215,0.040964672202686826,0.15668784534991487,61.451222881018076,0.00641866622290455,-0.004009820708862749,0.0,False,faster_fading
2030Q4,2030-12-31,2030,4,2031,38686.94224241864,26620.160574723726,0.01931115768456504,0.021804775072166528,0.024212498687714655,145.91331221274342,779.5477094205582,204.28964698353343,422.13528740752537,93.78906717151743,36.847321245686885,22.486386612295075,5.499835599136797,20.139510242666717,0.0,805.1870552623617,951.1003674751051,-9.2495,0.0,44039.23462710515,44981.08549458026,1.1626942551500064,0.015086569654270115,0.0832515581321397,0.09833812778640982,44398.321457585625,582.7640369946275,9489.46583129667,22827.346353027944,7615.031350792126,30442.37770382007,3442.114690633863,1024.363231835023,0.21373478815774818,22.475815015501542,11226.084043010762,13706.4596222314,0.25284928966819625,0.3087157165462974,9655.060839203048,9655.060839203048,0,0.0,0.0,0.0,0.0,0.0,0.0,0.0,0.0,0.0,0.0,0.0,none,1002.9306186712367,10657.991457874285,921.7113572324384,921.7113572324384,0.0,10576.772196435486,0.2154110468670722,0.5181811771623273,0.1728613500867164,0.0702933619006643,0.0232530639832198,0.07274678979066748,0.07313361025278013,0.08939433410339569,0.6860580047817073,9718.561449563244,0.0,0.08868272059372102,0.09862204044529077,0.09690136029686051,0.07094136029686052,186.3229961010577,-40.40968388831428,0.0,0.0,0.009371727703474478,0.0018047750721665277,0.001964787641389666,0.006882720593721021,0.03868272059372102,0.0049179329523313525,500.0,8.970391934403366,0.0,False,0.0,0.0,0.0,0.0,0.0,0.08868272059372102,0.09862204044529077,0.09690136029686051,False,False,1,0.0,,,,364.1768105270961,785.047545019695,420.8707344925989,416.92922090216666,0.0431080045861077,0.15668784534991487,65.32774128657918,0.006754500355931465,-0.0041781212518788025,0.0,False,faster_fading
2031Q1,2031-03-31,2031,1,2031,39087.11454281198,26748.71637996239,0.01945744116621162,0.022133742420599133,0.024554719922111147,143.92288544888714,807.8753691271706,210.3879117251363,438.4587614465517,97.648848686049,38.22752752610945,23.152319743324263,5.499835599136797,20.938215390910877,0.0,834.3134201172182,978.2363055661053,-9.2495,0.0,44981.08549458026,45950.07230014635,1.175581079279142,0.014728422615207262,0.08537989359162317,0.10010831620683042,45367.308263151725,582.7640369946275,9693.68597058716,23318.607287492006,7778.912310037616,31097.519597529623,3529.694428673374,1046.4082663615682,0.21367117295915425,22.16766296340087,11445.087336452449,14681.869806916293,0.25227609427620346,0.3236222374436355,9954.003708166405,9954.003708166403,0,0.0,0.0,0.0,0.0,0.0,0.0,0.0,0.0,0.0,0.0,0.0,none,1024.363231835023,10978.366940001426,948.0485901751946,948.0485901751946,0.0,10902.052298341598,0.2154110468670722,0.5181811771623273,0.1728613500867164,0.0702933619006643,0.0232530639832198,0.07390032842348536,0.07419237761327428,0.09001768848713716,0.7001304811582184,10552.874869680461,-1.4551915228366852e-11,0.0894066800673807,0.09919251005053553,0.09728834003369036,0.07130834003369035,186.50335216837973,-42.580466719492584,0.0,0.0,0.00977800352447904,0.002133742420599133,0.002307758519200575,0.007616680067380702,0.0394066800673807,0.005308921548180124,500.0,9.796679477689118,0.0,False,0.0,0.0,0.0,0.0,0.0,0.0894066800673807,0.09919251005053553,0.09728834003369036,False,False,1,0.0,,,,370.54116330856755,813.3752047263074,442.83404141773985,438.4610892722316,0.04487014141624465,0.15668784534991487,68.70152334784264,0.007030605779057352,-0.004357493994380614,0.0,False,faster_fading
2031Q2,2031-06-30,2031,2,2031,39492.037985527524,26876.224196336487,0.019204276768581163,0.02245099282731725,0.024903690139911516,142.10278861242304,838.5920579209653,216.67007006148575,455.41032583027766,101.80894201175808,40.875431584417086,23.827288433026826,5.499835599136797,21.7733077349179,0.0,865.86520125502,1007.9679898674431,-9.2495,0.0,45950.07230014635,46948.790790013794,1.1888166117742243,0.014393057017163697,0.08770022975996629,0.10209328677712999,46366.02675301917,582.7640369946275,9904.130755002068,23824.841891992506,7947.788373181757,31772.630265174263,3620.1404976530457,1069.125235189794,0.21360749342959715,21.791737592608722,11676.988934499057,15699.852914556603,0.2518436396696143,0.33860682085583904,10097.397596253457,10097.397596253457,0,0.0,0.0,0.0,0.0,0.0,0.0,0.0,0.0,0.0,0.0,0.0,none,1046.4082663615682,11143.805862615025,976.9451821325251,976.9451821325251,0.0,11074.342778385982,0.2154110468670722,0.5181811771623273,0.1728613500867164,0.0702933619006643,0.0232530639832198,0.07491938084359101,0.07537443646218266,0.09078649335994331,0.712522375777963,11418.74007093548,0.0,0.0900821873220704,0.0997516404915528,0.09767109366103521,0.07166109366103521,186.69035007831914,-44.58756146589611,0.0,0.0,0.010137530165053255,0.0024509928273172485,0.002639286329488986,0.008322187322070403,0.0400821873220704,0.005682900992581421,500.0,10.655450923569433,0.0,False,0.0,0.0,0.0,0.0,0.0,0.0900821873220704,0.0997516404915528,0.09767109366103521,False,False,1,0.0,,,,377.29469512290785,844.0918935201021,466.7971983971942,461.9617846099617,0.04679037174827542,0.15668784534991487,72.38379666453636,0.007331482532358805,-0.004516106409320877,0.0,False,faster_fading
2031Q3,2031-09-30,2031,3,2031,39902.962640076454,27003.527625559647,0.019081665143030335,0.022759198018526626,0.02521839055126632,140.24134955387106,868.8534040016132,223.04644048359376,472.99925507405186,105.93251945687265,42.36870839671668,24.506480590378274,5.499835599136797,22.61081060826246,0.0,896.9640502090124,1037.2053997628834,-9.2495,0.0,46948.790790013794,47976.746689776686,1.2023354536986521,0.014058239316097293,0.08991453174037244,0.10397277105646972,47393.982652782055,582.7640369946275,10120.693193119536,24345.79279374501,8121.573682596076,32467.366476341085,3713.420394448309,1092.5025888731222,0.2135438430499878,21.473545350300594,11890.24260472401,16736.15720651028,0.25088084898528873,0.35312831439220393,10370.005725904148,10370.005725904148,0,0.0,0.0,0.0,0.0,0.0,0.0,0.0,0.0,0.0,0.0,0.0,none,1069.125235189794,11439.130961093942,1005.345089154621,1005.345089154621,0.0,11375.35081505877,0.2154110468670722,0.5181811771623273,0.1728613500867164,0.0702933619006643,0.0232530639832198,0.0760357041131143,0.07642063065869636,0.09126555834862614,0.7258475364621022,12315.704121144492,7.275957614183426e-12,0.09068796987951674,0.10027597740963756,0.09802398493975838,0.07200398493975838,186.89306128751224,-46.651711733641186,0.0,0.0,0.010501391149899677,0.0027591980185266256,0.0029620379080088285,0.009007969879516742,0.04068796987951674,0.006045931971507913,500.0,11.539435432115198,0.0,False,0.0,0.0,0.0,0.0,0.0,0.09068796987951674,0.10027597740963756,0.09802398493975838,False,False,1,0.0,,,,383.6252802100756,874.3532396007499,490.72795939067436,485.3895281421506,0.04865699146405241,0.15668784534991487,76.05463932000545,0.0076239591537115734,-0.004676516092746119,0.0,False,faster_fading
2031Q4,2031-12-31,2031,4,2032,40320.14489816066,27131.162169999006,0.01904081790349288,0.023001311007382723,0.025534837503279527,146.39823398225087,901.3562593413687,229.45627986436364,491.2445210441005,110.19130159506774,45.25866556816745,25.2054912696691,5.6120176762582625,23.481726929584305,0.0,930.4500039472113,1076.8482379294621,-11.316,0.0,47976.746689776686,49042.27892770614,1.2163219911926302,0.014523582130175265,0.09230621628938213,0.10682979841955739,48459.514890711514,582.7640369946275,10345.162384582387,24885.763754197535,8301.703940786067,33187.4676949836,3810.151355066378,1116.7334560791494,0.21348051890146547,21.10719944570306,12828.993033688406,17784.635823775367,0.26473630746451005,0.36699987327327205,10524.740067944495,10524.740067944495,0,0.0,0.0,0.0,0.0,0.0,0.0,0.0,0.0,0.0,0.0,0.0,none,1092.5025888731222,11617.242656817616,1042.0505109998778,1042.0505109998778,0.0,11566.790578944372,0.2154110468670722,0.5181811771623273,0.1728613500867164,0.0702933619006643,0.0232530639832198,0.0770092235509991,0.07757508110865549,0.09196325598225125,0.7374831252564931,13246.154125091703,-1.4551915228366852e-11,0.09128533287291399,0.1007964996546855,0.098377666436457,0.072337666436457,195.14405429014238,-48.7458203078915,0.0,0.0,0.010863133951289064,0.0030013110073827225,0.003274085927111141,0.009675332872913993,0.04128533287291399,0.006401246945802852,500.0,12.4519521571266,0.0,False,0.0,0.0,0.0,0.0,0.0,0.09128533287291399,0.1007964996546855,0.098377666436457,False,False,1,0.0,,,,390.70821291197274,906.968277017627,516.2600641056542,510.36354309606935,0.05063112192529361,0.15668784534991487,79.96776391287153,0.00793328140212309,-0.0048358774931004985,0.0,False,faster_fading
2032Q1,2032-03-31,2032,1,2032,40745.01907681653,27259.891572872035,0.01911432740655039,0.023262027370541425,0.02585086834619437,144.4229114815932,933.4219224182583,236.09039797523795,509.89764075617114,114.6215002088997,46.88151493584201,25.930868542107312,5.6120176762582625,24.388760876034425,0.0,963.422700970551,1107.8456124521442,-11.316,0.0,49042.27892770614,50138.80854015828,1.230550621307396,0.014178215129492307,0.09458066019350356,0.10875887532299587,49556.044503163655,582.7640369946275,10576.11336780935,25441.32696275106,8487.035655872634,33928.362618623694,3909.9045008307394,1141.6640158998725,0.21341722233569654,20.802832022222827,13816.273851090906,18915.432820715963,0.2788009815878036,0.3816977930816977,10825.43351701076,10825.43351701076,0,0.0,0.0,0.0,0.0,0.0,0.0,0.0,0.0,0.0,0.0,0.0,none,1116.7334560791494,11942.16697308991,1072.1408515761098,1072.1408515761098,0.0,11897.574368586871,0.2154110468670722,0.5181811771623273,0.1728613500867164,0.0702933619006643,0.0232530639832198,0.07805426386228972,0.07857895041058308,0.09243034650354821,0.7501654267291173,14209.576826062254,-7.275957614183426e-12,0.09188113793295163,0.10130835344971381,0.09872556896647587,0.07266556896647587,195.38846969517155,-50.96555821357835,0.0,0.0,0.011243603575796964,0.0032620273705414246,0.003576760803394006,0.01033113793295174,0.04188113793295164,0.006754377129557735,500.0,13.388628601282694,0.0,False,0.0,0.0,0.0,0.0,0.0,0.09188113793295163,0.10130835344971381,0.09872556896647587,False,False,1,0.0,,,,397.2004542136721,939.0339400945165,541.8334858808444,535.3339882834003,0.05255454535673535,0.15668784534991487,83.88032916670257,0.008234658475291236,-0.005003365748092356,0.0,False,faster_fading
2032Q2,2032-06-30,2032,2,2032,41177.259175743784,27389.282676033676,0.019121905631134695,0.02354161549009667,0.026145927585392057,142.40744411414022,967.5026890470717,242.93633278555617,528.8163094270716,119.19574496376326,49.87779294107431,26.676508929606513,5.6120176762582625,25.31019489656444,0.0,998.4249016198944,1140.8323457340346,-11.316,0.0,50138.80854015828,51268.32488589232,1.2450640453528015,0.013833601066680797,0.09698799012907929,0.11082159119576007,50685.560848897694,582.7640369946275,10813.97157071831,26013.505805821907,8677.910221880456,34691.41602770236,4012.83305830106,1167.340192175961,0.21335408723120583,20.455152284535703,14840.005697936993,20104.152461698748,0.2927856661619585,0.39664456947872506,11000.742579450483,11000.742579450482,0,0.0,0.0,0.0,0.0,0.0,0.0,0.0,0.0,0.0,0.0,0.0,none,1141.6640158998725,12142.406595350354,1104.2061508374702,1104.2061508374702,0.0,12104.948730287952,0.2154110468670722,0.5181811771623273,0.1728613500867164,0.0702933619006643,0.0232530639832198,0.07896167061844298,0.07965286217922103,0.09309703481441847,0.7612613650790704,15208.001727682147,0.0,0.09246535778682588,0.10181151834011931,0.09906767889341284,0.07298767889341296,195.64769865799968,-53.24025454385945,0.0,0.0,0.011626537001004208,0.0035416154900966695,0.0038708727601319513,0.010975357786825886,0.042465357786825884,0.007104485026693936,500.0,14.35413184890255,0.0,False,0.0,0.0,0.0,0.0,0.0,0.09246535778682588,0.10181151834011931,0.09906767889341284,False,False,1,0.0,,,,403.8991036884169,973.11470672333,569.2156030349131,562.0618575174818,0.05459924907761463,0.15668784534991487,88.06826140778507,0.008555038695694763,-0.005171811393918283,0.0,False,faster_fading
2032Q3,2032-09-30,2032,3,2032,41618.23492057017,27519.83429661032,0.019202840401047805,0.023868684971677292,0.026442612576422744,140.26844004208658,1001.0623904018225,249.979437595758,547.977582930787,123.92312001730886,51.73398562873275,27.448264229236166,5.6120176762582625,26.26838695532519,0.0,1032.9427950334061,1173.2112350754928,-11.316,0.0,51268.32488589232,52430.22012096782,1.2597896143609333,0.013481440556986015,0.09927790517832512,0.11275934573531114,51847.456083973186,582.7640369946275,11058.598138922229,26601.966262797956,8874.21621204123,35476.18247483919,4118.928474275409,1193.7469959363614,0.21329104596783882,20.144760148722266,15907.637579872926,21360.340250946418,0.30681616382698884,0.41198434531389116,11277.254073071432,11277.254073071434,0,0.0,0.0,0.0,0.0,0.0,0.0,0.0,0.0,0.0,0.0,0.0,none,1167.340192175961,12444.594265247395,1135.6268481201676,1135.6268481201676,0.0,12412.880921191601,0.2154110468670722,0.5181811771623273,0.1728613500867164,0.0702933619006643,0.0232530639832198,0.07990202858250835,0.08059110940975132,0.09357466993530611,0.7727366305470783,16240.944522715554,7.275957614183426e-12,0.0930540363921564,0.1023105272941173,0.0994070181960782,0.0733070181960782,195.9250106547006,-55.65657061261402,0.0,0.0,0.01203022489897407,0.0038686849716772914,0.004158401698666572,0.011614036392156388,0.043054036392156395,0.00745563469348982,500.0,15.34422465195895,0.0,False,0.0,0.0,0.0,0.0,0.0,0.0930540363921564,0.1023105272941173,0.0994070181960782,False,False,1,0.0,,,,410.01740025663065,1006.6744080780808,596.6570078214502,588.8034427808564,0.056590909624553556,0.15668784534991487,92.25834278394427,0.008867107695463058,-0.005349248541543052,0.0,False,faster_fading
2032Q4,2032-12-31,2032,4,2033,42068.31538392389,27651.54443905878,0.019281905584707104,0.024215963930383468,0.026731967035977713,196.1099870563915,1036.214444413162,257.26179841637554,567.3638058864725,128.80166830128667,54.54130476585883,28.245867043168506,5.6542680689403735,27.255048743614005,0.0,1069.1237612257164,1265.2337482821079,-14.7595,0.0,52430.22012096782,53680.69436924992,1.276036225347964,0.018646811527074703,0.10165596140170373,0.12030277292877842,53097.930332255295,582.7640369946275,11322.093067242718,27235.815427542373,9085.663534325447,36321.47896186782,4232.167712896023,1222.1905902487329,0.21323040269923493,20.18117177310623,16280.916662774109,21735.965635790937,0.3066205511382046,0.40935617452093104,12176.03794165483,12176.03794165483,0,0.0,0.0,0.0,0.0,0.0,0.0,0.0,0.0,0.0,0.0,0.0,none,1193.7469959363614,13369.78493759119,1223.219199538494,1223.219199538494,0.0,13399.257141193324,0.2154110468670722,0.5181811771623273,0.1728613500867164,0.0702933619006643,0.0232530639832198,0.08159433388044825,0.08156546043552879,0.09473032484857384,0.7964182565524864,17310.06828394127,-7.275957614183426e-12,0.09364607538890692,0.10280455654168019,0.09974303769445346,0.07362303769445347,254.2416515959166,-58.13166453952509,0.0,0.0,0.01243576752473439,0.004215963930383468,0.004440153748860167,0.012246075388906917,0.04364607538890691,0.007805921640046749,500.0,16.36261349018153,0.0,False,0.0,0.0,0.0,0.0,0.0,0.09364607538890692,0.10280455654168019,0.09974303769445346,False,False,1,0.0,,,,416.33677809969083,1041.8687124821024,625.5319343824116,616.9259950236936,0.05865944375414164,0.15668784534991487,96.66480490061485,0.009191221851260974,-0.005527358441525777,0.0,False,faster_fading
2033Q1,2033-03-31,2033,1,2033,42526.931983386006,27784.51075206824,0.01937374199266051,0.02447716651471523,0.027004162042568804,193.92349516862816,1083.6806847789987,265.067395233808,598.9381061133207,134.07426786053313,56.49902630238268,29.101889268954213,5.6542680689403735,28.286679020306885,0.0,1117.621631868246,1311.545127036874,-14.7595,0.0,53680.69436924992,54977.4799962868,1.2927685453012423,0.018240064460270797,0.10512130358285587,0.12336136804312667,54394.71595929217,582.7640369946275,11595.341753584747,27893.12770565477,9304.93797506317,37198.06568071794,4349.621447539871,1251.6870774496094,0.2131703704871343,20.28019425107606,16697.7293608617,22147.248631745362,0.30697337170319855,0.40715808955266697,12559.468176367083,12559.468176367085,0,0.0,0.0,0.0,0.0,0.0,0.0,0.0,0.0,0.0,0.0,0.0,none,1222.1905902487329,13781.658766615818,1268.4989480165675,1268.4989480165675,0.0,13827.967124383653,0.2154110468670722,0.5181811771623273,0.1728613500867164,0.0702933619006643,0.0232530639832198,0.083380463932802,0.08327922319190094,0.09522776725514842,0.8212267065886516,18427.689915809515,7.275957614183426e-12,0.09424501170650176,0.10329625877987632,0.10007750585325087,0.07393750585325089,254.6403647370034,-60.71686956837523,0.0,0.0,0.01285404044445541,0.00447716651471523,0.004717951867912594,0.012875011706501757,0.04424501170650176,0.008157059838589165,500.0,17.433007793068157,0.0,False,0.0,0.0,0.0,0.0,0.0,0.09424501170650176,0.10329625877987632,0.10007750585325087,False,False,1,0.0,,,,423.4026921243684,1089.3349528479391,665.9322607235707,656.502540209762,0.06174934420063387,0.15668784534991487,102.86596849221344,0.009675371694567583,-0.00571090993275466,0.0,False,faster_fading
2033Q2,2033-06-30,2033,2,2033,43000.55884796904,27922.862741196182,0.02006712349165296,0.024734689922996628,0.02728244571092666,190.95149268657178,1134.4594593071674,273.20077982687076,632.158992105267,139.56037764213258,59.539082946717656,30.0002267861795,5.6542680689403735,29.368298018707236,0.0,1169.482025394815,1360.4335180813869,-14.7595,0.0,54977.4799962868,56323.15401436818,1.3098237679538525,0.017762698699957998,0.10878761176379928,0.12655031046375728,55740.389977373554,582.7640369946275,11878.888546740565,28575.21255318236,9532.476358960073,38107.68891214243,4471.517299910856,1282.2952185797049,0.2131109694704775,20.338270391029436,17146.319583369776,22545.60693965157,0.3076103269160819,0.40447522790571444,12804.961049603895,12804.961049603895,0,0.0,0.0,0.0,0.0,0.0,0.0,0.0,0.0,0.0,0.0,0.0,none,1251.6870774496094,14056.648127053504,1316.3057200626797,1316.3057200626797,0.0,14121.266769666574,0.2154110468670722,0.5181811771623273,0.1728613500867164,0.0702933619006643,0.0232530639832198,0.08509122465968769,0.08508807791654345,0.09594477846079047,0.8445377560243744,19597.17194120433,-7.275957614183426e-12,0.09487133182618404,0.10380599886963804,0.10042066591309204,0.07427066591309203,255.0985432846243,-64.14705059805252,0.0,0.0,0.013438395693916496,0.004734689922996627,0.004992302732605397,0.01354133182618405,0.044871331826184045,0.008549029093578651,500.0,18.53809950737666,0.0,False,0.0,0.0,0.0,0.0,0.0,0.09487133182618404,0.10380599886963804,0.10042066591309204,False,False,1,0.0,,,,430.77618113124424,1140.1137273761078,709.3375462448636,698.9512435691972,0.0650178753295165,0.15668784534991487,109.51716435950105,0.010187510794611327,-0.005967089946421219,0.0,False,faster_fading
2033Q3,2033-09-30,2033,3,2033,43486.687339328695,28065.00469997076,0.020518098508080396,0.024963011881401136,0.027556569938128023,187.45831692022233,1186.3930693463235,281.7414942610203,666.7493093188651,145.2727666500615,61.674820511467615,30.954678604909052,5.6542680689403735,30.49161263224973,0.0,1222.5389500475137,1409.997266967736,-14.7595,0.0,56323.15401436818,57718.391781335915,1.3272657751775054,0.01724282334568059,0.11245178925752462,0.12969461260320522,57135.62774434129,582.7640369946275,12172.869944553784,29282.398321963676,9768.388221724159,39050.786543687835,4597.941507872353,1314.0297482273209,0.21305217821395836,20.434371508269003,17629.109788317102,22887.61005670408,0.3085484571413165,0.4005838556481226,13165.958715780576,13165.958715780576,0,0.0,0.0,0.0,0.0,0.0,0.0,0.0,0.0,0.0,0.0,0.0,none,1282.2952185797049,14448.25393436028,1364.7461543354864,1364.7461543354864,0.0,14530.704870116062,0.2154110468670722,0.5181811771623273,0.1728613500867164,0.0702933619006643,0.0232530639832198,0.08682596562044062,0.08682318818549409,0.09651447039741469,0.86818845242354,20819.710891251845,0.0,0.09556022468584123,0.10435766851438093,0.10079511234292061,0.07462511234292062,255.60027691608678,-68.14195999586447,0.0,0.0,0.014125290432960257,0.004963011881401136,0.005264314886012183,0.014250224685841226,0.04556022468584123,0.008985909799829047,500.0,19.684286778219295,0.0,False,0.0,0.0,0.0,0.0,0.0,0.09556022468584123,0.10435766851438093,0.10079511234292061,False,False,1,0.0,,,,438.0693959671897,1192.0473374152639,753.9779414480743,742.5334157227355,0.06829983713670457,0.15668784534991487,116.34596100990802,0.010701754318700336,-0.006267845555965161,0.0,False,faster_fading
2033Q4,2033-12-31,2033,4,2034,43982.87082914822,28208.986160202647,0.020679597955183926,0.025225865478456212,0.02782765510792849,162.74217116295478,1240.8919193328613,290.8105467432708,702.154009550395,151.21745732764495,64.75406030611124,31.955845405439337,5.687777001067564,31.65899836471117,0.0,1278.23869469864,1440.9808658615948,-17.2085,0.0,57718.391781335915,59142.164147197516,1.344663570891852,0.014800504659655158,0.11624877327030039,0.13104927792995555,58559.400110202885,582.7640369946275,12472.746542403933,30003.765265476624,10009.030817903435,40012.79608338006,4727.456834985276,1346.4006494336215,0.21299307231514467,20.469539379616908,17931.392025403584,23052.357210980503,0.30620860172164527,0.39365767353487724,13399.277751589225,13399.277751589225,0,0.0,0.0,0.0,0.0,0.0,0.0,0.0,0.0,0.0,0.0,0.0,none,1314.0297482273209,14713.307499816547,1392.1133674968837,1392.1133674968837,0.0,14791.391119086109,0.2154110468670722,0.5181811771623273,0.1728613500867164,0.0702933619006643,0.0232530639832198,0.08762563286700696,0.08858449830280803,0.09728119127281747,0.8732118186549075,22097.949585950486,7.275957614183426e-12,0.09627586593393052,0.10493689945044789,0.10118793296696527,0.07499793296696526,235.14803606639285,-72.40586490343806,0.0,0.0,0.014850452946901748,0.005225865478456212,0.005544187139045954,0.014995865933930515,0.046275865933930516,0.009451678794884559,500.0,20.8823618903063,0.0,False,0.0,0.0,0.0,0.0,0.0,0.09627586593393052,0.10493689945044789,0.10118793296696527,False,False,1,0.0,,,,445.19129640684406,1246.579696333929,801.388399927085,788.8110230741789,0.07173802057062816,0.15668784534991487,123.59709959375508,0.011240475872879595,-0.006584914857849928,0.0,False,faster_fading
2034Q1,2034-03-31,2034,1,2034,44486.58298519845,28352.98935736701,0.020576369548871654,0.025501724360401542,0.0281163240640118,158.7533682642787,1283.5456939951866,300.2061184860941,725.9831280366759,157.30498905044124,67.05201846352281,32.99943995845225,5.687777001067564,32.88495350816008,0.0,1322.1184245044144,1480.871792768693,-17.2085,0.0,59142.164147197516,60605.827439966204,1.362339459970008,0.01427426946386051,0.11887794798214184,0.13315221744600234,60023.06340297158,582.7640369946275,12780.952002298774,30745.167669573006,10256.35709330284,41001.524762875844,4860.916008094708,1379.670629702252,0.21293401698764386,20.57432345818013,18234.31221390381,23184.299888406604,0.30378843031528907,0.3862565249753449,13854.643600471944,13854.643600471944,0,0.0,0.0,0.0,0.0,0.0,0.0,0.0,0.0,0.0,0.0,0.0,none,1346.4006494336215,15201.044249905564,1430.778339260533,1430.778339260533,0.0,15285.421939732476,0.2154110468670722,0.5181811771623273,0.1728613500867164,0.0702933619006643,0.0232530639832198,0.0885156739111197,0.08941968516497473,0.09794528128107874,0.879319713538635,23420.0680104549,-7.275957614183426e-12,0.09703750457884533,0.10554312843413408,0.10159875228942272,0.07538875228942273,235.65926986595733,-76.90590160167864,0.0,0.0,0.01560642889416379,0.0055017243604015414,0.005837285851118975,0.015777504578845435,0.047037504578845334,0.00994021872772646,500.0,22.104384856628336,0.0,False,0.0,0.0,0.0,0.0,0.0,0.09703750457884533,0.10554312843413408,0.10159875228942272,False,False,1,0.0,,,,452.0258010771195,1289.2334709962543,837.2076699191348,823.4266967121239,0.07403820581015125,0.15668784534991487,129.02095491142052,0.011600886941966147,-0.006914974937703507,0.0,False,faster_fading
2034Q2,2034-06-30,2034,2,2034,44993.355625828786,28493.999296651873,0.020042383788991147,0.025791566172223005,0.028396659865271952,155.49969365642676,1328.9941192444403,310.05792211126743,750.9150087284252,163.5869992976837,70.36150755391805,34.07268155314553,5.687777001067564,34.14694362185887,0.0,1368.8288398673667,1524.3285335237933,-17.2085,0.0,60605.827439966204,62112.94747349,1.3804915550204835,0.013824236178300153,0.1216916427617219,0.13551587894002204,61530.183436495376,582.7640369946275,13098.246677601575,31508.43459922682,10510.977210264691,42019.41180949151,4998.603182194979,1413.921767207302,0.21287514429597193,20.64430652943707,18501.439799811953,23261.57586938154,0.30068884515689903,0.37805146304154214,14154.772815740924,14154.772815740924,0,0.0,0.0,0.0,0.0,0.0,0.0,0.0,0.0,0.0,0.0,0.0,none,1379.670629702252,15534.443445443176,1472.9730899019346,1472.9730899019346,0.0,15627.745905642858,0.2154110468670722,0.5181811771623273,0.1728613500867164,0.0702933619006643,0.0232530639832198,0.0893531993807018,0.09034305100269611,0.09877645684347862,0.884302075717981,24788.896850322264,0.0,0.09778497322364191,0.10613872991773143,0.10200248661182096,0.07577248661182096,236.14937903370034,-80.64968537727357,0.0,0.0,0.016191130408413235,0.005791566172223005,0.006144584442821181,0.01654497322364191,0.04778497322364191,0.010400388780820731,500.0,23.380932355814977,0.0,False,0.0,0.0,0.0,0.0,0.0,0.09778497322364191,0.10613872991773143,0.10200248661182096,False,False,1,0.0,,,,458.8695854613263,1334.681896245508,875.8123107841816,860.8392676593331,0.07653034593091444,0.15668784534991487,134.88305004213956,0.01199137500779861,-0.007169919580834821,0.0,False,faster_fading
2034Q3,2034-09-30,2034,3,2034,45508.23203025153,28634.689694069322,0.019896937291454808,0.026148064360762738,0.028711297250915594,152.4371889719606,1375.2577915780657,320.2029251614817,776.9553526917203,170.07997056555905,72.83650624462777,35.18303691467665,5.687777001067564,35.499139529952906,0.0,1416.4447081090862,1568.8818970810466,-17.2085,0.0,62112.94747349,63664.620870571045,1.3989693299500205,0.01339864742454756,0.12450008668036207,0.1378987341049096,63081.85683357642,582.7640369946275,13424.847361653563,32294.087560787862,10773.065139391698,43067.15270017956,5140.6793075154455,1449.1774642278488,0.21281629989223705,20.757754299883533,18686.864327981417,23251.419453913608,0.2962319954734593,0.3685912340097388,14575.203387483869,14575.203387483867,0,0.0,0.0,0.0,0.0,0.0,0.0,0.0,0.0,0.0,0.0,0.0,none,1413.921767207302,15989.12515469117,1516.174257551094,1516.174257551094,0.0,16091.377645034961,0.2154110468670722,0.5181811771623273,0.1728613500867164,0.0702933619006643,0.0232530639832198,0.09026476561748721,0.09121735584765989,0.09939562475481688,0.8901739103804399,26205.34155843135,0.0,0.09853319265794505,0.10672739449345879,0.10240159632897253,0.07615159632897253,236.64675113025174,-84.20956215829113,0.0,0.0,0.016723288987929727,0.006148064360762737,0.006466511732188887,0.017303192657945055,0.048533192657945055,0.010836680925756167,500.0,24.69597787631097,0.0,False,0.0,0.0,0.0,0.0,0.0,0.09853319265794505,0.10672739449345879,0.10240159632897253,False,False,1,0.0,,,,465.74147004655646,1380.9455685791334,915.2040985325768,898.9938823651225,0.07901813296262687,0.15668784534991487,140.86141441054588,0.012381180997487088,-0.007401699288367252,0.0,False,faster_fading
2034Q4,2034-12-31,2034,4,2035,46031.704564483895,28775.43515446478,0.01980626383580586,0.026480488797579083,0.029039737240561928,109.27227106272592,1424.3272520515065,330.698267872329,804.0894346601415,176.7895261458491,76.424694148683,36.32532922450412,5.709630652454863,36.9213223335915,0.0,1466.958205037553,1576.2304761002788,-17.416,0.0,63664.620870571045,65223.43534667132,1.416924182229718,0.00949539210825017,0.1274737243746907,0.13696911648294086,64640.6713096767,582.7640369946275,13752.679959126275,33082.70394672197,11036.141644639538,44118.84559136151,5284.5796160808995,1484.5661431080098,0.21275583437617396,20.72656155299645,18879.86699495165,23490.26326551814,0.2920741169983075,0.3633975760088007,14652.739188697373,14652.739188697375,0,0.0,0.0,0.0,0.0,0.0,0.0,0.0,0.0,0.0,0.0,0.0,none,1449.1774642278488,16101.916652925223,1521.8931537666874,1521.8931537666874,0.0,16174.632342464061,0.2154110468670722,0.5181811771623273,0.1728613500867164,0.0702933619006643,0.0232530639832198,0.09104969984862786,0.09216787502872913,0.10010558616315117,0.8948519479463342,27672.299763468905,-7.275957614183426e-12,0.0992646815070616,0.10731101113029609,0.1027973407535307,0.07652734075353079,197.02945666469697,-87.75718560197105,0.0,0.0,0.017238355561931887,0.006480488797579082,0.006791328383474793,0.018054681507061594,0.04926468150706159,0.011263353123586797,500.0,26.048709273547566,0.0,False,0.0,0.0,0.0,0.0,0.0,0.0992646815070616,0.10731101113029609,0.1027973407535307,False,False,1,0.0,,,,472.8423753984295,1430.0368827039615,957.1945073055319,939.6761735485185,0.08165469277655493,0.15668784534991487,147.23583495997002,0.01279429787386765,-0.007625803687459426,0.0,False,faster_fading
2035Q1,2035-03-31,2035,1,2035,46566.15448004277,28917.4352157303,0.01988565990600044,0.02683764963159073,0.02936007098555765,105.98408297025902,1472.2239889615657,341.2888490028046,830.8553773921476,183.55041743440165,79.04114483326792,37.48820029894337,5.709630652454863,38.36901104185101,0.0,1516.3026306558718,1622.286713626131,-17.416,0.0,65223.43534667132,66828.30606029746,1.435126151311004,0.009103958370939259,0.13024933216726975,0.139353290538209,66245.54202330283,582.7640369946275,14090.121730799006,33894.435642993885,11306.929243861396,45201.364886855285,5433.063298220514,1520.992107428025,0.21269539504775434,20.759620765823517,19048.699065213394,23689.494770484478,0.28754688215114516,0.35760134262546084,15130.466709530403,15130.466709530401,0,0.0,0.0,0.0,0.0,0.0,0.0,0.0,0.0,0.0,0.0,0.0,none,1484.5661431080098,16615.03285263841,1566.5017025842799,1566.5017025842799,0.0,16696.968412114682,0.2154110468670722,0.5181811771623273,0.1728613500867164,0.0702933619006643,0.0232530639832198,0.0919087582272033,0.09299127668430954,0.10073270861346667,0.9005084004572175,29188.602394124777,0.0,0.10000782770233477,0.10789587077675097,0.10319391385116729,0.07690391385116739,197.47643407394253,-91.4923511036835,0.0,0.0,0.017775169142006577,0.006837649631590729,0.007115592884403096,0.018807827702334766,0.050007827702334764,0.01169223481793167,500.0,27.429496828870505,0.0,False,0.0,0.0,0.0,0.0,0.0,0.10000782770233477,0.10789587077675097,0.10319391385116729,False,False,1,0.0,,,,479.3560389782324,1477.9336196140207,998.5775806357883,979.6901746563458,0.08415469867293589,0.15668784534991487,153.5055425773846,0.013186018411133666,-0.007859128770695042,0.0,False,faster_fading
2035Q2,2035-06-30,2035,2,2035,47109.90803339698,29059.720386842393,0.01982731423724582,0.02716659689464239,0.029689348373590704,102.67823033783831,1523.021446642569,352.2806165896675,858.7081990241162,190.53632548091787,82.80667030851284,38.68963523935463,5.709630652454863,39.884677555346975,0.0,1568.6157548503709,1671.2939851882093,-17.416,0.0,66828.30606029746,68482.18404548567,1.4536683874852299,0.008718185589753055,0.13318775776325895,0.141905943353012,67899.42000849104,582.7640369946275,14437.79371883265,34730.7765950752,11585.926306049738,46316.70290112494,5586.4009914545495,1558.5223970789007,0.2126350080313964,20.743842358102906,19209.64058284839,23968.722778552972,0.2829131762899619,0.35300335077318196,15412.774248742577,15412.774248742577,0,0.0,0.0,0.0,0.0,0.0,0.0,0.0,0.0,0.0,0.0,0.0,none,1520.992107428025,16933.766356170603,1613.9933076328623,1613.9933076328623,0.0,17026.76755637544,0.2154110468670722,0.5181811771623273,0.1728613500867164,0.0702933619006643,0.0232530639832198,0.09270429699004666,0.09388930214302002,0.10155258784593497,0.904883803266633,30757.21814897515,0.0,0.10074841815524796,0.10847881361643597,0.10358920907762398,0.07727920907762398,197.93817500738118,-95.25994466954286,0.0,0.0,0.018303012427286193,0.007166596894642389,0.0074383349296787,0.019558418155247954,0.05074841815524796,0.012120083225569258,500.0,28.84658500910515,0.0,False,0.0,0.0,0.0,0.0,0.0,0.10074841815524796,0.10847881361643597,0.10358920907762398,False,False,1,0.0,,,,485.86998212492387,1528.7310772950239,1042.8610951701,1022.5362014845159,0.08682132860540702,0.15668784534991487,160.21899420289523,0.013603846909598157,-0.008088315061197872,0.0,False,faster_fading
2035Q3,2035-09-30,2035,3,2035,47664.737907142175,29203.268643551914,0.01990595977559151,0.027494916805573463,0.030006245546569707,99.19864556015837,1574.562722212183,363.6462197060411,887.5913257621717,197.7615967326856,85.62913036535102,39.93444964593385,5.709630652454863,41.443268402284815,0.0,1621.7156212669227,1720.914266827081,-17.416,0.0,68482.18404548567,70185.68231231275,1.4724864835939022,0.008324698711522277,0.13609353098101662,0.1444182296925389,69602.91827531812,582.7640369946275,14795.818725993986,35592.02221066749,11873.231376995824,47465.25358766332,5744.675693359916,1597.1702683009023,0.21257468928915196,20.731416647520348,19373.751619243973,24266.55055978213,0.2783468294046242,0.3486427173038129,15774.14199185888,15774.14199185888,0,0.0,0.0,0.0,0.0,0.0,0.0,0.0,0.0,0.0,0.0,0.0,none,1558.5223970789007,17332.66438893778,1662.0549984247964,1662.0549984247964,0.0,17436.196990283675,0.2154110468670722,0.5181811771623273,0.1728613500867164,0.0702933619006643,0.0232530639832198,0.09350097401738529,0.09472335871705165,0.10216371599899536,0.9092644002528114,32378.93377024207,0.0,0.10149310429104387,0.1090548282182829,0.10397655214552193,0.07765655214552195,198.42074409589105,-99.22209853573268,0.0,0.0,0.018852546097985895,0.007494916805573463,0.007761011585231223,0.020313104291043868,0.05149310429104387,0.012552092705812645,500.0,30.293713003121358,0.0,False,0.0,0.0,0.0,0.0,0.0,0.10149310429104387,0.1090548282182829,0.10397655214552193,False,False,1,0.0,,,,492.5429195984832,1580.272352864638,1087.7294332661547,1065.8743560916746,0.08944762127240918,0.15668784534991487,167.0095562697324,0.014015355048849005,-0.00832666687302733,0.0,False,faster_fading
2035Q4,2035-12-31,2035,4,2036,48230.32601324418,29347.57847650814,0.01991325525865717,0.027847577866882058,0.030332483426227616,150.88254714920464,1627.9487504398799,375.4183932571719,916.6987253996592,205.22984440541023,89.37867104941371,41.223116328225736,5.7387688543045945,43.07564847615355,0.0,1676.763167770338,1827.6457149195426,-16.55475,0.0,70185.68231231275,71996.77327723229,1.4927697825940838,0.012513500083559202,0.13906297604622406,0.15157647612978326,71414.00924023766,582.7640369946275,15176.668756186074,36508.17446858315,12178.85289157022,48687.02736015337,5912.031082320741,1638.2820415774731,0.21251668849919295,20.62806285425423,19800.755167861924,24623.075552302293,0.27726709897006235,0.3447933509722153,15890.802083160068,15890.802083160066,0,0.0,0.0,0.0,0.0,0.0,0.0,0.0,0.0,0.0,0.0,0.0,none,1597.1702683009023,17487.97235146097,1768.015316443389,1768.015316443389,0.0,17658.817399603457,0.2154110468670722,0.5181811771623273,0.1728613500867164,0.0702933619006643,0.0232530639832198,0.09420134279799204,0.09556155116133602,0.10271163129674107,0.912834021995149,34055.69693801241,-1.4551915228366852e-11,0.10224037993038677,0.10964278494779008,0.10437518996519338,0.07803518996519339,254.17352468303764,-103.29097753383301,0.0,0.0,0.01940603762242354,0.007847577866882057,0.00808309117234527,0.02107037993038677,0.05224037993038677,0.0129872887580415,500.0,31.773956109535128,0.0,False,0.0,0.0,0.0,0.0,0.0,0.10224037993038677,0.10964278494779008,0.10437518996519338,False,False,1,0.0,,,,499.3269610941214,1633.6875192941845,1134.3605582000632,1110.890287550176,0.09213209856762092,0.15668784534991487,174.06300557638443,0.014435980012126499,-0.008566475582642258,0.0,False,faster_fading
2036Q1,2036-03-31,2036,1,2036,48806.41508343899,29492.727161889605,0.019930648193778433,0.028149347270566012,0.030657360349926478,147.33571647784848,1682.8386531437393,387.91709492752364,945.1315001641422,213.20467031569845,93.99331373168017,42.59207400469514,5.7387688543045945,44.80001310770539,0.0,1733.3774351057493,1880.713151583598,-16.55475,0.0,71996.77327723229,73860.93167881589,1.5133447427462954,0.012075110718618831,0.14206144271341245,0.15413655343203128,73278.16764182126,582.7640369946275,15568.578651274056,37450.93174000374,12493.349638893756,49944.281378897496,6084.719913056595,1680.5876985931106,0.2124586237932725,20.58941006372609,20223.08406128022,24979.07161240344,0.2759769343596212,0.3408801341007796,16388.915669373007,16388.915669373007,0,0.0,0.0,0.0,0.0,0.0,0.0,0.0,0.0,0.0,0.0,0.0,none,1638.2820415774731,18027.19771095048,1819.3583884758925,1819.3583884758925,0.0,18208.2740578489,0.2154110468670722,0.5181811771623273,0.1728613500867164,0.0702933619006643,0.0232530639832198,0.09497430346723088,0.09630306227370328,0.10335565229314546,0.9175064749355386,35789.07437311816,0.0,0.1029920426978104,0.1102240320233578,0.1047660213489052,0.07841602134890521,254.83651926072025,-107.50080278287177,0.0,0.0,0.019969606467498364,0.008149347270566012,0.008405934820989898,0.021832042697810403,0.0529920426978104,0.013426107876820505,500.0,33.28568799983784,0.0,False,0.0,0.0,0.0,0.0,0.0,0.1029920426978104,0.1102240320233578,0.1047660213489052,False,False,1,0.0,,,,506.5918385923686,1688.577421998044,1181.9855834056752,1156.790313667924,0.09480641523785643,0.15668784534991487,181.2549817702792,0.01485501292896906,-0.008810383028467829,0.0,False,faster_fading
2036Q2,2036-06-30,2036,2,2036,49393.291373928936,29638.394009148364,0.019903156998298366,0.028502364657484184,0.030982249858693973,143.70711207517053,1740.9648266677718,400.8599292990593,974.5736970970559,221.81766776700084,99.70012069527593,44.01341180938011,5.7387688543045945,46.59170069704581,0.0,1793.2952962191223,1937.0024082942928,-16.55475,0.0,73860.93167881589,75781.37933711018,1.534244372649958,0.011637783842930773,0.14522581883787322,0.156863602680804,75198.61530011555,582.7640369946275,15972.227924778179,38421.92862594413,12817.266909592054,51239.195535536186,6263.031248730739,1724.1605910704573,0.21240055898680407,20.48486797965801,20745.43140741832,25471.717436350664,0.2758751783476849,0.33872588391014596,16705.4397423728,16705.4397423728,0,0.0,0.0,0.0,0.0,0.0,0.0,0.0,0.0,0.0,0.0,0.0,none,1680.5876985931106,18386.02744096591,1873.855957597247,1873.855957597247,0.0,18579.295699970047,0.2154110468670722,0.5181811771623273,0.1728613500867164,0.0702933619006643,0.0232530639832198,0.09567255698386234,0.09711739375383258,0.10415888782159548,0.9209690157905401,37582.36966933728,-1.4551915228366852e-11,0.10375719141875323,0.11081789356406482,0.1051685957093765,0.07879859570937661,255.5218613518887,-111.81474927671817,0.0,0.0,0.020535569490683112,0.008502364657484184,0.008729703596236319,0.02259719141875322,0.05375719141875322,0.013867487822516903,500.0,34.833276105602074,0.0,False,0.0,0.0,0.0,0.0,0.0,0.10375719141875323,0.11081789356406482,0.1051685957093765,False,False,1,0.0,,,,513.9006291635852,1746.7035955220765,1232.8029663584912,1205.793405166324,0.09764835439193048,0.15668784534991487,188.9331705926482,0.015300310251636483,-0.009055055548352212,0.0,False,faster_fading
2036Q3,2036-09-30,2036,3,2036,49991.89596361376,29785.186190692817,0.01995875064950625,0.028830797091782476,0.03130732529782837,139.86772540541978,1799.7447176464239,414.30837754379127,1004.869127589654,230.3341488883393,104.74891992144444,45.484143703194455,5.7387688543045945,48.45447505943645,0.0,1853.937961560165,1993.8056869655848,-16.55475,0.0,75781.37933711018,77758.63027407577,1.555424709850409,0.011191231915446576,0.1483390798308222,0.15953031174626878,77175.86623708114,582.7640369946275,16387.71198983089,39421.39464708118,13150.681270039633,52572.07591712081,6447.067311519663,1769.0110186097686,0.21234244316077386,20.37550117103187,21295.232997614665,25924.614368343755,0.2759312468511409,0.33591607885170205,17114.867292956114,17114.867292956118,0,0.0,0.0,0.0,0.0,0.0,0.0,0.0,0.0,0.0,0.0,0.0,none,1724.1605910704573,18839.027884026575,1928.7964619061484,1928.7964619061484,0.0,19043.663754862268,0.2154110468670722,0.5181811771623273,0.1728613500867164,0.0702933619006643,0.0232530639832198,0.09636172611896578,0.09785717693593315,0.10489160269924779,0.9243453109850562,39436.30763089744,0.0,0.10452182653694757,0.11141886990271067,0.10557591326847379,0.0791859132684738,256.2359068837578,-116.36818147833806,0.0,0.0,0.02112819443629608,0.008830797091782475,0.009054909624662585,0.023371826536947568,0.054521826536947565,0.01431691691228498,500.0,36.41102995416992,0.0,False,0.0,0.0,0.0,0.0,0.0,0.10452182653694757,0.11141886990271067,0.10557591326847379,False,False,1,0.0,,,,521.3278055273912,1805.4834865007285,1284.1556809733374,1255.2223651671204,0.10043406764014111,0.15668784534991487,196.67808783306012,0.015736797658261317,-0.009310963646030611,0.0,False,faster_fading
2036Q4,2036-12-31,2036,4,2037,50601.279629233504,29932.21347322748,0.019891702521369625,0.029185143619604545,0.03163311094302433,138.33800625952384,1838.2856473085476,428.21839748464,1036.0617532965748,239.1342802886086,109.97105697179101,24.90015926693401,5.894658234200658,50.39131442004295,0.0,1894.5716199627914,2032.9096262223152,0.0,0.0,77758.63027407577,79791.53990029808,1.5768680255706558,0.010935534221518212,0.14976472008966782,0.160700254311186,79208.77586330345,582.7640369946275,16814.768334809356,40448.69831963675,13493.382061989412,53942.08038162616,6636.81650310592,1815.1106437620117,0.21228415856126684,20.257851032614415,21652.52848399756,26407.93110937749,0.27336022111192526,0.33339653114891765,17528.477211379613,17528.47721137961,0,0.0,0.0,0.0,0.0,0.0,0.0,0.0,0.0,0.0,0.0,0.0,none,1769.0110186097686,19297.48822998938,1982.5183118022721,1982.5183118022721,0.0,19510.995523181882,0.2154110468670722,0.5181811771623273,0.1728613500867164,0.0702933619006643,0.0232530639832198,0.08366871898243818,0.09745910457964584,0.05564876589742405,0.9262338720583317,41330.879250860235,0.0,0.05530300547591289,0.062014754106934564,0.05597650273795634,0.029576502737956444,259.37400370029906,-121.03599744077522,0.0,0.0,0.02172371033484447,0.009185143619604545,0.009381552831637316,0.024153005475912887,0.05530300547591289,0.014771452644275571,0.0,37.97739613372648,0.0,False,0.0,0.0,0.0,0.0,0.0,0.05530300547591289,0.062014754106934564,0.05597650273795634,False,False,1,0.0,,,,528.9568504093874,1844.1803055427483,1315.2234551333609,1284.260753826477,0.1015200218837573,0.15668784534991487,201.2280503845281,0.015906953488842135,-0.0095678210770662,0.0,False,faster_fading
2037Q1,2037-03-31,2037,1,2037,51197.42582394691,30071.733821064907,0.018775608880921668,0.02865079156634708,0.03195961873745677,135.79837657030384,1658.0195947103055,232.47680632404212,1044.848106393101,243.93007824332776,110.88887260531692,25.875731144517708,5.894658234200658,52.403597848773245,0.0,1716.3178507932794,1852.1162273635832,0.0,0.0,79791.53990029808,81643.65612766167,1.594682834414576,0.01060978159622908,0.13409407392435693,0.144703855520586,81060.89209066704,582.7640369946275,17202.446316393034,41381.275528552644,13804.48281689546,55185.75834544811,6815.7279521383725,1856.9594766875286,0.21221634591872005,20.152429853232405,21974.333884406697,26830.14061274996,0.27108428389646005,0.3309874826289884,18058.65442925149,18058.654429251485,0,0.0,0.0,0.0,0.0,0.0,0.0,0.0,0.0,0.0,0.0,0.0,none,1815.1106437620117,19873.765073013496,1799.71262951481,1799.71262951481,0.0,19858.367058766293,0.2154110468670722,0.5181811771623273,0.1728613500867164,0.0702933619006643,0.0232530639832198,0.08281046589849815,0.0860400916156209,0.05625778416271324,0.9280707360000259,43047.19710165352,0.0,0.056022928565693325,0.06255469642426989,0.05633646428284656,0.029936464282846666,260.0734516433001,-124.27507507299624,0.0,0.0,0.022052435666993504,0.008650791566347078,0.009711089214651348,0.024872928565693328,0.056022928565693325,0.015161839351041977,0.0,39.15764040237233,0.0,False,0.0,0.0,0.0,0.0,0.0,0.056022928565693325,0.06255469642426989,0.05633646428284656,False,False,1,0.0,,,,536.7144539006248,1663.9142529445062,1127.1997990438813,1094.2509367606986,0.08549265273793334,0.15668784534991487,171.4558215531598,0.013395659550755275,-0.009709478402319846,0.0,False,faster_fading
2037Q2,2037-06-30,2037,2,2037,51662.692552729415,30129.041737076048,0.007644646328722748,0.0289831052649735,0.0321102448860716,148.48183841576207,1679.043522991633,240.9328552846153,1052.0646543251657,248.34523281816706,111.2329303725175,26.46785019116725,5.894658234200658,54.06692178848384,0.0,1739.0051030143175,1887.4869414300795,0.0,0.0,81643.65612766167,83531.14306909175,1.6168561672203954,0.011496252407999402,0.1346430096526158,0.1461392620606152,82948.37903209712,582.7640369946275,17597.38524217108,42331.3192725635,14121.41027676672,56452.72954933022,6998.672130883447,1899.5921097123708,0.21214863325251626,20.039705907733715,22341.435703954576,27300.565845069075,0.26934143818903916,0.3291271772110826,18458.014359734454,18458.014359734458,0,0.0,0.0,0.0,0.0,0.0,0.0,0.0,0.0,0.0,0.0,0.0,none,1856.9594766875286,20314.973836421985,1833.4200196415957,1833.4200196415957,0.0,20291.434379376053,0.2154110468670722,0.5181811771623273,0.1728613500867164,0.0702933619006643,0.0232530639832198,0.08180798635871368,0.08519976617877727,0.05631330996454322,0.9299128545264895,44786.20220466783,0.0,0.05601330701816065,0.06254748026362039,0.056331653509080225,0.02993165350908033,260.08055482814046,-111.59871641237841,0.0,0.0,0.01957716220142531,0.0089831052649735,0.010043402913276881,0.02486330701816065,0.05601330701816065,0.01481990410488377,0.0,40.77763241668018,0.0,False,0.0,0.0,0.0,0.0,0.0,0.05601330701816065,0.06254748026362039,0.056331653509080225,False,False,1,0.0,,,,544.527414848838,1684.9381812258337,1140.4107663769955,1106.9664817125342,0.08570722329911173,0.15668784534991487,173.44819289411294,0.01342928014966184,-0.008640565243360121,0.0,False,faster_fading
2037Q3,2037-09-30,2037,3,2037,52201.847869812336,30224.4539872804,0.012727445368980517,0.029301911113664536,0.032442558584697134,154.39710544712045,1697.3204198716057,246.4219355716445,1059.0124419304475,252.84659594143818,111.99384488884151,27.04560153923397,5.894658234200658,56.085907305338054,0.0,1759.3009854111444,1913.698090858265,0.0,0.0,83531.14306909175,85444.84115995001,1.6368164087417616,0.011830777012505438,0.1348075638853793,0.14663834089788474,84862.07712295538,582.7640369946275,17997.535427303243,43293.89894054804,14442.519626753212,57736.418567301254,7185.335843678352,1942.7872846725356,0.21207983633522057,19.91198536078669,22645.18887894285,27720.86281844488,0.2668469786113363,0.3266578400889309,18874.519990909615,18874.51999090962,0,0.0,0.0,0.0,0.0,0.0,0.0,0.0,0.0,0.0,0.0,0.0,none,1899.5921097123708,20774.11210062199,1857.6121835529268,1857.6121835529268,0.0,20732.132174462546,0.2154110468670722,0.5181811771623273,0.1728613500867164,0.0702933619006643,0.0232530639832198,0.08080367335217786,0.08424647003601808,0.056247894402820374,0.9314413094163985,46545.503190078976,0.0,0.05595033455014531,0.06250025091260888,0.056300167275072546,0.029900167275072654,260.43519410098526,-106.0380886538648,0.0,0.0,0.018388097878353497,0.009301911113664536,0.010362208761968805,0.024800334550145305,0.05595033455014531,0.014438125788176503,0.0,42.17976498721727,0.0,False,0.0,0.0,0.0,0.0,0.0,0.05595033455014531,0.06250025091260888,0.056300167275072546,False,False,1,0.0,,,,552.407215575577,1703.2150781058065,1150.8078625302296,1116.0800968006429,0.08552035166142521,0.15668784534991487,174.87618560561714,0.013399999635395728,-0.008125236402996016,0.0,False,faster_fading
2037Q4,2037-12-31,2037,4,2038,52784.956173976825,30341.179448212883,0.015537536087269599,0.029440319969553173,0.03276136443338906,166.5042103605614,1715.173060992069,251.7420320589272,1065.7197952844176,257.36622347089553,112.70790972587945,27.63710045194857,5.91068424521801,58.140858332771835,0.0,1779.2246035700587,1945.7288139306202,0.0,0.0,85444.84115995001,87390.56997388063,1.6555961453457548,0.01261755033474091,0.13482815806123358,0.14744570839597448,86807.805936886,582.7640369946275,18404.14272487225,44272.01148937715,14768.81062916528,59040.82211854243,7376.161605293297,1986.6794881780074,0.21201022795407437,19.708243209368717,23178.256862202703,29129.383339162145,0.2670065970686387,0.3355617968312757,19068.518582621364,19068.51858262136,0,0.0,0.0,0.0,0.0,0.0,0.0,0.0,0.0,0.0,0.0,0.0,none,1942.7872846725356,21011.305867293897,1887.5879555978481,1887.5879555978481,0.0,20956.106538219206,0.2154110468670722,0.5181811771623273,0.1728613500867164,0.0702933619006643,0.0232530639832198,0.07991895783198916,0.08329231253362188,0.05613789330446492,0.9329262012307104,48324.727793649035,0.0,0.05590195868583093,0.062463969014373094,0.05627597934291536,0.029875979342915464,270.9611309967625,-104.45692063620113,0.0,0.0,0.01790531278946077,0.009440319969553173,0.010500617617857443,0.024751958685830928,0.05590195868583093,0.014251341067973485,0.0,43.44827258240742,0.0,False,0.0,0.0,0.0,0.0,0.0,0.05590195868583093,0.062463969014373094,0.05627597934291536,False,False,1,0.0,,,,560.4069799842699,1721.0837452372868,1160.676765253017,1124.2005004018158,0.08519097726984953,0.15668784534991487,176.14855414925663,0.013348390671666295,-0.007915658415395162,0.0,False,faster_fading
2038Q1,2038-03-31,2038,1,2038,53412.789611542205,30467.39316950775,0.0167433763166005,0.031167055709939242,0.0328997732892777,166.926434029664,1735.2980092142095,257.20690656348614,1074.4177082840401,261.9568098987757,113.46897902606433,28.247605441842946,5.91068424521801,59.93406616687766,0.0,1801.1427596263052,1968.0691936559692,0.0,0.0,87390.56997388063,89358.6391675366,1.672982066980952,0.012500858707712366,0.13488475496041782,0.1473856136681302,88775.87513054197,582.7640369946275,18815.17611024851,45260.77119592424,15098.653443450934,60359.42463937517,7570.224904532138,2031.0494763861402,0.21194019301506653,19.550275253820118,23689.765807943237,30555.73087078892,0.2668491386101035,0.34418957656973515,19583.433841402722,19583.433841402722,0,0.0,0.0,0.0,0.0,0.0,0.0,0.0,0.0,0.0,0.0,0.0,none,1986.6794881780074,21570.11332958073,1908.1351274890915,1908.1351274890915,0.0,21491.568968891814,0.2154110468670722,0.5181811771623273,0.1728613500867164,0.0702933619006643,0.0232530639832198,0.07903701447111536,0.08244105789284278,0.0560604713481473,0.9346151517895014,50125.87055327534,0.0,0.05587400632046381,0.06244300474034775,0.056262003160231805,0.029862003160231906,271.6122800085571,-104.68584597889308,0.0,0.0,0.017730582723874656,0.011167055709939241,0.010553841728772908,0.024724006320463808,0.05587400632046381,0.014170164591690904,0.0,44.630561437837656,0.0,False,0.0,0.0,0.0,0.0,0.0,0.05587400632046381,0.06244300474034775,0.056262003160231805,False,False,1,0.0,,,,568.5340126632934,1741.2086934594274,1172.674680796134,1134.2142598900266,0.08493952614262477,0.15668784534991487,177.71758854731664,0.013308991336330643,-0.007839758734958195,0.0,False,faster_fading
2038Q2,2038-06-30,2038,2,2038,54053.80607141901,30597.22671847897,0.017154840417510142,0.031185990304429596,0.03317853396687995,166.77296315876086,1755.0609899997953,262.8198172261662,1082.8974389079078,266.65892922387724,113.8153205305769,28.869484111266367,5.91068424521801,62.02576713304994,0.0,1822.997441378063,1989.770404536824,0.0,0.0,89358.6391675366,91348.40957207343,1.6899533300463365,0.012341255891465685,0.13490242955098583,0.1472436854424515,90765.6455350788,582.7640369946275,19230.433600684042,46259.69218140249,15431.885984094979,61691.57816549747,7767.758323114278,2075.875445782999,0.21186907763744078,19.400900668445846,24209.025021843278,32040.025815238867,0.26672013270138706,0.3529972780599698,20044.31044086463,20044.310440864632,0,0.0,0.0,0.0,0.0,0.0,0.0,0.0,0.0,0.0,0.0,0.0,none,2031.0494763861402,22075.35991725077,1927.744637403774,1927.744637403774,0.0,21972.055078268408,0.2154110468670722,0.5181811771623273,0.1728613500867164,0.0702933619006643,0.0232530639832198,0.07816902186004049,0.08160363489690858,0.0560443553988635,0.9362779742815767,51948.8679946534,0.0,0.055856289217796964,0.062429716913347616,0.05625314460889838,0.029853144608898482,272.2937852044278,-105.52082204566696,0.0,0.0,0.01765881526047044,0.011185990304429596,0.010572776323263262,0.02470628921779696,0.055856289217796964,0.014133512894533701,0.0,45.77480310099558,0.0,False,0.0,0.0,0.0,0.0,0.0,0.055856289217796964,0.062429716913347616,0.05625314460889838,False,False,1,0.0,,,,576.7362156963856,1760.9716742450132,1184.2354585486278,1143.6751831670072,0.0846323518204004,0.15668784534991487,179.20000023060757,0.013260860853634484,-0.007808576654620528,0.0,False,faster_fading
2038Q3,2038-09-30,2038,3,2038,54703.21838337549,30727.959523220426,0.017200652654861814,0.03119254763553575,0.0331974685613703,166.55031446586895,1774.6834931173225,268.5351652458622,1091.1151846688276,271.4187290054331,114.11763960160802,29.496774595591845,5.91068424521801,63.68011487493201,0.0,1844.2742922374725,2010.8246067033415,0.0,0.0,91348.40957207343,93359.23417877677,1.706649753666943,0.012178465500778229,0.13485673031610546,0.14703519581688368,92776.47014178213,582.7640369946275,19649.870034070253,47268.66580628328,15768.47200976635,63037.13781604963,7968.309770426188,2121.1525212360593,0.2117979914954846,19.20888856981207,24745.471043307058,33642.2060222803,0.2667214112100916,0.3626157146404457,20410.884056358842,20410.88405635884,0,0.0,0.0,0.0,0.0,0.0,0.0,0.0,0.0,0.0,0.0,0.0,none,2075.875445782999,22486.75950214184,1947.1444918284094,1947.1444918284094,0.0,22358.02854818725,0.2154110468670722,0.5181811771623273,0.1728613500867164,0.0702933619006643,0.0232530639832198,0.07733535902951134,0.08075780633191428,0.056071922799698665,0.9376087660216238,53793.14228689088,-1.4551915228366852e-11,0.055837272497273466,0.062415454372954995,0.05624363624863663,0.029843636248636736,272.9805079835491,-106.43019351768014,0.0,0.0,0.017598510590391688,0.01119254763553575,0.010579333654369416,0.024687272497273465,0.055837272497273466,0.014107938842904049,0.0,46.89551140020487,0.0,False,0.0,0.0,0.0,0.0,0.0,0.055837272497273466,0.062415454372954995,0.05624363624863663,False,False,1,0.0,,,,585.0201772386581,1780.5941773625404,1195.5740001238823,1152.8519582081124,0.08429865680871663,0.15668784534991487,180.63788933905923,0.01320857490124974,-0.00778237161636725,0.0,False,faster_fading
2038Q4,2038-12-31,2038,4,2039,55359.90467586757,30858.944554146976,0.017160260112678127,0.031194143185727923,0.03320402589247645,172.89620195827186,1794.6452699634458,274.2987869070973,1099.2754050626106,276.1514345039918,114.79325355337966,30.12638993636695,5.922339525957902,65.33698308276814,0.0,1865.9045925721716,2038.8007945304435,0.0,0.0,93359.23417877677,95398.0349733072,1.7232333677570983,0.012492521652309897,0.13481992814092073,0.1473124497932306,94815.27093631258,582.7640369946275,20074.975939648477,48291.2776071865,16109.607628560472,64400.88523574697,8172.368159404913,2167.041601512221,0.21172724331645731,19.015527385461162,26046.6387595817,35181.919727753346,0.274709321635301,0.37105752459838504,20846.742412811713,20846.742412811713,0,0.0,0.0,0.0,0.0,0.0,0.0,0.0,0.0,0.0,0.0,0.0,none,2121.1525212360593,22967.89493404777,1973.4638114476754,1973.4638114476754,0.0,22820.20622425939,0.2154110468670722,0.5181811771623273,0.1728613500867164,0.0702933619006643,0.0232530639832198,0.07651803836409078,0.07994515417721133,0.05605543965752995,0.9389007146212229,55659.04687946305,0.0,0.05581136011626622,0.062396020087199563,0.05623068005813301,0.029830680058133115,280.18057761202,-107.28437565374813,0.0,0.0,0.017528107856835867,0.011194143185727923,0.010580929204560701,0.024661360116266226,0.05581136011626622,0.014080430911705522,0.0,47.997055525715936,0.0,False,0.0,0.0,0.0,0.0,0.0,0.05581136011626622,0.062396020087199563,0.05623068005813301,False,False,1,0.0,,,,593.4024500340859,1800.5676094894036,1207.1651594553177,1162.2312340527378,0.08397638983358846,0.15668784534991487,182.1075078620961,0.013158079583289472,-0.00775177459440355,0.0,False,faster_fading
2039Q1,2039-03-31,2039,1,2039,56012.009740582755,30988.684364699126,0.016923495332971772,0.030516634644327897,0.03320562144266774,172.7974426650195,1814.6910915995775,280.1029278732753,1107.350129810981,280.9470064632032,115.5310742917127,30.759953160405313,5.922339525957902,67.01336198745487,0.0,1887.62679311299,2060.4242357780095,0.0,0.0,95398.0349733072,97458.45920908522,1.7399564782706411,0.012340028037938544,0.13480157572316748,0.14714160376110602,96875.69517209059,582.7640369946275,20504.378662807907,49324.22560033547,16454.191323481446,65778.41692381691,8379.50507336045,2213.3945121053193,0.21165658348447255,18.857667267090292,27391.62609448207,36881.346904398146,0.2827502403551625,0.38070794577403433,21355.256625133632,21355.25662513363,0,0.0,0.0,0.0,0.0,0.0,0.0,0.0,0.0,0.0,0.0,0.0,none,2167.041601512221,23522.29822664585,1993.410873790555,1993.410873790555,0.0,23348.667498924184,0.2154110468670722,0.5181811771623273,0.1728613500867164,0.0702933619006643,0.0232530639832198,0.07570799104626723,0.07914740774864625,0.05598355186743162,0.9404181842291686,57546.67367257604,1.4551915228366852e-11,0.05577778061840655,0.06237083546380481,0.056213890309203166,0.029813890309203273,280.8833075787289,-108.08586491370936,0.0,0.0,0.01745216148250931,0.010516634644327897,0.010578746919528134,0.024627780618406543,0.05577778061840655,0.014049033698878412,0.0,49.089271761201545,0.0,False,0.0,0.0,0.0,0.0,0.0,0.05577778061840655,0.06237083546380481,0.056213890309203166,False,False,1,0.0,,,,601.9138894719133,1820.6134311255353,1218.699541653622,1171.4971122265356,0.08366042337364966,0.15668784534991487,183.55935834842327,0.013108571479478822,-0.007718763559051316,0.0,False,faster_fading
2039Q2,2039-06-30,2039,2,2039,56671.65325819397,31118.937867651774,0.016919342442733187,0.030510446423785236,0.03337544039617117,172.70244720422312,1834.4912220693886,285.92218369270887,1115.3165810429161,285.9213778858696,115.93568031762798,31.395399130265826,5.922339525957902,69.0590016914417,0.0,1909.472563286788,2082.175010491011,0.0,0.0,97458.45920908522,99540.63421957623,1.756444862585405,0.012189688302714384,0.13477443861306118,0.14696412691577557,98957.8701825816,582.7640369946275,20938.026089728286,50367.384423539566,16802.181274643724,67169.56569818329,8590.072767206459,2260.2056274635797,0.21158525391761882,18.71727792694894,28789.365169079527,38473.42221911401,0.29092547278919695,0.38878587572801293,21838.817799042037,21838.817799042037,0,0.0,0.0,0.0,0.0,0.0,0.0,0.0,0.0,0.0,0.0,0.0,none,2213.3945121053193,24052.212311147356,2013.1160087995695,2013.1160087995695,0.0,23851.933807841608,0.2154110468670722,0.5181811771623273,0.1728613500867164,0.0702933619006643,0.0232530639832198,0.0749031302666236,0.07837072651396008,0.05591828747251444,0.9420144069234835,59456.14623586283,-1.4551915228366852e-11,0.05573710485602208,0.06234032864201646,0.05619355242801094,0.029793552428011044,281.58708986717477,-108.88464266295163,0.0,0.0,0.01737518209031884,0.010510446423785236,0.010572558698985473,0.024587104856022085,0.05573710485602208,0.014014546157036609,0.0,50.16116515873685,0.0,False,0.0,0.0,0.0,0.0,0.0,0.05573710485602208,0.06234032864201646,0.05619355242801094,False,False,1,0.0,,,,610.561142459098,1840.4135615953464,1229.8524191362485,1180.3220731888648,0.08330952109770723,0.15668784534991487,184.94212246690773,0.01305358935793302,-0.007685298480132719,0.0,False,faster_fading
2039Q3,2039-09-30,2039,3,2039,57338.64425314303,31249.586168154623,0.01689946718944224,0.030500320242837248,0.033369252175627626,172.63514370024507,1853.9849238115673,291.75623891032785,1123.1839251756046,290.9265079738373,116.08622982049259,32.03202193130499,5.922339525957902,70.78141189800024,0.0,1930.6886752355254,2103.3238189357703,0.0,0.0,99540.63421957623,101643.958038512,1.7726955243267786,0.012043196761896373,0.1346867335552458,0.14672993031714218,101061.19400151737,582.7640369946275,21375.85817743001,51420.609640650735,17153.529299232778,68574.13893988352,8803.72841810081,2307.4684661030356,0.21151400781104035,18.553786255383592,30293.597499072916,40250.46110338155,0.2997549929859138,0.398278107646118,22235.19038628066,22235.190386280665,0,0.0,0.0,0.0,0.0,0.0,0.0,0.0,0.0,0.0,0.0,0.0,none,2260.2056274635797,24495.396013744245,2032.5424070377703,2032.5424070377703,0.0,24267.732793318435,0.2154110468670722,0.5181811771623273,0.1728613500867164,0.0702933619006643,0.0232530639832198,0.07413673828075937,0.07758394108587366,0.055918982811312024,0.9435824635678965,61386.834911098354,1.4551915228366852e-11,0.055688686271879735,0.0623040147039097,0.05616934313593976,0.029769343135939867,282.29056274550453,-109.65541904525948,0.0,0.0,0.017293237821362314,0.010500320242837247,0.010562432518037485,0.024538686271879735,0.055688686271879735,0.01397625375384225,0.0,51.21295828125929,0.0,False,0.0,0.0,0.0,0.0,0.0,0.055688686271879735,0.0623040147039097,0.05616934313593976,False,False,1,0.0,,,,619.2375005699652,1859.9072633375251,1240.6697627675599,1188.763064797848,0.0829292760777256,0.15668784534991487,186.26472325473605,0.012994009585047064,-0.00764966946627788,0.0,False,faster_fading
2039Q4,2039-12-31,2039,4,2040,58012.94573586384,31380.595643268905,0.016875185162109174,0.030486587916452628,0.03335912599468052,176.8156309070407,1874.0074281618986,297.5983649587737,1131.073790010642,295.99663251402603,116.66940106124716,32.66923961721072,5.935451716790281,72.52016972600828,0.0,1952.4630496046973,2129.278680511738,0.0,0.0,101643.958038512,103773.23671902374,1.78879447341821,0.01219146027937227,0.13462257603634678,0.14681403631571904,103190.47268202911,582.7640369946275,21818.906681391127,52486.38318690833,17509.063352209545,69995.44653911787,9020.82505816775,2355.2944033523686,0.2114430345582761,18.594585077834715,30973.35444159923,41003.760155154545,0.30015711370021975,0.39735994117890555,23448.432187602662,23448.43218760266,0,0.0,0.0,0.0,0.0,0.0,0.0,0.0,0.0,0.0,0.0,0.0,none,2307.4684661030356,25755.900653705696,2056.7585107857294,2056.7585107857294,0.0,25505.19069838839,0.2154110468670722,0.5181811771623273,0.1728613500867164,0.0702933619006643,0.0232530639832198,0.07308753469917355,0.0768353805689041,0.05605301859635088,0.945130332735135,63339.29796070305,0.0,0.05563217521214338,0.06226163140910743,0.05614108760607159,0.029741087606071692,287.2055163389564,-110.38988543191566,0.0,0.0,0.017205227729855457,0.010486587916452628,0.010548700191652865,0.02448217521214338,0.05563217521214338,0.013933475020490513,0.0,52.24591671781942,0.0,False,0.0,0.0,0.0,0.0,0.0,0.05563217521214338,0.06226163140910743,0.05614108760607159,False,False,1,0.0,,,,628.0221623600976,1879.942879878689,1251.9207175185913,1197.5835377283365,0.08257353751219604,0.15668784534991487,187.64678415318153,0.012938269675706366,-0.007611396665463391,0.0,False,faster_fading
2040Q1,2040-03-31,2040,1,2040,58697.20646464484,31515.175282424698,0.017265173828391545,0.030234005668508385,0.033345393668296794,176.77657573190666,1886.40489755442,303.4583098591392,1131.2876516324661,301.10656714112747,117.24292771449196,33.30944120719571,5.935451716790281,74.27827341014495,0.0,1966.6186226813552,2143.395198413262,0.0,0.0,103773.23671902374,105916.631917437,1.804457797855063,0.012046677269957283,0.13401786838805768,0.14606454565801497,105333.86788044237,582.7640369946275,22264.617324296425,53558.560630792934,17866.733697352858,71425.2943281458,9240.548516401928,2403.407711598229,0.2113718766082676,18.655289641027736,31774.63778861993,41865.03936911027,0.3016564228390935,0.3974508884134831,24015.647270356283,24015.647270356283,0,0.0,0.0,0.0,0.0,0.0,0.0,0.0,0.0,0.0,0.0,0.0,none,2355.2944033523686,26370.94167370865,2069.116925003117,2069.116925003117,0.0,26084.7641953594,0.2154110468670722,0.5181811771623273,0.1728613500867164,0.0702933619006643,0.0232530639832198,0.07203767200759661,0.07580446307196406,0.05596064227621097,0.9469436774279248,65305.9165833844,0.0,0.05556947370958855,0.062214605282191304,0.05610973685479417,0.029709736854794274,287.91988954540835,-111.14331381350169,0.0,0.0,0.017119271088759457,0.010234005668508385,0.010531424441769317,0.024419473709588545,0.05556947370958855,0.013888049267819232,0.0,53.24351749003653,0.0,False,0.0,0.0,0.0,0.0,0.0,0.05556947370958855,0.062214605282191304,0.05610973685479417,False,False,1,0.0,,,,636.943463524977,1892.3403492712102,1255.3968857462332,1198.5664660709663,0.08167792222227135,0.15668784534991487,187.80079707732156,0.012797937645665631,-0.007574010451788487,0.0,False,faster_fading
2040Q2,2040-06-30,2040,2,2040,59384.4177051893,31647.76328365613,0.016934961517419245,0.03021317688812278,0.03277776199593237,177.25487500678753,1897.8939967502818,309.308266764135,1130.64232152287,306.2232036733968,117.78386080960871,33.936343980271076,5.935451716790281,74.80779125022181,0.0,1978.6372397172938,2155.8921147240812,0.0,0.0,105916.631917437,108072.52403216109,1.8198801673644631,0.011939487283466157,0.13327652715499413,0.14521601443846027,107489.75999516646,582.7640369946275,22712.90587703458,54636.9393553047,18226.47274315285,72863.41209845754,9461.642721147899,2451.7992985264423,0.21130297321396868,18.749309729665427,32415.025469483942,42546.98862186159,0.3015638463695664,0.39582364518978197,24562.885532829576,24562.885532829576,0,0.0,0.0,0.0,0.0,0.0,0.0,0.0,0.0,0.0,0.0,0.0,none,2403.407711598229,26966.293244427805,2081.0843234738595,2081.0843234738595,0.0,26643.969856303436,0.2154110468670722,0.5181811771623273,0.1728613500867164,0.0702933619006643,0.0232530639832198,0.0710069842400059,0.07472432625159985,0.05591223955630718,0.9489261346882549,67284.5538231017,1.4551915228366852e-11,0.055480377950862,0.062147783463146394,0.0560651889754309,0.029665188975431002,288.6111546239853,-111.35627961719781,0.0,0.0,0.016950777400119778,0.010213176888122781,0.010510595661383713,0.024330377950862,0.055480377950862,0.013819782289478284,0.0,54.22219928229004,0.0,False,0.0,0.0,0.0,0.0,0.0,0.055480377950862,0.062147783463146394,0.0560651889754309,False,False,1,0.0,,,,645.9057451507801,1903.829448467072,1257.923703316292,1198.604521403954,0.08073528832794898,0.15668784534991487,187.80675988545147,0.012650238371810455,-0.00750070701509746,0.0,False,faster_fading
2040Q3,2040-09-30,2040,3,2040,60076.72454452914,31779.532903783984,0.016758829474198045,0.03018927358730998,0.03275693321554676,178.02438424047256,1909.008530005094,315.0301506050583,1129.179584538056,312.07012178856326,118.17989177013672,34.54878130327973,5.935451716790281,76.54959013218094,0.0,1991.4935718540653,2169.517956094538,0.0,0.0,108072.52403216109,110242.04198825562,1.8350208474921716,0.011853135176071065,0.13259668112418221,0.14444981630025328,109659.27795126098,582.7640369946275,23163.754383806197,55721.476166942586,18588.26608058189,74309.74224752447,9685.31409407531,2500.46722585502,0.21123387657268297,18.84939051633883,33139.08481451905,43212.47245776848,0.3022004652378616,0.39406125286521254,25076.59583386445,25076.59583386445,0,0.0,0.0,0.0,0.0,0.0,0.0,0.0,0.0,0.0,0.0,0.0,none,2451.7992985264423,27528.39513239089,2092.968365962357,2092.968365962357,0.0,27169.564199826804,0.2154110468670722,0.5181811771623273,0.1728613500867164,0.0702933619006643,0.0232530639832198,0.06998575229263865,0.07370952384757556,0.05579933581084781,0.9509810425105311,69276.04739495576,-1.4551915228366852e-11,0.05536477883657756,0.06206108412743307,0.05600738941828868,0.029607389418288783,289.2898736830163,-111.26548944254375,0.0,0.0,0.016738282362873502,0.01018927358730998,0.010486692360570912,0.02421477883657756,0.05536477883657756,0.013728086476006648,0.0,55.1753860755861,0.0,False,0.0,0.0,0.0,0.0,0.0,0.05536477883657756,0.06206108412743307,0.05600738941828868,False,False,1,0.0,,,,655.5052821377033,1914.9439817218843,1259.438699584181,1197.5548014629958,0.07973502620472345,0.15668784534991487,187.6422815296819,0.012493509454937117,-0.007408226083302745,0.0,False,faster_fading
2040Q4,2040-12-31,2040,4,2041,60775.24746855529,31911.12212874657,0.016665920082855834,0.030157650995260077,0.03273302991473308,188.69642148705066,1919.5094308198795,320.6140346210585,1127.0882174271376,318.1477601761272,118.5126362467393,35.14678234881846,5.957305368177581,78.3027115067945,0.0,2003.7694476948518,2192.4658691819022,0.0,0.0,110242.04198825562,112434.50785743752,1.8500049368883342,0.012419294324366573,0.13188062779878199,0.14429992212314854,111851.74382044289,582.7640369946275,23619.16848284879,56816.99572069989,18953.723178321197,75770.71889902109,9912.228441541618,2549.6279970314054,0.21116495528907406,18.913469308850594,33668.39047597435,43636.861673832915,0.30100907975134183,0.390131259320228,25470.439745409993,25470.43974540999,0,0.0,0.0,0.0,0.0,0.0,0.0,0.0,0.0,0.0,0.0,0.0,none,2500.46722585502,27970.90697126501,2114.1631576751074,2114.1631576751074,0.0,27584.602903085095,0.2154110468670722,0.5181811771623273,0.1728613500867164,0.0702933619006643,0.0232530639832198,0.06900580163346431,0.07270436619482498,0.05573657558386075,0.9530451051437837,71279.81684265062,0.0,0.05522434397123557,0.061955757978426576,0.055937171985617685,0.02953717198561779,299.6965210230193,-111.0000995359686,0.0,0.0,0.016502608906224153,0.010157650995260076,0.010455069768521008,0.024074343971235576,0.05522434397123557,0.013619274202714565,0.0,56.09923383725979,0.0,False,0.0,0.0,0.0,0.0,0.0,0.05522434397123557,0.061955757978426576,0.055937171985617685,False,False,1,0.0,,,,665.3773165399596,1925.4667361880572,1260.0894196480976,1195.5833420711774,0.07868883414681375,0.15668784534991487,187.333377805383,0.012329583875561054,-0.007305612344459763,0.0,False,faster_fading
2041Q1,2041-03-31,2041,1,2041,61494.34254455799,32039.5773452046,0.01619910776787936,0.0314659546107081,0.03270140732268495,189.72833355091348,1930.4597293373608,326.0882711528519,1124.7147441102315,324.2552265346677,119.66758641523855,35.733901124371634,5.957305368177581,80.06074930007385,0.0,2016.4777840056124,2206.206117556526,0.0,0.0,112434.50785743752,114640.71397499405,1.8642481443220065,0.01234118949485077,0.1311650926290983,0.14350628212394909,114057.94993799942,582.7640369946275,24077.16368241649,57918.72423044125,19321.251537158627,77239.97576759988,10141.74309666596,2599.067391317099,0.21109588323746442,19.03600128184871,34186.85853142546,44008.71330778405,0.29973236017313165,0.3858452070347282,26173.77237028648,26173.77237028648,0,0.0,0.0,0.0,0.0,0.0,0.0,0.0,0.0,0.0,0.0,0.0,none,2549.6279970314054,28723.400367317885,2126.145368256452,2126.145368256452,0.0,28299.917738542932,0.2154110468670722,0.5181811771623273,0.1728613500867164,0.0702933619006643,0.0232530639832198,0.06797268256615376,0.07173875076012877,0.05546594860538215,0.9555239972919919,73296.29462665624,0.0,0.0550613566621915,0.06183351749664352,0.05585567833109565,0.029455678331095754,300.38463670516774,-110.65630315425426,0.0,0.0,0.016255159505970902,0.011465954610708099,0.010413859733441319,0.023911356662191505,0.0550613566621915,0.013497496928750182,0.0,56.98102598355652,0.0,False,0.0,0.0,0.0,0.0,0.0,0.0550613566621915,0.06183351749664352,0.05585567833109565,False,False,1,0.0,,,,675.365036419604,1936.4170347055385,1261.0519982859346,1193.876647025848,0.07765765744455472,0.15668784534991487,187.06595943606095,0.012168011019909053,-0.007197820064444085,0.0,False,faster_fading
2041Q2,2041-06-30,2041,2,2041,62221.25260431367,32168.590606153688,0.016204283470675485,0.03141472517173741,0.03325243775035712,190.77501061079613,1939.066616191919,331.43032423287457,1120.9688194782852,330.2408010320501,120.11775388525584,36.30891756345318,5.957305368177581,83.27804776024936,0.0,2028.301969320346,2219.076979931142,0.0,0.0,114640.71397499405,116859.79095492519,1.8781330504237317,0.012264298941327974,0.13039287281591808,0.14265717175724604,116277.02691793056,582.7640369946275,24537.238366292997,59025.4550352956,19690.448624087458,78715.90365938305,10375.15363171235,2648.731260542161,0.2110239573257374,19.10561626843541,34689.473718981666,44347.05702144817,0.2983347152784172,0.3813913908613156,26565.388735988632,26565.388735988636,0,0.0,0.0,0.0,0.0,0.0,0.0,0.0,0.0,0.0,0.0,0.0,none,2599.067391317099,29164.456127305733,2135.7989321708924,2135.7989321708924,0.0,28701.187668159528,0.2154110468670722,0.5181811771623273,0.1728613500867164,0.0702933619006643,0.0232530639832198,0.06694980216481008,0.07077073751521709,0.05542352329504215,0.9573657417772118,75324.59659597659,0.0,0.05487991705756169,0.06169743779317117,0.055764958528780745,0.02936495852878085,301.0709772752524,-110.29596666445626,0.0,0.0,0.016009064022451863,0.011414725171737413,0.010362630294470633,0.023729917057561695,0.05487991705756169,0.013367286763091058,0.0,57.828425373423876,0.0,False,0.0,0.0,0.0,0.0,0.0,0.05487991705756169,0.06169743779317117,0.055764958528780745,False,False,1,0.0,,,,685.3137512053354,1945.0239215600966,1259.7101703547612,1189.823665114062,0.07648985613842008,0.15668784534991487,186.43090643306104,0.011985030749454001,-0.007090565493167824,0.0,False,faster_fading
2041Q3,2041-09-30,2041,3,2041,62954.73599566269,32297.564602303104,0.016133963590435396,0.03135377171264949,0.03320120831138643,191.96211929075486,1947.032842001436,336.650401590945,1116.0890516199302,336.19865468793773,121.22599744458512,36.86873665803732,5.957305368177581,85.06501780513575,0.0,2038.0551651747494,2230.0172844655044,0.0,0.0,116859.79095492519,119089.8082393907,1.8916735390264439,0.012196834201892624,0.12949336585671092,0.14169020005860355,118507.04420239606,582.7640369946275,24999.284779534206,60136.92892579067,20061.227968773932,80198.1568945646,10610.994555457497,2698.607972839767,0.21095188853785243,19.202837781367027,35093.3571219498,44657.38051736844,0.29612887029748614,0.3768331310423952,27175.43828565945,27175.438285659453,0,0.0,0.0,0.0,0.0,0.0,0.0,0.0,0.0,0.0,0.0,0.0,none,2648.731260542161,29824.169546201614,2144.9522666603684,2144.9522666603684,0.0,29320.390552319823,0.2154110468670722,0.5181811771623273,0.1728613500867164,0.0702933619006643,0.0232530639832198,0.06589444200483252,0.0697606986464955,0.05515243175957222,0.959153024764786,77362.65176115134,0.0,0.05467757999049064,0.061545684992867875,0.05566378999524521,0.02926378999524532,301.74920731114264,-109.78708802038778,0.0,0.0,0.015745455340693687,0.01135377171264949,0.010301676835381822,0.023527579990490634,0.05467757999049064,0.013225903155108815,0.0,58.644468318871645,0.0,False,0.0,0.0,0.0,0.0,0.0,0.05467757999049064,0.061545684992867875,0.05566378999524521,False,False,1,0.0,,,,695.3379214226904,1952.9901473696136,1257.6522259469232,1185.0173392141712,0.07529329258378997,0.15668784534991487,185.67781358375765,0.011797543784254773,-0.006975620580980699,0.0,False,faster_fading
2041Q4,2041-12-31,2041,4,2042,63695.14324728525,32426.72598601302,0.016092637092159467,0.03128414787045753,0.03314025485229851,212.17661750187395,1953.0743475863405,341.7250983095091,1110.2733138976441,342.3051044459532,121.3575140324236,37.41331690081116,5.987900480119798,86.84087295409678,0.0,2045.9031210205571,2258.079738522431,0.0,0.0,119089.8082393907,121347.88797791312,1.905135647576789,0.013324508380686757,0.1284809495177801,0.14180545789846685,120765.1239409185,582.7640369946275,25466.993616564756,61262.02403705146,20436.551250436823,81698.57528748829,10850.459107761768,2749.095929103681,0.21088036666135404,19.211942305926378,35456.83780389794,45195.08878370881,0.2936016347007963,0.37423957603703073,27378.372472143983,27378.372472143983,0,0.0,0.0,0.0,0.0,0.0,0.0,0.0,0.0,0.0,0.0,0.0,none,2698.607972839767,30076.98044498375,2171.238865568334,2171.238865568334,0.0,29549.61133771232,0.2154110468670722,0.5181811771623273,0.1728613500867164,0.0702933619006643,0.0232530639832198,0.06494892739938703,0.0687179919513497,0.05496820889546472,0.9608286718038094,79408.5548821719,0.0,0.054455727215451485,0.06137929541158851,0.05555286360772564,0.029152863607725742,321.35232344252677,-109.17570594065282,0.0,0.0,0.0154715899012524,0.01128414787045753,0.01023205299319075,0.02330572721545148,0.054455727215451485,0.013073674222260735,0.0,59.425738066913226,0.0,False,0.0,0.0,0.0,0.0,0.0,0.054455727215451485,0.06137929541158851,0.05555286360772564,False,False,1,0.0,,,,705.6216194470069,1959.0622480664604,1253.4406286194535,1177.9970151507473,0.07397719544031042,0.15668784534991487,184.57781413260162,0.011591327358571787,-0.006856140068124017,0.0,False,faster_fading
2042Q1,2042-03-31,2042,1,2042,64403.278100504685,32554.935685368044,0.015909356291427645,0.028849044573710122,0.03307063101010655,213.73621594213577,1961.7155199075053,346.70591434532366,1106.2669446434336,348.4063621704619,122.39028865477941,37.94601009350587,5.987900480119798,88.61635677324922,0.0,2056.3197771608743,2270.05599310301,0.0,0.0,121347.88797791312,123617.94397101614,1.9194355880162477,0.0132748656432419,0.12771522430593546,0.14099008994917736,123035.17993402151,582.7640369946275,25936.899812303876,62392.40499571337,20813.637851105465,83206.04284681883,11092.416190356002,2799.821084542789,0.21080880953084088,19.270280633855705,35780.596341681194,45575.44230969058,0.29081597930664055,0.37042610360817724,28085.248576860988,28085.248576860988,0,0.0,0.0,0.0,0.0,0.0,0.0,0.0,0.0,0.0,0.0,0.0,none,2749.095929103681,30834.34450596467,2181.4396363297606,2181.4396363297606,0.0,30266.688213190748,0.2154110468670722,0.5181811771623273,0.1728613500867164,0.0702933619006643,0.0232530639832198,0.06395067619438569,0.06778263096050427,0.05461942314841484,0.9627938505663024,81464.87465933277,0.0,0.05421234772753504,0.06119676079565117,0.05543117386376742,0.02903117386376752,322.0567069509382,-108.3204910088024,0.0,0.0,0.01517721143629729,0.008849044573710121,0.010153575014313295,0.023062347727535036,0.05421234772753504,0.012908772713221744,0.0,60.214618633902425,0.0,False,0.0,0.0,0.0,0.0,0.0,0.05421234772753504,0.06119676079565117,0.05543117386376742,False,False,1,0.0,,,,716.0947765068472,1967.703420387625,1251.608643880778,1173.3078065667055,0.07287255190555346,0.15668784534991487,183.84307214317178,0.011418243143231005,-0.006727638356529779,0.0,False,faster_fading
2042Q2,2042-06-30,2042,2,2042,65119.612504931174,32684.507804271565,0.016015726903639393,0.02876198246635305,0.03286907250759813,215.14261441489748,1967.8556689548216,351.525057899714,1100.894660266407,354.314815153896,122.65269334813337,38.46844228667195,5.987900480119798,90.04692638275294,0.0,2063.890495817694,2279.0331102325918,0.0,0.0,123617.94397101614,125896.97708124874,1.9333188917811084,0.013215226942488691,0.1267753548540484,0.1399905817965371,125314.21304425411,582.7640369946275,26408.43161774453,63526.69643325275,21192.028958166917,84718.72539141966,11336.334314755662,2850.7217203342334,0.21073772061608462,19.273620345665975,36088.046147702764,45988.17785822431,0.2879804714167454,0.3669829362610593,28466.514514347873,28466.514514347877,0,0.0,0.0,0.0,0.0,0.0,0.0,0.0,0.0,0.0,0.0,0.0,none,2799.821084542789,31266.335598890666,2188.9861838498387,2188.9861838498387,0.0,30655.500698197717,0.2154110468670722,0.5181811771623273,0.1728613500867164,0.0702933619006643,0.0232530639832198,0.0629639436981517,0.06678287729171747,0.05448494899309506,0.9641651385591916,83528.76515515047,1.4551915228366852e-11,0.05395842930685531,0.06100632198014137,0.05530421465342755,0.028904214653427657,322.76425428245517,-107.6216398675577,0.0,0.0,0.014909483051479828,0.008761982466353048,0.01006651290695711,0.022808429306855307,0.05395842930685531,0.012741916399898197,0.0,60.964688209980444,0.0,False,0.0,0.0,0.0,0.0,0.0,0.05395842930685531,0.06100632198014137,0.05530421465342755,False,False,1,0.0,,,,726.627586214702,1973.8435694349414,1247.2159832202394,1165.9925139909774,0.07162158797567678,0.15668784534991487,182.69685471137672,0.011222232300448165,-0.006610705176380345,0.0,False,faster_fading
2042Q3,2042-09-30,2042,3,2042,65841.87419967563,32814.3445428309,0.01598462980395099,0.02866596386183695,0.03278201040024194,216.62917209259174,1973.3697434007092,356.2393726377477,1094.6253607453414,360.0962861982926,123.43180296540051,38.97692085392715,5.987900480119798,91.78618883971991,0.0,2071.1438327205487,2287.7730048131407,0.0,0.0,125896.97708124874,128184.75008606187,1.946857552950602,0.013160571428184465,0.12582532668735924,0.1389858981155437,127601.98604906724,582.7640369946275,26881.47143667965,64664.615466586816,21571.630203948713,86236.24567053553,11582.483799579697,2901.7851422723706,0.21066655989463065,19.277121596294958,36468.04895580882,46494.254346838454,0.28579530840362966,0.36436936278530846,28989.466387245004,28989.466387245004,0,0.0,0.0,0.0,0.0,0.0,0.0,0.0,0.0,0.0,0.0,0.0,none,2850.7217203342334,31840.188107579237,2195.9868159734206,2195.9868159734206,0.0,31185.453203218425,0.2154110468670722,0.5181811771623273,0.1728613500867164,0.0702933619006643,0.0232530639832198,0.06196935980168228,0.06580440232123819,0.05415404887162498,0.96542095365868,85599.90898787102,0.0,0.053690600735812666,0.060805450551859395,0.055170300367906225,0.028770300367906333,323.4633329300373,-106.83416083744558,0.0,0.0,0.014634061422222316,0.008665963861836951,0.009970494302439237,0.02254060073581266,0.053690600735812666,0.012570106433373428,0.0,61.68317260207572,0.0,False,0.0,0.0,0.0,0.0,0.0,0.053690600735812666,0.060805450551859395,0.055170300367906225,False,False,1,0.0,,,,737.0346260615829,1979.357643880829,1242.3230178192462,1158.16144097384,0.0703601745880767,0.15668784534991487,181.4698207535436,0.011024584154649571,-0.006490347496090681,0.0,False,faster_fading
2042Q4,2042-12-31,2042,4,2043,66570.18419780197,32944.546402396234,0.015966046831904723,0.02856348341468093,0.03268599179572318,229.1315547467737,1977.6375905068278,360.8205875244799,1088.204758851668,365.7816274408618,123.3592077570217,39.47140893279755,6.009754131507097,93.50777453637444,0.0,2077.1551191747094,2306.2866739214833,0.0,0.0,128184.75008606187,130491.03675998336,1.9602024289470412,0.013767818581721108,0.12480993671297629,0.1385777552946974,129908.27272298872,582.7640369946275,27358.128455881564,65811.23584147016,21954.13415193982,87765.36999340999,11831.535242096706,2953.239031600491,0.21059573714923419,19.194096035154164,37119.441296188525,47030.43228446861,0.28573577739225703,0.3620280009784631,29154.75522530906,29154.75522530906,0,0.0,0.0,0.0,0.0,0.0,0.0,0.0,0.0,0.0,0.0,0.0,none,2901.7851422723706,32056.54036758143,2212.7788993851086,2212.7788993851086,0.0,31367.53412469417,0.2154110468670722,0.5181811771623273,0.1728613500867164,0.0702933619006643,0.0232530639832198,0.061102266975298164,0.0648175424231082,0.05389049002665495,0.9666375846758496,87677.06410704573,0.0,0.05340982980826449,0.060594872356198266,0.05502991490413214,0.028629914904132248,335.1100989847057,-105.97854423793201,0.0,0.0,0.014354076195580332,0.008563483414680929,0.009868013855284102,0.022259829808264492,0.05340982980826449,0.012391815952980386,0.0,62.36876845600361,0.0,False,0.0,0.0,0.0,0.0,0.0,0.05340982980826449,0.060594872356198266,0.05502991490413214,False,False,1,0.0,,,,747.4908697561533,1983.647344638335,1236.1564748821816,1149.021639284225,0.06904121736362351,0.15668784534991487,180.03772491987232,0.010817919589041297,-0.006367928556305916,0.0,False,faster_fading
2043Q1,2043-03-31,2043,1,2043,67344.75947305807,33074.38490946235,0.015857931500163236,0.031010799120471597,0.03258351134856982,230.73448720068743,1985.1963051232283,365.298246175318,1084.324315222803,371.4743928240885,124.1453973399866,39.95395356103291,6.009754131507097,95.2225064139198,0.0,2086.428565668655,2317.1630528693427,0.0,0.0,130491.03675998336,132808.1998128527,1.9720643573756307,0.013704673623075007,0.1239252219174293,0.1376298955405043,132225.43577585806,582.7640369946275,27836.758995069922,66962.60360941713,22338.22179461252,89300.82540402965,12082.94541946437,3004.9059572941296,0.2105249934079053,19.156987064165783,37655.10794554619,47568.404290465995,0.2847796093436761,0.3597522973650968,29833.128914217472,29833.128914217472,0,0.0,0.0,0.0,0.0,0.0,0.0,0.0,0.0,0.0,0.0,0.0,none,2953.239031600491,32786.36794581796,2221.940546455423,2221.940546455423,0.0,32055.069460672894,0.2154110468670722,0.5181811771623273,0.1728613500867164,0.0702933619006643,0.0232530639832198,0.06020265768313913,0.06395622618912271,0.05349503534190881,0.9682386983514919,89763.49267271439,0.0,0.05311543479347839,0.06037407609510869,0.05488271739673909,0.028482717396739195,335.8118814008599,-105.07739420017245,0.0,0.0,0.014064311092117473,0.011010799120471596,0.009759256155089033,0.02196543479347839,0.05311543479347839,0.012206178638389357,0.0,62.991043324813155,0.0,False,0.0,0.0,0.0,0.0,0.0,0.05311543479347839,0.06037407609510869,0.05488271739673909,False,False,1,0.0,,,,758.0986165025424,1991.2060592547355,1233.107442752193,1142.963400154477,0.06788729570631138,0.15668784534991487,179.08847248401756,0.010637114090854457,-0.006241162342688873,0.0,False,faster_fading
2043Q2,2043-06-30,2043,2,2043,68128.00170896269,33205.490106828045,0.015950325476070004,0.030896118076697513,0.032074832931851024,232.20175114363343,1990.8308631679981,369.64038931610236,1079.5264700373987,377.15814076202525,124.07818245293747,40.42768059953475,6.009754131507097,95.74555494712884,0.0,2092.5861722466343,2324.7879233902677,0.0,0.0,132808.1998128527,135132.98773624297,1.983516092450798,0.013633263581431935,0.12286203145578777,0.1364952950372197,134550.22369924834,582.7640369946275,28316.919345167316,68117.6514078417,22723.53706782209,90841.18847566379,12335.377856308387,3056.7380221088456,0.2104561298126293,19.071687657342466,38240.95388686821,48121.4587413699,0.2842132315762314,0.35764681334854387,30200.751848278578,30200.751848278574,0,0.0,0.0,0.0,0.0,0.0,0.0,0.0,0.0,0.0,0.0,0.0,none,3004.9059572941296,33205.6578055727,2229.042368443139,2229.042368443139,0.0,32429.79421672171,0.2154110468670722,0.5181811771623273,0.1728613500867164,0.0702933619006643,0.0232530639832198,0.05932659714671578,0.06302581241807094,0.053311187213903426,0.9693793342916011,91856.07884496103,0.0,0.052815568505763466,0.0601491763793225,0.05473278425288163,0.028332784252881736,336.513426483934,-104.31167534030054,0.0,0.0,0.01379767910215224,0.010896118076697513,0.00964457511131495,0.02166556850576347,0.052815568505763466,0.012020993394448516,0.0,63.577210081413924,0.0,False,0.0,0.0,0.0,0.0,0.0,0.052815568505763466,0.0601491763793225,0.05473278425288163,False,False,1,0.0,,,,768.8656999804106,1996.8406172995053,1227.9749173190949,1134.7533484688743,0.06662478393635843,0.15668784534991487,177.80205717518902,0.010439293841891621,-0.0061244523675249764,0.0,False,faster_fading
2043Q3,2043-09-30,2043,3,2043,68918.01209082163,33336.957555912115,0.015931133315586044,0.030775519231093066,0.03196015188807694,233.73122313801514,1996.3432151598124,373.8935483867158,1074.0368632708157,382.810307825909,124.71300856639465,40.88948710997741,6.009754131507097,97.4004385514978,0.0,2099.7534078428175,2333.4846309808327,0.0,0.0,135132.98773624297,137466.4723672238,1.9946378050787001,0.013565755369147857,0.12186964447411613,0.135435399843264,136883.70833022916,582.7640369946275,28798.59658194143,69276.3481469088,23110.069600232993,92386.4177471418,12589.960170238675,3108.7338309072707,0.2103873202533745,19.009604708263364,38849.39614331225,48637.78627255623,0.28381314779687933,0.35532195077020096,30806.065289045026,30806.065289045026,0,0.0,0.0,0.0,0.0,0.0,0.0,0.0,0.0,0.0,0.0,0.0,none,3056.7380221088456,33862.80331115387,2236.0841924293345,2236.0841924293345,0.0,33042.14948147436,0.2154110468670722,0.5181811771623273,0.1728613500867164,0.0702933619006643,0.0232530639832198,0.058416504719668146,0.06215368854098558,0.05294674386737869,0.9704983144593953,93955.83225280384,0.0,0.05250734909466363,0.059918011820997624,0.054578674547331715,0.02817867454733182,337.2049819202437,-103.47375878222857,0.0,0.0,0.013526330569996093,0.010775519231093066,0.009523976265710502,0.021357349094663636,0.05250734909466363,0.01183337282895313,0.0,64.13427243514911,0.0,False,0.0,0.0,0.0,0.0,0.0,0.05250734909466363,0.059918011820997624,0.054578674547331715,False,False,1,0.0,,,,779.6300649064781,2002.3529692913196,1222.7229043848415,1126.399758847594,0.06537621876633355,0.15668784534991487,176.49315121649323,0.010243658855621476,-0.006005614825097894,0.0,False,faster_fading
2043Q4,2043-12-31,2043,4,2044,69715.07260802569,33468.94314819955,0.01593084630823971,0.030650982350650263,0.03183955304247249,252.3149689692017,1999.7920352507138,378.03449104109643,1067.777568322626,388.34161498822345,124.29841852260277,41.33994237616542,6.019952502154488,99.03987813286365,0.0,2104.851865885732,2357.1668348549338,0.0,0.0,137466.4723672238,139823.63920207875,2.00564431723739,0.014476924976488075,0.12076882585895314,0.13524575083544121,139240.87516508411,582.7640369946275,29285.022073647688,70446.46703152503,23500.412474639175,93946.8795061642,12847.731383758048,3161.2422015141624,0.21031914686637337,18.920999227667156,39220.905582587075,49358.7373768722,0.2816766666834486,0.3544845385261507,31245.079262959138,31245.07926295914,0,0.0,0.0,0.0,0.0,0.0,0.0,0.0,0.0,0.0,0.0,0.0,none,3108.7338309072707,34353.81309386641,2258.1269567220697,2258.1269567220697,0.0,33503.20621968121,0.2154110468670722,0.5181811771623273,0.1728613500867164,0.0702933619006643,0.0232530639832198,0.05820277730643495,0.06124698858243468,0.052703288060547644,0.9715745958268527,96060.68411868958,2.9103830456733704e-11,0.05219199986201524,0.05968149989651132,0.05442099993100752,0.02802099993100762,354.9131442019621,-102.5981752327604,0.0,0.0,0.013254983102927907,0.010650982350650262,0.009399439385268587,0.021041999862015236,0.05219199986201524,0.011642560476746652,0.0,64.65945026137234,0.0,False,0.0,0.0,0.0,0.0,0.0,0.05219199986201524,0.05968149989651132,0.05442099993100752,False,False,1,0.0,,,,790.3820103617949,2005.8119877528682,1215.4299773910734,1115.9804103340782,0.06403094014453369,0.15668784534991487,174.8605659479606,0.010032870046976351,-0.005886714100385183,0.0,False,faster_fading
2044Q1,2044-03-31,2044,1,2044,70478.04079715468,33599.54814512599,0.01570070161944548,0.02835438041959935,0.03171501616203058,254.10432579311245,2026.7646440798999,382.11096700673335,1084.148273488732,393.91721298763156,124.80716525397322,41.78102534283124,6.019952502154488,100.67692657664878,0.0,2133.461523158703,2387.5658489518155,0.0,0.0,139823.63920207875,142211.20505103056,2.01780871662329,0.014421758773031675,0.12108517768245536,0.13550693645548703,141628.44101403593,582.7640369946275,29777.643210485232,71631.48982536086,23895.727181259303,95527.21700662017,13109.161420981833,3214.419375948669,0.21025186041223282,18.85318485733743,39716.411053835895,50178.67075992587,0.2804268038924459,0.3542979813987571,31819.963693817765,31819.963693817765,0,0.0,0.0,0.0,0.0,0.0,0.0,0.0,0.0,0.0,0.0,0.0,none,3161.2422015141624,34981.20589533193,2286.8889223751667,2286.8889223751667,0.0,34106.85261619293,0.2154110468670722,0.5181811771623273,0.1728613500867164,0.0702933619006643,0.0232530639832198,0.05795248138422435,0.06103292791787056,0.052261704062390384,0.9730049671946853,98194.14564184828,0.0,0.0518665919021568,0.0594374439266175,0.0542582959510783,0.0278582959510784,355.6172588615344,-101.51293306842197,0.0,0.0,0.012969142041772248,0.00835438041959935,0.009271075280941492,0.0207165919021568,0.0518665919021568,0.011445516621215304,0.0,65.22634197169923,0.0,False,0.0,0.0,0.0,0.0,0.0,0.0518665919021568,0.0594374439266175,0.0542582959510783,False,False,1,0.0,,,,801.3910324006769,2032.7845965820543,1231.3935641813773,1128.7688583371503,0.0640635775665728,0.15668784534991487,176.86436031093137,0.010037983934313434,-0.005761393587009032,0.0,False,faster_fading
2044Q2,2044-06-30,2044,2,2044,71261.86160749254,33737.662882385994,0.016544112693471558,0.028222571877680878,0.03234787230835344,254.33409068290183,2052.690723917565,386.11621705156693,1100.3593502471072,399.55104112274114,124.40564537559864,42.25847012055117,6.019952502154488,104.75111903826031,0.0,2163.4617954579794,2417.795886140881,0.0,0.0,142211.20505103056,144629.00093717143,2.029542839250848,0.01427602843629114,0.12143728758444397,0.1357133160207351,144046.2369001768,582.7640369946275,30275.89860521721,72830.06608560726,24295.563222511675,97125.62930811894,13376.504232926478,3268.2047539141586,0.21018180867993264,18.751523270761755,40182.4161531486,50985.538511940416,0.27895498707817534,0.3539525891764399,32245.84483660743,32245.84483660743,0,0.0,0.0,0.0,0.0,0.0,0.0,0.0,0.0,0.0,0.0,0.0,none,3214.419375948669,35460.264212556096,2313.044767102621,2313.044767102621,0.0,34558.88960371005,0.2154110468670722,0.5181811771623273,0.1728613500867164,0.0702933619006643,0.0232530639832198,0.05773361657802489,0.06085207687204818,0.05209954107033216,0.9740312426164044,100357.60743730626,0.0,0.05158613165008,0.059227098737559894,0.0541180658250399,0.02771806582504,356.3852968856807,-102.05120620277887,0.0,0.0,0.012893542578937345,0.008222571877680877,0.00913926673902302,0.02043613165008,0.05158613165008,0.011296864911056977,0.0,65.7512993476121,0.0,False,0.0,0.0,0.0,0.0,0.0,0.05158613165008,0.059227098737559894,0.0541180658250399,False,False,1,0.0,,,,812.5897555604845,2058.710676419719,1246.1209208592347,1140.082411170858,0.06399397295851664,0.15668784534991487,178.63705652769744,0.010027077738250687,-0.005728236894223887,0.0,False,faster_fading
2044Q3,2044-09-30,2044,3,2044,72057.7116471129,33879.02097688827,0.016865305432971267,0.028086793726284913,0.03221606376643496,253.94572919585806,2079.866142826051,390.4541228183021,1116.5650212003334,405.26684618333223,124.81147085899693,42.76868176508653,6.019952502154488,106.45696487058517,0.0,2192.3430601987907,2446.2887893946486,0.0,0.0,144629.00093717143,147075.2897265661,2.0410763312445392,0.014096796769761577,0.12169928853335327,0.13579608530311482,146492.52568957146,582.7640369946275,30779.92422803083,74042.52289480103,24700.029710674775,98742.55260547581,13647.435843025023,3322.6130130397905,0.21011259163662574,18.678222448864762,40594.17175717421,51683.900627427334,0.2771074603710245,0.3528091305965286,32893.35813662223,32893.35813662223,0,0.0,0.0,0.0,0.0,0.0,0.0,0.0,0.0,0.0,0.0,0.0,none,3268.2047539141586,36161.562890536385,2339.8318245240634,2339.8318245240634,0.0,35233.189961146294,0.2154110468670722,0.5181811771623273,0.1728613500867164,0.0702933619006643,0.0232530639832198,0.05749057000965205,0.06063356715438201,0.051800466036897905,0.975026048337271,102549.95049750505,0.0,0.05134516804843969,0.05904637603632967,0.053997584024219746,0.02759758402421985,357.17141026414714,-103.22568106828909,0.0,0.0,0.012897943130717626,0.008086793726284913,0.009003488587627055,0.020195168048439696,0.05134516804843969,0.011191679460812638,0.0,66.2595708401698,0.0,False,0.0,0.0,0.0,0.0,0.0,0.05134516804843969,0.05904637603632967,0.053997584024219746,False,False,1,0.0,,,,823.8706563838708,2085.8860953282056,1262.0154389443346,1152.4503961584016,0.06397374381258616,0.15668784534991487,180.57496944671576,0.010023908076961574,-0.005730167040208803,0.0,False,faster_fading
2044Q4,2044-12-31,2044,4,2045,72862.47492506224,34022.03167844752,0.016992081492424482,0.02796005742225756,0.032080285615039,268.7358282699916,2106.287936511018,395.1000955016209,1132.821811963898,411.08447859431396,123.9724307971324,43.30911965405305,6.028693962709422,108.16078373395867,0.0,2220.4774142076863,2489.213242477678,0.0,0.0,147075.2897265661,149564.50296904377,2.052695892129223,0.014753044199850835,0.12189964266195502,0.13665268686180584,148981.73893204913,582.7640369946275,31292.829230814234,75276.33946075811,25111.621653320508,100387.96111407861,13922.96880894592,3377.9797782103606,0.2100447306839864,18.535480008596565,41461.42132873119,53458.992053962946,0.27829868026739724,0.3588291587759336,33109.882381407566,33109.88238140757,0,0.0,0.0,0.0,0.0,0.0,0.0,0.0,0.0,0.0,0.0,0.0,none,3322.6130130397905,36432.49539444737,2381.052458743719,2381.052458743719,0.0,35490.93484015129,0.2154110468670722,0.5181811771623273,0.1728613500867164,0.0702933619006643,0.0232530639832198,0.057291604522374584,0.06039022376460029,0.05162249206463709,0.9759925812887905,104770.42791171274,0.0,0.05113862641732139,0.05889146981299094,0.05389431320866059,0.027494313208660696,373.4017387964105,-104.66591052641888,0.0,0.0,0.01293391272160439,0.007960057422257558,0.008876752283600589,0.019988626417321388,0.05113862641732139,0.011111874133720803,0.0,66.75850191838487,0.0,False,0.0,0.0,0.0,0.0,0.0,0.05113862641732139,0.05889146981299094,0.05389431320866059,False,False,1,0.0,,,,835.3282739018275,2112.3166304737274,1276.9883565718999,1163.8116548675275,0.06389086596712434,0.15668784534991487,182.35514059431165,0.010010922125928919,-0.005745943196909845,0.0,False,faster_fading
2045Q1,2045-03-31,2045,1,2045,73689.69485876666,34160.265105698265,0.016351543985145156,0.029360279558953636,0.03195354931101253,268.1193085331682,2134.671197010132,400.06807589391093,1149.4638013273243,416.96691429666805,124.29466673657578,43.87773875565236,6.028693962709422,109.91364866879036,0.0,2250.6135396416316,2518.7328481748,0.0,0.0,149564.50296904377,152083.23581721855,2.063833160236321,0.014553964922614727,0.12216707065785237,0.1367210355804671,151500.47178022392,582.7640369946275,31811.715496293327,76524.54422912936,25528.01339226192,102052.55762139129,14202.206457358856,3433.992205180482,0.20997766622430983,18.43819840424362,42308.87028448056,55224.933023647,0.2792656008745402,0.364519874919992,33834.04690580114,33834.04690580113,0,0.0,0.0,0.0,0.0,0.0,0.0,0.0,0.0,0.0,0.0,0.0,none,3377.9797782103606,37212.02668401149,2408.8191995060097,2408.8191995060097,0.0,36242.86610530714,0.2154110468670722,0.5181811771623273,0.1728613500867164,0.0702933619006643,0.0232530639832198,0.05706958863148603,0.06019111473549186,0.05134202793817331,0.9773064032200486,107021.04145135438,-2.9103830456733704e-11,0.050957372911093736,0.0587555296833202,0.05380368645554676,0.027403686455546868,374.2115724651722,-106.09226393200402,0.0,0.0,0.012963377880481394,0.009360279558953636,0.00876295364308359,0.019807372911093735,0.050957372911093736,0.011044419268010145,0.0,67.243245536925,0.0,False,0.0,0.0,0.0,0.0,0.0,0.050957372911093736,0.0587555296833202,0.05380368645554676,False,False,1,0.0,,,,847.0071241421571,2140.6998909728413,1293.6927668306844,1176.8478462327064,0.06388127124088369,0.15668784534991487,184.39775333089068,0.010009418748947549,-0.005758865694061564,0.0,False,faster_fading
2045Q2,2045-06-30,2045,2,2045,74524.6545942982,34299.13521728374,0.016360437677634954,0.02926001895794154,0.03089638568422197,267.4616213612886,2162.317545537278,405.2603623715596,1166.1891020969533,422.9271606654365,123.47117529574683,44.469745107582135,6.028693962709422,108.45065249714101,0.0,2276.7968919971286,2544.258513358417,0.0,0.0,152083.23581721855,154627.49433057697,2.074850197862002,0.014355604749451696,0.12220368705587123,0.13655929180532292,154044.73029358234,582.7640369946275,32336.4154175685,77786.7340138117,25949.070427642244,103735.80444145395,14481.878233340003,3490.6322012199184,0.20991575210616387,18.301896099498208,43179.34933475657,57085.0872542202,0.28030396919430006,0.3705747489409472,34245.88896969986,34245.88896969987,0,0.0,0.0,0.0,0.0,0.0,0.0,0.0,0.0,0.0,0.0,0.0,none,3433.992205180482,37679.88117488035,2435.807860861276,2435.807860861276,0.0,36681.696830561144,0.2154110468670722,0.5181811771623273,0.1728613500867164,0.0702933619006643,0.0232530639832198,0.05687757508477579,0.05988291555641281,0.05129505478433717,0.9782302482106746,109297.83834335151,0.0,0.050799471228263796,0.05863710342119774,0.0537247356141318,0.027324735614131897,375.0148506680768,-107.55322930678821,0.0,0.0,0.012995059964653215,0.00926001895794154,0.008662693042071495,0.01964947122826379,0.050799471228263796,0.0109867781861923,0.0,67.72238211611999,0.0,False,0.0,0.0,0.0,0.0,0.0,0.050799471228263796,0.05863710342119774,0.0537247356141318,False,False,1,0.0,,,,858.9036369937165,2168.3462394999874,1309.4426025062708,1188.8585006027172,0.06381021191307476,0.15668784534991487,186.2796768853702,0.009998284615981153,-0.0057727596265849425,0.0,False,faster_fading
2045Q3,2045-09-30,2045,3,2045,75366.58330656268,34438.17134019811,0.0163133923000518,0.029171552326563276,0.030796125083210762,266.874216927987,2191.2341301118436,410.6682011574892,1182.995539720061,428.8633918594375,123.62621514532172,45.08078222953506,6.028693962709422,110.23146424645988,0.0,2307.494288321013,2574.368505249,0.0,0.0,154627.49433057697,157201.86283582597,2.08582976617619,0.014164060792961458,0.12246776685815787,0.13663182765111934,156619.09879883134,582.7640369946275,32867.21775719478,79063.6034464077,26375.02448334863,105438.62792975633,14765.322174382485,3547.9309374977734,0.20985446863930002,18.17600323240402,43999.36668124948,58939.731979034616,0.28093231935757884,0.376325316842357,34862.138218703745,34862.138218703745,0,0.0,0.0,0.0,0.0,0.0,0.0,0.0,0.0,0.0,0.0,0.0,none,3490.6322012199184,38352.77041992366,2464.13704100254,2464.13704100254,0.0,37326.275259706286,0.2154110468670722,0.5181811771623273,0.1728613500867164,0.0702933619006643,0.0232530639832198,0.056664671648046734,0.05969169450260477,0.051105552731796,0.9790278622161064,111605.33263167253,0.0,0.05065916043951013,0.058531870329632495,0.05365458021975496,0.027254580219755065,375.8074283537494,-108.9332114257624,0.0,0.0,0.013015020069433236,0.009171552326563276,0.00857422641069323,0.019509160439510127,0.05065916043951013,0.0109349340288169,0.0,68.20151808632215,0.0,False,0.0,0.0,0.0,0.0,0.0,0.05065916043951013,0.058531870329632495,0.05365458021975496,False,False,1,0.0,,,,870.7533092407989,2197.262824074553,1326.509514833754,1202.1631365304781,0.06380350992643699,0.15668784534991487,188.36435162205615,0.009997234496135318,-0.005781512529640009,0.0,False,faster_fading
2045Q4,2045-12-31,2045,4,2046,76216.76255601054,34577.851802913894,0.0163228846090262,0.029093833283373147,0.03070765845183161,280.7498734509507,2219.5081139116996,416.2564143905118,1199.9224174928916,434.87044292876243,122.7470332534102,45.71180584612374,6.044719973726774,112.06972468707764,0.0,2337.622558572504,2618.372432023455,0.0,0.0,157201.86283582597,159820.23526784944,2.096917133555758,0.014734284901940405,0.12268285769050455,0.13741714259244497,159237.4712308548,582.7640369946275,33407.10304714789,80362.32233362037,26808.267353064788,107170.58968668515,15053.56834230898,3606.210154712783,0.20979423240598868,18.09368404799961,45447.51253725061,60692.40236495536,0.2854071481163061,0.3811439725576051,35554.1368538377,35554.13685383769,0,0.0,0.0,0.0,0.0,0.0,0.0,0.0,0.0,0.0,0.0,0.0,none,3547.9309374977734,39102.06779133547,2506.3027073363774,2506.3027073363774,0.0,38060.43956117407,0.2154110468670722,0.5181811771623273,0.1728613500867164,0.0702933619006643,0.0232530639832198,0.056440010263128636,0.05948078518672019,0.05095018661183504,0.9801209345730435,113942.95519024503,0.0,0.05053629724073785,0.05843972293055329,0.05359314862036882,0.027193148620368923,391.09845490644705,-110.34858145549634,0.0,0.0,0.013037345981421825,0.009093833283373147,0.008496507367503101,0.019386297240737847,0.05053629724073785,0.010889789873234745,0.0,68.67601412451398,0.0,False,0.0,0.0,0.0,0.0,0.0,0.05053629724073785,0.05843972293055329,0.05359314862036882,False,False,1,0.0,,,,882.7900135700772,2225.5528338854265,1342.7628203153492,1214.58211623039,0.06374356902592457,0.15668784534991487,190.31025479267967,0.00998784248558569,-0.005791302477556842,0.0,False,faster_fading
2046Q1,2046-03-31,2046,1,2046,77057.4724837599,34716.04767304585,0.016082729852476607,0.028319283902427553,0.030629939408640592,280.2285275534508,2247.65129124565,422.0678223856562,1217.0736253187972,441.1788294061118,120.96713954194138,46.363874593143166,6.044719973726774,113.97159608207704,0.0,2367.667607301454,2647.896134854905,0.0,0.0,159820.23526784944,162468.13140270434,2.108402029886783,0.014546468682190936,0.12290398483030687,0.13745045351249782,161885.3673657097,582.7640369946275,33952.93838472711,81675.3543339622,27246.28496985492,108921.63930381712,15345.658013023984,3665.131664141518,0.20973444936518063,18.04830297077019,46911.02877970449,62473.982187166934,0.2897793021263582,0.3859149421827242,36282.40086135868,36282.40086135868,0,0.0,0.0,0.0,0.0,0.0,0.0,0.0,0.0,0.0,0.0,0.0,none,3606.210154712783,39888.61101607146,2533.924538772828,2533.924538772828,0.0,38816.32540013151,0.2154110468670722,0.5181811771623273,0.1728613500867164,0.0702933619006643,0.0232530639832198,0.05619863020654814,0.05925826859992743,0.05076026806294347,0.9815524708742849,116310.62279754649,0.0,0.050426702941926374,0.05835752720644468,0.053538351470963086,0.02713835147096319,391.9091731260033,-111.68064557255249,0.0,0.0,0.01305094378147345,0.008319283902427553,0.008427757834918784,0.019276702941926377,0.050426702941926374,0.010848945107007589,0.0,69.16223472420533,0.0,False,0.0,0.0,0.0,0.0,0.0,0.050426702941926374,0.05835752720644468,0.053538351470963086,False,False,1,0.0,,,,895.1443119752945,2253.696011219377,1358.5516992440826,1226.4521610170086,0.0636642818138364,0.15668784534991487,192.17014653450192,0.009975419143159794,-0.005797264923065806,0.0,False,faster_fading
2046Q2,2046-06-30,2046,2,2046,77905.64585418148,34854.499050233666,0.016048119476189227,0.028258748877820095,0.03158719482004502,279.7600787663773,2275.2589381643133,428.0336844830408,1234.3545715621342,447.60954643839284,118.23039773949553,47.03073794125029,6.044719973726774,119.7720403547818,0.0,2401.075698492822,2680.8357772591994,0.0,0.0,162468.13140270434,165148.96717996354,2.119858777489352,0.014364046440999324,0.12328121651090568,0.13764526295190502,164566.2031429689,582.7640369946275,34504.61980538699,83002.44935593908,27688.993905074345,110691.44326101342,15645.455833487656,3724.68424308086,0.20967014579178617,17.96514868411491,48452.89031231171,64418.611824310436,0.29442795292674806,0.3914449661838888,36734.21684994248,36734.21684994248,0,0.0,0.0,0.0,0.0,0.0,0.0,0.0,0.0,0.0,0.0,0.0,none,3665.131664141518,40399.348514084,2561.0637369044175,2561.0637369044175,0.0,39295.2805868469,0.2154110468670722,0.5181811771623273,0.1728613500867164,0.0702933619006643,0.0232530639832198,0.055976745545853406,0.05911499511350582,0.05073655141203316,0.9825742186932787,118711.6984960393,0.0,0.05032774726909166,0.058283310451818636,0.05348887363454573,0.02708887363454583,392.71244783199256,-112.95236906561523,0.0,0.0,0.013055914761577223,0.008258748877820094,0.008367222810312214,0.019177747269091654,0.05032774726909166,0.010810524458779443,0.0,69.64549552064905,0.0,False,0.0,0.0,0.0,0.0,0.0,0.05032774726909166,0.058283310451818636,0.05348887363454573,False,False,1,0.0,,,,907.7642730256858,2281.30365813804,1373.5393851123545,1237.4423067017967,0.06353543664950587,0.15668784534991487,193.89216878193304,0.009955230671977087,-0.005799444588497828,0.0,False,faster_fading
2046Q3,2046-09-30,2046,3,2046,78761.13882291791,34993.0633725915,0.015997109532341902,0.028205083223679057,0.03152665979543845,279.38144215769194,2303.782131170151,434.1349462954027,1251.7710173652924,454.07708058994535,116.08952810572173,47.70955881378845,6.044719973726774,121.88062531945346,0.0,2431.707476463331,2711.0889186210234,0.0,0.0,165148.96717996354,167860.05609858455,2.1312548117922927,0.014188796471612091,0.1234978321951715,0.1376866286667836,167277.29206158992,582.7640369946275,35062.363874403985,84344.12835728053,28136.567946310173,112480.6963035907,15949.340614404357,3784.891269190885,0.2096062378956634,17.882819466650822,50045.94056024787,66370.10896291872,0.2991795236727136,0.39676699774935303,37319.88656882519,37319.88656882519,0,0.0,0.0,0.0,0.0,0.0,0.0,0.0,0.0,0.0,0.0,0.0,none,3724.68424308086,41044.57081190605,2589.2082933015695,2589.2082933015695,0.0,39909.09486212676,0.2154110468670722,0.5181811771623273,0.1728613500867164,0.0702933619006643,0.0232530639832198,0.05575730110614499,0.058897309937481816,0.05064260334688313,0.9836230411709773,121143.40597250263,0.0,0.050236084135095053,0.058214563101321185,0.05344304206754742,0.027043042067547526,393.5072952776384,-114.12585311994647,0.0,0.0,0.013048170533688707,0.008205083223679056,0.0083135571561694,0.019086084135095053,0.050236084135095053,0.010772526978925653,0.0,70.12586145031767,0.0,False,0.0,0.0,0.0,0.0,0.0,0.050236084135095053,0.058214563101321185,0.05344304206754742,False,False,1,0.0,,,,920.4275673905288,2309.826851143878,1389.399283753349,1249.2614120019368,0.06344557382851995,0.15668784534991487,195.74407892537576,0.00994115026017974,-0.00579604890561781,0.0,False,faster_fading
2046Q4,2046-12-31,2046,4,2047,79625.0802483875,35132.17127854154,0.0159962674136922,0.02815708239375586,0.03147299414129563,297.73857963327146,2332.5315223648486,440.348965392469,1269.3501350124186,460.62435736431854,113.80662578722352,48.401438808418966,6.052004524189207,124.03887373581279,0.0,2462.6224006248503,2760.360980258122,0.0,0.0,167860.05609858455,170620.41707884267,2.142797426973996,0.014957025033041697,0.1237108907365765,0.1386679157696182,170037.65304184804,582.7640369946275,35630.25677924876,85710.22084981734,28592.286144907077,114302.50699472442,16258.69543206067,3846.193835814225,0.20954333432536723,17.922228774253092,50919.124928846504,67390.8810288075,0.29945793780342744,0.3963291648833915,38657.12025493438,38657.12025493438,0,0.0,0.0,0.0,0.0,0.0,0.0,0.0,0.0,0.0,0.0,0.0,none,3784.891269190885,42442.011524125264,2636.3221065223092,2636.3221065223092,0.0,41293.44236145669,0.2154110468670722,0.5181811771623273,0.1728613500867164,0.0702933619006643,0.0232530639832198,0.055594214775010274,0.05868274937733959,0.05070365929618219,0.9841081491050326,123606.02837312748,0.0,0.050152263424218246,0.05815169756816358,0.053401131712109015,0.027001131712109123,413.046866244041,-115.30828661076956,0.0,0.0,0.013040216447941597,0.00815708239375586,0.008265556326247092,0.019002263424218242,0.050152263424218246,0.010736707097971154,0.0,70.6004804031111,0.0,False,0.0,0.0,0.0,0.0,0.0,0.050152263424218246,0.05815169756816358,0.053401131712109015,False,False,1,0.0,,,,933.2236493653407,2338.583526889038,1405.359877523697,1261.110142593452,0.06335240799303263,0.15668784534991487,197.6006309918919,0.009926552306157006,-0.0057925611503847575,0.0,False,faster_fading
2047Q1,2047-03-31,2047,1,2047,80489.84002390986,35270.256619040054,0.01581474501716551,0.02789845243106256,0.03142499331137333,297.38937575954026,2364.0953667935464,446.73450596635547,1286.4552122579028,466.0599216393203,115.73422005166027,49.111506878306734,6.052004524189207,126.25411382152583,0.0,2496.4014851392612,2793.7908608988014,0.0,0.0,170620.41707884267,173414.2079397415,2.1544856827672665,0.014778977106735432,0.12406045207184879,0.13883942917858422,172831.44390274686,582.7640369946275,36204.87366249306,87092.4881815416,29053.400148412788,116145.88832995438,16572.45967182782,3908.2222384716033,0.20948082620235314,17.993178673718447,51812.781324961186,68409.8777864694,0.29978793299971795,0.3958184705380578,39425.820611867995,39425.820611867995,0,0.0,0.0,0.0,0.0,0.0,0.0,0.0,0.0,0.0,0.0,0.0,none,3846.193835814225,43272.01444768222,2667.536747077276,2667.536747077276,0.0,42093.35735894527,0.2154110468670722,0.5181811771623273,0.1728613500867164,0.0702933619006643,0.0232530639832198,0.055432369666673635,0.05852526978610512,0.05058109050030591,0.9848293648507467,126102.42985826674,2.9103830456733704e-11,0.05007543610620967,0.05809407707965715,0.05336271805310473,0.026962718053104837,413.8734410143052,-116.48406525476494,0.0,0.0,0.013031544799471065,0.007898452431062561,0.008221890925643707,0.018925436106209666,0.05007543610620967,0.01070354518056596,0.0,71.07911292548262,0.0,False,0.0,0.0,0.0,0.0,0.0,0.05007543610620967,0.05809407707965715,0.05336271805310473,False,False,1,0.0,,,,946.229141724825,2370.1473713177356,1423.9182295929106,1275.4719661881643,0.06338548894167412,0.15668784534991487,199.85095418624294,0.009931735688721775,-0.0057887586915398425,0.0,False,faster_fading
2047Q2,2047-06-30,2047,2,2047,81364.72346069553,35409.54583160112,0.015890613956219823,0.027858676325374688,0.030573580576721517,296.86385143090223,2395.933510539326,453.2437094548911,1303.6887410609745,471.3624287046251,117.79927039405877,49.8393609247776,6.052004524189207,125.24294473530284,0.0,2527.228459798818,2824.0923112297205,0.0,0.0,173414.2079397415,176238.3002509712,2.166028381281303,0.014594228987913016,0.1242419737846038,0.13883620277251682,175655.53621397656,582.7640369946275,36786.235629866154,88490.98112325548,29519.92689358569,118010.90801684116,16887.41381179749,3970.9787554717705,0.20942258025420063,18.041174097347028,52799.15974915364,69503.04243629328,0.30058352208629396,0.39567806363716,39975.574901743385,39975.574901743385,0,0.0,0.0,0.0,0.0,0.0,0.0,0.0,0.0,0.0,0.0,0.0,none,3908.2222384716033,43883.797140214985,2698.8493664944176,2698.8493664944176,0.0,42674.4242682378,0.2154110468670722,0.5181811771623273,0.1728613500867164,0.0702933619006643,0.0232530639832198,0.05527359952642001,0.05829345795419456,0.050580138721770244,0.9853034416892149,128629.65831806556,-2.9103830456733704e-11,0.0500097511182152,0.058044813338661294,0.053329875559107495,0.0269298755591076,414.7054009534501,-117.84154952254791,0.0,0.0,0.013041787800573964,0.007858676325374687,0.008182114819955833,0.0188597511182152,0.0500097511182152,0.010677636298259366,0.0,71.5489723399399,0.0,False,0.0,0.0,0.0,0.0,0.0,0.0500097511182152,0.058044813338661294,0.053329875559107495,False,False,1,0.0,,,,959.4195425183086,2401.9855150635153,1442.5659725452067,1289.8192045201638,0.06340925893483706,0.15668784534991487,202.09899204720563,0.009935460157734458,-0.005793250170854353,0.0,False,faster_fading
2047Q3,2047-09-30,2047,3,2047,82248.90728815434,35549.60876424041,0.01591617787149202,0.027822357531347368,0.030533804471033644,296.26603885237074,2428.1197442366947,459.9176221064067,1321.0821580867428,476.81598911872584,119.71983719804315,50.58413772677677,6.052004524189207,127.45896483651663,0.0,2561.6307135974007,2857.8967524497716,0.0,0.0,176238.3002509712,179096.19700342097,2.1774902902474764,0.01440826625523034,0.12457944053276594,0.1389877067879963,178513.43296642634,582.7640369946275,37374.402092101336,89905.8425902094,29991.914055880305,119897.7566460897,17206.80442818596,4034.4698000493427,0.20936464820062295,18.094330462093744,53746.122143142275,70478.79196616437,0.3010760660977849,0.39480945940589,40636.31378138394,40636.31378138394,0,0.0,0.0,0.0,0.0,0.0,0.0,0.0,0.0,0.0,0.0,0.0,none,3970.9787554717705,44607.29253685571,2730.437787613255,2730.437787613255,0.0,43366.7515689972,0.2154110468670722,0.5181811771623273,0.1728613500867164,0.0702933619006643,0.0232530639832198,0.05511729047675803,0.05814015931723183,0.050522350694011495,0.9857689171013037,131191.28903166295,0.0,0.04995382357014615,0.05800286767760951,0.05330191178507297,0.026901911785073077,415.5379766375465,-119.27193778517575,0.0,0.0,0.013058403966368658,0.007822357531347367,0.008145796025928513,0.01880382357014615,0.04995382357014615,0.010658027544217633,0.0,72.01399074949084,0.0,False,0.0,0.0,0.0,0.0,0.0,0.04995382357014615,0.05800286767760951,0.05330191178507297,False,False,1,0.0,,,,972.6760931090364,2434.171748760884,1461.4956556518475,1304.3746738733093,0.06343547735186353,0.15668784534991487,204.37965717820674,0.00993956826500682,-0.005800536042007869,0.0,False,faster_fading
2047Q4,2047-12-31,2047,4,2048,83142.1684773115,35690.27620611064,0.015921926461324398,0.027790285196788955,0.030497485677006324,312.9830964815171,2460.656549726835,466.7485720371328,1338.683199345695,482.2217928854695,121.65798487232712,51.345000586209565,6.05491834437418,129.71683856075768,0.0,2596.4283066319667,2909.411403113484,0.0,0.0,179096.19700342097,182005.60840653445,2.1890890235344487,0.015057730738255953,0.12491511126946375,0.1399728420077197,181422.84436953982,582.7640369946275,37973.17900822235,91346.22799182104,30472.415811137595,121818.64380295863,17531.91534274612,4099.106215612696,0.20930759376076621,18.14860382920375,54492.72086038533,71198.04311494729,0.30036306094611337,0.39244254692603175,41273.76316374527,41273.763163745265,0,0.0,0.0,0.0,0.0,0.0,0.0,0.0,0.0,0.0,0.0,0.0,none,4034.4698000493427,45308.23296379461,2779.694564552726,2779.694564552726,0.0,44053.45772829799,0.2154110468670722,0.5181811771623273,0.1728613500867164,0.0702933619006643,0.0232530639832198,0.05496202665621651,0.0579895799034163,0.050477236102127225,0.9862109957040006,133787.71733829493,0.0,0.0499063179360833,0.05796723845206238,0.05327815896804155,0.026878158968041653,433.7148819275591,-120.73178544604197,0.0,0.0,0.01307645352993061,0.007790285196788954,0.0081137236913701,0.018756317936083303,0.0499063179360833,0.0106425942447132,0.0,72.47500855222265,0.0,False,0.0,0.0,0.0,0.0,0.0,0.0499063179360833,0.05796723845206238,0.05327815896804155,False,False,1,0.0,,,,986.0862979856838,2466.711468071209,1480.625170085525,1319.0458158856136,0.06345977450638976,0.15668784534991487,206.6784468089373,0.00994337533379767,-0.0058084501598722775,0.0,False,faster_fading
2048Q1,2048-03-31,2048,1,2048,84063.42215088941,35829.93086138635,0.015743951058668992,0.02886555735818616,0.0304654133424488,312.35393392984014,2493.7244499949925,473.7753861570372,1356.6697445621676,487.52060443560674,123.63256548518697,52.126149354993245,6.05491834437418,132.03030825113038,0.0,2631.809676590497,2944.163610520337,0.0,0.0,182005.60840653445,184949.77201705478,2.2001218518689343,0.01486277507804435,0.1252297186696272,0.14009249374767155,184367.00798006015,582.7640369946275,38578.94358679392,92803.42253672828,30958.524970391667,123761.94750711994,17861.619954926573,4164.496931219704,0.20925079822831613,18.226021789295544,55223.31875615984,71868.31158820499,0.2995292886790917,0.3898111293099564,42090.22478073522,42090.22478073522,0,0.0,0.0,0.0,0.0,0.0,0.0,0.0,0.0,0.0,0.0,0.0,none,4099.106215612696,46189.33099634791,2812.1333022692065,2812.1333022692065,0.0,44902.35808300442,0.2154110468670722,0.5181811771623273,0.1728613500867164,0.0702933619006643,0.0232530639832198,0.05481777254607275,0.057840188544343966,0.05039085219294275,0.9869157776343732,136419.52701488542,0.0,0.04986586842415054,0.0579369013181128,0.05325793421207517,0.026857934212075274,434.5784479210876,-122.22451399124749,0.0,0.0,0.013093271143789928,0.008865557358186161,0.00808585556021521,0.01871586842415054,0.04986586842415054,0.01063001286393533,0.0,72.91625830649247,0.0,False,0.0,0.0,0.0,0.0,0.0,0.04986586842415054,0.0579369013181128,0.05325793421207517,False,False,1,0.0,,,,999.7662944306982,2499.7793683393666,1500.0130739086685,1333.875317237824,0.06346995081135708,0.15668784534991487,209.0020494234288,0.009944969837096621,-0.005815823856033885,0.0,False,faster_fading
2048Q2,2048-06-30,2048,2,2048,84994.06847696935,35969.99670956289,0.01572867180212212,0.028841559013960478,0.03101644053199812,311.74073965155753,2527.567728607514,480.943131210448,1374.850613636807,493.0560237343772,125.79668148746123,52.9212785384216,6.05491834437418,136.91857963243808,0.0,2670.541226584326,2982.2819662358834,0.0,0.0,184949.77201705478,187932.05398329068,2.2111196387100143,0.014671176247365037,0.12568129868064648,0.1403524749280115,187349.28994629605,582.7640369946275,39191.8662926194,94277.83628585302,31450.37832688725,125728.21461274027,18198.548692832428,4230.660348103906,0.2091914322379007,18.298852619150132,55944.09673542952,72488.65972824284,0.29860853356565153,0.3869171842018821,42756.169266327925,42756.169266327925,0,0.0,0.0,0.0,0.0,0.0,0.0,0.0,0.0,0.0,0.0,0.0,none,4164.496931219704,46920.66619754763,2845.3633866034456,2845.3633866034456,0.0,45601.53265293137,0.2154110468670722,0.5181811771623273,0.1728613500867164,0.0702933619006643,0.0232530639832198,0.05467310074435589,0.057757113133139026,0.05038520834416476,0.9873722962000602,139090.06824146974,0.0,0.04983089690059821,0.05791067267544855,0.053240448450299,0.026840448450299103,435.4395566115936,-123.69881696003608,0.0,0.0,0.013106279106123157,0.008841559013960477,0.008061857215989527,0.018680896900598203,0.04983089690059821,0.010619039684608679,0.0,73.35560072988305,0.0,False,0.0,0.0,0.0,0.0,0.0,0.04983089690059821,0.05791067267544855,0.053240448450299,False,False,1,0.0,,,,1013.6372672514839,2533.622646951888,1519.9853797004039,1349.2003235263849,0.0634962108628545,0.15668784534991487,211.4032916387573,0.00994908446798453,-0.005821527039551212,0.0,False,faster_fading
2048Q3,2048-09-30,2048,3,2048,85934.59594210109,36110.6135110879,0.015729055466928488,0.02882096956098781,0.030992442187772435,311.1091617065265,2561.6816760560805,488.24146214238687,1393.2786004435573,498.64089307714187,127.79001718022967,53.730703212765334,6.05491834437418,139.394601285192,0.0,2707.1311956856466,3018.240357392173,0.0,0.0,187932.05398329068,190950.29434068286,2.2220421501642558,0.014481206703578987,0.12600891019535793,0.1404901168989369,190367.53030368823,582.7640369946275,39812.001470711235,95769.59996862133,31948.019490979317,127717.61945960065,18540.30704070784,4297.602332668482,0.2091323105741836,18.364951511428426,56593.87577660808,73136.42867510147,0.29728744017598685,0.38418541522511157,43400.13602895269,43400.13602895269,0,0.0,0.0,0.0,0.0,0.0,0.0,0.0,0.0,0.0,0.0,0.0,none,4230.660348103906,47630.7963770566,2878.8457561069813,2878.8457561069813,0.0,46278.981785059674,0.2154110468670722,0.5181811771623273,0.1728613500867164,0.0702933619006643,0.0232530639832198,0.05453126185341108,0.057619360578612985,0.050387867478846146,0.9878255029576329,141797.1994371554,0.0,0.04980124499887714,0.05788843374915775,0.05322562249943847,0.026825622499438574,436.3002299059706,-125.1910681994441,0.0,0.0,0.013119382905258254,0.00882096956098781,0.00804126776301797,0.01865124499887714,0.04980124499887714,0.010609977235859172,0.0,73.7909820175166,0.0,False,0.0,0.0,0.0,0.0,0.0,0.04980124499887714,0.05788843374915775,0.05322562249943847,False,False,1,0.0,,,,1027.588512464493,2567.7365944004546,1540.1480819359615,1364.6391116206123,0.06351989424794854,0.15668784534991487,213.8223620800557,0.009952795366565508,-0.005827272093478731,0.0,False,faster_fading
2048Q4,2048-12-31,2048,4,2049,86885.09092524015,36251.752729448315,0.01572599653446427,0.028803219531055402,0.030971852734800877,333.43961507281415,2596.2049070005173,495.6718097846368,1411.9962780478531,504.1314106609428,129.8514384014904,54.55397010559432,6.05491834437418,141.91907766637607,0.0,2744.1789030112673,3077.618518084081,0.0,0.0,190950.29434068286,194027.91285876694,2.2331554331423478,0.015350832301469105,0.12633600880374207,0.14168684110521115,193445.1488217723,582.7640369946275,40444.38356045869,97290.82416045177,32455.488459698736,129746.31262015051,18888.58630157107,4365.866339592018,0.20907416808741738,18.39612384838927,57200.00869802147,73907.366185719,0.2956910992413762,0.3820585144464512,43858.32049077191,43858.32049077192,0,0.0,0.0,0.0,0.0,0.0,0.0,0.0,0.0,0.0,0.0,0.0,none,4297.602332668482,48155.9228234404,2935.6994404177053,2935.6994404177053,0.0,46794.01993118962,0.2154110468670722,0.5181811771623273,0.1728613500867164,0.0702933619006643,0.0232530639832198,0.054400138147036266,0.057484675003752685,0.050335367867878046,0.9882895010225566,144541.37834016664,0.0,0.04977619182296049,0.05786964386722026,0.05321309591148014,0.026813095911480244,460.1329059555954,-126.69329088278126,0.0,0.0,0.013131724094836957,0.008803219531055402,0.008023517733083563,0.018626191822960485,0.04977619182296049,0.010602674089876925,0.0,74.22254148853406,0.0,False,0.0,0.0,0.0,0.0,0.0,0.04977619182296049,0.05786964386722026,0.05321309591148014,False,False,1,0.0,,,,1041.674440210799,2602.2598253448914,1560.5853851340923,1380.2661785033024,0.06354444307094968,0.15668784534991487,216.27093351904344,0.009956641868747434,-0.0058326826632106015,0.0,False,faster_fading
2049Q1,2049-03-31,2049,1,2049,87813.95758624349,36391.81947503004,0.01554469472025044,0.027481757172744644,0.03095410270486736,332.87926152991395,2631.8396312943833,503.2918485666954,1431.3919779875011,509.8002831200731,131.95793013894036,55.39759148117364,6.05491834437418,144.50310134964948,0.0,2782.397650988407,3115.276912518321,0.0,0.0,194027.91285876694,197143.18977128525,2.245009736381233,0.015162931756172721,0.12674056505223646,0.1419034968084092,196560.42573429062,582.7640369946275,41084.32105712782,98830.22323100617,32969.02043149961,131799.24366250576,19241.915081554223,4434.9459331027965,0.20901623968125402,18.450452426033458,57780.90994382447,74688.31686543381,0.29396003660437936,0.37997636902962906,44688.003368946585,44688.003368946585,0,0.0,0.0,0.0,0.0,0.0,0.0,0.0,0.0,0.0,0.0,0.0,none,4365.866339592018,49053.8697085386,2970.7738111686713,2970.7738111686713,0.0,47658.777180115256,0.2154110468670722,0.5181811771623273,0.1728613500867164,0.0702933619006643,0.0232530639832198,0.05427658601425708,0.0573607706230127,0.05028065993446314,0.9889407866066686,147323.77599115504,0.0,0.049755187788319194,0.05785389084123929,0.053202593894159496,0.0268025938941596,461.03918785193616,-128.15992632202222,0.0,0.0,0.013143380705083724,0.007481757172744644,0.0080083289340907,0.018605187788319197,0.049755187788319194,0.010596858854228494,0.0,74.67738331700764,0.0,False,0.0,0.0,0.0,0.0,0.0,0.049755187788319194,0.05785389084123929,0.053202593894159496,False,False,1,0.0,,,,1056.0930564252608,2637.8945496387573,1581.8014932134965,1396.5461852137098,0.06361385928163593,0.15668784534991487,218.82181269277933,0.009967518545232217,-0.005837792981652344,0.0,False,faster_fading
2049Q2,2049-06-30,2049,2,2049,88753.02568761374,36532.6539437642,0.01556988523754943,0.02746882772502579,0.03037496292930913,332.24371811195334,2668.140089864082,511.0395273382478,1451.089837200026,515.5358194332742,134.21820041511918,56.256705477415785,6.05491834437418,144.48262816440396,0.0,2818.67763637286,3150.9213544848135,0.0,0.0,197143.18977128525,200294.11112577005,2.256758116965502,0.014973854267520294,0.12703466116383821,0.1420085154313585,199711.34708877542,582.7640369946275,41731.9411705062,100388.10318927729,33488.71748868434,133876.82067796163,19597.730395140043,4504.854845167555,0.20896129227927931,18.49661563553544,58326.766248364926,75296.04120212156,0.29205534436877834,0.37702435189449235,45370.824621340995,45370.82462134099,0,0.0,0.0,0.0,0.0,0.0,0.0,0.0,0.0,0.0,0.0,0.0,none,4434.9459331027965,49805.770554443785,3006.4387263204094,3006.4387263204094,0.0,48377.2633476614,0.2154110468670722,0.5181811771623273,0.1728613500867164,0.0702933619006643,0.0232530639832198,0.054157888915810415,0.05719046424363805,0.0502688809532295,0.9893921592456596,150142.4536275279,0.0,0.0497394735593155,0.05784210516948653,0.05319473677965765,0.026794736779657755,461.9486661262448,-129.70494801429146,0.0,0.0,0.01316132020150809,0.00746882772502579,0.007995399486371846,0.018589473559315506,0.0497394735593155,0.010594074072943657,0.0,75.1265939650756,0.0,False,0.0,0.0,0.0,0.0,0.0,0.0497394735593155,0.05784210516948653,0.05319473677965765,False,False,1,0.0,,,,1070.7618671325938,2674.195008208456,1603.433141075862,1413.1219096764514,0.06368783030114386,0.15668784534991487,221.4190272439602,0.009979108904897251,-0.005845657520266057,0.0,False,faster_fading
2049Q3,2049-09-30,2049,3,2049,89702.17746881726,36674.147973512845,0.015582572445206111,0.02745789061869363,0.030362033481590278,331.560629530603,2704.9895333018153,518.9311961073258,1471.1493519888618,521.4708523785606,136.30678698875067,57.131345838316754,6.05491834437418,147.09241307460726,0.0,2858.1368647207964,3189.6974942513993,0.0,0.0,200294.11112577005,203483.80862002145,2.268437783361029,0.014784953448687993,0.127450055076505,0.142235008525193,202901.0445830268,582.7640369946275,42387.35191624557,101964.72387188155,34014.66631079727,135979.39018267882,19958.697748306597,4575.604735795828,0.20890652388386657,18.525710566284495,58980.87154747993,76142.8120629201,0.2906878654503183,0.37527067551277477,45969.17818075798,45969.17818075799,0,0.0,0.0,0.0,0.0,0.0,0.0,0.0,0.0,0.0,0.0,0.0,none,4504.854845167555,50474.03302592554,3042.6050811767923,3042.6050811767923,0.0,49011.78326193478,0.2154110468670722,0.5181811771623273,0.1728613500867164,0.0702933619006643,0.0232530639832198,0.05404624102764983,0.05707879974416413,0.050281424531978994,0.9898615177156999,153000.59049224868,0.0,0.04972868964877096,0.05783401723657811,0.05318934482438538,0.02678934482438548,462.860152325754,-131.29952279515098,0.0,0.0,0.013182424336333754,0.007457890618693629,0.007984462380039685,0.018578689648770956,0.04972868964877096,0.010594227268731275,0.0,75.57199682679033,0.0,False,0.0,0.0,0.0,0.0,0.0,0.04972868964877096,0.05783401723657811,0.05318934482438538,False,False,1,0.0,,,,1085.539716289704,2711.0444516461894,1625.5047353564853,1430.0443653968557,0.0637685463496792,0.15668784534991487,224.0705703688197,0.009991756128627413,-0.005854909055726946,0.0,False,faster_fading
2049Q4,2049-12-31,2049,4,2050,90661.44035690256,36816.25255371767,0.015589472322463216,0.02744912359277926,0.030351096375258117,348.3141877681875,2742.5337590369436,526.9668671190532,1491.6389133927762,527.4312035164423,138.47532865307357,58.02144635559888,6.057832164559153,149.74832165845683,0.0,2898.3399128599594,3246.654100628147,0.0,0.0,203483.80862002145,206730.4627206496,2.2802468382018164,0.015367688243072056,0.12787530846411455,0.1432429967071866,206147.69868365498,582.7640369946275,43054.45963214212,103569.4821539889,34550.00162484132,138119.4837788302,20326.13798865843,4647.617284024213,0.20885248735282544,18.51265045088487,59810.33284221916,76958.51807630718,0.29013340058673864,0.37331737665625986,46406.6098253319,46406.6098253319,0,0.0,0.0,0.0,0.0,0.0,0.0,0.0,0.0,0.0,0.0,0.0,none,4575.604735795828,50982.21456112773,3096.90577896969,3096.90577896969,0.0,49503.51560430159,0.2154110468670722,0.5181811771623273,0.1728613500867164,0.0702933619006643,0.0232530639832198,0.05394418511056177,0.05697435943460677,0.05023494847054378,0.9903032253999042,155898.93040510864,2.9103830456733704e-11,0.04972242879869937,0.05782932159902442,0.05318621439934958,0.026786214399349684,481.24459271921074,-132.93040495102326,0.0,0.0,0.013205249834876948,0.007449123592779258,0.007975695354126202,0.018572428798699366,0.04972242879869937,0.010596733444573167,0.0,76.0139691281023,0.0,False,0.0,0.0,0.0,0.0,0.0,0.04972242879869937,0.05782932159902442,0.05318621439934958,False,False,1,0.0,,,,1100.5683896254868,2748.5915912015025,1648.0232015760157,1447.2947842236506,0.0638549212774981,0.15668784534991487,226.77350132617377,0.010005290029959611,-0.005864914761015157,0.0,False,faster_fading
2050Q1,2050-03-31,2050,1,2050,91645.04022314337,36956.404706479545,0.01531437591076279,0.028359279268918052,0.030342329349344634,347.5816467741763,2781.1622884058693,535.1930758814157,1512.8484851087205,533.5029377513986,140.6856909074884,58.93209875684543,6.057832164559153,152.46163069092694,0.0,2939.681751261355,3287.2633980355313,0.0,0.0,206730.4627206496,210017.72611868515,2.29164312228267,0.015170778295382343,0.1283072927505351,0.14347807104591742,209434.96208169052,582.7640369946275,43729.73056256657,105193.87742396204,35091.88769059873,140285.76511456078,20698.955374468158,4720.511030094988,0.2087986176133749,18.517909881246187,60687.08122492028,77920.4689322567,0.2897657612736557,0.3720509133611783,47240.85051083204,47240.85051083204,0,0.0,0.0,0.0,0.0,0.0,0.0,0.0,0.0,0.0,0.0,0.0,none,4647.617284024213,51888.46779485625,3134.8017673446047,3134.8017673446047,0.0,50375.65227817665,0.2154110468670722,0.5181811771623273,0.1728613500867164,0.0702933619006643,0.0232530639832198,0.053853142205164996,0.05687950798492012,0.05019033966172747,0.9909220957742376,158838.61215636999,0.0,0.04972026817648645,0.05782770113236473,0.053185134088243116,0.026785134088243224,482.1927658962252,-134.61111912204888,0.0,0.0,0.013229001271866228,0.008359279268918052,0.007969071278893607,0.018570268176486444,0.04972026817648645,0.01060119689759284,0.0,76.44156412833046,0.0,False,0.0,0.0,0.0,0.0,0.0,0.04972026817648645,0.05782770113236473,0.053185134088243116,False,False,1,0.0,,,,1115.855370448568,2787.220120570428,1671.3647501218602,1465.2487040678927,0.0639532134199607,0.15668784534991487,229.58666234215315,0.010020691213976902,-0.005875325878816306,0.0,False,faster_fading
2050Q2,2050-06-30,2050,2,2050,92639.3628554521,37097.152444157575,0.015321169328545325,0.028354687131121308,0.030735404221079936,346.8131452759264,2820.764317309642,543.5634827140763,1534.4665232539594,539.7043756880707,143.17137104959477,59.85856460393952,6.057832164559153,157.246729582817,0.0,2984.068879057018,3330.882024332944,0.0,0.0,210017.72611868515,213348.6081430181,2.3030016784108516,0.014974763840596315,0.12884669268346102,0.14382145652405734,212765.84410602346,582.7640369946275,44413.36666378298,106838.39549687957,35640.48657233209,142478.88206921166,21079.28759836557,4794.307774663217,0.20874293451749396,18.516255370315154,61430.16967847769,78752.86395469884,0.28872195129151645,0.370138657760573,47914.00200670878,47914.00200670878,0,0.0,0.0,0.0,0.0,0.0,0.0,0.0,0.0,0.0,0.0,0.0,none,4720.511030094988,52634.51303680377,3173.6352947501273,3173.6352947501273,0.0,51087.63730145891,0.2154110468670722,0.5181811771623273,0.1728613500867164,0.0702933619006643,0.0232530639832198,0.05376213353209551,0.05683460980566301,0.05022983225496536,0.9914019199611732,161822.681035427,0.0,0.04972210548588425,0.05782907911441309,0.053186052742942025,0.02678605274294213,483.143076012228,-136.3299307363016,0.0,0.0,0.013254448167273548,0.008354687131121308,0.007964479141096863,0.018572105485884255,0.04972210548588425,0.010607626344787388,0.0,76.86690995057246,0.0,False,0.0,0.0,0.0,0.0,0.0,0.04972210548588425,0.05782907911441309,0.053186052742942025,False,False,1,0.0,,,,1131.5561707024542,2826.822149474201,1695.2659787717469,1483.607734928707,0.06405949649043349,0.15668784534991487,232.46329933044674,0.010037344479286456,-0.005886479636049362,0.0,False,faster_fading
2050Q3,2050-09-30,2050,3,2050,93644.55283864727,37238.49223831261,0.015327279138287908,0.028351979293323597,0.030730812083283193,346.0097235474069,2860.7897177759505,552.0815255599681,1556.5251332442015,545.9227849580521,145.45917895164595,60.801095062083796,6.057832164559153,160.11239751992366,0.0,3026.959947460433,3372.9696710078397,0.0,0.0,213348.6081430181,216721.57781402592,2.3142998844518434,0.014779705303034267,0.12929571900144526,0.14407542430447953,216138.8137770313,582.7640369946275,45105.4516124995,108503.23766091008,36195.865418263136,144699.10307917322,21465.24253494595,4869.016550412585,0.20868742094157258,18.512107029631157,62315.80394459463,79678.60350856358,0.2883138056308553,0.3686455112627758,48649.37224522875,48649.372245228755,0,0.0,0.0,0.0,0.0,0.0,0.0,0.0,0.0,0.0,0.0,0.0,none,4794.307774663217,53443.680019891974,3212.8572734879162,3212.8572734879162,0.0,51862.229518716675,0.2154110468670722,0.5181811771623273,0.1728613500867164,0.0702933619006643,0.0232530639832198,0.05368172732865826,0.056751435574050005,0.05023224054640123,0.9919398404318016,164849.64098288742,0.0,0.04972773624038339,0.05783330218028744,0.05318886812019159,0.026788868120191697,484.0956686036503,-138.08594505624342,0.0,0.0,0.013281420079867596,0.008351979293323597,0.007961771303299153,0.01857773624038339,0.04972773624038339,0.010615964937084235,0.0,77.28911988261532,0.0,False,0.0,0.0,0.0,0.0,0.0,0.04972773624038339,0.05783330218028744,0.05318886812019159,False,False,1,0.0,,,,1147.4129203432317,2866.8475499405095,1719.4346295972778,1502.12490085716,0.06416283084592744,0.15668784534991487,235.36471416176286,0.010053535716799426,-0.005898301219684189,0.0,False,faster_fading
2050Q4,2050-12-31,2050,4,2051,94660.60367822148,37380.36063121907,0.015326203032253627,0.028351069053030094,0.03072810424548637,369.3559851918086,2901.800906134035,560.7480001974377,1579.0361218203905,552.4735896671098,147.78392515408044,61.75926929501731,6.063659804929099,163.0297987631761,0.0,3070.89436470214,3440.2503498939486,0.0,0.0,216721.57781402592,220161.82816391988,2.3258020719190955,0.01560759052191788,0.12976441076336212,0.14537200128528002,219579.06412692525,582.7640369946275,45811.40112223286,110201.43166391562,36762.37018726353,146963.80185117916,21858.639183938063,4945.221969575151,0.2086328280174839,18.48585346379347,63008.839834269646,80650.96732004436,0.2869528572079535,0.36729807388843305,49283.76587681865,49283.76587681865,0,0.0,0.0,0.0,0.0,0.0,0.0,0.0,0.0,0.0,0.0,0.0,none,4869.016550412585,54152.782427231235,3277.2205511307725,3277.2205511307725,0.0,52560.98642794942,0.2154110468670722,0.5181811771623273,0.1728613500867164,0.0702933619006643,0.0232530639832198,0.053605945258072336,0.056679069904840756,0.05029118522709326,0.9924473009984943,167920.53534758955,0.0,0.049736544972133256,0.057839908729099845,0.05319327248606653,0.02679327248606663,509.2171411961266,-139.861156004318,0.0,0.0,0.013308124218749304,0.008351069053030093,0.007960861063005649,0.01858654497213326,0.049736544972133256,0.010625683909127607,0.0,77.70895130180293,0.0,False,0.0,0.0,0.0,0.0,0.0,0.049736544972133256,0.057839908729099845,0.05319327248606653,False,False,1,0.0,,,,1163.5255520297226,2907.864565938964,1744.3390139092414,1521.2498206056548,0.06428227843451406,0.15668784534991487,238.36135662964458,0.010072251702087308,-0.005910004820157122,0.0,False,faster_fading
2051Q1,2051-03-31,2051,1,2051,95657.59446604899,37521.68998963111,0.01520936607804746,0.02717662179529957,0.03072719400519109,368.5888202422623,2943.8332977830178,569.6252030380926,1602.1945845532503,559.0336874263561,150.238918059082,62.74090470623546,6.063659804929099,166.01280728413127,0.0,3115.909764872078,3484.49858511434,0.0,0.0,220161.82816391988,223646.32674903423,2.33798819631003,0.015412840864321866,0.13029429737449583,0.14570713823881767,223063.5627120396,582.7640369946275,46526.23961764876,111921.00853066811,37336.008119062826,149257.01664973094,22257.919512965425,5022.386931694443,0.20857839376353493,18.49513340727247,63809.95591139251,81709.07898336177,0.2860617625558459,0.3663040166216785,50203.62858388755,50203.62858388755,0,0.0,0.0,0.0,0.0,0.0,0.0,0.0,0.0,0.0,0.0,0.0,none,4945.221969575151,55148.8505534627,3318.485777830209,3318.485777830209,0.0,53522.11436171776,0.2154110468670722,0.5181811771623273,0.1728613500867164,0.0702933619006643,0.0232530639832198,0.05353499287791495,0.0566112625582333,0.050186998038978685,0.9931642823883848,171036.44511246163,0.0,0.049748706603861985,0.05784902995289638,0.05319935330193089,0.026799353301930992,510.22310288785536,-141.63428264559306,0.0,0.0,0.013336755986689996,0.00717662179529957,0.007961660161497141,0.018598706603861984,0.049748706603861985,0.010637046442364843,0.0,78.15059817202501,0.0,False,0.0,0.0,0.0,0.0,0.0,0.049748706603861985,0.05784902995289638,0.05319935330193089,False,False,1,0.0,,,,1179.9118295818912,2949.896957587947,1769.9851280060557,1540.9762588955216,0.06443717375487415,0.15668784534991487,241.45224974171185,0.010096521916089313,-0.00592255255575603,0.0,False,faster_fading
2051Q2,2051-06-30,2051,2,2051,96665.7199505542,37663.77948527116,0.015233710995158356,0.027178943232274815,0.030812068774215728,367.7398937694031,2986.603222922898,578.655061029847,1625.8808137476176,565.3836600161773,152.94306205560616,63.74062607364975,6.063659804929099,169.50694673973385,0.0,3162.173829467561,3529.913723236964,0.0,0.0,223646.32674903423,227176.24047227117,2.3501220555588356,0.015216972219624784,0.13084985374691485,0.1460668259665396,226593.47643527653,582.7640369946275,47250.10835927323,113662.30806985771,37916.89257128869,151579.2006411464,22663.64074937892,5100.526685477978,0.20852369230836884,18.461869617651807,64624.45803170186,82759.55921003077,0.28519999361129444,0.3652336356367698,50766.95455107191,50766.95455107191,0,0.0,0.0,0.0,0.0,0.0,0.0,0.0,0.0,0.0,0.0,0.0,none,5022.386931694443,55789.34148276635,3360.40677649723,3360.40677649723,0.0,54127.36132756914,0.2154110468670722,0.5181811771623273,0.1728613500867164,0.0702933619006643,0.0232530639832198,0.05346833567262465,0.05655668707702066,0.0503082577338418,0.993683163900634,174198.6189419292,-2.9103830456733704e-11,0.049765205421673925,0.05786140406625534,0.05320760271083686,0.026807602710836965,511.23440553986785,-143.4945117704647,0.0,0.0,0.013371463683554585,0.007178943232274814,0.007963981598472385,0.018615205421673928,0.049765205421673925,0.01065122382320154,0.0,78.58909542226718,0.0,False,0.0,0.0,0.0,0.0,0.0,0.049765205421673925,0.05786140406625534,0.05320760271083686,False,False,1,0.0,,,,1196.5829420636849,2992.666882727827,1796.0839406641423,1561.007328987164,0.06459403932585989,0.15668784534991487,244.59087495442444,0.010121100844416652,-0.005937762087485163,0.0,False,faster_fading
2051Q3,2051-09-30,2051,3,2051,97684.81379432448,37806.50509305225,0.01524424175860939,0.027182750431628978,0.03081439021119097,366.84267660536574,3030.095360207251,587.8528371738962,1650.026121770042,571.9680862044564,155.48993138648606,64.75838367237199,6.063659804929099,172.6096059675666,0.0,3208.7686259797465,3575.6113025851123,0.0,0.0,227176.24047227117,230751.8517748563,2.362208032260825,0.015021482351504648,0.13139273143257718,0.14641421378408181,230169.08773786167,582.7640369946275,47983.15251723204,115425.6794948964,38505.14003891338,153930.8195338098,23075.458785155406,5179.656901664432,0.20846914322343665,18.448954490507173,65398.20927113412,83794.2621387409,0.28413115728909605,0.3640552385304396,51681.01875341188,51681.018753411874,0,0.0,0.0,0.0,0.0,0.0,0.0,0.0,0.0,0.0,0.0,0.0,none,5100.526685477978,56781.54543888985,3403.001696617546,3403.001696617546,0.0,55084.02045002942,0.2154110468670722,0.5181811771623273,0.1728613500867164,0.0702933619006643,0.0232530639832198,0.053404738977374626,0.05649831371994035,0.05027803655828263,0.9941712970439723,177407.38756790894,2.9103830456733704e-11,0.04978564443687712,0.057876733327657734,0.05321782221843846,0.02681782221843856,512.2495156800745,-145.40683907470878,0.0,0.0,0.013408800510680979,0.007182750431628977,0.007967788797826548,0.018635644436877118,0.04978564443687712,0.010667855639050573,0.0,79.0253772641587,0.0,False,0.0,0.0,0.0,0.0,0.0,0.04978564443687712,0.057876733327657734,0.05321782221843846,False,False,1,0.0,,,,1213.2468061689397,3036.15902001218,1822.9122138432404,1581.6795760433217,0.06476665162605727,0.15668784534991487,247.8299648041949,0.010148147093815472,-0.0059541225878103465,0.0,False,faster_fading
2051Q4,2051-12-31,2051,4,2052,98715.07057746722,37949.88182502333,0.015256041760419059,0.027188259372859597,0.030818197410545135,394.2975890495304,3074.256114061891,597.2180425458399,1674.630410452115,578.6028494090632,158.0101338897831,65.7946777650908,6.070944355391532,175.76754133032838,0.0,3256.0945997476106,3650.392188797141,0.0,0.0,230751.8517748563,234402.24396365343,2.374533519476187,0.01597719929664045,0.13193910841373999,0.14791630771038045,233819.4799266588,582.7640369946275,48731.625050013,117226.16458491796,39105.76834651908,156331.93293143704,23495.469374299082,5260.45257090965,0.2084155908023508,18.390648800100053,66426.9426771241,85826.23770765659,0.28409498942500416,0.3670619647882946,52146.38434238213,52146.38434238214,0,0.0,0.0,0.0,0.0,0.0,0.0,0.0,0.0,0.0,0.0,0.0,none,5179.656901664432,57326.04124404657,3474.624647466813,3474.624647466813,0.0,55621.00898984895,0.2154110468670722,0.5181811771623273,0.1728613500867164,0.0702933619006643,0.0232530639832198,0.053346766578535834,0.05644322374365289,0.05032252105080129,0.9946419341103793,180663.48216765656,-2.9103830456733704e-11,0.049810066391809335,0.057895049793856894,0.053230033195904566,0.026830033195904667,541.673579811088,-147.37599076155757,0.0,0.0,0.013449083476311591,0.007188259372859596,0.007973297739057167,0.01866006639180933,0.049810066391809335,0.010686768652752168,0.0,79.45934225755829,0.0,False,0.0,0.0,0.0,0.0,0.0,0.049810066391809335,0.057895049793856894,0.053230033195904566,False,False,1,0.0,,,,1230.1135934004612,3080.3270584172824,1850.2134650168211,1602.6927175433898,0.0649421697484648,0.15668784534991487,251.12246866987346,0.010175648650235371,-0.005971772694865406,0.0,False,faster_fading
2052Q1,2052-03-31,2052,1,2052,99790.8029457767,38092.487734360984,0.01511590894008652,0.028756501454362923,0.030823706351775754,393.3163510607211,3119.629843551886,606.8313697804765,1699.9579764483653,585.3186047151025,160.66411998119125,66.85777262675161,6.070944355391532,178.99842464856127,0.0,3304.699212555839,3698.01556361656,0.0,0.0,234402.24396365343,238100.25952726998,2.385994024485868,0.015765635287028897,0.13246508155071215,0.14823071683774103,237517.49549027535,582.7640369946275,49489.660215861266,119049.65302844282,39714.07040013938,158763.7234285822,23921.831344231752,5342.280501600119,0.2083621676529825,18.373597085393772,67442.5042910794,87899.7068076578,0.283947522063025,0.37007676687655483,53215.32368669733,53215.323686697324,0,0.0,0.0,0.0,0.0,0.0,0.0,0.0,0.0,0.0,0.0,0.0,none,5260.45257090965,58475.77625760697,3519.0171389679986,3519.0171389679986,0.0,56734.34082566532,0.2154110468670722,0.5181811771623273,0.1728613500867164,0.0702933619006643,0.0232530639832198,0.05329204313069229,0.05639364464562494,0.05024788905990734,0.9952845914807918,183968.1813802124,0.0,0.04983803853415632,0.05791602890061713,0.05324401926707806,0.026844019267078162,542.7513977092494,-149.43504664852833,0.0,0.0,0.013490533365629677,0.008756501454362922,0.00798049599579231,0.018688038534156317,0.04983803853415632,0.010707542538364007,0.0,79.86457974963508,0.0,False,0.0,0.0,0.0,0.0,0.0,0.04983803853415632,0.05791602890061713,0.05324401926707806,False,False,1,0.0,,,,1247.3756267295284,3125.7007879072776,1878.3251611777491,1624.3495407438793,0.06511019022971493,0.15668784534991487,254.5158296342822,0.01020197541741711,-0.00598993262855002,0.0,False,faster_fading
2052Q2,2052-06-30,2052,2,2052,100878.35447096301,38235.58345368076,0.015111016890269724,0.028765396863362387,0.03051621768637602,392.32376710325485,3165.713384030169,616.6168982200991,1725.7319037606449,591.9102063789339,163.51558780339516,67.93878786709512,6.070944355391532,180.44890311665884,0.0,3352.2332315022195,3744.5569986054743,0.0,0.0,238100.25952726998,241844.81652587547,2.3973905779310516,0.015556311129804639,0.1329218046460951,0.14847811577589973,241262.05248888084,582.7640369946275,50257.40847185792,120896.50675689698,40330.166937380585,161226.67369427756,24352.813387557686,5425.156935187632,0.2083104572534222,18.31735850475053,68446.51726919647,90030.43039032583,0.2837019604330482,0.3731644884123462,53819.26363687257,53819.26363687258,0,0.0,0.0,0.0,0.0,0.0,0.0,0.0,0.0,0.0,0.0,0.0,none,5342.280501600119,59161.5441384727,3564.1080954888153,3564.1080954888153,0.0,57383.3717323614,0.2154110468670722,0.5181811771623273,0.1728613500867164,0.0702933619006643,0.0232530639832198,0.05323484454520612,0.05631633057700692,0.0503726386914703,0.9956782559775318,187320.4146117146,2.9103830456733704e-11,0.049868753781645195,0.05793906533623379,0.053259376890822496,0.026859376890822597,543.8318806208638,-151.50811351760893,0.0,0.0,0.013530763843892794,0.008765396863362387,0.007989391404791775,0.01871875378164519,0.049868753781645195,0.01072936237685342,0.0,80.26780342806494,0.0,False,0.0,0.0,0.0,0.0,0.0,0.049868753781645195,0.05793906533623379,0.053259376890822496,False,False,1,0.0,,,,1264.7913250083982,3171.7843283855605,1906.9930033771623,1646.4408619175513,0.06528420771936622,0.15668784534991487,257.97727114991784,0.010229241842923774,-0.006007556896111713,0.0,False,faster_fading
2052Q3,2052-09-30,2052,3,2052,101978.0110424721,38379.21390910104,0.015110719829447783,0.028775889724820994,0.030525113095375485,391.30771220675683,3212.177139020702,626.5685821966629,1751.9506676185895,598.367527675751,166.25249910343499,69.03786242626393,6.070944355391532,183.75286788552756,0.0,3402.0009512616207,3793.3086634683777,0.0,0.0,241844.81652587547,245638.12518934385,2.408736184186214,0.01534870932298469,0.13344056886321287,0.14878927818619758,245055.3611523492,582.7640369946275,51034.94666450952,122766.9106280852,40954.11962541836,163721.03025350356,24790.294067282775,5509.090167053323,0.2082588457747776,18.273085467674488,69485.72823212337,92236.08163041351,0.28355114495505596,0.3763887523075693,54729.962774621614,54729.96277462162,0,0.0,0.0,0.0,0.0,0.0,0.0,0.0,0.0,0.0,0.0,0.0,none,5425.156935187632,60155.11970980925,3609.55579558285,3609.55579558285,0.0,58339.51857020447,0.2154110468670722,0.5181811771623273,0.1728613500867164,0.0702933619006643,0.0232530639832198,0.05317799934580205,0.05626750244444679,0.050363584211432805,0.9960261724079486,190722.4155629762,0.0,0.04990202053214979,0.05796401539911224,0.05327601026607479,0.026876010266074897,544.9158640935315,-153.60815188677464,0.0,0.0,0.013570921766557636,0.008775889724820993,0.007999884266250382,0.01875202053214979,0.04990202053214979,0.010752136265899406,0.0,80.66945245822082,0.0,False,0.0,0.0,0.0,0.0,0.0,0.04990202053214979,0.05796401539911224,0.05327601026607479,False,False,1,0.0,,,,1282.1076704422244,3218.2480833760933,1936.140412933869,1668.9390438267917,0.06546270227340312,0.15668784534991487,261.50246279756715,0.01025720977000251,-0.0060251479830411465,0.0,False,faster_fading
2052Q4,2052-12-31,2052,4,2053,103089.99320116625,38523.39937216013,0.015112349927600244,0.028787747128829522,0.03053560595683498,404.83051184844584,3259.203630429491,636.6867390773809,1778.6164461068668,604.746798494933,168.99856694275667,70.15507980755358,6.072401265484019,187.1174351889458,0.0,3452.393466883921,3857.223978732367,0.0,0.0,245638.12518934385,249495.3491680762,2.4201703911379604,0.01570784900755493,0.13395649217463967,0.1496643411821946,248912.58513108158,582.7640369946275,51825.5281571679,124668.6907571297,41588.53919749737,166257.22995462708,25235.395629951017,5594.431389335572,0.20820774542145268,18.214047679673087,71280.28008942175,94432.08209377737,0.28636671806644226,0.3793784956435523,55476.10266487051,55476.10266487051,0,0.0,0.0,0.0,0.0,0.0,0.0,0.0,0.0,0.0,0.0,0.0,none,5509.090167053323,60985.19283192383,3670.106543543421,3670.106543543421,0.0,59146.20920841393,0.2154110468670722,0.5181811771623273,0.1728613500867164,0.0702933619006643,0.0232530639832198,0.05312151753286326,0.05621917956298896,0.05044371587539116,0.9963419330830151,194174.80902986013,0.0,0.049937688569419665,0.05799076642706465,0.05329384428470973,0.026893844284709832,560.5715697311183,-155.74105788267246,0.0,0.0,0.013611488202602346,0.008787747128829522,0.00801174167025891,0.018787688569419665,0.049937688569419665,0.010775946899160754,0.0,81.06942047511099,0.0,False,0.0,0.0,0.0,0.0,0.0,0.049937688569419665,0.05799076642706465,0.05329384428470973,False,False,1,0.0,,,,1299.5109744148833,3265.2760316949752,1965.765057280092,1691.8014849404533,0.0656436743240105,0.15668784534991487,265.08472943510606,0.010285565890680732,-0.006042916603118394,0.0,False,faster_fading
2053Q1,2053-03-31,2053,1,2053,104191.90044437654,38667.76202947189,0.01507407614012557,0.02795015846174312,0.03054746336084262,403.82129035454534,3306.994505767367,647.0117712645851,1805.835230381518,610.9923523986131,171.86033534794643,71.29481637470377,6.072401265484019,190.55020467631476,0.0,3503.6171117091662,3907.4384020637117,0.0,0.0,249495.3491680762,253402.78757013992,2.432077603819315,0.015502982041108952,0.13450631370639382,0.15000929574750277,252820.0235331453,582.7640369946275,52626.18693485499,126594.71225863267,42231.04550941913,168825.75776805182,25687.218401830603,5680.860428407896,0.20815672033965923,18.193624976216125,73139.39429801093,96727.66909981708,0.28929431014162604,0.3825949691327984,56571.43148330736,56571.43148330736,0,0.0,0.0,0.0,0.0,0.0,0.0,0.0,0.0,0.0,0.0,0.0,none,5594.431389335572,62165.86287264293,3716.8881973873968,3716.8881973873968,0.0,60288.31968069475,0.2154110468670722,0.5181811771623273,0.1728613500867164,0.0702933619006643,0.0232530639832198,0.053068040106172554,0.056171261282291926,0.050385363492651575,0.9968385185832233,197678.4261415693,0.0,0.049975558667577955,0.05801916900068336,0.053312779333788876,0.026912779333788977,561.6936467287502,-157.87235637420483,0.0,0.0,0.013652389103793041,0.007950158461743118,0.008024822809226478,0.01882555866757795,0.049975558667577955,0.010800735858351476,0.0,81.4851567413319,0.0,False,0.0,0.0,0.0,0.0,0.0,0.049975558667577955,0.05801916900068336,0.053312779333788876,False,False,1,0.0,,,,1317.1333029579228,3313.0669070328513,1995.9336040749286,1715.0626025132424,0.06584245397957161,0.15668784534991487,268.72946382801746,0.010316712246610004,-0.006060830283386027,0.0,False,faster_fading
2053Q2,2053-06-30,2053,2,2053,105306.22809357737,38812.76831983669,0.01508481448078336,0.027964365472976614,0.03075055744857727,402.75811390647823,3355.5420219630983,657.5057731534424,1833.5025919268485,617.255787983102,174.82411130813196,72.45375759157233,6.072401265484019,195.23691038597417,0.0,3556.8513336145566,3959.609447521035,0.0,0.0,253402.78757013992,257362.39701766096,2.4439427911990466,0.01529854866888134,0.13510507015611126,0.15040361882499262,256779.63298066633,582.7640369946275,53437.074363876905,128545.33925120285,42881.76002841766,171427.0992796205,26147.065713298318,5768.393623870572,0.2081048007724987,18.134180781700774,75078.00904737743,99094.2924590369,0.29238303745464994,0.3859118081475644,57189.903076190814,57189.90307619081,0,0.0,0.0,0.0,0.0,0.0,0.0,0.0,0.0,0.0,0.0,0.0,none,5680.860428407896,62870.763504598704,3764.3725371350606,3764.3725371350606,0.0,60954.275613325866,0.2154110468670722,0.5181811771623273,0.1728613500867164,0.0702933619006643,0.0232530639832198,0.05301555879624483,0.05614541762102831,0.05051549388774104,0.9971281621211724,201235.27747518386,0.0,0.05001604484367031,0.05804953363275263,0.053333022421835054,0.026933022421835158,562.8214028712744,-160.06328896479616,0.0,0.0,0.013695972578145428,0.007964365472976614,0.008039029820459974,0.018866044843670313,0.05001604484367031,0.010827015023210335,0.0,81.89933781176715,0.0,False,0.0,0.0,0.0,0.0,0.0,0.05001604484367031,0.05804953363275263,0.053333022421835054,False,False,1,0.0,,,,1334.9471004232212,3361.6144232285824,2026.6673228053612,1738.7458017915433,0.06604531691122605,0.15668784534991487,272.44033329392704,0.010348498402272303,-0.006079917279823581,0.0,False,faster_fading
2053Q3,2053-09-30,2053,3,2053,106433.03597340354,38958.379909279836,0.015091225992535984,0.0279796058371582,0.030764764459810766,401.65188963922265,3404.732790892531,668.1777769245532,1861.6226173021819,623.487017100828,177.81325581341954,73.63212375154876,6.072401265484019,198.8227831726723,0.0,3609.627975330687,4011.27986496991,0.0,0.0,257362.39701766096,261373.67688263085,2.4557570353244955,0.015095008273167782,0.13565817952360934,0.15075318779677713,260790.91284563622,582.7640369946275,54258.31973500263,130520.8827497294,43540.78650672479,174061.6692564542,26613.878921852523,5857.044932326882,0.20805295377419256,18.093605159105024,77067.16311422801,101473.46263482796,0.29551322273197667,0.38909892038642746,58172.63699215082,58172.636992150816,0,0.0,0.0,0.0,0.0,0.0,0.0,0.0,0.0,0.0,0.0,0.0,none,5768.393623870572,63941.03061602139,3812.4570817972376,3812.4570817972376,0.0,61985.09407394805,0.2154110468670722,0.5181811771623273,0.1728613500867164,0.0702933619006643,0.0232530639832198,0.05296354562839212,0.056101870625380974,0.05051073236175556,0.997443878051057,204844.90545051455,0.0,0.0500590147294018,0.05808176104705125,0.0533545073647008,0.026954507364700904,563.954404053069,-162.3025144138463,0.0,0.0,0.013741158676341913,0.007979605837158201,0.008054270184641561,0.018909014729401805,0.0500590147294018,0.01085474454476024,0.0,82.31178410865405,0.0,False,0.0,0.0,0.0,0.0,0.0,0.0500590147294018,0.05808176104705125,0.0533545073647008,False,False,1,0.0,,,,1352.9158826226546,3410.805192158015,2057.8893095353606,1762.7813508770496,0.06624940592007728,0.15668784534991487,276.20641169193715,0.010380476669328802,-0.006099704398337522,0.0,False,faster_fading
2053Q4,2053-12-31,2053,4,2054,107572.38552443197,39104.55859301852,0.015093386960919553,0.027995937173382772,0.030780004823992353,428.86386069948264,3454.5343089585376,679.0295067017722,1890.2006003908375,629.6442191066416,180.83011300604866,74.82986975323696,6.073858175576505,202.4715619745887,0.0,3663.079729108703,4091.9435898081856,0.0,0.0,261373.67688263085,265465.62047243904,2.467785939469997,0.01594698708627517,0.1362089242978344,0.15215591138410958,264882.85643544444,582.7640369946275,55096.15497627846,132536.33394365216,44213.12589258062,176749.45983623277,27089.754548682122,5947.48707425104,0.20800196629450857,18.114924937029265,78307.48516159959,103099.12735372166,0.29563062787600297,0.38922536830483145,59701.392628093556,59701.392628093556,0,0.0,0.0,0.0,0.0,0.0,0.0,0.0,0.0,0.0,0.0,0.0,none,5857.044932326882,65558.43756042044,3889.4720278335967,3889.4720278335967,0.0,63590.86465592715,0.2154110468670722,0.5181811771623273,0.1728613500867164,0.0702933619006643,0.0232530639832198,0.05291431516736185,0.05605889273621994,0.050686907020527465,0.9977313608497757,208507.98517962324,0.0,0.050104180089332935,0.0581156350669996,0.05337709004466636,0.026977090044666467,593.4422653042407,-164.57840460475802,0.0,0.0,0.013786886335929734,0.007995937173382772,0.008070601520866132,0.018954180089332934,0.050104180089332935,0.010883578568466803,0.0,82.72277050410489,0.0,False,0.0,0.0,0.0,0.0,0.0,0.050104180089332935,0.0581156350669996,0.05337709004466636,False,False,1,0.0,,,,1370.9754276652534,3460.608167134114,2089.6327394688606,1787.2160839706853,0.06645631498298495,0.15668784534991487,280.0350373720792,0.010412896804579175,-0.006119726872372047,0.0,False,faster_fading
2054Q1,2054-03-31,2054,1,2054,108718.70300485402,39250.512728924965,0.015013422143355548,0.027879174335153713,0.030796336160216924,427.7622415259838,3505.4835245251584,690.1369177903133,1919.4464164287706,635.8846179904122,183.9600996933667,76.05547262229548,6.073858175576505,206.20001757863525,0.0,3717.75740027937,4145.519641805354,0.0,0.0,265465.62047243904,269611.14011424436,2.4798965832236513,0.015738312901208373,0.13678446477101117,0.15252277767221953,269028.37607724976,582.7640369946275,55944.72794047714,134577.61522375263,44894.08200124755,179471.69722500019,27572.862586248917,6039.0883255235385,0.2079510301337617,18.17608063028309,79593.95674088421,104716.93281654405,0.29585710586168545,0.3892412181326005,60905.62070509857,60905.62070509856,0,0.0,0.0,0.0,0.0,0.0,0.0,0.0,0.0,0.0,0.0,0.0,none,5947.48707425104,66853.10777934961,3939.3196242267186,3939.3196242267186,0.0,64844.94032932528,0.2154110468670722,0.5181811771623273,0.1728613500867164,0.0702933619006643,0.0232530639832198,0.052867987997309476,0.05601866476966801,0.05064781310559757,0.9981847175960349,212225.7425799026,-5.820766091346741e-11,0.050151332771495305,0.05815099957862138,0.05340066638574755,0.027000666385747656,594.6424471611215,-166.88020563513766,0.0,0.0,0.013832938239235266,0.007879174335153713,0.008088010889360033,0.019001332771495308,0.050151332771495305,0.010913321882135271,0.0,83.13680367673561,0.0,False,0.0,0.0,0.0,0.0,0.0,0.050151332771495305,0.05815099957862138,0.05340066638574755,False,False,1,0.0,,,,1389.4326523597103,3511.5573827007347,2122.1247303410246,1812.206845311872,0.06667507228194072,0.15668784534991487,283.9507859202837,0.010447173414407124,-0.006139889495469308,0.0,False,faster_fading
2054Q2,2054-06-30,2054,2,2054,109877.9149713126,39397.07867534555,0.015020332015097448,0.027897586426374604,0.03094711069398123,426.61459330330285,3557.242517031248,701.4256669384101,1949.1809821396328,642.1536979024098,187.18083841007694,77.30133164071945,6.073858175576505,210.8931969726409,0.0,3774.2095721794653,4200.824165482768,0.0,0.0,269611.14011424436,273811.96427972714,2.4919654177203414,0.01553049467364521,0.13739647583101125,0.15292697050465645,273229.20024273254,582.7640369946275,56804.20314733126,136645.12234981163,45583.78685521701,182228.90920502864,28064.22144474971,6131.866445622934,0.2078994598559279,18.204924145367247,80882.51000063961,106384.09499552466,0.29602439976688016,0.3893584393652461,61634.14920054916,61634.14920054917,0,0.0,0.0,0.0,0.0,0.0,0.0,0.0,0.0,0.0,0.0,0.0,none,6039.0883255235385,67673.23752607271,3989.9309685101275,3989.9309685101275,0.0,65624.08016905929,0.2154110468670722,0.5181811771623273,0.1728613500867164,0.0702933619006643,0.0232530639832198,0.0528236338196931,0.05599486090345067,0.05078434916522945,0.9984906272997457,215999.95215208209,0.0,0.05020066306300831,0.05818799729725613,0.053425331531504056,0.02702533153150416,595.848738635219,-169.23414533191612,0.0,0.0,0.01388071776730319,0.007897586426374604,0.008106422980579814,0.019050663063008313,0.05020066306300831,0.010944240082428499,0.0,83.54964609355923,0.0,False,0.0,0.0,0.0,0.0,0.0,0.05020066306300831,0.05818799729725613,0.053425331531504056,False,False,1,0.0,,,,1408.044778405092,3563.3163752068244,2155.2715968017324,1837.7087307616132,0.06690002194677284,0.15668784534991487,287.94662140376397,0.010482420292701853,-0.0061608065779588375,0.0,False,faster_fading
2054Q3,2054-09-30,2054,3,2054,111050.17560112069,39544.251167236675,0.015026415478738064,0.02791692042266874,0.03096552278520101,425.42237018703605,3609.765203575972,712.9021656904632,1979.408284392858,648.4361963280737,190.450716384992,78.5678407795841,6.073858175576505,214.77765369035856,0.0,3830.6167154419068,4256.039085628943,0.0,0.0,273811.96427972714,278068.00336535607,2.5039852648603094,0.01532360909414871,0.1379778715236268,0.15330148061777554,277485.23932836147,582.7640369946275,57674.73550304867,138739.22795583427,46282.3647623953,185021.59271822957,28563.07295081053,6225.838156272722,0.20784794046215704,18.251328883848398,82143.23202970662,107883.10280414722,0.2960273931273967,0.3887886183253301,62709.597767715284,62709.59776771528,0,0.0,0.0,0.0,0.0,0.0,0.0,0.0,0.0,0.0,0.0,0.0,none,6131.866445622934,68841.46421333821,4041.2614319385843,4041.2614319385843,0.0,66750.85919965386,0.2154110468670722,0.5181811771623273,0.1728613500867164,0.0702933619006643,0.0232530639832198,0.052781717468968904,0.055959814984980524,0.050785970675565964,0.9987797562399737,219830.56886752398,0.0,0.050252153957572,0.058226615468178894,0.0534510769787859,0.027051076978786,597.061179334084,-171.638809147048,0.0,0.0,0.01393001877364352,0.007916920422668741,0.00812575697687595,0.019102153957571998,0.050252153957572,0.010976396980696052,0.0,83.96103397258285,0.0,False,0.0,0.0,0.0,0.0,0.0,0.050252153957572,0.058226615468178894,0.0534510769787859,False,False,1,0.0,,,,1426.8683397945838,3615.8390617515483,2188.9707219569646,1863.6042612161484,0.06712656692808837,0.15668784534991487,292.0041362748782,0.010517917137699019,-0.0061823876718053875,0.0,False,faster_fading
2054Q4,2054-12-31,2054,4,2055,112235.56684192018,39691.99848519298,0.015028977409089261,0.027937187791020227,0.030984856781498035,451.7943116062729,3663.092608228591,724.5699219903614,2010.131340601992,654.767286321629,193.7689909862341,79.85506832837335,6.0767719957614785,218.73033958542177,0.0,3887.8997198097745,4339.694031416047,0.0,0.0,278068.00336535607,282407.69739677216,2.516205026117375,0.01610164493551707,0.1385621271120141,0.15466377204753115,281824.93335977755,582.7640369946275,58562.436606007104,140874.63377271028,46994.72010982347,187869.35388253376,29071.47968256528,6321.663188671385,0.20779721619323982,18.277082466056864,83423.07249593239,109287.67025430696,0.29601026247537343,0.38778566875341147,63518.1053458829,63518.105345882905,0,0.0,0.0,0.0,0.0,0.0,0.0,0.0,0.0,0.0,0.0,0.0,none,6225.838156272722,69743.94350215563,4120.963691830625,4120.963691830625,0.0,67639.06903771353,0.2154110468670722,0.5181811771623273,0.1728613500867164,0.0702933619006643,0.0232530639832198,0.0527421704337587,0.05592732242121979,0.050883380636883926,0.9990809478068788,223718.46858733374,5.820766091346741e-11,0.05030558573734651,0.05826668930300978,0.05347779286867315,0.027077792868673255,625.8786274121902,-174.08431580591727,0.0,0.0,0.0139799619985624,0.007937187791020227,0.008146024345226547,0.01915558573734651,0.05030558573734651,0.011009561392119963,0.0,84.37118006217317,0.0,False,0.0,0.0,0.0,0.0,0.0,0.05030558573734651,0.05826668930300978,0.05347779286867315,False,False,1,0.0,,,,1445.9286639742854,3669.1693802243526,2223.240716250067,1889.9049697939815,0.06735494007726965,0.15668784534991487,296.1251376331149,0.010553700434380009,-0.006204247751556648,0.0,False,faster_fading
2055Q1,2055-03-31,2055,1,2055,113438.60053926599,39840.3535168915,0.015034653022771627,0.02811229782203287,0.031005124149847744,450.5853726145119,3717.601345123219,736.5044189178525,2041.5616977831753,661.1787940383058,197.18508852484283,81.17134585904185,6.0767719957614785,222.76758407302864,0.0,3946.445701192009,4397.031073806521,0.0,0.0,282407.69739677216,286804.7284705787,2.5282816176077842,0.015888255689774484,0.13915706584641704,0.15504532153619152,286221.9644335841,582.7640369946275,59461.619074229595,143037.65854160607,47716.28893227648,190753.94747388255,29587.670280790884,6418.727604680977,0.2077465270420477,18.344217677081307,84658.07571777869,110497.42683249523,0.2957777048498423,0.38605502219636756,64815.41242984072,64815.41242984072,0,0.0,0.0,0.0,0.0,0.0,0.0,0.0,0.0,0.0,0.0,0.0,none,6321.663188671385,71137.0756185121,4174.263489733492,4174.263489733492,0.0,68989.6759195742,0.2154110468670722,0.5181811771623273,0.1728613500867164,0.0702933619006643,0.0232530639832198,0.05270445382216054,0.05589714073051489,0.05085238214198079,0.9995247249751706,227664.91428852576,0.0,0.05036075329321778,0.05830806496991323,0.05350537664660879,0.027105376646608892,627.1588696290105,-176.57349701449854,0.0,0.0,0.014030172586810597,0.00811229782203287,0.008167223037122504,0.01921075329321778,0.05036075329321778,0.011043530256095273,0.0,84.77713479822265,0.0,False,0.0,0.0,0.0,0.0,0.0,0.05036075329321778,0.05830806496991323,0.05350537664660879,False,False,1,0.0,,,,1465.3091177213896,3723.6781171189805,2258.368999397591,1916.8771104172822,0.06759170516225713,0.15668784534991487,300.3513442318548,0.010590798645400787,-0.006226222685227111,0.0,False,faster_fading
2055Q2,2055-06-30,2055,2,2055,114655.27850581791,39989.309681629136,0.015039387711217378,0.028134373238234364,0.03064730037629163,449.3338257052808,3772.893122986988,748.6329821531423,2073.5060181606914,667.5899385942797,200.65506322388256,82.5091208549933,6.0767719957614785,224.1358201645015,0.0,4003.1057151472514,4452.439540852532,0.0,0.0,286804.7284705787,291257.1680114312,2.540285731342513,0.01567599264721093,0.13965709271533008,0.15533308536254103,290674.4039744366,582.7640369946275,60372.44240517494,145228.68594099203,48447.19922201131,193675.88516300335,30109.027784619633,6517.048621638622,0.20769782815305748,18.3774801863218,85954.6629548345,111800.97458574444,0.29570771206395524,0.38462614202376344,65577.78575291032,65577.78575291032,0,0.0,0.0,0.0,0.0,0.0,0.0,0.0,0.0,0.0,0.0,0.0,none,6418.727604680977,71996.51335759129,4228.30372068803,4228.30372068803,0.0,69806.08947359835,0.2154110468670722,0.5181811771623273,0.1728613500867164,0.0702933619006643,0.0232530639832198,0.052668358378332496,0.055830400516676315,0.05099856884665428,0.9998094795804465,231668.020003673,-5.820766091346741e-11,0.05041774254126129,0.05835080690594586,0.05353387127063054,0.027133871270630643,628.4458368658346,-179.11201116055386,0.0,0.0,0.014081568218637585,0.008134373238234363,0.008189298453323998,0.019267742541261283,0.05041774254126129,0.01107844408793729,0.0,85.18106362617768,0.0,False,0.0,0.0,0.0,0.0,0.0,0.05041774254126129,0.05835080690594586,0.05353387127063054,False,False,1,0.0,,,,1484.7999748910183,3778.96989498275,2294.1699200917315,1944.3786850366394,0.06783390037949195,0.15668784534991487,304.66050670269175,0.010628747692143366,-0.006248714005834985,0.0,False,faster_fading
2055Q3,2055-09-30,2055,3,2055,115885.78567401545,40138.86955221164,0.015044120117221338,0.028157253748111486,0.030669375792493122,448.03884261059216,3828.9679517974528,760.960564442809,2105.969475346536,673.9827873093908,204.18634192049285,83.86878277822252,6.0767719957614785,228.2477118969812,0.0,4063.292435690196,4511.331278300788,0.0,0.0,291257.1680114312,295768.49928973196,2.552241395003553,0.015464842042695971,0.14025162489281168,0.15571646693550764,295185.73525273736,582.7640369946275,61295.065920033136,147448.09922531576,49187.5788298341,196635.67805514985,30638.347839700615,6616.643437853685,0.20764914628260217,18.418037984452706,87119.76934420248,113005.14086032311,0.29513543149234744,0.38282724185018074,66668.75669544982,66668.75669544982,0,0.0,0.0,0.0,0.0,0.0,0.0,0.0,0.0,0.0,0.0,0.0,none,6517.048621638622,73185.80531708844,4283.083566403806,4283.083566403806,0.0,70951.84026185362,0.2154110468670722,0.5181811771623273,0.1728613500867164,0.0702933619006643,0.0232530639832198,0.0526336574525509,0.05580350126223463,0.05101913723484308,1.0,235731.31243936322,0.0,0.05047654261762122,0.05839490696321581,0.05356327130881051,0.027163271308810612,629.7396826069635,-181.70083999637131,0.0,0.0,0.014134148498361627,0.008157253748111486,0.008212178963200232,0.01932654261762122,0.05047654261762122,0.011114363654420985,0.0,85.58377820459371,0.0,False,0.0,0.0,0.0,0.0,0.0,0.05047654261762122,0.05839490696321581,0.05356327130881051,False,False,1,0.0,,,,1504.5308062143438,3835.0447237932144,2330.513917578871,1972.247213683993,0.06807555222456316,0.15668784534991487,309.02716640951803,0.010666611599072406,-0.006271721382896514,0.0,False,faster_fading
2055Q4,2055-12-31,2055,4,2056,117130.19757628764,40288.997148888215,0.015044963890518792,0.02818092994490883,0.030692256302369356,469.8233906883959,3885.8404892903113,773.4907517906136,2138.9565973777435,680.3601931469575,207.78262707802614,85.25031989697092,6.084056546223911,232.43165986821145,0.0,4124.356205704747,4594.179596393143,0.0,0.0,295768.49928973196,300362.6788861251,2.56434877684294,0.016044483844822235,0.14084689656631125,0.15689138041113349,299779.9148491305,582.7640369946275,62234.63460921026,149708.27490554962,49941.55646687975,199649.83137242938,31177.381425790467,6718.0674417003775,0.207601081748692,18.43986524265601,88185.3898324234,114387.03614893352,0.29416710548071323,0.3815700468341944,67534.14356397271,67534.14356397271,0,0.0,0.0,0.0,0.0,0.0,0.0,0.0,0.0,0.0,0.0,0.0,none,6616.643437853685,74150.7870018264,4361.747936524931,4361.747936524931,0.0,71895.89150049764,0.2154110468670722,0.5181811771623273,0.1728613500867164,0.0702933619006643,0.0232530639832198,0.0525974168900056,0.05577816725728547,0.05102575972776647,1.0,239855.66864506796,0.0,0.0505368982461745,0.058440173684630774,0.053593449123087146,0.02719344912308725,654.151761720284,-184.32837103188808,0.0,0.0,0.014186942269460174,0.008180929944908828,0.008235855159998463,0.0193868982461745,0.0505368982461745,0.011151043086176038,0.0,85.98547452604733,0.0,False,0.0,0.0,0.0,0.0,0.0,0.0505368982461745,0.058440173684630774,0.053593449123087146,False,False,1,0.0,,,,1524.509208535873,3891.9245458365353,2367.415337300662,2000.4939326466406,0.0683169318943121,0.15668784534991487,313.45308394197986,0.010704432859436641,-0.0062948197764913305,0.0,False,faster_fading
2056Q1,2056-03-31,2056,1,2056,118407.6955788695,40439.866760350524,0.015063087053664548,0.028847905909598303,0.030715932499167587,468.4854601646206,3943.6092015945364,786.2863491583772,2172.6195228235897,686.582260542473,211.46039570314477,86.66067336695136,6.084056546223911,236.70133157850822,0.0,4186.394589719269,4654.880049883889,0.0,0.0,300362.6788861251,305017.558936009,2.5759943848653113,0.01582618284645426,0.14142305765695026,0.1572492405034045,304434.7948990144,582.7640369946275,63186.35911216624,151997.69195471465,50705.28880505042,202702.98075976508,31724.65139295662,6820.8036341264315,0.2075530135545975,18.49694616633169,89111.5395736728,115578.40934691956,0.29271141494595726,0.3796491441960787,68830.99148736607,68830.99148736607,0,0.0,0.0,0.0,0.0,0.0,0.0,0.0,0.0,0.0,0.0,0.0,none,6718.0674417003775,75549.05892906645,4418.178718305381,4418.178718305381,0.0,73249.17020567146,0.2154110468670722,0.5181811771623273,0.1728613500867164,0.0702933619006643,0.0232530639832198,0.05255837976487214,0.05575119525826888,0.05103051164483131,1.0,244042.06323478723,0.0,0.0505985730235641,0.05848642976767297,0.05362428651178195,0.027224286511782055,655.505382434446,-187.01992226982546,0.0,0.0,0.01423953994020647,0.008847905909598303,0.008260318553900314,0.019448573023564106,0.0505985730235641,0.011188254469663789,0.0,86.37235331558644,0.0,False,0.0,0.0,0.0,0.0,0.0,0.0505985730235641,0.05848642976767297,0.05362428651178195,False,False,1,0.0,,,,1544.911854481045,3949.6932581407605,2404.7814036597156,2028.9831838876248,0.06854227418136521,0.15668784534991487,317.917003334562,0.010739741256861215,-0.006317829980746628,0.0,False,faster_fading
2056Q2,2056-06-30,2056,2,2056,119699.52983276994,40591.18960158594,0.015051911068010071,0.028873090590375884,0.03116896991993091,467.15169844900305,4001.9011728163337,799.2849014075222,2206.8236785314584,692.4630528040738,215.23758044566839,88.09195962761045,6.084056546223911,244.36817589280048,0.0,4252.353405255358,4719.50510370436,0.0,0.0,305017.558936009,309737.06403971335,2.5876213922681353,0.015610811474419398,0.14210092257492554,0.1577117340493449,309154.30000271875,582.7640369946275,64150.35304265962,154316.6236759307,51478.86701621484,205795.49069214554,32283.591988471107,6924.864279442503,0.20750270347879834,18.52477733299816,90083.59864760721,116951.31840352419,0.291387176716659,0.3782943287623549,69690.3787972735,69690.3787972735,0,0.0,0.0,0.0,0.0,0.0,0.0,0.0,0.0,0.0,0.0,0.0,none,6820.8036341264315,76511.18243139994,4475.136927811561,4475.136927811561,0.0,74165.51572508506,0.2154110468670722,0.5181811771623273,0.1728613500867164,0.0702933619006643,0.0232530639832198,0.052524651197307384,0.05576535882181757,0.05114318533076972,1.0,248294.4166400426,0.0,0.05066075105101174,0.058533063288258705,0.05365537552550577,0.027255375525505873,656.8640158257357,-189.71231737673264,0.0,0.0,0.01428934845288508,0.008873090590375884,0.008285503234677895,0.019510751051011743,0.05066075105101174,0.011225247816333845,0.0,86.75943595797379,0.0,False,0.0,0.0,0.0,0.0,0.0,0.05066075105101174,0.058533063288258705,0.05365537552550577,False,False,1,0.0,,,,1565.5266291364678,4007.9852293625577,2442.45860022609,2057.6117769450175,0.06875922670104619,0.15668784534991487,322.4027558961244,0.010773735079713262,-0.006339617796052376,0.0,False,faster_fading
2056Q3,2056-09-30,2056,3,2056,121005.89478487344,40742.970092403266,0.01504108981731922,0.028898912663319596,0.03119415460070849,465.82174771420324,4061.3391794666168,812.4762663321732,2241.565312596535,698.6682047369579,219.08573557913633,89.5436602218129,6.084056546223911,248.87221079105583,0.0,4316.295446803897,4782.1171945181,0.0,0.0,309737.06403971335,314519.18123423145,2.5992054502252935,0.015398315876837237,0.14268050178803235,0.1580788176648696,313936.41719723685,582.7640369946275,65126.864090309165,156665.6658979636,52262.48986437574,208928.15576233933,32851.12122948766,7030.276115100718,0.2074524028519823,18.546847522301046,91100.50787593459,118309.50663794158,0.2901877669665156,0.3768581794179401,70689.8441027758,70689.8441027758,0,0.0,0.0,0.0,0.0,0.0,0.0,0.0,0.0,0.0,0.0,0.0,none,6924.864279442503,77614.70838221829,4533.244983727044,4533.244983727044,0.0,75223.08908650283,0.2154110468670722,0.5181811771623273,0.1728613500867164,0.0702933619006643,0.0232530639832198,0.052491727845041504,0.05574141357845992,0.05119539997801423,1.0,252610.7120868465,0.0,0.050722983503163614,0.058579737627372605,0.0536864917515817,0.027286491751581807,658.2278407741403,-192.40609305993706,0.0,0.0,0.01433645598776348,0.008898912663319596,0.008311325307622495,0.019572983503163614,0.050722983503163614,0.011261658195541119,0.0,87.14599664575276,0.0,False,0.0,0.0,0.0,0.0,0.0,0.050722983503163614,0.058579737627372605,0.0536864917515817,False,False,1,0.0,,,,1586.3474776870326,4067.423236012841,2481.0757583258082,2087.0072812188628,0.06898861530437617,0.15668784534991487,327.00867412376743,0.010809677485716861,-0.006360222149573796,0.0,False,faster_fading
