quarter,quarter_end,calendar_year,calendar_quarter,fiscal_year,nominal_gdp_billions_saar,real_gdp_billions_chained_saar,annual_real_gdp_growth_rate,annual_inflation_rate,annual_tips_reference_inflation_rate,primary_deficit_billions,marketable_interest_excluding_tips_inflation_billions,bills_interest_cost_billions,notes_interest_cost_billions,bonds_interest_cost_billions,tips_real_interest_cost_billions,frns_interest_cost_billions,other_public_debt_interest_billions,tips_inflation_compensation_billions,tips_deflation_floor_cost_billions,modeled_debt_interest_cost_billions,modeled_total_deficit_billions,other_financing_adjustment_billions,beginning_debt_held_by_public_billions,debt_held_by_public_billions,debt_held_by_public_gdp_ratio,primary_deficit_gdp_ratio_annualized,modeled_interest_gdp_ratio_annualized,modeled_total_deficit_gdp_ratio_annualized,marketable_debt_billions,other_public_debt_billions,bills_outstanding_billions,notes_outstanding_billions,bonds_outstanding_billions,nominal_fixed_rate_debt_outstanding_billions,tips_outstanding_billions,frns_outstanding_billions,principal_maturing_billions,principal_refinanced_billions,frn_principal_reset_billions,principal_repriced_or_reset_billions,net_new_borrowing_requirement_billions,genuinely_new_borrowing_billions,debt_repayment_billions,gross_treasury_issuance_billions,average_effective_marketable_rate_excluding_tips_inflation,average_effective_debt_cost_rate_including_tips_inflation,average_new_issuance_stated_rate,share_marketable_debt_repriced_since_scenario_start,cumulative_modeled_interest_billions,debt_identity_residual_billions,scenario,confidence_premium_basis_points,includes_recession
2025Q4,2025-12-31,2025,4,2026,31324.77532798175,24037.6,0.012257322464116038,0.03416889228732933,0.03138521050212062,203.43175,239.03865259628913,65.01368874582066,119.6877543737386,42.71050255977236,4.964461483838189,6.6622454331192795,4.95932195482428,16.18876413444616,0.0,260.1867386855596,463.61848868555956,17.515,30277.7664202628,30758.89990894836,0.9819352122047653,0.025977105708819403,0.03322440285190366,0.059201508560723065,30176.13587195373,582.7640369946275,6496.785779950878,15628.316895483313,5213.4891756015995,20841.806071084913,2136.2328410892824,701.3111798286476,5437.953890766519,5437.953890766519,690.4997903999999,6128.453681166519,464.9447245511134,464.9447245511134,0.0,5902.898615317633,0.03191801122214894,0.03437330681188355,0.03728955310952268,0.2159123202980333,260.1867386855596,0.0,unchanged_baseline,0.0,False
2026Q1,2026-03-31,2026,1,2026,31720.36011381085,24212.4,0.029406590218133966,0.021441816030615124,0.033142739611773386,203.43175,240.44945621086,60.93064490474254,124.12698071778895,43.5306883372127,5.495856886635115,6.365285364480696,4.95932195482428,17.484323876921767,0.0,262.8931020426061,466.32485204260604,17.515,30758.89990894836,31242.739760990964,0.9849427827708699,0.025653145080333065,0.033151338900234494,0.058804483980567555,30659.975723996336,582.7640369946275,6597.2439124852945,15869.973552044366,5294.104021820724,21164.077573865092,2186.4988628819306,712.1553747640124,7048.973836554221,7048.973836554221,701.3111798286476,7750.285016382868,466.3555281656843,466.3555281656843,0.0,7515.329364719905,0.03167264828825653,0.034187581847311174,0.03521065832892457,0.2987558061381062,523.0798407281657,0.0,unchanged_baseline,0.0,False
2026Q2,2026-06-30,2026,2,2026,32094.798708229428,24331.8,0.01987181994496834,0.02763904405751516,0.030772192830818668,203.43175,242.47997851847242,57.50032222679604,128.76641191949622,44.28274287826491,5.833621243500796,6.096880250414424,4.95932195482428,16.630148070113112,0.0,264.06944854340986,467.5011985434098,17.515,31242.739760990964,31727.755959534374,0.9885637934036664,0.025353858966292636,0.032911183016792044,0.05826504198308467,31144.991922539746,582.7640369946275,6698.139441955681,16112.682387045035,5375.069866867322,21487.752253912357,2236.0534411071853,723.0467855645156,7294.65052613453,7294.650526134531,712.1553747640124,8006.805900898544,468.3860504732967,468.3860504732967,0.0,7763.036576607828,0.03163504775739422,0.03380874411956937,0.033746168375763635,0.3386780984951124,787.1492892715755,0.0,unchanged_baseline,0.0,False
2026Q3,2026-09-30,2026,3,2026,32468.269249181518,24457.7,0.020858389667526733,0.02596472248620807,0.02824698150314875,203.43175,246.3774413416258,55.138128411680306,133.50109328427993,45.11122588770424,6.434567199764894,6.1924265581965034,4.95932195482428,15.625881580025593,0.0,266.9626448764757,470.39439487647564,17.515,31727.755959534374,32215.665354410852,0.9922199765921605,0.02506222286611452,0.03288905150165409,0.057951274367768604,31632.901317416225,582.7640369946275,6799.874527972928,16357.410813919352,5456.709432599443,21814.120246518796,2284.877718607075,734.0288243174178,7560.870539253156,7560.870539253156,723.0467855645156,8283.91732481767,472.2835132964501,472.2835132964501,0.0,8033.154052549606,0.03206434142500246,0.03365666897046992,0.03387420938607825,0.3779019415086418,1054.1119341480512,3.637978807091713e-12,unchanged_baseline,0.0,False
2026Q4,2026-12-31,2026,4,2027,32813.516450759125,24573.2,0.01902398695529306,0.02374108660242924,0.02771554138299126,194.872,253.59837549789904,55.91196830625741,138.7066086465815,45.90202768161394,6.830451248587104,6.247319614859042,4.968063415379199,15.669722733652822,0.0,274.23616164693107,469.1081616469311,5.538,32215.665354410852,32690.311516057784,0.996245299253854,0.023755088887523573,0.0334296584224318,0.057184747309955375,32107.547479063156,582.7640369946275,6898.743123166559,16595.24376532521,5536.048719487986,22131.292484813195,2332.8104382651377,744.7014328182587,7665.516018009889,7665.51601800989,734.0288243174178,8399.544842327308,458.9764389132783,458.9764389132783,0.0,8124.492456923168,0.03242722436592475,0.034050038530013926,0.033830045581091525,0.4109562752171501,1328.3480957949823,0.0,unchanged_baseline,0.0,False
2027Q1,2027-03-31,2027,1,2027,33147.220203151985,24680.599999999995,0.017597408546793147,0.023296209984862815,0.026152401325720165,194.872,260.31127901663695,56.535199894349944,143.40677427048297,46.66884903955689,7.411776979595989,6.288678832651108,4.968063415379199,15.104810271309676,0.0,280.38415270332587,475.2561527033259,5.538,32690.311516057784,33171.10566876111,1.0007205872909626,0.023515938749092396,0.033835012527133605,0.057350951276226,32588.34163176648,582.7640369946275,6999.057751934678,16836.555216978573,5616.548407941779,22453.103624920353,2380.6501180173027,755.5301368941339,7818.45707685363,7818.4570768536305,744.7014328182587,8563.15850967189,465.6893424320162,465.6893424320162,0.0,8284.146419285647,0.03274957978431627,0.03430792056730308,0.03368771382636251,0.44471885813106954,1608.7322484983083,0.0,unchanged_baseline,0.0,False
2027Q2,2027-06-30,2027,2,2027,33480.81936295423,24789.999999999996,0.01784876327045648,0.022616048740021766,0.02507028033791192,194.872,266.8386349235212,57.11231125578679,148.1810139507879,47.461975490152746,7.725799475387829,6.357534751405928,4.968063415379199,14.782631606632997,0.0,286.58932994553345,481.46132994553346,5.538,33171.10566876111,33658.104998706636,1.005295140296016,0.023281628551256005,0.03423922537124501,0.05752085392250102,33075.34096171201,582.7640369946275,7100.778445271973,17081.24902159954,5698.1764239501335,22779.42544554967,2428.62644889581,766.5106219945532,7901.268255122974,7901.268255122973,755.5301368941339,8656.798392017106,472.21669833890047,472.21669833890047,0.0,8373.484953461873,0.033069696559558555,0.03455891194069288,0.033687661368326086,0.47717029735788935,1895.3215784438416,-7.275957614183426e-12,unchanged_baseline,0.0,False
2027Q3,2027-09-30,2027,3,2027,33819.64204625321,24903.499999999993,0.01843999428756682,0.022248000239960097,0.024382592342289344,194.872,273.4775029553267,57.72932876006114,152.8758790192545,48.328865020161466,8.126248097579449,6.417182058270145,4.968063415379199,14.670585287046285,0.0,293.1161516577522,487.9881516577522,5.538,33658.104998706636,34151.631150364396,1.0098164582480542,0.023048381142944635,0.034668155417715396,0.05771653656066004,33568.867113369764,582.7640369946275,7203.929224122012,17329.382962672247,5780.952043649513,23110.33500632176,2476.9574018078993,777.6454811180921,8037.825029793427,8037.825029793427,766.5106219945532,8804.33565178798,478.85556637070596,478.85556637070596,0.0,8516.680596164133,0.03343936643839879,0.03483454005138027,0.03363811794499859,0.5098289514958444,2188.437730101594,7.275957614183426e-12,unchanged_baseline,0.0,False
2027Q4,2027-12-31,2027,4,2028,34158.5183188548,25016.899999999994,0.01833909570101455,0.021945305341696475,0.024162847358085493,215.4585,280.66536432293407,58.387846361508906,158.14773727280496,49.161424920357696,8.486680683143282,6.481675085119298,5.137064986107641,14.828888675230425,0.0,300.63131798427213,516.0898179842721,2.14175,34151.631150364396,34669.86271834867,1.0149697476547632,0.025230426915920565,0.035204257418663246,0.060434684334583814,34087.09868135404,582.7640369946275,7312.3677222676615,17590.236755623275,5867.970910432145,23458.20766605542,2527.1721572015626,789.3511358293897,7937.40636201969,7937.40636201969,777.6454811180921,8715.051843137782,503.40267930904173,503.40267930904173,0.0,8440.809041328732,0.03373662156122221,0.03521135686440727,0.03337959989297992,0.5358888135784936,2489.069048085866,0.0,unchanged_baseline,0.0,False
2028Q1,2028-03-31,2028,1,2028,34499.59871590287,25131.59999999999,0.018466116274653555,0.0216767083117837,0.023850744937782276,215.4585,287.53125850548395,59.12049303453405,163.14286721490578,49.997159553107,8.707284008515929,6.563454694421373,5.137064986107641,14.935804340339798,0.0,307.6041278319314,523.0626278319314,2.14175,34669.86271834867,35195.0670961806,1.0201587382509802,0.024980986216594184,0.0356646615359197,0.06064564775251389,34612.30305918597,582.7640369946275,7422.285209866853,17854.648325704093,5956.176624952724,23810.824950656817,2577.9764550448845,801.2164436174157,8117.836230000904,8117.836230000904,789.3511358293897,8907.187365830294,510.26857349159155,510.26857349159155,0.0,8628.104803492495,0.03405206613831439,0.035489512067682354,0.03328695823761664,0.563172199458663,2796.6731759177974,0.0,unchanged_baseline,0.0,False
2028Q2,2028-06-30,2028,2,2028,34836.751701773224,25242.599999999988,0.017784392025415263,0.02150065998978512,0.023590801926968608,215.4585,294.6936241022778,59.86073021757616,168.2026013866305,50.94316584134021,9.039033215815342,6.6480934409154875,5.137064986107641,15.071450300540866,0.0,314.9021393889263,530.3606393889263,2.14175,35195.0670961806,35727.56948556952,1.0255712068513825,0.024739218150357335,0.03615746290982663,0.06089668106018397,35144.805448574894,582.7640369946275,7533.745550137294,18122.77129882112,6045.620435660179,24168.3917344813,2629.4198656053645,813.2482983509353,8239.472850829226,8239.472850829226,801.2164436174157,9040.689294446642,517.4309390883853,517.4309390883853,0.0,8756.903789917611,0.034340738124234924,0.03578934951632466,0.033230591206071684,0.589963994360488,3111.5753153067235,-1.4551915228366852e-11,unchanged_baseline,0.0,False
2028Q3,2028-09-30,2028,3,2028,35168.71769035311,25350.699999999986,0.01724012308766243,0.02106182624872388,0.023346411992499982,215.4585,301.7647701156699,60.62781731472968,173.4004739328124,51.90468680644536,9.096063030590862,6.7357290310916245,5.137064986107641,15.214320358753913,0.0,322.11615546053144,537.5746554605314,2.14175,35727.56948556952,36267.28589103006,1.031237084341528,0.024505698717482777,0.036636667654094075,0.06114236637157685,35684.521854035425,582.7640369946275,7646.72909337303,18394.558406703254,6136.286574214171,24530.844980917427,2681.5032008498306,825.4445788951392,8318.464824475584,8318.464824475584,813.2482983509353,9131.71312282652,524.5020851017774,524.5020851017774,0.0,8842.966909577362,0.03462711807773135,0.03606359571597897,0.03323286533680406,0.6151400638616836,3433.691470767255,7.275957614183426e-12,unchanged_baseline,0.0,False
2028Q4,2028-12-31,2028,4,2029,35502.9460537084,25460.399999999983,0.01742186418178404,0.020775810233577552,0.02309377715644856,173.80475,308.956314157713,61.42235144251887,178.44756356328975,52.84347574023483,9.416496744206636,6.826426667462803,5.268186894431433,15.349214844932058,0.0,329.5737158970765,503.3784658970765,-2.42575,36267.28589103006,36768.23860692713,1.0356390861565294,0.019582008742268366,0.0371319850919979,0.056713993834266264,36185.47456993251,582.7640369946275,7751.333451896988,18646.1890005126,6220.2286510128815,24866.41765152548,2730.987118334451,836.7363481755804,8244.076738621992,8244.076738621994,825.4445788951392,9069.521317517134,485.60350105214445,485.60350105214445,0.0,8729.680239674139,0.03483344025259421,0.03634942155719346,0.03295359219110845,0.6340510791101076,3763.2651866643314,0.0,unchanged_baseline,0.0,False
2029Q1,2029-03-31,2029,1,2029,35840.4078533226,25572.199999999983,0.017680562926939647,0.020522825130940392,0.02297286568423096,173.80475,315.1599190974638,62.165694284213835,182.783965402459,53.72209313197324,9.578815883757908,6.9093503950598345,5.268186894431433,15.551312167697551,0.0,335.9794181595928,509.7841681595928,-2.42575,36768.23860692713,37275.597025086725,1.040043885037181,0.01939763082064228,0.037497276206743355,0.05689490702738564,36692.8329880921,582.7640369946275,7857.274135455367,18901.034185632278,6305.243091336882,25206.27727696916,2781.109205388956,848.1723702786121,8387.02544459727,8387.02544459727,836.7363481755804,9223.76179277285,491.80710599189524,491.80710599189524,0.0,8878.832550589164,0.03502427810972454,0.036551048501550394,0.032872924104032926,0.6534458571840225,4099.244604823924,7.275957614183426e-12,unchanged_baseline,0.0,False
2029Q2,2029-06-30,2029,2,2029,36178.04858394721,25682.99999999998,0.01744428695602207,0.020418069374665837,0.022841686194156274,173.80475,321.33001155023743,62.91712263965866,186.92872467703955,54.61278917208582,9.878193868506312,6.993181192947158,5.268186894431433,15.747057075605499,0.0,342.34525552027435,516.1500055202744,-2.42575,37275.597025086725,37789.32128060699,1.0445373025833884,0.019216597556024072,0.03785115769590497,0.057067755251929045,37206.55724361237,582.7640369946275,7964.5439250882655,19159.076596522333,6391.324102172428,25550.40069869476,2831.860753893111,859.7518659362305,8487.592723929645,8487.592723929643,848.1723702786121,9335.765094208255,497.9771984446689,497.9771984446689,0.0,8985.569922374312,0.03510954244291749,0.03673666235739953,0.032773012317655954,0.6722960388226492,4441.589860344198,-7.275957614183426e-12,unchanged_baseline,0.0,False
2029Q3,2029-09-30,2029,3,2029,36519.26990879109,25795.399999999983,0.017620997896754975,0.020285549943514614,0.02275805762511629,173.80475,326.62268538340226,63.67652868108068,190.52118947393177,55.54397050679934,9.800940105605696,7.080056615984836,5.268186894431433,15.976206467335123,0.0,347.86707874516884,521.6718287451688,-2.42575,37789.32128060699,38308.567359352164,1.0489959808898137,0.019037045421125567,0.038102303755139275,0.057139349176264835,37725.80332235754,582.7640369946275,8072.953815132291,19419.861571369598,6478.320011752342,25898.18158312194,2883.213491626174,871.454432477134,8560.998543074289,8560.998543074289,859.7518659362305,9420.75040901052,503.2698722778337,503.2698722778337,0.0,9064.268415352122,0.03529068228896329,0.03682173343755606,0.0327976487527179,0.689789686489633,4789.456939089368,7.275957614183426e-12,unchanged_baseline,0.0,False
2029Q4,2029-12-31,2029,4,2030,36865.49983791807,25910.199999999983,0.017920813193843088,0.020183196343088072,0.022686563355431177,192.2015,332.8929965122523,64.46253621383114,194.59778355322345,56.43534456629354,10.227440835698735,7.169891343205619,5.3789120614604125,16.215245526594412,0.0,354.4871541003071,546.6886541003071,-5.94,38308.567359352164,38849.31601345248,1.0538122684964644,0.020854349008696836,0.038462753051914274,0.05931710206061111,38266.55197645785,582.7640369946275,8185.9441057899085,19691.66491048529,6568.991564923981,26260.656475409272,2936.2999538706285,883.6514413880349,8639.477700918402,8639.477700918402,871.454432477134,9510.932133395536,524.5334085737127,524.5334085737127,0.0,9164.011109492114,0.03539385585438404,0.03701387742068795,0.03274895964436569,0.7061635191454839,5143.944093189674,1.4551915228366852e-11,unchanged_baseline,0.0,False
2030Q1,2030-03-31,2030,1,2030,37214.787548312044,26025.99999999998,0.017997333864965714,0.02008187040489151,0.022638322874940497,192.2015,338.64957264314876,65.303369103939,198.2377256742229,57.41799752379118,10.429074621589582,7.261405719606153,5.3789120614604125,16.478982834660115,0.0,360.50746753926927,552.7089675392692,-5.94,38849.31601345248,39396.08498099174,1.0586137279394099,0.020658615852688668,0.038748840586152515,0.059407456438841176,38813.32094399712,582.7640369946275,8300.174426538251,19966.451198996918,6660.658207617484,26627.1094066144,2990.054802512427,895.9823083320317,8772.896782438605,8772.896782438605,883.6514413880349,9656.54822382664,530.2899847046091,530.2899847046091,0.0,9303.186767143214,0.035543904166776275,0.037118539478474745,0.032712444914313785,0.7224979702786669,5504.451560728943,-7.275957614183426e-12,unchanged_baseline,0.0,False
2030Q2,2030-06-30,2030,2,2030,37564.73739844506,26141.29999999998,0.017838848225115722,0.01995316485744958,0.022612820884429397,192.2015,344.9504698781064,66.13163974344332,202.15810083666332,58.41212226380222,10.890352327020773,7.358254707176812,5.3789120614604125,16.761917727192944,0.0,367.09129966675977,559.2927996667597,-5.94,39396.08498099174,39949.43778065851,1.0634824185490557,0.020466161971142215,0.03908892488964451,0.05955508686078672,39366.67374366388,582.7640369946275,8415.762030156178,20244.502493854936,6753.41403191378,26997.916525768716,3044.535497296396,908.4596904425849,8941.648434817656,8941.648434817656,895.9823083320317,9837.630743149688,536.5908819395668,536.5908819395668,0.0,9478.239316757223,0.03570805231425164,0.03727185580433975,0.032743076232891376,0.7397128850110214,5871.5428603957025,1.4551915228366852e-11,unchanged_baseline,0.0,False
2030Q3,2030-09-30,2030,3,2030,37917.82965732295,26257.099999999977,0.017837173553037378,0.019938881222312688,0.022609552821165613,192.2015,351.48202524486857,67.01050516511857,206.54632208431295,59.343002443329155,11.12828379202657,7.453911760081408,5.3789120614604125,17.064884430108336,0.0,373.92582173643734,566.1273217364374,-5.94,39949.43778065851,40509.625102394944,1.068352948164359,0.020275580299504905,0.03944590975968185,0.059721490059186755,39926.86106540031,582.7640369946275,8532.75660295333,20525.9383177616,6847.29890968894,27373.23722745054,3099.7782837684467,921.0889512279912,9057.698282050664,9057.698282050664,908.4596904425849,9966.157972493249,543.122437306329,543.122437306329,0.0,9600.820719356992,0.03592729248282809,0.03743990829502719,0.0327086673499954,0.7565086919129799,6245.46868213214,0.0,unchanged_baseline,0.0,False
2030Q4,2030-12-31,2030,4,2031,38272.713722319015,26372.999999999978,0.01777342391157455,0.019839987430776862,0.02260563078501021,184.328,358.6769749279593,67.87807877649375,211.11631894805117,60.362592215967396,11.767055587377271,7.5529294000695275,5.499835599136797,17.371536194901743,0.0,381.54834672199786,565.8763467219978,-9.2495,40509.625102394944,41066.25194911694,1.0729903358059727,0.019264690906148917,0.03987680094913104,0.059141491855279955,40483.48791212231,582.7640369946275,8648.9181539226,20805.370269361567,6940.515310708085,27745.88558006965,3155.0558886630856,933.6282894669688,8891.112071650277,8891.112071650276,921.0889512279912,9812.201022878267,539.2553105270961,539.2553105270961,0.0,9430.367382177372,0.03606179736556742,0.03767483364830652,0.032525077829539915,0.7658806233639127,6627.017028854138,-7.275957614183426e-12,unchanged_baseline,0.0,False
2031Q1,2031-03-31,2031,1,2031,38631.20724469732,26489.69999999998,0.01781775002184327,0.01982598390139856,0.02258993228072148,184.328,365.04132770943073,68.75889932368467,215.25390008629537,61.37538841304041,11.999721983505005,7.653417902905477,5.499835599136797,17.66914202716621,0.0,388.2103053357338,572.5383053357338,-9.2495,41066.25194911694,41629.54075445267,1.0776142845022507,0.019085916609587875,0.04019654916572882,0.05928246577531669,41046.776717458044,582.7640369946275,8766.450656787158,21088.10010877771,7034.8318623414625,28122.931971119175,3211.0784711433207,946.3156184083858,9104.874220919326,9104.874220919324,933.6282894669688,10038.502510386294,545.6196633085675,545.6196633085675,0.0,9650.493884227892,0.03622517129563148,0.03781307393883864,0.032454475780835386,0.7773075497842334,7015.227334189872,-7.275957614183426e-12,unchanged_baseline,0.0,False
2031Q2,2031-06-30,2031,2,2031,38992.312000821,26606.499999999975,0.017754036595319045,0.019811706497828263,0.02259593162071094,184.328,371.79485952377104,69.67136659481594,219.39406673328338,62.354194502999576,12.624906777907418,7.750324914764679,5.499835599136797,17.987619271319204,0.0,395.28231439422706,579.6103143942271,-9.2495,41629.54075445267,42199.90156884689,1.08226210253853,0.018909163426484573,0.04054976933769962,0.059458932764184194,41617.13753185227,582.7640369946275,8885.437945009893,21374.329501259417,7130.315838602121,28504.645339861538,3267.8942593236407,959.1599876571943,9161.00759303633,9161.00759303633,946.3156184083858,10107.323211444715,552.3731951229078,552.3731951229078,0.0,9713.380788159237,0.036338203938366266,0.037980944034502515,0.032520945440814214,0.78704465017882,7410.509648584099,0.0,unchanged_baseline,0.0,False
2031Q3,2031-09-30,2031,3,2031,39355.30429460343,26722.899999999972,0.017614655473791707,0.019797160110517797,0.022579104221777335,184.328,378.12544461093876,70.55037728337855,223.47950868692098,63.3928214547749,12.866400086705209,7.836337099159278,5.499835599136797,18.292367255338057,0.0,401.9176474654136,586.2456474654136,-9.2495,42199.90156884689,42776.897716312305,1.0869410993775002,0.018734755408843413,0.04085016286056528,0.0595849182694087,42194.13367931768,582.7640369946275,9005.788911193536,21663.83928377372,7226.894128347787,28890.733412121506,3325.459793596554,972.151562406086,9341.205223320374,9341.205223320374,959.1599876571943,10300.365210977568,558.7037802100755,558.7037802100755,0.0,9899.909003530449,0.03650154149675535,0.038096548335280485,0.032340647732791855,0.7979939884752,7812.427296049512,-7.275957614183426e-12,unchanged_baseline,0.0,False
2031Q4,2031-12-31,2031,4,2032,39720.68513087373,26839.599999999966,0.017582923791722438,0.019727225080271582,0.0225727995952707,192.24275,385.09619523571445,71.32584817665281,227.8381677110595,64.44359324720774,13.563120488278805,7.925465612515615,5.6120176762582625,18.60944171624964,0.0,409.3176546282224,601.5604046282224,-11.316,42776.897716312305,43367.14212094054,1.0918024696213642,0.019359459623275763,0.04121959661869696,0.060579056241972726,42784.37808394591,582.7640369946275,9128.925396980225,21960.049761762588,7325.7077197935205,29285.75748155611,3384.2513786358486,985.4438267737236,9399.041676673247,9399.041676673245,972.151562406086,10371.193239079332,571.6349629119726,571.6349629119726,0.0,9970.676639585217,0.036604605568437136,0.03827464603372913,0.032374091811304344,0.8072108258136032,8221.744950677734,7.275957614183426e-12,unchanged_baseline,0.0,False
2032Q1,2032-03-31,2032,1,2032,40089.031498890115,26956.799999999967,0.017581469158450158,0.01968526656714742,0.02257678241908323,192.24275,391.5884365374138,72.14133294963622,232.0930607606108,65.51917919009456,13.81581449670112,8.01904914037115,5.6120176762582625,18.941756179157295,0.0,416.14221039282944,608.3849603928295,-11.316,43367.14212094054,43964.21108133337,1.096664335294569,0.01918158087758467,0.0415218023318274,0.06070338320941208,43381.44704433874,582.7640369946275,9253.460383262225,22259.624396991592,7425.643568835754,29685.26796582735,3443.8316396054165,998.8870556437441,9597.272267685054,9597.272267685054,985.4438267737236,10582.716094458778,578.127204213672,578.127204213672,0.0,10175.399471898725,0.03671816585815356,0.03838318044867322,0.0322148941492938,0.8177902119241499,8637.887161070563,0.0,unchanged_baseline,0.0,False
2032Q2,2032-06-30,2032,2,2032,40460.63202228239,27074.499999999967,0.017579698909776065,0.01967074272996472,0.02256916678199805,192.24275,398.2870860121586,72.98666877298058,236.15154562664335,66.60748058616448,14.427930916904021,8.113460109466311,5.6120176762582625,19.26878079452984,0.0,423.16788448294676,615.4106344829468,-11.316,43964.21108133337,44568.305715816314,1.101522726863776,0.019005412460599082,0.04183502464814694,0.060840437108746016,43985.54167882168,582.7640369946275,9379.438332640177,22562.67014629082,7526.737355469951,30089.407501760772,3504.2097957821316,1012.486048638602,9665.493152054001,9665.493152054001,998.8870556437441,10664.380207697744,584.8258536884168,584.8258536884168,0.0,10250.319005742418,0.03676995110376133,0.03850112389826263,0.03223726518601278,0.8267431035839452,9061.05504555351,-7.275957614183426e-12,unchanged_baseline,0.0,False
2032Q3,2032-09-30,2032,3,2032,40836.05204124299,27192.699999999968,0.017577617243731636,0.01971028327301072,0.022571739816290792,192.24275,404.40538258037236,73.83962827370978,240.0023681927564,67.70889739154406,14.643226867902882,8.211261854459064,5.6120176762582625,19.608822788375058,0.0,429.6262230450057,621.8689730450058,-11.316,44568.305715816314,45178.85868886132,1.1063473678413438,0.018830689098529065,0.042083032180593574,0.060913721279122646,44596.09465186669,582.7640369946275,9506.73423068693,22868.886281707993,7628.888759109159,30497.775040817152,3565.3580695875758,1026.2273107750289,9828.84732866728,9828.84732866728,1012.486048638602,10841.333377305882,590.9441502566306,590.9441502566306,0.0,10419.791478923911,0.03682916628612905,0.0385589010975161,0.03209665104529116,0.8363103412024749,9490.681268598517,0.0,unchanged_baseline,0.0,False
2032Q4,2032-12-31,2032,4,2033,41216.34791573707,27311.899999999965,0.017649746885700424,0.0197758101815233,0.02257356533731114,249.09275,410.68251003075045,74.72293105319928,243.81590223021706,68.82234769121143,15.008887838844982,8.312441217277733,5.6542680689403735,19.952595843997877,0.0,436.2893739436887,685.3821239436887,-14.7595,45178.85868886132,45849.481312805,1.1124100904461487,0.02417416996860048,0.04234139083216603,0.06651556080076651,45266.71727581038,582.7640369946275,9646.895742604913,23206.051242812937,7741.364458627433,30947.415701440368,3631.0484491947,1041.357382570394,10609.494410914582,10609.494410914582,1026.2273107750289,11635.72172168961,650.6700280996909,650.6700280996909,0.0,11260.164439014272,0.03690757200523714,0.038627746393359357,0.032909040536293004,0.8410872592609694,9926.970642542206,-7.275957614183426e-12,unchanged_baseline,0.0,False
2033Q1,2033-03-31,2033,1,2033,41600.43694465073,27431.899999999965,0.017690923464234398,0.019759214646802636,0.022564008293708637,249.09275,417.748424055428,75.72813157944856,248.2501446088852,70.04889519445821,15.294068054185129,8.427184618450916,5.6542680689403735,20.311683391433622,0.0,443.71437551580203,692.807125515802,-14.7595,45849.481312805,46527.528938320815,1.1184384673705607,0.02395097439302546,0.04266439567508993,0.06661537006811538,45944.76490132618,582.7640369946275,9788.579330460023,23546.877627564914,7855.06158158361,31401.939209148524,3697.5946032009565,1056.6517585166755,10865.897057496995,10865.897057496997,1041.357382570394,11907.25444006739,657.7359421243684,657.7359421243684,0.0,11523.632999621366,0.03700490038936854,0.03871052520647643,0.03282900936657372,0.8472219142165096,10370.685018058008,1.4551915228366852e-11,unchanged_baseline,0.0,False
2033Q2,2033-06-30,2033,2,2033,41988.19529528469,27552.599999999962,0.017716447921211298,0.01974238719039123,0.022564493843014066,249.09275,425.12191306230386,76.76693339913274,252.86479771461472,71.2893308059101,15.660463304435368,8.540387838211029,5.6542680689403735,20.68437660844986,0.0,451.4605577396941,700.5533077396941,-14.7595,46527.528938320815,47213.3227460605,1.1244427728800859,0.02372978864637922,0.04300833170511555,0.06673812035149478,46630.558709065874,582.7640369946275,9931.851249301168,23891.52481553027,7970.033295804365,31861.558111334634,3765.031757755461,1072.1175906746134,10979.171337482625,10979.171337482627,1056.6517585166755,12035.823095999302,665.1094311312443,665.1094311312443,0.0,11644.280768613871,0.0370857010812182,0.03881233910686918,0.03290176334016603,0.8516986907330069,10822.145575797702,-1.4551915228366852e-11,unchanged_baseline,0.0,False
2033Q3,2033-09-30,2033,3,2033,42379.52583009044,27674.099999999962,0.017756007302464516,0.019698696995388953,0.022564267205522626,249.09275,432.4151278982493,77.79122491015139,257.46615870158075,72.54395963734409,15.9537548104988,8.66002983867419,5.6542680689403735,21.06141085788498,0.0,459.13080682507467,708.2235568250746,-14.7595,47213.3227460605,47906.786802885574,1.1304229073953125,0.02351066890164575,0.04333515279673858,0.06684582169838432,47324.02276589095,582.7640369946275,10076.69420718515,24239.95121014461,8086.265724988133,32326.216935132743,3833.358611149281,1087.7530124237749,11197.965295432443,11197.965295432443,1072.1175906746134,12270.082886107057,672.4026459671896,672.4026459671896,0.0,11870.367941399632,0.037141509671601736,0.03889841088241431,0.03280694983444911,0.8576312975970518,11281.276382622777,0.0,unchanged_baseline,0.0,False
2033Q4,2033-12-31,2033,4,2034,42774.423913041785,27796.199999999968,0.017765412373738743,0.019681678339410258,0.022563340221916306,228.68725,439.5035194057765,78.87532390674176,261.80996209941856,73.81292718295788,16.227139406398464,8.778166810259863,5.687777001067564,21.44275444506103,0.0,466.6340508519051,695.3213008519051,-17.2085,47906.786802885574,48584.89960373749,1.135839951988789,0.021385419517505087,0.043636735054625,0.06502215457213009,48002.13556674286,582.7640369946275,10218.148189327898,24580.22526779895,8199.778595771528,32780.00386357048,3900.9609108157456,1103.0226030287372,11276.614803033754,11276.614803033754,1087.7530124237749,12364.367815457528,656.6700464068442,656.6700464068442,0.0,11933.284849440597,0.037185979214486325,0.038961832507940046,0.0328272673473917,0.8619454096179423,11747.91043347468,7.275957614183426e-12,unchanged_baseline,0.0,False
2034Q1,2034-03-31,2034,1,2034,43170.439807305294,27917.299999999963,0.01754105922100746,0.019664438509282567,0.022572136924965847,228.68725,446.33802407605197,79.90591884054416,265.9624336811459,75.0527715140895,16.52102274684572,8.895877293426738,5.687777001067564,21.82933963159045,0.0,473.85514070871,702.54239070871,-17.2085,48584.89960373749,49270.23349444619,1.1412956114037247,0.021189244401564014,0.04390551894525979,0.0650947633468238,48687.46945745157,582.7640369946275,10361.074399276487,24924.04083712865,8314.472888259399,33238.51372538805,3969.4302159789354,1118.4511168080908,11519.44785721845,11519.44785721845,1103.0226030287372,12622.470460247188,663.5045510771197,663.5045510771197,0.0,12182.95240829557,0.03722469625295677,0.03901254460324193,0.03274159867022558,0.8676749332432926,12221.765574183391,-7.275957614183426e-12,unchanged_baseline,0.0,False
2034Q2,2034-06-30,2034,2,2034,43571.60204462971,28039.99999999996,0.017696739357757174,0.019646981729401825,0.022559374014152977,228.68725,453.18180846025876,80.97179643034549,270.10725348274235,76.30609339525071,16.781949150447073,9.01471600147321,5.687777001067564,22.200031017248385,0.0,481.0696164785747,709.7568664785747,-17.2085,49270.23349444619,49962.78186092478,1.1466822314623337,0.020994155759134974,0.044163592239351,0.06515774799848598,49380.017823930146,582.7640369946275,10505.47483598381,25271.402726706812,8430.350206555628,33701.75293326244,4038.751285140276,1134.038769543618,11642.111018412828,11642.111018412828,1118.4511168080908,12760.56213522092,670.3483354613264,670.3483354613264,0.0,12312.459353874154,0.03725891626155001,0.039055598673613065,0.03283045302211096,0.8721405665313514,12702.835190661966,1.4551915228366852e-11,unchanged_baseline,0.0,False
2034Q3,2034-09-30,2034,3,2034,43977.58425017203,28163.69999999996,0.01776333439337474,0.01968155262857385,0.022566712808094413,228.68725,460.0536930454889,82.04775846903357,274.2123504525082,77.57292217752422,17.083144560825186,9.137517385597702,5.687777001067564,22.5950133539232,0.0,488.33648340047966,717.0237334004796,-17.2085,49962.78186092478,50662.59709432525,1.1520095511869108,0.02080034671291481,0.04441685387924139,0.0652172005921562,50079.83305733062,582.7640369946275,10651.355552543588,25622.32549752866,8547.4154080989,34169.740905627565,4108.95038450838,1149.7862146510906,11877.142505721233,11877.142505721231,1134.038769543618,13011.18127526485,677.2202200465565,677.2202200465565,0.0,12554.362725767787,0.03730378441901439,0.03909602029445051,0.03274315722955823,0.8778025206375938,13191.171674062447,-7.275957614183426e-12,unchanged_baseline,0.0,False
2034Q4,2034-12-31,2034,4,2035,44387.20338625174,28287.799999999956,0.0177423648279893,0.01968916041410429,0.02257322550837304,189.9905,467.13274474597466,83.16045847648407,278.48934364112586,78.85332281940374,17.37096631548301,9.258653493477908,5.709630652454863,22.9943250622723,0.0,495.8367004607018,685.8272004607018,-17.416,50662.59709432525,51331.00829478595,1.1564370894942424,0.017121195795709594,0.04468285114932739,0.06180404694503698,50748.244257791324,582.7640369946275,10790.385477338838,25956.768373783052,8658.983040549021,34615.75141433207,4177.313231569828,1164.79413455058,11763.68304699446,11763.68304699446,1149.7862146510906,12913.46926164555,645.4168753984295,645.4168753984295,0.0,12409.099922392888,0.037325509499468765,0.03914814706696044,0.032611553476163936,0.8820822666344748,13687.00837452315,0.0,unchanged_baseline,0.0,False
2035Q1,2035-03-31,2035,1,2035,44800.92530649948,28412.399999999954,0.017735654711652504,0.019722056747187633,0.02256874260208286,189.9905,473.64640832577754,84.19198268693629,282.3359255892643,80.07415163748921,17.667755628955234,9.376592783132173,5.709630652454863,23.372290273265083,0.0,502.7283292514975,692.7188292514975,-17.416,51331.00829478595,52006.31112403744,1.160831183022299,0.0169630871416343,0.04488553089581517,0.06184861803744947,51423.54708704282,582.7640369946275,10930.818517224754,26294.586507898865,8771.676633679559,35066.26314157843,4246.511911153587,1179.953517086056,12038.743622223179,12038.74362222318,1164.79413455058,13203.537756773761,651.9305389782323,651.9305389782323,0.0,12690.674161201414,0.037341936312490144,0.03917541041581785,0.032555639893990955,0.8876945530937553,14189.736703774646,-7.275957614183426e-12,unchanged_baseline,0.0,False
2035Q2,2035-06-30,2035,2,2035,45218.33639157957,28537.399999999954,0.017714424126451522,0.01972826196496369,0.022573755489187608,189.9905,480.160351472469,85.26038443435307,286.1999752998175,81.30786474828577,17.896451061262617,9.495675928750034,5.709630652454863,23.764694049647908,0.0,509.6346761745718,699.6251761745718,-17.416,52006.31112403744,52688.520300212025,1.1652025373941783,0.016806500650950927,0.045082125247710304,0.06188862589866124,52105.756263217394,582.7640369946275,11072.65473242313,26635.780044742405,8885.496235816821,35521.27628055923,4316.5608814767365,1195.2643687583052,12114.239973764365,12114.239973764365,1179.953517086056,13294.19349085042,658.4444821249238,658.4444821249238,0.0,12772.684455889288,0.03736516278847409,0.03919791003511629,0.032634062681467964,0.8917936142489139,14699.371379949218,7.275957614183426e-12,unchanged_baseline,0.0,False
2035Q3,2035-09-30,2035,3,2035,45639.620134528195,28662.899999999958,0.017707331988727093,0.01973390522034224,0.022567910616891007,189.9905,486.83328894602835,86.33902527606936,290.12368225361274,82.55447394069414,18.20020562899155,9.615901846660563,5.709630652454863,24.15050537362299,0.0,516.6934249721062,706.6839249721062,-17.416,52688.520300212025,53377.78822518412,1.1695493535626886,0.016651365584549604,0.04528463851794481,0.06193600410249441,52795.0241881895,582.7640369946275,11215.928372068365,26980.431372181116,9000.469330934808,35980.90070311593,4387.464726332632,1210.7303866725824,12256.763826173914,12256.763826173912,1195.2643687583052,13452.028194932218,665.1174195984831,665.1174195984831,0.0,12921.881245772394,0.0373890022345888,0.039226261965836756,0.032503730292093996,0.8959750021485873,15216.064804921323,-1.4551915228366852e-11,unchanged_baseline,0.0,False
2035Q4,2035-12-31,2035,4,2036,46065.09112612179,28788.899999999954,0.01769999094559438,0.019764486694536787,0.022571471840996393,242.76275,493.5881922398168,87.4281616602729,294.11683561602854,83.81400419771168,18.491891630989606,9.737299134814242,5.7387688543045945,24.55104300793973,0.0,523.8780041020611,766.6407541020611,-16.55475,53377.78822518412,54127.874229286186,1.1750302214987325,0.021079975666201456,0.04549023925017177,0.06657021491637322,53545.110192291555,582.7640369946275,11372.21661757631,27356.389932393293,9125.886283844651,36482.276216237944,4463.016060932345,1227.6012975449667,12145.498565468668,12145.498565468668,1210.7303866725824,13356.22895214125,725.5349610941214,725.5349610941214,0.0,12871.03352656279,0.03740781557768157,0.039258127511165086,0.0322019722593386,0.8973788772048817,15739.942809023385,7.275957614183426e-12,unchanged_baseline,0.0,False
2036Q1,2036-03-31,2036,1,2036,46494.040876359606,28915.29999999995,0.017678326506116004,0.019743412449576114,0.022574269177581208,242.76275,500.85306973806405,88.61799799246339,298.35682845369416,85.18857400160356,18.81975485804156,9.869914432261535,5.7387688543045945,24.976876769482605,0.0,531.5687153618512,774.3314653618512,-16.55475,54127.874229286186,54885.650944648034,1.180487862747917,0.020885493747086658,0.045732201834246936,0.0666176955813336,54302.88690765341,582.7640369946275,11530.069797951513,27736.113015379447,9252.559053287056,36988.67206866651,4539.503901956749,1244.6411390786486,12406.600223974126,12406.600223974128,1227.6012975449667,13634.201521519095,732.7998385923686,732.7998385923686,0.0,13139.400062566498,0.03742381264418497,0.03928243796237932,0.032151104680632765,0.8992432220637132,16271.511524385236,0.0,unchanged_baseline,0.0,False
2036Q2,2036-06-30,2036,2,2036,46926.90943172654,29041.99999999995,0.017642589134278408,0.019772661061247865,0.022576315037704076,242.76275,508.16186030928066,89.8192437260423,302.63218019222234,86.55181241448275,19.151709218341033,10.006914758192334,5.7387688543045945,25.407217489929266,0.0,539.3078466535145,782.0705966535145,-16.55475,54885.650944648034,55651.166791301555,1.1859116115939372,0.020692839391282986,0.04597002898204049,0.06666286837332347,55068.402754306924,582.7640369946275,11689.497372554995,28119.623376067433,9380.495230135102,37500.11860620254,4616.93584316228,1261.8509323871224,12484.761538909113,12484.761538909113,1244.6411390786486,13729.402677987762,740.1086291635852,740.1086291635852,0.0,13224.870168072699,0.03744315759312348,0.03930410497981736,0.03217310398203478,0.9005913849909178,16810.81937103875,7.275957614183426e-12,unchanged_baseline,0.0,False
2036Q3,2036-09-30,2036,3,2036,47363.26883080593,29168.899999999947,0.01759302613883751,0.01977588746711989,0.022577621701592054,242.76275,515.5890366730866,91.06118453220341,306.942984835521,87.9549524340637,19.48778800223724,10.142126869061498,5.7387688543045945,25.84208063552641,0.0,547.1698861629176,789.9326361629176,-16.55475,55651.166791301555,56424.544677464466,1.1913144103087099,0.020502195561477185,0.04621048332770718,0.06671267888918436,55841.78064046984,582.7640369946275,11850.524842994271,28506.9823597466,9509.715278716729,38016.69763846333,4695.32472870945,1279.2334303027988,12639.727343275317,12639.727343275319,1261.8509323871224,13901.578275662441,747.5358055273912,747.5358055273912,0.0,13387.263148802711,0.037459537919662625,0.03932854728562075,0.03215061170646742,0.9019160983544977,17357.98925720167,-7.275957614183426e-12,unchanged_baseline,0.0,False
2036Q4,2036-12-31,2036,4,2037,47803.10567352211,29295.799999999945,0.017515988152144724,0.01980359078796723,0.022578201318361746,245.031015,523.0621921751867,92.28596221481789,311.29352424906267,89.37281941712558,19.828047598121866,10.281838696058744,5.894658234200658,26.2815108209958,0.0,555.2383612303831,800.2693762303832,0.0,56424.544677464466,57224.81405369485,1.197094064233391,0.02050335529858441,0.0464604425513656,0.06696379784995,56642.050016700225,582.7640369946275,12017.250379344518,28908.048302953794,9643.507866082131,38551.556169035925,4776.012448660387,1297.2310196593987,12785.776388950979,12785.776388950979,1279.2334303027988,14065.009819253777,773.9878654093874,773.9878654093874,0.0,13559.764254360367,0.0374779852606088,0.03936147748496701,0.03215450796767611,0.9032502861340167,17913.22761843205,0.0,unchanged_baseline,0.0,False
2037Q1,2037-03-31,2037,1,2037,48236.208408672086,29422.887487607255,0.01746555549210771,0.01893970235169573,0.022578065905819455,245.031015,530.8197956664242,93.58433732914543,315.7893794379551,90.84119306346088,20.17839151535063,10.426494320512418,5.894658234200658,26.732991551236026,0.0,563.4474454518609,808.4784604518609,0.0,57224.81405369485,58033.29251414671,1.2031064303908527,0.020319259998548923,0.04672402446545215,0.06704328446400108,57450.52847715208,582.7640369946275,12185.646989183992,29313.13409027003,9778.641443260469,39091.7755335305,4857.696957371259,1315.4089970663374,13029.333488071607,13029.333488071608,1297.2310196593987,14326.564507731007,781.7454689006248,781.7454689006248,0.0,13811.078956972233,0.037494475888296366,0.03938483364389233,0.03212554307701691,0.9048488857205695,18476.67506388391,0.0,unchanged_baseline,0.0,False
2037Q2,2037-06-30,2037,2,2037,48673.235114379044,29550.526290744652,0.01746555549210771,0.01893970235169662,0.022399155671420257,245.031015,538.6327566146374,94.89572592827032,320.3258581507994,92.3063753932012,20.532197328445882,10.572599813920684,5.894658234200658,26.9765290085275,0.0,571.5039438573655,816.5349588573655,0.0,58033.29251414671,58849.82747300407,1.2090798430535936,0.02013681765135952,0.04696658790108092,0.06710340555244045,58267.06343600945,582.7640369946275,12355.72659712045,29722.268406887542,9915.125579416484,39637.39398630403,4940.174202830873,1333.768649754103,13194.493904345842,13194.493904345842,1315.4089970663374,14509.902901412179,789.558429848838,789.558429848838,0.0,13984.05233419468,0.03750984889515558,0.0393914540497974,0.03219443125980197,0.9064988071249078,19048.179007741277,-7.275957614183426e-12,unchanged_baseline,0.0,False
2037Q3,2037-09-30,2037,3,2037,49114.22134235779,29678.718801062332,0.017465555492108598,0.01893970235169573,0.022399155671420257,245.031015,546.5125573413764,96.22022087507553,324.9058250030087,93.77596189888756,20.8903840420058,10.720165522398602,5.894658234200658,27.43455465817378,0.0,579.8417702337507,824.8727852337507,0.0,58849.82747300407,59674.70025823783,1.2150187588695889,0.019956013415501454,0.04722394079644506,0.06717995421194652,59091.9362212432,582.7640369946275,12527.50360118056,30135.485887921437,10052.971828564541,40188.45771648598,5023.6633716243205,1352.3115319523426,13368.943991055081,13368.94399105508,1333.768649754103,14702.712640809183,797.438230575577,797.438230575577,0.0,14166.382221630656,0.03752653627648407,0.03941162073922742,0.03217814899592236,0.9077541108828764,19628.020777975027,7.275957614183426e-12,unchanged_baseline,0.0,False
2037Q4,2037-12-31,2037,4,2038,49559.202966426594,29807.46742058563,0.01746555549210682,0.01893970235169573,0.022399155671420257,254.402365,554.4962957390519,97.55793429419363,329.52733636914587,95.28882448328747,21.25299665435799,10.869203938066951,5.91068424521801,27.898199880100705,0.0,588.3051798643706,842.7075448643707,0.0,59674.70025823783,60517.40780310219,1.2211134195216806,0.02053320875013607,0.047483021893060896,0.06801623064319696,59934.64376610757,582.7640369946275,12703.022535180695,30557.704753468253,10193.820872001796,40751.52562547005,5108.8372596714435,1371.2583457853868,13317.26300943905,13317.26300943905,1352.3115319523426,14669.574541391392,814.80934498427,814.80934498427,0.0,14132.072354423319,0.03754115323037629,0.03943414393828699,0.031993965421201156,0.9090016643764257,20216.3259578394,-1.4551915228366852e-11,unchanged_baseline,0.0,False
2038Q1,2038-03-31,2038,1,2038,50028.44495100026,29936.599810103187,0.017441798459170377,0.020613213981166334,0.022399155671420257,254.402365,562.6233284180754,98.92478799271967,334.21941388579546,96.83464273501133,21.622994850298944,11.021488954250048,5.91068424521801,28.371200950738853,0.0,596.9052136140323,851.3075786140323,0.0,60517.40780310219,61368.71538171623,1.2266764526025755,0.020340617442670565,0.047725266231933745,0.06806588367460431,60785.9513447216,582.7640369946275,12880.292121798142,30984.13489437552,10336.074765280144,41320.209659655666,5195.055425238491,1390.3941380293106,13583.823505142213,13583.82350514221,1371.2583457853868,14955.081850927598,822.9363776632935,822.9363776632935,0.0,14406.759882805503,0.03755491656303802,0.03945345547886697,0.03197940384851099,0.9105969406444481,20813.23117145343,7.275957614183426e-12,unchanged_baseline,0.0,False
2038Q2,2038-06-30,2038,2,2038,50502.12986497769,30066.291629034426,0.017441798459170377,0.020613213981166334,0.022624692238107036,254.402365,570.8255314511675,100.30527489850301,338.95708200031777,98.38910763525053,21.998774032685525,11.175292884410585,5.91068424521801,29.138069836340414,0.0,605.8742855327259,860.276650532726,0.0,61368.71538171623,62228.99203224896,1.2322052990363808,0.020149832546086214,0.04798801849764271,0.06813785104372894,61646.22799525433,582.7640369946275,13059.328553557563,31414.8152625058,10479.746502448479,41894.56176495428,5282.617020117326,1409.7206566251662,13793.824484063458,13793.824484063458,1390.3941380293106,15184.218622092769,831.1385806963856,831.1385806963856,0.0,14624.963064759844,0.037568214068473826,0.039490758883522985,0.03198996464150208,0.9122083485308821,21419.105456986155,7.275957614183426e-12,unchanged_baseline,0.0,False
2038Q3,2038-09-30,2038,3,2038,50980.29977539962,30196.54530094844,0.01744179845916949,0.020613213981166334,0.022624692238107036,254.402365,579.1094929934401,101.69952111082952,343.73939195420206,99.96075266251194,22.379197488271707,11.33062977762477,5.91068424521801,29.629186033901263,0.0,614.6493632725594,869.0517282725594,0.0,62228.99203224896,63098.04376052151,1.2376946396648942,0.01996083711714548,0.04822642204776964,0.06818725916491512,62515.27972352689,582.7640369946275,13240.149442145012,31849.78822357962,10624.850216393077,42474.638439972696,5371.252038700384,1429.2398027087986,13909.099919552551,13909.099919552551,1409.7206566251662,15318.820576177717,839.4225422386581,839.4225422386581,0.0,14748.52246179121,0.03758141334796657,0.03950887476718436,0.03200080253225988,0.913380076829302,22033.754820258713,-7.275957614183426e-12,unchanged_baseline,0.0,False
2038Q4,2038-12-31,2038,4,2039,51462.997147610695,30327.36325991377,0.017441798459170377,0.020613213981167222,0.022624692238107036,260.45804,587.480110508128,103.10766378070427,348.56734933969994,101.5532659230539,22.764316550397478,11.487514914271967,5.922339525957902,30.1263228592124,0.0,623.5287728932983,883.9868128932983,0.0,63098.04376052151,63982.03057341481,1.243262812499939,0.020244296246713447,0.048464240907294086,0.06870853715400753,63399.26653642019,582.7640369946275,13424.080424181686,32292.242657437884,10772.449693486074,43064.69235092396,5461.3990859982405,1449.0946753163046,14088.980524537315,14088.980524537317,1429.2398027087986,15518.220327246116,853.8604900340858,853.8604900340858,0.0,14942.841014571402,0.03759427696823542,0.03952761358243064,0.03200936286274808,0.9145395418098117,22657.283593152013,0.0,unchanged_baseline,0.0,False
2039Q1,2039-03-31,2039,1,2039,51938.92936982024,30457.141414438727,0.017227156981449054,0.019937887724799763,0.022624692238107036,260.45804,595.9915499459554,104.54002630331489,353.47519427815416,103.17317018414954,23.156060727481997,11.647098452854799,5.922339525957902,30.631940363684727,0.0,632.545829835598,893.003869835598,0.0,63982.03057341481,64875.034443250406,1.2490637606586257,0.020058791596989856,0.04871458364739776,0.06877337524438762,64292.27040625578,582.7640369946275,13609.844864298007,32739.107559003383,10921.520469491474,43660.62802849486,5552.65004849327,1469.1474649696477,14339.85359978557,14339.85359978557,1449.0946753163046,15788.948275101875,862.3719294719133,862.3719294719133,0.0,15202.225529257485,0.037609898882394556,0.039545217566035004,0.03199469293582077,0.9160809221625061,23289.829422987612,-7.275957614183426e-12,unchanged_baseline,0.0,False
2039Q2,2039-06-30,2039,2,2039,52419.26303564348,30587.47492121266,0.017227156981449054,0.019937887724799763,0.022796693476643037,260.45804,604.6388029331401,105.98666688072073,358.42885557415684,104.86138307083421,23.553624657734336,11.808272749693542,5.922339525957902,31.378527457680832,0.0,641.9396699167788,902.3977099167788,0.0,64875.034443250406,65777.43215316719,1.2548332109980365,0.019874986782847104,0.04898502060055897,0.06886000738340607,65194.668116172565,582.7640369946275,13797.472018232824,33190.453304301,11072.08602132278,44262.53932562378,5645.255442565971,1489.401329749981,14560.60596397815,14560.605963978149,1469.1474649696477,16029.753428947797,871.019182459098,871.019182459098,0.0,15431.625146437247,0.03762151484812605,0.03958007424124404,0.03197774466938422,0.917788373732594,23931.76909290439,0.0,unchanged_baseline,0.0,False
2039Q3,2039-09-30,2039,3,2039,52904.03884983833,30718.366156722746,0.017227156981449054,0.019937887724799763,0.02279669347664215,260.45804,613.3151610440073,107.44781334198811,363.4288667275785,106.51130818120174,23.956109605373282,11.971063187865472,5.922339525957902,31.90184891234748,0.0,651.1393494823127,911.5973894823127,0.0,65777.43215316719,66689.02954264951,1.2605659415141857,0.019692866228174254,0.04923173078187791,0.06892459701005217,66106.26550565488,582.7640369946275,13986.968155551294,33646.294975058,11224.151380130968,44870.44635518897,5738.994048474002,1509.8569464406073,14695.180674147387,14695.180674147387,1489.401329749981,16184.582003897367,879.6955405699651,879.6955405699651,0.0,15574.876214717351,0.037633334687553324,0.03959651984991392,0.0320060166216549,0.9195001863716568,24582.908442386703,1.4551915228366852e-11,unchanged_baseline,0.0,False
2039Q4,2039-12-31,2039,4,2040,53393.29789360222,30849.817507625736,0.017227156981449054,0.019937887724799763,0.022796693476643037,264.33496,622.0867106433074,108.92351451135572,368.4744141563786,108.18975438766267,24.36355238089414,12.13547520701638,5.935451716790281,32.431574249555645,0.0,660.4537366096532,924.7886966096532,0.0,66689.02954264951,67613.81823925916,1.2663353062400158,0.01980285694483566,0.04947839992395684,0.0692812568687925,67031.05420226452,582.7640369946275,14179.191737458172,34108.69763917173,11378.405437061632,45487.10307623337,5834.15240487025,1530.6069837027285,15639.867782254432,15639.867782254432,1509.8569464406073,17149.72472869504,892.3571223600976,892.3571223600976,0.0,16532.22490461453,0.03764635886169259,0.03961393597351867,0.03254443299592784,0.9212273440583779,25243.362178996354,-1.4551915228366852e-11,unchanged_baseline,0.0,False
2040Q1,2040-03-31,2040,1,2040,53889.0305474941,30984.73913358242,0.017609093307503265,0.01970258122673907,0.022796693476643926,264.33496,631.0080118081868,110.42045565545551,373.6416078519057,109.8664811523463,24.7772135169685,12.302253631510682,5.935451716790281,32.96932272513714,0.0,669.9127862501141,934.2477462501141,0.0,67613.81823925916,68548.06598550928,1.2720226229546978,0.01962068772174577,0.04972535445110291,0.06934604217284868,67965.30194851465,582.7640369946275,14373.337066188391,34575.72315362492,11534.201642156188,46109.9247957811,5930.47561799349,1551.5644685516504,15928.193171611974,15928.193171611974,1530.6069837027285,17458.800155314704,901.278423524977,901.278423524977,0.0,16829.47159513695,0.03765640369634969,0.039631708647457346,0.03253288317402353,0.9233845077754348,25913.27496524647,1.4551915228366852e-11,unchanged_baseline,0.0,False
2040Q2,2040-06-30,2040,2,2040,54389.36585516145,31120.25083904756,0.017609093307503265,0.01970258122673907,0.022246337554163054,264.33496,639.9702934339899,111.9323624029421,378.85626728393146,111.53897283782797,25.17199149330421,12.470699415983892,5.935451716790281,32.71120231872166,0.0,678.6169474695018,942.9519074695019,0.0,68548.06598550928,69491.01789297878,1.2776581745415627,0.019440194298563612,0.04990806101888775,0.06934825531745135,68908.25385598415,582.7640369946275,14569.412969385943,35047.39275372101,11691.547079352436,46738.93983307345,6027.17069961609,1572.7303539086524,16198.787201741912,16198.787201741912,1551.5644685516504,17750.351670293563,910.2407051507802,910.2407051507802,0.0,17109.027906892694,0.037698209248865494,0.0395994803186983,0.03261220738090717,0.925889632904505,26591.89191271597,0.0,unchanged_baseline,0.0,False
2040Q3,2040-09-30,2040,3,2040,54894.34655016561,31256.35520473291,0.017609093307503265,0.01970258122673907,0.022246337554163054,264.33496,649.569830420913,113.45930349909302,384.12107815916096,113.75632036615463,25.592308176963694,12.640820219540796,5.935451716790281,33.24455117333714,0.0,688.7498333110404,953.0847933110405,0.0,69491.01789297878,70444.10268628981,1.2832669867363107,0.01926136125937381,0.05018730536716536,0.06944866662653917,69861.33864929518,582.7640369946275,14767.556718895286,35524.0366531932,11850.551905472454,47374.58855866565,6125.073913820807,1594.119457913421,16432.522776117185,16432.522776117185,1572.7303539086524,18005.253130025838,919.8402421377033,919.8402421377033,0.0,17352.363018254888,0.03774776161169658,0.03964540190628753,0.03261956539905772,0.9285642826391781,27280.641746027013,0.0,unchanged_baseline,0.0,False
2040Q4,2040-12-31,2040,4,2041,55404.01576282974,31393.054822636957,0.017609093307502377,0.01970258122673907,0.022246337554162166,273.20975999999996,659.420011171782,115.00234794839706,389.43448978604226,116.15252659675525,26.01791169760805,12.812735142979122,5.957305368177581,33.78456382220109,0.0,699.1618803621607,972.3716403621606,0.0,70444.10268628981,71416.47432665198,1.2890125985157364,0.01972490666882634,0.05047734325649547,0.07020224992532181,70833.71028965735,582.7640369946275,14969.738743628664,36010.39480938404,12012.797334697094,48023.19214408113,6224.834918689518,1615.944483258028,16546.19572335825,16546.19572335825,1594.119457913421,18140.31518127167,938.5870765399595,938.5870765399595,0.0,17484.78279989821,0.03779345326450381,0.039700236283837856,0.03267115594191694,0.9313110493067798,27979.803626389174,0.0,unchanged_baseline,0.0,False
2041Q1,2041-03-31,2041,1,2041,55931.13799773581,31527.09931704546,0.017189212325988024,0.02105209487726678,0.022246337554163942,273.20975999999996,669.4077310514265,116.57684046600822,394.8465154960523,118.54456147245848,26.451659832720942,12.988153784186398,5.957305368177581,34.334823636758706,0.0,709.6998600563628,982.9096200563628,0.0,71416.47432665198,72399.38394670835,1.2944378844864413,0.01953900955929486,0.050755259804303836,0.0702942693635987,71816.61990971371,582.7640369946275,15174.072233557132,36501.92841401927,12176.76925466442,48678.697668683686,6325.8482537808495,1638.001753692043,16915.044642658188,16915.044642658188,1615.944483258028,18530.989125916214,948.574796419604,948.574796419604,0.0,17863.619439077793,0.03782996206848603,0.03974992418753494,0.03257060131237756,0.9347139891577683,28689.503486445537,0.0,unchanged_baseline,0.0,False
2041Q2,2041-06-30,2041,2,2041,56463.275353778976,31661.71616500741,0.017189212325988024,0.02105209487726678,0.0228385780169158,273.20975999999996,679.3564458371578,118.16808751882616,400.3098367754175,120.8112855280839,26.901796919530693,13.165439095299792,5.957305368177581,35.81306784342908,0.0,721.1268190487644,994.3365790487644,0.0,72399.38394670835,73393.7205257571,1.299848796689493,0.019354864434495796,0.051086431988257006,0.0704412964227528,72810.95648876247,582.7640369946275,15380.548786552576,36998.61725539342,12342.460922901235,49341.07817829466,6429.039161687733,1660.2903622275212,17026.882478672553,17026.882478672553,1638.001753692043,18664.884232364595,958.5235112053354,958.5235112053354,0.0,17985.405989877887,0.03786389735758897,0.039841599734029266,0.032685923687598005,0.9372129877331644,29410.630305494302,0.0,unchanged_baseline,0.0,False
2041Q3,2041-09-30,2041,3,2041,57000.47554558473,31796.90781040229,0.017189212325988024,0.02105209487726767,0.0228385780169158,273.20975999999996,689.3806160545129,119.77602367527818,405.824390006967,123.0850733111375,27.35054527472678,13.344583786403698,5.957305368177581,36.397271390121055,0.0,731.7351928128115,1004.9449528128115,0.0,73393.7205257571,74398.66547856992,1.3052288558377274,0.01917245478287332,0.05134940968888053,0.07052186447175385,73815.90144157529,582.7640369946275,15589.184656548512,37500.50043309088,12509.885382735318,50010.385815826194,6533.518905766146,1682.8120634344423,17341.683495579953,17341.68349557995,1660.2903622275212,19001.973857807472,968.5476814226904,968.5476814226904,0.0,18310.23117700264,0.03790387583224299,0.03987998905470466,0.032620425280261926,0.9396707602282782,30142.365498307114,0.0,unchanged_baseline,0.0,False
2041Q4,2041-12-31,2041,4,2042,57542.78674174274,31932.67670754465,0.017189212325988024,0.02105209487726678,0.02283857801691669,290.3126875,699.633718966887,121.40077551287155,411.3894139971514,125.5129931090237,27.80493438798608,13.525601959854326,5.987900480119798,36.988771535689345,0.0,742.6103909826962,1032.9230784826962,0.0,74398.66547856992,75431.58855705262,1.3108782669076569,0.020180648448810776,0.05162144088124193,0.0718020893300527,74848.82452005798,582.7640369946275,15803.719908218798,38016.574844641014,12682.043931631857,50698.61877627287,6640.515247969347,1705.9705875969646,17262.454822253916,17262.454822253916,1682.8120634344423,18945.266885688357,995.9343069470069,995.9343069470069,0.0,18258.38912920092,0.03794035415411058,0.03992600599518015,0.032548042672402626,0.9419960649373043,30884.97588928981,0.0,unchanged_baseline,0.0,False
2042Q1,2042-03-31,2042,1,2042,58055.26898098634,32068.229387565312,0.017088232020256333,0.018695469559396827,0.0228385780169158,290.3126875,710.1068760267274,123.07146878525388,417.0959263329436,127.95737635180444,28.270365958915086,13.711738597810601,5.987900480119798,37.59451911428834,0.0,753.6892956211356,1044.0019831211355,0.0,75431.58855705262,76475.59054017375,1.3172894016772234,0.02000250399977168,0.05192908818443171,0.07193159218420338,75892.82650317912,582.7640369946275,16020.511193615348,38538.076249045036,12856.012884597427,51394.08913364246,6748.8535311706,1729.3726447507056,17670.071251970705,17670.071251970705,1705.9705875969646,19376.041839567668,1006.4074640068472,1006.4074640068472,0.0,18676.47871597755,0.0379734431361634,0.03996677307417877,0.03245907259678228,0.9447732379170646,31638.665184910944,0.0,unchanged_baseline,0.0,False
2042Q2,2042-06-30,2042,2,2042,58572.31544209702,32204.357482206833,0.017088232020256333,0.01869546955939594,0.02271549749328483,290.3126875,720.6396857345821,124.75973092027954,422.85712360508325,130.24542743871098,28.877571138324562,13.899832632183795,5.987900480119798,38.00367903939272,0.0,764.6312652540947,1054.9439527540947,0.0,76475.59054017375,77530.53449292784,1.323672009681304,0.019825932118869034,0.052217929886004814,0.07204386200487384,76947.7704559332,582.7640369946275,16239.571362577519,39065.0355571823,13031.802553269306,52096.83811045161,6858.3413609015815,1753.0196220025066,17772.21758703483,17772.21758703483,1729.3726447507056,19501.590231785536,1016.940273714702,1016.940273714702,0.0,18789.157860749532,0.03799368567868956,0.03999348078796058,0.03254242469786246,0.9466807971400882,32403.29645016504,-1.4551915228366852e-11,unchanged_baseline,0.0,False
2042Q3,2042-09-30,2042,3,2042,59093.966774525,32341.063434076666,0.017088232020256333,0.018695469559397715,0.02271549749328483,290.3126875,731.0467255814631,126.46566198607243,428.671680311233,132.46479928791945,29.354688784392916,14.089895211845146,5.987900480119798,38.62021936296003,0.0,775.6548454245429,1065.9675329245429,0.0,77530.53449292784,78596.50202585239,1.3300258269298448,0.019650918924275146,0.052503149662237424,0.07215406858651256,78013.73798885776,582.7640369946275,16460.873322887892,39597.38759747819,13209.391196899523,52806.778794377715,6969.177276774402,1776.908594817743,17999.049471008893,17999.049471008893,1753.0196220025066,19752.0690930114,1027.347313561583,1027.347313561583,0.0,19026.396784570476,0.038009409907224595,0.04001803163089487,0.03244238991724073,0.9484315164266081,33178.951295589584,1.4551915228366852e-11,unchanged_baseline,0.0,False
2042Q4,2042-12-31,2042,4,2043,59620.26398974879,32478.34969615101,0.017088232020256333,0.018695469559396827,0.022715497493283943,300.12464,741.4811156246462,128.18905100198947,434.5409471995532,134.63150291431464,29.837711677941574,14.28190283084761,6.009754131507097,39.24435093633062,0.0,786.735220692484,1086.8598606924838,0.0,78596.50202585239,79683.36188654487,1.3365147443870051,0.020135747138027026,0.0527830752864668,0.07291882242449382,79100.59784955023,582.7640369946275,16686.541276558648,40140.24223553714,13390.483428287753,53530.725663824895,7082.062043870769,1801.2688652959164,17879.91238735448,17879.91238735448,1776.908594817743,19656.820982172223,1047.6155097561534,1047.6155097561534,0.0,18927.527897110635,0.038023430847638116,0.04003919769527182,0.03233110745647102,0.9501487802870391,33965.68651628207,0.0,unchanged_baseline,0.0,False
2043Q1,2043-03-31,2043,1,2043,60187.929052490006,32615.668008118973,0.01701953976476145,0.021251542965382564,0.02271549749328572,300.12464,752.0888623710354,129.94644019120048,440.51480640610896,136.8201944840343,30.329722784876054,14.477698504815928,6.009754131507097,39.880019859559404,0.0,797.9786363621018,1098.103276362102,0.0,79683.36188654487,80781.46516290697,1.3421539241274991,0.01994583596576388,0.05303247005998051,0.0729783060257444,80198.70112591234,582.7640369946275,16914.49425606094,40688.593608292176,13573.409329099946,54262.00293739212,7196.328134071363,1825.8757983879013,18258.327085692432,18258.327085692432,1801.2688652959164,20059.595950988347,1058.2232565025424,1058.2232565025424,0.0,19316.550342194972,0.03803981278629256,0.04005747837287706,0.032232474133049104,0.9524653633934099,34763.66515264417,0.0,unchanged_baseline,0.0,False
2043Q2,2043-06-30,2043,2,2043,60760.99904976006,32753.56690127342,0.01701953976476145,0.021251542965382564,0.02231557677676199,300.12464,762.8559458489035,131.7216240190746,446.5465090607338,139.007121178135,30.905214861417335,14.675476729542757,6.009754131507097,39.81589226747214,0.0,808.6815922478827,1108.8062322478827,0.0,80781.46516290697,81890.27139515485,1.3477439916366587,0.01975771594895691,0.05323688582444901,0.07299460177340591,81307.50735816022,582.7640369946275,17144.76658428691,41242.52428103838,13758.196442498618,55000.720723537,7311.2869511753925,1850.7330991609097,18352.580541226933,18352.58054122693,1825.8757983879013,20178.45633961483,1068.9903399804107,1068.9903399804107,0.0,19421.57088120734,0.038050483868718996,0.04004292769966797,0.03231790517750737,0.9541095045489523,35572.34674489206,0.0,unchanged_baseline,0.0,False
2043Q3,2043-09-30,2043,3,2043,61339.52544380172,32892.04883030893,0.017019539764762337,0.021251542965382564,0.02231557677676199,300.12464,773.620310774971,133.51486977513431,452.6340072599512,141.18938980718792,31.406776648191798,14.87526728450581,6.009754131507097,40.451937177005775,0.0,820.0820020834839,1120.206642083484,0.0,81890.27139515485,83010.47803723834,1.353295080727209,0.019571370194245753,0.053478209761164824,0.07304957995541059,82427.71400024371,582.7640369946275,17377.35767563046,41802.03284507338,13944.844298551237,55746.87714362462,7427.638476588333,1875.8407044002824,18659.85257945336,18659.852579453363,1850.7330991609097,20510.585678614272,1079.7547049064783,1079.7547049064783,0.0,19739.60728435984,0.0380545044840862,0.04005760333245178,0.03225058743467653,0.9557408375500173,36392.42874697554,0.0,unchanged_baseline,0.0,False
2043Q4,2043-12-31,2043,4,2044,61923.56018684745,33031.116260298484,0.01701953976476145,0.021251542965381676,0.02231557677676199,315.2472575,784.3620578596403,135.32617289897223,458.7773104746793,143.26706262681938,31.914442197551885,15.077069661617271,6.019952502154488,41.0956876723541,0.0,831.477698034149,1146.7249555341489,0.0,83010.47803723834,84157.20299277248,1.3590498146236665,0.02036363907687326,0.05370994145202618,0.07407358052889944,83574.43895577785,582.7640369946275,17615.522433667444,42374.94912059913,14135.964866489216,56510.913987088345,7546.452562514464,1901.5499725075929,18825.920677197937,18825.92067719794,1875.8407044002824,20701.761381598222,1105.6292678617947,1105.6292678617947,0.0,19931.549945059734,0.03805913062135922,0.04006615635491942,0.03230672772490423,0.9573252963227735,37223.90644500969,-1.4551915228366852e-11,unchanged_baseline,0.0,False
2044Q1,2044-03-31,2044,1,2044,62477.308177911254,33169.36987577106,0.016847634395924738,0.019083305138657858,0.02231557677676199,315.2472575,795.3710798985223,137.18088095218525,465.06506659857445,145.40850656148876,32.4329178822437,15.283707904029782,6.019952502154488,41.75306303892415,0.0,843.144095439601,1158.391352939601,0.0,84157.20299277248,85315.59434571209,1.3655452969062978,0.020183152360040705,0.05398082087907194,0.07416397323911264,84732.83030871746,582.7640369946275,17856.058656666806,42953.57006412438,14328.988468839967,57282.55853296435,7666.697884977517,1927.5152341087664,19219.63805523405,19219.63805523405,1901.5499725075929,21121.188027741642,1116.6382899006767,1116.6382899006767,0.0,20336.276345134727,0.038067037604919286,0.04007472042586829,0.03221104523406426,0.9594508844706428,38067.050540449294,1.4551915228366852e-11,unchanged_baseline,0.0,False
2044Q2,2044-06-30,2044,2,2044,63036.0080295703,33308.202159613196,0.01684763439592385,0.019083305138657858,0.023076797027411944,315.2472575,806.56980305833,139.05405678879276,471.41543145376414,147.5799017687124,33.02800935291106,15.492403694149214,6.019952502154488,43.8530162932156,0.0,856.4427718537,1171.6900293537,0.0,85315.59434571209,86487.28437506579,1.372029845774727,0.020004265330515025,0.054346256917280754,0.07435052224779579,85904.52033807116,582.7640369946275,18099.007208345596,43537.993975199315,14523.947897595372,58061.94187279469,7789.830356594758,1953.7409003361056,19376.167254209606,19376.167254209602,1927.5152341087664,21303.68248831837,1127.8370130604844,1127.8370130604844,0.0,20504.004267270087,0.03807295814653304,0.040154102115646545,0.03231860370328166,0.9609790505407952,38923.49331230299,0.0,unchanged_baseline,0.0,False
2044Q3,2044-09-30,2044,3,2044,63599.704023562444,33447.615533874276,0.016847634395925626,0.019083305138657858,0.023076797027411944,315.2472575,817.8507038817163,140.94601863499133,477.82948387781136,149.80624988813707,33.56575899432519,15.70319248645145,6.019952502154488,44.55732607104517,0.0,868.427982454916,1183.675239954916,0.0,86487.28437506579,87670.9596150207,1.3784806228428412,0.01982696380997038,0.05461836628253367,0.07444533009250404,87088.19557802608,582.7640369946275,18344.385790680357,44128.263436742345,14720.8573580973,58849.12079483965,7914.460110433968,1980.2288820720794,19730.765709938747,19730.765709938747,1953.7409003361056,21684.506610274853,1139.1179138838706,1139.1179138838706,0.0,20869.883623822618,0.03808119236710181,0.040164423648167316,0.032259521678309824,0.9624671538386054,39791.92129475791,0.0,unchanged_baseline,0.0,False
2044Q4,2044-12-31,2044,4,2045,64168.440837612405,33587.61243074127,0.01684763439592385,0.01908330513865697,0.023076797027411944,328.847015,829.2995799391181,142.85690434492327,484.3076912182463,152.10882110901414,34.11007362728001,15.916089639654336,6.028693962709422,45.270200206393476,0.0,880.598474108221,1209.445489108221,0.0,87670.9596150207,88880.40510412892,1.3851108729453743,0.02049898739676068,0.05489293257641736,0.07539191997317804,88297.64106713429,582.7640369946275,18595.162008399475,44731.51715836879,14922.098270274464,59653.61542864326,8041.56410553895,2007.2995245525972,19673.077978349414,19673.077978349414,1980.2288820720794,21653.306860421493,1164.1752889018276,1164.1752889018276,0.0,20837.253267251243,0.03808850450518782,0.04017743060986629,0.03219846267923857,0.963921643502864,40672.51976886613,-1.4551915228366852e-11,unchanged_baseline,0.0,False
2045Q1,2045-03-31,2045,1,2045,64756.51202054044,33723.099819437724,0.01623329428827147,0.020597325915870046,0.023076797027411944,328.847015,840.9784301794476,144.80982414041094,490.92840081309646,154.44128353369015,34.665251763658326,16.133669928591498,6.028693962709422,45.997226841836266,0.0,893.0043509839934,1221.8513659839934,0.0,88880.40510412892,90102.25647011292,1.391400704867071,0.02031283061667629,0.05516074434032129,0.07547357495699758,89519.49243311828,582.7640369946275,18848.453979475067,45340.822640360675,15125.358004271631,60466.1806446323,8170.2160729258985,2034.6417360850032,20096.617370823933,20096.617370823937,2007.2995245525972,22103.916895376533,1175.854139142157,1175.854139142157,0.0,21272.471509966093,0.03810040529903755,0.040189031539079205,0.0321052423944453,0.25736278555020053,893.0043509839934,0.0,unchanged_baseline,0.0,False
2045Q2,2045-06-30,2045,2,2045,65349.97257730514,33859.133743930186,0.01623329428827147,0.020597325915870046,0.02213343204113838,328.847015,852.8749430310071,146.78233536516208,497.61552847795724,156.81677431036698,35.30687192373756,16.353432953783212,6.028693962709422,44.838268609136136,0.0,903.7419056028526,1232.5889206028526,0.0,90102.25647011292,91334.84539071577,1.3976263767008021,0.02012836437603664,0.0553170488041922,0.07544541318022883,90752.08135372114,582.7640369946275,19104.30859083808,45956.292671386094,15330.674185541642,61286.966856927735,8298.545327963378,2062.260577991924,20234.66842595269,20234.66842595269,2034.6417360850032,22269.31016203769,1187.7506519937165,1187.7506519937165,0.0,21422.419077946404,0.03810508070401518,0.040120722432856075,0.03220867804004549,0.27960255272229373,1796.746256586846,0.0,unchanged_baseline,0.0,False
2045Q3,2045-09-30,2045,3,2045,65948.87189878161,33995.71640886204,0.01623329428827036,0.020597325915870046,0.022133432041139267,328.847015,864.7246152780895,148.77480315115156,504.37031206846126,159.1361664056392,35.86791425722678,16.575419395610094,6.028693962709422,45.5425414896127,0.0,916.2958507304116,1245.1428657304116,0.0,91334.84539071577,92579.98825644619,1.4038145853129684,0.019945573322601468,0.05557613492687143,0.0755217082494729,91997.22421945156,582.7640369946275,19362.71575250487,46577.902979525505,15538.038717154372,62115.941696679874,8428.411809181007,2090.154961085787,20548.5603625992,20548.560362599204,2062.260577991924,22610.82094059113,1199.600324240799,1199.600324240799,0.0,21748.160686840005,0.03811186403752947,0.04012908093556826,0.0321474552754673,0.3019558282701964,2713.0421073172574,1.4551915228366852e-11,unchanged_baseline,0.0,False
2045Q4,2045-12-31,2045,4,2046,66553.2598284873,34132.8500277699,0.01623329428827236,0.020597325915870046,0.02213343204113838,341.5111875,876.7452935963505,150.78714892263167,511.1924852002911,161.53033920427578,36.43569976942433,16.799620499727006,6.044719973726774,46.25525069046731,0.0,929.0452642605445,1270.5564517605444,0.0,92579.98825644619,93850.54470820673,1.410156992310618,0.020525587379497248,0.055837701513330125,0.07636328889282737,93267.7806712121,582.7640369946275,19626.443755907992,47212.31281709725,15749.673075684132,62961.98589278138,8560.727307273712,2118.623715249002,20934.021301134537,20934.021301134537,2090.154961085787,23024.176262220324,1224.3012010700772,1224.3012010700772,0.0,22158.322502204614,0.03812238522775356,0.04014021957691733,0.03214000610578272,0.3252086815286192,3642.087371577802,0.0,unchanged_baseline,0.0,False
2046Q1,2046-03-31,2046,1,2046,67148.1831460386,34268.80739428492,0.01602817697257164,0.01989152606750877,0.02213343204113749,341.5111875,889.0995920015678,152.8409307491335,518.155133167641,164.06085064149616,37.014239331983,17.02843811131385,6.044719973726774,46.98140013274174,0.0,942.1257121080363,1283.6368996080364,0.0,93850.54470820673,95134.18160781477,1.4167796826447299,0.020343733605256743,0.056122186362602536,0.07646591996785929,94551.41757082014,582.7640369946275,19892.833011663886,47853.12441955962,15963.443014915594,63816.56743447522,8694.637379977516,2147.3797447035017,21343.816772449736,21343.81677244974,2118.623715249002,23462.440487698743,1236.6554994752946,1236.6554994752946,0.0,22580.472271925035,0.038138164718648906,0.0401542991588264,0.032063228399988784,0.34939830013461964,4584.213083685839,0.0,unchanged_baseline,0.0,False
2046Q2,2046-06-30,2046,2,2046,67748.42451644977,34405.30630378551,0.01602817697257164,0.01989152606750788,0.023159436985126236,341.5111875,901.7195530519591,154.91543707833253,525.1880405046655,166.6571134117866,37.69939735911997,17.25956469805439,6.044719973726774,49.90934201606761,0.0,957.6736150417535,1299.1848025417535,0.0,95134.18160781477,96433.36641035651,1.4234038222828613,0.020163491029497153,0.056542930518434356,0.0767064215479315,95850.60237336188,582.7640369946275,20161.94074644107,48500.475448294834,16179.39445765227,64679.869905947104,8832.362494053934,2176.4292269197713,21502.486750766955,21502.486750766955,2147.3797447035017,23649.866495470458,1249.275460525686,1249.275460525686,0.0,22751.76221129264,0.038149545883519494,0.04026622603386481,0.032122933948506294,0.3718555075110217,5541.886698727592,-1.4551915228366852e-11,unchanged_baseline,0.0,False
2046Q3,2046-09-30,2046,3,2046,68354.0314780933,34542.348913336136,0.016028176972572528,0.019891526067509657,0.023159436985126236,341.5111875,914.3828474168021,157.01111356290983,532.2927180450345,169.28376542019168,38.302200477297774,17.493049911367663,6.044719973726774,50.69991780689588,0.0,971.1274851974247,1312.6386726974247,0.0,96433.36641035651,97746.00508305394,1.429996197289116,0.0199848453772299,0.05682927336970082,0.07681411874693071,97163.24104605931,582.7640369946275,20433.776294714167,49154.38835781077,16397.534894549397,65551.92325236017,8971.768329454824,2205.7731695301463,21777.624195184606,21777.624195184602,2176.4292269197713,23954.053422104374,1261.9387548905288,1261.9387548905288,0.0,23039.56295007513,0.03816050362891771,0.040281803750994216,0.03211489050185991,0.3938501752436771,6513.014183925017,0.0,unchanged_baseline,0.0,False
2046Q4,2046-12-31,2046,4,2047,68965.05199428966,34679.937388593244,0.01602817697257164,0.01989152606750877,0.023159436985126236,357.7490725,927.1716448411515,159.1280328950866,539.4694122269718,171.93291729495945,38.912380574034536,17.728901850098545,6.052004524189207,51.500141348602426,0.0,984.7237907139431,1342.4728632139431,0.0,97746.00508305394,99088.47794626789,1.436792622942885,0.02074958618342646,0.05711436515964513,0.07786395134307159,98505.71390927325,582.7640369946275,20711.866080208012,49823.3461225114,16620.694182176165,66444.04030468757,9114.015283545388,2235.7922408322725,22799.79354199563,22799.79354199563,2205.7731695301463,25005.566711525775,1290.9727218653406,1290.9727218653406,0.0,24090.76626386097,0.03816840483069476,0.040297249585892814,0.03248557849736452,0.42305532262692397,7497.737974638961,0.0,unchanged_baseline,0.0,False
2047Q1,2047-03-31,2047,1,2047,69574.80901325062,34816.54327558161,0.01584952735551126,0.019676561505418855,0.023159436985126236,357.7490725,940.1771372006358,161.29365709961994,546.8112236945612,174.56703284678392,39.53504342398074,17.970180135689382,6.052004524189207,52.31667360546223,0.0,998.5458153302873,1356.2948878302873,0.0,99088.47794626789,100444.77283409817,1.4436945535124404,0.020567735798275276,0.05740846892674116,0.07797620472501644,99862.00879710354,582.7640369946275,20992.757392426036,50499.04308855246,16846.10161677073,67345.1447053232,9257.99296967394,2266.113729680367,23231.029448943358,23231.029448943358,2235.7922408322725,25466.821689775632,1303.978214224825,1303.978214224825,0.0,24535.007663168184,0.03817851292353311,0.04030926041155916,0.03243999338032592,0.45303450423348796,8496.283789969248,0.0,unchanged_baseline,0.0,False
2047Q2,2047-06-30,2047,2,2047,70189.95722110248,34953.68725951492,0.01584952735551126,0.019676561505418855,0.02235168965107781,357.7490725,953.3675379941194,163.48109819351777,554.2269978968618,177.20171674373685,40.24383605769638,18.213889102305945,6.052004524189207,51.30489516976564,0.0,1010.7244376880742,1368.4735101880742,0.0,100444.77283409817,101813.24634428624,1.450538657881904,0.02038747915876737,0.05759937619019957,0.07798685534896695,101230.4823072916,582.7640369946275,21276.490062687582,51181.57507200391,17073.789161854645,68255.36423385855,9401.886074983382,2296.741935762077,23463.77824607918,23463.778246079182,2266.113729680367,25729.89197575955,1317.1686150183086,1317.1686150183086,0.0,24780.94686109749,0.038186080043998684,0.040249956634675635,0.03250467599167938,0.48182931421835185,9507.008227657321,-1.4551915228366852e-11,unchanged_baseline,0.0,False
2047Q3,2047-09-30,2047,3,2047,70810.54428423816,35091.37145998209,0.01584952735551126,0.019676561505418855,0.02235168965107781,357.7490725,966.6240885848472,165.69066636317956,561.7177864152416,179.88139950554103,40.87417299219699,18.460063308687687,6.052004524189207,52.10230565686959,0.0,1024.7783987659059,1382.527471265906,0.0,101813.24634428624,103195.77381555215,1.457350382752568,0.020208802297238208,0.05788846331429841,0.07809726561153661,102613.00977855752,582.7640369946275,21563.078340389722,51870.9763504456,17303.768252171172,69174.74460261677,9547.508438288163,2327.678397262869,23791.69242362357,23791.69242362357,2296.741935762077,26088.43435938565,1330.4251656090364,1330.4251656090364,0.0,25122.117589232606,0.03819408874248492,0.0402611029728124,0.032503817372044295,0.5103438272384099,10531.786626423227,1.4551915228366852e-11,unchanged_baseline,0.0,False
2047Q4,2047-12-31,2047,4,2048,71436.61829049476,35229.59800492117,0.01584952735551126,0.019676561505418855,0.02235168965107781,372.65234999999996,980.0313796413096,167.92247257578498,569.283965446139,182.60412401959368,41.512102481791175,18.70871511800031,6.05491834437418,52.90929914975711,0.0,1038.995597135441,1411.647947135441,0.0,103195.77381555215,104607.42176268759,1.4643389380122223,0.020866180898128233,0.058177199425112645,0.07904338032324089,104024.65772569296,582.7640369946275,21855.76565497107,52575.04914251477,17538.641649276975,70113.69079179174,9695.928044949198,2359.2732339809536,24088.537522041726,24088.537522041726,2327.678397262869,26416.215919304595,1358.7386479856837,1358.7386479856837,0.0,25447.27617002741,0.03820167391504595,0.04027279640317436,0.032501688837311776,0.5382823304200178,11570.782223558668,0.0,unchanged_baseline,0.0,False
2048Q1,2048-03-31,2048,1,2048,72084.6419407788,35366.86293546704,0.015676506274730606,0.02077970179797095,0.0223516896510787,372.65234999999996,993.711376086324,170.2017750380872,577.0111643390981,185.37345531783652,42.162322773179845,18.962658618121917,6.05491834437418,53.7317940885462,0.0,1053.4980885192442,1426.1504385192443,0.0,104607.42176268759,106033.57220120683,1.4709592688040096,0.020678598934078234,0.05845894826721877,0.07913754720129701,105450.8081642122,582.7640369946275,22151.399791907774,53286.2106512454,17775.879789037448,71062.09044028285,9846.131759489928,2391.1861725316644,24504.971423201245,24504.971423201245,2359.2732339809536,26864.2446571822,1372.418644430698,1372.418644430698,0.0,25877.390067631943,0.03821079834490812,0.04028387549438739,0.03244412278659485,0.5666388657668583,12624.280312077912,0.0,unchanged_baseline,0.0,False
2048Q2,2048-06-30,2048,2,2048,72738.54401394143,35504.66269076893,0.015676506274730606,0.02077970179797095,0.022930584971782908,372.65234999999996,1007.5823489071097,172.50402587948182,584.8161618974167,188.14442840407227,42.89857386441554,19.21915886172325,6.05491834437418,55.9654183431941,0.0,1069.602685594678,1442.2550355946778,0.0,106033.57220120683,107475.82723680152,1.4775636314111837,0.02049270328691625,0.05881903192286459,0.07931173520978084,106893.06319980689,582.7640369946275,22450.021889620868,54004.55983700069,18015.51568388674,72020.07552088743,9999.544135597718,2423.4216537008874,24825.303320286155,24825.30332028616,2391.1861725316644,27216.489492817822,1386.2896172514838,1386.2896172514838,0.0,26211.592937537644,0.03821716039444691,0.04034958601847441,0.03247713354705464,0.5944817743345057,13693.88299767259,1.4551915228366852e-11,unchanged_baseline,0.0,False
2048Q3,2048-09-30,2048,3,2048,73398.37783497396,35642.99935466223,0.015676506274730606,0.02077970179796984,0.022930584971782908,372.65234999999996,1021.533594120119,174.8295454654225,592.7000442110808,190.95458981743252,43.57116308456214,19.478251541620878,6.05491834437418,56.837414373474864,0.0,1084.4259268379678,1457.0782768379677,0.0,107475.82723680152,108932.90551363947,1.4841323299890898,0.02030847879705772,0.05909808684198164,0.07940656563903935,108350.14147664484,582.7640369946275,22751.649239670398,54730.13829542333,18257.56320981894,72987.70150524226,10154.809187664503,2455.981544067693,25122.688258873535,25122.688258873535,2423.4216537008874,27546.109912574422,1400.2408624644931,1400.2408624644931,0.0,26522.929121338027,0.03822309418673413,0.040359807585333654,0.03251160041463878,0.6216175574202006,14778.308924510558,-1.4551915228366852e-11,unchanged_baseline,0.0,False
2048Q4,2048-12-31,2048,4,2049,74064.19721259525,35781.87501910156,0.015676506274729718,0.02077970179797184,0.022930584971782908,392.23500750000005,1035.619521866425,177.17846845393322,600.6632677922693,193.78594379582358,44.251890163955125,19.739951660444078,6.05491834437418,57.71994101492665,0.0,1099.3943812257257,1491.6293887257257,0.0,108932.90551363947,110424.53490236521,1.490930018257007,0.021183514964679705,0.059375213536440756,0.08055872850112046,109841.77086537058,582.7640369946275,23060.529174914365,55473.163180982294,18505.430732852325,73978.59391383461,10313.32344442015,2489.324332201455,25223.756565841406,25223.75656584141,2455.981544067693,27679.738109909104,1433.9094477107992,1433.9094477107992,0.0,26657.666013552207,0.03822895772853557,0.040369597268772775,0.032425222194451694,0.646315229071237,15877.703305736284,1.4551915228366852e-11,unchanged_baseline,0.0,False
2049Q1,2049-03-31,2049,1,2049,74708.85169853843,35919.71301209475,0.015497958573625237,0.019473428238653945,0.022930584971783796,392.23500750000005,1050.0381380808867,179.58387094964561,608.8179659112789,196.68145733362076,44.94689956627167,20.007944320069193,6.05491834437418,58.620936137621655,0.0,1114.7139925628824,1506.9490000628825,0.0,110424.53490236521,111931.48390242808,1.4982359032111565,0.021000724737825063,0.05968310138460822,0.08068382612243329,111348.71986543345,582.7640369946275,23372.515039371465,56223.65952206432,18755.790677350924,74979.45019941524,10473.752229306157,2523.0023973406023,25682.39925880567,25682.39925880567,2489.324332201455,28171.723591007125,1448.3280639252607,1448.3280639252607,0.0,27130.72732273093,0.03823860063267153,0.04037921440370064,0.03240217918585996,0.6716947623876534,16992.417298299166,-1.4551915228366852e-11,unchanged_baseline,0.0,False
2049Q2,2049-06-30,2049,2,2049,75359.11725463274,36058.08198096057,0.015497958573625237,0.019473428238653945,0.022366633995218432,392.23500750000005,1064.7069487882197,182.01346086910527,617.0546632546541,199.63918018280208,45.721012713032806,20.278631768625083,6.05491834437418,58.08073913363603,0.0,1128.8426062662297,1521.0776137662297,0.0,111931.48390242808,113452.56151619431,1.5054921773147463,0.020819511787786352,0.05991803765173927,0.08073754943952562,112869.79747919968,582.7640369946275,23687.660727699327,56981.75696474625,19008.686292272556,75990.44325701881,10634.671937207882,2557.0215572736843,26001.245228718504,26001.245228718508,2523.0023973406023,28524.24762605911,1462.996874632594,1462.996874632594,0.0,27464.242103351102,0.038246857442730924,0.04034048569391805,0.03239822736093468,0.6965160030739601,18121.259904565395,0.0,unchanged_baseline,0.0,False
2049Q3,2049-09-30,2049,3,2049,76015.04271961107,36196.983971110225,0.015497958573625237,0.019473428238653945,0.022366633995218432,392.23500750000005,1079.48479794533,184.4676579169585,625.3747826880884,202.6633288711876,46.42696770250763,20.552060766587235,6.05491834437418,58.97309703665672,0.0,1144.5128133263609,1536.747820826361,0.0,113452.56151619431,114989.30933702068,1.5127178150931258,0.02063986250441494,0.060225596007253905,0.08086545851166885,114406.54530002605,582.7640369946275,24005.989727984565,57747.51201070033,19264.13642615087,77011.6484368512,10797.522787711547,2591.3843474787514,26236.55094473001,26236.55094473001,2557.0215572736843,28793.572502003695,1477.7747237897042,1477.7747237897042,0.0,27714.325668519716,0.03825832097675459,0.04035211891317208,0.032405965205594765,0.7200102600742853,19265.772717891756,0.0,unchanged_baseline,0.0,False
2049Q4,2049-12-31,2049,4,2050,76676.67735729841,36336.421035834224,0.015497958573625237,0.019473428238653057,0.022366633995218432,407.0113625000001,1094.5105574609277,186.9466450066798,633.7789443174345,205.81530909160224,47.1414073523503,20.828251692860466,6.057832164559153,59.87616382291577,0.0,1160.4445534484025,1567.4559159484027,0.0,114989.30933702068,116556.76525296908,1.5201071469207934,0.021232603004087216,0.06053702864775721,0.08176963165184442,115974.00121597445,582.7640369946275,24330.739060625518,58528.7114613228,19524.738697466677,78053.45015878948,10963.37180064473,2626.440195914732,26293.93681926782,26293.93681926782,2591.3843474787514,28885.32116674657,1507.579752125487,1507.579752125487,0.0,27801.516571393306,0.03826835461456256,0.040367041428078176,0.03228862827973978,0.7406542803662405,20426.21727134016,0.0,unchanged_baseline,0.0,False
2050Q1,2050-03-31,2050,1,2050,77356.14328070718,36473.8915487907,0.015219177974386433,0.020390207990024445,0.022366633995218432,407.0113625000001,1109.7975382840089,189.47563043462122,642.3526082880161,208.990260786145,47.86902570056116,21.110013074664657,6.057832164559153,60.79585650275506,0.0,1176.651226951323,1583.6625894513231,0.0,116556.76525296908,118140.42784242041,1.5272274809993653,0.02104610417419865,0.06084332424286115,0.0818894284170598,117557.66380542578,582.7640369946275,24658.781377809006,59317.83233766344,19787.983496926314,79105.81583458975,11131.215079533124,2661.851513493902,26730.314410060615,26730.314410060615,2626.440195914732,29356.754605975348,1522.8667329485681,1522.8667329485681,0.0,28253.181143009184,0.03828673231587549,0.040380366575808,0.03224515592412416,0.7616687132202833,21602.868498291482,0.0,unchanged_baseline,0.0,False
2050Q2,2050-06-30,2050,2,2050,78041.63025193631,36611.88214989548,0.015219177974386433,0.020390207990024445,0.02276633294218633,407.0113625000001,1125.498338537895,192.03025997968766,651.0132099058546,212.30057014111947,48.75966697152602,21.394631539707234,6.057832164559153,62.82043079095424,0.0,1194.3766014934085,1601.3879639934087,0.0,118140.42784242041,119741.81580641381,1.534332578905127,0.02086124347664568,0.061217409100127025,0.0820786525767727,119159.05176941918,582.7640369946275,24990.205820811836,60115.08907316203,20053.94235791528,80169.03143107731,11302.186594744086,2697.6279227859636,27030.25554429534,27030.25554429534,2661.851513493902,29692.107057789242,1538.5675332024543,1538.5675332024543,0.0,28568.823077497796,0.03830434094585438,0.040439217067556495,0.03228603680726345,0.7818787446966166,22797.24509978489,0.0,unchanged_baseline,0.0,False
2050Q3,2050-09-30,2050,3,2050,78733.19162615138,36750.394806782766,0.015219177974387321,0.020390207990024445,0.02276633294218633,407.0113625000001,1141.3550881786725,194.61122782957216,659.7631025779516,215.7878936373567,49.51067970440013,21.682184429392173,6.057832164559153,63.78533032454449,0.0,1211.1982506677762,1618.2096131677763,0.0,119741.81580641381,121360.0254195816,1.5414086856256901,0.020678006522718454,0.06153431485002695,0.08221232137274541,120777.26138258696,582.7640369946275,25325.045982854695,60920.56247785544,20322.642238055134,81243.20471591057,11475.237633729716,2733.7730500919874,27370.332035291776,27370.332035291776,2697.6279227859636,30067.95995807774,1554.4242828432318,1554.4242828432318,0.0,28924.75631813501,0.038324425021148495,0.04046032682938152,0.03227581231826498,0.8016429989430524,24008.443350452668,0.0,unchanged_baseline,0.0,False
2050Q4,2050-12-31,2050,4,2051,79430.88123132168,36889.43149453083,0.015219177974386433,0.020390207990024445,0.022766332942187217,427.29039000000006,1157.4618922247935,197.21879559148095,668.6031731944616,219.39638767330248,50.27083487543332,21.972700890114346,6.063659804929099,64.7619659155606,0.0,1228.287517945283,1655.5779079452832,0.0,121360.0254195816,123015.60332752687,1.5487125589010662,0.021517595342075004,0.061854407198037586,0.0833720025401126,122432.83929053224,582.7640369946275,25667.725310300146,61744.893355345,20597.632829533868,82342.52618487887,11651.823400375712,2770.76439497753,27629.74912020506,27629.74912020506,2733.7730500919874,30363.522170297045,1590.8159420297227,1590.8159420297227,0.0,29220.565062234782,0.03834140270495146,0.04048408901361675,0.03232526897084057,0.8203159188318724,25236.73086839795,0.0,unchanged_baseline,0.0,False
2051Q1,2051-03-31,2051,1,2051,80109.2122534556,37027.85847642142,0.015094632227163673,0.01921496163380243,0.02276633294218544,427.29039000000006,1173.848169776962,199.8874108539624,677.6502045749094,222.9940006300921,51.04653489336569,22.2700188246319,6.063659804929099,65.75855019256326,0.0,1245.6703797744544,1672.9607697744545,0.0,123015.60332752687,124688.56409730132,1.55648221458978,0.021335393420077897,0.06219860836146075,0.08353400178153865,124105.80006030669,582.7640369946275,26013.934422947365,62577.71529342585,20875.455975073164,83453.17126849902,11830.5575978369,2808.1367710234413,28222.186672547374,28222.186672547374,2770.76439497753,30992.951067524904,1607.2022195818913,1607.2022195818913,0.0,29829.388892129264,0.038361665049157154,0.04050446759856566,0.03223344668325465,0.8404786476644149,26482.401248172406,0.0,unchanged_baseline,0.0,False
2051Q2,2051-06-30,2051,2,2051,80793.3361481909,37166.80490327331,0.015094632227163673,0.01921496163380243,0.022850408612718587,427.29039000000006,1190.5192822587558,202.5835143187026,686.7904253453466,226.55455767191916,52.02038562568608,22.570399297100906,6.063659804929099,67.01175434251738,0.0,1263.5946964062023,1690.8850864062024,0.0,124688.56409730132,126379.44918370753,1.5642311013361638,0.02115473430710995,0.06255935237473154,0.08371408668184148,125796.6851467129,582.7640369946275,26363.734677386725,63419.17588819711,21156.16091162351,84575.33679982062,12011.716867991006,2845.8968015145624,28407.37274878267,28407.37274878267,2808.1367710234413,31215.50951980611,1623.873332063685,1623.873332063685,0.0,30031.246080846355,0.03837575393931022,0.040536025273982625,0.0323344635739578,0.8588577770679602,27745.995944578608,1.4551915228366852e-11,unchanged_baseline,0.0,False
2051Q3,2051-09-30,2051,3,2051,81483.30238602485,37306.272724295144,0.015094632227163673,0.01921496163380243,0.022850408612718587,427.29039000000006,1207.1831463640106,205.30758380014913,696.0254553729615,230.15894317013792,52.81726847858901,22.873895542173294,6.063659804929099,68.03789367771284,0.0,1281.2846998466525,1708.5750898466526,0.0,126379.44918370753,128088.02427355418,1.571954259619238,0.020975604939314996,0.06289802510833949,0.08387363004765448,127505.26023655955,582.7640369946275,26717.124512237846,64269.271383686515,21439.746386220748,85709.01776990727,12195.073636510522,2884.0443179039307,28889.061497758576,28889.061497758572,2845.8968015145624,31734.958299273134,1640.5371961689398,1640.5371961689398,0.0,30529.59869392751,0.038390278691154904,0.040553577598970325,0.03228476617910465,0.8777865205531654,29027.28064442526,0.0,unchanged_baseline,0.0,False
2051Q4,2051-12-31,2051,4,2052,82179.16085992736,37446.26389600992,0.015094632227163673,0.01921496163380243,0.022850408612718587,450.937025,1224.0426490450698,208.05960713905225,705.3552534359575,233.8234634312535,53.62381883365423,23.18050620515284,6.070944355391532,69.07648028932907,0.0,1299.1900736897903,1750.1270986897903,0.0,128088.02427355418,129838.15137224397,1.579940096900604,0.021948971991505858,0.0632369598372625,0.08518593182876837,129255.38733524934,582.7640369946275,27079.24138578403,65140.360171998735,21730.33506568156,86870.6952376803,12382.316816292414,2923.1338954926277,28953.07821570572,28953.07821570572,2884.0443179039307,31837.12253360965,1681.0506184004612,1681.0506184004612,0.0,30634.12883410618,0.03840452730273533,0.04057178900394762,0.03225196240293369,0.8939648770813482,30326.47071811505,0.0,unchanged_baseline,0.0,False
2052Q1,2052-03-31,2052,1,2052,82909.72255926982,37585.44010062169,0.014949853670766178,0.020776005458570612,0.022850408612718587,450.937025,1241.304682374137,210.8795922917931,714.9154528876841,237.56748097712,54.44746753251754,23.494688685022,6.070944355391532,70.1370806762583,0.0,1317.5127074057868,1768.4497324057868,0.0,129838.15137224397,131606.60110464974,1.5873482269895174,0.021755567915578915,0.0635637253020083,0.08531929321758722,131023.83706765513,582.7640369946275,27445.07669200068,66020.3938210616,22023.907683528876,88044.30150459048,12571.834002817164,2962.6248682468063,29559.401598461558,29559.401598461558,2923.1338954926277,32482.535493954187,1698.3126517295284,1698.3126517295284,0.0,31257.714250191086,0.038417820375875815,0.04058938589254859,0.03215319904170881,0.8994355500098778,31643.983425520837,0.0,unchanged_baseline,0.0,False
2052Q2,2052-06-30,2052,2,2052,83646.77885396908,37725.133580227404,0.014949853670766178,0.020776005458570612,0.02253572169058371,450.937025,1258.7203806530067,213.7285347389553,724.5738221861492,241.2014741021229,55.40445224724582,23.812097378533704,6.070944355391532,70.23801971755174,0.0,1335.0293447259498,1785.9663697259498,0.0,131606.60110464974,133392.5674743757,1.5947125436504022,0.021563868025916352,0.06384127939016755,0.0854051474160839,132809.80343738108,582.7640369946275,27814.663532015504,66909.45195715973,22320.490802493383,89229.94275965312,12762.676336365092,3002.5208093473757,29768.32051600019,29768.32051600019,2962.6248682468063,32730.945384246996,1715.7283500083981,1715.7283500083981,0.0,31484.048866008587,0.03842259243163472,0.04057636421031414,0.0322437190178696,0.9033172260574392,32979.01277024679,2.9103830456733704e-11,unchanged_baseline,0.0,False
2052Q3,2052-09-30,2052,3,2052,84390.3874801053,37865.34625737856,0.014949853670766178,0.020776005458570612,0.02253572169058371,450.937025,1276.036726086833,216.60669225557072,734.3312352298261,244.72145248922297,56.244585107083935,24.13276100512953,6.070944355391532,71.30424343508403,0.0,1353.4119138773085,1804.3489388773085,0.0,133392.5674743757,135196.91641325303,1.602041659604006,0.021373857306025836,0.06415005093779762,0.08552390824382346,134614.1523762584,582.7640369946275,28187.98050412814,67807.48309751891,22620.067248308147,90427.55034582705,12955.802117766925,3042.8194085362734,30226.579194243513,30226.579194243513,3002.5208093473757,33229.10000359089,1733.0446954422243,1733.0446954422243,0.0,31959.62388968574,0.03842452930292394,0.04058432758293807,0.03219722830266561,0.9076796934367951,34332.4246841241,0.0,unchanged_baseline,0.0,False
2052Q4,2052-12-31,2052,4,2053,85140.60668702472,38006.08006177218,0.014949853670767954,0.020776005458570612,0.022535721690584598,462.968345,1293.4385731493992,219.5138981758979,744.1871269952682,248.18612013948757,57.09476684263462,24.456660996110298,6.072401265484019,72.38322462741168,0.0,1371.894199042295,1834.862544042295,0.0,135196.91641325303,137031.77895729532,1.6094761863868505,0.02175076561067332,0.06445310891830276,0.08620387452897607,136449.0149203007,582.7640369946275,28567.638019404865,68720.76670597757,22924.73180296212,91645.4985089397,13152.075939036395,3083.802452919729,30544.56820664264,30544.568206642638,3042.8194085362734,33587.38761517891,1762.4793194148833,1762.4793194148833,0.0,32307.047526057522,0.038424282929922296,0.04058951151959296,0.03224399312357246,0.911329499967275,35704.318883166394,0.0,unchanged_baseline,0.0,False
2053Q1,2053-03-31,2053,1,2053,85878.75613703064,38146.96482258528,0.014910252990658845,0.01992533565251664,0.02253572169058371,462.968345,1311.0609016924386,222.47048107611536,754.2104145981019,251.63514260920203,57.958801193677346,24.786062215342323,6.072401265484019,73.47979371393005,0.0,1390.6130966718529,1853.5814416718529,0.0,137031.77895729532,138885.36039896717,1.617226036405996,0.021563812324494978,0.06477099386269407,0.08633480618718904,138302.59636197254,582.7640369946275,28951.09157892128,69643.181873385,23232.442577119713,92875.6244505047,13350.685062110206,3125.19527043633,31149.78752778997,31149.78752778997,3083.802452919729,34233.5899807097,1780.1016479579228,1780.1016479579228,0.0,32929.88917574789,0.038424299273550476,0.040592426289823604,0.032150831207552424,0.9163778882058797,37094.93197983825,0.0,unchanged_baseline,0.0,False
2053Q2,2053-06-30,2053,2,2053,86623.30517275418,38288.37182920213,0.014910252990658845,0.01992533565251664,0.022725734639350792,462.968345,1328.874699157737,225.4566256708495,764.3339210603987,255.1282332649709,58.83716217538583,25.118756986132006,6.072401265484019,75.21305524533884,0.0,1410.16015566856,1873.12850066856,0.0,138885.36039896717,140758.48889963573,1.624949413081375,0.021378465948704923,0.06511689448266866,0.08649536043137358,140175.7248626411,582.7640369946275,29338.382427198376,70574.82781533274,23543.232668357334,94118.06048369007,13552.27963842748,3167.002313325175,31345.539284311344,31345.539284311344,3125.19527043633,34470.73455474767,1797.9154454232212,1797.9154454232212,0.0,33143.45472973456,0.038423454557078324,0.04061364427806307,0.032233975456489185,0.9198894330770748,38505.09213550681,0.0,unchanged_baseline,0.0,False
2053Q3,2053-09-30,2053,3,2053,87374.3092771295,38430.303017536,0.014910252990657957,0.01992533565251664,0.022725734639350792,462.968345,1346.8434813571705,228.47265315180735,774.558735273275,258.63264771779217,59.724664120945285,25.454781093351098,6.072401265484019,76.34876805222264,0.0,1429.2646506748772,1892.2329956748772,0.0,140758.48889963573,142650.7218953106,1.632639194237955,0.021194712671505304,0.06543180312380412,0.08662651579530942,142067.95785831596,582.7640369946275,29729.543949659976,71515.78484199275,23857.12886754536,95372.91370953812,13756.273013661685,3209.2271854562046,31841.16233102106,31841.16233102106,3167.002313325175,35008.16464434624,1815.8842276226546,1815.8842276226546,0.0,33657.04655864371,0.03841997805176882,0.04061608395622883,0.03218625176533211,0.9240735752250754,39934.35678618169,-2.9103830456733704e-11,unchanged_baseline,0.0,False
2053Q4,2053-12-31,2053,4,2054,88131.82441411512,38572.760330676436,0.014910252990658845,0.01992533565251664,0.022725734639350792,486.19494,1364.9015694896768,231.51882350797706,784.8857386408687,262.0801207647129,60.62272307301411,25.79416350310424,6.073858175576505,77.49799484693735,0.0,1448.4734225121908,1934.668362512191,0.0,142650.7218953106,144585.3902578228,1.6405582344289482,0.02206671395864722,0.06574122036580486,0.08780793432445208,144002.62622082816,582.7640369946275,30129.598962769254,72478.13556930052,24178.16184464102,96656.29741394153,13964.317757274106,3252.412086843265,32910.0454357233,32910.0454357233,3209.2271854562046,36119.27262117951,1857.1703676652535,1857.1703676652535,0.0,34767.21580338856,0.038416356307009535,0.040615943705499244,0.03247958742152108,0.9274729824377017,41382.830208693886,0.0,unchanged_baseline,0.0,False
2054Q1,2054-03-31,2054,1,2054,88891.20434754388,38714.97092715584,0.0148290126082804,0.01979116344579368,0.022725734639350792,486.19494,1383.3587941841338,234.63425192256557,795.4475378730715,265.5971324686093,61.53860977188507,26.141262148002735,6.073858175576505,78.67004562350985,0.0,1468.1026979832202,1954.2976379832203,0.0,144585.3902578228,146539.687895806,1.648528546456295,0.02187820239667768,0.066062900542703,0.08794110293938069,145956.92385881138,582.7640369946275,30533.629865972227,73450.0504830276,24502.38536251622,97952.43584554382,14174.831972038224,3296.0261752570973,33587.62862026603,33587.628620266034,3252.412086843265,36840.0407071093,1875.6275923597102,1875.6275923597102,0.0,35463.25621262575,0.03841185743123197,0.04061551987694797,0.032405458365560566,0.9322089268166518,42850.9329066771,0.0,unchanged_baseline,0.0,False
2054Q2,2054-06-30,2054,2,2054,89657.12740982682,38857.705827666825,0.014829012608279513,0.01979116344579479,0.022859099804621197,486.19494,1401.9709202295155,237.78064258125872,806.1143040512263,269.1504998583866,62.43366335501531,26.491810383628916,6.073858175576505,80.32069466204165,0.0,1488.3654730671337,1974.5604130671336,0.0,146539.687895806,148514.24830887315,1.656468956784749,0.021691301251604046,0.06640255007340341,0.08809385132500745,147931.48427187852,582.7640369946275,30941.670026731055,74431.6098501384,24829.826197627604,99261.43604776601,14388.305144752732,3340.073052628727,33861.63200792324,33861.63200792324,3296.0261752570973,37157.658183180334,1894.2397184050922,1894.2397184050922,0.0,35755.87172632833,0.03840798087537871,0.04062695900172532,0.032495766027440066,0.9355566066819898,44339.298379744236,0.0,unchanged_baseline,0.0,False
2054Q3,2054-09-30,2054,3,2054,90429.64997924482,39000.96696522091,0.014829012608281289,0.019791163445792792,0.022859099804621197,486.19494,1420.7944816190072,240.9582553331681,816.8869181052672,272.7301886497408,63.37328237032804,26.845837160503393,6.073858175576505,81.53032547515922,0.0,1508.398665269743,1994.593605269743,0.0,148514.24830887315,150508.8419141429,1.6643749251344808,0.021505996765954095,0.06672142004822298,0.08822741681417708,149926.07787714826,582.7640369946275,31353.764990554562,75422.92323244837,25160.520898974217,100583.44413142258,14604.311119693357,3384.557635477739,34412.224181790036,34412.224181790036,3340.073052628727,37752.297234418766,1913.0632797945839,1913.0632797945839,0.0,36325.28746158462,0.03840531222717632,0.04062636905066898,0.03244780152072386,0.9395584684810196,45847.69704501398,0.0,unchanged_baseline,0.0,False
2054Q4,2054-12-31,2054,4,2055,91208.82891985717,39144.756279956215,0.014829012608279513,0.01979116344579368,0.022859099804622085,508.6235875,1439.851891978524,244.16744486394364,827.7665824761192,276.3904352950033,64.32404734830634,27.203381995152327,6.0767719957614785,82.75430823507148,0.0,1528.6829722093569,2037.3065597093569,0.0,150508.8419141429,152546.14847385226,1.6724932254956435,0.022305892687073718,0.06704100865290447,0.08934690133997818,151963.38443685762,582.7640369946275,31774.797137201032,76435.7354189426,25498.3874399791,101934.12285892169,14824.457476695074,3430.006964039817,34726.84664991878,34726.84664991878,3384.557635477739,38111.404285396515,1954.5522514742854,1954.5522514742854,0.0,36681.39890139306,0.03840042013745902,0.040627060915966316,0.032487962594204896,0.942762096015618,47376.38001722333,0.0,unchanged_baseline,0.0,False
2025Q4,2025-12-31,2025,4,2026,31324.77532798175,24037.6,0.012257322464116038,0.03416889228732933,0.03138521050212062,203.43175,239.03865259628913,65.01368874582066,119.6877543737386,42.71050255977236,4.964461483838189,6.6622454331192795,4.95932195482428,16.18876413444616,0.0,260.1867386855596,463.61848868555956,17.515,30277.7664202628,30758.89990894836,0.9819352122047653,0.025977105708819403,0.03322440285190366,0.059201508560723065,30176.13587195373,582.7640369946275,6496.785779950878,15628.316895483313,5213.4891756015995,20841.806071084913,2136.2328410892824,701.3111798286476,5437.953890766519,5437.953890766519,690.4997903999999,6128.453681166519,464.9447245511134,464.9447245511134,0.0,5902.898615317633,0.03191801122214894,0.03437330681188355,0.03728955310952268,0.2159123202980333,260.1867386855596,0.0,recession_only,0.0,True
2026Q1,2026-03-31,2026,1,2026,31720.36011381085,24212.4,0.029406590218133966,0.021441816030615124,0.033142739611773386,203.43175,240.44945621086,60.93064490474254,124.12698071778895,43.5306883372127,5.495856886635115,6.365285364480696,4.95932195482428,17.484323876921767,0.0,262.8931020426061,466.32485204260604,17.515,30758.89990894836,31242.739760990964,0.9849427827708699,0.025653145080333065,0.033151338900234494,0.058804483980567555,30659.975723996336,582.7640369946275,6597.2439124852945,15869.973552044366,5294.104021820724,21164.077573865092,2186.4988628819306,712.1553747640124,7048.973836554221,7048.973836554221,701.3111798286476,7750.285016382868,466.3555281656843,466.3555281656843,0.0,7515.329364719905,0.03167264828825653,0.034187581847311174,0.03521065832892457,0.2987558061381062,523.0798407281657,0.0,recession_only,0.0,True
2026Q2,2026-06-30,2026,2,2026,32094.798708229428,24331.8,0.01987181994496834,0.02763904405751516,0.030772192830818668,203.43175,242.47997851847242,57.50032222679604,128.76641191949622,44.28274287826491,5.833621243500796,6.096880250414424,4.95932195482428,16.630148070113112,0.0,264.06944854340986,467.5011985434098,17.515,31242.739760990964,31727.755959534374,0.9885637934036664,0.025353858966292636,0.032911183016792044,0.05826504198308467,31144.991922539746,582.7640369946275,6698.139441955681,16112.682387045035,5375.069866867322,21487.752253912357,2236.0534411071853,723.0467855645156,7294.65052613453,7294.650526134531,712.1553747640124,8006.805900898544,468.3860504732967,468.3860504732967,0.0,7763.036576607828,0.03163504775739422,0.03380874411956937,0.033746168375763635,0.3386780984951124,787.1492892715755,0.0,recession_only,0.0,True
2026Q3,2026-09-30,2026,3,2026,32468.269249181518,24457.7,0.020858389667526733,0.02596472248620807,0.02824698150314875,203.43175,246.3774413416258,55.138128411680306,133.50109328427993,45.11122588770424,6.434567199764894,6.1924265581965034,4.95932195482428,15.625881580025593,0.0,266.9626448764757,470.39439487647564,17.515,31727.755959534374,32215.665354410852,0.9922199765921605,0.02506222286611452,0.03288905150165409,0.057951274367768604,31632.901317416225,582.7640369946275,6799.874527972928,16357.410813919352,5456.709432599443,21814.120246518796,2284.877718607075,734.0288243174178,7560.870539253156,7560.870539253156,723.0467855645156,8283.91732481767,472.2835132964501,472.2835132964501,0.0,8033.154052549606,0.03206434142500246,0.03365666897046992,0.03387420938607825,0.3779019415086418,1054.1119341480512,3.637978807091713e-12,recession_only,0.0,True
2026Q4,2026-12-31,2026,4,2027,32813.516450759125,24573.2,0.01902398695529306,0.02374108660242924,0.02771554138299126,194.872,253.59837549789904,55.91196830625741,138.7066086465815,45.90202768161394,6.830451248587104,6.247319614859042,4.968063415379199,15.669722733652822,0.0,274.23616164693107,469.1081616469311,5.538,32215.665354410852,32690.311516057784,0.996245299253854,0.023755088887523573,0.0334296584224318,0.057184747309955375,32107.547479063156,582.7640369946275,6898.743123166559,16595.24376532521,5536.048719487986,22131.292484813195,2332.8104382651377,744.7014328182587,7665.516018009889,7665.51601800989,734.0288243174178,8399.544842327308,458.9764389132783,458.9764389132783,0.0,8124.492456923168,0.03242722436592475,0.034050038530013926,0.033830045581091525,0.4109562752171501,1328.3480957949823,0.0,recession_only,0.0,True
2027Q1,2027-03-31,2027,1,2027,33147.220203151985,24680.599999999995,0.017597408546793147,0.023296209984862815,0.026152401325720165,194.872,260.31127901663695,56.535199894349944,143.40677427048297,46.66884903955689,7.411776979595989,6.288678832651108,4.968063415379199,15.104810271309676,0.0,280.38415270332587,475.2561527033259,5.538,32690.311516057784,33171.10566876111,1.0007205872909626,0.023515938749092396,0.033835012527133605,0.057350951276226,32588.34163176648,582.7640369946275,6999.057751934678,16836.555216978573,5616.548407941779,22453.103624920353,2380.6501180173027,755.5301368941339,7818.45707685363,7818.4570768536305,744.7014328182587,8563.15850967189,465.6893424320162,465.6893424320162,0.0,8284.146419285647,0.03274957978431627,0.03430792056730308,0.03368771382636251,0.44471885813106954,1608.7322484983083,0.0,recession_only,0.0,True
2027Q2,2027-06-30,2027,2,2027,33480.81936295423,24789.999999999996,0.01784876327045648,0.022616048740021766,0.02507028033791192,194.872,266.8386349235212,57.11231125578679,148.1810139507879,47.461975490152746,7.725799475387829,6.357534751405928,4.968063415379199,14.782631606632997,0.0,286.58932994553345,481.46132994553346,5.538,33171.10566876111,33658.104998706636,1.005295140296016,0.023281628551256005,0.03423922537124501,0.05752085392250102,33075.34096171201,582.7640369946275,7100.778445271973,17081.24902159954,5698.1764239501335,22779.42544554967,2428.62644889581,766.5106219945532,7901.268255122974,7901.268255122973,755.5301368941339,8656.798392017106,472.21669833890047,472.21669833890047,0.0,8373.484953461873,0.033069696559558555,0.03455891194069288,0.033687661368326086,0.47717029735788935,1895.3215784438416,-7.275957614183426e-12,recession_only,0.0,True
2027Q3,2027-09-30,2027,3,2027,33819.64204625321,24903.499999999993,0.01843999428756682,0.022248000239960097,0.024382592342289344,194.872,273.4775029553267,57.72932876006114,152.8758790192545,48.328865020161466,8.126248097579449,6.417182058270145,4.968063415379199,14.670585287046285,0.0,293.1161516577522,487.9881516577522,5.538,33658.104998706636,34151.631150364396,1.0098164582480542,0.023048381142944635,0.034668155417715396,0.05771653656066004,33568.867113369764,582.7640369946275,7203.929224122012,17329.382962672247,5780.952043649513,23110.33500632176,2476.9574018078993,777.6454811180921,8037.825029793427,8037.825029793427,766.5106219945532,8804.33565178798,478.85556637070596,478.85556637070596,0.0,8516.680596164133,0.03343936643839879,0.03483454005138027,0.03363811794499859,0.5098289514958444,2188.437730101594,7.275957614183426e-12,recession_only,0.0,True
2027Q4,2027-12-31,2027,4,2028,34158.5183188548,25016.899999999994,0.01833909570101455,0.021945305341696475,0.024162847358085493,215.4585,280.66536432293407,58.387846361508906,158.14773727280496,49.161424920357696,8.486680683143282,6.481675085119298,5.137064986107641,14.828888675230425,0.0,300.63131798427213,516.0898179842721,2.14175,34151.631150364396,34669.86271834867,1.0149697476547632,0.025230426915920565,0.035204257418663246,0.060434684334583814,34087.09868135404,582.7640369946275,7312.3677222676615,17590.236755623275,5867.970910432145,23458.20766605542,2527.1721572015626,789.3511358293897,7937.40636201969,7937.40636201969,777.6454811180921,8715.051843137782,503.40267930904173,503.40267930904173,0.0,8440.809041328732,0.03373662156122221,0.03521135686440727,0.03337959989297992,0.5358888135784936,2489.069048085866,0.0,recession_only,0.0,True
2028Q1,2028-03-31,2028,1,2028,34499.59871590287,25131.59999999999,0.018466116274653555,0.0216767083117837,0.023850744937782276,215.4585,287.53125850548395,59.12049303453405,163.14286721490578,49.997159553107,8.707284008515929,6.563454694421373,5.137064986107641,14.935804340339798,0.0,307.6041278319314,523.0626278319314,2.14175,34669.86271834867,35195.0670961806,1.0201587382509802,0.024980986216594184,0.0356646615359197,0.06064564775251389,34612.30305918597,582.7640369946275,7422.285209866853,17854.648325704093,5956.176624952724,23810.824950656817,2577.9764550448845,801.2164436174157,8117.836230000904,8117.836230000904,789.3511358293897,8907.187365830294,510.26857349159155,510.26857349159155,0.0,8628.104803492495,0.03405206613831439,0.035489512067682354,0.03328695823761664,0.563172199458663,2796.6731759177974,0.0,recession_only,0.0,True
2028Q2,2028-06-30,2028,2,2028,34836.751701773224,25242.599999999988,0.017784392025415263,0.02150065998978512,0.023590801926968608,215.4585,294.6936241022778,59.86073021757616,168.2026013866305,50.94316584134021,9.039033215815342,6.6480934409154875,5.137064986107641,15.071450300540866,0.0,314.9021393889263,530.3606393889263,2.14175,35195.0670961806,35727.56948556952,1.0255712068513825,0.024739218150357335,0.03615746290982663,0.06089668106018397,35144.805448574894,582.7640369946275,7533.745550137294,18122.77129882112,6045.620435660179,24168.3917344813,2629.4198656053645,813.2482983509353,8239.472850829226,8239.472850829226,801.2164436174157,9040.689294446642,517.4309390883853,517.4309390883853,0.0,8756.903789917611,0.034340738124234924,0.03578934951632466,0.033230591206071684,0.589963994360488,3111.5753153067235,-1.4551915228366852e-11,recession_only,0.0,True
2028Q3,2028-09-30,2028,3,2028,35168.71769035311,25350.699999999986,0.01724012308766243,0.02106182624872388,0.023346411992499982,215.4585,301.7647701156699,60.62781731472968,173.4004739328124,51.90468680644536,9.096063030590862,6.7357290310916245,5.137064986107641,15.214320358753913,0.0,322.11615546053144,537.5746554605314,2.14175,35727.56948556952,36267.28589103006,1.031237084341528,0.024505698717482777,0.036636667654094075,0.06114236637157685,35684.521854035425,582.7640369946275,7646.72909337303,18394.558406703254,6136.286574214171,24530.844980917427,2681.5032008498306,825.4445788951392,8318.464824475584,8318.464824475584,813.2482983509353,9131.71312282652,524.5020851017774,524.5020851017774,0.0,8842.966909577362,0.03462711807773135,0.03606359571597897,0.03323286533680406,0.6151400638616836,3433.691470767255,7.275957614183426e-12,recession_only,0.0,True
2028Q4,2028-12-31,2028,4,2029,35502.9460537084,25460.399999999983,0.01742186418178404,0.020775810233577552,0.02309377715644856,173.80475,308.956314157713,61.42235144251887,178.44756356328975,52.84347574023483,9.416496744206636,6.826426667462803,5.268186894431433,15.349214844932058,0.0,329.5737158970765,503.3784658970765,-2.42575,36267.28589103006,36768.23860692713,1.0356390861565294,0.019582008742268366,0.0371319850919979,0.056713993834266264,36185.47456993251,582.7640369946275,7751.333451896988,18646.1890005126,6220.2286510128815,24866.41765152548,2730.987118334451,836.7363481755804,8244.076738621992,8244.076738621994,825.4445788951392,9069.521317517134,485.60350105214445,485.60350105214445,0.0,8729.680239674139,0.03483344025259421,0.03634942155719346,0.03295359219110845,0.6340510791101076,3763.2651866643314,0.0,recession_only,0.0,True
2029Q1,2029-03-31,2029,1,2029,35840.4078533226,25572.199999999983,0.017680562926939647,0.020522825130940392,0.02297286568423096,173.80475,315.1599190974638,62.165694284213835,182.783965402459,53.72209313197324,9.578815883757908,6.9093503950598345,5.268186894431433,15.551312167697551,0.0,335.9794181595928,509.7841681595928,-2.42575,36768.23860692713,37275.597025086725,1.040043885037181,0.01939763082064228,0.037497276206743355,0.05689490702738564,36692.8329880921,582.7640369946275,7857.274135455367,18901.034185632278,6305.243091336882,25206.27727696916,2781.109205388956,848.1723702786121,8387.02544459727,8387.02544459727,836.7363481755804,9223.76179277285,491.80710599189524,491.80710599189524,0.0,8878.832550589164,0.03502427810972454,0.036551048501550394,0.032872924104032926,0.6534458571840225,4099.244604823924,7.275957614183426e-12,recession_only,0.0,True
2029Q2,2029-06-30,2029,2,2029,36178.04858394721,25682.99999999998,0.01744428695602207,0.020418069374665837,0.022841686194156274,173.80475,321.33001155023743,62.91712263965866,186.92872467703955,54.61278917208582,9.878193868506312,6.993181192947158,5.268186894431433,15.747057075605499,0.0,342.34525552027435,516.1500055202744,-2.42575,37275.597025086725,37789.32128060699,1.0445373025833884,0.019216597556024072,0.03785115769590497,0.057067755251929045,37206.55724361237,582.7640369946275,7964.5439250882655,19159.076596522333,6391.324102172428,25550.40069869476,2831.860753893111,859.7518659362305,8487.592723929645,8487.592723929643,848.1723702786121,9335.765094208255,497.9771984446689,497.9771984446689,0.0,8985.569922374312,0.03510954244291749,0.03673666235739953,0.032773012317655954,0.6722960388226492,4441.589860344198,-7.275957614183426e-12,recession_only,0.0,True
2029Q3,2029-09-30,2029,3,2029,36519.26990879109,25795.399999999983,0.017620997896754975,0.020285549943514614,0.02275805762511629,173.80475,326.62268538340226,63.67652868108068,190.52118947393177,55.54397050679934,9.800940105605696,7.080056615984836,5.268186894431433,15.976206467335123,0.0,347.86707874516884,521.6718287451688,-2.42575,37789.32128060699,38308.567359352164,1.0489959808898137,0.019037045421125567,0.038102303755139275,0.057139349176264835,37725.80332235754,582.7640369946275,8072.953815132291,19419.861571369598,6478.320011752342,25898.18158312194,2883.213491626174,871.454432477134,8560.998543074289,8560.998543074289,859.7518659362305,9420.75040901052,503.2698722778337,503.2698722778337,0.0,9064.268415352122,0.03529068228896329,0.03682173343755606,0.0327976487527179,0.689789686489633,4789.456939089368,7.275957614183426e-12,recession_only,0.0,True
2029Q4,2029-12-31,2029,4,2030,36865.49983791807,25910.199999999983,0.017920813193843088,0.020183196343088072,0.022686563355431177,192.2015,332.8929965122523,64.46253621383114,194.59778355322345,56.43534456629354,10.227440835698735,7.169891343205619,5.3789120614604125,16.215245526594412,0.0,354.4871541003071,546.6886541003071,-5.94,38308.567359352164,38849.31601345248,1.0538122684964644,0.020854349008696836,0.038462753051914274,0.05931710206061111,38266.55197645785,582.7640369946275,8185.9441057899085,19691.66491048529,6568.991564923981,26260.656475409272,2936.2999538706285,883.6514413880349,8639.477700918402,8639.477700918402,871.454432477134,9510.932133395536,524.5334085737127,524.5334085737127,0.0,9164.011109492114,0.03539385585438404,0.03701387742068795,0.03274895964436569,0.7061635191454839,5143.944093189674,1.4551915228366852e-11,recession_only,0.0,True
2030Q1,2030-03-31,2030,1,2030,37214.787548312044,26025.99999999998,0.017997333864965714,0.02008187040489151,0.022638322874940497,192.2015,338.64957264314876,65.303369103939,198.2377256742229,57.41799752379118,10.429074621589582,7.261405719606153,5.3789120614604125,16.478982834660115,0.0,360.50746753926927,552.7089675392692,-5.94,38849.31601345248,39396.08498099174,1.0586137279394099,0.020658615852688668,0.038748840586152515,0.059407456438841176,38813.32094399712,582.7640369946275,8300.174426538251,19966.451198996918,6660.658207617484,26627.1094066144,2990.054802512427,895.9823083320317,8772.896782438605,8772.896782438605,883.6514413880349,9656.54822382664,530.2899847046091,530.2899847046091,0.0,9303.186767143214,0.035543904166776275,0.037118539478474745,0.032712444914313785,0.7224979702786669,5504.451560728943,-7.275957614183426e-12,recession_only,0.0,True
2030Q2,2030-06-30,2030,2,2030,37564.73739844506,26141.29999999998,0.017838848225115722,0.01995316485744958,0.022612820884429397,192.2015,344.9504698781064,66.13163974344332,202.15810083666332,58.41212226380222,10.890352327020773,7.358254707176812,5.3789120614604125,16.761917727192944,0.0,367.09129966675977,559.2927996667597,-5.94,39396.08498099174,39949.43778065851,1.0634824185490557,0.020466161971142215,0.03908892488964451,0.05955508686078672,39366.67374366388,582.7640369946275,8415.762030156178,20244.502493854936,6753.41403191378,26997.916525768716,3044.535497296396,908.4596904425849,8941.648434817656,8941.648434817656,895.9823083320317,9837.630743149688,536.5908819395668,536.5908819395668,0.0,9478.239316757223,0.03570805231425164,0.03727185580433975,0.032743076232891376,0.7397128850110214,5871.5428603957025,1.4551915228366852e-11,recession_only,0.0,True
2030Q3,2030-09-30,2030,3,2030,37917.82965732295,26257.099999999977,0.017837173553037378,0.019938881222312688,0.022609552821165613,192.2015,351.48202524486857,67.01050516511857,206.54632208431295,59.343002443329155,11.12828379202657,7.453911760081408,5.3789120614604125,17.064884430108336,0.0,373.92582173643734,566.1273217364374,-5.94,39949.43778065851,40509.625102394944,1.068352948164359,0.020275580299504905,0.03944590975968185,0.059721490059186755,39926.86106540031,582.7640369946275,8532.75660295333,20525.9383177616,6847.29890968894,27373.23722745054,3099.7782837684467,921.0889512279912,9057.698282050664,9057.698282050664,908.4596904425849,9966.157972493249,543.122437306329,543.122437306329,0.0,9600.820719356992,0.03592729248282809,0.03743990829502719,0.0327086673499954,0.7565086919129799,6245.46868213214,0.0,recession_only,0.0,True
2030Q4,2030-12-31,2030,4,2031,38272.713722319015,26372.999999999978,0.01777342391157455,0.019839987430776862,0.02260563078501021,184.328,358.6769749279593,67.87807877649375,211.11631894805117,60.362592215967396,11.767055587377271,7.5529294000695275,5.499835599136797,17.371536194901743,0.0,381.54834672199786,565.8763467219978,-9.2495,40509.625102394944,41066.25194911694,1.0729903358059727,0.019264690906148917,0.03987680094913104,0.059141491855279955,40483.48791212231,582.7640369946275,8648.9181539226,20805.370269361567,6940.515310708085,27745.88558006965,3155.0558886630856,933.6282894669688,8891.112071650277,8891.112071650276,921.0889512279912,9812.201022878267,539.2553105270961,539.2553105270961,0.0,9430.367382177372,0.03606179736556742,0.03767483364830652,0.032525077829539915,0.7658806233639127,6627.017028854138,-7.275957614183426e-12,recession_only,0.0,True
2031Q1,2031-03-31,2031,1,2031,38631.20724469732,26489.69999999998,0.01781775002184327,0.01982598390139856,0.02258993228072148,184.328,365.04132770943073,68.75889932368467,215.25390008629537,61.37538841304041,11.999721983505005,7.653417902905477,5.499835599136797,17.66914202716621,0.0,388.2103053357338,572.5383053357338,-9.2495,41066.25194911694,41629.54075445267,1.0776142845022507,0.019085916609587875,0.04019654916572882,0.05928246577531669,41046.776717458044,582.7640369946275,8766.450656787158,21088.10010877771,7034.8318623414625,28122.931971119175,3211.0784711433207,946.3156184083858,9104.874220919326,9104.874220919324,933.6282894669688,10038.502510386294,545.6196633085675,545.6196633085675,0.0,9650.493884227892,0.03622517129563148,0.03781307393883864,0.032454475780835386,0.7773075497842334,7015.227334189872,-7.275957614183426e-12,recession_only,0.0,True
2031Q2,2031-06-30,2031,2,2031,38992.312000821,26606.499999999975,0.017754036595319045,0.019811706497828263,0.02259593162071094,184.328,371.79485952377104,69.67136659481594,219.39406673328338,62.354194502999576,12.624906777907418,7.750324914764679,5.499835599136797,17.987619271319204,0.0,395.28231439422706,579.6103143942271,-9.2495,41629.54075445267,42199.90156884689,1.08226210253853,0.018909163426484573,0.04054976933769962,0.059458932764184194,41617.13753185227,582.7640369946275,8885.437945009893,21374.329501259417,7130.315838602121,28504.645339861538,3267.8942593236407,959.1599876571943,9161.00759303633,9161.00759303633,946.3156184083858,10107.323211444715,552.3731951229078,552.3731951229078,0.0,9713.380788159237,0.036338203938366266,0.037980944034502515,0.032520945440814214,0.78704465017882,7410.509648584099,0.0,recession_only,0.0,True
2031Q3,2031-09-30,2031,3,2031,39355.30429460343,26722.899999999972,0.017614655473791707,0.019797160110517797,0.022579104221777335,184.328,378.12544461093876,70.55037728337855,223.47950868692098,63.3928214547749,12.866400086705209,7.836337099159278,5.499835599136797,18.292367255338057,0.0,401.9176474654136,586.2456474654136,-9.2495,42199.90156884689,42776.897716312305,1.0869410993775002,0.018734755408843413,0.04085016286056528,0.0595849182694087,42194.13367931768,582.7640369946275,9005.788911193536,21663.83928377372,7226.894128347787,28890.733412121506,3325.459793596554,972.151562406086,9341.205223320374,9341.205223320374,959.1599876571943,10300.365210977568,558.7037802100755,558.7037802100755,0.0,9899.909003530449,0.03650154149675535,0.038096548335280485,0.032340647732791855,0.7979939884752,7812.427296049512,-7.275957614183426e-12,recession_only,0.0,True
2031Q4,2031-12-31,2031,4,2032,39720.68513087373,26839.599999999966,0.017582923791722438,0.019727225080271582,0.0225727995952707,192.24275,385.09619523571445,71.32584817665281,227.8381677110595,64.44359324720774,13.563120488278805,7.925465612515615,5.6120176762582625,18.60944171624964,0.0,409.3176546282224,601.5604046282224,-11.316,42776.897716312305,43367.14212094054,1.0918024696213642,0.019359459623275763,0.04121959661869696,0.060579056241972726,42784.37808394591,582.7640369946275,9128.925396980225,21960.049761762588,7325.7077197935205,29285.75748155611,3384.2513786358486,985.4438267737236,9399.041676673247,9399.041676673245,972.151562406086,10371.193239079332,571.6349629119726,571.6349629119726,0.0,9970.676639585217,0.036604605568437136,0.03827464603372913,0.032374091811304344,0.8072108258136032,8221.744950677734,7.275957614183426e-12,recession_only,0.0,True
2032Q1,2032-03-31,2032,1,2032,40089.031498890115,26956.799999999967,0.017581469158450158,0.01968526656714742,0.02257678241908323,192.24275,391.5884365374138,72.14133294963622,232.0930607606108,65.51917919009456,13.81581449670112,8.01904914037115,5.6120176762582625,18.941756179157295,0.0,416.14221039282944,608.3849603928295,-11.316,43367.14212094054,43964.21108133337,1.096664335294569,0.01918158087758467,0.0415218023318274,0.06070338320941208,43381.44704433874,582.7640369946275,9253.460383262225,22259.624396991592,7425.643568835754,29685.26796582735,3443.8316396054165,998.8870556437441,9597.272267685054,9597.272267685054,985.4438267737236,10582.716094458778,578.127204213672,578.127204213672,0.0,10175.399471898725,0.03671816585815356,0.03838318044867322,0.0322148941492938,0.8177902119241499,8637.887161070563,0.0,recession_only,0.0,True
2032Q2,2032-06-30,2032,2,2032,40460.63202228239,27074.499999999967,0.017579698909776065,0.01967074272996472,0.02256916678199805,192.24275,398.2870860121586,72.98666877298058,236.15154562664335,66.60748058616448,14.427930916904021,8.113460109466311,5.6120176762582625,19.26878079452984,0.0,423.16788448294676,615.4106344829468,-11.316,43964.21108133337,44568.305715816314,1.101522726863776,0.019005412460599082,0.04183502464814694,0.060840437108746016,43985.54167882168,582.7640369946275,9379.438332640177,22562.67014629082,7526.737355469951,30089.407501760772,3504.2097957821316,1012.486048638602,9665.493152054001,9665.493152054001,998.8870556437441,10664.380207697744,584.8258536884168,584.8258536884168,0.0,10250.319005742418,0.03676995110376133,0.03850112389826263,0.03223726518601278,0.8267431035839452,9061.05504555351,-7.275957614183426e-12,recession_only,0.0,True
2032Q3,2032-09-30,2032,3,2032,40836.05204124299,27192.699999999968,0.017577617243731636,0.01971028327301072,0.022571739816290792,192.24275,404.40538258037236,73.83962827370978,240.0023681927564,67.70889739154406,14.643226867902882,8.211261854459064,5.6120176762582625,19.608822788375058,0.0,429.6262230450057,621.8689730450058,-11.316,44568.305715816314,45178.85868886132,1.1063473678413438,0.018830689098529065,0.042083032180593574,0.060913721279122646,44596.09465186669,582.7640369946275,9506.73423068693,22868.886281707993,7628.888759109159,30497.775040817152,3565.3580695875758,1026.2273107750289,9828.84732866728,9828.84732866728,1012.486048638602,10841.333377305882,590.9441502566306,590.9441502566306,0.0,10419.791478923911,0.03682916628612905,0.0385589010975161,0.03209665104529116,0.8363103412024749,9490.681268598517,0.0,recession_only,0.0,True
2032Q4,2032-12-31,2032,4,2033,41216.34791573707,27311.899999999965,0.017649746885700424,0.0197758101815233,0.02257356533731114,249.09275,410.68251003075045,74.72293105319928,243.81590223021706,68.82234769121143,15.008887838844982,8.312441217277733,5.6542680689403735,19.952595843997877,0.0,436.2893739436887,685.3821239436887,-14.7595,45178.85868886132,45849.481312805,1.1124100904461487,0.02417416996860048,0.04234139083216603,0.06651556080076651,45266.71727581038,582.7640369946275,9646.895742604913,23206.051242812937,7741.364458627433,30947.415701440368,3631.0484491947,1041.357382570394,10609.494410914582,10609.494410914582,1026.2273107750289,11635.72172168961,650.6700280996909,650.6700280996909,0.0,11260.164439014272,0.03690757200523714,0.038627746393359357,0.032909040536293004,0.8410872592609694,9926.970642542206,-7.275957614183426e-12,recession_only,0.0,True
2033Q1,2033-03-31,2033,1,2033,41600.43694465073,27431.899999999965,0.017690923464234398,0.019759214646802636,0.022564008293708637,249.09275,417.748424055428,75.72813157944856,248.2501446088852,70.04889519445821,15.294068054185129,8.427184618450916,5.6542680689403735,20.311683391433622,0.0,443.71437551580203,692.807125515802,-14.7595,45849.481312805,46527.528938320815,1.1184384673705607,0.02395097439302546,0.04266439567508993,0.06661537006811538,45944.76490132618,582.7640369946275,9788.579330460023,23546.877627564914,7855.06158158361,31401.939209148524,3697.5946032009565,1056.6517585166755,10865.897057496995,10865.897057496997,1041.357382570394,11907.25444006739,657.7359421243684,657.7359421243684,0.0,11523.632999621366,0.03700490038936854,0.03871052520647643,0.03282900936657372,0.8472219142165096,10370.685018058008,1.4551915228366852e-11,recession_only,0.0,True
2033Q2,2033-06-30,2033,2,2033,41988.19529528469,27552.599999999962,0.017716447921211298,0.01974238719039123,0.022564493843014066,249.09275,425.12191306230386,76.76693339913274,252.86479771461472,71.2893308059101,15.660463304435368,8.540387838211029,5.6542680689403735,20.68437660844986,0.0,451.4605577396941,700.5533077396941,-14.7595,46527.528938320815,47213.3227460605,1.1244427728800859,0.02372978864637922,0.04300833170511555,0.06673812035149478,46630.558709065874,582.7640369946275,9931.851249301168,23891.52481553027,7970.033295804365,31861.558111334634,3765.031757755461,1072.1175906746134,10979.171337482625,10979.171337482627,1056.6517585166755,12035.823095999302,665.1094311312443,665.1094311312443,0.0,11644.280768613871,0.0370857010812182,0.03881233910686918,0.03290176334016603,0.8516986907330069,10822.145575797702,-1.4551915228366852e-11,recession_only,0.0,True
2033Q3,2033-09-30,2033,3,2033,42379.52583009044,27674.099999999962,0.017756007302464516,0.019698696995388953,0.022564267205522626,249.09275,432.4151278982493,77.79122491015139,257.46615870158075,72.54395963734409,15.9537548104988,8.66002983867419,5.6542680689403735,21.06141085788498,0.0,459.13080682507467,708.2235568250746,-14.7595,47213.3227460605,47906.786802885574,1.1304229073953125,0.02351066890164575,0.04333515279673858,0.06684582169838432,47324.02276589095,582.7640369946275,10076.69420718515,24239.95121014461,8086.265724988133,32326.216935132743,3833.358611149281,1087.7530124237749,11197.965295432443,11197.965295432443,1072.1175906746134,12270.082886107057,672.4026459671896,672.4026459671896,0.0,11870.367941399632,0.037141509671601736,0.03889841088241431,0.03280694983444911,0.8576312975970518,11281.276382622777,0.0,recession_only,0.0,True
2033Q4,2033-12-31,2033,4,2034,42774.423913041785,27796.199999999968,0.017765412373738743,0.019681678339410258,0.022563340221916306,228.68725,439.5035194057765,78.87532390674176,261.80996209941856,73.81292718295788,16.227139406398464,8.778166810259863,5.687777001067564,21.44275444506103,0.0,466.6340508519051,695.3213008519051,-17.2085,47906.786802885574,48584.89960373749,1.135839951988789,0.021385419517505087,0.043636735054625,0.06502215457213009,48002.13556674286,582.7640369946275,10218.148189327898,24580.22526779895,8199.778595771528,32780.00386357048,3900.9609108157456,1103.0226030287372,11276.614803033754,11276.614803033754,1087.7530124237749,12364.367815457528,656.6700464068442,656.6700464068442,0.0,11933.284849440597,0.037185979214486325,0.038961832507940046,0.0328272673473917,0.8619454096179423,11747.91043347468,7.275957614183426e-12,recession_only,0.0,True
2034Q1,2034-03-31,2034,1,2034,43170.439807305294,27917.299999999963,0.01754105922100746,0.019664438509282567,0.022572136924965847,228.68725,446.33802407605197,79.90591884054416,265.9624336811459,75.0527715140895,16.52102274684572,8.895877293426738,5.687777001067564,21.82933963159045,0.0,473.85514070871,702.54239070871,-17.2085,48584.89960373749,49270.23349444619,1.1412956114037247,0.021189244401564014,0.04390551894525979,0.0650947633468238,48687.46945745157,582.7640369946275,10361.074399276487,24924.04083712865,8314.472888259399,33238.51372538805,3969.4302159789354,1118.4511168080908,11519.44785721845,11519.44785721845,1103.0226030287372,12622.470460247188,663.5045510771197,663.5045510771197,0.0,12182.95240829557,0.03722469625295677,0.03901254460324193,0.03274159867022558,0.8676749332432926,12221.765574183391,-7.275957614183426e-12,recession_only,0.0,True
2034Q2,2034-06-30,2034,2,2034,43571.60204462971,28039.99999999996,0.017696739357757174,0.019646981729401825,0.022559374014152977,228.68725,453.18180846025876,80.97179643034549,270.10725348274235,76.30609339525071,16.781949150447073,9.01471600147321,5.687777001067564,22.200031017248385,0.0,481.0696164785747,709.7568664785747,-17.2085,49270.23349444619,49962.78186092478,1.1466822314623337,0.020994155759134974,0.044163592239351,0.06515774799848598,49380.017823930146,582.7640369946275,10505.47483598381,25271.402726706812,8430.350206555628,33701.75293326244,4038.751285140276,1134.038769543618,11642.111018412828,11642.111018412828,1118.4511168080908,12760.56213522092,670.3483354613264,670.3483354613264,0.0,12312.459353874154,0.03725891626155001,0.039055598673613065,0.03283045302211096,0.8721405665313514,12702.835190661966,1.4551915228366852e-11,recession_only,0.0,True
2034Q3,2034-09-30,2034,3,2034,43977.58425017203,28163.69999999996,0.01776333439337474,0.01968155262857385,0.022566712808094413,228.68725,460.0536930454889,82.04775846903357,274.2123504525082,77.57292217752422,17.083144560825186,9.137517385597702,5.687777001067564,22.5950133539232,0.0,488.33648340047966,717.0237334004796,-17.2085,49962.78186092478,50662.59709432525,1.1520095511869108,0.02080034671291481,0.04441685387924139,0.0652172005921562,50079.83305733062,582.7640369946275,10651.355552543588,25622.32549752866,8547.4154080989,34169.740905627565,4108.95038450838,1149.7862146510906,11877.142505721233,11877.142505721231,1134.038769543618,13011.18127526485,677.2202200465565,677.2202200465565,0.0,12554.362725767787,0.03730378441901439,0.03909602029445051,0.03274315722955823,0.8778025206375938,13191.171674062447,-7.275957614183426e-12,recession_only,0.0,True
2034Q4,2034-12-31,2034,4,2035,44387.20338625174,28287.799999999956,0.0177423648279893,0.01968916041410429,0.02257322550837304,189.9905,467.13274474597466,83.16045847648407,278.48934364112586,78.85332281940374,17.37096631548301,9.258653493477908,5.709630652454863,22.9943250622723,0.0,495.8367004607018,685.8272004607018,-17.416,50662.59709432525,51331.00829478595,1.1564370894942424,0.017121195795709594,0.04468285114932739,0.06180404694503698,50748.244257791324,582.7640369946275,10790.385477338838,25956.768373783052,8658.983040549021,34615.75141433207,4177.313231569828,1164.79413455058,11763.68304699446,11763.68304699446,1149.7862146510906,12913.46926164555,645.4168753984295,645.4168753984295,0.0,12409.099922392888,0.037325509499468765,0.03914814706696044,0.032611553476163936,0.8820822666344748,13687.00837452315,0.0,recession_only,0.0,True
2035Q1,2035-03-31,2035,1,2035,44800.92530649948,28412.399999999954,0.017735654711652504,0.019722056747187633,0.02256874260208286,189.9905,473.64640832577754,84.19198268693629,282.3359255892643,80.07415163748921,17.667755628955234,9.376592783132173,5.709630652454863,23.372290273265083,0.0,502.7283292514975,692.7188292514975,-17.416,51331.00829478595,52006.31112403744,1.160831183022299,0.0169630871416343,0.04488553089581517,0.06184861803744947,51423.54708704282,582.7640369946275,10930.818517224754,26294.586507898865,8771.676633679559,35066.26314157843,4246.511911153587,1179.953517086056,12038.743622223179,12038.74362222318,1164.79413455058,13203.537756773761,651.9305389782323,651.9305389782323,0.0,12690.674161201414,0.037341936312490144,0.03917541041581785,0.032555639893990955,0.8876945530937553,14189.736703774646,-7.275957614183426e-12,recession_only,0.0,True
2035Q2,2035-06-30,2035,2,2035,45218.33639157957,28537.399999999954,0.017714424126451522,0.01972826196496369,0.022573755489187608,189.9905,480.160351472469,85.26038443435307,286.1999752998175,81.30786474828577,17.896451061262617,9.495675928750034,5.709630652454863,23.764694049647908,0.0,509.6346761745718,699.6251761745718,-17.416,52006.31112403744,52688.520300212025,1.1652025373941783,0.016806500650950927,0.045082125247710304,0.06188862589866124,52105.756263217394,582.7640369946275,11072.65473242313,26635.780044742405,8885.496235816821,35521.27628055923,4316.5608814767365,1195.2643687583052,12114.239973764365,12114.239973764365,1179.953517086056,13294.19349085042,658.4444821249238,658.4444821249238,0.0,12772.684455889288,0.03736516278847409,0.03919791003511629,0.032634062681467964,0.8917936142489139,14699.371379949218,7.275957614183426e-12,recession_only,0.0,True
2035Q3,2035-09-30,2035,3,2035,45639.620134528195,28662.899999999958,0.017707331988727093,0.01973390522034224,0.022567910616891007,189.9905,486.83328894602835,86.33902527606936,290.12368225361274,82.55447394069414,18.20020562899155,9.615901846660563,5.709630652454863,24.15050537362299,0.0,516.6934249721062,706.6839249721062,-17.416,52688.520300212025,53377.78822518412,1.1695493535626886,0.016651365584549604,0.04528463851794481,0.06193600410249441,52795.0241881895,582.7640369946275,11215.928372068365,26980.431372181116,9000.469330934808,35980.90070311593,4387.464726332632,1210.7303866725824,12256.763826173914,12256.763826173912,1195.2643687583052,13452.028194932218,665.1174195984831,665.1174195984831,0.0,12921.881245772394,0.0373890022345888,0.039226261965836756,0.032503730292093996,0.8959750021485873,15216.064804921323,-1.4551915228366852e-11,recession_only,0.0,True
2035Q4,2035-12-31,2035,4,2036,46065.09112612179,28788.899999999954,0.01769999094559438,0.019764486694536787,0.022571471840996393,242.76275,493.5881922398168,87.4281616602729,294.11683561602854,83.81400419771168,18.491891630989606,9.737299134814242,5.7387688543045945,24.55104300793973,0.0,523.8780041020611,766.6407541020611,-16.55475,53377.78822518412,54127.874229286186,1.1750302214987325,0.021079975666201456,0.04549023925017177,0.06657021491637322,53545.110192291555,582.7640369946275,11372.21661757631,27356.389932393293,9125.886283844651,36482.276216237944,4463.016060932345,1227.6012975449667,12145.498565468668,12145.498565468668,1210.7303866725824,13356.22895214125,725.5349610941214,725.5349610941214,0.0,12871.03352656279,0.03740781557768157,0.039258127511165086,0.0322019722593386,0.8973788772048817,15739.942809023385,7.275957614183426e-12,recession_only,0.0,True
2036Q1,2036-03-31,2036,1,2036,46494.040876359606,28915.29999999995,0.017678326506116004,0.019743412449576114,0.022574269177581208,242.76275,500.85306973806405,88.61799799246339,298.35682845369416,85.18857400160356,18.81975485804156,9.869914432261535,5.7387688543045945,24.976876769482605,0.0,531.5687153618512,774.3314653618512,-16.55475,54127.874229286186,54885.650944648034,1.180487862747917,0.020885493747086658,0.045732201834246936,0.0666176955813336,54302.88690765341,582.7640369946275,11530.069797951513,27736.113015379447,9252.559053287056,36988.67206866651,4539.503901956749,1244.6411390786486,12406.600223974126,12406.600223974128,1227.6012975449667,13634.201521519095,732.7998385923686,732.7998385923686,0.0,13139.400062566498,0.03742381264418497,0.03928243796237932,0.032151104680632765,0.8992432220637132,16271.511524385236,0.0,recession_only,0.0,True
2036Q2,2036-06-30,2036,2,2036,46926.90943172654,29041.99999999995,0.017642589134278408,0.019772661061247865,0.022576315037704076,242.76275,508.16186030928066,89.8192437260423,302.63218019222234,86.55181241448275,19.151709218341033,10.006914758192334,5.7387688543045945,25.407217489929266,0.0,539.3078466535145,782.0705966535145,-16.55475,54885.650944648034,55651.166791301555,1.1859116115939372,0.020692839391282986,0.04597002898204049,0.06666286837332347,55068.402754306924,582.7640369946275,11689.497372554995,28119.623376067433,9380.495230135102,37500.11860620254,4616.93584316228,1261.8509323871224,12484.761538909113,12484.761538909113,1244.6411390786486,13729.402677987762,740.1086291635852,740.1086291635852,0.0,13224.870168072699,0.03744315759312348,0.03930410497981736,0.03217310398203478,0.9005913849909178,16810.81937103875,7.275957614183426e-12,recession_only,0.0,True
2036Q3,2036-09-30,2036,3,2036,47363.26883080593,29168.899999999947,0.01759302613883751,0.01977588746711989,0.022577621701592054,242.76275,515.5890366730866,91.06118453220341,306.942984835521,87.9549524340637,19.48778800223724,10.142126869061498,5.7387688543045945,25.84208063552641,0.0,547.1698861629176,789.9326361629176,-16.55475,55651.166791301555,56424.544677464466,1.1913144103087099,0.020502195561477185,0.04621048332770718,0.06671267888918436,55841.78064046984,582.7640369946275,11850.524842994271,28506.9823597466,9509.715278716729,38016.69763846333,4695.32472870945,1279.2334303027988,12639.727343275317,12639.727343275319,1261.8509323871224,13901.578275662441,747.5358055273912,747.5358055273912,0.0,13387.263148802711,0.037459537919662625,0.03932854728562075,0.03215061170646742,0.9019160983544977,17357.98925720167,-7.275957614183426e-12,recession_only,0.0,True
2036Q4,2036-12-31,2036,4,2037,47803.10567352211,29295.799999999945,0.017515988152144724,0.01980359078796723,0.022578201318361746,245.031015,523.0621921751867,92.28596221481789,311.29352424906267,89.37281941712558,19.828047598121866,10.281838696058744,5.894658234200658,26.2815108209958,0.0,555.2383612303831,800.2693762303832,0.0,56424.544677464466,57224.81405369485,1.197094064233391,0.02050335529858441,0.0464604425513656,0.06696379784995,56642.050016700225,582.7640369946275,12017.250379344518,28908.048302953794,9643.507866082131,38551.556169035925,4776.012448660387,1297.2310196593987,12785.776388950979,12785.776388950979,1279.2334303027988,14065.009819253777,773.9878654093874,773.9878654093874,0.0,13559.764254360367,0.0374779852606088,0.03936147748496701,0.03215450796767611,0.9032502861340167,17913.22761843205,0.0,recession_only,0.0,True
2037Q1,2037-03-31,2037,1,2037,48236.208408672086,29422.887487607255,0.01746555549210771,0.01893970235169573,0.022578065905819455,245.031015,530.8197956664242,93.58433732914543,315.7893794379551,90.84119306346088,20.17839151535063,10.426494320512418,5.894658234200658,26.732991551236026,0.0,563.4474454518609,808.4784604518609,0.0,57224.81405369485,58033.29251414671,1.2031064303908527,0.020319259998548923,0.04672402446545215,0.06704328446400108,57450.52847715208,582.7640369946275,12185.646989183992,29313.13409027003,9778.641443260469,39091.7755335305,4857.696957371259,1315.4089970663374,13029.333488071607,13029.333488071608,1297.2310196593987,14326.564507731007,781.7454689006248,781.7454689006248,0.0,13811.078956972233,0.037494475888296366,0.03938483364389233,0.03212554307701691,0.9048488857205695,18476.67506388391,0.0,recession_only,0.0,True
2037Q2,2037-06-30,2037,2,2037,48673.235114379044,29550.526290744652,0.01746555549210771,0.01893970235169662,0.022399155671420257,245.031015,538.6327566146374,94.89572592827032,320.3258581507994,92.3063753932012,20.532197328445882,10.572599813920684,5.894658234200658,26.9765290085275,0.0,571.5039438573655,816.5349588573655,0.0,58033.29251414671,58849.82747300407,1.2090798430535936,0.02013681765135952,0.04696658790108092,0.06710340555244045,58267.06343600945,582.7640369946275,12355.72659712045,29722.268406887542,9915.125579416484,39637.39398630403,4940.174202830873,1333.768649754103,13194.493904345842,13194.493904345842,1315.4089970663374,14509.902901412179,789.558429848838,789.558429848838,0.0,13984.05233419468,0.03750984889515558,0.0393914540497974,0.03219443125980197,0.9064988071249078,19048.179007741277,-7.275957614183426e-12,recession_only,0.0,True
2037Q3,2037-09-30,2037,3,2037,49114.22134235779,29678.718801062332,0.017465555492108598,0.01893970235169573,0.022399155671420257,245.031015,546.5125573413764,96.22022087507553,324.9058250030087,93.77596189888756,20.8903840420058,10.720165522398602,5.894658234200658,27.43455465817378,0.0,579.8417702337507,824.8727852337507,0.0,58849.82747300407,59674.70025823783,1.2150187588695889,0.019956013415501454,0.04722394079644506,0.06717995421194652,59091.9362212432,582.7640369946275,12527.50360118056,30135.485887921437,10052.971828564541,40188.45771648598,5023.6633716243205,1352.3115319523426,13368.943991055081,13368.94399105508,1333.768649754103,14702.712640809183,797.438230575577,797.438230575577,0.0,14166.382221630656,0.03752653627648407,0.03941162073922742,0.03217814899592236,0.9077541108828764,19628.020777975027,7.275957614183426e-12,recession_only,0.0,True
2037Q4,2037-12-31,2037,4,2038,49559.202966426594,29807.46742058563,0.01746555549210682,0.01893970235169573,0.022399155671420257,254.402365,554.4962957390519,97.55793429419363,329.52733636914587,95.28882448328747,21.25299665435799,10.869203938066951,5.91068424521801,27.898199880100705,0.0,588.3051798643706,842.7075448643707,0.0,59674.70025823783,60517.40780310219,1.2211134195216806,0.02053320875013607,0.047483021893060896,0.06801623064319696,59934.64376610757,582.7640369946275,12703.022535180695,30557.704753468253,10193.820872001796,40751.52562547005,5108.8372596714435,1371.2583457853868,13317.26300943905,13317.26300943905,1352.3115319523426,14669.574541391392,814.80934498427,814.80934498427,0.0,14132.072354423319,0.03754115323037629,0.03943414393828699,0.031993965421201156,0.9090016643764257,20216.3259578394,-1.4551915228366852e-11,recession_only,0.0,True
2038Q1,2038-03-31,2038,1,2038,50028.44495100026,29936.599810103187,0.017441798459170377,0.020613213981166334,0.022399155671420257,254.402365,562.6233284180754,98.92478799271967,334.21941388579546,96.83464273501133,21.622994850298944,11.021488954250048,5.91068424521801,28.371200950738853,0.0,596.9052136140323,851.3075786140323,0.0,60517.40780310219,61368.71538171623,1.2266764526025755,0.020340617442670565,0.047725266231933745,0.06806588367460431,60785.9513447216,582.7640369946275,12880.292121798142,30984.13489437552,10336.074765280144,41320.209659655666,5195.055425238491,1390.3941380293106,13583.823505142213,13583.82350514221,1371.2583457853868,14955.081850927598,822.9363776632935,822.9363776632935,0.0,14406.759882805503,0.03755491656303802,0.03945345547886697,0.03197940384851099,0.9105969406444481,20813.23117145343,7.275957614183426e-12,recession_only,0.0,True
2038Q2,2038-06-30,2038,2,2038,50502.12986497769,30066.291629034426,0.017441798459170377,0.020613213981166334,0.022624692238107036,254.402365,570.8255314511675,100.30527489850301,338.95708200031777,98.38910763525053,21.998774032685525,11.175292884410585,5.91068424521801,29.138069836340414,0.0,605.8742855327259,860.276650532726,0.0,61368.71538171623,62228.99203224896,1.2322052990363808,0.020149832546086214,0.04798801849764271,0.06813785104372894,61646.22799525433,582.7640369946275,13059.328553557563,31414.8152625058,10479.746502448479,41894.56176495428,5282.617020117326,1409.7206566251662,13793.824484063458,13793.824484063458,1390.3941380293106,15184.218622092769,831.1385806963856,831.1385806963856,0.0,14624.963064759844,0.037568214068473826,0.039490758883522985,0.03198996464150208,0.9122083485308821,21419.105456986155,7.275957614183426e-12,recession_only,0.0,True
2038Q3,2038-09-30,2038,3,2038,50980.29977539962,30196.54530094844,0.01744179845916949,0.020613213981166334,0.022624692238107036,254.402365,579.1094929934401,101.69952111082952,343.73939195420206,99.96075266251194,22.379197488271707,11.33062977762477,5.91068424521801,29.629186033901263,0.0,614.6493632725594,869.0517282725594,0.0,62228.99203224896,63098.04376052151,1.2376946396648942,0.01996083711714548,0.04822642204776964,0.06818725916491512,62515.27972352689,582.7640369946275,13240.149442145012,31849.78822357962,10624.850216393077,42474.638439972696,5371.252038700384,1429.2398027087986,13909.099919552551,13909.099919552551,1409.7206566251662,15318.820576177717,839.4225422386581,839.4225422386581,0.0,14748.52246179121,0.03758141334796657,0.03950887476718436,0.03200080253225988,0.913380076829302,22033.754820258713,-7.275957614183426e-12,recession_only,0.0,True
2038Q4,2038-12-31,2038,4,2039,51462.997147610695,30327.36325991377,0.017441798459170377,0.020613213981167222,0.022624692238107036,260.45804,587.480110508128,103.10766378070427,348.56734933969994,101.5532659230539,22.764316550397478,11.487514914271967,5.922339525957902,30.1263228592124,0.0,623.5287728932983,883.9868128932983,0.0,63098.04376052151,63982.03057341481,1.243262812499939,0.020244296246713447,0.048464240907294086,0.06870853715400753,63399.26653642019,582.7640369946275,13424.080424181686,32292.242657437884,10772.449693486074,43064.69235092396,5461.3990859982405,1449.0946753163046,14088.980524537315,14088.980524537317,1429.2398027087986,15518.220327246116,853.8604900340858,853.8604900340858,0.0,14942.841014571402,0.03759427696823542,0.03952761358243064,0.03200936286274808,0.9145395418098117,22657.283593152013,0.0,recession_only,0.0,True
2039Q1,2039-03-31,2039,1,2039,51938.92936982024,30457.141414438727,0.017227156981449054,0.019937887724799763,0.022624692238107036,260.45804,595.9915499459554,104.54002630331489,353.47519427815416,103.17317018414954,23.156060727481997,11.647098452854799,5.922339525957902,30.631940363684727,0.0,632.545829835598,893.003869835598,0.0,63982.03057341481,64875.034443250406,1.2490637606586257,0.020058791596989856,0.04871458364739776,0.06877337524438762,64292.27040625578,582.7640369946275,13609.844864298007,32739.107559003383,10921.520469491474,43660.62802849486,5552.65004849327,1469.1474649696477,14339.85359978557,14339.85359978557,1449.0946753163046,15788.948275101875,862.3719294719133,862.3719294719133,0.0,15202.225529257485,0.037609898882394556,0.039545217566035004,0.03199469293582077,0.9160809221625061,23289.829422987612,-7.275957614183426e-12,recession_only,0.0,True
2039Q2,2039-06-30,2039,2,2039,52419.26303564348,30587.47492121266,0.017227156981449054,0.019937887724799763,0.022796693476643037,260.45804,604.6388029331401,105.98666688072073,358.42885557415684,104.86138307083421,23.553624657734336,11.808272749693542,5.922339525957902,31.378527457680832,0.0,641.9396699167788,902.3977099167788,0.0,64875.034443250406,65777.43215316719,1.2548332109980365,0.019874986782847104,0.04898502060055897,0.06886000738340607,65194.668116172565,582.7640369946275,13797.472018232824,33190.453304301,11072.08602132278,44262.53932562378,5645.255442565971,1489.401329749981,14560.60596397815,14560.605963978149,1469.1474649696477,16029.753428947797,871.019182459098,871.019182459098,0.0,15431.625146437247,0.03762151484812605,0.03958007424124404,0.03197774466938422,0.917788373732594,23931.76909290439,0.0,recession_only,0.0,True
2039Q3,2039-09-30,2039,3,2039,52904.03884983833,30718.366156722746,0.017227156981449054,0.019937887724799763,0.02279669347664215,260.45804,613.3151610440073,107.44781334198811,363.4288667275785,106.51130818120174,23.956109605373282,11.971063187865472,5.922339525957902,31.90184891234748,0.0,651.1393494823127,911.5973894823127,0.0,65777.43215316719,66689.02954264951,1.2605659415141857,0.019692866228174254,0.04923173078187791,0.06892459701005217,66106.26550565488,582.7640369946275,13986.968155551294,33646.294975058,11224.151380130968,44870.44635518897,5738.994048474002,1509.8569464406073,14695.180674147387,14695.180674147387,1489.401329749981,16184.582003897367,879.6955405699651,879.6955405699651,0.0,15574.876214717351,0.037633334687553324,0.03959651984991392,0.0320060166216549,0.9195001863716568,24582.908442386703,1.4551915228366852e-11,recession_only,0.0,True
2039Q4,2039-12-31,2039,4,2040,53393.29789360222,30849.817507625736,0.017227156981449054,0.019937887724799763,0.022796693476643037,264.33496,622.0867106433074,108.92351451135572,368.4744141563786,108.18975438766267,24.36355238089414,12.13547520701638,5.935451716790281,32.431574249555645,0.0,660.4537366096532,924.7886966096532,0.0,66689.02954264951,67613.81823925916,1.2663353062400158,0.01980285694483566,0.04947839992395684,0.0692812568687925,67031.05420226452,582.7640369946275,14179.191737458172,34108.69763917173,11378.405437061632,45487.10307623337,5834.15240487025,1530.6069837027285,15639.867782254432,15639.867782254432,1509.8569464406073,17149.72472869504,892.3571223600976,892.3571223600976,0.0,16532.22490461453,0.03764635886169259,0.03961393597351867,0.03254443299592784,0.9212273440583779,25243.362178996354,-1.4551915228366852e-11,recession_only,0.0,True
2040Q1,2040-03-31,2040,1,2040,53889.0305474941,30984.73913358242,0.017609093307503265,0.01970258122673907,0.022796693476643926,264.33496,631.0080118081868,110.42045565545551,373.6416078519057,109.8664811523463,24.7772135169685,12.302253631510682,5.935451716790281,32.96932272513714,0.0,669.9127862501141,934.2477462501141,0.0,67613.81823925916,68548.06598550928,1.2720226229546978,0.01962068772174577,0.04972535445110291,0.06934604217284868,67965.30194851465,582.7640369946275,14373.337066188391,34575.72315362492,11534.201642156188,46109.9247957811,5930.47561799349,1551.5644685516504,15928.193171611974,15928.193171611974,1530.6069837027285,17458.800155314704,901.278423524977,901.278423524977,0.0,16829.47159513695,0.03765640369634969,0.039631708647457346,0.03253288317402353,0.9233845077754348,25913.27496524647,1.4551915228366852e-11,recession_only,0.0,True
2040Q2,2040-06-30,2040,2,2040,54389.36585516145,31120.25083904756,0.017609093307503265,0.01970258122673907,0.022246337554163054,264.33496,639.9702934339899,111.9323624029421,378.85626728393146,111.53897283782797,25.17199149330421,12.470699415983892,5.935451716790281,32.71120231872166,0.0,678.6169474695018,942.9519074695019,0.0,68548.06598550928,69491.01789297878,1.2776581745415627,0.019440194298563612,0.04990806101888775,0.06934825531745135,68908.25385598415,582.7640369946275,14569.412969385943,35047.39275372101,11691.547079352436,46738.93983307345,6027.17069961609,1572.7303539086524,16198.787201741912,16198.787201741912,1551.5644685516504,17750.351670293563,910.2407051507802,910.2407051507802,0.0,17109.027906892694,0.037698209248865494,0.0395994803186983,0.03261220738090717,0.925889632904505,26591.89191271597,0.0,recession_only,0.0,True
2040Q3,2040-09-30,2040,3,2040,54894.34655016561,31256.35520473291,0.017609093307503265,0.01970258122673907,0.022246337554163054,264.33496,649.569830420913,113.45930349909302,384.12107815916096,113.75632036615463,25.592308176963694,12.640820219540796,5.935451716790281,33.24455117333714,0.0,688.7498333110404,953.0847933110405,0.0,69491.01789297878,70444.10268628981,1.2832669867363107,0.01926136125937381,0.05018730536716536,0.06944866662653917,69861.33864929518,582.7640369946275,14767.556718895286,35524.0366531932,11850.551905472454,47374.58855866565,6125.073913820807,1594.119457913421,16432.522776117185,16432.522776117185,1572.7303539086524,18005.253130025838,919.8402421377033,919.8402421377033,0.0,17352.363018254888,0.03774776161169658,0.03964540190628753,0.03261956539905772,0.9285642826391781,27280.641746027013,0.0,recession_only,0.0,True
2040Q4,2040-12-31,2040,4,2041,55404.01576282974,31393.054822636957,0.017609093307502377,0.01970258122673907,0.022246337554162166,273.20975999999996,659.420011171782,115.00234794839706,389.43448978604226,116.15252659675525,26.01791169760805,12.812735142979122,5.957305368177581,33.78456382220109,0.0,699.1618803621607,972.3716403621606,0.0,70444.10268628981,71416.47432665198,1.2890125985157364,0.01972490666882634,0.05047734325649547,0.07020224992532181,70833.71028965735,582.7640369946275,14969.738743628664,36010.39480938404,12012.797334697094,48023.19214408113,6224.834918689518,1615.944483258028,16546.19572335825,16546.19572335825,1594.119457913421,18140.31518127167,938.5870765399595,938.5870765399595,0.0,17484.78279989821,0.03779345326450381,0.039700236283837856,0.03267115594191694,0.9313110493067798,27979.803626389174,0.0,recession_only,0.0,True
2041Q1,2041-03-31,2041,1,2041,55931.13799773581,31527.09931704546,0.017189212325988024,0.02105209487726678,0.022246337554163942,273.20975999999996,669.4077310514265,116.57684046600822,394.8465154960523,118.54456147245848,26.451659832720942,12.988153784186398,5.957305368177581,34.334823636758706,0.0,709.6998600563628,982.9096200563628,0.0,71416.47432665198,72399.38394670835,1.2944378844864413,0.01953900955929486,0.050755259804303836,0.0702942693635987,71816.61990971371,582.7640369946275,15174.072233557132,36501.92841401927,12176.76925466442,48678.697668683686,6325.8482537808495,1638.001753692043,16915.044642658188,16915.044642658188,1615.944483258028,18530.989125916214,948.574796419604,948.574796419604,0.0,17863.619439077793,0.03782996206848603,0.03974992418753494,0.03257060131237756,0.9347139891577683,28689.503486445537,0.0,recession_only,0.0,True
2041Q2,2041-06-30,2041,2,2041,56463.275353778976,31661.71616500741,0.017189212325988024,0.02105209487726678,0.0228385780169158,273.20975999999996,679.3564458371578,118.16808751882616,400.3098367754175,120.8112855280839,26.901796919530693,13.165439095299792,5.957305368177581,35.81306784342908,0.0,721.1268190487644,994.3365790487644,0.0,72399.38394670835,73393.7205257571,1.299848796689493,0.019354864434495796,0.051086431988257006,0.0704412964227528,72810.95648876247,582.7640369946275,15380.548786552576,36998.61725539342,12342.460922901235,49341.07817829466,6429.039161687733,1660.2903622275212,17026.882478672553,17026.882478672553,1638.001753692043,18664.884232364595,958.5235112053354,958.5235112053354,0.0,17985.405989877887,0.03786389735758897,0.039841599734029266,0.032685923687598005,0.9372129877331644,29410.630305494302,0.0,recession_only,0.0,True
2041Q3,2041-09-30,2041,3,2041,57000.47554558473,31796.90781040229,0.017189212325988024,0.02105209487726767,0.0228385780169158,273.20975999999996,689.3806160545129,119.77602367527818,405.824390006967,123.0850733111375,27.35054527472678,13.344583786403698,5.957305368177581,36.397271390121055,0.0,731.7351928128115,1004.9449528128115,0.0,73393.7205257571,74398.66547856992,1.3052288558377274,0.01917245478287332,0.05134940968888053,0.07052186447175385,73815.90144157529,582.7640369946275,15589.184656548512,37500.50043309088,12509.885382735318,50010.385815826194,6533.518905766146,1682.8120634344423,17341.683495579953,17341.68349557995,1660.2903622275212,19001.973857807472,968.5476814226904,968.5476814226904,0.0,18310.23117700264,0.03790387583224299,0.03987998905470466,0.032620425280261926,0.9396707602282782,30142.365498307114,0.0,recession_only,0.0,True
2041Q4,2041-12-31,2041,4,2042,57542.78674174274,31932.67670754465,0.017189212325988024,0.02105209487726678,0.02283857801691669,290.3126875,699.633718966887,121.40077551287155,411.3894139971514,125.5129931090237,27.80493438798608,13.525601959854326,5.987900480119798,36.988771535689345,0.0,742.6103909826962,1032.9230784826962,0.0,74398.66547856992,75431.58855705262,1.3108782669076569,0.020180648448810776,0.05162144088124193,0.0718020893300527,74848.82452005798,582.7640369946275,15803.719908218798,38016.574844641014,12682.043931631857,50698.61877627287,6640.515247969347,1705.9705875969646,17262.454822253916,17262.454822253916,1682.8120634344423,18945.266885688357,995.9343069470069,995.9343069470069,0.0,18258.38912920092,0.03794035415411058,0.03992600599518015,0.032548042672402626,0.9419960649373043,30884.97588928981,0.0,recession_only,0.0,True
2042Q1,2042-03-31,2042,1,2042,58055.26898098634,32068.229387565312,0.017088232020256333,0.018695469559396827,0.0228385780169158,290.3126875,710.1068760267274,123.07146878525388,417.0959263329436,127.95737635180444,28.270365958915086,13.711738597810601,5.987900480119798,37.59451911428834,0.0,753.6892956211356,1044.0019831211355,0.0,75431.58855705262,76475.59054017375,1.3172894016772234,0.02000250399977168,0.05192908818443171,0.07193159218420338,75892.82650317912,582.7640369946275,16020.511193615348,38538.076249045036,12856.012884597427,51394.08913364246,6748.8535311706,1729.3726447507056,17670.071251970705,17670.071251970705,1705.9705875969646,19376.041839567668,1006.4074640068472,1006.4074640068472,0.0,18676.47871597755,0.0379734431361634,0.03996677307417877,0.03245907259678228,0.9447732379170646,31638.665184910944,0.0,recession_only,0.0,True
2042Q2,2042-06-30,2042,2,2042,58572.31544209702,32204.357482206833,0.017088232020256333,0.01869546955939594,0.02271549749328483,290.3126875,720.6396857345821,124.75973092027954,422.85712360508325,130.24542743871098,28.877571138324562,13.899832632183795,5.987900480119798,38.00367903939272,0.0,764.6312652540947,1054.9439527540947,0.0,76475.59054017375,77530.53449292784,1.323672009681304,0.019825932118869034,0.052217929886004814,0.07204386200487384,76947.7704559332,582.7640369946275,16239.571362577519,39065.0355571823,13031.802553269306,52096.83811045161,6858.3413609015815,1753.0196220025066,17772.21758703483,17772.21758703483,1729.3726447507056,19501.590231785536,1016.940273714702,1016.940273714702,0.0,18789.157860749532,0.03799368567868956,0.03999348078796058,0.03254242469786246,0.9466807971400882,32403.29645016504,-1.4551915228366852e-11,recession_only,0.0,True
2042Q3,2042-09-30,2042,3,2042,59093.966774525,32341.063434076666,0.017088232020256333,0.018695469559397715,0.02271549749328483,290.3126875,731.0467255814631,126.46566198607243,428.671680311233,132.46479928791945,29.354688784392916,14.089895211845146,5.987900480119798,38.62021936296003,0.0,775.6548454245429,1065.9675329245429,0.0,77530.53449292784,78596.50202585239,1.3300258269298448,0.019650918924275146,0.052503149662237424,0.07215406858651256,78013.73798885776,582.7640369946275,16460.873322887892,39597.38759747819,13209.391196899523,52806.778794377715,6969.177276774402,1776.908594817743,17999.049471008893,17999.049471008893,1753.0196220025066,19752.0690930114,1027.347313561583,1027.347313561583,0.0,19026.396784570476,0.038009409907224595,0.04001803163089487,0.03244238991724073,0.9484315164266081,33178.951295589584,1.4551915228366852e-11,recession_only,0.0,True
2042Q4,2042-12-31,2042,4,2043,59620.26398974879,32478.34969615101,0.017088232020256333,0.018695469559396827,0.022715497493283943,300.12464,741.4811156246462,128.18905100198947,434.5409471995532,134.63150291431464,29.837711677941574,14.28190283084761,6.009754131507097,39.24435093633062,0.0,786.735220692484,1086.8598606924838,0.0,78596.50202585239,79683.36188654487,1.3365147443870051,0.020135747138027026,0.0527830752864668,0.07291882242449382,79100.59784955023,582.7640369946275,16686.541276558648,40140.24223553714,13390.483428287753,53530.725663824895,7082.062043870769,1801.2688652959164,17879.91238735448,17879.91238735448,1776.908594817743,19656.820982172223,1047.6155097561534,1047.6155097561534,0.0,18927.527897110635,0.038023430847638116,0.04003919769527182,0.03233110745647102,0.9501487802870391,33965.68651628207,0.0,recession_only,0.0,True
2043Q1,2043-03-31,2043,1,2043,60187.929052490006,32615.668008118973,0.01701953976476145,0.021251542965382564,0.02271549749328572,300.12464,752.0888623710354,129.94644019120048,440.51480640610896,136.8201944840343,30.329722784876054,14.477698504815928,6.009754131507097,39.880019859559404,0.0,797.9786363621018,1098.103276362102,0.0,79683.36188654487,80781.46516290697,1.3421539241274991,0.01994583596576388,0.05303247005998051,0.0729783060257444,80198.70112591234,582.7640369946275,16914.49425606094,40688.593608292176,13573.409329099946,54262.00293739212,7196.328134071363,1825.8757983879013,18258.327085692432,18258.327085692432,1801.2688652959164,20059.595950988347,1058.2232565025424,1058.2232565025424,0.0,19316.550342194972,0.03803981278629256,0.04005747837287706,0.032232474133049104,0.9524653633934099,34763.66515264417,0.0,recession_only,0.0,True
2043Q2,2043-06-30,2043,2,2043,60760.99904976006,32753.56690127342,0.01701953976476145,0.021251542965382564,0.02231557677676199,300.12464,762.8559458489035,131.7216240190746,446.5465090607338,139.007121178135,30.905214861417335,14.675476729542757,6.009754131507097,39.81589226747214,0.0,808.6815922478827,1108.8062322478827,0.0,80781.46516290697,81890.27139515485,1.3477439916366587,0.01975771594895691,0.05323688582444901,0.07299460177340591,81307.50735816022,582.7640369946275,17144.76658428691,41242.52428103838,13758.196442498618,55000.720723537,7311.2869511753925,1850.7330991609097,18352.580541226933,18352.58054122693,1825.8757983879013,20178.45633961483,1068.9903399804107,1068.9903399804107,0.0,19421.57088120734,0.038050483868718996,0.04004292769966797,0.03231790517750737,0.9541095045489523,35572.34674489206,0.0,recession_only,0.0,True
2043Q3,2043-09-30,2043,3,2043,61339.52544380172,32892.04883030893,0.017019539764762337,0.021251542965382564,0.02231557677676199,300.12464,773.620310774971,133.51486977513431,452.6340072599512,141.18938980718792,31.406776648191798,14.87526728450581,6.009754131507097,40.451937177005775,0.0,820.0820020834839,1120.206642083484,0.0,81890.27139515485,83010.47803723834,1.353295080727209,0.019571370194245753,0.053478209761164824,0.07304957995541059,82427.71400024371,582.7640369946275,17377.35767563046,41802.03284507338,13944.844298551237,55746.87714362462,7427.638476588333,1875.8407044002824,18659.85257945336,18659.852579453363,1850.7330991609097,20510.585678614272,1079.7547049064783,1079.7547049064783,0.0,19739.60728435984,0.0380545044840862,0.04005760333245178,0.03225058743467653,0.9557408375500173,36392.42874697554,0.0,recession_only,0.0,True
2043Q4,2043-12-31,2043,4,2044,61923.56018684745,33031.116260298484,0.01701953976476145,0.021251542965381676,0.02231557677676199,315.2472575,784.3620578596403,135.32617289897223,458.7773104746793,143.26706262681938,31.914442197551885,15.077069661617271,6.019952502154488,41.0956876723541,0.0,831.477698034149,1146.7249555341489,0.0,83010.47803723834,84157.20299277248,1.3590498146236665,0.02036363907687326,0.05370994145202618,0.07407358052889944,83574.43895577785,582.7640369946275,17615.522433667444,42374.94912059913,14135.964866489216,56510.913987088345,7546.452562514464,1901.5499725075929,18825.920677197937,18825.92067719794,1875.8407044002824,20701.761381598222,1105.6292678617947,1105.6292678617947,0.0,19931.549945059734,0.03805913062135922,0.04006615635491942,0.03230672772490423,0.9573252963227735,37223.90644500969,-1.4551915228366852e-11,recession_only,0.0,True
2044Q1,2044-03-31,2044,1,2044,62477.308177911254,33169.36987577106,0.016847634395924738,0.019083305138657858,0.02231557677676199,315.2472575,795.3710798985223,137.18088095218525,465.06506659857445,145.40850656148876,32.4329178822437,15.283707904029782,6.019952502154488,41.75306303892415,0.0,843.144095439601,1158.391352939601,0.0,84157.20299277248,85315.59434571209,1.3655452969062978,0.020183152360040705,0.05398082087907194,0.07416397323911264,84732.83030871746,582.7640369946275,17856.058656666806,42953.57006412438,14328.988468839967,57282.55853296435,7666.697884977517,1927.5152341087664,19219.63805523405,19219.63805523405,1901.5499725075929,21121.188027741642,1116.6382899006767,1116.6382899006767,0.0,20336.276345134727,0.038067037604919286,0.04007472042586829,0.03221104523406426,0.9594508844706428,38067.050540449294,1.4551915228366852e-11,recession_only,0.0,True
2044Q2,2044-06-30,2044,2,2044,63036.0080295703,33308.202159613196,0.01684763439592385,0.019083305138657858,0.023076797027411944,315.2472575,806.56980305833,139.05405678879276,471.41543145376414,147.5799017687124,33.02800935291106,15.492403694149214,6.019952502154488,43.8530162932156,0.0,856.4427718537,1171.6900293537,0.0,85315.59434571209,86487.28437506579,1.372029845774727,0.020004265330515025,0.054346256917280754,0.07435052224779579,85904.52033807116,582.7640369946275,18099.007208345596,43537.993975199315,14523.947897595372,58061.94187279469,7789.830356594758,1953.7409003361056,19376.167254209606,19376.167254209602,1927.5152341087664,21303.68248831837,1127.8370130604844,1127.8370130604844,0.0,20504.004267270087,0.03807295814653304,0.040154102115646545,0.03231860370328166,0.9609790505407952,38923.49331230299,0.0,recession_only,0.0,True
2044Q3,2044-09-30,2044,3,2044,63599.704023562444,33447.615533874276,0.016847634395925626,0.019083305138657858,0.023076797027411944,315.2472575,817.8507038817163,140.94601863499133,477.82948387781136,149.80624988813707,33.56575899432519,15.70319248645145,6.019952502154488,44.55732607104517,0.0,868.427982454916,1183.675239954916,0.0,86487.28437506579,87670.9596150207,1.3784806228428412,0.01982696380997038,0.05461836628253367,0.07444533009250404,87088.19557802608,582.7640369946275,18344.385790680357,44128.263436742345,14720.8573580973,58849.12079483965,7914.460110433968,1980.2288820720794,19730.765709938747,19730.765709938747,1953.7409003361056,21684.506610274853,1139.1179138838706,1139.1179138838706,0.0,20869.883623822618,0.03808119236710181,0.040164423648167316,0.032259521678309824,0.9624671538386054,39791.92129475791,0.0,recession_only,0.0,True
2044Q4,2044-12-31,2044,4,2045,64168.440837612405,33587.61243074127,0.01684763439592385,0.01908330513865697,0.023076797027411944,328.847015,829.2995799391181,142.85690434492327,484.3076912182463,152.10882110901414,34.11007362728001,15.916089639654336,6.028693962709422,45.270200206393476,0.0,880.598474108221,1209.445489108221,0.0,87670.9596150207,88880.40510412892,1.3851108729453743,0.02049898739676068,0.05489293257641736,0.07539191997317804,88297.64106713429,582.7640369946275,18595.162008399475,44731.51715836879,14922.098270274464,59653.61542864326,8041.56410553895,2007.2995245525972,19673.077978349414,19673.077978349414,1980.2288820720794,21653.306860421493,1164.1752889018276,1164.1752889018276,0.0,20837.253267251243,0.03808850450518782,0.04017743060986629,0.03219846267923857,0.963921643502864,40672.51976886613,-1.4551915228366852e-11,recession_only,0.0,True
2045Q1,2045-03-31,2045,1,2045,64171.41450762505,33418.39993341095,-0.02,0.020597325915870046,0.023076797027411944,328.847015,840.9784301794476,144.80982414041094,490.92840081309646,154.44128353369015,34.665251763658326,16.133669928591498,6.028693962709422,45.997226841836266,0.0,893.0043509839934,1221.8513659839934,0.0,88880.40510412892,90102.25647011292,1.4040871182511752,0.020498037484333487,0.05566368501214096,0.07616172249647445,89519.49243311828,582.7640369946275,18848.453979475067,45340.822640360675,15125.358004271631,60466.1806446323,8170.2160729258985,2034.6417360850032,20096.617370823933,20096.617370823937,2007.2995245525972,22103.916895376533,1175.854139142157,1175.854139142157,0.0,21272.471509966093,0.03810040529903755,0.040189031539079205,0.0321052423944453,0.25736278555020053,893.0043509839934,0.0,recession_only,0.0,True
2045Q2,2045-06-30,2045,2,2045,64174.388315442404,33250.03991909983,-0.02,0.020597325915870046,0.02213343204113838,328.847015,852.8749430310071,146.78233536516208,497.61552847795724,156.81677431036698,35.30687192373756,16.353432953783212,6.028693962709422,44.838268609136136,0.0,903.7419056028526,1232.5889206028526,0.0,90102.25647011292,91334.84539071577,1.4232289202628472,0.020497087615924742,0.056330379101432494,0.07682746671735724,90752.08135372114,582.7640369946275,19104.30859083808,45956.292671386094,15330.674185541642,61286.966856927735,8298.545327963378,2062.260577991924,20234.66842595269,20234.66842595269,2034.6417360850032,22269.31016203769,1187.7506519937165,1187.7506519937165,0.0,21422.419077946404,0.03810508070401518,0.040120722432856075,0.03220867804004549,0.27960255272229373,1796.746256586846,0.0,recession_only,0.0,True
2045Q3,2045-09-30,2045,3,2045,64177.362261070855,33082.52809304653,-0.02,0.020597325915870046,0.022133432041139267,328.847015,864.7246152780895,148.77480315115156,504.37031206846126,159.1361664056392,35.86791425722678,16.575419395610094,6.028693962709422,45.5425414896127,0.0,916.2958507304116,1245.1428657304116,0.0,91334.84539071577,92579.98825644619,1.4425645585095042,0.020496137791532407,0.057110221950410364,0.07760635974194277,91997.22421945156,582.7640369946275,19362.71575250487,46577.902979525505,15538.038717154372,62115.941696679874,8428.411809181007,2090.154961085787,20548.5603625992,20548.560362599204,2062.260577991924,22610.82094059113,1199.600324240799,1199.600324240799,0.0,21748.160686840005,0.03811186403752947,0.04012908093556826,0.0321474552754673,0.3019558282701964,2713.0421073172574,1.4551915228366852e-11,recession_only,0.0,True
2045Q4,2045-12-31,2045,4,2046,64180.336344516785,32915.86018212645,-0.02,0.020597325915870046,0.02213343204113838,341.5111875,876.7452935963505,150.78714892263167,511.1924852002911,161.53033920427578,36.43569976942433,16.799620499727006,6.044719973726774,46.25525069046731,0.0,929.0452642605445,1270.5564517605444,0.0,92579.98825644619,93850.54470820673,1.4622943732239384,0.021284474775375765,0.05790217485140475,0.07918664962678051,93267.7806712121,582.7640369946275,19626.443755907992,47212.31281709725,15749.673075684132,62961.98589278138,8560.727307273712,2118.623715249002,20934.021301134537,20934.021301134537,2090.154961085787,23024.176262220324,1224.3012010700772,1224.3012010700772,0.0,22158.322502204614,0.03812238522775356,0.04014021957691733,0.03214000610578272,0.3252086815286192,3642.087371577802,0.0,recession_only,0.0,True
2046Q1,2046-03-31,2046,1,2046,64497.144078828744,32915.86018212645,0.0,0.01989152606750877,0.02213343204113749,341.5111875,889.0995920015678,152.8409307491335,518.155133167641,164.06085064149616,37.014239331983,17.02843811131385,6.044719973726774,46.98140013274174,0.0,942.1257121080363,1283.6368996080364,0.0,93850.54470820673,95134.18160781477,1.4750138624981795,0.021179926173636666,0.05842898786070685,0.07960891403434352,94551.41757082014,582.7640369946275,19892.833011663886,47853.12441955962,15963.443014915594,63816.56743447522,8694.637379977516,2147.3797447035017,21343.816772449736,21343.81677244974,2118.623715249002,23462.440487698743,1236.6554994752946,1236.6554994752946,0.0,22580.472271925035,0.038138164718648906,0.0401542991588264,0.032063228399988784,0.34939830013461964,4584.213083685839,0.0,recession_only,0.0,True
2046Q2,2046-06-30,2046,2,2046,64815.515643220686,32915.86018212645,0.0,0.01989152606750788,0.023159436985126236,341.5111875,901.7195530519591,154.91543707833253,525.1880405046655,166.6571134117866,37.69939735911997,17.25956469805439,6.044719973726774,49.90934201606761,0.0,957.6736150417535,1299.1848025417535,0.0,95134.18160781477,96433.36641035651,1.4878129943635319,0.021075891111002526,0.05910150404809256,0.08017739515909508,95850.60237336188,582.7640369946275,20161.94074644107,48500.475448294834,16179.39445765227,64679.869905947104,8832.362494053934,2176.4292269197713,21502.486750766955,21502.486750766955,2147.3797447035017,23649.866495470458,1249.275460525686,1249.275460525686,0.0,22751.76221129264,0.038149545883519494,0.04026622603386481,0.032122933948506294,0.3718555075110217,5541.886698727592,-1.4551915228366852e-11,recession_only,0.0,True
2046Q3,2046-09-30,2046,3,2046,65135.45875708917,32915.86018212645,0.0,0.019891526067509657,0.023159436985126236,341.5111875,914.3828474168021,157.01111356290983,532.2927180450345,169.28376542019168,38.302200477297774,17.493049911367663,6.044719973726774,50.69991780689588,0.0,971.1274851974247,1312.6386726974247,0.0,96433.36641035651,97746.00508305394,1.500657352358258,0.020972367064987063,0.05963740817848956,0.08060977524347662,97163.24104605931,582.7640369946275,20433.776294714167,49154.38835781077,16397.534894549397,65551.92325236017,8971.768329454824,2205.7731695301463,21777.624195184606,21777.624195184602,2176.4292269197713,23954.053422104374,1261.9387548905288,1261.9387548905288,0.0,23039.56295007513,0.03816050362891771,0.040281803750994216,0.03211489050185991,0.3938501752436771,6513.014183925017,0.0,recession_only,0.0,True
2046Q4,2046-12-31,2046,4,2047,65456.981177935224,32915.86018212645,0.0,0.01989152606750877,0.023159436985126236,357.7490725,927.1716448411515,159.1280328950866,539.4694122269718,171.93291729495945,38.912380574034536,17.728901850098545,6.052004524189207,51.500141348602426,0.0,984.7237907139431,1342.4728632139431,0.0,97746.00508305394,99088.47794626789,1.5137954143792602,0.021861629794842602,0.060175325717335824,0.08203695551217842,98505.71390927325,582.7640369946275,20711.866080208012,49823.3461225114,16620.694182176165,66444.04030468757,9114.015283545388,2235.7922408322725,22799.79354199563,22799.79354199563,2205.7731695301463,25005.566711525775,1290.9727218653406,1290.9727218653406,0.0,24090.76626386097,0.03816840483069476,0.040297249585892814,0.03248557849736452,0.42305532262692397,7497.737974638961,0.0,recession_only,0.0,True
2047Q1,2047-03-31,2047,1,2047,66035.72146100708,33045.517286918206,0.01584952735551126,0.019676561505418855,0.023159436985126236,357.7490725,940.1771372006358,161.29365709961994,546.8112236945612,174.56703284678392,39.53504342398074,17.970180135689382,6.052004524189207,52.31667360546223,0.0,998.5458153302873,1356.2948878302873,0.0,99088.47794626789,100444.77283409817,1.5210672437857595,0.021670033405252913,0.06048519154408941,0.08215522494934233,99862.00879710354,582.7640369946275,20992.757392426036,50499.04308855246,16846.10161677073,67345.1447053232,9257.99296967394,2266.113729680367,23231.029448943358,23231.029448943358,2235.7922408322725,25466.821689775632,1303.978214224825,1303.978214224825,0.0,24535.007663168184,0.03817851292353311,0.04030926041155916,0.03243999338032592,0.45303450423348796,8496.283789969248,0.0,recession_only,0.0,True
2047Q2,2047-06-30,2047,2,2047,66619.57869736983,33175.68511707852,0.01584952735551126,0.019676561505418855,0.02235168965107781,357.7490725,953.3675379941194,163.48109819351777,554.2269978968618,177.20171674373685,40.24383605769638,18.213889102305945,6.052004524189207,51.30489516976564,0.0,1010.7244376880742,1368.4735101880742,0.0,100444.77283409817,101813.24634428624,1.528278147881861,0.021480116175764653,0.06068633020208385,0.0821664463778485,101230.4823072916,582.7640369946275,21276.490062687582,51181.57507200391,17073.789161854645,68255.36423385855,9401.886074983382,2296.741935762077,23463.77824607918,23463.778246079182,2266.113729680367,25729.89197575955,1317.1686150183086,1317.1686150183086,0.0,24780.94686109749,0.038186080043998684,0.040249956634675635,0.03250467599167938,0.48182931421835185,9507.008227657321,-1.4551915228366852e-11,recession_only,0.0,True
2047Q3,2047-09-30,2047,3,2047,67208.59812875236,33306.36568437839,0.01584952735551126,0.019676561505418855,0.02235168965107781,357.7490725,966.6240885848472,165.69066636317956,561.7177864152416,179.88139950554103,40.87417299219699,18.460063308687687,6.052004524189207,52.10230565686959,0.0,1024.7783987659059,1382.527471265906,0.0,101813.24634428624,103195.77381555215,1.535454937147457,0.021291863390136816,0.060990910526223144,0.08228277391635996,102613.00977855752,582.7640369946275,21563.078340389722,51870.9763504456,17303.768252171172,69174.74460261677,9547.508438288163,2327.678397262869,23791.69242362357,23791.69242362357,2296.741935762077,26088.43435938565,1330.4251656090364,1330.4251656090364,0.0,25122.117589232606,0.03819408874248492,0.0402611029728124,0.032503817372044295,0.5103438272384099,10531.786626423227,1.4551915228366852e-11,recession_only,0.0,True
2047Q4,2047-12-31,2047,4,2048,67802.82539688994,33437.56100851326,0.01584952735551126,0.019676561505418855,0.02235168965107781,372.65234999999996,980.0313796413096,167.92247257578498,569.283965446139,182.60412401959368,41.512102481791175,18.70871511800031,6.05491834437418,52.90929914975711,0.0,1038.995597135441,1411.647947135441,0.0,103195.77381555215,104607.42176268759,1.542818033767157,0.021984473232119512,0.061295121025036155,0.08327959425715567,104024.65772569296,582.7640369946275,21855.76565497107,52575.04914251477,17538.641649276975,70113.69079179174,9695.928044949198,2359.2732339809536,24088.537522041726,24088.537522041726,2327.678397262869,26416.215919304595,1358.7386479856837,1358.7386479856837,0.0,25447.27617002741,0.03820167391504595,0.04027279640317436,0.032501688837311776,0.5382823304200178,11570.782223558668,0.0,recession_only,0.0,True
2048Q1,2048-03-31,2048,1,2048,68417.88578839101,33567.84363305003,0.015676506274730606,0.02077970179797095,0.0223516896510787,372.65234999999996,993.711376086324,170.2017750380872,577.0111643390981,185.37345531783652,42.162322773179845,18.962658618121917,6.05491834437418,53.7317940885462,0.0,1053.4980885192442,1426.1504385192443,0.0,104607.42176268759,106033.57220120683,1.5497931714691828,0.02178683808807379,0.061591969782731834,0.08337880787080564,105450.8081642122,582.7640369946275,22151.399791907774,53286.2106512454,17775.879789037448,71062.09044028285,9846.131759489928,2391.1861725316644,24504.971423201245,24504.971423201245,2359.2732339809536,26864.2446571822,1372.418644430698,1372.418644430698,0.0,25877.390067631943,0.03821079834490812,0.04028387549438739,0.03244412278659485,0.5666388657668583,12624.280312077912,0.0,recession_only,0.0,True
2048Q2,2048-06-30,2048,2,2048,69038.52558285912,33698.63387721409,0.015676506274730606,0.02077970179797095,0.022930584971782908,372.65234999999996,1007.5823489071097,172.50402587948182,584.8161618974167,188.14442840407227,42.89857386441554,19.21915886172325,6.05491834437418,55.9654183431941,0.0,1069.602685594678,1442.2550355946778,0.0,106033.57220120683,107475.82723680152,1.5567514851951822,0.02159097963659421,0.061971351593304524,0.08356233122989873,106893.06319980689,582.7640369946275,22450.021889620868,54004.55983700069,18015.51568388674,72020.07552088743,9999.544135597718,2423.4216537008874,24825.303320286155,24825.30332028616,2391.1861725316644,27216.489492817822,1386.2896172514838,1386.2896172514838,0.0,26211.592937537644,0.03821716039444691,0.04034958601847441,0.03247713354705464,0.5944817743345057,13693.88299767259,1.4551915228366852e-11,recession_only,0.0,True
2048Q3,2048-09-30,2048,3,2048,69664.79539278353,33829.93371884158,0.015676506274730606,0.02077970179796984,0.022930584971782908,372.65234999999996,1021.533594120119,174.8295454654225,592.7000442110808,190.95458981743252,43.57116308456214,19.478251541620878,6.05491834437418,56.837414373474864,0.0,1084.4259268379678,1457.0782768379677,0.0,107475.82723680152,108932.90551363947,1.5636722235306193,0.02139688190564053,0.06226536205116318,0.0836622439568037,108350.14147664484,582.7640369946275,22751.649239670398,54730.13829542333,18257.56320981894,72987.70150524226,10154.809187664503,2455.981544067693,25122.688258873535,25122.688258873535,2423.4216537008874,27546.109912574422,1400.2408624644931,1400.2408624644931,0.0,26522.929121338027,0.03822309418673413,0.040359807585333654,0.03251160041463878,0.6216175574202006,14778.308924510558,-1.4551915228366852e-11,recession_only,0.0,True
2048Q4,2048-12-31,2048,4,2049,70296.7462897751,33961.7451434749,0.015676506274729718,0.02077970179797184,0.022930584971782908,392.23500750000005,1035.619521866425,177.17846845393322,600.6632677922693,193.78594379582358,44.251890163955125,19.739951660444078,6.05491834437418,57.71994101492665,0.0,1099.3943812257257,1491.6293887257257,0.0,108932.90551363947,110424.53490236521,1.57083422392235,0.02231881435212611,0.06255734094399396,0.08487615529612005,109841.77086537058,582.7640369946275,23060.529174914365,55473.163180982294,18505.430732852325,73978.59391383461,10313.32344442015,2489.324332201455,25223.756565841406,25223.75656584141,2455.981544067693,27679.738109909104,1433.9094477107992,1433.9094477107992,0.0,26657.666013552207,0.03822895772853557,0.040369597268772775,0.032425222194451694,0.646315229071237,15877.703305736284,1.4551915228366852e-11,recession_only,0.0,True
2049Q1,2049-03-31,2049,1,2049,70908.60889746441,34092.57168027947,0.015497958573625237,0.019473428238653945,0.022930584971783796,392.23500750000005,1050.0381380808867,179.58387094964561,608.8179659112789,196.68145733362076,44.94689956627167,20.007944320069193,6.05491834437418,58.620936137621655,0.0,1114.7139925628824,1506.9490000628825,0.0,110424.53490236521,111931.48390242808,1.5785316570556864,0.022126227751396534,0.06288172958940916,0.0850079573408057,111348.71986543345,582.7640369946275,23372.515039371465,56223.65952206432,18755.790677350924,74979.45019941524,10473.752229306157,2523.0023973406023,25682.39925880567,25682.39925880567,2489.324332201455,28171.723591007125,1448.3280639252607,1448.3280639252607,0.0,27130.72732273093,0.03823860063267153,0.04037921440370064,0.03240217918585996,0.6716947623876534,16992.417298299166,-1.4551915228366852e-11,recession_only,0.0,True
2049Q2,2049-06-30,2049,2,2049,71525.79715492342,34223.902183610495,0.015497958573625237,0.019473428238653945,0.022366633995218432,392.23500750000005,1064.7069487882197,182.01346086910527,617.0546632546541,199.63918018280208,45.721012713032806,20.278631768625083,6.05491834437418,58.08073913363603,0.0,1128.8426062662297,1521.0776137662297,0.0,111931.48390242808,113452.56151619431,1.5861768205177549,0.021935302959318413,0.06312925692089413,0.08506455988021254,112869.79747919968,582.7640369946275,23687.660727699327,56981.75696474625,19008.686292272556,75990.44325701881,10634.671937207882,2557.0215572736843,26001.245228718504,26001.245228718508,2523.0023973406023,28524.24762605911,1462.996874632594,1462.996874632594,0.0,27464.242103351102,0.038246857442730924,0.04034048569391805,0.03239822736093468,0.6965160030739601,18121.259904565395,0.0,recession_only,0.0,True
2049Q3,2049-09-30,2049,3,2049,72148.35741658711,34355.7385948345,0.015497958573625237,0.019473428238653945,0.022366633995218432,392.23500750000005,1079.48479794533,184.4676579169585,625.3747826880884,202.6633288711876,46.42696770250763,20.552060766587235,6.05491834437418,58.97309703665672,0.0,1144.5128133263609,1536.747820826361,0.0,113452.56151619431,114989.30933702068,1.5937897057457375,0.02174602563632719,0.06345329841498147,0.08519932405130866,114406.54530002605,582.7640369946275,24005.989727984565,57747.51201070033,19264.13642615087,77011.6484368512,10797.522787711547,2591.3843474787514,26236.55094473001,26236.55094473001,2557.0215572736843,28793.572502003695,1477.7747237897042,1477.7747237897042,0.0,27714.325668519716,0.03825832097675459,0.04035211891317208,0.032405965205594765,0.7200102600742853,19265.772717891756,0.0,recession_only,0.0,True
2049Q4,2049-12-31,2049,4,2050,72776.33644035927,34488.0828627965,0.015497958573625237,0.019473428238653057,0.022366633995218432,407.0113625000001,1094.5105574609277,186.9466450066798,633.7789443174345,205.81530909160224,47.1414073523503,20.828251692860466,6.057832164559153,59.87616382291577,0.0,1160.4445534484025,1567.4559159484027,0.0,114989.30933702068,116556.76525296908,1.6015750579652794,0.022370533192945144,0.06378142183067405,0.08615195502361919,115974.00121597445,582.7640369946275,24330.739060625518,58528.7114613228,19524.738697466677,78053.45015878948,10963.37180064473,2626.440195914732,26293.93681926782,26293.93681926782,2591.3843474787514,28885.32116674657,1507.579752125487,1507.579752125487,0.0,27801.516571393306,0.03826835461456256,0.040367041428078176,0.03228862827973978,0.7406542803662405,20426.21727134016,0.0,recession_only,0.0,True
2050Q1,2050-03-31,2050,1,2050,73421.23971924462,34618.560612307345,0.015219177974386433,0.020390207990024445,0.022366633995218432,407.0113625000001,1109.7975382840089,189.47563043462122,642.3526082880161,208.990260786145,47.86902570056116,21.110013074664657,6.057832164559153,60.79585650275506,0.0,1176.651226951323,1583.6625894513231,0.0,116556.76525296908,118140.42784242041,1.6090769958962479,0.02217403923204622,0.0641041328885602,0.08627817212060643,117557.66380542578,582.7640369946275,24658.781377809006,59317.83233766344,19787.983496926314,79105.81583458975,11131.215079533124,2661.851513493902,26730.314410060615,26730.314410060615,2626.440195914732,29356.754605975348,1522.8667329485681,1522.8667329485681,0.0,28253.181143009184,0.03828673231587549,0.040380366575808,0.03224515592412416,0.7616687132202833,21602.868498291482,0.0,recession_only,0.0,True
2050Q2,2050-06-30,2050,2,2050,74071.85777108312,34749.531994450226,0.015219177974386433,0.020390207990024445,0.02276633294218633,407.0113625000001,1125.498338537895,192.03025997968766,651.0132099058546,212.30057014111947,48.75966697152602,21.394631539707234,6.057832164559153,62.82043079095424,0.0,1194.3766014934085,1601.3879639934087,0.0,118140.42784242041,119741.81580641381,1.6165628810940904,0.021979271196780652,0.06449826627460022,0.08647753747138087,119159.05176941918,582.7640369946275,24990.205820811836,60115.08907316203,20053.94235791528,80169.03143107731,11302.186594744086,2697.6279227859636,27030.25554429534,27030.25554429534,2661.851513493902,29692.107057789242,1538.5675332024543,1538.5675332024543,0.0,28568.823077497796,0.03830434094585438,0.040439217067556495,0.03228603680726345,0.7818787446966166,22797.24509978489,0.0,recession_only,0.0,True
2050Q3,2050-09-30,2050,3,2050,74728.24123700339,34880.998876770966,0.015219177974387321,0.020390207990024445,0.02276633294218633,407.0113625000001,1141.3550881786725,194.61122782957216,659.7631025779516,215.7878936373567,49.51067970440013,21.682184429392173,6.057832164559153,63.78533032454449,0.0,1211.1982506677762,1618.2096131677763,0.0,119741.81580641381,121360.0254195816,1.6240182213667225,0.02178621392729683,0.0648321561229531,0.08661837005024992,120777.26138258696,582.7640369946275,25325.045982854695,60920.56247785544,20322.642238055134,81243.20471591057,11475.237633729716,2733.7730500919874,27370.332035291776,27370.332035291776,2697.6279227859636,30067.95995807774,1554.4242828432318,1554.4242828432318,0.0,28924.75631813501,0.038324425021148495,0.04046032682938152,0.03227581231826498,0.8016429989430524,24008.443350452668,0.0,recession_only,0.0,True
2050Q4,2050-12-31,2050,4,2051,75390.44120688745,35012.963133880796,0.015219177974386433,0.020390207990024445,0.022766332942187217,427.29039000000006,1157.4618922247935,197.21879559148095,668.6031731944616,219.39638767330248,50.27083487543332,21.972700890114346,6.063659804929099,64.7619659155606,0.0,1228.287517945283,1655.5779079452832,0.0,121360.0254195816,123015.60332752687,1.6317135350083152,0.022670799276922872,0.06516940335046456,0.08784020262738743,122432.83929053224,582.7640369946275,25667.725310300146,61744.893355345,20597.632829533868,82342.52618487887,11651.823400375712,2770.76439497753,27629.74912020506,27629.74912020506,2733.7730500919874,30363.522170297045,1590.8159420297227,1590.8159420297227,0.0,29220.565062234782,0.03834140270495146,0.04048408901361675,0.03232526897084057,0.8203159188318724,25236.73086839795,0.0,recession_only,0.0,True
2051Q1,2051-03-31,2051,1,2051,76034.26731394099,35144.34869926659,0.015094632227163673,0.01921496163380243,0.02276633294218544,427.29039000000006,1173.848169776962,199.8874108539624,677.6502045749094,222.9940006300921,51.04653489336569,22.2700188246319,6.063659804929099,65.75855019256326,0.0,1245.6703797744544,1672.9607697744545,0.0,123015.60332752687,124688.56409730132,1.6398995939879268,0.02247883251038605,0.0655320514699592,0.08801088398034526,124105.80006030669,582.7640369946275,26013.934422947365,62577.71529342585,20875.455975073164,83453.17126849902,11830.5575978369,2808.1367710234413,28222.186672547374,28222.186672547374,2770.76439497753,30992.951067524904,1607.2022195818913,1607.2022195818913,0.0,29829.388892129264,0.038361665049157154,0.04050446759856566,0.03223344668325465,0.8404786476644149,26482.401248172406,0.0,recession_only,0.0,True
2051Q2,2051-06-30,2051,2,2051,76683.591625402,35276.22728681466,0.015094632227163673,0.01921496163380243,0.022850408612718587,427.29039000000006,1190.5192822587558,202.5835143187026,686.7904253453466,226.55455767191916,52.02038562568608,22.570399297100906,6.063659804929099,67.01175434251738,0.0,1263.5946964062023,1690.8850864062024,0.0,124688.56409730132,126379.44918370753,1.6480637709442318,0.02228849123746348,0.06591212902905437,0.08820062026651784,125796.6851467129,582.7640369946275,26363.734677386725,63419.17588819711,21156.16091162351,84575.33679982062,12011.716867991006,2845.8968015145624,28407.37274878267,28407.37274878267,2808.1367710234413,31215.50951980611,1623.873332063685,1623.873332063685,0.0,30031.246080846355,0.03837575393931022,0.040536025273982625,0.0323344635739578,0.8588577770679602,27745.995944578608,1.4551915228366852e-11,recession_only,0.0,True
2051Q3,2051-09-30,2051,3,2051,77338.46109533364,35408.60074658251,0.015094632227163673,0.01921496163380243,0.022850408612718587,427.29039000000006,1207.1831463640106,205.30758380014913,696.0254553729615,230.15894317013792,52.81726847858901,22.873895542173294,6.063659804929099,68.03789367771284,0.0,1281.2846998466525,1708.5750898466526,0.0,126379.44918370753,128088.02427355418,1.6562008405580055,0.022099761694160808,0.06626895243065349,0.0883687141248143,127505.26023655955,582.7640369946275,26717.124512237846,64269.271383686515,21439.746386220748,85709.01776990727,12195.073636510522,2884.0443179039307,28889.061497758576,28889.061497758572,2845.8968015145624,31734.958299273134,1640.5371961689398,1640.5371961689398,0.0,30529.59869392751,0.038390278691154904,0.040553577598970325,0.03228476617910465,0.8777865205531654,29027.28064442526,0.0,recession_only,0.0,True
2051Q4,2051-12-31,2051,4,2052,77998.92307878163,35541.47093556997,0.015094632227163673,0.01921496163380243,0.022850408612718587,450.937025,1224.0426490450698,208.05960713905225,705.3552534359575,233.8234634312535,53.62381883365423,23.18050620515284,6.070944355391532,69.07648028932907,0.0,1299.1900736897903,1750.1270986897903,0.0,128088.02427355418,129838.15137224397,1.664614667065376,0.023125294924625454,0.06662605186882198,0.08975134679344743,129255.38733524934,582.7640369946275,27079.24138578403,65140.360171998735,21730.33506568156,86870.6952376803,12382.316816292414,2923.1338954926277,28953.07821570572,28953.07821570572,2884.0443179039307,31837.12253360965,1681.0506184004612,1681.0506184004612,0.0,30634.12883410618,0.03840452730273533,0.04057178900394762,0.03225196240293369,0.8939648770813482,30326.47071811505,0.0,recession_only,0.0,True
2052Q1,2052-03-31,2052,1,2052,78692.32302586119,35673.56761268758,0.014949853670766178,0.020776005458570612,0.022850408612718587,450.937025,1241.304682374137,210.8795922917931,714.9154528876841,237.56748097712,54.44746753251754,23.494688685022,6.070944355391532,70.1370806762583,0.0,1317.5127074057868,1768.4497324057868,0.0,129838.15137224397,131606.60110464974,1.6724198250113798,0.022921525641163523,0.06697032984896399,0.0898918554901275,131023.83706765513,582.7640369946275,27445.07669200068,66020.3938210616,22023.907683528876,88044.30150459048,12571.834002817164,2962.6248682468063,29559.401598461558,29559.401598461558,2923.1338954926277,32482.535493954187,1698.3126517295284,1698.3126517295284,0.0,31257.714250191086,0.038417820375875815,0.04058938589254859,0.03215319904170881,0.8994355500098778,31643.983425520837,0.0,recession_only,0.0,True
2052Q2,2052-06-30,2052,2,2052,79391.88720531258,35806.15525238063,0.014949853670766178,0.020776005458570612,0.02253572169058371,450.937025,1258.7203806530067,213.7285347389553,724.5738221861492,241.2014741021229,55.40445224724582,23.812097378533704,6.070944355391532,70.23801971755174,0.0,1335.0293447259498,1785.9663697259498,0.0,131606.60110464974,133392.5674743757,1.6801788214129973,0.02271955187732709,0.06726275904103285,0.08998231091835994,132809.80343738108,582.7640369946275,27814.663532015504,66909.45195715973,22320.490802493383,89229.94275965312,12762.676336365092,3002.5208093473757,29768.32051600019,29768.32051600019,2962.6248682468063,32730.945384246996,1715.7283500083981,1715.7283500083981,0.0,31484.048866008587,0.03842259243163472,0.04057636421031414,0.0322437190178696,0.9033172260574392,32979.01277024679,2.9103830456733704e-11,recession_only,0.0,True
2052Q3,2052-09-30,2052,3,2052,80097.67041633344,35939.23567940548,0.014949853670766178,0.020776005458570612,0.02253572169058371,450.937025,1276.036726086833,216.60669225557072,734.3312352298261,244.72145248922297,56.244585107083935,24.13276100512953,6.070944355391532,71.30424343508403,0.0,1353.4119138773085,1804.3489388773085,0.0,133392.5674743757,135196.91641325303,1.6879007305771005,0.022519357811836952,0.06758807874648609,0.09010743655832304,134614.1523762584,582.7640369946275,28187.98050412814,67807.48309751891,22620.067248308147,90427.55034582705,12955.802117766925,3042.8194085362734,30226.579194243513,30226.579194243513,3002.5208093473757,33229.10000359089,1733.0446954422243,1733.0446954422243,0.0,31959.62388968574,0.03842452930292394,0.04058432758293807,0.03219722830266561,0.9076796934367951,34332.4246841241,0.0,recession_only,0.0,True
2052Q4,2052-12-31,2052,4,2053,80809.72794527891,36072.810725300544,0.014949853670767954,0.020776005458570612,0.022535721690584598,462.968345,1293.4385731493992,219.5138981758979,744.1871269952682,248.18612013948757,57.09476684263462,24.456660996110298,6.072401265484019,72.38322462741168,0.0,1371.894199042295,1834.862544042295,0.0,135196.91641325303,137031.77895729532,1.6957336999090966,0.02291646596377622,0.06790737867457178,0.090823844638348,136449.0149203007,582.7640369946275,28567.638019404865,68720.76670597757,22924.73180296212,91645.4985089397,13152.075939036395,3083.802452919729,30544.56820664264,30544.568206642638,3042.8194085362734,33587.38761517891,1762.4793194148833,1762.4793194148833,0.0,32307.047526057522,0.038424282929922296,0.04058951151959296,0.03224399312357246,0.911329499967275,35704.318883166394,0.0,recession_only,0.0,True
2053Q1,2053-03-31,2053,1,2053,81510.32967410152,36206.52904885904,0.014910252990658845,0.01992533565251664,0.02253572169058371,462.968345,1311.0609016924386,222.47048107611536,754.2104145981019,251.63514260920203,57.958801193677346,24.786062215342323,6.072401265484019,73.47979371393005,0.0,1390.6130966718529,1853.5814416718529,0.0,137031.77895729532,138885.36039896717,1.7038988917633535,0.0227194931906698,0.06824230019590735,0.09096179338657716,138302.59636197254,582.7640369946275,28951.09157892128,69643.181873385,23232.442577119713,92875.6244505047,13350.685062110206,3125.19527043633,31149.78752778997,31149.78752778997,3083.802452919729,34233.5899807097,1780.1016479579228,1780.1016479579228,0.0,32929.88917574789,0.038424299273550476,0.040592426289823604,0.032150831207552424,0.9163778882058797,37094.93197983825,0.0,recession_only,0.0,True
2053Q2,2053-06-30,2053,2,2053,82217.00545854727,36340.74305295076,0.014910252990658845,0.01992533565251664,0.022725734639350792,462.968345,1328.874699157737,225.4566256708495,764.3339210603987,255.1282332649709,58.83716217538583,25.118756986132006,6.072401265484019,75.21305524533884,0.0,1410.16015566856,1873.12850066856,0.0,138885.36039896717,140758.48889963573,1.7120361914738467,0.022524213447955,0.06860673885183251,0.0911309522997875,140175.7248626411,582.7640369946275,29338.382427198376,70574.82781533274,23543.232668357334,94118.06048369007,13552.27963842748,3167.002313325175,31345.539284311344,31345.539284311344,3125.19527043633,34470.73455474767,1797.9154454232212,1797.9154454232212,0.0,33143.45472973456,0.038423454557078324,0.04061364427806307,0.032233975456489185,0.9198894330770748,38505.09213550681,0.0,recession_only,0.0,True
2053Q3,2053-09-30,2053,3,2053,82929.80795927937,36475.45457501416,0.014910252990657957,0.01992533565251664,0.022725734639350792,462.968345,1346.8434813571705,228.47265315180735,774.558735273275,258.63264771779217,59.724664120945285,25.454781093351098,6.072401265484019,76.34876805222264,0.0,1429.2646506748772,1892.2329956748772,0.0,140758.48889963573,142650.7218953106,1.7201380951630287,0.02233061218361095,0.06893852455930839,0.09126913674291934,142067.95785831596,582.7640369946275,29729.543949659976,71515.78484199275,23857.12886754536,95372.91370953812,13756.273013661685,3209.2271854562046,31841.16233102106,31841.16233102106,3167.002313325175,35008.16464434624,1815.8842276226546,1815.8842276226546,0.0,33657.04655864371,0.03841997805176882,0.04061608395622883,0.03218625176533211,0.9240735752250754,39934.35678618169,-2.9103830456733704e-11,recession_only,0.0,True
2053Q4,2053-12-31,2053,4,2054,83648.79029351693,36610.66545929893,0.014910252990658845,0.01992533565251664,0.022725734639350792,486.19494,1364.9015694896768,231.51882350797706,784.8857386408687,262.0801207647129,60.62272307301411,25.79416350310424,6.073858175576505,77.49799484693735,0.0,1448.4734225121908,1934.668362512191,0.0,142650.7218953106,144585.3902578228,1.7284815446880248,0.023249347099652283,0.06926452456417424,0.09251387166382653,144002.62622082816,582.7640369946275,30129.598962769254,72478.13556930052,24178.16184464102,96656.29741394153,13964.317757274106,3252.412086843265,32910.0454357233,32910.0454357233,3209.2271854562046,36119.27262117951,1857.1703676652535,1857.1703676652535,0.0,34767.21580338856,0.038416356307009535,0.040615943705499244,0.03247958742152108,0.9274729824377017,41382.830208693886,0.0,recession_only,0.0,True
2054Q1,2054-03-31,2054,1,2054,84369.542566907,36745.64217675034,0.0148290126082804,0.01979116344579368,0.022725734639350792,486.19494,1383.3587941841338,234.63425192256557,795.4475378730715,265.5971324686093,61.53860977188507,26.141262148002735,6.073858175576505,78.67004562350985,0.0,1468.1026979832202,1954.2976379832203,0.0,144585.3902578228,146539.687895806,1.7368790138881771,0.02305073253725116,0.06960344471793152,0.09265417725518268,145956.92385881138,582.7640369946275,30533.629865972227,73450.0504830276,24502.38536251622,97952.43584554382,14174.831972038224,3296.0261752570973,33587.62862026603,33587.628620266034,3252.412086843265,36840.0407071093,1875.6275923597102,1875.6275923597102,0.0,35463.25621262575,0.03841185743123197,0.04061551987694797,0.032405458365560566,0.9322089268166518,42850.9329066771,0.0,recession_only,0.0,True
2054Q2,2054-06-30,2054,2,2054,85096.5051373949,36881.116528266175,0.014829012608279513,0.01979116344579479,0.022859099804621197,486.19494,1401.9709202295155,237.78064258125872,806.1143040512263,269.1504998583866,62.43366335501531,26.491810383628916,6.073858175576505,80.32069466204165,0.0,1488.3654730671337,1974.5604130671336,0.0,146539.687895806,148514.24830887315,1.74524497885178,0.022853814699675415,0.06996129726662934,0.09281511196630475,147931.48427187852,582.7640369946275,30941.670026731055,74431.6098501384,24829.826197627604,99261.43604776601,14388.305144752732,3340.073052628727,33861.63200792324,33861.63200792324,3296.0261752570973,37157.658183180334,1894.2397184050922,1894.2397184050922,0.0,35755.87172632833,0.03840798087537871,0.04062695900172532,0.032495766027440066,0.9355566066819898,44339.298379744236,0.0,recession_only,0.0,True
2054Q3,2054-09-30,2054,3,2054,85829.73151544666,37017.090348530735,0.014829012608281289,0.019791163445792792,0.022859099804621197,486.19494,1420.7944816190072,240.9582553331681,816.8869181052672,272.7301886497408,63.37328237032804,26.845837160503393,6.073858175576505,81.53032547515922,0.0,1508.398665269743,1994.593605269743,0.0,148514.24830887315,150508.8419141429,1.7535746559693712,0.022658579092141286,0.07029725660965297,0.09295583570179425,149926.07787714826,582.7640369946275,31353.764990554562,75422.92323244837,25160.520898974217,100583.44413142258,14604.311119693357,3384.557635477739,34412.224181790036,34412.224181790036,3340.073052628727,37752.297234418766,1913.0632797945839,1913.0632797945839,0.0,36325.28746158462,0.03840531222717632,0.04062636905066898,0.03244780152072386,0.9395584684810196,45847.69704501398,0.0,recession_only,0.0,True
2054Q4,2054-12-31,2054,4,2055,86569.27567259641,37153.565478992416,0.014829012608279513,0.01979116344579368,0.022859099804622085,508.6235875,1439.851891978524,244.16744486394364,827.7665824761192,276.3904352950033,64.32404734830634,27.203381995152327,6.0767719957614785,82.75430823507148,0.0,1528.6829722093569,2037.3065597093569,0.0,150508.8419141429,152546.14847385226,1.7621280447208465,0.023501344260917975,0.07063397309645103,0.094135317357369,151963.38443685762,582.7640369946275,31774.797137201032,76435.7354189426,25498.3874399791,101934.12285892169,14824.457476695074,3430.006964039817,34726.84664991878,34726.84664991878,3384.557635477739,38111.404285396515,1954.5522514742854,1954.5522514742854,0.0,36681.39890139306,0.03840042013745902,0.040627060915966316,0.032487962594204896,0.942762096015618,47376.38001722333,0.0,recession_only,0.0,True
2025Q4,2025-12-31,2025,4,2026,31324.77532798175,24037.6,0.012257322464116038,0.03416889228732933,0.03138521050212062,203.43175,239.03865259628913,65.01368874582066,119.6877543737386,42.71050255977236,4.964461483838189,6.6622454331192795,4.95932195482428,16.18876413444616,0.0,260.1867386855596,463.61848868555956,17.515,30277.7664202628,30758.89990894836,0.9819352122047653,0.025977105708819403,0.03322440285190366,0.059201508560723065,30176.13587195373,582.7640369946275,6496.785779950878,15628.316895483313,5213.4891756015995,20841.806071084913,2136.2328410892824,701.3111798286476,5437.953890766519,5437.953890766519,690.4997903999999,6128.453681166519,464.9447245511134,464.9447245511134,0.0,5902.898615317633,0.03191801122214894,0.03437330681188355,0.03728955310952268,0.2159123202980333,260.1867386855596,0.0,rate_only_500bp,500.0,False
2026Q1,2026-03-31,2026,1,2026,31720.36011381085,24212.4,0.029406590218133966,0.021441816030615124,0.033142739611773386,203.43175,240.44945621086,60.93064490474254,124.12698071778895,43.5306883372127,5.495856886635115,6.365285364480696,4.95932195482428,17.484323876921767,0.0,262.8931020426061,466.32485204260604,17.515,30758.89990894836,31242.739760990964,0.9849427827708699,0.025653145080333065,0.033151338900234494,0.058804483980567555,30659.975723996336,582.7640369946275,6597.2439124852945,15869.973552044366,5294.104021820724,21164.077573865092,2186.4988628819306,712.1553747640124,7048.973836554221,7048.973836554221,701.3111798286476,7750.285016382868,466.3555281656843,466.3555281656843,0.0,7515.329364719905,0.03167264828825653,0.034187581847311174,0.03521065832892457,0.2987558061381062,523.0798407281657,0.0,rate_only_500bp,500.0,False
2026Q2,2026-06-30,2026,2,2026,32094.798708229428,24331.8,0.01987181994496834,0.02763904405751516,0.030772192830818668,203.43175,242.47997851847242,57.50032222679604,128.76641191949622,44.28274287826491,5.833621243500796,6.096880250414424,4.95932195482428,16.630148070113112,0.0,264.06944854340986,467.5011985434098,17.515,31242.739760990964,31727.755959534374,0.9885637934036664,0.025353858966292636,0.032911183016792044,0.05826504198308467,31144.991922539746,582.7640369946275,6698.139441955681,16112.682387045035,5375.069866867322,21487.752253912357,2236.0534411071853,723.0467855645156,7294.65052613453,7294.650526134531,712.1553747640124,8006.805900898544,468.3860504732967,468.3860504732967,0.0,7763.036576607828,0.03163504775739422,0.03380874411956937,0.033746168375763635,0.3386780984951124,787.1492892715755,0.0,rate_only_500bp,500.0,False
2026Q3,2026-09-30,2026,3,2026,32468.269249181518,24457.7,0.020858389667526733,0.02596472248620807,0.02824698150314875,203.43175,246.3774413416258,55.138128411680306,133.50109328427993,45.11122588770424,6.434567199764894,6.1924265581965034,4.95932195482428,15.625881580025593,0.0,266.9626448764757,470.39439487647564,17.515,31727.755959534374,32215.665354410852,0.9922199765921605,0.02506222286611452,0.03288905150165409,0.057951274367768604,31632.901317416225,582.7640369946275,6799.874527972928,16357.410813919352,5456.709432599443,21814.120246518796,2284.877718607075,734.0288243174178,7560.870539253156,7560.870539253156,723.0467855645156,8283.91732481767,472.2835132964501,472.2835132964501,0.0,8033.154052549606,0.03206434142500246,0.03365666897046992,0.03387420938607825,0.3779019415086418,1054.1119341480512,3.637978807091713e-12,rate_only_500bp,500.0,False
2026Q4,2026-12-31,2026,4,2027,32813.516450759125,24573.2,0.01902398695529306,0.02374108660242924,0.02771554138299126,194.872,253.59837549789904,55.91196830625741,138.7066086465815,45.90202768161394,6.830451248587104,6.247319614859042,4.968063415379199,15.669722733652822,0.0,274.23616164693107,469.1081616469311,5.538,32215.665354410852,32690.311516057784,0.996245299253854,0.023755088887523573,0.0334296584224318,0.057184747309955375,32107.547479063156,582.7640369946275,6898.743123166559,16595.24376532521,5536.048719487986,22131.292484813195,2332.8104382651377,744.7014328182587,7665.516018009889,7665.51601800989,734.0288243174178,8399.544842327308,458.9764389132783,458.9764389132783,0.0,8124.492456923168,0.03242722436592475,0.034050038530013926,0.033830045581091525,0.4109562752171501,1328.3480957949823,0.0,rate_only_500bp,500.0,False
2027Q1,2027-03-31,2027,1,2027,33147.220203151985,24680.599999999995,0.017597408546793147,0.023296209984862815,0.026152401325720165,194.872,260.31127901663695,56.535199894349944,143.40677427048297,46.66884903955689,7.411776979595989,6.288678832651108,4.968063415379199,15.104810271309676,0.0,280.38415270332587,475.2561527033259,5.538,32690.311516057784,33171.10566876111,1.0007205872909626,0.023515938749092396,0.033835012527133605,0.057350951276226,32588.34163176648,582.7640369946275,6999.057751934678,16836.555216978573,5616.548407941779,22453.103624920353,2380.6501180173027,755.5301368941339,7818.45707685363,7818.4570768536305,744.7014328182587,8563.15850967189,465.6893424320162,465.6893424320162,0.0,8284.146419285647,0.03274957978431627,0.03430792056730308,0.03368771382636251,0.44471885813106954,1608.7322484983083,0.0,rate_only_500bp,500.0,False
2027Q2,2027-06-30,2027,2,2027,33480.81936295423,24789.999999999996,0.01784876327045648,0.022616048740021766,0.02507028033791192,194.872,266.8386349235212,57.11231125578679,148.1810139507879,47.461975490152746,7.725799475387829,6.357534751405928,4.968063415379199,14.782631606632997,0.0,286.58932994553345,481.46132994553346,5.538,33171.10566876111,33658.104998706636,1.005295140296016,0.023281628551256005,0.03423922537124501,0.05752085392250102,33075.34096171201,582.7640369946275,7100.778445271973,17081.24902159954,5698.1764239501335,22779.42544554967,2428.62644889581,766.5106219945532,7901.268255122974,7901.268255122973,755.5301368941339,8656.798392017106,472.21669833890047,472.21669833890047,0.0,8373.484953461873,0.033069696559558555,0.03455891194069288,0.033687661368326086,0.47717029735788935,1895.3215784438416,-7.275957614183426e-12,rate_only_500bp,500.0,False
2027Q3,2027-09-30,2027,3,2027,33819.64204625321,24903.499999999993,0.01843999428756682,0.022248000239960097,0.024382592342289344,194.872,273.4775029553267,57.72932876006114,152.8758790192545,48.328865020161466,8.126248097579449,6.417182058270145,4.968063415379199,14.670585287046285,0.0,293.1161516577522,487.9881516577522,5.538,33658.104998706636,34151.631150364396,1.0098164582480542,0.023048381142944635,0.034668155417715396,0.05771653656066004,33568.867113369764,582.7640369946275,7203.929224122012,17329.382962672247,5780.952043649513,23110.33500632176,2476.9574018078993,777.6454811180921,8037.825029793427,8037.825029793427,766.5106219945532,8804.33565178798,478.85556637070596,478.85556637070596,0.0,8516.680596164133,0.03343936643839879,0.03483454005138027,0.03363811794499859,0.5098289514958444,2188.437730101594,7.275957614183426e-12,rate_only_500bp,500.0,False
2027Q4,2027-12-31,2027,4,2028,34158.5183188548,25016.899999999994,0.01833909570101455,0.021945305341696475,0.024162847358085493,215.4585,280.66536432293407,58.387846361508906,158.14773727280496,49.161424920357696,8.486680683143282,6.481675085119298,5.137064986107641,14.828888675230425,0.0,300.63131798427213,516.0898179842721,2.14175,34151.631150364396,34669.86271834867,1.0149697476547632,0.025230426915920565,0.035204257418663246,0.060434684334583814,34087.09868135404,582.7640369946275,7312.3677222676615,17590.236755623275,5867.970910432145,23458.20766605542,2527.1721572015626,789.3511358293897,7937.40636201969,7937.40636201969,777.6454811180921,8715.051843137782,503.40267930904173,503.40267930904173,0.0,8440.809041328732,0.03373662156122221,0.03521135686440727,0.03337959989297992,0.5358888135784936,2489.069048085866,0.0,rate_only_500bp,500.0,False
2028Q1,2028-03-31,2028,1,2028,34499.59871590287,25131.59999999999,0.018466116274653555,0.0216767083117837,0.023850744937782276,215.4585,287.53125850548395,59.12049303453405,163.14286721490578,49.997159553107,8.707284008515929,6.563454694421373,5.137064986107641,14.935804340339798,0.0,307.6041278319314,523.0626278319314,2.14175,34669.86271834867,35195.0670961806,1.0201587382509802,0.024980986216594184,0.0356646615359197,0.06064564775251389,34612.30305918597,582.7640369946275,7422.285209866853,17854.648325704093,5956.176624952724,23810.824950656817,2577.9764550448845,801.2164436174157,8117.836230000904,8117.836230000904,789.3511358293897,8907.187365830294,510.26857349159155,510.26857349159155,0.0,8628.104803492495,0.03405206613831439,0.035489512067682354,0.03328695823761664,0.563172199458663,2796.6731759177974,0.0,rate_only_500bp,500.0,False
2028Q2,2028-06-30,2028,2,2028,34836.751701773224,25242.599999999988,0.017784392025415263,0.02150065998978512,0.023590801926968608,215.4585,294.6936241022778,59.86073021757616,168.2026013866305,50.94316584134021,9.039033215815342,6.6480934409154875,5.137064986107641,15.071450300540866,0.0,314.9021393889263,530.3606393889263,2.14175,35195.0670961806,35727.56948556952,1.0255712068513825,0.024739218150357335,0.03615746290982663,0.06089668106018397,35144.805448574894,582.7640369946275,7533.745550137294,18122.77129882112,6045.620435660179,24168.3917344813,2629.4198656053645,813.2482983509353,8239.472850829226,8239.472850829226,801.2164436174157,9040.689294446642,517.4309390883853,517.4309390883853,0.0,8756.903789917611,0.034340738124234924,0.03578934951632466,0.033230591206071684,0.589963994360488,3111.5753153067235,-1.4551915228366852e-11,rate_only_500bp,500.0,False
2028Q3,2028-09-30,2028,3,2028,35168.71769035311,25350.699999999986,0.01724012308766243,0.02106182624872388,0.023346411992499982,215.4585,301.7647701156699,60.62781731472968,173.4004739328124,51.90468680644536,9.096063030590862,6.7357290310916245,5.137064986107641,15.214320358753913,0.0,322.11615546053144,537.5746554605314,2.14175,35727.56948556952,36267.28589103006,1.031237084341528,0.024505698717482777,0.036636667654094075,0.06114236637157685,35684.521854035425,582.7640369946275,7646.72909337303,18394.558406703254,6136.286574214171,24530.844980917427,2681.5032008498306,825.4445788951392,8318.464824475584,8318.464824475584,813.2482983509353,9131.71312282652,524.5020851017774,524.5020851017774,0.0,8842.966909577362,0.03462711807773135,0.03606359571597897,0.03323286533680406,0.6151400638616836,3433.691470767255,7.275957614183426e-12,rate_only_500bp,500.0,False
2028Q4,2028-12-31,2028,4,2029,35502.9460537084,25460.399999999983,0.01742186418178404,0.020775810233577552,0.02309377715644856,173.80475,308.956314157713,61.42235144251887,178.44756356328975,52.84347574023483,9.416496744206636,6.826426667462803,5.268186894431433,15.349214844932058,0.0,329.5737158970765,503.3784658970765,-2.42575,36267.28589103006,36768.23860692713,1.0356390861565294,0.019582008742268366,0.0371319850919979,0.056713993834266264,36185.47456993251,582.7640369946275,7751.333451896988,18646.1890005126,6220.2286510128815,24866.41765152548,2730.987118334451,836.7363481755804,8244.076738621992,8244.076738621994,825.4445788951392,9069.521317517134,485.60350105214445,485.60350105214445,0.0,8729.680239674139,0.03483344025259421,0.03634942155719346,0.03295359219110845,0.6340510791101076,3763.2651866643314,0.0,rate_only_500bp,500.0,False
2029Q1,2029-03-31,2029,1,2029,35840.4078533226,25572.199999999983,0.017680562926939647,0.020522825130940392,0.02297286568423096,173.80475,315.1599190974638,62.165694284213835,182.783965402459,53.72209313197324,9.578815883757908,6.9093503950598345,5.268186894431433,15.551312167697551,0.0,335.9794181595928,509.7841681595928,-2.42575,36768.23860692713,37275.597025086725,1.040043885037181,0.01939763082064228,0.037497276206743355,0.05689490702738564,36692.8329880921,582.7640369946275,7857.274135455367,18901.034185632278,6305.243091336882,25206.27727696916,2781.109205388956,848.1723702786121,8387.02544459727,8387.02544459727,836.7363481755804,9223.76179277285,491.80710599189524,491.80710599189524,0.0,8878.832550589164,0.03502427810972454,0.036551048501550394,0.032872924104032926,0.6534458571840225,4099.244604823924,7.275957614183426e-12,rate_only_500bp,500.0,False
2029Q2,2029-06-30,2029,2,2029,36178.04858394721,25682.99999999998,0.01744428695602207,0.020418069374665837,0.022841686194156274,173.80475,321.33001155023743,62.91712263965866,186.92872467703955,54.61278917208582,9.878193868506312,6.993181192947158,5.268186894431433,15.747057075605499,0.0,342.34525552027435,516.1500055202744,-2.42575,37275.597025086725,37789.32128060699,1.0445373025833884,0.019216597556024072,0.03785115769590497,0.057067755251929045,37206.55724361237,582.7640369946275,7964.5439250882655,19159.076596522333,6391.324102172428,25550.40069869476,2831.860753893111,859.7518659362305,8487.592723929645,8487.592723929643,848.1723702786121,9335.765094208255,497.9771984446689,497.9771984446689,0.0,8985.569922374312,0.03510954244291749,0.03673666235739953,0.032773012317655954,0.6722960388226492,4441.589860344198,-7.275957614183426e-12,rate_only_500bp,500.0,False
2029Q3,2029-09-30,2029,3,2029,36519.26990879109,25795.399999999983,0.017620997896754975,0.020285549943514614,0.02275805762511629,173.80475,326.62268538340226,63.67652868108068,190.52118947393177,55.54397050679934,9.800940105605696,7.080056615984836,5.268186894431433,15.976206467335123,0.0,347.86707874516884,521.6718287451688,-2.42575,37789.32128060699,38308.567359352164,1.0489959808898137,0.019037045421125567,0.038102303755139275,0.057139349176264835,37725.80332235754,582.7640369946275,8072.953815132291,19419.861571369598,6478.320011752342,25898.18158312194,2883.213491626174,871.454432477134,8560.998543074289,8560.998543074289,859.7518659362305,9420.75040901052,503.2698722778337,503.2698722778337,0.0,9064.268415352122,0.03529068228896329,0.03682173343755606,0.0327976487527179,0.689789686489633,4789.456939089368,7.275957614183426e-12,rate_only_500bp,500.0,False
2029Q4,2029-12-31,2029,4,2030,36865.49983791807,25910.199999999983,0.017920813193843088,0.020183196343088072,0.022686563355431177,192.2015,332.8929965122523,64.46253621383114,194.59778355322345,56.43534456629354,10.227440835698735,7.169891343205619,5.3789120614604125,16.215245526594412,0.0,354.4871541003071,546.6886541003071,-5.94,38308.567359352164,38849.31601345248,1.0538122684964644,0.020854349008696836,0.038462753051914274,0.05931710206061111,38266.55197645785,582.7640369946275,8185.9441057899085,19691.66491048529,6568.991564923981,26260.656475409272,2936.2999538706285,883.6514413880349,8639.477700918402,8639.477700918402,871.454432477134,9510.932133395536,524.5334085737127,524.5334085737127,0.0,9164.011109492114,0.03539385585438404,0.03701387742068795,0.03274895964436569,0.7061635191454839,5143.944093189674,1.4551915228366852e-11,rate_only_500bp,500.0,False
2030Q1,2030-03-31,2030,1,2030,37214.787548312044,26025.99999999998,0.017997333864965714,0.02008187040489151,0.022638322874940497,192.2015,338.64957264314876,65.303369103939,198.2377256742229,57.41799752379118,10.429074621589582,7.261405719606153,5.3789120614604125,16.478982834660115,0.0,360.50746753926927,552.7089675392692,-5.94,38849.31601345248,39396.08498099174,1.0586137279394099,0.020658615852688668,0.038748840586152515,0.059407456438841176,38813.32094399712,582.7640369946275,8300.174426538251,19966.451198996918,6660.658207617484,26627.1094066144,2990.054802512427,895.9823083320317,8772.896782438605,8772.896782438605,883.6514413880349,9656.54822382664,530.2899847046091,530.2899847046091,0.0,9303.186767143214,0.035543904166776275,0.037118539478474745,0.032712444914313785,0.7224979702786669,5504.451560728943,-7.275957614183426e-12,rate_only_500bp,500.0,False
2030Q2,2030-06-30,2030,2,2030,37564.73739844506,26141.29999999998,0.017838848225115722,0.01995316485744958,0.022612820884429397,192.2015,344.9504698781064,66.13163974344332,202.15810083666332,58.41212226380222,10.890352327020773,7.358254707176812,5.3789120614604125,16.761917727192944,0.0,367.09129966675977,559.2927996667597,-5.94,39396.08498099174,39949.43778065851,1.0634824185490557,0.020466161971142215,0.03908892488964451,0.05955508686078672,39366.67374366388,582.7640369946275,8415.762030156178,20244.502493854936,6753.41403191378,26997.916525768716,3044.535497296396,908.4596904425849,8941.648434817656,8941.648434817656,895.9823083320317,9837.630743149688,536.5908819395668,536.5908819395668,0.0,9478.239316757223,0.03570805231425164,0.03727185580433975,0.032743076232891376,0.7397128850110214,5871.5428603957025,1.4551915228366852e-11,rate_only_500bp,500.0,False
2030Q3,2030-09-30,2030,3,2030,37917.82965732295,26257.099999999977,0.017837173553037378,0.019938881222312688,0.022609552821165613,192.2015,351.48202524486857,67.01050516511857,206.54632208431295,59.343002443329155,11.12828379202657,7.453911760081408,5.3789120614604125,17.064884430108336,0.0,373.92582173643734,566.1273217364374,-5.94,39949.43778065851,40509.625102394944,1.068352948164359,0.020275580299504905,0.03944590975968185,0.059721490059186755,39926.86106540031,582.7640369946275,8532.75660295333,20525.9383177616,6847.29890968894,27373.23722745054,3099.7782837684467,921.0889512279912,9057.698282050664,9057.698282050664,908.4596904425849,9966.157972493249,543.122437306329,543.122437306329,0.0,9600.820719356992,0.03592729248282809,0.03743990829502719,0.0327086673499954,0.7565086919129799,6245.46868213214,0.0,rate_only_500bp,500.0,False
2030Q4,2030-12-31,2030,4,2031,38272.713722319015,26372.999999999978,0.01777342391157455,0.019839987430776862,0.02260563078501021,184.328,358.6769749279593,67.87807877649375,211.11631894805117,60.362592215967396,11.767055587377271,7.5529294000695275,5.499835599136797,17.371536194901743,0.0,381.54834672199786,565.8763467219978,-9.2495,40509.625102394944,41066.25194911694,1.0729903358059727,0.019264690906148917,0.03987680094913104,0.059141491855279955,40483.48791212231,582.7640369946275,8648.9181539226,20805.370269361567,6940.515310708085,27745.88558006965,3155.0558886630856,933.6282894669688,8891.112071650277,8891.112071650276,921.0889512279912,9812.201022878267,539.2553105270961,539.2553105270961,0.0,9430.367382177372,0.03606179736556742,0.03767483364830652,0.032525077829539915,0.7658806233639127,6627.017028854138,-7.275957614183426e-12,rate_only_500bp,500.0,False
2031Q1,2031-03-31,2031,1,2031,38631.20724469732,26489.69999999998,0.01781775002184327,0.01982598390139856,0.02258993228072148,184.328,365.04132770943073,68.75889932368467,215.25390008629537,61.37538841304041,11.999721983505005,7.653417902905477,5.499835599136797,17.66914202716621,0.0,388.2103053357338,572.5383053357338,-9.2495,41066.25194911694,41629.54075445267,1.0776142845022507,0.019085916609587875,0.04019654916572882,0.05928246577531669,41046.776717458044,582.7640369946275,8766.450656787158,21088.10010877771,7034.8318623414625,28122.931971119175,3211.0784711433207,946.3156184083858,9104.874220919326,9104.874220919324,933.6282894669688,10038.502510386294,545.6196633085675,545.6196633085675,0.0,9650.493884227892,0.03622517129563148,0.03781307393883864,0.032454475780835386,0.7773075497842334,7015.227334189872,-7.275957614183426e-12,rate_only_500bp,500.0,False
2031Q2,2031-06-30,2031,2,2031,38992.312000821,26606.499999999975,0.017754036595319045,0.019811706497828263,0.02259593162071094,184.328,371.79485952377104,69.67136659481594,219.39406673328338,62.354194502999576,12.624906777907418,7.750324914764679,5.499835599136797,17.987619271319204,0.0,395.28231439422706,579.6103143942271,-9.2495,41629.54075445267,42199.90156884689,1.08226210253853,0.018909163426484573,0.04054976933769962,0.059458932764184194,41617.13753185227,582.7640369946275,8885.437945009893,21374.329501259417,7130.315838602121,28504.645339861538,3267.8942593236407,959.1599876571943,9161.00759303633,9161.00759303633,946.3156184083858,10107.323211444715,552.3731951229078,552.3731951229078,0.0,9713.380788159237,0.036338203938366266,0.037980944034502515,0.032520945440814214,0.78704465017882,7410.509648584099,0.0,rate_only_500bp,500.0,False
2031Q3,2031-09-30,2031,3,2031,39355.30429460343,26722.899999999972,0.017614655473791707,0.019797160110517797,0.022579104221777335,184.328,378.12544461093876,70.55037728337855,223.47950868692098,63.3928214547749,12.866400086705209,7.836337099159278,5.499835599136797,18.292367255338057,0.0,401.9176474654136,586.2456474654136,-9.2495,42199.90156884689,42776.897716312305,1.0869410993775002,0.018734755408843413,0.04085016286056528,0.0595849182694087,42194.13367931768,582.7640369946275,9005.788911193536,21663.83928377372,7226.894128347787,28890.733412121506,3325.459793596554,972.151562406086,9341.205223320374,9341.205223320374,959.1599876571943,10300.365210977568,558.7037802100755,558.7037802100755,0.0,9899.909003530449,0.03650154149675535,0.038096548335280485,0.032340647732791855,0.7979939884752,7812.427296049512,-7.275957614183426e-12,rate_only_500bp,500.0,False
2031Q4,2031-12-31,2031,4,2032,39720.68513087373,26839.599999999966,0.017582923791722438,0.019727225080271582,0.0225727995952707,192.24275,385.09619523571445,71.32584817665281,227.8381677110595,64.44359324720774,13.563120488278805,7.925465612515615,5.6120176762582625,18.60944171624964,0.0,409.3176546282224,601.5604046282224,-11.316,42776.897716312305,43367.14212094054,1.0918024696213642,0.019359459623275763,0.04121959661869696,0.060579056241972726,42784.37808394591,582.7640369946275,9128.925396980225,21960.049761762588,7325.7077197935205,29285.75748155611,3384.2513786358486,985.4438267737236,9399.041676673247,9399.041676673245,972.151562406086,10371.193239079332,571.6349629119726,571.6349629119726,0.0,9970.676639585217,0.036604605568437136,0.03827464603372913,0.032374091811304344,0.8072108258136032,8221.744950677734,7.275957614183426e-12,rate_only_500bp,500.0,False
2032Q1,2032-03-31,2032,1,2032,40089.031498890115,26956.799999999967,0.017581469158450158,0.01968526656714742,0.02257678241908323,192.24275,391.5884365374138,72.14133294963622,232.0930607606108,65.51917919009456,13.81581449670112,8.01904914037115,5.6120176762582625,18.941756179157295,0.0,416.14221039282944,608.3849603928295,-11.316,43367.14212094054,43964.21108133337,1.096664335294569,0.01918158087758467,0.0415218023318274,0.06070338320941208,43381.44704433874,582.7640369946275,9253.460383262225,22259.624396991592,7425.643568835754,29685.26796582735,3443.8316396054165,998.8870556437441,9597.272267685054,9597.272267685054,985.4438267737236,10582.716094458778,578.127204213672,578.127204213672,0.0,10175.399471898725,0.03671816585815356,0.03838318044867322,0.0322148941492938,0.8177902119241499,8637.887161070563,0.0,rate_only_500bp,500.0,False
2032Q2,2032-06-30,2032,2,2032,40460.63202228239,27074.499999999967,0.017579698909776065,0.01967074272996472,0.02256916678199805,192.24275,398.2870860121586,72.98666877298058,236.15154562664335,66.60748058616448,14.427930916904021,8.113460109466311,5.6120176762582625,19.26878079452984,0.0,423.16788448294676,615.4106344829468,-11.316,43964.21108133337,44568.305715816314,1.101522726863776,0.019005412460599082,0.04183502464814694,0.060840437108746016,43985.54167882168,582.7640369946275,9379.438332640177,22562.67014629082,7526.737355469951,30089.407501760772,3504.2097957821316,1012.486048638602,9665.493152054001,9665.493152054001,998.8870556437441,10664.380207697744,584.8258536884168,584.8258536884168,0.0,10250.319005742418,0.03676995110376133,0.03850112389826263,0.03223726518601278,0.8267431035839452,9061.05504555351,-7.275957614183426e-12,rate_only_500bp,500.0,False
2032Q3,2032-09-30,2032,3,2032,40836.05204124299,27192.699999999968,0.017577617243731636,0.01971028327301072,0.022571739816290792,192.24275,404.40538258037236,73.83962827370978,240.0023681927564,67.70889739154406,14.643226867902882,8.211261854459064,5.6120176762582625,19.608822788375058,0.0,429.6262230450057,621.8689730450058,-11.316,44568.305715816314,45178.85868886132,1.1063473678413438,0.018830689098529065,0.042083032180593574,0.060913721279122646,44596.09465186669,582.7640369946275,9506.73423068693,22868.886281707993,7628.888759109159,30497.775040817152,3565.3580695875758,1026.2273107750289,9828.84732866728,9828.84732866728,1012.486048638602,10841.333377305882,590.9441502566306,590.9441502566306,0.0,10419.791478923911,0.03682916628612905,0.0385589010975161,0.03209665104529116,0.8363103412024749,9490.681268598517,0.0,rate_only_500bp,500.0,False
2032Q4,2032-12-31,2032,4,2033,41216.34791573707,27311.899999999965,0.017649746885700424,0.0197758101815233,0.02257356533731114,249.09275,410.68251003075045,74.72293105319928,243.81590223021706,68.82234769121143,15.008887838844982,8.312441217277733,5.6542680689403735,19.952595843997877,0.0,436.2893739436887,685.3821239436887,-14.7595,45178.85868886132,45849.481312805,1.1124100904461487,0.02417416996860048,0.04234139083216603,0.06651556080076651,45266.71727581038,582.7640369946275,9646.895742604913,23206.051242812937,7741.364458627433,30947.415701440368,3631.0484491947,1041.357382570394,10609.494410914582,10609.494410914582,1026.2273107750289,11635.72172168961,650.6700280996909,650.6700280996909,0.0,11260.164439014272,0.03690757200523714,0.038627746393359357,0.032909040536293004,0.8410872592609694,9926.970642542206,-7.275957614183426e-12,rate_only_500bp,500.0,False
2033Q1,2033-03-31,2033,1,2033,41600.43694465073,27431.899999999965,0.017690923464234398,0.019759214646802636,0.022564008293708637,249.09275,417.748424055428,75.72813157944856,248.2501446088852,70.04889519445821,15.294068054185129,8.427184618450916,5.6542680689403735,20.311683391433622,0.0,443.71437551580203,692.807125515802,-14.7595,45849.481312805,46527.528938320815,1.1184384673705607,0.02395097439302546,0.04266439567508993,0.06661537006811538,45944.76490132618,582.7640369946275,9788.579330460023,23546.877627564914,7855.06158158361,31401.939209148524,3697.5946032009565,1056.6517585166755,10865.897057496995,10865.897057496997,1041.357382570394,11907.25444006739,657.7359421243684,657.7359421243684,0.0,11523.632999621366,0.03700490038936854,0.03871052520647643,0.03282900936657372,0.8472219142165096,10370.685018058008,1.4551915228366852e-11,rate_only_500bp,500.0,False
2033Q2,2033-06-30,2033,2,2033,41988.19529528469,27552.599999999962,0.017716447921211298,0.01974238719039123,0.022564493843014066,249.09275,425.12191306230386,76.76693339913274,252.86479771461472,71.2893308059101,15.660463304435368,8.540387838211029,5.6542680689403735,20.68437660844986,0.0,451.4605577396941,700.5533077396941,-14.7595,46527.528938320815,47213.3227460605,1.1244427728800859,0.02372978864637922,0.04300833170511555,0.06673812035149478,46630.558709065874,582.7640369946275,9931.851249301168,23891.52481553027,7970.033295804365,31861.558111334634,3765.031757755461,1072.1175906746134,10979.171337482625,10979.171337482627,1056.6517585166755,12035.823095999302,665.1094311312443,665.1094311312443,0.0,11644.280768613871,0.0370857010812182,0.03881233910686918,0.03290176334016603,0.8516986907330069,10822.145575797702,-1.4551915228366852e-11,rate_only_500bp,500.0,False
2033Q3,2033-09-30,2033,3,2033,42379.52583009044,27674.099999999962,0.017756007302464516,0.019698696995388953,0.022564267205522626,249.09275,432.4151278982493,77.79122491015139,257.46615870158075,72.54395963734409,15.9537548104988,8.66002983867419,5.6542680689403735,21.06141085788498,0.0,459.13080682507467,708.2235568250746,-14.7595,47213.3227460605,47906.786802885574,1.1304229073953125,0.02351066890164575,0.04333515279673858,0.06684582169838432,47324.02276589095,582.7640369946275,10076.69420718515,24239.95121014461,8086.265724988133,32326.216935132743,3833.358611149281,1087.7530124237749,11197.965295432443,11197.965295432443,1072.1175906746134,12270.082886107057,672.4026459671896,672.4026459671896,0.0,11870.367941399632,0.037141509671601736,0.03889841088241431,0.03280694983444911,0.8576312975970518,11281.276382622777,0.0,rate_only_500bp,500.0,False
2033Q4,2033-12-31,2033,4,2034,42774.423913041785,27796.199999999968,0.017765412373738743,0.019681678339410258,0.022563340221916306,228.68725,439.5035194057765,78.87532390674176,261.80996209941856,73.81292718295788,16.227139406398464,8.778166810259863,5.687777001067564,21.44275444506103,0.0,466.6340508519051,695.3213008519051,-17.2085,47906.786802885574,48584.89960373749,1.135839951988789,0.021385419517505087,0.043636735054625,0.06502215457213009,48002.13556674286,582.7640369946275,10218.148189327898,24580.22526779895,8199.778595771528,32780.00386357048,3900.9609108157456,1103.0226030287372,11276.614803033754,11276.614803033754,1087.7530124237749,12364.367815457528,656.6700464068442,656.6700464068442,0.0,11933.284849440597,0.037185979214486325,0.038961832507940046,0.0328272673473917,0.8619454096179423,11747.91043347468,7.275957614183426e-12,rate_only_500bp,500.0,False
2034Q1,2034-03-31,2034,1,2034,43170.439807305294,27917.299999999963,0.01754105922100746,0.019664438509282567,0.022572136924965847,228.68725,446.33802407605197,79.90591884054416,265.9624336811459,75.0527715140895,16.52102274684572,8.895877293426738,5.687777001067564,21.82933963159045,0.0,473.85514070871,702.54239070871,-17.2085,48584.89960373749,49270.23349444619,1.1412956114037247,0.021189244401564014,0.04390551894525979,0.0650947633468238,48687.46945745157,582.7640369946275,10361.074399276487,24924.04083712865,8314.472888259399,33238.51372538805,3969.4302159789354,1118.4511168080908,11519.44785721845,11519.44785721845,1103.0226030287372,12622.470460247188,663.5045510771197,663.5045510771197,0.0,12182.95240829557,0.03722469625295677,0.03901254460324193,0.03274159867022558,0.8676749332432926,12221.765574183391,-7.275957614183426e-12,rate_only_500bp,500.0,False
2034Q2,2034-06-30,2034,2,2034,43571.60204462971,28039.99999999996,0.017696739357757174,0.019646981729401825,0.022559374014152977,228.68725,453.18180846025876,80.97179643034549,270.10725348274235,76.30609339525071,16.781949150447073,9.01471600147321,5.687777001067564,22.200031017248385,0.0,481.0696164785747,709.7568664785747,-17.2085,49270.23349444619,49962.78186092478,1.1466822314623337,0.020994155759134974,0.044163592239351,0.06515774799848598,49380.017823930146,582.7640369946275,10505.47483598381,25271.402726706812,8430.350206555628,33701.75293326244,4038.751285140276,1134.038769543618,11642.111018412828,11642.111018412828,1118.4511168080908,12760.56213522092,670.3483354613264,670.3483354613264,0.0,12312.459353874154,0.03725891626155001,0.039055598673613065,0.03283045302211096,0.8721405665313514,12702.835190661966,1.4551915228366852e-11,rate_only_500bp,500.0,False
2034Q3,2034-09-30,2034,3,2034,43977.58425017203,28163.69999999996,0.01776333439337474,0.01968155262857385,0.022566712808094413,228.68725,460.0536930454889,82.04775846903357,274.2123504525082,77.57292217752422,17.083144560825186,9.137517385597702,5.687777001067564,22.5950133539232,0.0,488.33648340047966,717.0237334004796,-17.2085,49962.78186092478,50662.59709432525,1.1520095511869108,0.02080034671291481,0.04441685387924139,0.0652172005921562,50079.83305733062,582.7640369946275,10651.355552543588,25622.32549752866,8547.4154080989,34169.740905627565,4108.95038450838,1149.7862146510906,11877.142505721233,11877.142505721231,1134.038769543618,13011.18127526485,677.2202200465565,677.2202200465565,0.0,12554.362725767787,0.03730378441901439,0.03909602029445051,0.03274315722955823,0.8778025206375938,13191.171674062447,-7.275957614183426e-12,rate_only_500bp,500.0,False
2034Q4,2034-12-31,2034,4,2035,44387.20338625174,28287.799999999956,0.0177423648279893,0.01968916041410429,0.02257322550837304,189.9905,467.13274474597466,83.16045847648407,278.48934364112586,78.85332281940374,17.37096631548301,9.258653493477908,5.709630652454863,22.9943250622723,0.0,495.8367004607018,685.8272004607018,-17.416,50662.59709432525,51331.00829478595,1.1564370894942424,0.017121195795709594,0.04468285114932739,0.06180404694503698,50748.244257791324,582.7640369946275,10790.385477338838,25956.768373783052,8658.983040549021,34615.75141433207,4177.313231569828,1164.79413455058,11763.68304699446,11763.68304699446,1149.7862146510906,12913.46926164555,645.4168753984295,645.4168753984295,0.0,12409.099922392888,0.037325509499468765,0.03914814706696044,0.032611553476163936,0.8820822666344748,13687.00837452315,0.0,rate_only_500bp,500.0,False
2035Q1,2035-03-31,2035,1,2035,44800.92530649948,28412.399999999954,0.017735654711652504,0.019722056747187633,0.02256874260208286,189.9905,473.64640832577754,84.19198268693629,282.3359255892643,80.07415163748921,17.667755628955234,9.376592783132173,5.709630652454863,23.372290273265083,0.0,502.7283292514975,692.7188292514975,-17.416,51331.00829478595,52006.31112403744,1.160831183022299,0.0169630871416343,0.04488553089581517,0.06184861803744947,51423.54708704282,582.7640369946275,10930.818517224754,26294.586507898865,8771.676633679559,35066.26314157843,4246.511911153587,1179.953517086056,12038.743622223179,12038.74362222318,1164.79413455058,13203.537756773761,651.9305389782323,651.9305389782323,0.0,12690.674161201414,0.037341936312490144,0.03917541041581785,0.032555639893990955,0.8876945530937553,14189.736703774646,-7.275957614183426e-12,rate_only_500bp,500.0,False
2035Q2,2035-06-30,2035,2,2035,45218.33639157957,28537.399999999954,0.017714424126451522,0.01972826196496369,0.022573755489187608,189.9905,480.160351472469,85.26038443435307,286.1999752998175,81.30786474828577,17.896451061262617,9.495675928750034,5.709630652454863,23.764694049647908,0.0,509.6346761745718,699.6251761745718,-17.416,52006.31112403744,52688.520300212025,1.1652025373941783,0.016806500650950927,0.045082125247710304,0.06188862589866124,52105.756263217394,582.7640369946275,11072.65473242313,26635.780044742405,8885.496235816821,35521.27628055923,4316.5608814767365,1195.2643687583052,12114.239973764365,12114.239973764365,1179.953517086056,13294.19349085042,658.4444821249238,658.4444821249238,0.0,12772.684455889288,0.03736516278847409,0.03919791003511629,0.032634062681467964,0.8917936142489139,14699.371379949218,7.275957614183426e-12,rate_only_500bp,500.0,False
2035Q3,2035-09-30,2035,3,2035,45639.620134528195,28662.899999999958,0.017707331988727093,0.01973390522034224,0.022567910616891007,189.9905,486.83328894602835,86.33902527606936,290.12368225361274,82.55447394069414,18.20020562899155,9.615901846660563,5.709630652454863,24.15050537362299,0.0,516.6934249721062,706.6839249721062,-17.416,52688.520300212025,53377.78822518412,1.1695493535626886,0.016651365584549604,0.04528463851794481,0.06193600410249441,52795.0241881895,582.7640369946275,11215.928372068365,26980.431372181116,9000.469330934808,35980.90070311593,4387.464726332632,1210.7303866725824,12256.763826173914,12256.763826173912,1195.2643687583052,13452.028194932218,665.1174195984831,665.1174195984831,0.0,12921.881245772394,0.0373890022345888,0.039226261965836756,0.032503730292093996,0.8959750021485873,15216.064804921323,-1.4551915228366852e-11,rate_only_500bp,500.0,False
2035Q4,2035-12-31,2035,4,2036,46065.09112612179,28788.899999999954,0.01769999094559438,0.019764486694536787,0.022571471840996393,242.76275,493.5881922398168,87.4281616602729,294.11683561602854,83.81400419771168,18.491891630989606,9.737299134814242,5.7387688543045945,24.55104300793973,0.0,523.8780041020611,766.6407541020611,-16.55475,53377.78822518412,54127.874229286186,1.1750302214987325,0.021079975666201456,0.04549023925017177,0.06657021491637322,53545.110192291555,582.7640369946275,11372.21661757631,27356.389932393293,9125.886283844651,36482.276216237944,4463.016060932345,1227.6012975449667,12145.498565468668,12145.498565468668,1210.7303866725824,13356.22895214125,725.5349610941214,725.5349610941214,0.0,12871.03352656279,0.03740781557768157,0.039258127511165086,0.0322019722593386,0.8973788772048817,15739.942809023385,7.275957614183426e-12,rate_only_500bp,500.0,False
2036Q1,2036-03-31,2036,1,2036,46494.040876359606,28915.29999999995,0.017678326506116004,0.019743412449576114,0.022574269177581208,242.76275,500.85306973806405,88.61799799246339,298.35682845369416,85.18857400160356,18.81975485804156,9.869914432261535,5.7387688543045945,24.976876769482605,0.0,531.5687153618512,774.3314653618512,-16.55475,54127.874229286186,54885.650944648034,1.180487862747917,0.020885493747086658,0.045732201834246936,0.0666176955813336,54302.88690765341,582.7640369946275,11530.069797951513,27736.113015379447,9252.559053287056,36988.67206866651,4539.503901956749,1244.6411390786486,12406.600223974126,12406.600223974128,1227.6012975449667,13634.201521519095,732.7998385923686,732.7998385923686,0.0,13139.400062566498,0.03742381264418497,0.03928243796237932,0.032151104680632765,0.8992432220637132,16271.511524385236,0.0,rate_only_500bp,500.0,False
2036Q2,2036-06-30,2036,2,2036,46926.90943172654,29041.99999999995,0.017642589134278408,0.019772661061247865,0.022576315037704076,242.76275,508.16186030928066,89.8192437260423,302.63218019222234,86.55181241448275,19.151709218341033,10.006914758192334,5.7387688543045945,25.407217489929266,0.0,539.3078466535145,782.0705966535145,-16.55475,54885.650944648034,55651.166791301555,1.1859116115939372,0.020692839391282986,0.04597002898204049,0.06666286837332347,55068.402754306924,582.7640369946275,11689.497372554995,28119.623376067433,9380.495230135102,37500.11860620254,4616.93584316228,1261.8509323871224,12484.761538909113,12484.761538909113,1244.6411390786486,13729.402677987762,740.1086291635852,740.1086291635852,0.0,13224.870168072699,0.03744315759312348,0.03930410497981736,0.03217310398203478,0.9005913849909178,16810.81937103875,7.275957614183426e-12,rate_only_500bp,500.0,False
2036Q3,2036-09-30,2036,3,2036,47363.26883080593,29168.899999999947,0.01759302613883751,0.01977588746711989,0.022577621701592054,242.76275,515.5890366730866,91.06118453220341,306.942984835521,87.9549524340637,19.48778800223724,10.142126869061498,5.7387688543045945,25.84208063552641,0.0,547.1698861629176,789.9326361629176,-16.55475,55651.166791301555,56424.544677464466,1.1913144103087099,0.020502195561477185,0.04621048332770718,0.06671267888918436,55841.78064046984,582.7640369946275,11850.524842994271,28506.9823597466,9509.715278716729,38016.69763846333,4695.32472870945,1279.2334303027988,12639.727343275317,12639.727343275319,1261.8509323871224,13901.578275662441,747.5358055273912,747.5358055273912,0.0,13387.263148802711,0.037459537919662625,0.03932854728562075,0.03215061170646742,0.9019160983544977,17357.98925720167,-7.275957614183426e-12,rate_only_500bp,500.0,False
2036Q4,2036-12-31,2036,4,2037,47803.10567352211,29295.799999999945,0.017515988152144724,0.01980359078796723,0.022578201318361746,245.031015,523.0621921751867,92.28596221481789,311.29352424906267,89.37281941712558,19.828047598121866,10.281838696058744,5.894658234200658,26.2815108209958,0.0,555.2383612303831,800.2693762303832,0.0,56424.544677464466,57224.81405369485,1.197094064233391,0.02050335529858441,0.0464604425513656,0.06696379784995,56642.050016700225,582.7640369946275,12017.250379344518,28908.048302953794,9643.507866082131,38551.556169035925,4776.012448660387,1297.2310196593987,12785.776388950979,12785.776388950979,1279.2334303027988,14065.009819253777,773.9878654093874,773.9878654093874,0.0,13559.764254360367,0.0374779852606088,0.03936147748496701,0.03215450796767611,0.9032502861340167,17913.22761843205,0.0,rate_only_500bp,500.0,False
2037Q1,2037-03-31,2037,1,2037,48236.208408672086,29422.887487607255,0.01746555549210771,0.01893970235169573,0.022578065905819455,245.031015,530.8197956664242,93.58433732914543,315.7893794379551,90.84119306346088,20.17839151535063,10.426494320512418,5.894658234200658,26.732991551236026,0.0,563.4474454518609,808.4784604518609,0.0,57224.81405369485,58033.29251414671,1.2031064303908527,0.020319259998548923,0.04672402446545215,0.06704328446400108,57450.52847715208,582.7640369946275,12185.646989183992,29313.13409027003,9778.641443260469,39091.7755335305,4857.696957371259,1315.4089970663374,13029.333488071607,13029.333488071608,1297.2310196593987,14326.564507731007,781.7454689006248,781.7454689006248,0.0,13811.078956972233,0.037494475888296366,0.03938483364389233,0.03212554307701691,0.9048488857205695,18476.67506388391,0.0,rate_only_500bp,500.0,False
2037Q2,2037-06-30,2037,2,2037,48673.235114379044,29550.526290744652,0.01746555549210771,0.01893970235169662,0.022399155671420257,245.031015,538.6327566146374,94.89572592827032,320.3258581507994,92.3063753932012,20.532197328445882,10.572599813920684,5.894658234200658,26.9765290085275,0.0,571.5039438573655,816.5349588573655,0.0,58033.29251414671,58849.82747300407,1.2090798430535936,0.02013681765135952,0.04696658790108092,0.06710340555244045,58267.06343600945,582.7640369946275,12355.72659712045,29722.268406887542,9915.125579416484,39637.39398630403,4940.174202830873,1333.768649754103,13194.493904345842,13194.493904345842,1315.4089970663374,14509.902901412179,789.558429848838,789.558429848838,0.0,13984.05233419468,0.03750984889515558,0.0393914540497974,0.03219443125980197,0.9064988071249078,19048.179007741277,-7.275957614183426e-12,rate_only_500bp,500.0,False
2037Q3,2037-09-30,2037,3,2037,49114.22134235779,29678.718801062332,0.017465555492108598,0.01893970235169573,0.022399155671420257,245.031015,546.5125573413764,96.22022087507553,324.9058250030087,93.77596189888756,20.8903840420058,10.720165522398602,5.894658234200658,27.43455465817378,0.0,579.8417702337507,824.8727852337507,0.0,58849.82747300407,59674.70025823783,1.2150187588695889,0.019956013415501454,0.04722394079644506,0.06717995421194652,59091.9362212432,582.7640369946275,12527.50360118056,30135.485887921437,10052.971828564541,40188.45771648598,5023.6633716243205,1352.3115319523426,13368.943991055081,13368.94399105508,1333.768649754103,14702.712640809183,797.438230575577,797.438230575577,0.0,14166.382221630656,0.03752653627648407,0.03941162073922742,0.03217814899592236,0.9077541108828764,19628.020777975027,7.275957614183426e-12,rate_only_500bp,500.0,False
2037Q4,2037-12-31,2037,4,2038,49559.202966426594,29807.46742058563,0.01746555549210682,0.01893970235169573,0.022399155671420257,254.402365,554.4962957390519,97.55793429419363,329.52733636914587,95.28882448328747,21.25299665435799,10.869203938066951,5.91068424521801,27.898199880100705,0.0,588.3051798643706,842.7075448643707,0.0,59674.70025823783,60517.40780310219,1.2211134195216806,0.02053320875013607,0.047483021893060896,0.06801623064319696,59934.64376610757,582.7640369946275,12703.022535180695,30557.704753468253,10193.820872001796,40751.52562547005,5108.8372596714435,1371.2583457853868,13317.26300943905,13317.26300943905,1352.3115319523426,14669.574541391392,814.80934498427,814.80934498427,0.0,14132.072354423319,0.03754115323037629,0.03943414393828699,0.031993965421201156,0.9090016643764257,20216.3259578394,-1.4551915228366852e-11,rate_only_500bp,500.0,False
2038Q1,2038-03-31,2038,1,2038,50028.44495100026,29936.599810103187,0.017441798459170377,0.020613213981166334,0.022399155671420257,254.402365,562.6233284180754,98.92478799271967,334.21941388579546,96.83464273501133,21.622994850298944,11.021488954250048,5.91068424521801,28.371200950738853,0.0,596.9052136140323,851.3075786140323,0.0,60517.40780310219,61368.71538171623,1.2266764526025755,0.020340617442670565,0.047725266231933745,0.06806588367460431,60785.9513447216,582.7640369946275,12880.292121798142,30984.13489437552,10336.074765280144,41320.209659655666,5195.055425238491,1390.3941380293106,13583.823505142213,13583.82350514221,1371.2583457853868,14955.081850927598,822.9363776632935,822.9363776632935,0.0,14406.759882805503,0.03755491656303802,0.03945345547886697,0.03197940384851099,0.9105969406444481,20813.23117145343,7.275957614183426e-12,rate_only_500bp,500.0,False
2038Q2,2038-06-30,2038,2,2038,50502.12986497769,30066.291629034426,0.017441798459170377,0.020613213981166334,0.022624692238107036,254.402365,570.8255314511675,100.30527489850301,338.95708200031777,98.38910763525053,21.998774032685525,11.175292884410585,5.91068424521801,29.138069836340414,0.0,605.8742855327259,860.276650532726,0.0,61368.71538171623,62228.99203224896,1.2322052990363808,0.020149832546086214,0.04798801849764271,0.06813785104372894,61646.22799525433,582.7640369946275,13059.328553557563,31414.8152625058,10479.746502448479,41894.56176495428,5282.617020117326,1409.7206566251662,13793.824484063458,13793.824484063458,1390.3941380293106,15184.218622092769,831.1385806963856,831.1385806963856,0.0,14624.963064759844,0.037568214068473826,0.039490758883522985,0.03198996464150208,0.9122083485308821,21419.105456986155,7.275957614183426e-12,rate_only_500bp,500.0,False
2038Q3,2038-09-30,2038,3,2038,50980.29977539962,30196.54530094844,0.01744179845916949,0.020613213981166334,0.022624692238107036,254.402365,579.1094929934401,101.69952111082952,343.73939195420206,99.96075266251194,22.379197488271707,11.33062977762477,5.91068424521801,29.629186033901263,0.0,614.6493632725594,869.0517282725594,0.0,62228.99203224896,63098.04376052151,1.2376946396648942,0.01996083711714548,0.04822642204776964,0.06818725916491512,62515.27972352689,582.7640369946275,13240.149442145012,31849.78822357962,10624.850216393077,42474.638439972696,5371.252038700384,1429.2398027087986,13909.099919552551,13909.099919552551,1409.7206566251662,15318.820576177717,839.4225422386581,839.4225422386581,0.0,14748.52246179121,0.03758141334796657,0.03950887476718436,0.03200080253225988,0.913380076829302,22033.754820258713,-7.275957614183426e-12,rate_only_500bp,500.0,False
2038Q4,2038-12-31,2038,4,2039,51462.997147610695,30327.36325991377,0.017441798459170377,0.020613213981167222,0.022624692238107036,260.45804,587.480110508128,103.10766378070427,348.56734933969994,101.5532659230539,22.764316550397478,11.487514914271967,5.922339525957902,30.1263228592124,0.0,623.5287728932983,883.9868128932983,0.0,63098.04376052151,63982.03057341481,1.243262812499939,0.020244296246713447,0.048464240907294086,0.06870853715400753,63399.26653642019,582.7640369946275,13424.080424181686,32292.242657437884,10772.449693486074,43064.69235092396,5461.3990859982405,1449.0946753163046,14088.980524537315,14088.980524537317,1429.2398027087986,15518.220327246116,853.8604900340858,853.8604900340858,0.0,14942.841014571402,0.03759427696823542,0.03952761358243064,0.03200936286274808,0.9145395418098117,22657.283593152013,0.0,rate_only_500bp,500.0,False
2039Q1,2039-03-31,2039,1,2039,51938.92936982024,30457.141414438727,0.017227156981449054,0.019937887724799763,0.022624692238107036,260.45804,595.9915499459554,104.54002630331489,353.47519427815416,103.17317018414954,23.156060727481997,11.647098452854799,5.922339525957902,30.631940363684727,0.0,632.545829835598,893.003869835598,0.0,63982.03057341481,64875.034443250406,1.2490637606586257,0.020058791596989856,0.04871458364739776,0.06877337524438762,64292.27040625578,582.7640369946275,13609.844864298007,32739.107559003383,10921.520469491474,43660.62802849486,5552.65004849327,1469.1474649696477,14339.85359978557,14339.85359978557,1449.0946753163046,15788.948275101875,862.3719294719133,862.3719294719133,0.0,15202.225529257485,0.037609898882394556,0.039545217566035004,0.03199469293582077,0.9160809221625061,23289.829422987612,-7.275957614183426e-12,rate_only_500bp,500.0,False
2039Q2,2039-06-30,2039,2,2039,52419.26303564348,30587.47492121266,0.017227156981449054,0.019937887724799763,0.022796693476643037,260.45804,604.6388029331401,105.98666688072073,358.42885557415684,104.86138307083421,23.553624657734336,11.808272749693542,5.922339525957902,31.378527457680832,0.0,641.9396699167788,902.3977099167788,0.0,64875.034443250406,65777.43215316719,1.2548332109980365,0.019874986782847104,0.04898502060055897,0.06886000738340607,65194.668116172565,582.7640369946275,13797.472018232824,33190.453304301,11072.08602132278,44262.53932562378,5645.255442565971,1489.401329749981,14560.60596397815,14560.605963978149,1469.1474649696477,16029.753428947797,871.019182459098,871.019182459098,0.0,15431.625146437247,0.03762151484812605,0.03958007424124404,0.03197774466938422,0.917788373732594,23931.76909290439,0.0,rate_only_500bp,500.0,False
2039Q3,2039-09-30,2039,3,2039,52904.03884983833,30718.366156722746,0.017227156981449054,0.019937887724799763,0.02279669347664215,260.45804,613.3151610440073,107.44781334198811,363.4288667275785,106.51130818120174,23.956109605373282,11.971063187865472,5.922339525957902,31.90184891234748,0.0,651.1393494823127,911.5973894823127,0.0,65777.43215316719,66689.02954264951,1.2605659415141857,0.019692866228174254,0.04923173078187791,0.06892459701005217,66106.26550565488,582.7640369946275,13986.968155551294,33646.294975058,11224.151380130968,44870.44635518897,5738.994048474002,1509.8569464406073,14695.180674147387,14695.180674147387,1489.401329749981,16184.582003897367,879.6955405699651,879.6955405699651,0.0,15574.876214717351,0.037633334687553324,0.03959651984991392,0.0320060166216549,0.9195001863716568,24582.908442386703,1.4551915228366852e-11,rate_only_500bp,500.0,False
2039Q4,2039-12-31,2039,4,2040,53393.29789360222,30849.817507625736,0.017227156981449054,0.019937887724799763,0.022796693476643037,264.33496,622.0867106433074,108.92351451135572,368.4744141563786,108.18975438766267,24.36355238089414,12.13547520701638,5.935451716790281,32.431574249555645,0.0,660.4537366096532,924.7886966096532,0.0,66689.02954264951,67613.81823925916,1.2663353062400158,0.01980285694483566,0.04947839992395684,0.0692812568687925,67031.05420226452,582.7640369946275,14179.191737458172,34108.69763917173,11378.405437061632,45487.10307623337,5834.15240487025,1530.6069837027285,15639.867782254432,15639.867782254432,1509.8569464406073,17149.72472869504,892.3571223600976,892.3571223600976,0.0,16532.22490461453,0.03764635886169259,0.03961393597351867,0.03254443299592784,0.9212273440583779,25243.362178996354,-1.4551915228366852e-11,rate_only_500bp,500.0,False
2040Q1,2040-03-31,2040,1,2040,53889.0305474941,30984.73913358242,0.017609093307503265,0.01970258122673907,0.022796693476643926,264.33496,631.0080118081868,110.42045565545551,373.6416078519057,109.8664811523463,24.7772135169685,12.302253631510682,5.935451716790281,32.96932272513714,0.0,669.9127862501141,934.2477462501141,0.0,67613.81823925916,68548.06598550928,1.2720226229546978,0.01962068772174577,0.04972535445110291,0.06934604217284868,67965.30194851465,582.7640369946275,14373.337066188391,34575.72315362492,11534.201642156188,46109.9247957811,5930.47561799349,1551.5644685516504,15928.193171611974,15928.193171611974,1530.6069837027285,17458.800155314704,901.278423524977,901.278423524977,0.0,16829.47159513695,0.03765640369634969,0.039631708647457346,0.03253288317402353,0.9233845077754348,25913.27496524647,1.4551915228366852e-11,rate_only_500bp,500.0,False
2040Q2,2040-06-30,2040,2,2040,54389.36585516145,31120.25083904756,0.017609093307503265,0.01970258122673907,0.022246337554163054,264.33496,639.9702934339899,111.9323624029421,378.85626728393146,111.53897283782797,25.17199149330421,12.470699415983892,5.935451716790281,32.71120231872166,0.0,678.6169474695018,942.9519074695019,0.0,68548.06598550928,69491.01789297878,1.2776581745415627,0.019440194298563612,0.04990806101888775,0.06934825531745135,68908.25385598415,582.7640369946275,14569.412969385943,35047.39275372101,11691.547079352436,46738.93983307345,6027.17069961609,1572.7303539086524,16198.787201741912,16198.787201741912,1551.5644685516504,17750.351670293563,910.2407051507802,910.2407051507802,0.0,17109.027906892694,0.037698209248865494,0.0395994803186983,0.03261220738090717,0.925889632904505,26591.89191271597,0.0,rate_only_500bp,500.0,False
2040Q3,2040-09-30,2040,3,2040,54894.34655016561,31256.35520473291,0.017609093307503265,0.01970258122673907,0.022246337554163054,264.33496,649.569830420913,113.45930349909302,384.12107815916096,113.75632036615463,25.592308176963694,12.640820219540796,5.935451716790281,33.24455117333714,0.0,688.7498333110404,953.0847933110405,0.0,69491.01789297878,70444.10268628981,1.2832669867363107,0.01926136125937381,0.05018730536716536,0.06944866662653917,69861.33864929518,582.7640369946275,14767.556718895286,35524.0366531932,11850.551905472454,47374.58855866565,6125.073913820807,1594.119457913421,16432.522776117185,16432.522776117185,1572.7303539086524,18005.253130025838,919.8402421377033,919.8402421377033,0.0,17352.363018254888,0.03774776161169658,0.03964540190628753,0.03261956539905772,0.9285642826391781,27280.641746027013,0.0,rate_only_500bp,500.0,False
2040Q4,2040-12-31,2040,4,2041,55404.01576282974,31393.054822636957,0.017609093307502377,0.01970258122673907,0.022246337554162166,273.20975999999996,659.420011171782,115.00234794839706,389.43448978604226,116.15252659675525,26.01791169760805,12.812735142979122,5.957305368177581,33.78456382220109,0.0,699.1618803621607,972.3716403621606,0.0,70444.10268628981,71416.47432665198,1.2890125985157364,0.01972490666882634,0.05047734325649547,0.07020224992532181,70833.71028965735,582.7640369946275,14969.738743628664,36010.39480938404,12012.797334697094,48023.19214408113,6224.834918689518,1615.944483258028,16546.19572335825,16546.19572335825,1594.119457913421,18140.31518127167,938.5870765399595,938.5870765399595,0.0,17484.78279989821,0.03779345326450381,0.039700236283837856,0.03267115594191694,0.9313110493067798,27979.803626389174,0.0,rate_only_500bp,500.0,False
2041Q1,2041-03-31,2041,1,2041,55931.13799773581,31527.09931704546,0.017189212325988024,0.02105209487726678,0.022246337554163942,273.20975999999996,669.4077310514265,116.57684046600822,394.8465154960523,118.54456147245848,26.451659832720942,12.988153784186398,5.957305368177581,34.334823636758706,0.0,709.6998600563628,982.9096200563628,0.0,71416.47432665198,72399.38394670835,1.2944378844864413,0.01953900955929486,0.050755259804303836,0.0702942693635987,71816.61990971371,582.7640369946275,15174.072233557132,36501.92841401927,12176.76925466442,48678.697668683686,6325.8482537808495,1638.001753692043,16915.044642658188,16915.044642658188,1615.944483258028,18530.989125916214,948.574796419604,948.574796419604,0.0,17863.619439077793,0.03782996206848603,0.03974992418753494,0.03257060131237756,0.9347139891577683,28689.503486445537,0.0,rate_only_500bp,500.0,False
2041Q2,2041-06-30,2041,2,2041,56463.275353778976,31661.71616500741,0.017189212325988024,0.02105209487726678,0.0228385780169158,273.20975999999996,679.3564458371578,118.16808751882616,400.3098367754175,120.8112855280839,26.901796919530693,13.165439095299792,5.957305368177581,35.81306784342908,0.0,721.1268190487644,994.3365790487644,0.0,72399.38394670835,73393.7205257571,1.299848796689493,0.019354864434495796,0.051086431988257006,0.0704412964227528,72810.95648876247,582.7640369946275,15380.548786552576,36998.61725539342,12342.460922901235,49341.07817829466,6429.039161687733,1660.2903622275212,17026.882478672553,17026.882478672553,1638.001753692043,18664.884232364595,958.5235112053354,958.5235112053354,0.0,17985.405989877887,0.03786389735758897,0.039841599734029266,0.032685923687598005,0.9372129877331644,29410.630305494302,0.0,rate_only_500bp,500.0,False
2041Q3,2041-09-30,2041,3,2041,57000.47554558473,31796.90781040229,0.017189212325988024,0.02105209487726767,0.0228385780169158,273.20975999999996,689.3806160545129,119.77602367527818,405.824390006967,123.0850733111375,27.35054527472678,13.344583786403698,5.957305368177581,36.397271390121055,0.0,731.7351928128115,1004.9449528128115,0.0,73393.7205257571,74398.66547856992,1.3052288558377274,0.01917245478287332,0.05134940968888053,0.07052186447175385,73815.90144157529,582.7640369946275,15589.184656548512,37500.50043309088,12509.885382735318,50010.385815826194,6533.518905766146,1682.8120634344423,17341.683495579953,17341.68349557995,1660.2903622275212,19001.973857807472,968.5476814226904,968.5476814226904,0.0,18310.23117700264,0.03790387583224299,0.03987998905470466,0.032620425280261926,0.9396707602282782,30142.365498307114,0.0,rate_only_500bp,500.0,False
2041Q4,2041-12-31,2041,4,2042,57542.78674174274,31932.67670754465,0.017189212325988024,0.02105209487726678,0.02283857801691669,290.3126875,699.633718966887,121.40077551287155,411.3894139971514,125.5129931090237,27.80493438798608,13.525601959854326,5.987900480119798,36.988771535689345,0.0,742.6103909826962,1032.9230784826962,0.0,74398.66547856992,75431.58855705262,1.3108782669076569,0.020180648448810776,0.05162144088124193,0.0718020893300527,74848.82452005798,582.7640369946275,15803.719908218798,38016.574844641014,12682.043931631857,50698.61877627287,6640.515247969347,1705.9705875969646,17262.454822253916,17262.454822253916,1682.8120634344423,18945.266885688357,995.9343069470069,995.9343069470069,0.0,18258.38912920092,0.03794035415411058,0.03992600599518015,0.032548042672402626,0.9419960649373043,30884.97588928981,0.0,rate_only_500bp,500.0,False
2042Q1,2042-03-31,2042,1,2042,58055.26898098634,32068.229387565312,0.017088232020256333,0.018695469559396827,0.0228385780169158,290.3126875,710.1068760267274,123.07146878525388,417.0959263329436,127.95737635180444,28.270365958915086,13.711738597810601,5.987900480119798,37.59451911428834,0.0,753.6892956211356,1044.0019831211355,0.0,75431.58855705262,76475.59054017375,1.3172894016772234,0.02000250399977168,0.05192908818443171,0.07193159218420338,75892.82650317912,582.7640369946275,16020.511193615348,38538.076249045036,12856.012884597427,51394.08913364246,6748.8535311706,1729.3726447507056,17670.071251970705,17670.071251970705,1705.9705875969646,19376.041839567668,1006.4074640068472,1006.4074640068472,0.0,18676.47871597755,0.0379734431361634,0.03996677307417877,0.03245907259678228,0.9447732379170646,31638.665184910944,0.0,rate_only_500bp,500.0,False
2042Q2,2042-06-30,2042,2,2042,58572.31544209702,32204.357482206833,0.017088232020256333,0.01869546955939594,0.02271549749328483,290.3126875,720.6396857345821,124.75973092027954,422.85712360508325,130.24542743871098,28.877571138324562,13.899832632183795,5.987900480119798,38.00367903939272,0.0,764.6312652540947,1054.9439527540947,0.0,76475.59054017375,77530.53449292784,1.323672009681304,0.019825932118869034,0.052217929886004814,0.07204386200487384,76947.7704559332,582.7640369946275,16239.571362577519,39065.0355571823,13031.802553269306,52096.83811045161,6858.3413609015815,1753.0196220025066,17772.21758703483,17772.21758703483,1729.3726447507056,19501.590231785536,1016.940273714702,1016.940273714702,0.0,18789.157860749532,0.03799368567868956,0.03999348078796058,0.03254242469786246,0.9466807971400882,32403.29645016504,-1.4551915228366852e-11,rate_only_500bp,500.0,False
2042Q3,2042-09-30,2042,3,2042,59093.966774525,32341.063434076666,0.017088232020256333,0.018695469559397715,0.02271549749328483,290.3126875,731.0467255814631,126.46566198607243,428.671680311233,132.46479928791945,29.354688784392916,14.089895211845146,5.987900480119798,38.62021936296003,0.0,775.6548454245429,1065.9675329245429,0.0,77530.53449292784,78596.50202585239,1.3300258269298448,0.019650918924275146,0.052503149662237424,0.07215406858651256,78013.73798885776,582.7640369946275,16460.873322887892,39597.38759747819,13209.391196899523,52806.778794377715,6969.177276774402,1776.908594817743,17999.049471008893,17999.049471008893,1753.0196220025066,19752.0690930114,1027.347313561583,1027.347313561583,0.0,19026.396784570476,0.038009409907224595,0.04001803163089487,0.03244238991724073,0.9484315164266081,33178.951295589584,1.4551915228366852e-11,rate_only_500bp,500.0,False
2042Q4,2042-12-31,2042,4,2043,59620.26398974879,32478.34969615101,0.017088232020256333,0.018695469559396827,0.022715497493283943,300.12464,741.4811156246462,128.18905100198947,434.5409471995532,134.63150291431464,29.837711677941574,14.28190283084761,6.009754131507097,39.24435093633062,0.0,786.735220692484,1086.8598606924838,0.0,78596.50202585239,79683.36188654487,1.3365147443870051,0.020135747138027026,0.0527830752864668,0.07291882242449382,79100.59784955023,582.7640369946275,16686.541276558648,40140.24223553714,13390.483428287753,53530.725663824895,7082.062043870769,1801.2688652959164,17879.91238735448,17879.91238735448,1776.908594817743,19656.820982172223,1047.6155097561534,1047.6155097561534,0.0,18927.527897110635,0.038023430847638116,0.04003919769527182,0.03233110745647102,0.9501487802870391,33965.68651628207,0.0,rate_only_500bp,500.0,False
2043Q1,2043-03-31,2043,1,2043,60187.929052490006,32615.668008118973,0.01701953976476145,0.021251542965382564,0.02271549749328572,300.12464,752.0888623710354,129.94644019120048,440.51480640610896,136.8201944840343,30.329722784876054,14.477698504815928,6.009754131507097,39.880019859559404,0.0,797.9786363621018,1098.103276362102,0.0,79683.36188654487,80781.46516290697,1.3421539241274991,0.01994583596576388,0.05303247005998051,0.0729783060257444,80198.70112591234,582.7640369946275,16914.49425606094,40688.593608292176,13573.409329099946,54262.00293739212,7196.328134071363,1825.8757983879013,18258.327085692432,18258.327085692432,1801.2688652959164,20059.595950988347,1058.2232565025424,1058.2232565025424,0.0,19316.550342194972,0.03803981278629256,0.04005747837287706,0.032232474133049104,0.9524653633934099,34763.66515264417,0.0,rate_only_500bp,500.0,False
2043Q2,2043-06-30,2043,2,2043,60760.99904976006,32753.56690127342,0.01701953976476145,0.021251542965382564,0.02231557677676199,300.12464,762.8559458489035,131.7216240190746,446.5465090607338,139.007121178135,30.905214861417335,14.675476729542757,6.009754131507097,39.81589226747214,0.0,808.6815922478827,1108.8062322478827,0.0,80781.46516290697,81890.27139515485,1.3477439916366587,0.01975771594895691,0.05323688582444901,0.07299460177340591,81307.50735816022,582.7640369946275,17144.76658428691,41242.52428103838,13758.196442498618,55000.720723537,7311.2869511753925,1850.7330991609097,18352.580541226933,18352.58054122693,1825.8757983879013,20178.45633961483,1068.9903399804107,1068.9903399804107,0.0,19421.57088120734,0.038050483868718996,0.04004292769966797,0.03231790517750737,0.9541095045489523,35572.34674489206,0.0,rate_only_500bp,500.0,False
2043Q3,2043-09-30,2043,3,2043,61339.52544380172,32892.04883030893,0.017019539764762337,0.021251542965382564,0.02231557677676199,300.12464,773.620310774971,133.51486977513431,452.6340072599512,141.18938980718792,31.406776648191798,14.87526728450581,6.009754131507097,40.451937177005775,0.0,820.0820020834839,1120.206642083484,0.0,81890.27139515485,83010.47803723834,1.353295080727209,0.019571370194245753,0.053478209761164824,0.07304957995541059,82427.71400024371,582.7640369946275,17377.35767563046,41802.03284507338,13944.844298551237,55746.87714362462,7427.638476588333,1875.8407044002824,18659.85257945336,18659.852579453363,1850.7330991609097,20510.585678614272,1079.7547049064783,1079.7547049064783,0.0,19739.60728435984,0.0380545044840862,0.04005760333245178,0.03225058743467653,0.9557408375500173,36392.42874697554,0.0,rate_only_500bp,500.0,False
2043Q4,2043-12-31,2043,4,2044,61923.56018684745,33031.116260298484,0.01701953976476145,0.021251542965381676,0.02231557677676199,315.2472575,784.3620578596403,135.32617289897223,458.7773104746793,143.26706262681938,31.914442197551885,15.077069661617271,6.019952502154488,41.0956876723541,0.0,831.477698034149,1146.7249555341489,0.0,83010.47803723834,84157.20299277248,1.3590498146236665,0.02036363907687326,0.05370994145202618,0.07407358052889944,83574.43895577785,582.7640369946275,17615.522433667444,42374.94912059913,14135.964866489216,56510.913987088345,7546.452562514464,1901.5499725075929,18825.920677197937,18825.92067719794,1875.8407044002824,20701.761381598222,1105.6292678617947,1105.6292678617947,0.0,19931.549945059734,0.03805913062135922,0.04006615635491942,0.03230672772490423,0.9573252963227735,37223.90644500969,-1.4551915228366852e-11,rate_only_500bp,500.0,False
2044Q1,2044-03-31,2044,1,2044,62477.308177911254,33169.36987577106,0.016847634395924738,0.019083305138657858,0.02231557677676199,315.2472575,795.3710798985223,137.18088095218525,465.06506659857445,145.40850656148876,32.4329178822437,15.283707904029782,6.019952502154488,41.75306303892415,0.0,843.144095439601,1158.391352939601,0.0,84157.20299277248,85315.59434571209,1.3655452969062978,0.020183152360040705,0.05398082087907194,0.07416397323911264,84732.83030871746,582.7640369946275,17856.058656666806,42953.57006412438,14328.988468839967,57282.55853296435,7666.697884977517,1927.5152341087664,19219.63805523405,19219.63805523405,1901.5499725075929,21121.188027741642,1116.6382899006767,1116.6382899006767,0.0,20336.276345134727,0.038067037604919286,0.04007472042586829,0.03221104523406426,0.9594508844706428,38067.050540449294,1.4551915228366852e-11,rate_only_500bp,500.0,False
2044Q2,2044-06-30,2044,2,2044,63036.0080295703,33308.202159613196,0.01684763439592385,0.019083305138657858,0.023076797027411944,315.2472575,806.56980305833,139.05405678879276,471.41543145376414,147.5799017687124,33.02800935291106,15.492403694149214,6.019952502154488,43.8530162932156,0.0,856.4427718537,1171.6900293537,0.0,85315.59434571209,86487.28437506579,1.372029845774727,0.020004265330515025,0.054346256917280754,0.07435052224779579,85904.52033807116,582.7640369946275,18099.007208345596,43537.993975199315,14523.947897595372,58061.94187279469,7789.830356594758,1953.7409003361056,19376.167254209606,19376.167254209602,1927.5152341087664,21303.68248831837,1127.8370130604844,1127.8370130604844,0.0,20504.004267270087,0.03807295814653304,0.040154102115646545,0.03231860370328166,0.9609790505407952,38923.49331230299,0.0,rate_only_500bp,500.0,False
2044Q3,2044-09-30,2044,3,2044,63599.704023562444,33447.615533874276,0.016847634395925626,0.019083305138657858,0.023076797027411944,315.2472575,817.8507038817163,140.94601863499133,477.82948387781136,149.80624988813707,33.56575899432519,15.70319248645145,6.019952502154488,44.55732607104517,0.0,868.427982454916,1183.675239954916,0.0,86487.28437506579,87670.9596150207,1.3784806228428412,0.01982696380997038,0.05461836628253367,0.07444533009250404,87088.19557802608,582.7640369946275,18344.385790680357,44128.263436742345,14720.8573580973,58849.12079483965,7914.460110433968,1980.2288820720794,19730.765709938747,19730.765709938747,1953.7409003361056,21684.506610274853,1139.1179138838706,1139.1179138838706,0.0,20869.883623822618,0.03808119236710181,0.040164423648167316,0.032259521678309824,0.9624671538386054,39791.92129475791,0.0,rate_only_500bp,500.0,False
2044Q4,2044-12-31,2044,4,2045,64168.440837612405,33587.61243074127,0.01684763439592385,0.01908330513865697,0.023076797027411944,328.847015,829.2995799391181,142.85690434492327,484.3076912182463,152.10882110901414,34.11007362728001,15.916089639654336,6.028693962709422,45.270200206393476,0.0,880.598474108221,1209.445489108221,0.0,87670.9596150207,88880.40510412892,1.3851108729453743,0.02049898739676068,0.05489293257641736,0.07539191997317804,88297.64106713429,582.7640369946275,18595.162008399475,44731.51715836879,14922.098270274464,59653.61542864326,8041.56410553895,2007.2995245525972,19673.077978349414,19673.077978349414,1980.2288820720794,21653.306860421493,1164.1752889018276,1164.1752889018276,0.0,20837.253267251243,0.03808850450518782,0.04017743060986629,0.03219846267923857,0.963921643502864,40672.51976886613,-1.4551915228366852e-11,rate_only_500bp,500.0,False
2045Q1,2045-03-31,2045,1,2045,64756.51202054044,33723.099819437724,0.01623329428827147,0.020597325915870046,0.023076797027411944,328.847015,866.069674236355,144.80982414041094,490.92840081309646,154.44128353369015,34.665251763658326,41.22491398549896,6.028693962709422,45.997226841836266,0.0,918.0955950409007,1246.9426100409007,0.0,88880.40510412892,90127.34771416982,1.3917881754592014,0.02031283061667629,0.05671062670884345,0.07702345732551974,89544.5836771752,582.7640369946275,18853.858910624564,45353.824450742555,15129.695310594663,60483.519761337215,8171.9798208249285,2035.225184388477,20096.617370823933,20096.617370823937,2007.2995245525972,22103.916895376533,1200.9453831990645,1200.9453831990645,0.0,21297.562754023,0.0509792082286891,0.0413182452967128,0.08211339421019162,0.2575708795613434,918.0955950409007,0.0,rate_only_500bp,500.0,False
2045Q2,2045-06-30,2045,2,2045,65349.97257730514,33859.133743930186,0.01623329428827147,0.020597325915870046,0.02213343204113838,328.847015,1141.4401853889046,382.4976626492958,517.7242648420859,160.54317067354967,38.876649999595315,41.79843722437834,6.028693962709422,44.8479480841157,0.0,1192.3168274357297,1521.1638424357297,0.0,90127.34771416982,91648.51155660556,1.4024261670223475,0.02012836437603664,0.07298040261763168,0.09310876699366832,91065.74751961093,582.7640369946275,19171.873662933343,46118.82355874112,15384.89326924676,61503.71682798788,8320.602976350405,2069.554052339279,20240.073357102185,20240.073357102185,2035.225184388477,22275.29854149066,1476.3158943516141,1476.3158943516141,0.0,21716.3892514538,0.05221243960745925,0.05291698281045826,0.08229898306324329,0.2820838841927868,2110.41242247663,1.4551915228366852e-11,rate_only_500bp,500.0,False
2045Q3,2045-09-30,2045,3,2045,65948.87189878161,33995.71640886204,0.01623329428827036,0.020597325915870046,0.022133432041139267,328.847015,1188.9181473991077,388.94938693676016,548.1934201263554,167.69360550850632,41.578268477567896,42.50346634991795,6.028693962709422,45.6635941954941,0.0,1240.6104355573113,1569.4574505573114,0.0,91648.51155660556,93217.96900716287,1.4134884543625537,0.019945573322601468,0.07524680255100656,0.09519237587360804,92635.20497016824,582.7640369946275,19500.115692741856,46908.424852983415,15648.298332511311,62556.723185494724,8473.37916355315,2104.9869283784983,20616.125434694462,20616.125434694466,2069.554052339279,22685.679487033747,1523.7938563618172,1523.7938563618172,0.0,22139.91929105628,0.053456283000041724,0.05414645211301937,0.08224511206961128,0.30676327426070293,3351.0228580339417,0.0,rate_only_500bp,500.0,False
2045Q4,2045-12-31,2045,4,2046,66553.2598284873,34132.8500277699,0.01623329428827236,0.020597325915870046,0.02213343204113838,341.5111875,1238.2301852267567,395.6085971165004,579.2887274843212,174.8929519263509,45.208739658010586,43.2311690415734,6.044719973726774,46.502032207135144,0.0,1290.7769374076188,1632.2881249076188,0.0,93217.96900716287,94850.25713207049,1.4251782313369272,0.020525587379497248,0.0775785853756253,0.09810417275512255,94267.49309507586,582.7640369946275,19841.71153507771,47730.1493572266,15922.419457444254,63652.56881467085,8631.351431471523,2141.861313855763,21071.42124137152,21071.42124137152,2104.9869283784983,23176.40816975002,1585.7860927004836,1585.7860927004836,0.0,22657.207334072005,0.05475011064199373,0.055387473087230014,0.0822438418741666,0.3323648839738339,4641.7997954415605,0.0,rate_only_500bp,500.0,False
2046Q1,2046-03-31,2046,1,2046,67148.1831460386,34268.80739428492,0.01602817697257164,0.01989152606750877,0.02213343204113749,341.5111875,1290.5599234659192,402.53872276788906,611.3187693751875,183.0618463011702,49.6521082883602,43.98847673331273,6.044719973726774,47.368986387842156,0.0,1343.9736298274881,1685.4848173274881,0.0,94850.25713207049,96535.74194939797,1.4376523299140533,0.020343733605256743,0.08006016346887716,0.1004038970741339,95952.97791240334,582.7640369946275,20194.579781109944,48578.990146831144,16205.586371578904,64784.576518410046,8793.869086798812,2179.9525260845276,21559.084551619453,21559.084551619457,2141.861313855763,23700.94586547522,1638.115830939646,1638.115830939646,0.0,23197.200382559102,0.05609601370436456,0.05667770106120536,0.08217522907808247,0.35890147096408975,5985.773425269049,-1.4551915228366852e-11,rate_only_500bp,500.0,False
2046Q2,2046-06-30,2046,2,2046,67748.42451644977,34405.30630378551,0.01602817697257164,0.01989152606750788,0.023159436985126236,341.5111875,1345.9633840107797,409.697537309268,644.0839124926855,191.60843745138592,55.80272175297969,44.77077500446099,6.044719973726774,50.47895624816742,0.0,1402.487060232674,1743.998247732674,0.0,96535.74194939797,98279.74019713065,1.4506572056633977,0.020163491029497153,0.08280558966457682,0.10296908069407397,97696.97616013602,582.7640369946275,20559.382544578202,49456.53996683969,16498.330402702817,65954.8703695425,8963.391207489058,2219.3320385262336,21804.233520213013,21804.233520213013,2179.9525260845276,23984.18604629754,1693.5192914845065,1693.5192914845065,0.0,23497.75281169752,0.057352128413282404,0.05811265472918118,0.08224092040690101,0.38372680149393024,7388.2604855017225,1.4551915228366852e-11,rate_only_500bp,500.0,False
2046Q3,2046-09-30,2046,3,2046,68354.0314780933,34542.348913336136,0.016028176972572528,0.019891526067509657,0.023159436985126236,341.5111875,1401.1282850717648,417.09847337313033,677.5905286430266,200.25430441104191,60.605446903333196,45.57953174123253,6.044719973726774,51.45205462260925,0.0,1458.625059668101,1800.136247168101,0.0,98279.74019713065,100079.87644429874,1.4641400701635752,0.0199848453772299,0.0853570756911726,0.1053419210684025,99497.11240730411,582.7640369946275,20936.068437134327,50362.67520021807,16800.61031310153,67163.2855133196,9137.764152908238,2259.994303941939,22175.06599332174,22175.065993321736,2219.3320385262336,24394.39803184797,1748.6841925454917,1748.6841925454917,0.0,23923.750185867226,0.05858374132781241,0.059366256229101695,0.08223944258780588,0.4080684342704435,8846.885545169824,-1.4551915228366852e-11,rate_only_500bp,500.0,False
2046Q4,2046-12-31,2046,4,2047,68965.05199428966,34679.937388593244,0.01602817697257164,0.01989152606750877,0.023159436985126236,357.7490725,1457.602292905806,424.74048841836265,711.6742561714,209.24158645021717,65.53132884861861,46.41463301720758,6.052004524189207,52.45299791569211,0.0,1516.1072953456874,1873.8563678456874,0.0,100079.87644429874,101953.73281214443,1.4783390987740608,0.02074958618342646,0.08793481634560192,0.10868440252902838,101370.9687751498,582.7640369946275,21328.41884381816,51306.49214253582,17115.460558680126,68421.95270121595,9318.249717073506,2302.3475130421734,23302.08568441579,23302.08568441579,2259.994303941939,25562.079988357727,1821.4033699299953,1821.4033699299953,0.0,25123.489054345784,0.0601600925779162,0.06059588997152706,0.08259693307364019,0.43936268916547894,10362.992840515511,0.0,rate_only_500bp,500.0,False
2047Q1,2047-03-31,2047,1,2047,69574.80901325062,34816.54327558161,0.01584952735551126,0.019676561505418855,0.023159436985126236,357.7490725,1525.0240805769529,432.70029729396094,756.0969023506649,218.44477588027678,70.49764300294673,47.284462049103624,6.052004524189207,53.489029133236855,0.0,1584.565114234379,1942.314186734379,0.0,101953.73281214443,103896.04699887881,1.493299780084077,0.020567735798275276,0.09109993324926534,0.11166766904754062,103313.28296188418,582.7640369946275,21735.292648365885,52285.24578615541,17441.965425500814,69727.21121165622,9504.51061657708,2346.268485284988,23848.16566085698,23848.16566085698,2302.3475130421734,26150.51317389915,1888.825157601142,1888.825157601142,0.0,25736.99081845812,0.06177121690582156,0.0621680078022854,0.08255871100081456,0.47130638400002145,11947.557954749891,0.0,rate_only_500bp,500.0,False
2047Q2,2047-06-30,2047,2,2047,70189.95722110248,34953.68725951492,0.01584952735551126,0.019676561505418855,0.02235168965107781,357.7490725,1595.870279156288,440.95474960372286,802.0368113157136,227.8522360796134,76.83999314069789,48.186489016540435,6.052004524189207,52.671018699270576,0.0,1654.593302379748,2012.342374879748,0.0,103896.04699887881,105908.38937375856,1.5088823752968097,0.02038747915876737,0.09429231006183304,0.1146797892206004,105325.62533676393,582.7640369946275,22157.427506716136,53300.71059635229,17780.716861856432,71081.42745820872,9694.933523122707,2391.8368487163357,24213.02352806291,24213.023528062913,2346.268485284988,26559.292013347902,1959.6713561804772,1959.6713561804772,0.0,26172.694884243392,0.06331634996288821,0.06370187702704813,0.08262620556737117,0.5019761974214741,13602.151257129639,0.0,rate_only_500bp,500.0,False
2047Q3,2047-09-30,2047,3,2047,70810.54428423816,35091.37145998209,0.01584952735551126,0.019676561505418855,0.02235168965107781,357.7490725,1667.6607912084726,449.5188105425036,849.4181205712648,237.54003436685036,82.0614764473425,49.12234928051175,6.052004524189207,53.72628276030922,0.0,1727.439078492971,2085.188150992971,0.0,105908.38937375856,107993.57752475153,1.5251058810006917,0.020208802297238208,0.09758089538523627,0.11778969768247446,107410.8134877569,582.7640369946275,22595.02683442267,54353.37589859348,18131.878103048817,72485.25400164229,9891.458090174096,2439.074561517821,24680.16836059748,24680.16836059748,2391.8368487163357,27072.005209313815,2031.4618682326618,2031.4618682326618,0.0,26711.63022883014,0.06484052425882368,0.06524276645910308,0.08263020317568807,0.5322156865570782,15329.59033562261,0.0,rate_only_500bp,500.0,False
2047Q4,2047-12-31,2047,4,2048,71436.61829049476,35229.59800492117,0.01584952735551126,0.019676561505418855,0.02235168965107781,372.65234999999996,1741.6255624933453,458.39660690334995,897.966798192162,247.67458858913025,87.49507500153163,50.092493807172254,6.05491834437418,54.81536031133812,0.0,1802.4958411490575,2175.1481911490573,0.0,107993.57752475153,110168.72571590058,1.5421884231403973,0.020866180898128233,0.10092839690811034,0.12179457780623856,109585.96167890595,582.7640369946275,23051.769949220048,55452.0924608529,18498.40169882061,73950.49415967352,10095.318773513374,2488.378796499013,25128.891647388726,25128.891647388726,2439.074561517821,27567.966208906546,2120.3328308377195,2120.3328308377195,0.0,27249.224478226446,0.06632733045503017,0.06676307545181324,0.0826326994192804,0.5617137285823767,17132.086176771667,0.0,rate_only_500bp,500.0,False
2048Q1,2048-03-31,2048,1,2048,72084.6419407788,35366.86293546704,0.015676506274730606,0.02077970179797095,0.0223516896510787,372.65234999999996,1817.6487068498075,467.6627828448017,947.5160144949505,258.34724022104797,93.01758975590913,51.10507953309847,6.05491834437418,55.945092319370396,0.0,1879.648717513552,2252.301067513552,0.0,110168.72571590058,112421.02678341414,1.559569746850844,0.020678598934078234,0.10430231277601566,0.1249809117100939,111838.26274641951,582.7640369946275,23524.889289129376,56590.20278554654,18878.066757963705,75468.26954351025,10305.653111259753,2539.45080252013,25710.31090022449,25710.31090022449,2488.378796499013,28198.6896967235,2196.3559751941816,2196.3559751941816,0.0,27906.666875418672,0.06782457289217986,0.06824618167448816,0.08258284698644328,0.5913895592650604,19011.73489428522,1.4551915228366852e-11,rate_only_500bp,500.0,False
2048Q2,2048-06-30,2048,2,2048,72738.54401394143,35504.66269076893,0.015676506274730606,0.02077970179797095,0.022930584971782908,372.65234999999996,1896.9104374175029,477.2611914532122,998.4667898181561,269.0905985077743,99.9378867816041,52.15397085675717,6.05491834437418,58.57733795971167,0.0,1961.5426937215886,2334.1950437215887,0.0,112421.02678341414,114755.22182713573,1.5776397972049203,0.02049270328691625,0.10786813073110893,0.12836083401802517,114172.4577901411,582.7640369946275,24015.08248139679,57769.38504708967,19271.433106862944,77040.81815395261,10524.191268158145,2592.365886633558,26209.122847733197,26209.122847733197,2539.45080252013,28748.573650253325,2275.617705761877,2275.617705761877,0.0,28484.740553495074,0.0692828484090678,0.06979273361381473,0.08261744059908921,0.6203367592873322,20973.277588006807,0.0,rate_only_500bp,500.0,False
2048Q3,2048-09-30,2048,3,2048,73398.37783497396,35642.99935466223,0.015676506274730606,0.02077970179796984,0.022930584971782908,372.65234999999996,1978.1500336817353,487.20598584133734,1051.0017620039498,280.23031017425023,106.47126126546155,53.240714396736706,6.05491834437418,59.81950896387092,0.0,2044.0244609899803,2416.6768109899804,0.0,114755.22182713573,117171.89863812571,1.5963826734913737,0.02030847879705772,0.11139344063356195,0.13170191943061968,116589.13460113108,582.7640369946275,24522.775580142537,58990.66413825719,19678.84264205291,78669.5067803101,10749.682200401558,2647.1700402768906,26699.067173454787,26699.067173454787,2592.365886633558,29291.433060088344,2356.857302026109,2356.857302026109,0.0,29055.924475480897,0.07069444066747176,0.0712481551059714,0.08265254606162173,0.648356672977638,23017.30204899679,0.0,rate_only_500bp,500.0,False
2048Q4,2048-12-31,2048,4,2049,74064.19721259525,35781.87501910156,0.015676506274729718,0.02077970179797184,0.022930584971782908,392.23500750000005,2061.186979857068,497.5058095821417,1104.8968667086278,291.8774863568691,112.54056250724265,54.36625470218664,6.05491834437418,61.10119954692,0.0,2128.3430977483617,2520.5781052483617,0.0,117171.89863812571,119692.47674337408,1.6160639181682692,0.021183514964679705,0.11494585388614292,0.1361293688508226,119109.71270637945,582.7640369946275,25052.574075145072,60265.11877645712,20103.99114047956,80369.10991693668,10983.668300167274,2704.3604141304177,27007.217044111654,27007.217044111654,2647.1700402768906,29654.387084388545,2459.476905701442,2459.476905701442,0.0,29466.693949813096,0.07197896857945382,0.07265711736297958,0.08257814305711611,0.6738354859213129,25145.64514674515,0.0,rate_only_500bp,500.0,False
2049Q1,2049-03-31,2049,1,2049,74708.85169853843,35919.71301209475,0.015497958573625237,0.019473428238653945,0.022930584971783796,392.23500750000005,2144.019315269879,508.2540965495057,1157.648569111398,303.8987474233795,118.67710018039219,55.54080200520345,6.05491834437418,62.43117666684665,0.0,2212.5054102810996,2604.7404177810995,0.0,119692.47674337408,122297.21716115517,1.6369842981209646,0.021000724737825063,0.11846014816069694,0.139460872898522,121714.45312416054,582.7640369946275,25600.215570233326,61582.49557172837,20543.45814823651,82125.95371996488,11224.80694038317,2763.476893579178,27688.62709073457,27688.62709073457,2704.3604141304177,30392.98750486499,2542.309241114253,2542.309241114253,0.0,30230.936331848825,0.07328400489074521,0.07393966506432341,0.08255919599825029,0.6996546671744833,27358.150557026252,0.0,rate_only_500bp,500.0,False
2049Q2,2049-06-30,2049,2,2049,75359.11725463274,36058.08198096057,0.015497958573625237,0.019473428238653945,0.022366633995218432,392.23500750000005,2230.6252097290107,519.3643733811086,1212.2379200288985,316.321869468672,125.94614014844939,56.754906701882376,6.05491834437418,62.24560878055168,0.0,2298.9257368539365,2691.1607443539365,0.0,122297.21716115517,124988.37790550911,1.658570090241143,0.020819511787786352,0.12202508843547308,0.14284460022325943,124405.61386851448,582.7640369946275,26166.51293171188,62944.74991133964,20997.895967835124,83942.64587917476,11471.847832194717,2824.607225433121,28250.595942973887,28250.595942973887,2763.476893579178,31014.072836553067,2628.9151355733848,2628.9151355733848,0.0,30879.51107854727,0.07454694361385211,0.07519143248613955,0.08255819391671176,0.7246573027851961,29657.07629388019,0.0,rate_only_500bp,500.0,False
2049Q3,2049-09-30,2049,3,2049,76015.04271961107,36196.983971110225,0.015497958573625237,0.019473428238653945,0.022366633995218432,392.23500750000005,2319.249318509147,530.8531311021048,1268.1251094159325,329.02819965531506,133.23250744346157,58.01037089233273,6.05491834437418,63.61553975452495,0.0,2388.919776608046,2781.154784108046,0.0,124988.37790550911,127769.53268961716,1.6808453711051323,0.02063986250441494,0.12570773842329133,0.14634760092770627,127186.76865262253,582.7640369946275,26751.900905240425,64352.92759596356,21467.653470527708,85820.58106649127,11726.488341531847,2887.7983393589843,28739.242892988612,28739.242892988612,2824.607225433121,31563.85011842173,2717.539244353521,2717.539244353521,0.0,31456.782137342132,0.07573697960906839,0.07645254116071698,0.08256764801958735,0.7481447228851088,32045.996070488236,0.0,rate_only_500bp,500.0,False
2049Q4,2049-12-31,2049,4,2050,76676.67735729841,36336.421035834224,0.015497958573625237,0.019473428238653057,0.022366633995218432,407.0113625000001,2408.9573446590757,542.729189615065,1324.5260098616498,342.42127744945384,139.97270933832147,59.30815839458515,6.057832164559153,65.02761335258874,0.0,2480.042790176223,2887.054152676223,0.0,127769.53268961716,130656.58684229339,1.7039938524391074,0.021232603004087216,0.12937664362370352,0.1506092466277907,130073.82280529875,582.7640369946275,27359.79659636279,65815.24863009361,21955.472788095736,87770.72141818935,11989.885687706384,2953.4191030402208,29065.96302610084,29065.963026100835,2887.7983393589843,31953.76136545982,2822.0265393236346,2822.0265393236346,0.0,31887.98956542447,0.07678237484434161,0.07764113205926304,0.08246812552538631,0.7687669958836779,34526.038860664456,0.0,rate_only_500bp,500.0,False
2050Q1,2050-03-31,2050,1,2050,77356.14328070718,36473.8915487907,0.015219177974386433,0.020390207990024445,0.022366633995218432,407.0113625000001,2497.6542004342914,555.0618734487101,1378.9976406626351,356.0707065024427,146.86813499181397,60.655844828688544,6.057832164559153,66.48824677380432,0.0,2570.2002793726547,2977.2116418726546,0.0,130656.58684229339,133633.79848416604,1.7275137153521283,0.02104610417419865,0.13290219343257612,0.15394829760677475,133051.0344471714,582.7640369946275,27986.798570041512,67323.53070535987,22458.624363901516,89782.15506926138,12260.978467484605,3021.102340383909,29787.86619604256,29787.86619604256,2953.4191030402208,32741.28529908278,2910.7233950988502,2910.7233950988502,0.0,32698.58959114141,0.07783665048695403,0.07868567032062355,0.08243136618498825,0.7894216350742541,37096.23914003711,0.0,rate_only_500bp,500.0,False
2050Q2,2050-06-30,2050,2,2050,78041.63025193631,36611.88214989548,0.015219177974386433,0.020390207990024445,0.02276633294218633,407.0113625000001,2589.9321342283574,567.7821759897172,1434.8052931772452,370.198132561701,155.10064318405765,62.04588931563454,6.057832164559153,69.19639444055221,0.0,2665.1863608334684,3072.1977233334683,0.0,133633.79848416604,136705.9962074995,1.751706054399186,0.02086124347664568,0.13660331554989996,0.15746455902654563,136123.23217050487,582.7640369946275,28633.678230041543,68879.62946898563,22977.72722792615,91857.35669691178,12541.265921125201,3090.9313224263506,30389.282369697492,30389.282369697492,3021.102340383909,33410.3847100814,3003.0013288929163,3003.0013288929163,0.0,33392.28369859041,0.07883925853623376,0.07977581692850735,0.08246820837415778,0.8090618218633636,39761.42550087058,0.0,rate_only_500bp,500.0,False
2050Q3,2050-09-30,2050,3,2050,78733.19162615138,36750.394806782766,0.015219177974387321,0.020390207990024445,0.02276633294218633,407.0113625000001,2683.875466234259,580.9057470919678,1491.773954775724,385.2424959492042,162.473266383032,63.480002034331164,6.057832164559153,70.77823240318193,0.0,2760.7115308019997,3167.7228933019996,0.0,136705.9962074995,139873.7191008015,1.7765533977710892,0.020678006522718454,0.14025655374981771,0.16093456027253616,139290.95506380688,582.7640369946275,29300.794321535148,70484.40789897674,23513.069263152967,93997.47716212971,12829.738805363273,3162.9447747787212,31047.36703060334,31047.367030603342,3090.9313224263506,34138.29835302969,3096.944660898818,3096.944660898818,0.0,34144.31169150216,0.07980902163115844,0.08077806701650884,0.08246043934218814,0.8280073867485026,42522.13703167258,0.0,rate_only_500bp,500.0,False
2050Q4,2050-12-31,2050,4,2051,79430.88123132168,36889.43149453083,0.015219177974386433,0.020390207990024445,0.022766332942187217,427.29039000000006,2780.1230084323965,594.4398647981443,1549.9236076905058,400.75341819208154,170.0471394396452,64.95897831201799,6.063659804929099,72.40626588648927,0.0,2858.5929341238148,3285.883324123815,0.0,139873.7191008015,143159.6024249253,1.8023166834572866,0.021517595342075004,0.14395373133524278,0.1654713266773178,142576.83838793068,582.7640369946275,29993.01277873337,72149.57122379831,24068.55524591257,96218.12646971087,13128.031177063922,3237.6679624225226,31641.679182403383,31641.679182403386,3162.9447747787212,34804.623957182106,3213.4770582373258,3213.4770582373258,0.0,34855.15624064071,0.08071327276124109,0.08174782089160691,0.08250291077586067,0.8457026226597364,45380.729965796396,0.0,rate_only_500bp,500.0,False
2051Q1,2051-03-31,2051,1,2051,80109.2122534556,37027.85847642142,0.015094632227163673,0.01921496163380243,0.02276633294218544,427.29039000000006,2877.9520112476466,608.4832467485533,1609.7477728560866,416.60452033532096,176.62286552943104,66.49360577825256,6.063659804929099,74.08971689861494,0.0,2958.1053879511906,3385.3957779511907,0.0,143159.6024249253,146544.9982028765,1.8293151821194589,0.021335393420077897,0.1477036313173128,0.1690390247373907,145962.23416588188,582.7640369946275,30706.304683841987,73865.42769645927,24640.952082176445,98506.37977863572,13434.883729275965,3314.665974128202,32587.095486988404,32587.095486988404,3237.6679624225226,35824.76344941093,3311.306061052576,3311.306061052576,0.0,35898.40154804098,0.08166841556292098,0.08265195873263083,0.0824251879532831,0.8643654286915714,48338.835353747585,0.0,rate_only_500bp,500.0,False
2051Q2,2051-06-30,2051,2,2051,80793.3361481909,37166.80490327331,0.015094632227163673,0.01921496163380243,0.022850408612718587,427.29039000000006,2981.17399758081,622.9541562734444,1671.0413566342881,433.0549036615517,186.04862856786616,68.07495244365793,6.063659804929099,76.09912894140639,0.0,3063.3367863271455,3490.6271763271457,0.0,146544.9982028765,150035.62537920364,1.8570297073017106,0.02115473430710995,0.15166284410924102,0.17281757841635095,149452.861342209,582.7640369946275,31441.83174508633,75634.77185950741,25231.1920103565,100865.96386986392,13751.001513972229,3394.064213286561,33148.50436499167,33148.50436499167,3314.665974128202,36463.17033911987,3414.5280473857392,3414.5280473857392,0.0,36563.03241237741,0.0825265352472088,0.08361491211283159,0.08250985061756144,0.8811985021923802,51402.172140074734,0.0,rate_only_500bp,500.0,False
2051Q3,2051-09-30,2051,3,2051,81483.30238602485,37306.272724295144,0.015094632227163673,0.01921496163380243,0.022850408612718587,427.29039000000006,3084.5437521520826,637.8761615284388,1734.1510588439382,449.81209495536433,192.99884304396716,69.70559378037277,6.063659804929099,77.88971295709462,0.0,3168.4971249141063,3595.7875149141064,0.0,150035.62537920364,153631.41289411776,1.885434296296599,0.020975604939314996,0.1555409283685357,0.1765165333078507,153048.64885712313,582.7640369946275,32199.62579337726,77457.68028366225,25839.300573869878,103296.98085753212,14076.176090251838,3475.8661159618955,34019.82663342502,34019.82663342502,3394.064213286561,37413.89084671158,3517.897801957012,3517.897801957012,0.0,37537.724435382035,0.08339237096420764,0.08447319406723491,0.08246814002418654,0.898183606208564,54570.66926498884,0.0,rate_only_500bp,500.0,False
2051Q4,2051-12-31,2051,4,2052,82179.16085992736,37446.26389600992,0.015094632227163673,0.01921496163380243,0.022850408612718587,450.937025,3191.906800489053,653.2499082831412,1798.8841069473287,466.98508731229987,201.40209758971423,71.38560035656744,6.070944355391532,79.73159730141887,0.0,3277.709342145863,3728.646367145863,0.0,153631.41289411776,157360.0592612636,1.9148413979242316,0.021948971991505858,0.15953968416555867,0.18148865615706453,156777.29522426898,582.7640369946275,32985.64234387818,79348.47923446525,26470.056907336555,105818.5361418018,14412.402174014615,3560.714564574404,34492.25944166754,34492.25944166755,3475.8661159618955,37968.12555762944,3648.9147698444444,3648.9147698444444,0.0,38141.17421151199,0.08412822512274777,0.08533956123686369,0.0824428381447413,0.9125791087007508,57848.378607134706,-2.9103830456733704e-11,rate_only_500bp,500.0,False
2052Q1,2052-03-31,2052,1,2052,82909.72255926982,37585.44010062169,0.014949853670766178,0.020776005458570612,0.022850408612718587,450.937025,3298.5248664358005,669.1962190514284,1862.7055500290696,484.70794519776695,208.78697678758704,73.12817536994683,6.070944355391532,81.63608063133188,0.0,3386.231891422524,3837.168916422524,0.0,157360.0592612636,161197.22817768616,1.9442500011075396,0.021755567915578915,0.16336959222131286,0.1851251601368918,160614.46414069153,582.7640369946275,33794.625603579625,81294.52566018731,27119.243383626406,108413.76904381372,14758.027283402043,3648.0422098961394,35539.570536946776,35539.57053694677,3560.714564574404,39100.28510152117,3755.532835791192,3755.532835791192,0.0,39295.10337273796,0.0844124415256791,0.08607601973002288,0.08236602715364671,0.9179629295480997,61234.61049855723,2.9103830456733704e-11,rate_only_500bp,500.0,False
2052Q2,2052-06-30,2052,2,2052,83646.77885396908,37725.133580227404,0.014949853670766178,0.020776005458570612,0.02253572169058371,450.937025,3390.682024688017,685.6084669326216,1908.3889898728949,502.6696385341638,219.09326246259394,74.92166688574197,6.070944355391532,82.45213952804976,0.0,3479.2051085714584,3930.1421335714585,0.0,161197.22817768616,165127.3703112576,1.974103158228456,0.021563868025916352,0.16637604729025945,0.1879399153161758,164544.60627426297,582.7640369946275,34623.46053321647,83288.32619065643,27784.3602707119,111072.68646136833,15110.946488162957,3737.5127915152257,36332.4607104723,36332.4607104723,3648.0422098961394,39980.502920368446,3847.6899940434087,3847.6899940434087,0.0,40180.15070451571,0.0846203455841402,0.08633411747592493,0.08247389946688992,0.921963894813484,64713.81560712869,-2.9103830456733704e-11,rate_only_500bp,500.0,False
2052Q3,2052-09-30,2052,3,2052,84390.3874801053,37865.34625737856,0.014949853670766178,0.020776005458570612,0.02253572169058371,450.937025,3482.21683104987,702.4234555676293,1955.1934573256574,520.7901288303946,227.0506203704452,76.75916895574395,6.070944355391532,84.42387619408765,0.0,3572.7116515993494,4023.6486765993495,0.0,165127.3703112576,169151.01898785695,2.004387277256354,0.021373857306025836,0.16934211387246453,0.19071597117849037,168568.25495086232,582.7640369946275,35472.013071316505,85329.55833483748,28465.29998800503,113794.85832284251,15472.27171886,3829.1118378433357,37272.79809267557,37272.79809267557,3737.5127915152257,41010.310884190796,3939.2248004052617,3939.2248004052617,0.0,41212.02289308083,0.08484134309752432,0.08654438437104521,0.08243731836976077,0.926275443625226,68286.52725872803,0.0,rate_only_500bp,500.0,False
2052Q4,2052-12-31,2052,4,2053,85140.60668702472,38006.08006177218,0.014949853670767954,0.020776005458570612,0.022535721690584598,462.968345,3576.7016456114657,719.6384651843335,2003.111381910307,539.1015332845784,236.20988086253905,78.6403843697075,6.072401265484019,86.44257678085205,0.0,3669.216623657802,4132.184968657802,0.0,169151.01898785695,173283.20395651477,2.0352592106079372,0.02175076561067332,0.1723838608360297,0.19413462644670298,172700.43991952014,582.7640369946275,36343.51067530521,87425.9858899558,29164.65247996794,116590.63836992375,15843.103129749908,3923.1877445412756,38089.82900677858,38089.82900677858,3829.1118378433357,41918.94084462192,4045.7423918769496,4045.7423918769496,0.0,42135.57139865553,0.0850282531105289,0.08676782784078194,0.08247395289757581,0.9299422607863995,71955.74388238584,2.9103830456733704e-11,rate_only_500bp,500.0,False
2053Q1,2053-03-31,2053,1,2053,85878.75613703064,38146.96482258528,0.014910252990658845,0.01992533565251664,0.02253572169058371,462.968345,3672.462111013843,737.3189728252545,2052.32501876671,557.8328847189537,244.41276639940898,80.57246830351644,6.072401265484019,88.51438777868212,0.0,3767.048900058009,4230.017245058009,0.0,173283.20395651477,177513.22120157277,2.067021335501501,0.021563812324494978,0.17545894093049957,0.19702275325499458,176930.45716457814,582.7640369946275,37235.63614139472,89572.03471576194,29880.558255265234,119452.59297102717,16222.73767668797,4019.4903754682787,39212.936352500066,39212.936352500066,3923.1877445412756,43136.12409704134,4141.502857279326,4141.502857279326,0.0,43354.43920977939,0.08526655434994639,0.08695704636217012,0.08240209393204603,0.934634458307875,75722.79278244385,0.0,rate_only_500bp,500.0,False
2053Q2,2053-06-30,2053,2,2053,86623.30517275418,38288.37182920213,0.014910252990658845,0.01992533565251664,0.022725734639350792,462.968345,3772.992946316132,755.4179682185454,2102.703514952509,576.9992420196812,255.3219375392168,82.55028358617979,6.072401265484019,91.3931876477441,0.0,3870.45853522936,4333.42688022936,0.0,177513.22120157277,181846.64808180212,2.099280877347529,0.021378465948704923,0.1787259688376215,0.20010443478632642,181263.8840448075,582.7640369946275,38149.41705995912,91770.17672814614,30613.84192647823,122384.01865462436,16612.31767388316,4118.130656340853,39950.682202039745,39950.682202039745,4019.4903754682787,43970.17257750803,4242.0336925816155,4242.0336925816155,0.0,44192.71589462136,0.08544018999207394,0.08721510452079088,0.08246692369518156,0.9380485702005465,79593.25131767322,0.0,rate_only_500bp,500.0,False
2053Q3,2053-09-30,2053,3,2053,87374.3092771295,38430.303017536,0.014910252990657957,0.01992533565251664,0.022725734639350792,462.968345,3873.283685217306,773.9562986039207,2154.3048986932286,596.5246967780929,263.9216827874649,84.5761083546003,6.072401265484019,93.58794407523843,0.0,3972.9440305580283,4435.9123755580285,0.0,181846.64808180212,186282.56045736014,2.132006101089948,0.021194712671505304,0.18188156511575235,0.20307627778725765,185699.7964203655,582.7640369946275,39084.8017115813,94020.28751367262,31364.461990218886,125384.74950389151,17011.142200710718,4219.103004182021,41000.74174189706,41000.741741897065,4118.130656340853,45118.872398237916,4342.32443148279,4342.32443148279,0.0,45343.066173379855,0.08563426526884943,0.0873910863349174,0.08243098720720449,0.9419131721025753,83566.19534823124,0.0,rate_only_500bp,500.0,False
2053Q4,2053-12-31,2053,4,2054,88131.82441411512,38572.760330676436,0.014910252990658845,0.01992533565251664,0.022725734639350792,486.19494,3977.1008067641524,792.9329147237055,2207.1262493834624,616.4939111652467,273.8979035433492,86.64982794838828,6.073858175576505,95.83478092517737,0.0,4079.009445864906,4565.204385864906,0.0,186282.56045736014,190847.76484322507,2.1654807002118415,0.02206671395864722,0.1851321913727053,0.20719890533135255,190265.00080623044,582.7640369946275,40047.553297017235,96336.2307167338,32137.043254165306,128473.27397089911,17421.143996743747,4323.029541570343,42642.60119110796,42642.60119110796,4219.103004182021,46861.70419528998,4469.3696049397295,4469.3696049397295,0.0,47111.970796047695,0.08579468887005691,0.08758757525879265,0.0826443721240695,0.9451077131543937,87645.20479409615,2.9103830456733704e-11,rate_only_500bp,500.0,False
2054Q1,2054-03-31,2054,1,2054,88891.20434754388,38714.97092715584,0.0148290126082804,0.01979116344579368,0.022725734639350792,486.19494,4082.516482097901,812.4647375132372,2261.4930160753233,636.8718669722477,282.9026423270922,88.78421921000093,6.073858175576505,98.1445865712739,0.0,4186.7349268447515,4672.929866844752,0.0,190847.76484322507,195520.69471006983,2.199550519595049,0.02187820239667768,0.18839816414121668,0.21027636653789436,194937.9306730752,582.7640369946275,41033.01258343302,98706.7983385308,32927.84681407022,131634.645152601,17840.86562063912,4429.407316402035,43917.242474669285,43917.242474669285,4323.029541570343,48240.27201623963,4574.785280273478,4574.785280273478,0.0,48492.02775494276,0.08600144032284916,0.08775025330339103,0.08258837756416022,0.9492424256645927,91831.9397209409,0.0,rate_only_500bp,500.0,False
2054Q2,2054-06-30,2054,2,2054,89657.12740982682,38857.705827666825,0.014829012608279513,0.01979116344579479,0.022859099804621197,486.19494,4192.895481763624,832.4572427863974,2317.142090997008,657.7530289596027,294.5741662600109,90.96895276060677,6.073858175576505,101.09401810537437,0.0,4300.063358044576,4786.258298044576,0.0,195520.69471006983,200306.9530081144,2.2341442202637407,0.021691301251604046,0.19184479727479065,0.2135360985263947,199724.18897111976,582.7640369946275,42042.248725718935,101134.56228030859,33737.730636878565,134872.29291718715,18271.295587038334,4538.3517411753555,44808.584398568004,44808.584398568004,4429.407316402035,49237.99171497004,4685.164279939201,4685.164279939201,0.0,49493.7486785072,0.08615318680397874,0.08797152371867285,0.08265434791109934,0.9522681410090583,96132.00307898548,-2.9103830456733704e-11,rate_only_500bp,500.0,False
2054Q3,2054-09-30,2054,3,2054,90429.64997924482,39000.96696522091,0.014829012608281289,0.019791163445792792,0.022859099804621197,486.19494,4303.4317649396935,852.9321210230229,2374.133849530241,679.1530549323484,304.00634056968954,93.20639888438888,6.073858175576505,103.53301942635963,0.0,4413.03864254163,4899.23358254163,0.0,200306.9530081144,205206.18659065603,2.2692356615087466,0.021505996765954095,0.19520317256804595,0.21670916933400008,204623.4225536614,582.7640369946275,43075.295604480605,103619.6040434217,34566.721910830296,138186.32595425198,18711.93452171497,4649.866473213839,45996.798262844844,45996.79826284484,4538.3517411753555,50535.15000402019,4795.700563115271,4795.700563115271,0.0,50792.49882596011,0.08632685315463648,0.08812552088220041,0.08261861855335896,0.9557149340557415,100545.04172152712,0.0,rate_only_500bp,500.0,False
2054Q4,2054-12-31,2054,4,2055,91208.82891985717,39144.756279956215,0.014829012608279513,0.01979116344579368,0.022859099804622085,508.6235875,4417.8989488577545,873.8900595759002,2432.4702049193215,701.0344478494849,315.0076038194178,95.49663269362921,6.0767719957614785,106.02986915256766,0.0,4530.005590006083,5038.629177506084,0.0,205206.18659065603,210244.8157681621,2.3050928101806765,0.022305892687073718,0.1986652232531779,0.22097111594025162,209662.05173116748,582.7640369946275,44137.83198526883,106175.58415949439,35419.377686709086,141594.96184620349,19164.693379160595,4764.564520534569,46970.02746262568,46970.02746262569,4649.866473213839,51619.89393583953,4932.599308353516,4932.599308353516,0.0,51902.6267709792,0.08646646584430744,0.08830154032426925,0.08264679914690017,0.9585138772814673,105075.0473115332,0.0,rate_only_500bp,500.0,False
2025Q4,2025-12-31,2025,4,2026,31324.77532798175,24037.6,0.012257322464116038,0.03416889228732933,0.03138521050212062,203.43175,239.03865259628913,65.01368874582066,119.6877543737386,42.71050255977236,4.964461483838189,6.6622454331192795,4.95932195482428,16.18876413444616,0.0,260.1867386855596,463.61848868555956,17.515,30277.7664202628,30758.89990894836,0.9819352122047653,0.025977105708819403,0.03322440285190366,0.059201508560723065,30176.13587195373,582.7640369946275,6496.785779950878,15628.316895483313,5213.4891756015995,20841.806071084913,2136.2328410892824,701.3111798286476,5437.953890766519,5437.953890766519,690.4997903999999,6128.453681166519,464.9447245511134,464.9447245511134,0.0,5902.898615317633,0.03191801122214894,0.03437330681188355,0.03728955310952268,0.2159123202980333,260.1867386855596,0.0,fiscal_scare_250bp,250.0,True
2026Q1,2026-03-31,2026,1,2026,31720.36011381085,24212.4,0.029406590218133966,0.021441816030615124,0.033142739611773386,203.43175,240.44945621086,60.93064490474254,124.12698071778895,43.5306883372127,5.495856886635115,6.365285364480696,4.95932195482428,17.484323876921767,0.0,262.8931020426061,466.32485204260604,17.515,30758.89990894836,31242.739760990964,0.9849427827708699,0.025653145080333065,0.033151338900234494,0.058804483980567555,30659.975723996336,582.7640369946275,6597.2439124852945,15869.973552044366,5294.104021820724,21164.077573865092,2186.4988628819306,712.1553747640124,7048.973836554221,7048.973836554221,701.3111798286476,7750.285016382868,466.3555281656843,466.3555281656843,0.0,7515.329364719905,0.03167264828825653,0.034187581847311174,0.03521065832892457,0.2987558061381062,523.0798407281657,0.0,fiscal_scare_250bp,250.0,True
2026Q2,2026-06-30,2026,2,2026,32094.798708229428,24331.8,0.01987181994496834,0.02763904405751516,0.030772192830818668,203.43175,242.47997851847242,57.50032222679604,128.76641191949622,44.28274287826491,5.833621243500796,6.096880250414424,4.95932195482428,16.630148070113112,0.0,264.06944854340986,467.5011985434098,17.515,31242.739760990964,31727.755959534374,0.9885637934036664,0.025353858966292636,0.032911183016792044,0.05826504198308467,31144.991922539746,582.7640369946275,6698.139441955681,16112.682387045035,5375.069866867322,21487.752253912357,2236.0534411071853,723.0467855645156,7294.65052613453,7294.650526134531,712.1553747640124,8006.805900898544,468.3860504732967,468.3860504732967,0.0,7763.036576607828,0.03163504775739422,0.03380874411956937,0.033746168375763635,0.3386780984951124,787.1492892715755,0.0,fiscal_scare_250bp,250.0,True
2026Q3,2026-09-30,2026,3,2026,32468.269249181518,24457.7,0.020858389667526733,0.02596472248620807,0.02824698150314875,203.43175,246.3774413416258,55.138128411680306,133.50109328427993,45.11122588770424,6.434567199764894,6.1924265581965034,4.95932195482428,15.625881580025593,0.0,266.9626448764757,470.39439487647564,17.515,31727.755959534374,32215.665354410852,0.9922199765921605,0.02506222286611452,0.03288905150165409,0.057951274367768604,31632.901317416225,582.7640369946275,6799.874527972928,16357.410813919352,5456.709432599443,21814.120246518796,2284.877718607075,734.0288243174178,7560.870539253156,7560.870539253156,723.0467855645156,8283.91732481767,472.2835132964501,472.2835132964501,0.0,8033.154052549606,0.03206434142500246,0.03365666897046992,0.03387420938607825,0.3779019415086418,1054.1119341480512,3.637978807091713e-12,fiscal_scare_250bp,250.0,True
2026Q4,2026-12-31,2026,4,2027,32813.516450759125,24573.2,0.01902398695529306,0.02374108660242924,0.02771554138299126,194.872,253.59837549789904,55.91196830625741,138.7066086465815,45.90202768161394,6.830451248587104,6.247319614859042,4.968063415379199,15.669722733652822,0.0,274.23616164693107,469.1081616469311,5.538,32215.665354410852,32690.311516057784,0.996245299253854,0.023755088887523573,0.0334296584224318,0.057184747309955375,32107.547479063156,582.7640369946275,6898.743123166559,16595.24376532521,5536.048719487986,22131.292484813195,2332.8104382651377,744.7014328182587,7665.516018009889,7665.51601800989,734.0288243174178,8399.544842327308,458.9764389132783,458.9764389132783,0.0,8124.492456923168,0.03242722436592475,0.034050038530013926,0.033830045581091525,0.4109562752171501,1328.3480957949823,0.0,fiscal_scare_250bp,250.0,True
2027Q1,2027-03-31,2027,1,2027,33147.220203151985,24680.599999999995,0.017597408546793147,0.023296209984862815,0.026152401325720165,194.872,260.31127901663695,56.535199894349944,143.40677427048297,46.66884903955689,7.411776979595989,6.288678832651108,4.968063415379199,15.104810271309676,0.0,280.38415270332587,475.2561527033259,5.538,32690.311516057784,33171.10566876111,1.0007205872909626,0.023515938749092396,0.033835012527133605,0.057350951276226,32588.34163176648,582.7640369946275,6999.057751934678,16836.555216978573,5616.548407941779,22453.103624920353,2380.6501180173027,755.5301368941339,7818.45707685363,7818.4570768536305,744.7014328182587,8563.15850967189,465.6893424320162,465.6893424320162,0.0,8284.146419285647,0.03274957978431627,0.03430792056730308,0.03368771382636251,0.44471885813106954,1608.7322484983083,0.0,fiscal_scare_250bp,250.0,True
2027Q2,2027-06-30,2027,2,2027,33480.81936295423,24789.999999999996,0.01784876327045648,0.022616048740021766,0.02507028033791192,194.872,266.8386349235212,57.11231125578679,148.1810139507879,47.461975490152746,7.725799475387829,6.357534751405928,4.968063415379199,14.782631606632997,0.0,286.58932994553345,481.46132994553346,5.538,33171.10566876111,33658.104998706636,1.005295140296016,0.023281628551256005,0.03423922537124501,0.05752085392250102,33075.34096171201,582.7640369946275,7100.778445271973,17081.24902159954,5698.1764239501335,22779.42544554967,2428.62644889581,766.5106219945532,7901.268255122974,7901.268255122973,755.5301368941339,8656.798392017106,472.21669833890047,472.21669833890047,0.0,8373.484953461873,0.033069696559558555,0.03455891194069288,0.033687661368326086,0.47717029735788935,1895.3215784438416,-7.275957614183426e-12,fiscal_scare_250bp,250.0,True
2027Q3,2027-09-30,2027,3,2027,33819.64204625321,24903.499999999993,0.01843999428756682,0.022248000239960097,0.024382592342289344,194.872,273.4775029553267,57.72932876006114,152.8758790192545,48.328865020161466,8.126248097579449,6.417182058270145,4.968063415379199,14.670585287046285,0.0,293.1161516577522,487.9881516577522,5.538,33658.104998706636,34151.631150364396,1.0098164582480542,0.023048381142944635,0.034668155417715396,0.05771653656066004,33568.867113369764,582.7640369946275,7203.929224122012,17329.382962672247,5780.952043649513,23110.33500632176,2476.9574018078993,777.6454811180921,8037.825029793427,8037.825029793427,766.5106219945532,8804.33565178798,478.85556637070596,478.85556637070596,0.0,8516.680596164133,0.03343936643839879,0.03483454005138027,0.03363811794499859,0.5098289514958444,2188.437730101594,7.275957614183426e-12,fiscal_scare_250bp,250.0,True
2027Q4,2027-12-31,2027,4,2028,34158.5183188548,25016.899999999994,0.01833909570101455,0.021945305341696475,0.024162847358085493,215.4585,280.66536432293407,58.387846361508906,158.14773727280496,49.161424920357696,8.486680683143282,6.481675085119298,5.137064986107641,14.828888675230425,0.0,300.63131798427213,516.0898179842721,2.14175,34151.631150364396,34669.86271834867,1.0149697476547632,0.025230426915920565,0.035204257418663246,0.060434684334583814,34087.09868135404,582.7640369946275,7312.3677222676615,17590.236755623275,5867.970910432145,23458.20766605542,2527.1721572015626,789.3511358293897,7937.40636201969,7937.40636201969,777.6454811180921,8715.051843137782,503.40267930904173,503.40267930904173,0.0,8440.809041328732,0.03373662156122221,0.03521135686440727,0.03337959989297992,0.5358888135784936,2489.069048085866,0.0,fiscal_scare_250bp,250.0,True
2028Q1,2028-03-31,2028,1,2028,34499.59871590287,25131.59999999999,0.018466116274653555,0.0216767083117837,0.023850744937782276,215.4585,287.53125850548395,59.12049303453405,163.14286721490578,49.997159553107,8.707284008515929,6.563454694421373,5.137064986107641,14.935804340339798,0.0,307.6041278319314,523.0626278319314,2.14175,34669.86271834867,35195.0670961806,1.0201587382509802,0.024980986216594184,0.0356646615359197,0.06064564775251389,34612.30305918597,582.7640369946275,7422.285209866853,17854.648325704093,5956.176624952724,23810.824950656817,2577.9764550448845,801.2164436174157,8117.836230000904,8117.836230000904,789.3511358293897,8907.187365830294,510.26857349159155,510.26857349159155,0.0,8628.104803492495,0.03405206613831439,0.035489512067682354,0.03328695823761664,0.563172199458663,2796.6731759177974,0.0,fiscal_scare_250bp,250.0,True
2028Q2,2028-06-30,2028,2,2028,34836.751701773224,25242.599999999988,0.017784392025415263,0.02150065998978512,0.023590801926968608,215.4585,294.6936241022778,59.86073021757616,168.2026013866305,50.94316584134021,9.039033215815342,6.6480934409154875,5.137064986107641,15.071450300540866,0.0,314.9021393889263,530.3606393889263,2.14175,35195.0670961806,35727.56948556952,1.0255712068513825,0.024739218150357335,0.03615746290982663,0.06089668106018397,35144.805448574894,582.7640369946275,7533.745550137294,18122.77129882112,6045.620435660179,24168.3917344813,2629.4198656053645,813.2482983509353,8239.472850829226,8239.472850829226,801.2164436174157,9040.689294446642,517.4309390883853,517.4309390883853,0.0,8756.903789917611,0.034340738124234924,0.03578934951632466,0.033230591206071684,0.589963994360488,3111.5753153067235,-1.4551915228366852e-11,fiscal_scare_250bp,250.0,True
2028Q3,2028-09-30,2028,3,2028,35168.71769035311,25350.699999999986,0.01724012308766243,0.02106182624872388,0.023346411992499982,215.4585,301.7647701156699,60.62781731472968,173.4004739328124,51.90468680644536,9.096063030590862,6.7357290310916245,5.137064986107641,15.214320358753913,0.0,322.11615546053144,537.5746554605314,2.14175,35727.56948556952,36267.28589103006,1.031237084341528,0.024505698717482777,0.036636667654094075,0.06114236637157685,35684.521854035425,582.7640369946275,7646.72909337303,18394.558406703254,6136.286574214171,24530.844980917427,2681.5032008498306,825.4445788951392,8318.464824475584,8318.464824475584,813.2482983509353,9131.71312282652,524.5020851017774,524.5020851017774,0.0,8842.966909577362,0.03462711807773135,0.03606359571597897,0.03323286533680406,0.6151400638616836,3433.691470767255,7.275957614183426e-12,fiscal_scare_250bp,250.0,True
2028Q4,2028-12-31,2028,4,2029,35502.9460537084,25460.399999999983,0.01742186418178404,0.020775810233577552,0.02309377715644856,173.80475,308.956314157713,61.42235144251887,178.44756356328975,52.84347574023483,9.416496744206636,6.826426667462803,5.268186894431433,15.349214844932058,0.0,329.5737158970765,503.3784658970765,-2.42575,36267.28589103006,36768.23860692713,1.0356390861565294,0.019582008742268366,0.0371319850919979,0.056713993834266264,36185.47456993251,582.7640369946275,7751.333451896988,18646.1890005126,6220.2286510128815,24866.41765152548,2730.987118334451,836.7363481755804,8244.076738621992,8244.076738621994,825.4445788951392,9069.521317517134,485.60350105214445,485.60350105214445,0.0,8729.680239674139,0.03483344025259421,0.03634942155719346,0.03295359219110845,0.6340510791101076,3763.2651866643314,0.0,fiscal_scare_250bp,250.0,True
2029Q1,2029-03-31,2029,1,2029,35840.4078533226,25572.199999999983,0.017680562926939647,0.020522825130940392,0.02297286568423096,173.80475,315.1599190974638,62.165694284213835,182.783965402459,53.72209313197324,9.578815883757908,6.9093503950598345,5.268186894431433,15.551312167697551,0.0,335.9794181595928,509.7841681595928,-2.42575,36768.23860692713,37275.597025086725,1.040043885037181,0.01939763082064228,0.037497276206743355,0.05689490702738564,36692.8329880921,582.7640369946275,7857.274135455367,18901.034185632278,6305.243091336882,25206.27727696916,2781.109205388956,848.1723702786121,8387.02544459727,8387.02544459727,836.7363481755804,9223.76179277285,491.80710599189524,491.80710599189524,0.0,8878.832550589164,0.03502427810972454,0.036551048501550394,0.032872924104032926,0.6534458571840225,4099.244604823924,7.275957614183426e-12,fiscal_scare_250bp,250.0,True
2029Q2,2029-06-30,2029,2,2029,36178.04858394721,25682.99999999998,0.01744428695602207,0.020418069374665837,0.022841686194156274,173.80475,321.33001155023743,62.91712263965866,186.92872467703955,54.61278917208582,9.878193868506312,6.993181192947158,5.268186894431433,15.747057075605499,0.0,342.34525552027435,516.1500055202744,-2.42575,37275.597025086725,37789.32128060699,1.0445373025833884,0.019216597556024072,0.03785115769590497,0.057067755251929045,37206.55724361237,582.7640369946275,7964.5439250882655,19159.076596522333,6391.324102172428,25550.40069869476,2831.860753893111,859.7518659362305,8487.592723929645,8487.592723929643,848.1723702786121,9335.765094208255,497.9771984446689,497.9771984446689,0.0,8985.569922374312,0.03510954244291749,0.03673666235739953,0.032773012317655954,0.6722960388226492,4441.589860344198,-7.275957614183426e-12,fiscal_scare_250bp,250.0,True
2029Q3,2029-09-30,2029,3,2029,36519.26990879109,25795.399999999983,0.017620997896754975,0.020285549943514614,0.02275805762511629,173.80475,326.62268538340226,63.67652868108068,190.52118947393177,55.54397050679934,9.800940105605696,7.080056615984836,5.268186894431433,15.976206467335123,0.0,347.86707874516884,521.6718287451688,-2.42575,37789.32128060699,38308.567359352164,1.0489959808898137,0.019037045421125567,0.038102303755139275,0.057139349176264835,37725.80332235754,582.7640369946275,8072.953815132291,19419.861571369598,6478.320011752342,25898.18158312194,2883.213491626174,871.454432477134,8560.998543074289,8560.998543074289,859.7518659362305,9420.75040901052,503.2698722778337,503.2698722778337,0.0,9064.268415352122,0.03529068228896329,0.03682173343755606,0.0327976487527179,0.689789686489633,4789.456939089368,7.275957614183426e-12,fiscal_scare_250bp,250.0,True
2029Q4,2029-12-31,2029,4,2030,36865.49983791807,25910.199999999983,0.017920813193843088,0.020183196343088072,0.022686563355431177,192.2015,332.8929965122523,64.46253621383114,194.59778355322345,56.43534456629354,10.227440835698735,7.169891343205619,5.3789120614604125,16.215245526594412,0.0,354.4871541003071,546.6886541003071,-5.94,38308.567359352164,38849.31601345248,1.0538122684964644,0.020854349008696836,0.038462753051914274,0.05931710206061111,38266.55197645785,582.7640369946275,8185.9441057899085,19691.66491048529,6568.991564923981,26260.656475409272,2936.2999538706285,883.6514413880349,8639.477700918402,8639.477700918402,871.454432477134,9510.932133395536,524.5334085737127,524.5334085737127,0.0,9164.011109492114,0.03539385585438404,0.03701387742068795,0.03274895964436569,0.7061635191454839,5143.944093189674,1.4551915228366852e-11,fiscal_scare_250bp,250.0,True
2030Q1,2030-03-31,2030,1,2030,37214.787548312044,26025.99999999998,0.017997333864965714,0.02008187040489151,0.022638322874940497,192.2015,338.64957264314876,65.303369103939,198.2377256742229,57.41799752379118,10.429074621589582,7.261405719606153,5.3789120614604125,16.478982834660115,0.0,360.50746753926927,552.7089675392692,-5.94,38849.31601345248,39396.08498099174,1.0586137279394099,0.020658615852688668,0.038748840586152515,0.059407456438841176,38813.32094399712,582.7640369946275,8300.174426538251,19966.451198996918,6660.658207617484,26627.1094066144,2990.054802512427,895.9823083320317,8772.896782438605,8772.896782438605,883.6514413880349,9656.54822382664,530.2899847046091,530.2899847046091,0.0,9303.186767143214,0.035543904166776275,0.037118539478474745,0.032712444914313785,0.7224979702786669,5504.451560728943,-7.275957614183426e-12,fiscal_scare_250bp,250.0,True
2030Q2,2030-06-30,2030,2,2030,37564.73739844506,26141.29999999998,0.017838848225115722,0.01995316485744958,0.022612820884429397,192.2015,344.9504698781064,66.13163974344332,202.15810083666332,58.41212226380222,10.890352327020773,7.358254707176812,5.3789120614604125,16.761917727192944,0.0,367.09129966675977,559.2927996667597,-5.94,39396.08498099174,39949.43778065851,1.0634824185490557,0.020466161971142215,0.03908892488964451,0.05955508686078672,39366.67374366388,582.7640369946275,8415.762030156178,20244.502493854936,6753.41403191378,26997.916525768716,3044.535497296396,908.4596904425849,8941.648434817656,8941.648434817656,895.9823083320317,9837.630743149688,536.5908819395668,536.5908819395668,0.0,9478.239316757223,0.03570805231425164,0.03727185580433975,0.032743076232891376,0.7397128850110214,5871.5428603957025,1.4551915228366852e-11,fiscal_scare_250bp,250.0,True
2030Q3,2030-09-30,2030,3,2030,37917.82965732295,26257.099999999977,0.017837173553037378,0.019938881222312688,0.022609552821165613,192.2015,351.48202524486857,67.01050516511857,206.54632208431295,59.343002443329155,11.12828379202657,7.453911760081408,5.3789120614604125,17.064884430108336,0.0,373.92582173643734,566.1273217364374,-5.94,39949.43778065851,40509.625102394944,1.068352948164359,0.020275580299504905,0.03944590975968185,0.059721490059186755,39926.86106540031,582.7640369946275,8532.75660295333,20525.9383177616,6847.29890968894,27373.23722745054,3099.7782837684467,921.0889512279912,9057.698282050664,9057.698282050664,908.4596904425849,9966.157972493249,543.122437306329,543.122437306329,0.0,9600.820719356992,0.03592729248282809,0.03743990829502719,0.0327086673499954,0.7565086919129799,6245.46868213214,0.0,fiscal_scare_250bp,250.0,True
2030Q4,2030-12-31,2030,4,2031,38272.713722319015,26372.999999999978,0.01777342391157455,0.019839987430776862,0.02260563078501021,184.328,358.6769749279593,67.87807877649375,211.11631894805117,60.362592215967396,11.767055587377271,7.5529294000695275,5.499835599136797,17.371536194901743,0.0,381.54834672199786,565.8763467219978,-9.2495,40509.625102394944,41066.25194911694,1.0729903358059727,0.019264690906148917,0.03987680094913104,0.059141491855279955,40483.48791212231,582.7640369946275,8648.9181539226,20805.370269361567,6940.515310708085,27745.88558006965,3155.0558886630856,933.6282894669688,8891.112071650277,8891.112071650276,921.0889512279912,9812.201022878267,539.2553105270961,539.2553105270961,0.0,9430.367382177372,0.03606179736556742,0.03767483364830652,0.032525077829539915,0.7658806233639127,6627.017028854138,-7.275957614183426e-12,fiscal_scare_250bp,250.0,True
2031Q1,2031-03-31,2031,1,2031,38631.20724469732,26489.69999999998,0.01781775002184327,0.01982598390139856,0.02258993228072148,184.328,365.04132770943073,68.75889932368467,215.25390008629537,61.37538841304041,11.999721983505005,7.653417902905477,5.499835599136797,17.66914202716621,0.0,388.2103053357338,572.5383053357338,-9.2495,41066.25194911694,41629.54075445267,1.0776142845022507,0.019085916609587875,0.04019654916572882,0.05928246577531669,41046.776717458044,582.7640369946275,8766.450656787158,21088.10010877771,7034.8318623414625,28122.931971119175,3211.0784711433207,946.3156184083858,9104.874220919326,9104.874220919324,933.6282894669688,10038.502510386294,545.6196633085675,545.6196633085675,0.0,9650.493884227892,0.03622517129563148,0.03781307393883864,0.032454475780835386,0.7773075497842334,7015.227334189872,-7.275957614183426e-12,fiscal_scare_250bp,250.0,True
2031Q2,2031-06-30,2031,2,2031,38992.312000821,26606.499999999975,0.017754036595319045,0.019811706497828263,0.02259593162071094,184.328,371.79485952377104,69.67136659481594,219.39406673328338,62.354194502999576,12.624906777907418,7.750324914764679,5.499835599136797,17.987619271319204,0.0,395.28231439422706,579.6103143942271,-9.2495,41629.54075445267,42199.90156884689,1.08226210253853,0.018909163426484573,0.04054976933769962,0.059458932764184194,41617.13753185227,582.7640369946275,8885.437945009893,21374.329501259417,7130.315838602121,28504.645339861538,3267.8942593236407,959.1599876571943,9161.00759303633,9161.00759303633,946.3156184083858,10107.323211444715,552.3731951229078,552.3731951229078,0.0,9713.380788159237,0.036338203938366266,0.037980944034502515,0.032520945440814214,0.78704465017882,7410.509648584099,0.0,fiscal_scare_250bp,250.0,True
2031Q3,2031-09-30,2031,3,2031,39355.30429460343,26722.899999999972,0.017614655473791707,0.019797160110517797,0.022579104221777335,184.328,378.12544461093876,70.55037728337855,223.47950868692098,63.3928214547749,12.866400086705209,7.836337099159278,5.499835599136797,18.292367255338057,0.0,401.9176474654136,586.2456474654136,-9.2495,42199.90156884689,42776.897716312305,1.0869410993775002,0.018734755408843413,0.04085016286056528,0.0595849182694087,42194.13367931768,582.7640369946275,9005.788911193536,21663.83928377372,7226.894128347787,28890.733412121506,3325.459793596554,972.151562406086,9341.205223320374,9341.205223320374,959.1599876571943,10300.365210977568,558.7037802100755,558.7037802100755,0.0,9899.909003530449,0.03650154149675535,0.038096548335280485,0.032340647732791855,0.7979939884752,7812.427296049512,-7.275957614183426e-12,fiscal_scare_250bp,250.0,True
2031Q4,2031-12-31,2031,4,2032,39720.68513087373,26839.599999999966,0.017582923791722438,0.019727225080271582,0.0225727995952707,192.24275,385.09619523571445,71.32584817665281,227.8381677110595,64.44359324720774,13.563120488278805,7.925465612515615,5.6120176762582625,18.60944171624964,0.0,409.3176546282224,601.5604046282224,-11.316,42776.897716312305,43367.14212094054,1.0918024696213642,0.019359459623275763,0.04121959661869696,0.060579056241972726,42784.37808394591,582.7640369946275,9128.925396980225,21960.049761762588,7325.7077197935205,29285.75748155611,3384.2513786358486,985.4438267737236,9399.041676673247,9399.041676673245,972.151562406086,10371.193239079332,571.6349629119726,571.6349629119726,0.0,9970.676639585217,0.036604605568437136,0.03827464603372913,0.032374091811304344,0.8072108258136032,8221.744950677734,7.275957614183426e-12,fiscal_scare_250bp,250.0,True
2032Q1,2032-03-31,2032,1,2032,40089.031498890115,26956.799999999967,0.017581469158450158,0.01968526656714742,0.02257678241908323,192.24275,391.5884365374138,72.14133294963622,232.0930607606108,65.51917919009456,13.81581449670112,8.01904914037115,5.6120176762582625,18.941756179157295,0.0,416.14221039282944,608.3849603928295,-11.316,43367.14212094054,43964.21108133337,1.096664335294569,0.01918158087758467,0.0415218023318274,0.06070338320941208,43381.44704433874,582.7640369946275,9253.460383262225,22259.624396991592,7425.643568835754,29685.26796582735,3443.8316396054165,998.8870556437441,9597.272267685054,9597.272267685054,985.4438267737236,10582.716094458778,578.127204213672,578.127204213672,0.0,10175.399471898725,0.03671816585815356,0.03838318044867322,0.0322148941492938,0.8177902119241499,8637.887161070563,0.0,fiscal_scare_250bp,250.0,True
2032Q2,2032-06-30,2032,2,2032,40460.63202228239,27074.499999999967,0.017579698909776065,0.01967074272996472,0.02256916678199805,192.24275,398.2870860121586,72.98666877298058,236.15154562664335,66.60748058616448,14.427930916904021,8.113460109466311,5.6120176762582625,19.26878079452984,0.0,423.16788448294676,615.4106344829468,-11.316,43964.21108133337,44568.305715816314,1.101522726863776,0.019005412460599082,0.04183502464814694,0.060840437108746016,43985.54167882168,582.7640369946275,9379.438332640177,22562.67014629082,7526.737355469951,30089.407501760772,3504.2097957821316,1012.486048638602,9665.493152054001,9665.493152054001,998.8870556437441,10664.380207697744,584.8258536884168,584.8258536884168,0.0,10250.319005742418,0.03676995110376133,0.03850112389826263,0.03223726518601278,0.8267431035839452,9061.05504555351,-7.275957614183426e-12,fiscal_scare_250bp,250.0,True
2032Q3,2032-09-30,2032,3,2032,40836.05204124299,27192.699999999968,0.017577617243731636,0.01971028327301072,0.022571739816290792,192.24275,404.40538258037236,73.83962827370978,240.0023681927564,67.70889739154406,14.643226867902882,8.211261854459064,5.6120176762582625,19.608822788375058,0.0,429.6262230450057,621.8689730450058,-11.316,44568.305715816314,45178.85868886132,1.1063473678413438,0.018830689098529065,0.042083032180593574,0.060913721279122646,44596.09465186669,582.7640369946275,9506.73423068693,22868.886281707993,7628.888759109159,30497.775040817152,3565.3580695875758,1026.2273107750289,9828.84732866728,9828.84732866728,1012.486048638602,10841.333377305882,590.9441502566306,590.9441502566306,0.0,10419.791478923911,0.03682916628612905,0.0385589010975161,0.03209665104529116,0.8363103412024749,9490.681268598517,0.0,fiscal_scare_250bp,250.0,True
2032Q4,2032-12-31,2032,4,2033,41216.34791573707,27311.899999999965,0.017649746885700424,0.0197758101815233,0.02257356533731114,249.09275,410.68251003075045,74.72293105319928,243.81590223021706,68.82234769121143,15.008887838844982,8.312441217277733,5.6542680689403735,19.952595843997877,0.0,436.2893739436887,685.3821239436887,-14.7595,45178.85868886132,45849.481312805,1.1124100904461487,0.02417416996860048,0.04234139083216603,0.06651556080076651,45266.71727581038,582.7640369946275,9646.895742604913,23206.051242812937,7741.364458627433,30947.415701440368,3631.0484491947,1041.357382570394,10609.494410914582,10609.494410914582,1026.2273107750289,11635.72172168961,650.6700280996909,650.6700280996909,0.0,11260.164439014272,0.03690757200523714,0.038627746393359357,0.032909040536293004,0.8410872592609694,9926.970642542206,-7.275957614183426e-12,fiscal_scare_250bp,250.0,True
2033Q1,2033-03-31,2033,1,2033,41600.43694465073,27431.899999999965,0.017690923464234398,0.019759214646802636,0.022564008293708637,249.09275,417.748424055428,75.72813157944856,248.2501446088852,70.04889519445821,15.294068054185129,8.427184618450916,5.6542680689403735,20.311683391433622,0.0,443.71437551580203,692.807125515802,-14.7595,45849.481312805,46527.528938320815,1.1184384673705607,0.02395097439302546,0.04266439567508993,0.06661537006811538,45944.76490132618,582.7640369946275,9788.579330460023,23546.877627564914,7855.06158158361,31401.939209148524,3697.5946032009565,1056.6517585166755,10865.897057496995,10865.897057496997,1041.357382570394,11907.25444006739,657.7359421243684,657.7359421243684,0.0,11523.632999621366,0.03700490038936854,0.03871052520647643,0.03282900936657372,0.8472219142165096,10370.685018058008,1.4551915228366852e-11,fiscal_scare_250bp,250.0,True
2033Q2,2033-06-30,2033,2,2033,41988.19529528469,27552.599999999962,0.017716447921211298,0.01974238719039123,0.022564493843014066,249.09275,425.12191306230386,76.76693339913274,252.86479771461472,71.2893308059101,15.660463304435368,8.540387838211029,5.6542680689403735,20.68437660844986,0.0,451.4605577396941,700.5533077396941,-14.7595,46527.528938320815,47213.3227460605,1.1244427728800859,0.02372978864637922,0.04300833170511555,0.06673812035149478,46630.558709065874,582.7640369946275,9931.851249301168,23891.52481553027,7970.033295804365,31861.558111334634,3765.031757755461,1072.1175906746134,10979.171337482625,10979.171337482627,1056.6517585166755,12035.823095999302,665.1094311312443,665.1094311312443,0.0,11644.280768613871,0.0370857010812182,0.03881233910686918,0.03290176334016603,0.8516986907330069,10822.145575797702,-1.4551915228366852e-11,fiscal_scare_250bp,250.0,True
2033Q3,2033-09-30,2033,3,2033,42379.52583009044,27674.099999999962,0.017756007302464516,0.019698696995388953,0.022564267205522626,249.09275,432.4151278982493,77.79122491015139,257.46615870158075,72.54395963734409,15.9537548104988,8.66002983867419,5.6542680689403735,21.06141085788498,0.0,459.13080682507467,708.2235568250746,-14.7595,47213.3227460605,47906.786802885574,1.1304229073953125,0.02351066890164575,0.04333515279673858,0.06684582169838432,47324.02276589095,582.7640369946275,10076.69420718515,24239.95121014461,8086.265724988133,32326.216935132743,3833.358611149281,1087.7530124237749,11197.965295432443,11197.965295432443,1072.1175906746134,12270.082886107057,672.4026459671896,672.4026459671896,0.0,11870.367941399632,0.037141509671601736,0.03889841088241431,0.03280694983444911,0.8576312975970518,11281.276382622777,0.0,fiscal_scare_250bp,250.0,True
2033Q4,2033-12-31,2033,4,2034,42774.423913041785,27796.199999999968,0.017765412373738743,0.019681678339410258,0.022563340221916306,228.68725,439.5035194057765,78.87532390674176,261.80996209941856,73.81292718295788,16.227139406398464,8.778166810259863,5.687777001067564,21.44275444506103,0.0,466.6340508519051,695.3213008519051,-17.2085,47906.786802885574,48584.89960373749,1.135839951988789,0.021385419517505087,0.043636735054625,0.06502215457213009,48002.13556674286,582.7640369946275,10218.148189327898,24580.22526779895,8199.778595771528,32780.00386357048,3900.9609108157456,1103.0226030287372,11276.614803033754,11276.614803033754,1087.7530124237749,12364.367815457528,656.6700464068442,656.6700464068442,0.0,11933.284849440597,0.037185979214486325,0.038961832507940046,0.0328272673473917,0.8619454096179423,11747.91043347468,7.275957614183426e-12,fiscal_scare_250bp,250.0,True
2034Q1,2034-03-31,2034,1,2034,43170.439807305294,27917.299999999963,0.01754105922100746,0.019664438509282567,0.022572136924965847,228.68725,446.33802407605197,79.90591884054416,265.9624336811459,75.0527715140895,16.52102274684572,8.895877293426738,5.687777001067564,21.82933963159045,0.0,473.85514070871,702.54239070871,-17.2085,48584.89960373749,49270.23349444619,1.1412956114037247,0.021189244401564014,0.04390551894525979,0.0650947633468238,48687.46945745157,582.7640369946275,10361.074399276487,24924.04083712865,8314.472888259399,33238.51372538805,3969.4302159789354,1118.4511168080908,11519.44785721845,11519.44785721845,1103.0226030287372,12622.470460247188,663.5045510771197,663.5045510771197,0.0,12182.95240829557,0.03722469625295677,0.03901254460324193,0.03274159867022558,0.8676749332432926,12221.765574183391,-7.275957614183426e-12,fiscal_scare_250bp,250.0,True
2034Q2,2034-06-30,2034,2,2034,43571.60204462971,28039.99999999996,0.017696739357757174,0.019646981729401825,0.022559374014152977,228.68725,453.18180846025876,80.97179643034549,270.10725348274235,76.30609339525071,16.781949150447073,9.01471600147321,5.687777001067564,22.200031017248385,0.0,481.0696164785747,709.7568664785747,-17.2085,49270.23349444619,49962.78186092478,1.1466822314623337,0.020994155759134974,0.044163592239351,0.06515774799848598,49380.017823930146,582.7640369946275,10505.47483598381,25271.402726706812,8430.350206555628,33701.75293326244,4038.751285140276,1134.038769543618,11642.111018412828,11642.111018412828,1118.4511168080908,12760.56213522092,670.3483354613264,670.3483354613264,0.0,12312.459353874154,0.03725891626155001,0.039055598673613065,0.03283045302211096,0.8721405665313514,12702.835190661966,1.4551915228366852e-11,fiscal_scare_250bp,250.0,True
2034Q3,2034-09-30,2034,3,2034,43977.58425017203,28163.69999999996,0.01776333439337474,0.01968155262857385,0.022566712808094413,228.68725,460.0536930454889,82.04775846903357,274.2123504525082,77.57292217752422,17.083144560825186,9.137517385597702,5.687777001067564,22.5950133539232,0.0,488.33648340047966,717.0237334004796,-17.2085,49962.78186092478,50662.59709432525,1.1520095511869108,0.02080034671291481,0.04441685387924139,0.0652172005921562,50079.83305733062,582.7640369946275,10651.355552543588,25622.32549752866,8547.4154080989,34169.740905627565,4108.95038450838,1149.7862146510906,11877.142505721233,11877.142505721231,1134.038769543618,13011.18127526485,677.2202200465565,677.2202200465565,0.0,12554.362725767787,0.03730378441901439,0.03909602029445051,0.03274315722955823,0.8778025206375938,13191.171674062447,-7.275957614183426e-12,fiscal_scare_250bp,250.0,True
2034Q4,2034-12-31,2034,4,2035,44387.20338625174,28287.799999999956,0.0177423648279893,0.01968916041410429,0.02257322550837304,189.9905,467.13274474597466,83.16045847648407,278.48934364112586,78.85332281940374,17.37096631548301,9.258653493477908,5.709630652454863,22.9943250622723,0.0,495.8367004607018,685.8272004607018,-17.416,50662.59709432525,51331.00829478595,1.1564370894942424,0.017121195795709594,0.04468285114932739,0.06180404694503698,50748.244257791324,582.7640369946275,10790.385477338838,25956.768373783052,8658.983040549021,34615.75141433207,4177.313231569828,1164.79413455058,11763.68304699446,11763.68304699446,1149.7862146510906,12913.46926164555,645.4168753984295,645.4168753984295,0.0,12409.099922392888,0.037325509499468765,0.03914814706696044,0.032611553476163936,0.8820822666344748,13687.00837452315,0.0,fiscal_scare_250bp,250.0,True
2035Q1,2035-03-31,2035,1,2035,44800.92530649948,28412.399999999954,0.017735654711652504,0.019722056747187633,0.02256874260208286,189.9905,473.64640832577754,84.19198268693629,282.3359255892643,80.07415163748921,17.667755628955234,9.376592783132173,5.709630652454863,23.372290273265083,0.0,502.7283292514975,692.7188292514975,-17.416,51331.00829478595,52006.31112403744,1.160831183022299,0.0169630871416343,0.04488553089581517,0.06184861803744947,51423.54708704282,582.7640369946275,10930.818517224754,26294.586507898865,8771.676633679559,35066.26314157843,4246.511911153587,1179.953517086056,12038.743622223179,12038.74362222318,1164.79413455058,13203.537756773761,651.9305389782323,651.9305389782323,0.0,12690.674161201414,0.037341936312490144,0.03917541041581785,0.032555639893990955,0.8876945530937553,14189.736703774646,-7.275957614183426e-12,fiscal_scare_250bp,250.0,True
2035Q2,2035-06-30,2035,2,2035,45218.33639157957,28537.399999999954,0.017714424126451522,0.01972826196496369,0.022573755489187608,189.9905,480.160351472469,85.26038443435307,286.1999752998175,81.30786474828577,17.896451061262617,9.495675928750034,5.709630652454863,23.764694049647908,0.0,509.6346761745718,699.6251761745718,-17.416,52006.31112403744,52688.520300212025,1.1652025373941783,0.016806500650950927,0.045082125247710304,0.06188862589866124,52105.756263217394,582.7640369946275,11072.65473242313,26635.780044742405,8885.496235816821,35521.27628055923,4316.5608814767365,1195.2643687583052,12114.239973764365,12114.239973764365,1179.953517086056,13294.19349085042,658.4444821249238,658.4444821249238,0.0,12772.684455889288,0.03736516278847409,0.03919791003511629,0.032634062681467964,0.8917936142489139,14699.371379949218,7.275957614183426e-12,fiscal_scare_250bp,250.0,True
2035Q3,2035-09-30,2035,3,2035,45639.620134528195,28662.899999999958,0.017707331988727093,0.01973390522034224,0.022567910616891007,189.9905,486.83328894602835,86.33902527606936,290.12368225361274,82.55447394069414,18.20020562899155,9.615901846660563,5.709630652454863,24.15050537362299,0.0,516.6934249721062,706.6839249721062,-17.416,52688.520300212025,53377.78822518412,1.1695493535626886,0.016651365584549604,0.04528463851794481,0.06193600410249441,52795.0241881895,582.7640369946275,11215.928372068365,26980.431372181116,9000.469330934808,35980.90070311593,4387.464726332632,1210.7303866725824,12256.763826173914,12256.763826173912,1195.2643687583052,13452.028194932218,665.1174195984831,665.1174195984831,0.0,12921.881245772394,0.0373890022345888,0.039226261965836756,0.032503730292093996,0.8959750021485873,15216.064804921323,-1.4551915228366852e-11,fiscal_scare_250bp,250.0,True
2035Q4,2035-12-31,2035,4,2036,46065.09112612179,28788.899999999954,0.01769999094559438,0.019764486694536787,0.022571471840996393,242.76275,493.5881922398168,87.4281616602729,294.11683561602854,83.81400419771168,18.491891630989606,9.737299134814242,5.7387688543045945,24.55104300793973,0.0,523.8780041020611,766.6407541020611,-16.55475,53377.78822518412,54127.874229286186,1.1750302214987325,0.021079975666201456,0.04549023925017177,0.06657021491637322,53545.110192291555,582.7640369946275,11372.21661757631,27356.389932393293,9125.886283844651,36482.276216237944,4463.016060932345,1227.6012975449667,12145.498565468668,12145.498565468668,1210.7303866725824,13356.22895214125,725.5349610941214,725.5349610941214,0.0,12871.03352656279,0.03740781557768157,0.039258127511165086,0.0322019722593386,0.8973788772048817,15739.942809023385,7.275957614183426e-12,fiscal_scare_250bp,250.0,True
2036Q1,2036-03-31,2036,1,2036,46494.040876359606,28915.29999999995,0.017678326506116004,0.019743412449576114,0.022574269177581208,242.76275,500.85306973806405,88.61799799246339,298.35682845369416,85.18857400160356,18.81975485804156,9.869914432261535,5.7387688543045945,24.976876769482605,0.0,531.5687153618512,774.3314653618512,-16.55475,54127.874229286186,54885.650944648034,1.180487862747917,0.020885493747086658,0.045732201834246936,0.0666176955813336,54302.88690765341,582.7640369946275,11530.069797951513,27736.113015379447,9252.559053287056,36988.67206866651,4539.503901956749,1244.6411390786486,12406.600223974126,12406.600223974128,1227.6012975449667,13634.201521519095,732.7998385923686,732.7998385923686,0.0,13139.400062566498,0.03742381264418497,0.03928243796237932,0.032151104680632765,0.8992432220637132,16271.511524385236,0.0,fiscal_scare_250bp,250.0,True
2036Q2,2036-06-30,2036,2,2036,46926.90943172654,29041.99999999995,0.017642589134278408,0.019772661061247865,0.022576315037704076,242.76275,508.16186030928066,89.8192437260423,302.63218019222234,86.55181241448275,19.151709218341033,10.006914758192334,5.7387688543045945,25.407217489929266,0.0,539.3078466535145,782.0705966535145,-16.55475,54885.650944648034,55651.166791301555,1.1859116115939372,0.020692839391282986,0.04597002898204049,0.06666286837332347,55068.402754306924,582.7640369946275,11689.497372554995,28119.623376067433,9380.495230135102,37500.11860620254,4616.93584316228,1261.8509323871224,12484.761538909113,12484.761538909113,1244.6411390786486,13729.402677987762,740.1086291635852,740.1086291635852,0.0,13224.870168072699,0.03744315759312348,0.03930410497981736,0.03217310398203478,0.9005913849909178,16810.81937103875,7.275957614183426e-12,fiscal_scare_250bp,250.0,True
2036Q3,2036-09-30,2036,3,2036,47363.26883080593,29168.899999999947,0.01759302613883751,0.01977588746711989,0.022577621701592054,242.76275,515.5890366730866,91.06118453220341,306.942984835521,87.9549524340637,19.48778800223724,10.142126869061498,5.7387688543045945,25.84208063552641,0.0,547.1698861629176,789.9326361629176,-16.55475,55651.166791301555,56424.544677464466,1.1913144103087099,0.020502195561477185,0.04621048332770718,0.06671267888918436,55841.78064046984,582.7640369946275,11850.524842994271,28506.9823597466,9509.715278716729,38016.69763846333,4695.32472870945,1279.2334303027988,12639.727343275317,12639.727343275319,1261.8509323871224,13901.578275662441,747.5358055273912,747.5358055273912,0.0,13387.263148802711,0.037459537919662625,0.03932854728562075,0.03215061170646742,0.9019160983544977,17357.98925720167,-7.275957614183426e-12,fiscal_scare_250bp,250.0,True
2036Q4,2036-12-31,2036,4,2037,47803.10567352211,29295.799999999945,0.017515988152144724,0.01980359078796723,0.022578201318361746,245.031015,523.0621921751867,92.28596221481789,311.29352424906267,89.37281941712558,19.828047598121866,10.281838696058744,5.894658234200658,26.2815108209958,0.0,555.2383612303831,800.2693762303832,0.0,56424.544677464466,57224.81405369485,1.197094064233391,0.02050335529858441,0.0464604425513656,0.06696379784995,56642.050016700225,582.7640369946275,12017.250379344518,28908.048302953794,9643.507866082131,38551.556169035925,4776.012448660387,1297.2310196593987,12785.776388950979,12785.776388950979,1279.2334303027988,14065.009819253777,773.9878654093874,773.9878654093874,0.0,13559.764254360367,0.0374779852606088,0.03936147748496701,0.03215450796767611,0.9032502861340167,17913.22761843205,0.0,fiscal_scare_250bp,250.0,True
2037Q1,2037-03-31,2037,1,2037,48236.208408672086,29422.887487607255,0.01746555549210771,0.01893970235169573,0.022578065905819455,245.031015,530.8197956664242,93.58433732914543,315.7893794379551,90.84119306346088,20.17839151535063,10.426494320512418,5.894658234200658,26.732991551236026,0.0,563.4474454518609,808.4784604518609,0.0,57224.81405369485,58033.29251414671,1.2031064303908527,0.020319259998548923,0.04672402446545215,0.06704328446400108,57450.52847715208,582.7640369946275,12185.646989183992,29313.13409027003,9778.641443260469,39091.7755335305,4857.696957371259,1315.4089970663374,13029.333488071607,13029.333488071608,1297.2310196593987,14326.564507731007,781.7454689006248,781.7454689006248,0.0,13811.078956972233,0.037494475888296366,0.03938483364389233,0.03212554307701691,0.9048488857205695,18476.67506388391,0.0,fiscal_scare_250bp,250.0,True
2037Q2,2037-06-30,2037,2,2037,48673.235114379044,29550.526290744652,0.01746555549210771,0.01893970235169662,0.022399155671420257,245.031015,538.6327566146374,94.89572592827032,320.3258581507994,92.3063753932012,20.532197328445882,10.572599813920684,5.894658234200658,26.9765290085275,0.0,571.5039438573655,816.5349588573655,0.0,58033.29251414671,58849.82747300407,1.2090798430535936,0.02013681765135952,0.04696658790108092,0.06710340555244045,58267.06343600945,582.7640369946275,12355.72659712045,29722.268406887542,9915.125579416484,39637.39398630403,4940.174202830873,1333.768649754103,13194.493904345842,13194.493904345842,1315.4089970663374,14509.902901412179,789.558429848838,789.558429848838,0.0,13984.05233419468,0.03750984889515558,0.0393914540497974,0.03219443125980197,0.9064988071249078,19048.179007741277,-7.275957614183426e-12,fiscal_scare_250bp,250.0,True
2037Q3,2037-09-30,2037,3,2037,49114.22134235779,29678.718801062332,0.017465555492108598,0.01893970235169573,0.022399155671420257,245.031015,546.5125573413764,96.22022087507553,324.9058250030087,93.77596189888756,20.8903840420058,10.720165522398602,5.894658234200658,27.43455465817378,0.0,579.8417702337507,824.8727852337507,0.0,58849.82747300407,59674.70025823783,1.2150187588695889,0.019956013415501454,0.04722394079644506,0.06717995421194652,59091.9362212432,582.7640369946275,12527.50360118056,30135.485887921437,10052.971828564541,40188.45771648598,5023.6633716243205,1352.3115319523426,13368.943991055081,13368.94399105508,1333.768649754103,14702.712640809183,797.438230575577,797.438230575577,0.0,14166.382221630656,0.03752653627648407,0.03941162073922742,0.03217814899592236,0.9077541108828764,19628.020777975027,7.275957614183426e-12,fiscal_scare_250bp,250.0,True
2037Q4,2037-12-31,2037,4,2038,49559.202966426594,29807.46742058563,0.01746555549210682,0.01893970235169573,0.022399155671420257,254.402365,554.4962957390519,97.55793429419363,329.52733636914587,95.28882448328747,21.25299665435799,10.869203938066951,5.91068424521801,27.898199880100705,0.0,588.3051798643706,842.7075448643707,0.0,59674.70025823783,60517.40780310219,1.2211134195216806,0.02053320875013607,0.047483021893060896,0.06801623064319696,59934.64376610757,582.7640369946275,12703.022535180695,30557.704753468253,10193.820872001796,40751.52562547005,5108.8372596714435,1371.2583457853868,13317.26300943905,13317.26300943905,1352.3115319523426,14669.574541391392,814.80934498427,814.80934498427,0.0,14132.072354423319,0.03754115323037629,0.03943414393828699,0.031993965421201156,0.9090016643764257,20216.3259578394,-1.4551915228366852e-11,fiscal_scare_250bp,250.0,True
2038Q1,2038-03-31,2038,1,2038,50028.44495100026,29936.599810103187,0.017441798459170377,0.020613213981166334,0.022399155671420257,254.402365,562.6233284180754,98.92478799271967,334.21941388579546,96.83464273501133,21.622994850298944,11.021488954250048,5.91068424521801,28.371200950738853,0.0,596.9052136140323,851.3075786140323,0.0,60517.40780310219,61368.71538171623,1.2266764526025755,0.020340617442670565,0.047725266231933745,0.06806588367460431,60785.9513447216,582.7640369946275,12880.292121798142,30984.13489437552,10336.074765280144,41320.209659655666,5195.055425238491,1390.3941380293106,13583.823505142213,13583.82350514221,1371.2583457853868,14955.081850927598,822.9363776632935,822.9363776632935,0.0,14406.759882805503,0.03755491656303802,0.03945345547886697,0.03197940384851099,0.9105969406444481,20813.23117145343,7.275957614183426e-12,fiscal_scare_250bp,250.0,True
2038Q2,2038-06-30,2038,2,2038,50502.12986497769,30066.291629034426,0.017441798459170377,0.020613213981166334,0.022624692238107036,254.402365,570.8255314511675,100.30527489850301,338.95708200031777,98.38910763525053,21.998774032685525,11.175292884410585,5.91068424521801,29.138069836340414,0.0,605.8742855327259,860.276650532726,0.0,61368.71538171623,62228.99203224896,1.2322052990363808,0.020149832546086214,0.04798801849764271,0.06813785104372894,61646.22799525433,582.7640369946275,13059.328553557563,31414.8152625058,10479.746502448479,41894.56176495428,5282.617020117326,1409.7206566251662,13793.824484063458,13793.824484063458,1390.3941380293106,15184.218622092769,831.1385806963856,831.1385806963856,0.0,14624.963064759844,0.037568214068473826,0.039490758883522985,0.03198996464150208,0.9122083485308821,21419.105456986155,7.275957614183426e-12,fiscal_scare_250bp,250.0,True
2038Q3,2038-09-30,2038,3,2038,50980.29977539962,30196.54530094844,0.01744179845916949,0.020613213981166334,0.022624692238107036,254.402365,579.1094929934401,101.69952111082952,343.73939195420206,99.96075266251194,22.379197488271707,11.33062977762477,5.91068424521801,29.629186033901263,0.0,614.6493632725594,869.0517282725594,0.0,62228.99203224896,63098.04376052151,1.2376946396648942,0.01996083711714548,0.04822642204776964,0.06818725916491512,62515.27972352689,582.7640369946275,13240.149442145012,31849.78822357962,10624.850216393077,42474.638439972696,5371.252038700384,1429.2398027087986,13909.099919552551,13909.099919552551,1409.7206566251662,15318.820576177717,839.4225422386581,839.4225422386581,0.0,14748.52246179121,0.03758141334796657,0.03950887476718436,0.03200080253225988,0.913380076829302,22033.754820258713,-7.275957614183426e-12,fiscal_scare_250bp,250.0,True
2038Q4,2038-12-31,2038,4,2039,51462.997147610695,30327.36325991377,0.017441798459170377,0.020613213981167222,0.022624692238107036,260.45804,587.480110508128,103.10766378070427,348.56734933969994,101.5532659230539,22.764316550397478,11.487514914271967,5.922339525957902,30.1263228592124,0.0,623.5287728932983,883.9868128932983,0.0,63098.04376052151,63982.03057341481,1.243262812499939,0.020244296246713447,0.048464240907294086,0.06870853715400753,63399.26653642019,582.7640369946275,13424.080424181686,32292.242657437884,10772.449693486074,43064.69235092396,5461.3990859982405,1449.0946753163046,14088.980524537315,14088.980524537317,1429.2398027087986,15518.220327246116,853.8604900340858,853.8604900340858,0.0,14942.841014571402,0.03759427696823542,0.03952761358243064,0.03200936286274808,0.9145395418098117,22657.283593152013,0.0,fiscal_scare_250bp,250.0,True
2039Q1,2039-03-31,2039,1,2039,51938.92936982024,30457.141414438727,0.017227156981449054,0.019937887724799763,0.022624692238107036,260.45804,595.9915499459554,104.54002630331489,353.47519427815416,103.17317018414954,23.156060727481997,11.647098452854799,5.922339525957902,30.631940363684727,0.0,632.545829835598,893.003869835598,0.0,63982.03057341481,64875.034443250406,1.2490637606586257,0.020058791596989856,0.04871458364739776,0.06877337524438762,64292.27040625578,582.7640369946275,13609.844864298007,32739.107559003383,10921.520469491474,43660.62802849486,5552.65004849327,1469.1474649696477,14339.85359978557,14339.85359978557,1449.0946753163046,15788.948275101875,862.3719294719133,862.3719294719133,0.0,15202.225529257485,0.037609898882394556,0.039545217566035004,0.03199469293582077,0.9160809221625061,23289.829422987612,-7.275957614183426e-12,fiscal_scare_250bp,250.0,True
2039Q2,2039-06-30,2039,2,2039,52419.26303564348,30587.47492121266,0.017227156981449054,0.019937887724799763,0.022796693476643037,260.45804,604.6388029331401,105.98666688072073,358.42885557415684,104.86138307083421,23.553624657734336,11.808272749693542,5.922339525957902,31.378527457680832,0.0,641.9396699167788,902.3977099167788,0.0,64875.034443250406,65777.43215316719,1.2548332109980365,0.019874986782847104,0.04898502060055897,0.06886000738340607,65194.668116172565,582.7640369946275,13797.472018232824,33190.453304301,11072.08602132278,44262.53932562378,5645.255442565971,1489.401329749981,14560.60596397815,14560.605963978149,1469.1474649696477,16029.753428947797,871.019182459098,871.019182459098,0.0,15431.625146437247,0.03762151484812605,0.03958007424124404,0.03197774466938422,0.917788373732594,23931.76909290439,0.0,fiscal_scare_250bp,250.0,True
2039Q3,2039-09-30,2039,3,2039,52904.03884983833,30718.366156722746,0.017227156981449054,0.019937887724799763,0.02279669347664215,260.45804,613.3151610440073,107.44781334198811,363.4288667275785,106.51130818120174,23.956109605373282,11.971063187865472,5.922339525957902,31.90184891234748,0.0,651.1393494823127,911.5973894823127,0.0,65777.43215316719,66689.02954264951,1.2605659415141857,0.019692866228174254,0.04923173078187791,0.06892459701005217,66106.26550565488,582.7640369946275,13986.968155551294,33646.294975058,11224.151380130968,44870.44635518897,5738.994048474002,1509.8569464406073,14695.180674147387,14695.180674147387,1489.401329749981,16184.582003897367,879.6955405699651,879.6955405699651,0.0,15574.876214717351,0.037633334687553324,0.03959651984991392,0.0320060166216549,0.9195001863716568,24582.908442386703,1.4551915228366852e-11,fiscal_scare_250bp,250.0,True
2039Q4,2039-12-31,2039,4,2040,53393.29789360222,30849.817507625736,0.017227156981449054,0.019937887724799763,0.022796693476643037,264.33496,622.0867106433074,108.92351451135572,368.4744141563786,108.18975438766267,24.36355238089414,12.13547520701638,5.935451716790281,32.431574249555645,0.0,660.4537366096532,924.7886966096532,0.0,66689.02954264951,67613.81823925916,1.2663353062400158,0.01980285694483566,0.04947839992395684,0.0692812568687925,67031.05420226452,582.7640369946275,14179.191737458172,34108.69763917173,11378.405437061632,45487.10307623337,5834.15240487025,1530.6069837027285,15639.867782254432,15639.867782254432,1509.8569464406073,17149.72472869504,892.3571223600976,892.3571223600976,0.0,16532.22490461453,0.03764635886169259,0.03961393597351867,0.03254443299592784,0.9212273440583779,25243.362178996354,-1.4551915228366852e-11,fiscal_scare_250bp,250.0,True
2040Q1,2040-03-31,2040,1,2040,53889.0305474941,30984.73913358242,0.017609093307503265,0.01970258122673907,0.022796693476643926,264.33496,631.0080118081868,110.42045565545551,373.6416078519057,109.8664811523463,24.7772135169685,12.302253631510682,5.935451716790281,32.96932272513714,0.0,669.9127862501141,934.2477462501141,0.0,67613.81823925916,68548.06598550928,1.2720226229546978,0.01962068772174577,0.04972535445110291,0.06934604217284868,67965.30194851465,582.7640369946275,14373.337066188391,34575.72315362492,11534.201642156188,46109.9247957811,5930.47561799349,1551.5644685516504,15928.193171611974,15928.193171611974,1530.6069837027285,17458.800155314704,901.278423524977,901.278423524977,0.0,16829.47159513695,0.03765640369634969,0.039631708647457346,0.03253288317402353,0.9233845077754348,25913.27496524647,1.4551915228366852e-11,fiscal_scare_250bp,250.0,True
2040Q2,2040-06-30,2040,2,2040,54389.36585516145,31120.25083904756,0.017609093307503265,0.01970258122673907,0.022246337554163054,264.33496,639.9702934339899,111.9323624029421,378.85626728393146,111.53897283782797,25.17199149330421,12.470699415983892,5.935451716790281,32.71120231872166,0.0,678.6169474695018,942.9519074695019,0.0,68548.06598550928,69491.01789297878,1.2776581745415627,0.019440194298563612,0.04990806101888775,0.06934825531745135,68908.25385598415,582.7640369946275,14569.412969385943,35047.39275372101,11691.547079352436,46738.93983307345,6027.17069961609,1572.7303539086524,16198.787201741912,16198.787201741912,1551.5644685516504,17750.351670293563,910.2407051507802,910.2407051507802,0.0,17109.027906892694,0.037698209248865494,0.0395994803186983,0.03261220738090717,0.925889632904505,26591.89191271597,0.0,fiscal_scare_250bp,250.0,True
2040Q3,2040-09-30,2040,3,2040,54894.34655016561,31256.35520473291,0.017609093307503265,0.01970258122673907,0.022246337554163054,264.33496,649.569830420913,113.45930349909302,384.12107815916096,113.75632036615463,25.592308176963694,12.640820219540796,5.935451716790281,33.24455117333714,0.0,688.7498333110404,953.0847933110405,0.0,69491.01789297878,70444.10268628981,1.2832669867363107,0.01926136125937381,0.05018730536716536,0.06944866662653917,69861.33864929518,582.7640369946275,14767.556718895286,35524.0366531932,11850.551905472454,47374.58855866565,6125.073913820807,1594.119457913421,16432.522776117185,16432.522776117185,1572.7303539086524,18005.253130025838,919.8402421377033,919.8402421377033,0.0,17352.363018254888,0.03774776161169658,0.03964540190628753,0.03261956539905772,0.9285642826391781,27280.641746027013,0.0,fiscal_scare_250bp,250.0,True
2040Q4,2040-12-31,2040,4,2041,55404.01576282974,31393.054822636957,0.017609093307502377,0.01970258122673907,0.022246337554162166,273.20975999999996,659.420011171782,115.00234794839706,389.43448978604226,116.15252659675525,26.01791169760805,12.812735142979122,5.957305368177581,33.78456382220109,0.0,699.1618803621607,972.3716403621606,0.0,70444.10268628981,71416.47432665198,1.2890125985157364,0.01972490666882634,0.05047734325649547,0.07020224992532181,70833.71028965735,582.7640369946275,14969.738743628664,36010.39480938404,12012.797334697094,48023.19214408113,6224.834918689518,1615.944483258028,16546.19572335825,16546.19572335825,1594.119457913421,18140.31518127167,938.5870765399595,938.5870765399595,0.0,17484.78279989821,0.03779345326450381,0.039700236283837856,0.03267115594191694,0.9313110493067798,27979.803626389174,0.0,fiscal_scare_250bp,250.0,True
2041Q1,2041-03-31,2041,1,2041,55931.13799773581,31527.09931704546,0.017189212325988024,0.02105209487726678,0.022246337554163942,273.20975999999996,669.4077310514265,116.57684046600822,394.8465154960523,118.54456147245848,26.451659832720942,12.988153784186398,5.957305368177581,34.334823636758706,0.0,709.6998600563628,982.9096200563628,0.0,71416.47432665198,72399.38394670835,1.2944378844864413,0.01953900955929486,0.050755259804303836,0.0702942693635987,71816.61990971371,582.7640369946275,15174.072233557132,36501.92841401927,12176.76925466442,48678.697668683686,6325.8482537808495,1638.001753692043,16915.044642658188,16915.044642658188,1615.944483258028,18530.989125916214,948.574796419604,948.574796419604,0.0,17863.619439077793,0.03782996206848603,0.03974992418753494,0.03257060131237756,0.9347139891577683,28689.503486445537,0.0,fiscal_scare_250bp,250.0,True
2041Q2,2041-06-30,2041,2,2041,56463.275353778976,31661.71616500741,0.017189212325988024,0.02105209487726678,0.0228385780169158,273.20975999999996,679.3564458371578,118.16808751882616,400.3098367754175,120.8112855280839,26.901796919530693,13.165439095299792,5.957305368177581,35.81306784342908,0.0,721.1268190487644,994.3365790487644,0.0,72399.38394670835,73393.7205257571,1.299848796689493,0.019354864434495796,0.051086431988257006,0.0704412964227528,72810.95648876247,582.7640369946275,15380.548786552576,36998.61725539342,12342.460922901235,49341.07817829466,6429.039161687733,1660.2903622275212,17026.882478672553,17026.882478672553,1638.001753692043,18664.884232364595,958.5235112053354,958.5235112053354,0.0,17985.405989877887,0.03786389735758897,0.039841599734029266,0.032685923687598005,0.9372129877331644,29410.630305494302,0.0,fiscal_scare_250bp,250.0,True
2041Q3,2041-09-30,2041,3,2041,57000.47554558473,31796.90781040229,0.017189212325988024,0.02105209487726767,0.0228385780169158,273.20975999999996,689.3806160545129,119.77602367527818,405.824390006967,123.0850733111375,27.35054527472678,13.344583786403698,5.957305368177581,36.397271390121055,0.0,731.7351928128115,1004.9449528128115,0.0,73393.7205257571,74398.66547856992,1.3052288558377274,0.01917245478287332,0.05134940968888053,0.07052186447175385,73815.90144157529,582.7640369946275,15589.184656548512,37500.50043309088,12509.885382735318,50010.385815826194,6533.518905766146,1682.8120634344423,17341.683495579953,17341.68349557995,1660.2903622275212,19001.973857807472,968.5476814226904,968.5476814226904,0.0,18310.23117700264,0.03790387583224299,0.03987998905470466,0.032620425280261926,0.9396707602282782,30142.365498307114,0.0,fiscal_scare_250bp,250.0,True
2041Q4,2041-12-31,2041,4,2042,57542.78674174274,31932.67670754465,0.017189212325988024,0.02105209487726678,0.02283857801691669,290.3126875,699.633718966887,121.40077551287155,411.3894139971514,125.5129931090237,27.80493438798608,13.525601959854326,5.987900480119798,36.988771535689345,0.0,742.6103909826962,1032.9230784826962,0.0,74398.66547856992,75431.58855705262,1.3108782669076569,0.020180648448810776,0.05162144088124193,0.0718020893300527,74848.82452005798,582.7640369946275,15803.719908218798,38016.574844641014,12682.043931631857,50698.61877627287,6640.515247969347,1705.9705875969646,17262.454822253916,17262.454822253916,1682.8120634344423,18945.266885688357,995.9343069470069,995.9343069470069,0.0,18258.38912920092,0.03794035415411058,0.03992600599518015,0.032548042672402626,0.9419960649373043,30884.97588928981,0.0,fiscal_scare_250bp,250.0,True
2042Q1,2042-03-31,2042,1,2042,58055.26898098634,32068.229387565312,0.017088232020256333,0.018695469559396827,0.0228385780169158,290.3126875,710.1068760267274,123.07146878525388,417.0959263329436,127.95737635180444,28.270365958915086,13.711738597810601,5.987900480119798,37.59451911428834,0.0,753.6892956211356,1044.0019831211355,0.0,75431.58855705262,76475.59054017375,1.3172894016772234,0.02000250399977168,0.05192908818443171,0.07193159218420338,75892.82650317912,582.7640369946275,16020.511193615348,38538.076249045036,12856.012884597427,51394.08913364246,6748.8535311706,1729.3726447507056,17670.071251970705,17670.071251970705,1705.9705875969646,19376.041839567668,1006.4074640068472,1006.4074640068472,0.0,18676.47871597755,0.0379734431361634,0.03996677307417877,0.03245907259678228,0.9447732379170646,31638.665184910944,0.0,fiscal_scare_250bp,250.0,True
2042Q2,2042-06-30,2042,2,2042,58572.31544209702,32204.357482206833,0.017088232020256333,0.01869546955939594,0.02271549749328483,290.3126875,720.6396857345821,124.75973092027954,422.85712360508325,130.24542743871098,28.877571138324562,13.899832632183795,5.987900480119798,38.00367903939272,0.0,764.6312652540947,1054.9439527540947,0.0,76475.59054017375,77530.53449292784,1.323672009681304,0.019825932118869034,0.052217929886004814,0.07204386200487384,76947.7704559332,582.7640369946275,16239.571362577519,39065.0355571823,13031.802553269306,52096.83811045161,6858.3413609015815,1753.0196220025066,17772.21758703483,17772.21758703483,1729.3726447507056,19501.590231785536,1016.940273714702,1016.940273714702,0.0,18789.157860749532,0.03799368567868956,0.03999348078796058,0.03254242469786246,0.9466807971400882,32403.29645016504,-1.4551915228366852e-11,fiscal_scare_250bp,250.0,True
2042Q3,2042-09-30,2042,3,2042,59093.966774525,32341.063434076666,0.017088232020256333,0.018695469559397715,0.02271549749328483,290.3126875,731.0467255814631,126.46566198607243,428.671680311233,132.46479928791945,29.354688784392916,14.089895211845146,5.987900480119798,38.62021936296003,0.0,775.6548454245429,1065.9675329245429,0.0,77530.53449292784,78596.50202585239,1.3300258269298448,0.019650918924275146,0.052503149662237424,0.07215406858651256,78013.73798885776,582.7640369946275,16460.873322887892,39597.38759747819,13209.391196899523,52806.778794377715,6969.177276774402,1776.908594817743,17999.049471008893,17999.049471008893,1753.0196220025066,19752.0690930114,1027.347313561583,1027.347313561583,0.0,19026.396784570476,0.038009409907224595,0.04001803163089487,0.03244238991724073,0.9484315164266081,33178.951295589584,1.4551915228366852e-11,fiscal_scare_250bp,250.0,True
2042Q4,2042-12-31,2042,4,2043,59620.26398974879,32478.34969615101,0.017088232020256333,0.018695469559396827,0.022715497493283943,300.12464,741.4811156246462,128.18905100198947,434.5409471995532,134.63150291431464,29.837711677941574,14.28190283084761,6.009754131507097,39.24435093633062,0.0,786.735220692484,1086.8598606924838,0.0,78596.50202585239,79683.36188654487,1.3365147443870051,0.020135747138027026,0.0527830752864668,0.07291882242449382,79100.59784955023,582.7640369946275,16686.541276558648,40140.24223553714,13390.483428287753,53530.725663824895,7082.062043870769,1801.2688652959164,17879.91238735448,17879.91238735448,1776.908594817743,19656.820982172223,1047.6155097561534,1047.6155097561534,0.0,18927.527897110635,0.038023430847638116,0.04003919769527182,0.03233110745647102,0.9501487802870391,33965.68651628207,0.0,fiscal_scare_250bp,250.0,True
2043Q1,2043-03-31,2043,1,2043,60187.929052490006,32615.668008118973,0.01701953976476145,0.021251542965382564,0.02271549749328572,300.12464,752.0888623710354,129.94644019120048,440.51480640610896,136.8201944840343,30.329722784876054,14.477698504815928,6.009754131507097,39.880019859559404,0.0,797.9786363621018,1098.103276362102,0.0,79683.36188654487,80781.46516290697,1.3421539241274991,0.01994583596576388,0.05303247005998051,0.0729783060257444,80198.70112591234,582.7640369946275,16914.49425606094,40688.593608292176,13573.409329099946,54262.00293739212,7196.328134071363,1825.8757983879013,18258.327085692432,18258.327085692432,1801.2688652959164,20059.595950988347,1058.2232565025424,1058.2232565025424,0.0,19316.550342194972,0.03803981278629256,0.04005747837287706,0.032232474133049104,0.9524653633934099,34763.66515264417,0.0,fiscal_scare_250bp,250.0,True
2043Q2,2043-06-30,2043,2,2043,60760.99904976006,32753.56690127342,0.01701953976476145,0.021251542965382564,0.02231557677676199,300.12464,762.8559458489035,131.7216240190746,446.5465090607338,139.007121178135,30.905214861417335,14.675476729542757,6.009754131507097,39.81589226747214,0.0,808.6815922478827,1108.8062322478827,0.0,80781.46516290697,81890.27139515485,1.3477439916366587,0.01975771594895691,0.05323688582444901,0.07299460177340591,81307.50735816022,582.7640369946275,17144.76658428691,41242.52428103838,13758.196442498618,55000.720723537,7311.2869511753925,1850.7330991609097,18352.580541226933,18352.58054122693,1825.8757983879013,20178.45633961483,1068.9903399804107,1068.9903399804107,0.0,19421.57088120734,0.038050483868718996,0.04004292769966797,0.03231790517750737,0.9541095045489523,35572.34674489206,0.0,fiscal_scare_250bp,250.0,True
2043Q3,2043-09-30,2043,3,2043,61339.52544380172,32892.04883030893,0.017019539764762337,0.021251542965382564,0.02231557677676199,300.12464,773.620310774971,133.51486977513431,452.6340072599512,141.18938980718792,31.406776648191798,14.87526728450581,6.009754131507097,40.451937177005775,0.0,820.0820020834839,1120.206642083484,0.0,81890.27139515485,83010.47803723834,1.353295080727209,0.019571370194245753,0.053478209761164824,0.07304957995541059,82427.71400024371,582.7640369946275,17377.35767563046,41802.03284507338,13944.844298551237,55746.87714362462,7427.638476588333,1875.8407044002824,18659.85257945336,18659.852579453363,1850.7330991609097,20510.585678614272,1079.7547049064783,1079.7547049064783,0.0,19739.60728435984,0.0380545044840862,0.04005760333245178,0.03225058743467653,0.9557408375500173,36392.42874697554,0.0,fiscal_scare_250bp,250.0,True
2043Q4,2043-12-31,2043,4,2044,61923.56018684745,33031.116260298484,0.01701953976476145,0.021251542965381676,0.02231557677676199,315.2472575,784.3620578596403,135.32617289897223,458.7773104746793,143.26706262681938,31.914442197551885,15.077069661617271,6.019952502154488,41.0956876723541,0.0,831.477698034149,1146.7249555341489,0.0,83010.47803723834,84157.20299277248,1.3590498146236665,0.02036363907687326,0.05370994145202618,0.07407358052889944,83574.43895577785,582.7640369946275,17615.522433667444,42374.94912059913,14135.964866489216,56510.913987088345,7546.452562514464,1901.5499725075929,18825.920677197937,18825.92067719794,1875.8407044002824,20701.761381598222,1105.6292678617947,1105.6292678617947,0.0,19931.549945059734,0.03805913062135922,0.04006615635491942,0.03230672772490423,0.9573252963227735,37223.90644500969,-1.4551915228366852e-11,fiscal_scare_250bp,250.0,True
2044Q1,2044-03-31,2044,1,2044,62477.308177911254,33169.36987577106,0.016847634395924738,0.019083305138657858,0.02231557677676199,315.2472575,795.3710798985223,137.18088095218525,465.06506659857445,145.40850656148876,32.4329178822437,15.283707904029782,6.019952502154488,41.75306303892415,0.0,843.144095439601,1158.391352939601,0.0,84157.20299277248,85315.59434571209,1.3655452969062978,0.020183152360040705,0.05398082087907194,0.07416397323911264,84732.83030871746,582.7640369946275,17856.058656666806,42953.57006412438,14328.988468839967,57282.55853296435,7666.697884977517,1927.5152341087664,19219.63805523405,19219.63805523405,1901.5499725075929,21121.188027741642,1116.6382899006767,1116.6382899006767,0.0,20336.276345134727,0.038067037604919286,0.04007472042586829,0.03221104523406426,0.9594508844706428,38067.050540449294,1.4551915228366852e-11,fiscal_scare_250bp,250.0,True
2044Q2,2044-06-30,2044,2,2044,63036.0080295703,33308.202159613196,0.01684763439592385,0.019083305138657858,0.023076797027411944,315.2472575,806.56980305833,139.05405678879276,471.41543145376414,147.5799017687124,33.02800935291106,15.492403694149214,6.019952502154488,43.8530162932156,0.0,856.4427718537,1171.6900293537,0.0,85315.59434571209,86487.28437506579,1.372029845774727,0.020004265330515025,0.054346256917280754,0.07435052224779579,85904.52033807116,582.7640369946275,18099.007208345596,43537.993975199315,14523.947897595372,58061.94187279469,7789.830356594758,1953.7409003361056,19376.167254209606,19376.167254209602,1927.5152341087664,21303.68248831837,1127.8370130604844,1127.8370130604844,0.0,20504.004267270087,0.03807295814653304,0.040154102115646545,0.03231860370328166,0.9609790505407952,38923.49331230299,0.0,fiscal_scare_250bp,250.0,True
2044Q3,2044-09-30,2044,3,2044,63599.704023562444,33447.615533874276,0.016847634395925626,0.019083305138657858,0.023076797027411944,315.2472575,817.8507038817163,140.94601863499133,477.82948387781136,149.80624988813707,33.56575899432519,15.70319248645145,6.019952502154488,44.55732607104517,0.0,868.427982454916,1183.675239954916,0.0,86487.28437506579,87670.9596150207,1.3784806228428412,0.01982696380997038,0.05461836628253367,0.07444533009250404,87088.19557802608,582.7640369946275,18344.385790680357,44128.263436742345,14720.8573580973,58849.12079483965,7914.460110433968,1980.2288820720794,19730.765709938747,19730.765709938747,1953.7409003361056,21684.506610274853,1139.1179138838706,1139.1179138838706,0.0,20869.883623822618,0.03808119236710181,0.040164423648167316,0.032259521678309824,0.9624671538386054,39791.92129475791,0.0,fiscal_scare_250bp,250.0,True
2044Q4,2044-12-31,2044,4,2045,64168.440837612405,33587.61243074127,0.01684763439592385,0.01908330513865697,0.023076797027411944,328.847015,829.2995799391181,142.85690434492327,484.3076912182463,152.10882110901414,34.11007362728001,15.916089639654336,6.028693962709422,45.270200206393476,0.0,880.598474108221,1209.445489108221,0.0,87670.9596150207,88880.40510412892,1.3851108729453743,0.02049898739676068,0.05489293257641736,0.07539191997317804,88297.64106713429,582.7640369946275,18595.162008399475,44731.51715836879,14922.098270274464,59653.61542864326,8041.56410553895,2007.2995245525972,19673.077978349414,19673.077978349414,1980.2288820720794,21653.306860421493,1164.1752889018276,1164.1752889018276,0.0,20837.253267251243,0.03808850450518782,0.04017743060986629,0.03219846267923857,0.963921643502864,40672.51976886613,-1.4551915228366852e-11,fiscal_scare_250bp,250.0,True
2045Q1,2045-03-31,2045,1,2045,64171.41450762505,33418.39993341095,-0.02,0.020597325915870046,0.023076797027411944,328.847015,853.5240522079014,144.80982414041094,490.92840081309646,154.44128353369015,34.665251763658326,28.679291957045233,6.028693962709422,45.997226841836266,0.0,905.549973012447,1234.396988012447,0.0,88880.40510412892,90114.80209214137,1.4042826199730045,0.020498037484333487,0.05644569189945761,0.0769437293837911,89532.03805514674,582.7640369946275,18851.156445049815,45347.32354555161,15127.526657433147,60474.85020298476,8171.097946875413,2034.93346023674,20096.617370823933,20096.617370823937,2007.2995245525972,22103.916895376533,1188.3997611706109,1188.3997611706109,0.0,21285.017131994548,0.04453720597135483,0.040753638417896,0.05710932070470316,0.25746684713529494,905.549973012447,0.0,fiscal_scare_250bp,250.0,True
2045Q2,2045-06-30,2045,2,2045,64174.388315442404,33250.03991909983,-0.02,0.020597325915870046,0.02213343204113838,328.847015,997.0791238239187,264.62310859738676,507.62926600257816,158.66641840969882,37.08621900112266,29.074111813132436,6.028693962709422,44.84310834662591,0.0,1047.9509261332541,1376.7979411332542,0.0,90114.80209214137,91491.60003327462,1.4256715558168993,0.020497087615924742,0.06531895066811778,0.08581603828404252,90908.83599627999,582.7640369946275,19138.07422996004,46037.51746873203,15357.77016808317,61395.28763681521,8309.56863831845,2065.9054911862863,20237.370891527436,20237.370891527436,2034.93346023674,22272.304351764178,1331.9548327866282,1331.9548327866282,0.0,21569.325724314065,0.04512778344607676,0.04651626155985944,0.057254113622556266,0.28084473829326456,1953.5008991457012,0.0,fiscal_scare_250bp,250.0,True
2045Q3,2045-09-30,2045,3,2045,64177.362261070855,33082.52809304653,-0.02,0.020597325915870046,0.022133432041139267,328.847015,1025.8395404315486,268.6507170030641,525.7732569413625,163.24521776136172,38.65372402043574,29.516624705324077,6.028693962709422,45.60303758252516,0.0,1077.471271976783,1406.3182869767832,0.0,91491.60003327462,92897.91832025141,1.4475184870070932,0.020496137791532407,0.06715584648640899,0.08765198427794141,92315.15428325678,582.7640369946275,19431.187326320047,46742.61449844589,15592.985243177047,62335.59974162294,8450.820925370399,2097.5462899433937,20582.326001721158,20582.32600172116,2065.9054911862863,22648.23149290745,1360.715249394258,1360.715249394258,0.0,21943.04125111542,0.04572398871069822,0.04710689381691509,0.05719641482523684,0.3043598672362795,3030.9721711224843,1.4551915228366852e-11,fiscal_scare_250bp,250.0,True
2045Q4,2045-12-31,2045,4,2046,64180.336344516785,32915.86018212645,-0.02,0.020597325915870046,0.02213343204113838,341.5111875,1055.476302698395,272.7652920932177,544.1982617659974,167.86392724080184,40.680128980811574,29.96869261756625,6.044719973726774,46.37823225693079,0.0,1107.8992549290526,1449.4104424290526,0.0,92897.91832025141,94347.32876268047,1.4700348134080943,0.021284474775375765,0.06904913984756364,0.0903336146229394,93764.56472568584,582.7640369946275,19733.415963501444,47469.63938070954,15835.515285242547,63305.15466595208,8595.823008535248,2130.1710876970446,21002.492874949712,21002.492874949712,2097.5462899433937,23100.039164893107,1403.032210172122,1403.032210172122,0.0,22405.525085121833,0.04634671844204284,0.04770394320827465,0.057191899224545595,0.32878386548104954,4138.871426051537,0.0,fiscal_scare_250bp,250.0,True
2046Q1,2046-03-31,2046,1,2046,64497.144078828744,32915.86018212645,0.0,0.01989152606750877,0.02213343204113749,341.5111875,1086.6552615831326,277.00782658765155,563.0912949398677,173.01236987506744,43.108950765074226,30.43481941547153,6.044719973726774,47.174005868764496,0.0,1139.873987425624,1481.385174925624,0.0,94347.32876268047,95828.71393760608,1.4857822823981746,0.021179926173636666,0.07069298981874075,0.09187291599237742,95245.94990061145,582.7640369946275,20042.360892856428,48212.82061259078,16083.434964235164,64296.25557682595,8743.8125391525,2163.5208917765726,21450.788980043188,21450.78898004319,2130.1710876970446,23580.960067740234,1434.2111690568595,1434.2111690568595,0.0,22885.00014910005,0.04699810407781049,0.04832670950516647,0.057119053468160104,0.35414247996426296,5278.7454134771615,-1.4551915228366852e-11,fiscal_scare_250bp,250.0,True
2046Q2,2046-06-30,2046,2,2046,64815.515643220686,32915.86018212645,0.0,0.01989152606750788,0.023159436985126236,341.5111875,1119.359790507819,281.34464103347216,582.3118944497877,178.35747910978023,46.4344711735208,30.911304741257776,6.044719973726774,50.1916194395759,0.0,1175.5961299211217,1517.1073174211217,0.0,95828.71393760608,97345.8212550272,1.5018907168905473,0.021075891111002526,0.0725502909761442,0.09362618208714672,96763.05721803257,582.7640369946275,20358.350739024376,48972.948715768754,16337.007992251654,65309.95670802041,8897.118594628058,2197.6311763597264,21652.014631959497,21652.014631959497,2163.5208917765726,23815.53552373607,1466.915697981546,1466.915697981546,0.0,23118.930329941042,0.047602118751039736,0.04907072553166269,0.05718161255533453,0.377778775148518,6454.341543398283,0.0,fiscal_scare_250bp,250.0,True
2046Q3,2046-09-30,2046,3,2046,65135.45875708917,32915.86018212645,0.0,0.019891526067509657,0.023159436985126236,341.5111875,1151.8114952308465,285.7803484990547,601.8581680898485,183.74041739406036,49.03390581564347,31.398655432239597,6.044719973726774,51.07163363930351,0.0,1208.9278488438767,1550.4390363438768,0.0,97345.8212550272,98896.26029137109,1.518316784413643,0.020972367064987063,0.07424084343075578,0.09521321049574284,98313.49625437646,582.7640369946275,20681.33104087933,49749.892681501035,16596.19066575918,66346.08334726021,9053.585803727732,2232.4960625091708,21974.034187767913,21974.03418776791,2197.6311763597264,24171.665364127635,1499.3674027045734,1499.3674027045734,0.0,23473.401590472484,0.04819393741865449,0.04967559298418039,0.057176706630559966,0.40094204990493904,7663.2693922421595,1.4551915228366852e-11,fiscal_scare_250bp,250.0,True
2046Q4,2046-12-31,2046,4,2047,65456.981177935224,32915.86018212645,0.0,0.01989152606750877,0.023159436985126236,357.7490725,1184.8236270911837,290.3141844863436,621.6471293619949,189.27799980642112,51.6875259433236,31.896787493099772,6.052004524189207,51.969793632869155,0.0,1242.845425248242,1600.594497748242,0.0,98896.26029137109,100496.85478911932,1.5353114821463172,0.021861629794842602,0.07594883863462927,0.09781046842947187,99914.09075212468,582.7640369946275,21014.921909597033,50552.36085366219,16863.88802289021,67416.2488765524,9214.413634135293,2268.50633183996,23047.348288160792,23047.348288160792,2232.4960625091708,25279.844350669962,1548.6247041153729,1548.6247041153729,0.0,24595.972992276165,0.04895984530196642,0.050268652083973006,0.05754063416962897,0.43118786446463625,8906.114817490401,-1.4551915228366852e-11,fiscal_scare_250bp,250.0,True
2047Q1,2047-03-31,2047,1,2047,66035.72146100708,33045.517286918206,0.01584952735551126,0.019676561505418855,0.023159436985126236,357.7490725,1223.2548430151478,294.99696630596833,646.6029153566487,194.88759792561441,54.356079210752604,32.41128421616343,6.052004524189207,52.89298465771839,0.0,1282.1998321970555,1639.9489046970555,0.0,100496.85478911932,102136.80369381639,1.5466902069681536,0.021670033405252913,0.07766704467394495,0.09933707807919785,101554.03965682175,582.7640369946275,21356.79128676929,51374.74335853062,17138.228651891324,68512.97201042195,9378.866114936927,2305.4102446935826,23534.377002484114,23534.377002484114,2268.50633183996,25802.883334324073,1587.055920039337,1587.055920039337,0.0,25121.43292252345,0.04974586053569264,0.05103442629672736,0.05749862514696853,0.4621477064376096,10188.314649687456,1.4551915228366852e-11,fiscal_scare_250bp,250.0,True
2047Q2,2047-06-30,2047,2,2047,66619.57869736983,33175.68511707852,0.01584952735551126,0.019676561505418855,0.02235168965107781,357.7490725,1263.2914968053972,299.795957688024,672.2502875935468,200.56491313665788,57.74178951610853,32.93854887105957,6.052004524189207,51.97473625377499,0.0,1321.3182375833615,1679.0673100833615,0.0,102136.80369381639,103815.87100389974,1.558338750166825,0.021480116175764653,0.07933513020763236,0.100815246383397,103233.1069669051,582.7640369946275,21707.28500144756,52217.87210378971,17419.49007091957,69637.36217470928,9545.214658328787,2343.2451324194635,23831.16532946506,23831.16532946506,2305.4102446935826,26136.575574158644,1627.0925738295864,1627.0925738295864,0.0,25458.257903294645,0.05049880524345841,0.05174699774409946,0.057564630018209016,0.4918813355487554,11509.632887270818,-1.4551915228366852e-11,fiscal_scare_250bp,250.0,True
2047Q3,2047-09-30,2047,3,2047,67208.59812875236,33306.36568437839,0.01584952735551126,0.019676561505418855,0.02235168965107781,357.7490725,1303.6206359165199,304.71601320782014,698.5448166487245,206.367851216068,60.512840014464174,33.47911482944309,6.052004524189207,52.89658774019527,0.0,1362.5692281809042,1720.3183006809043,0.0,103815.87100389974,105536.18930458064,1.5702780930261873,0.021291863390136816,0.08109493523853083,0.10238679862866765,104953.425267586,582.7640369946275,22066.466058201004,53081.89864982736,17707.722839382408,70789.62148920976,9715.31992397775,2382.0177961974837,24226.233778046793,24226.233778046793,2343.2451324194635,26569.478910466256,1667.421712940709,1667.421712940709,0.0,25893.6554909875,0.05124345407409988,0.05249945754940382,0.05756610746065572,0.5212629457722533,12872.202115451722,0.0,fiscal_scare_250bp,250.0,True
2047Q4,2047-12-31,2047,4,2048,67802.82539688994,33437.56100851326,0.01584952735551126,0.019676561505418855,0.02235168965107781,372.65234999999996,1344.893293988157,309.7580172919966,725.3463537296154,212.37753469439915,63.37830900897451,34.03307926317156,6.05491834437418,53.83925780384005,0.0,1404.7874701363712,1777.439820136371,0.0,105536.18930458064,107313.62912471702,1.5827309333578214,0.021984473232119512,0.08287486321776837,0.10485933644988787,106730.86508772238,582.7640369946275,22437.74865971373,53975.036018174476,18005.666759597432,71980.7027777719,9890.316859881823,2422.0967903549163,24596.081283443444,24596.081283443444,2382.0177961974837,26978.099079640928,1723.600562332531,1723.600562332531,0.0,26319.681845775973,0.05197137014655644,0.05324382013006409,0.05756620538831381,0.5499893821296563,14276.989585588093,1.4551915228366852e-11,fiscal_scare_250bp,250.0,True
2048Q1,2048-03-31,2048,1,2048,68417.88578839101,33567.84363305003,0.015676506274730606,0.02077970179797095,0.0223516896510787,372.65234999999996,1387.1025929595094,314.9698968107315,752.6090674012689,218.63967171319362,66.27824914211949,34.605707892195866,6.05491834437418,54.809035970772975,0.0,1447.9665472746565,1820.6188972746563,0.0,107313.62912471702,109134.24802199168,1.5951128387616638,0.02178683808807379,0.08465427018619416,0.10644110827426795,108551.48398499704,582.7640369946275,22818.123610505398,54890.04545074977,18310.907036218858,73200.95248696863,10069.250607480988,2463.157280042015,25091.54820256893,25091.54820256893,2422.0967903549163,27513.644992923848,1765.8098613038833,1765.8098613038833,0.0,26857.358063872813,0.05270837718289529,0.05397139427991458,0.05751241580639867,0.5790174380466283,15724.95613286275,0.0,fiscal_scare_250bp,250.0,True
2048Q2,2048-06-30,2048,2,2048,69038.52558285912,33698.63387721409,0.015676506274730606,0.02077970179797095,0.022930584971782908,372.65234999999996,1430.788223976736,320.30941018246955,780.4869226028899,224.89643824085107,69.90309331192542,35.1923596386003,6.05491834437418,57.23362599804659,0.0,1494.0767683191566,1866.7291183191564,0.0,109134.24802199168,111000.97714031083,1.607812104954196,0.02159097963659421,0.08656481323755882,0.10815579287415303,110418.2131033162,582.7640369946275,23207.908928807537,55827.691955030656,18623.698869997315,74451.39082502798,10253.67975497839,2505.2335945023056,25497.087941250666,25497.08794125067,2463.157280042015,27960.245221292684,1809.4954923211099,1809.4954923211099,0.0,27306.58343357178,0.0534273098647571,0.0547610597185985,0.05754614306473443,0.6074281216254042,17219.032901181905,0.0,fiscal_scare_250bp,250.0,True
2048Q3,2048-09-30,2048,3,2048,69664.79539278353,33829.93371884158,0.015676506274730606,0.02077970179796984,0.022930584971782908,372.65234999999996,1475.251218544889,325.78102158813584,809.0647179371623,231.32707462441286,73.28487941372681,35.793524981451704,6.05491834437418,58.281921373986755,0.0,1539.5880582632499,1912.2404082632497,0.0,111000.97714031083,112913.21754857407,1.6208074237776426,0.02139688190564053,0.08839977492693438,0.1097966568325749,112330.45351157944,582.7640369946275,23607.272067316448,56788.37834617702,18944.17663704572,75732.55498322274,10442.282651220085,2548.3438098201755,25886.096241599273,25886.096241599273,2505.2335945023056,28391.329836101577,1853.958486889263,1853.958486889263,0.0,27740.054728488536,0.0541255374843314,0.05548016235270192,0.05758085407040688,0.6350251431899231,18758.620959445154,-1.4551915228366852e-11,fiscal_scare_250bp,250.0,True
2048Q4,2048-12-31,2048,4,2049,70296.7462897751,33961.7451434749,0.015676506274729718,0.02077970179797184,0.022930584971782908,392.23500750000005,1520.4184606115343,331.38708164495466,838.2253300444188,237.97636402448137,76.4202227148742,36.409462182805754,6.05491834437418,59.3539403400879,0.0,1585.8273192959964,1978.0623267959963,0.0,112913.21754857407,114891.27987537008,1.6343755001372149,0.02231881435212611,0.09023617182843414,0.11255498618056024,114308.51583837545,582.7640369946275,24020.583049475546,57782.61691650197,19275.847159151188,77058.46407565316,10636.509054551161,2592.959658695575,26085.37059151612,26085.370591516123,2548.3438098201755,28633.7144013363,1918.7083864559086,1918.7083864559086,0.0,28004.078977972033,0.0547615794705727,0.05617862474298158,0.05750044639926381,0.6601358937958861,20344.44827874115,1.4551915228366852e-11,fiscal_scare_250bp,250.0,True
2049Q1,2049-03-31,2049,1,2049,70908.60889746441,34092.57168027947,0.015497958573625237,0.019473428238653945,0.022930584971783796,392.23500750000005,1565.3784788663722,337.188934557013,866.7680293037795,244.79742253697344,79.57718134499305,37.04691112361303,6.05491834437418,60.45792332358434,0.0,1631.8913205343306,2024.1263280343305,0.0,114891.27987537008,116915.4062034044,1.6488182185673246,0.022126227751396534,0.09205603358509462,0.11418226133649115,116332.64216640977,582.7640369946275,24443.57891623408,58800.15292201146,19615.289530712118,78415.44245272358,10834.999831699977,2638.6209657521417,26649.327281524118,26649.327281524118,2592.959658695575,29242.286940219692,1963.6684047107465,1963.6684047107465,0.0,28612.995686234863,0.05541410076633402,0.05681514984616927,0.057479377573923,0.6857600132475359,21976.33959927548,0.0,fiscal_scare_250bp,250.0,True
2049Q2,2049-06-30,2049,2,2049,71525.79715492342,34223.902183610495,0.015497958573625237,0.019473428238653945,0.022366633995218432,392.23500750000005,1612.076685551552,343.12673903663597,896.1270523229343,251.8026456353641,83.32095150843445,37.69929704818372,6.05491834437418,60.083987568192214,0.0,1678.2155914641182,2070.4505989641184,0.0,116915.4062034044,118985.85680236852,1.6635376540389697,0.021935302959318413,0.0938523250753368,0.11578762803465521,118403.09276537389,582.7640369946275,24876.634092581484,59841.88705923244,19962.804217327273,79804.69127655971,11036.399247036034,2685.3681491966595,27082.86897626792,27082.86897626792,2638.6209657521417,29721.489942020064,2010.3666113959262,2010.3666113959262,0.0,29093.235587663847,0.0560481687206204,0.05741640544940436,0.05747685357641767,0.7106986272808107,23654.5551907396,0.0,fiscal_scare_250bp,250.0,True
2049Q3,2049-09-30,2049,3,2049,72148.35741658711,34355.7385948345,0.015497958573625237,0.019473428238653945,0.022366633995218432,392.23500750000005,1659.5490202533108,349.2057510746127,926.0250572188954,258.93209695540315,87.01891757275277,38.36719743164727,6.05491834437418,61.200820069831,0.0,1726.804758667516,2119.039766167516,0.0,118985.85680236852,121104.89656853603,1.6785537592945072,0.02174602563632719,0.09573633110990375,0.11748235674623095,120522.1325315414,582.7640369946275,25319.91533424422,60908.220466731815,20318.525035810748,81226.74550254256,11242.252484877192,2733.219209877431,27437.106927552642,27437.10692755264,2685.3681491966595,30122.4750767493,2057.838946097685,2057.838946097685,0.0,29494.945873650322,0.056649789831492096,0.05805075678988235,0.057485400002562845,0.7342176230082001,25381.359949407117,0.0,fiscal_scare_250bp,250.0,True
2049Q4,2049-12-31,2049,4,2050,72776.33644035927,34488.0828627965,0.015497958573625237,0.019473428238653057,0.022366633995218432,407.0113625000001,1707.3870539385177,355.4283115044533,956.0646148126577,266.4163557635462,90.42690239673762,39.05086946112379,6.057832164559153,62.34235062593986,0.0,1775.7872367290167,2182.798599229017,0.0,121104.89656853603,123287.69516776505,1.694062949552293,0.022370533192945144,0.09760245286236892,0.11997298605531406,122704.93113077042,582.7640369946275,25776.685034591632,62007.00098175417,20685.069965744085,82692.07094749826,11453.648833980713,2782.5263146998163,27620.502626557256,27620.502626557256,2733.219209877431,30353.721836434688,2120.456248603077,2120.456248603077,0.0,29740.958875160333,0.05717861608842927,0.05865286332907466,0.057377073894222926,0.754880586077596,27157.147186136135,0.0,fiscal_scare_250bp,250.0,True
2050Q1,2050-03-31,2050,1,2050,73421.23971924462,34618.560612307345,0.015219177974386433,0.020390207990024445,0.022366633995218432,407.0113625000001,1754.5423609120178,361.84021617308,985.0629314463089,273.98644835161366,93.8974202197422,39.75534472127362,6.057832164559153,63.5146197361189,0.0,1824.1148128126958,2231.126175312696,0.0,123287.69516776505,125518.82134307775,1.7095709882187906,0.02217403923204622,0.09937804481580131,0.12155208404784754,124936.05730608312,582.7640369946275,26243.612508979546,63130.21648925351,21059.766225704625,84189.98271495814,11669.532157253036,2832.929924892405,28190.001709788146,28190.001709788146,2782.5263146998163,30972.52802448796,2167.611555576577,2167.611555576577,0.0,30357.613265364722,0.05772025944611399,0.05918238021500887,0.05733693288528577,0.7757439294172422,28981.26199894883,1.4551915228366852e-11,fiscal_scare_250bp,250.0,True
2050Q2,2050-06-30,2050,2,2050,74071.85777108312,34749.531994450226,0.015219177974386433,0.020390207990024445,0.02276633294218633,407.0113625000001,1803.385920184899,368.3947105948004,1014.6106839618524,281.8091616784952,98.09587764785157,40.47548630190023,6.057832164559153,65.85849181869173,0.0,1875.3022441681499,2282.31360666815,0.0,125518.82134307775,127801.1349497459,1.725366944956498,0.021979271196780652,0.10126935117321971,0.12324862237000037,127218.37091275127,582.7640369946275,26721.061425603144,64278.74180979367,21442.905649264107,85721.64745905777,11891.192730596422,2884.469297493934,28629.988311123834,28629.988311123834,2832.929924892405,31462.918236016238,2216.455114849458,2216.455114849458,0.0,30846.44342597329,0.05823829270801423,0.05976162695289908,0.05737569040309336,0.7956967868223076,30856.56424311698,0.0,fiscal_scare_250bp,250.0,True
2050Q3,2050-09-30,2050,3,2050,74728.24123700339,34880.998876770966,0.015219177974387321,0.020390207990024445,0.02276633294218633,407.0113625000001,1852.8163192975753,375.0968997619042,1044.6136541693384,290.1221625750115,101.77174770337766,41.211855087944585,6.057832164559153,67.1094615113359,0.0,1925.9836129734704,2332.9949754734703,0.0,127801.1349497459,130134.12992521937,1.7414317234162404,0.02178621392729683,0.10309267720433253,0.12487889113162935,129551.36588822474,582.7640369946275,27209.158196246663,65452.88103273363,21834.589678349534,87287.47071108317,12117.578902566172,2937.1580783287463,29117.258908573214,29117.258908573214,2884.469297493934,32001.72820606715,2265.885513962134,2265.885513962134,0.0,31383.144422535348,0.05874419758177644,0.060280641912321284,0.05736665147000172,0.8150770916271863,32782.54785609045,0.0,fiscal_scare_250bp,250.0,True
2050Q4,2050-12-31,2050,4,2051,75390.44120688745,35012.963133880796,0.015219177974386433,0.020390207990024445,0.022766332942187217,427.29039000000006,1903.1899843080428,381.94855817981255,1075.076941919849,298.67056038467746,105.52927777958253,41.96464604412198,6.063659804929099,68.38710072203034,0.0,1977.6407448350021,2404.931134835002,0.0,130134.12992521937,132539.06106005437,1.7580353548580372,0.022670799276922872,0.10492793055331426,0.12759872983023712,131956.29702305974,582.7640369946275,27712.47559268595,66663.63417082191,22238.48783462337,88902.12200544529,12350.209538674937,2991.4898862535856,29531.125592367327,29531.125592367327,2937.1580783287463,32468.283670696073,2336.544034112972,2336.544034112972,0.0,31867.6696264803,0.05921772512095944,0.060787765545332,0.05741245673176443,0.8332839528766112,34760.18860092545,0.0,fiscal_scare_250bp,250.0,True
2051Q1,2051-03-31,2051,1,2051,76034.26731394099,35144.34869926659,0.015094632227163673,0.01921496163380243,0.02276633294218544,427.29039000000006,1954.148350048535,389.0138761323291,1106.2993927811174,307.3230360831285,108.77113330211212,42.740911749848124,6.063659804929099,69.69998136183925,0.0,2029.9119912153033,2457.2023812153034,0.0,132539.06106005437,134996.26344126966,1.7754660919382321,0.02247883251038605,0.10678932344196423,0.12926815595235028,134413.49940427503,582.7640369946275,28226.769984036033,67900.79297485587,22651.194722797318,90551.98769765318,12587.735090268387,3047.0066323174688,30285.794345007864,30285.794345007864,2991.4898862535856,33277.28423126145,2387.502399853464,2387.502399853464,0.0,32673.296744861327,0.05972467548219261,0.061262301844602206,0.05732777877850311,0.8527117800960982,36790.100592140756,0.0,fiscal_scare_250bp,250.0,True
2051Q2,2051-06-30,2051,2,2051,76683.591625402,35276.22728681466,0.015094632227163673,0.01921496163380243,0.022850408612718587,427.29039000000006,2007.5900014731276,396.23328365090583,1138.1163797218446,316.1943200391595,113.51191080198173,43.53410725923586,6.063659804929099,71.30063013699217,0.0,2084.954291415049,2512.244681415049,0.0,134996.26344126966,137508.50812268473,1.7931933704202507,0.02228849123746348,0.10875621484189285,0.13104470607935634,136925.7440856901,582.7640369946275,28752.576297465792,69165.6442367345,23073.13960698738,92238.78384372187,12830.617883981142,3103.7660605212977,30643.496204069572,30643.49620406957,3047.0066323174688,33690.50283638704,2440.9440512780566,2440.9440512780566,0.0,33084.440255347625,0.06018053584013324,0.061778133357657306,0.05742033316649472,0.8703295432305447,38875.05488355581,0.0,fiscal_scare_250bp,250.0,True
2051Q3,2051-09-30,2051,3,2051,77338.46109533364,35408.60074658251,0.015094632227163673,0.01921496163380243,0.022850408612718587,427.29039000000006,2060.7245877833357,403.61428977567607,1170.6906166987517,325.17479956901553,116.8998241501948,44.34505758969805,6.063659804929099,72.67638964551088,0.0,2139.4646372337756,2566.7550272337758,0.0,137508.50812268473,140075.2631499185,1.811197962385758,0.022099761694160808,0.11065462678894004,0.13275438848310084,139492.49911292386,582.7640369946275,29289.82838775748,70458.02884109538,23504.26940750332,93962.2982485987,13078.61144590736,3161.761030660319,31302.97400625382,31302.974006253815,3103.7660605212977,34406.74006677511,2494.078637588265,2494.078637588265,0.0,33797.05264384208,0.06064521541928222,0.062235120326516846,0.057374671108791124,0.8882888929485077,41014.51952078958,0.0,fiscal_scare_250bp,250.0,True
2051Q4,2051-12-31,2051,4,2052,77998.92307878163,35541.47093556997,0.015094632227163673,0.01921496163380243,0.022850408612718587,450.937025,2115.5696387835565,411.1559659931457,1203.9220779320458,334.32591713583764,120.9920169969675,45.17366072555932,6.070944355391532,74.08109804685995,0.0,2195.721681185808,2646.658706185808,0.0,140075.2631499185,142721.9218561043,1.8297934923018129,0.023125294924625454,0.1126026665249238,0.13572796144954927,142139.15781910968,582.7640369946275,29843.990023473478,71791.09013442227,23948.968646049078,95740.05878047134,13333.527672780678,3221.581342384173,31552.67354864154,31552.673548641542,3161.761030660319,34714.43457930186,2572.577608138948,2572.577608138948,0.0,34125.25115678049,0.06104270711495896,0.06270119739374085,0.05734573963669182,0.9035761074268269,43210.24120197539,0.0,fiscal_scare_250bp,250.0,True
2052Q1,2052-03-31,2052,1,2052,78692.32302586119,35673.56761268758,0.014949853670766178,0.020776005458570612,0.022850408612718587,450.937025,2169.8412886733463,418.93500995450904,1236.6015275654215,343.72119139284865,124.55521633125333,46.02834342931387,6.070944355391532,75.52501845651824,0.0,2251.437251485256,2702.3742764852564,0.0,142721.9218561043,145424.29613258957,1.8480112232142112,0.022921525641163523,0.11444253593811692,0.13736406157928047,144841.53209559494,582.7640369946275,30409.84237210744,73152.27397517559,24403.049355266216,97555.32333044181,13593.702756790299,3282.6636362553886,32359.38475971678,32359.384759716784,3221.581342384173,35580.96610210096,2626.849258028738,2626.849258028738,0.0,34986.23401774552,0.06119334811980512,0.06309997012947204,0.05725846822215435,0.9090292686105544,45461.67845346065,0.0,fiscal_scare_250bp,250.0,True
2052Q2,2052-06-30,2052,2,2052,79391.88720531258,35806.15525238063,0.014949853670766178,0.020776005458570612,0.02253572169058371,450.937025,2216.5547168226103,426.8781622984582,1260.0479192223975,353.10976883392436,129.6178097648304,46.901056702998865,6.070944355391532,75.94713404997385,0.0,2298.572795227976,2749.509820227976,0.0,145424.29613258957,148173.80595281755,1.8663595383446479,0.02271955187732709,0.1158089510724801,0.1385285029498072,147591.04191582292,582.7640369946275,30985.757309201785,74537.66383511659,24865.205010740414,99402.86884585701,13857.583600303898,3344.832160460235,32838.47468722937,32838.47468722937,3282.6636362553886,36121.13832348476,2673.562686178002,2673.562686178002,0.0,35512.03737340737,0.061299111295515955,0.06322390016953613,0.057359747625254774,0.9130000030054964,47760.251248688626,0.0,fiscal_scare_250bp,250.0,True
2052Q3,2052-09-30,2052,3,2052,80097.67041633344,35939.23567940548,0.014949853670766178,0.020776005458570612,0.02253572169058371,450.937025,2262.5412033972,434.9625682279201,1283.911259559881,362.4563250136491,133.4217611031737,47.789289492575605,6.070944355391532,77.42141917699982,0.0,2346.0335669295914,2796.9705919295916,0.0,148173.80595281755,150970.77654474712,1.884833550838968,0.022519357811836952,0.11715864168010512,0.1396779994919421,150388.0125077525,582.7640369946275,31571.5782435109,75946.88302680437,25335.30995236964,101282.19297917401,14126.171273687847,3408.070011379764,33513.774615023154,33513.774615023154,3344.832160460235,36858.60677548339,2719.549172752592,2719.549172752592,0.0,36233.32378777575,0.06141205840927787,0.063331937837289,0.0573183819955631,0.9173629625933019,50106.284815618215,-2.9103830456733704e-11,fiscal_scare_250bp,250.0,True
2052Q4,2052-12-31,2052,4,2053,80809.72794527891,36072.810725300544,0.014949853670767954,0.020776005458570612,0.022535721690584598,462.968345,2309.6749856156657,443.1860295932843,1308.1850601367032,371.80546300730015,137.8056325907902,48.692800287588376,6.072401265484019,78.92200105668766,0.0,2394.6693879378377,2857.6377329378374,0.0,150970.77654474712,153828.41427768496,1.9035878252411809,0.02291646596377622,0.11853371859187108,0.14145018455564728,153245.65024069033,582.7640369946275,32170.14430826142,77386.76121575003,25815.642505289812,103202.40372103984,14400.418545304721,3472.6836660843755,34055.385712526906,34055.385712526906,3408.070011379764,37463.45572390667,2778.71573188115,2778.71573188115,0.0,36834.10144440806,0.061506062147886655,0.06344722979491511,0.05735979005381098,0.9210483145005883,52500.95420355605,0.0,fiscal_scare_250bp,250.0,True
2053Q1,2053-03-31,2053,1,2053,81510.32967410152,36206.52904885904,0.014910252990658845,0.01992533565251664,0.02253572169058371,462.968345,2357.171342888031,451.5884007272197,1332.986961941292,381.2888815653167,141.69113077502158,49.61596787918052,6.072401265484019,80.45420274396383,0.0,2443.697946897479,2906.666291897479,0.0,153828.41427768496,156735.08056958244,1.9228861077638637,0.0227194931906698,0.11992089624311365,0.14264038943378343,156152.3165325878,582.7640369946275,32778.941613054354,78851.25112301798,26304.185342652283,105155.43646567027,14679.536697239586,3538.4017566236116,34891.665206158046,34891.665206158046,3472.6836660843755,38364.34887224242,2826.2120891535155,2826.2120891535155,0.0,37717.87729531156,0.0616303386894842,0.06354347363904336,0.05727777064313255,0.9259367044229255,54944.652150453534,0.0,fiscal_scare_250bp,250.0,True
2053Q2,2053-06-30,2053,2,2053,82217.00545854727,36340.74305295076,0.014910252990658845,0.01992533565251664,0.022725734639350792,462.968345,2406.7530340140906,460.13439289325055,1358.212800593983,390.9422490063918,146.90867642270555,50.55491509775985,6.072401265484019,82.699337108844,0.0,2495.5247723884186,2958.493117388419,0.0,156735.08056958244,159693.57368697086,1.94234237547713,0.022524213447955,0.12141161106368095,0.14393582451163595,159110.80964997623,582.7640369946275,33398.41936183819,80341.43332935935,26801.298938082393,107142.73226744175,14964.385247297305,3605.2727733989977,35328.45368479812,35328.45368479812,3538.4017566236116,38866.855441421736,2875.7937802795745,2875.7937802795745,0.0,38204.24746507769,0.06171876331152807,0.06368771466654606,0.057351297932449544,0.9294230428951887,57440.17692284195,0.0,fiscal_scare_250bp,250.0,True
2053Q3,2053-09-30,2053,3,2053,82929.80795927937,36475.45457501416,0.014910252990657957,0.01992533565251664,0.022725734639350792,462.968345,2455.87621741335,468.8303117918037,1383.8811890982129,400.70758757676293,150.94679419663265,51.51033474993819,6.072401265484019,84.30407346749345,0.0,2546.2526921463273,3009.221037146327,0.0,159693.57368697086,162702.79472411718,1.9619338176209014,0.02233061218361095,0.12281483605492499,0.14514544823853592,162120.03068712255,582.7640369946275,34028.478786983505,81857.07024470053,27306.904033315463,109163.97427801599,15254.291567422064,3673.2860547010264,36069.148664043045,36069.14866404305,3605.2727733989977,39674.42143744205,2924.9169636788342,2924.9169636788342,0.0,38994.06562772189,0.06181873357087062,0.06377846355013525,0.057309762674878015,0.9334646553572766,59986.42961498828,0.0,fiscal_scare_250bp,250.0,True
2053Q4,2053-12-31,2053,4,2054,83648.79029351693,36610.66545929893,0.014910252990658845,0.01992533565251664,0.022725734639350792,486.19494,2506.385703810056,477.674770972281,1409.9880349649643,410.5920706679894,155.64875269828082,52.48207450654092,6.073858175576505,85.93730352048894,0.0,2598.3968655061212,3084.591805506121,0.0,162702.79472411718,165787.3865296233,1.9819460143761625,0.023249347099652283,0.12425269302226866,0.14750204012192095,165204.62249262867,582.7640369946275,34674.42209244889,83410.91656444254,27825.255498972307,111236.17206341485,15551.014377065681,3743.013959699269,37390.1128720587,37390.1128720587,3673.2860547010264,41063.39892675973,2998.654501985632,2998.654501985632,0.0,40388.767374044335,0.06190043208054392,0.06388081704219098,0.05756040690028949,0.936780939641074,62584.8264804944,0.0,fiscal_scare_250bp,250.0,True
2054Q1,2054-03-31,2054,1,2054,84369.542566907,36745.64217675034,0.0148290126082804,0.01979116344579368,0.022725734639350792,486.19494,2557.4548327690027,486.74220012275134,1436.7530378225206,420.6383173719938,159.84296550253342,53.4783119492033,6.073858175576505,87.60893527350002,0.0,2651.137626218079,3137.3325662180787,0.0,165787.3865296233,168924.7190958414,2.002200248530211,0.02305073253725116,0.12569169136436484,0.148742423901616,168341.95505884677,582.7640369946275,35331.366252445914,84991.22594554516,28352.434843208757,113343.66078875391,15852.998639226178,3813.9293784207603,38329.462228264914,38329.462228264914,3743.013959699269,42072.47618796418,3049.723630944579,3049.723630944579,0.0,41379.185859209494,0.06200951972203129,0.06396476069050927,0.057495813682835406,0.9412233480152333,65235.964106712476,2.9103830456733704e-11,fiscal_scare_250bp,250.0,True
2054Q2,2054-06-30,2054,2,2054,85096.5051373949,36881.116528266175,0.014829012608279513,0.01979116344579479,0.022859099804621197,486.19494,2610.6324868211027,495.9640537687095,1463.9738669120136,430.8750129263087,165.32803721988444,54.49151599418661,6.073858175576505,89.829908791219,0.0,2706.536253787898,3192.731193787898,0.0,168924.7190958414,172117.45028962928,2.0226147949522995,0.022853814699675415,0.1272219698996092,0.1500757845992846,171534.68625263465,582.7640369946275,35999.76546657223,86599.09098602324,28888.80654851909,115487.89753454232,16160.941910985714,3886.0813405344034,38872.90233827626,38872.90233827626,3813.9293784207603,42686.83171669702,3102.901284996679,3102.901284996679,0.0,41975.80362327294,0.06208810287425187,0.06408857787716228,0.057573135071293934,0.9444240285547305,67942.50036050037,0.0,fiscal_scare_250bp,250.0,True
2054Q3,2054-09-30,2054,3,2054,85829.73151544666,37017.090348530735,0.014829012608281289,0.019791163445792792,0.022859099804621197,486.19494,2663.5218876777117,505.34670773700776,1491.6693422342485,441.30102997944226,169.6824205741275,55.52238715288529,6.073858175576505,91.57484781786994,0.0,2761.170593671158,3247.3655336711577,0.0,172117.45028962928,175364.81582330045,2.04317097032676,0.022658579092141286,0.12868131100581312,0.1513398900979544,174782.05178630582,582.7640369946275,36679.557641905245,88234.3623184966,29434.320787066776,117668.68310556337,16474.347895567007,3959.4631432701985,39700.49906297673,39700.49906297673,3886.0813405344034,43586.58040351113,3155.790685853288,3155.790685853288,0.0,42856.289748830015,0.06218095198632085,0.06416945147687976,0.057531616275537635,0.9481539341773607,70703.67095417152,0.0,fiscal_scare_250bp,250.0,True
2054Q4,2054-12-31,2054,4,2055,86569.27567259641,37153.565478992416,0.014829012608279513,0.01979116344579368,0.022859099804622085,508.6235875,2718.013464686849,514.8892903982448,1519.8368909361025,451.9233602679776,174.79309342505059,56.57082965947296,6.0767719957614785,93.35074092492894,0.0,2817.44097760754,3326.06456510754,0.0,175364.81582330045,178690.880388408,2.0641374090296654,0.023501344260917975,0.13018202847222868,0.15368337273314667,178108.11635141337,582.7640369946275,37375.919910994075,89909.49377334047,29993.13206315897,119902.62583649944,16794.93695925648,4034.633644663356,40299.93920967816,40299.93920967816,3959.4631432701985,44259.40235294836,3232.713824182611,3232.713824182611,0.0,43532.65303386077,0.062253892172166606,0.06426468078856651,0.057565307351966466,0.9511641255563165,73521.11193177906,0.0,fiscal_scare_250bp,250.0,True
2025Q4,2025-12-31,2025,4,2026,31324.77532798175,24037.6,0.012257322464116038,0.03416889228732933,0.03138521050212062,203.43175,239.03865259628913,65.01368874582066,119.6877543737386,42.71050255977236,4.964461483838189,6.6622454331192795,4.95932195482428,16.18876413444616,0.0,260.1867386855596,463.61848868555956,17.515,30277.7664202628,30758.89990894836,0.9819352122047653,0.025977105708819403,0.03322440285190366,0.059201508560723065,30176.13587195373,582.7640369946275,6496.785779950878,15628.316895483313,5213.4891756015995,20841.806071084913,2136.2328410892824,701.3111798286476,5437.953890766519,5437.953890766519,690.4997903999999,6128.453681166519,464.9447245511134,464.9447245511134,0.0,5902.898615317633,0.03191801122214894,0.03437330681188355,0.03728955310952268,0.2159123202980333,260.1867386855596,0.0,serious_crisis_500bp,500.0,True
2026Q1,2026-03-31,2026,1,2026,31720.36011381085,24212.4,0.029406590218133966,0.021441816030615124,0.033142739611773386,203.43175,240.44945621086,60.93064490474254,124.12698071778895,43.5306883372127,5.495856886635115,6.365285364480696,4.95932195482428,17.484323876921767,0.0,262.8931020426061,466.32485204260604,17.515,30758.89990894836,31242.739760990964,0.9849427827708699,0.025653145080333065,0.033151338900234494,0.058804483980567555,30659.975723996336,582.7640369946275,6597.2439124852945,15869.973552044366,5294.104021820724,21164.077573865092,2186.4988628819306,712.1553747640124,7048.973836554221,7048.973836554221,701.3111798286476,7750.285016382868,466.3555281656843,466.3555281656843,0.0,7515.329364719905,0.03167264828825653,0.034187581847311174,0.03521065832892457,0.2987558061381062,523.0798407281657,0.0,serious_crisis_500bp,500.0,True
2026Q2,2026-06-30,2026,2,2026,32094.798708229428,24331.8,0.01987181994496834,0.02763904405751516,0.030772192830818668,203.43175,242.47997851847242,57.50032222679604,128.76641191949622,44.28274287826491,5.833621243500796,6.096880250414424,4.95932195482428,16.630148070113112,0.0,264.06944854340986,467.5011985434098,17.515,31242.739760990964,31727.755959534374,0.9885637934036664,0.025353858966292636,0.032911183016792044,0.05826504198308467,31144.991922539746,582.7640369946275,6698.139441955681,16112.682387045035,5375.069866867322,21487.752253912357,2236.0534411071853,723.0467855645156,7294.65052613453,7294.650526134531,712.1553747640124,8006.805900898544,468.3860504732967,468.3860504732967,0.0,7763.036576607828,0.03163504775739422,0.03380874411956937,0.033746168375763635,0.3386780984951124,787.1492892715755,0.0,serious_crisis_500bp,500.0,True
2026Q3,2026-09-30,2026,3,2026,32468.269249181518,24457.7,0.020858389667526733,0.02596472248620807,0.02824698150314875,203.43175,246.3774413416258,55.138128411680306,133.50109328427993,45.11122588770424,6.434567199764894,6.1924265581965034,4.95932195482428,15.625881580025593,0.0,266.9626448764757,470.39439487647564,17.515,31727.755959534374,32215.665354410852,0.9922199765921605,0.02506222286611452,0.03288905150165409,0.057951274367768604,31632.901317416225,582.7640369946275,6799.874527972928,16357.410813919352,5456.709432599443,21814.120246518796,2284.877718607075,734.0288243174178,7560.870539253156,7560.870539253156,723.0467855645156,8283.91732481767,472.2835132964501,472.2835132964501,0.0,8033.154052549606,0.03206434142500246,0.03365666897046992,0.03387420938607825,0.3779019415086418,1054.1119341480512,3.637978807091713e-12,serious_crisis_500bp,500.0,True
2026Q4,2026-12-31,2026,4,2027,32813.516450759125,24573.2,0.01902398695529306,0.02374108660242924,0.02771554138299126,194.872,253.59837549789904,55.91196830625741,138.7066086465815,45.90202768161394,6.830451248587104,6.247319614859042,4.968063415379199,15.669722733652822,0.0,274.23616164693107,469.1081616469311,5.538,32215.665354410852,32690.311516057784,0.996245299253854,0.023755088887523573,0.0334296584224318,0.057184747309955375,32107.547479063156,582.7640369946275,6898.743123166559,16595.24376532521,5536.048719487986,22131.292484813195,2332.8104382651377,744.7014328182587,7665.516018009889,7665.51601800989,734.0288243174178,8399.544842327308,458.9764389132783,458.9764389132783,0.0,8124.492456923168,0.03242722436592475,0.034050038530013926,0.033830045581091525,0.4109562752171501,1328.3480957949823,0.0,serious_crisis_500bp,500.0,True
2027Q1,2027-03-31,2027,1,2027,33147.220203151985,24680.599999999995,0.017597408546793147,0.023296209984862815,0.026152401325720165,194.872,260.31127901663695,56.535199894349944,143.40677427048297,46.66884903955689,7.411776979595989,6.288678832651108,4.968063415379199,15.104810271309676,0.0,280.38415270332587,475.2561527033259,5.538,32690.311516057784,33171.10566876111,1.0007205872909626,0.023515938749092396,0.033835012527133605,0.057350951276226,32588.34163176648,582.7640369946275,6999.057751934678,16836.555216978573,5616.548407941779,22453.103624920353,2380.6501180173027,755.5301368941339,7818.45707685363,7818.4570768536305,744.7014328182587,8563.15850967189,465.6893424320162,465.6893424320162,0.0,8284.146419285647,0.03274957978431627,0.03430792056730308,0.03368771382636251,0.44471885813106954,1608.7322484983083,0.0,serious_crisis_500bp,500.0,True
2027Q2,2027-06-30,2027,2,2027,33480.81936295423,24789.999999999996,0.01784876327045648,0.022616048740021766,0.02507028033791192,194.872,266.8386349235212,57.11231125578679,148.1810139507879,47.461975490152746,7.725799475387829,6.357534751405928,4.968063415379199,14.782631606632997,0.0,286.58932994553345,481.46132994553346,5.538,33171.10566876111,33658.104998706636,1.005295140296016,0.023281628551256005,0.03423922537124501,0.05752085392250102,33075.34096171201,582.7640369946275,7100.778445271973,17081.24902159954,5698.1764239501335,22779.42544554967,2428.62644889581,766.5106219945532,7901.268255122974,7901.268255122973,755.5301368941339,8656.798392017106,472.21669833890047,472.21669833890047,0.0,8373.484953461873,0.033069696559558555,0.03455891194069288,0.033687661368326086,0.47717029735788935,1895.3215784438416,-7.275957614183426e-12,serious_crisis_500bp,500.0,True
2027Q3,2027-09-30,2027,3,2027,33819.64204625321,24903.499999999993,0.01843999428756682,0.022248000239960097,0.024382592342289344,194.872,273.4775029553267,57.72932876006114,152.8758790192545,48.328865020161466,8.126248097579449,6.417182058270145,4.968063415379199,14.670585287046285,0.0,293.1161516577522,487.9881516577522,5.538,33658.104998706636,34151.631150364396,1.0098164582480542,0.023048381142944635,0.034668155417715396,0.05771653656066004,33568.867113369764,582.7640369946275,7203.929224122012,17329.382962672247,5780.952043649513,23110.33500632176,2476.9574018078993,777.6454811180921,8037.825029793427,8037.825029793427,766.5106219945532,8804.33565178798,478.85556637070596,478.85556637070596,0.0,8516.680596164133,0.03343936643839879,0.03483454005138027,0.03363811794499859,0.5098289514958444,2188.437730101594,7.275957614183426e-12,serious_crisis_500bp,500.0,True
2027Q4,2027-12-31,2027,4,2028,34158.5183188548,25016.899999999994,0.01833909570101455,0.021945305341696475,0.024162847358085493,215.4585,280.66536432293407,58.387846361508906,158.14773727280496,49.161424920357696,8.486680683143282,6.481675085119298,5.137064986107641,14.828888675230425,0.0,300.63131798427213,516.0898179842721,2.14175,34151.631150364396,34669.86271834867,1.0149697476547632,0.025230426915920565,0.035204257418663246,0.060434684334583814,34087.09868135404,582.7640369946275,7312.3677222676615,17590.236755623275,5867.970910432145,23458.20766605542,2527.1721572015626,789.3511358293897,7937.40636201969,7937.40636201969,777.6454811180921,8715.051843137782,503.40267930904173,503.40267930904173,0.0,8440.809041328732,0.03373662156122221,0.03521135686440727,0.03337959989297992,0.5358888135784936,2489.069048085866,0.0,serious_crisis_500bp,500.0,True
2028Q1,2028-03-31,2028,1,2028,34499.59871590287,25131.59999999999,0.018466116274653555,0.0216767083117837,0.023850744937782276,215.4585,287.53125850548395,59.12049303453405,163.14286721490578,49.997159553107,8.707284008515929,6.563454694421373,5.137064986107641,14.935804340339798,0.0,307.6041278319314,523.0626278319314,2.14175,34669.86271834867,35195.0670961806,1.0201587382509802,0.024980986216594184,0.0356646615359197,0.06064564775251389,34612.30305918597,582.7640369946275,7422.285209866853,17854.648325704093,5956.176624952724,23810.824950656817,2577.9764550448845,801.2164436174157,8117.836230000904,8117.836230000904,789.3511358293897,8907.187365830294,510.26857349159155,510.26857349159155,0.0,8628.104803492495,0.03405206613831439,0.035489512067682354,0.03328695823761664,0.563172199458663,2796.6731759177974,0.0,serious_crisis_500bp,500.0,True
2028Q2,2028-06-30,2028,2,2028,34836.751701773224,25242.599999999988,0.017784392025415263,0.02150065998978512,0.023590801926968608,215.4585,294.6936241022778,59.86073021757616,168.2026013866305,50.94316584134021,9.039033215815342,6.6480934409154875,5.137064986107641,15.071450300540866,0.0,314.9021393889263,530.3606393889263,2.14175,35195.0670961806,35727.56948556952,1.0255712068513825,0.024739218150357335,0.03615746290982663,0.06089668106018397,35144.805448574894,582.7640369946275,7533.745550137294,18122.77129882112,6045.620435660179,24168.3917344813,2629.4198656053645,813.2482983509353,8239.472850829226,8239.472850829226,801.2164436174157,9040.689294446642,517.4309390883853,517.4309390883853,0.0,8756.903789917611,0.034340738124234924,0.03578934951632466,0.033230591206071684,0.589963994360488,3111.5753153067235,-1.4551915228366852e-11,serious_crisis_500bp,500.0,True
2028Q3,2028-09-30,2028,3,2028,35168.71769035311,25350.699999999986,0.01724012308766243,0.02106182624872388,0.023346411992499982,215.4585,301.7647701156699,60.62781731472968,173.4004739328124,51.90468680644536,9.096063030590862,6.7357290310916245,5.137064986107641,15.214320358753913,0.0,322.11615546053144,537.5746554605314,2.14175,35727.56948556952,36267.28589103006,1.031237084341528,0.024505698717482777,0.036636667654094075,0.06114236637157685,35684.521854035425,582.7640369946275,7646.72909337303,18394.558406703254,6136.286574214171,24530.844980917427,2681.5032008498306,825.4445788951392,8318.464824475584,8318.464824475584,813.2482983509353,9131.71312282652,524.5020851017774,524.5020851017774,0.0,8842.966909577362,0.03462711807773135,0.03606359571597897,0.03323286533680406,0.6151400638616836,3433.691470767255,7.275957614183426e-12,serious_crisis_500bp,500.0,True
2028Q4,2028-12-31,2028,4,2029,35502.9460537084,25460.399999999983,0.01742186418178404,0.020775810233577552,0.02309377715644856,173.80475,308.956314157713,61.42235144251887,178.44756356328975,52.84347574023483,9.416496744206636,6.826426667462803,5.268186894431433,15.349214844932058,0.0,329.5737158970765,503.3784658970765,-2.42575,36267.28589103006,36768.23860692713,1.0356390861565294,0.019582008742268366,0.0371319850919979,0.056713993834266264,36185.47456993251,582.7640369946275,7751.333451896988,18646.1890005126,6220.2286510128815,24866.41765152548,2730.987118334451,836.7363481755804,8244.076738621992,8244.076738621994,825.4445788951392,9069.521317517134,485.60350105214445,485.60350105214445,0.0,8729.680239674139,0.03483344025259421,0.03634942155719346,0.03295359219110845,0.6340510791101076,3763.2651866643314,0.0,serious_crisis_500bp,500.0,True
2029Q1,2029-03-31,2029,1,2029,35840.4078533226,25572.199999999983,0.017680562926939647,0.020522825130940392,0.02297286568423096,173.80475,315.1599190974638,62.165694284213835,182.783965402459,53.72209313197324,9.578815883757908,6.9093503950598345,5.268186894431433,15.551312167697551,0.0,335.9794181595928,509.7841681595928,-2.42575,36768.23860692713,37275.597025086725,1.040043885037181,0.01939763082064228,0.037497276206743355,0.05689490702738564,36692.8329880921,582.7640369946275,7857.274135455367,18901.034185632278,6305.243091336882,25206.27727696916,2781.109205388956,848.1723702786121,8387.02544459727,8387.02544459727,836.7363481755804,9223.76179277285,491.80710599189524,491.80710599189524,0.0,8878.832550589164,0.03502427810972454,0.036551048501550394,0.032872924104032926,0.6534458571840225,4099.244604823924,7.275957614183426e-12,serious_crisis_500bp,500.0,True
2029Q2,2029-06-30,2029,2,2029,36178.04858394721,25682.99999999998,0.01744428695602207,0.020418069374665837,0.022841686194156274,173.80475,321.33001155023743,62.91712263965866,186.92872467703955,54.61278917208582,9.878193868506312,6.993181192947158,5.268186894431433,15.747057075605499,0.0,342.34525552027435,516.1500055202744,-2.42575,37275.597025086725,37789.32128060699,1.0445373025833884,0.019216597556024072,0.03785115769590497,0.057067755251929045,37206.55724361237,582.7640369946275,7964.5439250882655,19159.076596522333,6391.324102172428,25550.40069869476,2831.860753893111,859.7518659362305,8487.592723929645,8487.592723929643,848.1723702786121,9335.765094208255,497.9771984446689,497.9771984446689,0.0,8985.569922374312,0.03510954244291749,0.03673666235739953,0.032773012317655954,0.6722960388226492,4441.589860344198,-7.275957614183426e-12,serious_crisis_500bp,500.0,True
2029Q3,2029-09-30,2029,3,2029,36519.26990879109,25795.399999999983,0.017620997896754975,0.020285549943514614,0.02275805762511629,173.80475,326.62268538340226,63.67652868108068,190.52118947393177,55.54397050679934,9.800940105605696,7.080056615984836,5.268186894431433,15.976206467335123,0.0,347.86707874516884,521.6718287451688,-2.42575,37789.32128060699,38308.567359352164,1.0489959808898137,0.019037045421125567,0.038102303755139275,0.057139349176264835,37725.80332235754,582.7640369946275,8072.953815132291,19419.861571369598,6478.320011752342,25898.18158312194,2883.213491626174,871.454432477134,8560.998543074289,8560.998543074289,859.7518659362305,9420.75040901052,503.2698722778337,503.2698722778337,0.0,9064.268415352122,0.03529068228896329,0.03682173343755606,0.0327976487527179,0.689789686489633,4789.456939089368,7.275957614183426e-12,serious_crisis_500bp,500.0,True
2029Q4,2029-12-31,2029,4,2030,36865.49983791807,25910.199999999983,0.017920813193843088,0.020183196343088072,0.022686563355431177,192.2015,332.8929965122523,64.46253621383114,194.59778355322345,56.43534456629354,10.227440835698735,7.169891343205619,5.3789120614604125,16.215245526594412,0.0,354.4871541003071,546.6886541003071,-5.94,38308.567359352164,38849.31601345248,1.0538122684964644,0.020854349008696836,0.038462753051914274,0.05931710206061111,38266.55197645785,582.7640369946275,8185.9441057899085,19691.66491048529,6568.991564923981,26260.656475409272,2936.2999538706285,883.6514413880349,8639.477700918402,8639.477700918402,871.454432477134,9510.932133395536,524.5334085737127,524.5334085737127,0.0,9164.011109492114,0.03539385585438404,0.03701387742068795,0.03274895964436569,0.7061635191454839,5143.944093189674,1.4551915228366852e-11,serious_crisis_500bp,500.0,True
2030Q1,2030-03-31,2030,1,2030,37214.787548312044,26025.99999999998,0.017997333864965714,0.02008187040489151,0.022638322874940497,192.2015,338.64957264314876,65.303369103939,198.2377256742229,57.41799752379118,10.429074621589582,7.261405719606153,5.3789120614604125,16.478982834660115,0.0,360.50746753926927,552.7089675392692,-5.94,38849.31601345248,39396.08498099174,1.0586137279394099,0.020658615852688668,0.038748840586152515,0.059407456438841176,38813.32094399712,582.7640369946275,8300.174426538251,19966.451198996918,6660.658207617484,26627.1094066144,2990.054802512427,895.9823083320317,8772.896782438605,8772.896782438605,883.6514413880349,9656.54822382664,530.2899847046091,530.2899847046091,0.0,9303.186767143214,0.035543904166776275,0.037118539478474745,0.032712444914313785,0.7224979702786669,5504.451560728943,-7.275957614183426e-12,serious_crisis_500bp,500.0,True
2030Q2,2030-06-30,2030,2,2030,37564.73739844506,26141.29999999998,0.017838848225115722,0.01995316485744958,0.022612820884429397,192.2015,344.9504698781064,66.13163974344332,202.15810083666332,58.41212226380222,10.890352327020773,7.358254707176812,5.3789120614604125,16.761917727192944,0.0,367.09129966675977,559.2927996667597,-5.94,39396.08498099174,39949.43778065851,1.0634824185490557,0.020466161971142215,0.03908892488964451,0.05955508686078672,39366.67374366388,582.7640369946275,8415.762030156178,20244.502493854936,6753.41403191378,26997.916525768716,3044.535497296396,908.4596904425849,8941.648434817656,8941.648434817656,895.9823083320317,9837.630743149688,536.5908819395668,536.5908819395668,0.0,9478.239316757223,0.03570805231425164,0.03727185580433975,0.032743076232891376,0.7397128850110214,5871.5428603957025,1.4551915228366852e-11,serious_crisis_500bp,500.0,True
2030Q3,2030-09-30,2030,3,2030,37917.82965732295,26257.099999999977,0.017837173553037378,0.019938881222312688,0.022609552821165613,192.2015,351.48202524486857,67.01050516511857,206.54632208431295,59.343002443329155,11.12828379202657,7.453911760081408,5.3789120614604125,17.064884430108336,0.0,373.92582173643734,566.1273217364374,-5.94,39949.43778065851,40509.625102394944,1.068352948164359,0.020275580299504905,0.03944590975968185,0.059721490059186755,39926.86106540031,582.7640369946275,8532.75660295333,20525.9383177616,6847.29890968894,27373.23722745054,3099.7782837684467,921.0889512279912,9057.698282050664,9057.698282050664,908.4596904425849,9966.157972493249,543.122437306329,543.122437306329,0.0,9600.820719356992,0.03592729248282809,0.03743990829502719,0.0327086673499954,0.7565086919129799,6245.46868213214,0.0,serious_crisis_500bp,500.0,True
2030Q4,2030-12-31,2030,4,2031,38272.713722319015,26372.999999999978,0.01777342391157455,0.019839987430776862,0.02260563078501021,184.328,358.6769749279593,67.87807877649375,211.11631894805117,60.362592215967396,11.767055587377271,7.5529294000695275,5.499835599136797,17.371536194901743,0.0,381.54834672199786,565.8763467219978,-9.2495,40509.625102394944,41066.25194911694,1.0729903358059727,0.019264690906148917,0.03987680094913104,0.059141491855279955,40483.48791212231,582.7640369946275,8648.9181539226,20805.370269361567,6940.515310708085,27745.88558006965,3155.0558886630856,933.6282894669688,8891.112071650277,8891.112071650276,921.0889512279912,9812.201022878267,539.2553105270961,539.2553105270961,0.0,9430.367382177372,0.03606179736556742,0.03767483364830652,0.032525077829539915,0.7658806233639127,6627.017028854138,-7.275957614183426e-12,serious_crisis_500bp,500.0,True
2031Q1,2031-03-31,2031,1,2031,38631.20724469732,26489.69999999998,0.01781775002184327,0.01982598390139856,0.02258993228072148,184.328,365.04132770943073,68.75889932368467,215.25390008629537,61.37538841304041,11.999721983505005,7.653417902905477,5.499835599136797,17.66914202716621,0.0,388.2103053357338,572.5383053357338,-9.2495,41066.25194911694,41629.54075445267,1.0776142845022507,0.019085916609587875,0.04019654916572882,0.05928246577531669,41046.776717458044,582.7640369946275,8766.450656787158,21088.10010877771,7034.8318623414625,28122.931971119175,3211.0784711433207,946.3156184083858,9104.874220919326,9104.874220919324,933.6282894669688,10038.502510386294,545.6196633085675,545.6196633085675,0.0,9650.493884227892,0.03622517129563148,0.03781307393883864,0.032454475780835386,0.7773075497842334,7015.227334189872,-7.275957614183426e-12,serious_crisis_500bp,500.0,True
2031Q2,2031-06-30,2031,2,2031,38992.312000821,26606.499999999975,0.017754036595319045,0.019811706497828263,0.02259593162071094,184.328,371.79485952377104,69.67136659481594,219.39406673328338,62.354194502999576,12.624906777907418,7.750324914764679,5.499835599136797,17.987619271319204,0.0,395.28231439422706,579.6103143942271,-9.2495,41629.54075445267,42199.90156884689,1.08226210253853,0.018909163426484573,0.04054976933769962,0.059458932764184194,41617.13753185227,582.7640369946275,8885.437945009893,21374.329501259417,7130.315838602121,28504.645339861538,3267.8942593236407,959.1599876571943,9161.00759303633,9161.00759303633,946.3156184083858,10107.323211444715,552.3731951229078,552.3731951229078,0.0,9713.380788159237,0.036338203938366266,0.037980944034502515,0.032520945440814214,0.78704465017882,7410.509648584099,0.0,serious_crisis_500bp,500.0,True
2031Q3,2031-09-30,2031,3,2031,39355.30429460343,26722.899999999972,0.017614655473791707,0.019797160110517797,0.022579104221777335,184.328,378.12544461093876,70.55037728337855,223.47950868692098,63.3928214547749,12.866400086705209,7.836337099159278,5.499835599136797,18.292367255338057,0.0,401.9176474654136,586.2456474654136,-9.2495,42199.90156884689,42776.897716312305,1.0869410993775002,0.018734755408843413,0.04085016286056528,0.0595849182694087,42194.13367931768,582.7640369946275,9005.788911193536,21663.83928377372,7226.894128347787,28890.733412121506,3325.459793596554,972.151562406086,9341.205223320374,9341.205223320374,959.1599876571943,10300.365210977568,558.7037802100755,558.7037802100755,0.0,9899.909003530449,0.03650154149675535,0.038096548335280485,0.032340647732791855,0.7979939884752,7812.427296049512,-7.275957614183426e-12,serious_crisis_500bp,500.0,True
2031Q4,2031-12-31,2031,4,2032,39720.68513087373,26839.599999999966,0.017582923791722438,0.019727225080271582,0.0225727995952707,192.24275,385.09619523571445,71.32584817665281,227.8381677110595,64.44359324720774,13.563120488278805,7.925465612515615,5.6120176762582625,18.60944171624964,0.0,409.3176546282224,601.5604046282224,-11.316,42776.897716312305,43367.14212094054,1.0918024696213642,0.019359459623275763,0.04121959661869696,0.060579056241972726,42784.37808394591,582.7640369946275,9128.925396980225,21960.049761762588,7325.7077197935205,29285.75748155611,3384.2513786358486,985.4438267737236,9399.041676673247,9399.041676673245,972.151562406086,10371.193239079332,571.6349629119726,571.6349629119726,0.0,9970.676639585217,0.036604605568437136,0.03827464603372913,0.032374091811304344,0.8072108258136032,8221.744950677734,7.275957614183426e-12,serious_crisis_500bp,500.0,True
2032Q1,2032-03-31,2032,1,2032,40089.031498890115,26956.799999999967,0.017581469158450158,0.01968526656714742,0.02257678241908323,192.24275,391.5884365374138,72.14133294963622,232.0930607606108,65.51917919009456,13.81581449670112,8.01904914037115,5.6120176762582625,18.941756179157295,0.0,416.14221039282944,608.3849603928295,-11.316,43367.14212094054,43964.21108133337,1.096664335294569,0.01918158087758467,0.0415218023318274,0.06070338320941208,43381.44704433874,582.7640369946275,9253.460383262225,22259.624396991592,7425.643568835754,29685.26796582735,3443.8316396054165,998.8870556437441,9597.272267685054,9597.272267685054,985.4438267737236,10582.716094458778,578.127204213672,578.127204213672,0.0,10175.399471898725,0.03671816585815356,0.03838318044867322,0.0322148941492938,0.8177902119241499,8637.887161070563,0.0,serious_crisis_500bp,500.0,True
2032Q2,2032-06-30,2032,2,2032,40460.63202228239,27074.499999999967,0.017579698909776065,0.01967074272996472,0.02256916678199805,192.24275,398.2870860121586,72.98666877298058,236.15154562664335,66.60748058616448,14.427930916904021,8.113460109466311,5.6120176762582625,19.26878079452984,0.0,423.16788448294676,615.4106344829468,-11.316,43964.21108133337,44568.305715816314,1.101522726863776,0.019005412460599082,0.04183502464814694,0.060840437108746016,43985.54167882168,582.7640369946275,9379.438332640177,22562.67014629082,7526.737355469951,30089.407501760772,3504.2097957821316,1012.486048638602,9665.493152054001,9665.493152054001,998.8870556437441,10664.380207697744,584.8258536884168,584.8258536884168,0.0,10250.319005742418,0.03676995110376133,0.03850112389826263,0.03223726518601278,0.8267431035839452,9061.05504555351,-7.275957614183426e-12,serious_crisis_500bp,500.0,True
2032Q3,2032-09-30,2032,3,2032,40836.05204124299,27192.699999999968,0.017577617243731636,0.01971028327301072,0.022571739816290792,192.24275,404.40538258037236,73.83962827370978,240.0023681927564,67.70889739154406,14.643226867902882,8.211261854459064,5.6120176762582625,19.608822788375058,0.0,429.6262230450057,621.8689730450058,-11.316,44568.305715816314,45178.85868886132,1.1063473678413438,0.018830689098529065,0.042083032180593574,0.060913721279122646,44596.09465186669,582.7640369946275,9506.73423068693,22868.886281707993,7628.888759109159,30497.775040817152,3565.3580695875758,1026.2273107750289,9828.84732866728,9828.84732866728,1012.486048638602,10841.333377305882,590.9441502566306,590.9441502566306,0.0,10419.791478923911,0.03682916628612905,0.0385589010975161,0.03209665104529116,0.8363103412024749,9490.681268598517,0.0,serious_crisis_500bp,500.0,True
2032Q4,2032-12-31,2032,4,2033,41216.34791573707,27311.899999999965,0.017649746885700424,0.0197758101815233,0.02257356533731114,249.09275,410.68251003075045,74.72293105319928,243.81590223021706,68.82234769121143,15.008887838844982,8.312441217277733,5.6542680689403735,19.952595843997877,0.0,436.2893739436887,685.3821239436887,-14.7595,45178.85868886132,45849.481312805,1.1124100904461487,0.02417416996860048,0.04234139083216603,0.06651556080076651,45266.71727581038,582.7640369946275,9646.895742604913,23206.051242812937,7741.364458627433,30947.415701440368,3631.0484491947,1041.357382570394,10609.494410914582,10609.494410914582,1026.2273107750289,11635.72172168961,650.6700280996909,650.6700280996909,0.0,11260.164439014272,0.03690757200523714,0.038627746393359357,0.032909040536293004,0.8410872592609694,9926.970642542206,-7.275957614183426e-12,serious_crisis_500bp,500.0,True
2033Q1,2033-03-31,2033,1,2033,41600.43694465073,27431.899999999965,0.017690923464234398,0.019759214646802636,0.022564008293708637,249.09275,417.748424055428,75.72813157944856,248.2501446088852,70.04889519445821,15.294068054185129,8.427184618450916,5.6542680689403735,20.311683391433622,0.0,443.71437551580203,692.807125515802,-14.7595,45849.481312805,46527.528938320815,1.1184384673705607,0.02395097439302546,0.04266439567508993,0.06661537006811538,45944.76490132618,582.7640369946275,9788.579330460023,23546.877627564914,7855.06158158361,31401.939209148524,3697.5946032009565,1056.6517585166755,10865.897057496995,10865.897057496997,1041.357382570394,11907.25444006739,657.7359421243684,657.7359421243684,0.0,11523.632999621366,0.03700490038936854,0.03871052520647643,0.03282900936657372,0.8472219142165096,10370.685018058008,1.4551915228366852e-11,serious_crisis_500bp,500.0,True
2033Q2,2033-06-30,2033,2,2033,41988.19529528469,27552.599999999962,0.017716447921211298,0.01974238719039123,0.022564493843014066,249.09275,425.12191306230386,76.76693339913274,252.86479771461472,71.2893308059101,15.660463304435368,8.540387838211029,5.6542680689403735,20.68437660844986,0.0,451.4605577396941,700.5533077396941,-14.7595,46527.528938320815,47213.3227460605,1.1244427728800859,0.02372978864637922,0.04300833170511555,0.06673812035149478,46630.558709065874,582.7640369946275,9931.851249301168,23891.52481553027,7970.033295804365,31861.558111334634,3765.031757755461,1072.1175906746134,10979.171337482625,10979.171337482627,1056.6517585166755,12035.823095999302,665.1094311312443,665.1094311312443,0.0,11644.280768613871,0.0370857010812182,0.03881233910686918,0.03290176334016603,0.8516986907330069,10822.145575797702,-1.4551915228366852e-11,serious_crisis_500bp,500.0,True
2033Q3,2033-09-30,2033,3,2033,42379.52583009044,27674.099999999962,0.017756007302464516,0.019698696995388953,0.022564267205522626,249.09275,432.4151278982493,77.79122491015139,257.46615870158075,72.54395963734409,15.9537548104988,8.66002983867419,5.6542680689403735,21.06141085788498,0.0,459.13080682507467,708.2235568250746,-14.7595,47213.3227460605,47906.786802885574,1.1304229073953125,0.02351066890164575,0.04333515279673858,0.06684582169838432,47324.02276589095,582.7640369946275,10076.69420718515,24239.95121014461,8086.265724988133,32326.216935132743,3833.358611149281,1087.7530124237749,11197.965295432443,11197.965295432443,1072.1175906746134,12270.082886107057,672.4026459671896,672.4026459671896,0.0,11870.367941399632,0.037141509671601736,0.03889841088241431,0.03280694983444911,0.8576312975970518,11281.276382622777,0.0,serious_crisis_500bp,500.0,True
2033Q4,2033-12-31,2033,4,2034,42774.423913041785,27796.199999999968,0.017765412373738743,0.019681678339410258,0.022563340221916306,228.68725,439.5035194057765,78.87532390674176,261.80996209941856,73.81292718295788,16.227139406398464,8.778166810259863,5.687777001067564,21.44275444506103,0.0,466.6340508519051,695.3213008519051,-17.2085,47906.786802885574,48584.89960373749,1.135839951988789,0.021385419517505087,0.043636735054625,0.06502215457213009,48002.13556674286,582.7640369946275,10218.148189327898,24580.22526779895,8199.778595771528,32780.00386357048,3900.9609108157456,1103.0226030287372,11276.614803033754,11276.614803033754,1087.7530124237749,12364.367815457528,656.6700464068442,656.6700464068442,0.0,11933.284849440597,0.037185979214486325,0.038961832507940046,0.0328272673473917,0.8619454096179423,11747.91043347468,7.275957614183426e-12,serious_crisis_500bp,500.0,True
2034Q1,2034-03-31,2034,1,2034,43170.439807305294,27917.299999999963,0.01754105922100746,0.019664438509282567,0.022572136924965847,228.68725,446.33802407605197,79.90591884054416,265.9624336811459,75.0527715140895,16.52102274684572,8.895877293426738,5.687777001067564,21.82933963159045,0.0,473.85514070871,702.54239070871,-17.2085,48584.89960373749,49270.23349444619,1.1412956114037247,0.021189244401564014,0.04390551894525979,0.0650947633468238,48687.46945745157,582.7640369946275,10361.074399276487,24924.04083712865,8314.472888259399,33238.51372538805,3969.4302159789354,1118.4511168080908,11519.44785721845,11519.44785721845,1103.0226030287372,12622.470460247188,663.5045510771197,663.5045510771197,0.0,12182.95240829557,0.03722469625295677,0.03901254460324193,0.03274159867022558,0.8676749332432926,12221.765574183391,-7.275957614183426e-12,serious_crisis_500bp,500.0,True
2034Q2,2034-06-30,2034,2,2034,43571.60204462971,28039.99999999996,0.017696739357757174,0.019646981729401825,0.022559374014152977,228.68725,453.18180846025876,80.97179643034549,270.10725348274235,76.30609339525071,16.781949150447073,9.01471600147321,5.687777001067564,22.200031017248385,0.0,481.0696164785747,709.7568664785747,-17.2085,49270.23349444619,49962.78186092478,1.1466822314623337,0.020994155759134974,0.044163592239351,0.06515774799848598,49380.017823930146,582.7640369946275,10505.47483598381,25271.402726706812,8430.350206555628,33701.75293326244,4038.751285140276,1134.038769543618,11642.111018412828,11642.111018412828,1118.4511168080908,12760.56213522092,670.3483354613264,670.3483354613264,0.0,12312.459353874154,0.03725891626155001,0.039055598673613065,0.03283045302211096,0.8721405665313514,12702.835190661966,1.4551915228366852e-11,serious_crisis_500bp,500.0,True
2034Q3,2034-09-30,2034,3,2034,43977.58425017203,28163.69999999996,0.01776333439337474,0.01968155262857385,0.022566712808094413,228.68725,460.0536930454889,82.04775846903357,274.2123504525082,77.57292217752422,17.083144560825186,9.137517385597702,5.687777001067564,22.5950133539232,0.0,488.33648340047966,717.0237334004796,-17.2085,49962.78186092478,50662.59709432525,1.1520095511869108,0.02080034671291481,0.04441685387924139,0.0652172005921562,50079.83305733062,582.7640369946275,10651.355552543588,25622.32549752866,8547.4154080989,34169.740905627565,4108.95038450838,1149.7862146510906,11877.142505721233,11877.142505721231,1134.038769543618,13011.18127526485,677.2202200465565,677.2202200465565,0.0,12554.362725767787,0.03730378441901439,0.03909602029445051,0.03274315722955823,0.8778025206375938,13191.171674062447,-7.275957614183426e-12,serious_crisis_500bp,500.0,True
2034Q4,2034-12-31,2034,4,2035,44387.20338625174,28287.799999999956,0.0177423648279893,0.01968916041410429,0.02257322550837304,189.9905,467.13274474597466,83.16045847648407,278.48934364112586,78.85332281940374,17.37096631548301,9.258653493477908,5.709630652454863,22.9943250622723,0.0,495.8367004607018,685.8272004607018,-17.416,50662.59709432525,51331.00829478595,1.1564370894942424,0.017121195795709594,0.04468285114932739,0.06180404694503698,50748.244257791324,582.7640369946275,10790.385477338838,25956.768373783052,8658.983040549021,34615.75141433207,4177.313231569828,1164.79413455058,11763.68304699446,11763.68304699446,1149.7862146510906,12913.46926164555,645.4168753984295,645.4168753984295,0.0,12409.099922392888,0.037325509499468765,0.03914814706696044,0.032611553476163936,0.8820822666344748,13687.00837452315,0.0,serious_crisis_500bp,500.0,True
2035Q1,2035-03-31,2035,1,2035,44800.92530649948,28412.399999999954,0.017735654711652504,0.019722056747187633,0.02256874260208286,189.9905,473.64640832577754,84.19198268693629,282.3359255892643,80.07415163748921,17.667755628955234,9.376592783132173,5.709630652454863,23.372290273265083,0.0,502.7283292514975,692.7188292514975,-17.416,51331.00829478595,52006.31112403744,1.160831183022299,0.0169630871416343,0.04488553089581517,0.06184861803744947,51423.54708704282,582.7640369946275,10930.818517224754,26294.586507898865,8771.676633679559,35066.26314157843,4246.511911153587,1179.953517086056,12038.743622223179,12038.74362222318,1164.79413455058,13203.537756773761,651.9305389782323,651.9305389782323,0.0,12690.674161201414,0.037341936312490144,0.03917541041581785,0.032555639893990955,0.8876945530937553,14189.736703774646,-7.275957614183426e-12,serious_crisis_500bp,500.0,True
2035Q2,2035-06-30,2035,2,2035,45218.33639157957,28537.399999999954,0.017714424126451522,0.01972826196496369,0.022573755489187608,189.9905,480.160351472469,85.26038443435307,286.1999752998175,81.30786474828577,17.896451061262617,9.495675928750034,5.709630652454863,23.764694049647908,0.0,509.6346761745718,699.6251761745718,-17.416,52006.31112403744,52688.520300212025,1.1652025373941783,0.016806500650950927,0.045082125247710304,0.06188862589866124,52105.756263217394,582.7640369946275,11072.65473242313,26635.780044742405,8885.496235816821,35521.27628055923,4316.5608814767365,1195.2643687583052,12114.239973764365,12114.239973764365,1179.953517086056,13294.19349085042,658.4444821249238,658.4444821249238,0.0,12772.684455889288,0.03736516278847409,0.03919791003511629,0.032634062681467964,0.8917936142489139,14699.371379949218,7.275957614183426e-12,serious_crisis_500bp,500.0,True
2035Q3,2035-09-30,2035,3,2035,45639.620134528195,28662.899999999958,0.017707331988727093,0.01973390522034224,0.022567910616891007,189.9905,486.83328894602835,86.33902527606936,290.12368225361274,82.55447394069414,18.20020562899155,9.615901846660563,5.709630652454863,24.15050537362299,0.0,516.6934249721062,706.6839249721062,-17.416,52688.520300212025,53377.78822518412,1.1695493535626886,0.016651365584549604,0.04528463851794481,0.06193600410249441,52795.0241881895,582.7640369946275,11215.928372068365,26980.431372181116,9000.469330934808,35980.90070311593,4387.464726332632,1210.7303866725824,12256.763826173914,12256.763826173912,1195.2643687583052,13452.028194932218,665.1174195984831,665.1174195984831,0.0,12921.881245772394,0.0373890022345888,0.039226261965836756,0.032503730292093996,0.8959750021485873,15216.064804921323,-1.4551915228366852e-11,serious_crisis_500bp,500.0,True
2035Q4,2035-12-31,2035,4,2036,46065.09112612179,28788.899999999954,0.01769999094559438,0.019764486694536787,0.022571471840996393,242.76275,493.5881922398168,87.4281616602729,294.11683561602854,83.81400419771168,18.491891630989606,9.737299134814242,5.7387688543045945,24.55104300793973,0.0,523.8780041020611,766.6407541020611,-16.55475,53377.78822518412,54127.874229286186,1.1750302214987325,0.021079975666201456,0.04549023925017177,0.06657021491637322,53545.110192291555,582.7640369946275,11372.21661757631,27356.389932393293,9125.886283844651,36482.276216237944,4463.016060932345,1227.6012975449667,12145.498565468668,12145.498565468668,1210.7303866725824,13356.22895214125,725.5349610941214,725.5349610941214,0.0,12871.03352656279,0.03740781557768157,0.039258127511165086,0.0322019722593386,0.8973788772048817,15739.942809023385,7.275957614183426e-12,serious_crisis_500bp,500.0,True
2036Q1,2036-03-31,2036,1,2036,46494.040876359606,28915.29999999995,0.017678326506116004,0.019743412449576114,0.022574269177581208,242.76275,500.85306973806405,88.61799799246339,298.35682845369416,85.18857400160356,18.81975485804156,9.869914432261535,5.7387688543045945,24.976876769482605,0.0,531.5687153618512,774.3314653618512,-16.55475,54127.874229286186,54885.650944648034,1.180487862747917,0.020885493747086658,0.045732201834246936,0.0666176955813336,54302.88690765341,582.7640369946275,11530.069797951513,27736.113015379447,9252.559053287056,36988.67206866651,4539.503901956749,1244.6411390786486,12406.600223974126,12406.600223974128,1227.6012975449667,13634.201521519095,732.7998385923686,732.7998385923686,0.0,13139.400062566498,0.03742381264418497,0.03928243796237932,0.032151104680632765,0.8992432220637132,16271.511524385236,0.0,serious_crisis_500bp,500.0,True
2036Q2,2036-06-30,2036,2,2036,46926.90943172654,29041.99999999995,0.017642589134278408,0.019772661061247865,0.022576315037704076,242.76275,508.16186030928066,89.8192437260423,302.63218019222234,86.55181241448275,19.151709218341033,10.006914758192334,5.7387688543045945,25.407217489929266,0.0,539.3078466535145,782.0705966535145,-16.55475,54885.650944648034,55651.166791301555,1.1859116115939372,0.020692839391282986,0.04597002898204049,0.06666286837332347,55068.402754306924,582.7640369946275,11689.497372554995,28119.623376067433,9380.495230135102,37500.11860620254,4616.93584316228,1261.8509323871224,12484.761538909113,12484.761538909113,1244.6411390786486,13729.402677987762,740.1086291635852,740.1086291635852,0.0,13224.870168072699,0.03744315759312348,0.03930410497981736,0.03217310398203478,0.9005913849909178,16810.81937103875,7.275957614183426e-12,serious_crisis_500bp,500.0,True
2036Q3,2036-09-30,2036,3,2036,47363.26883080593,29168.899999999947,0.01759302613883751,0.01977588746711989,0.022577621701592054,242.76275,515.5890366730866,91.06118453220341,306.942984835521,87.9549524340637,19.48778800223724,10.142126869061498,5.7387688543045945,25.84208063552641,0.0,547.1698861629176,789.9326361629176,-16.55475,55651.166791301555,56424.544677464466,1.1913144103087099,0.020502195561477185,0.04621048332770718,0.06671267888918436,55841.78064046984,582.7640369946275,11850.524842994271,28506.9823597466,9509.715278716729,38016.69763846333,4695.32472870945,1279.2334303027988,12639.727343275317,12639.727343275319,1261.8509323871224,13901.578275662441,747.5358055273912,747.5358055273912,0.0,13387.263148802711,0.037459537919662625,0.03932854728562075,0.03215061170646742,0.9019160983544977,17357.98925720167,-7.275957614183426e-12,serious_crisis_500bp,500.0,True
2036Q4,2036-12-31,2036,4,2037,47803.10567352211,29295.799999999945,0.017515988152144724,0.01980359078796723,0.022578201318361746,245.031015,523.0621921751867,92.28596221481789,311.29352424906267,89.37281941712558,19.828047598121866,10.281838696058744,5.894658234200658,26.2815108209958,0.0,555.2383612303831,800.2693762303832,0.0,56424.544677464466,57224.81405369485,1.197094064233391,0.02050335529858441,0.0464604425513656,0.06696379784995,56642.050016700225,582.7640369946275,12017.250379344518,28908.048302953794,9643.507866082131,38551.556169035925,4776.012448660387,1297.2310196593987,12785.776388950979,12785.776388950979,1279.2334303027988,14065.009819253777,773.9878654093874,773.9878654093874,0.0,13559.764254360367,0.0374779852606088,0.03936147748496701,0.03215450796767611,0.9032502861340167,17913.22761843205,0.0,serious_crisis_500bp,500.0,True
2037Q1,2037-03-31,2037,1,2037,48236.208408672086,29422.887487607255,0.01746555549210771,0.01893970235169573,0.022578065905819455,245.031015,530.8197956664242,93.58433732914543,315.7893794379551,90.84119306346088,20.17839151535063,10.426494320512418,5.894658234200658,26.732991551236026,0.0,563.4474454518609,808.4784604518609,0.0,57224.81405369485,58033.29251414671,1.2031064303908527,0.020319259998548923,0.04672402446545215,0.06704328446400108,57450.52847715208,582.7640369946275,12185.646989183992,29313.13409027003,9778.641443260469,39091.7755335305,4857.696957371259,1315.4089970663374,13029.333488071607,13029.333488071608,1297.2310196593987,14326.564507731007,781.7454689006248,781.7454689006248,0.0,13811.078956972233,0.037494475888296366,0.03938483364389233,0.03212554307701691,0.9048488857205695,18476.67506388391,0.0,serious_crisis_500bp,500.0,True
2037Q2,2037-06-30,2037,2,2037,48673.235114379044,29550.526290744652,0.01746555549210771,0.01893970235169662,0.022399155671420257,245.031015,538.6327566146374,94.89572592827032,320.3258581507994,92.3063753932012,20.532197328445882,10.572599813920684,5.894658234200658,26.9765290085275,0.0,571.5039438573655,816.5349588573655,0.0,58033.29251414671,58849.82747300407,1.2090798430535936,0.02013681765135952,0.04696658790108092,0.06710340555244045,58267.06343600945,582.7640369946275,12355.72659712045,29722.268406887542,9915.125579416484,39637.39398630403,4940.174202830873,1333.768649754103,13194.493904345842,13194.493904345842,1315.4089970663374,14509.902901412179,789.558429848838,789.558429848838,0.0,13984.05233419468,0.03750984889515558,0.0393914540497974,0.03219443125980197,0.9064988071249078,19048.179007741277,-7.275957614183426e-12,serious_crisis_500bp,500.0,True
2037Q3,2037-09-30,2037,3,2037,49114.22134235779,29678.718801062332,0.017465555492108598,0.01893970235169573,0.022399155671420257,245.031015,546.5125573413764,96.22022087507553,324.9058250030087,93.77596189888756,20.8903840420058,10.720165522398602,5.894658234200658,27.43455465817378,0.0,579.8417702337507,824.8727852337507,0.0,58849.82747300407,59674.70025823783,1.2150187588695889,0.019956013415501454,0.04722394079644506,0.06717995421194652,59091.9362212432,582.7640369946275,12527.50360118056,30135.485887921437,10052.971828564541,40188.45771648598,5023.6633716243205,1352.3115319523426,13368.943991055081,13368.94399105508,1333.768649754103,14702.712640809183,797.438230575577,797.438230575577,0.0,14166.382221630656,0.03752653627648407,0.03941162073922742,0.03217814899592236,0.9077541108828764,19628.020777975027,7.275957614183426e-12,serious_crisis_500bp,500.0,True
2037Q4,2037-12-31,2037,4,2038,49559.202966426594,29807.46742058563,0.01746555549210682,0.01893970235169573,0.022399155671420257,254.402365,554.4962957390519,97.55793429419363,329.52733636914587,95.28882448328747,21.25299665435799,10.869203938066951,5.91068424521801,27.898199880100705,0.0,588.3051798643706,842.7075448643707,0.0,59674.70025823783,60517.40780310219,1.2211134195216806,0.02053320875013607,0.047483021893060896,0.06801623064319696,59934.64376610757,582.7640369946275,12703.022535180695,30557.704753468253,10193.820872001796,40751.52562547005,5108.8372596714435,1371.2583457853868,13317.26300943905,13317.26300943905,1352.3115319523426,14669.574541391392,814.80934498427,814.80934498427,0.0,14132.072354423319,0.03754115323037629,0.03943414393828699,0.031993965421201156,0.9090016643764257,20216.3259578394,-1.4551915228366852e-11,serious_crisis_500bp,500.0,True
2038Q1,2038-03-31,2038,1,2038,50028.44495100026,29936.599810103187,0.017441798459170377,0.020613213981166334,0.022399155671420257,254.402365,562.6233284180754,98.92478799271967,334.21941388579546,96.83464273501133,21.622994850298944,11.021488954250048,5.91068424521801,28.371200950738853,0.0,596.9052136140323,851.3075786140323,0.0,60517.40780310219,61368.71538171623,1.2266764526025755,0.020340617442670565,0.047725266231933745,0.06806588367460431,60785.9513447216,582.7640369946275,12880.292121798142,30984.13489437552,10336.074765280144,41320.209659655666,5195.055425238491,1390.3941380293106,13583.823505142213,13583.82350514221,1371.2583457853868,14955.081850927598,822.9363776632935,822.9363776632935,0.0,14406.759882805503,0.03755491656303802,0.03945345547886697,0.03197940384851099,0.9105969406444481,20813.23117145343,7.275957614183426e-12,serious_crisis_500bp,500.0,True
2038Q2,2038-06-30,2038,2,2038,50502.12986497769,30066.291629034426,0.017441798459170377,0.020613213981166334,0.022624692238107036,254.402365,570.8255314511675,100.30527489850301,338.95708200031777,98.38910763525053,21.998774032685525,11.175292884410585,5.91068424521801,29.138069836340414,0.0,605.8742855327259,860.276650532726,0.0,61368.71538171623,62228.99203224896,1.2322052990363808,0.020149832546086214,0.04798801849764271,0.06813785104372894,61646.22799525433,582.7640369946275,13059.328553557563,31414.8152625058,10479.746502448479,41894.56176495428,5282.617020117326,1409.7206566251662,13793.824484063458,13793.824484063458,1390.3941380293106,15184.218622092769,831.1385806963856,831.1385806963856,0.0,14624.963064759844,0.037568214068473826,0.039490758883522985,0.03198996464150208,0.9122083485308821,21419.105456986155,7.275957614183426e-12,serious_crisis_500bp,500.0,True
2038Q3,2038-09-30,2038,3,2038,50980.29977539962,30196.54530094844,0.01744179845916949,0.020613213981166334,0.022624692238107036,254.402365,579.1094929934401,101.69952111082952,343.73939195420206,99.96075266251194,22.379197488271707,11.33062977762477,5.91068424521801,29.629186033901263,0.0,614.6493632725594,869.0517282725594,0.0,62228.99203224896,63098.04376052151,1.2376946396648942,0.01996083711714548,0.04822642204776964,0.06818725916491512,62515.27972352689,582.7640369946275,13240.149442145012,31849.78822357962,10624.850216393077,42474.638439972696,5371.252038700384,1429.2398027087986,13909.099919552551,13909.099919552551,1409.7206566251662,15318.820576177717,839.4225422386581,839.4225422386581,0.0,14748.52246179121,0.03758141334796657,0.03950887476718436,0.03200080253225988,0.913380076829302,22033.754820258713,-7.275957614183426e-12,serious_crisis_500bp,500.0,True
2038Q4,2038-12-31,2038,4,2039,51462.997147610695,30327.36325991377,0.017441798459170377,0.020613213981167222,0.022624692238107036,260.45804,587.480110508128,103.10766378070427,348.56734933969994,101.5532659230539,22.764316550397478,11.487514914271967,5.922339525957902,30.1263228592124,0.0,623.5287728932983,883.9868128932983,0.0,63098.04376052151,63982.03057341481,1.243262812499939,0.020244296246713447,0.048464240907294086,0.06870853715400753,63399.26653642019,582.7640369946275,13424.080424181686,32292.242657437884,10772.449693486074,43064.69235092396,5461.3990859982405,1449.0946753163046,14088.980524537315,14088.980524537317,1429.2398027087986,15518.220327246116,853.8604900340858,853.8604900340858,0.0,14942.841014571402,0.03759427696823542,0.03952761358243064,0.03200936286274808,0.9145395418098117,22657.283593152013,0.0,serious_crisis_500bp,500.0,True
2039Q1,2039-03-31,2039,1,2039,51938.92936982024,30457.141414438727,0.017227156981449054,0.019937887724799763,0.022624692238107036,260.45804,595.9915499459554,104.54002630331489,353.47519427815416,103.17317018414954,23.156060727481997,11.647098452854799,5.922339525957902,30.631940363684727,0.0,632.545829835598,893.003869835598,0.0,63982.03057341481,64875.034443250406,1.2490637606586257,0.020058791596989856,0.04871458364739776,0.06877337524438762,64292.27040625578,582.7640369946275,13609.844864298007,32739.107559003383,10921.520469491474,43660.62802849486,5552.65004849327,1469.1474649696477,14339.85359978557,14339.85359978557,1449.0946753163046,15788.948275101875,862.3719294719133,862.3719294719133,0.0,15202.225529257485,0.037609898882394556,0.039545217566035004,0.03199469293582077,0.9160809221625061,23289.829422987612,-7.275957614183426e-12,serious_crisis_500bp,500.0,True
2039Q2,2039-06-30,2039,2,2039,52419.26303564348,30587.47492121266,0.017227156981449054,0.019937887724799763,0.022796693476643037,260.45804,604.6388029331401,105.98666688072073,358.42885557415684,104.86138307083421,23.553624657734336,11.808272749693542,5.922339525957902,31.378527457680832,0.0,641.9396699167788,902.3977099167788,0.0,64875.034443250406,65777.43215316719,1.2548332109980365,0.019874986782847104,0.04898502060055897,0.06886000738340607,65194.668116172565,582.7640369946275,13797.472018232824,33190.453304301,11072.08602132278,44262.53932562378,5645.255442565971,1489.401329749981,14560.60596397815,14560.605963978149,1469.1474649696477,16029.753428947797,871.019182459098,871.019182459098,0.0,15431.625146437247,0.03762151484812605,0.03958007424124404,0.03197774466938422,0.917788373732594,23931.76909290439,0.0,serious_crisis_500bp,500.0,True
2039Q3,2039-09-30,2039,3,2039,52904.03884983833,30718.366156722746,0.017227156981449054,0.019937887724799763,0.02279669347664215,260.45804,613.3151610440073,107.44781334198811,363.4288667275785,106.51130818120174,23.956109605373282,11.971063187865472,5.922339525957902,31.90184891234748,0.0,651.1393494823127,911.5973894823127,0.0,65777.43215316719,66689.02954264951,1.2605659415141857,0.019692866228174254,0.04923173078187791,0.06892459701005217,66106.26550565488,582.7640369946275,13986.968155551294,33646.294975058,11224.151380130968,44870.44635518897,5738.994048474002,1509.8569464406073,14695.180674147387,14695.180674147387,1489.401329749981,16184.582003897367,879.6955405699651,879.6955405699651,0.0,15574.876214717351,0.037633334687553324,0.03959651984991392,0.0320060166216549,0.9195001863716568,24582.908442386703,1.4551915228366852e-11,serious_crisis_500bp,500.0,True
2039Q4,2039-12-31,2039,4,2040,53393.29789360222,30849.817507625736,0.017227156981449054,0.019937887724799763,0.022796693476643037,264.33496,622.0867106433074,108.92351451135572,368.4744141563786,108.18975438766267,24.36355238089414,12.13547520701638,5.935451716790281,32.431574249555645,0.0,660.4537366096532,924.7886966096532,0.0,66689.02954264951,67613.81823925916,1.2663353062400158,0.01980285694483566,0.04947839992395684,0.0692812568687925,67031.05420226452,582.7640369946275,14179.191737458172,34108.69763917173,11378.405437061632,45487.10307623337,5834.15240487025,1530.6069837027285,15639.867782254432,15639.867782254432,1509.8569464406073,17149.72472869504,892.3571223600976,892.3571223600976,0.0,16532.22490461453,0.03764635886169259,0.03961393597351867,0.03254443299592784,0.9212273440583779,25243.362178996354,-1.4551915228366852e-11,serious_crisis_500bp,500.0,True
2040Q1,2040-03-31,2040,1,2040,53889.0305474941,30984.73913358242,0.017609093307503265,0.01970258122673907,0.022796693476643926,264.33496,631.0080118081868,110.42045565545551,373.6416078519057,109.8664811523463,24.7772135169685,12.302253631510682,5.935451716790281,32.96932272513714,0.0,669.9127862501141,934.2477462501141,0.0,67613.81823925916,68548.06598550928,1.2720226229546978,0.01962068772174577,0.04972535445110291,0.06934604217284868,67965.30194851465,582.7640369946275,14373.337066188391,34575.72315362492,11534.201642156188,46109.9247957811,5930.47561799349,1551.5644685516504,15928.193171611974,15928.193171611974,1530.6069837027285,17458.800155314704,901.278423524977,901.278423524977,0.0,16829.47159513695,0.03765640369634969,0.039631708647457346,0.03253288317402353,0.9233845077754348,25913.27496524647,1.4551915228366852e-11,serious_crisis_500bp,500.0,True
2040Q2,2040-06-30,2040,2,2040,54389.36585516145,31120.25083904756,0.017609093307503265,0.01970258122673907,0.022246337554163054,264.33496,639.9702934339899,111.9323624029421,378.85626728393146,111.53897283782797,25.17199149330421,12.470699415983892,5.935451716790281,32.71120231872166,0.0,678.6169474695018,942.9519074695019,0.0,68548.06598550928,69491.01789297878,1.2776581745415627,0.019440194298563612,0.04990806101888775,0.06934825531745135,68908.25385598415,582.7640369946275,14569.412969385943,35047.39275372101,11691.547079352436,46738.93983307345,6027.17069961609,1572.7303539086524,16198.787201741912,16198.787201741912,1551.5644685516504,17750.351670293563,910.2407051507802,910.2407051507802,0.0,17109.027906892694,0.037698209248865494,0.0395994803186983,0.03261220738090717,0.925889632904505,26591.89191271597,0.0,serious_crisis_500bp,500.0,True
2040Q3,2040-09-30,2040,3,2040,54894.34655016561,31256.35520473291,0.017609093307503265,0.01970258122673907,0.022246337554163054,264.33496,649.569830420913,113.45930349909302,384.12107815916096,113.75632036615463,25.592308176963694,12.640820219540796,5.935451716790281,33.24455117333714,0.0,688.7498333110404,953.0847933110405,0.0,69491.01789297878,70444.10268628981,1.2832669867363107,0.01926136125937381,0.05018730536716536,0.06944866662653917,69861.33864929518,582.7640369946275,14767.556718895286,35524.0366531932,11850.551905472454,47374.58855866565,6125.073913820807,1594.119457913421,16432.522776117185,16432.522776117185,1572.7303539086524,18005.253130025838,919.8402421377033,919.8402421377033,0.0,17352.363018254888,0.03774776161169658,0.03964540190628753,0.03261956539905772,0.9285642826391781,27280.641746027013,0.0,serious_crisis_500bp,500.0,True
2040Q4,2040-12-31,2040,4,2041,55404.01576282974,31393.054822636957,0.017609093307502377,0.01970258122673907,0.022246337554162166,273.20975999999996,659.420011171782,115.00234794839706,389.43448978604226,116.15252659675525,26.01791169760805,12.812735142979122,5.957305368177581,33.78456382220109,0.0,699.1618803621607,972.3716403621606,0.0,70444.10268628981,71416.47432665198,1.2890125985157364,0.01972490666882634,0.05047734325649547,0.07020224992532181,70833.71028965735,582.7640369946275,14969.738743628664,36010.39480938404,12012.797334697094,48023.19214408113,6224.834918689518,1615.944483258028,16546.19572335825,16546.19572335825,1594.119457913421,18140.31518127167,938.5870765399595,938.5870765399595,0.0,17484.78279989821,0.03779345326450381,0.039700236283837856,0.03267115594191694,0.9313110493067798,27979.803626389174,0.0,serious_crisis_500bp,500.0,True
2041Q1,2041-03-31,2041,1,2041,55931.13799773581,31527.09931704546,0.017189212325988024,0.02105209487726678,0.022246337554163942,273.20975999999996,669.4077310514265,116.57684046600822,394.8465154960523,118.54456147245848,26.451659832720942,12.988153784186398,5.957305368177581,34.334823636758706,0.0,709.6998600563628,982.9096200563628,0.0,71416.47432665198,72399.38394670835,1.2944378844864413,0.01953900955929486,0.050755259804303836,0.0702942693635987,71816.61990971371,582.7640369946275,15174.072233557132,36501.92841401927,12176.76925466442,48678.697668683686,6325.8482537808495,1638.001753692043,16915.044642658188,16915.044642658188,1615.944483258028,18530.989125916214,948.574796419604,948.574796419604,0.0,17863.619439077793,0.03782996206848603,0.03974992418753494,0.03257060131237756,0.9347139891577683,28689.503486445537,0.0,serious_crisis_500bp,500.0,True
2041Q2,2041-06-30,2041,2,2041,56463.275353778976,31661.71616500741,0.017189212325988024,0.02105209487726678,0.0228385780169158,273.20975999999996,679.3564458371578,118.16808751882616,400.3098367754175,120.8112855280839,26.901796919530693,13.165439095299792,5.957305368177581,35.81306784342908,0.0,721.1268190487644,994.3365790487644,0.0,72399.38394670835,73393.7205257571,1.299848796689493,0.019354864434495796,0.051086431988257006,0.0704412964227528,72810.95648876247,582.7640369946275,15380.548786552576,36998.61725539342,12342.460922901235,49341.07817829466,6429.039161687733,1660.2903622275212,17026.882478672553,17026.882478672553,1638.001753692043,18664.884232364595,958.5235112053354,958.5235112053354,0.0,17985.405989877887,0.03786389735758897,0.039841599734029266,0.032685923687598005,0.9372129877331644,29410.630305494302,0.0,serious_crisis_500bp,500.0,True
2041Q3,2041-09-30,2041,3,2041,57000.47554558473,31796.90781040229,0.017189212325988024,0.02105209487726767,0.0228385780169158,273.20975999999996,689.3806160545129,119.77602367527818,405.824390006967,123.0850733111375,27.35054527472678,13.344583786403698,5.957305368177581,36.397271390121055,0.0,731.7351928128115,1004.9449528128115,0.0,73393.7205257571,74398.66547856992,1.3052288558377274,0.01917245478287332,0.05134940968888053,0.07052186447175385,73815.90144157529,582.7640369946275,15589.184656548512,37500.50043309088,12509.885382735318,50010.385815826194,6533.518905766146,1682.8120634344423,17341.683495579953,17341.68349557995,1660.2903622275212,19001.973857807472,968.5476814226904,968.5476814226904,0.0,18310.23117700264,0.03790387583224299,0.03987998905470466,0.032620425280261926,0.9396707602282782,30142.365498307114,0.0,serious_crisis_500bp,500.0,True
2041Q4,2041-12-31,2041,4,2042,57542.78674174274,31932.67670754465,0.017189212325988024,0.02105209487726678,0.02283857801691669,290.3126875,699.633718966887,121.40077551287155,411.3894139971514,125.5129931090237,27.80493438798608,13.525601959854326,5.987900480119798,36.988771535689345,0.0,742.6103909826962,1032.9230784826962,0.0,74398.66547856992,75431.58855705262,1.3108782669076569,0.020180648448810776,0.05162144088124193,0.0718020893300527,74848.82452005798,582.7640369946275,15803.719908218798,38016.574844641014,12682.043931631857,50698.61877627287,6640.515247969347,1705.9705875969646,17262.454822253916,17262.454822253916,1682.8120634344423,18945.266885688357,995.9343069470069,995.9343069470069,0.0,18258.38912920092,0.03794035415411058,0.03992600599518015,0.032548042672402626,0.9419960649373043,30884.97588928981,0.0,serious_crisis_500bp,500.0,True
2042Q1,2042-03-31,2042,1,2042,58055.26898098634,32068.229387565312,0.017088232020256333,0.018695469559396827,0.0228385780169158,290.3126875,710.1068760267274,123.07146878525388,417.0959263329436,127.95737635180444,28.270365958915086,13.711738597810601,5.987900480119798,37.59451911428834,0.0,753.6892956211356,1044.0019831211355,0.0,75431.58855705262,76475.59054017375,1.3172894016772234,0.02000250399977168,0.05192908818443171,0.07193159218420338,75892.82650317912,582.7640369946275,16020.511193615348,38538.076249045036,12856.012884597427,51394.08913364246,6748.8535311706,1729.3726447507056,17670.071251970705,17670.071251970705,1705.9705875969646,19376.041839567668,1006.4074640068472,1006.4074640068472,0.0,18676.47871597755,0.0379734431361634,0.03996677307417877,0.03245907259678228,0.9447732379170646,31638.665184910944,0.0,serious_crisis_500bp,500.0,True
2042Q2,2042-06-30,2042,2,2042,58572.31544209702,32204.357482206833,0.017088232020256333,0.01869546955939594,0.02271549749328483,290.3126875,720.6396857345821,124.75973092027954,422.85712360508325,130.24542743871098,28.877571138324562,13.899832632183795,5.987900480119798,38.00367903939272,0.0,764.6312652540947,1054.9439527540947,0.0,76475.59054017375,77530.53449292784,1.323672009681304,0.019825932118869034,0.052217929886004814,0.07204386200487384,76947.7704559332,582.7640369946275,16239.571362577519,39065.0355571823,13031.802553269306,52096.83811045161,6858.3413609015815,1753.0196220025066,17772.21758703483,17772.21758703483,1729.3726447507056,19501.590231785536,1016.940273714702,1016.940273714702,0.0,18789.157860749532,0.03799368567868956,0.03999348078796058,0.03254242469786246,0.9466807971400882,32403.29645016504,-1.4551915228366852e-11,serious_crisis_500bp,500.0,True
2042Q3,2042-09-30,2042,3,2042,59093.966774525,32341.063434076666,0.017088232020256333,0.018695469559397715,0.02271549749328483,290.3126875,731.0467255814631,126.46566198607243,428.671680311233,132.46479928791945,29.354688784392916,14.089895211845146,5.987900480119798,38.62021936296003,0.0,775.6548454245429,1065.9675329245429,0.0,77530.53449292784,78596.50202585239,1.3300258269298448,0.019650918924275146,0.052503149662237424,0.07215406858651256,78013.73798885776,582.7640369946275,16460.873322887892,39597.38759747819,13209.391196899523,52806.778794377715,6969.177276774402,1776.908594817743,17999.049471008893,17999.049471008893,1753.0196220025066,19752.0690930114,1027.347313561583,1027.347313561583,0.0,19026.396784570476,0.038009409907224595,0.04001803163089487,0.03244238991724073,0.9484315164266081,33178.951295589584,1.4551915228366852e-11,serious_crisis_500bp,500.0,True
2042Q4,2042-12-31,2042,4,2043,59620.26398974879,32478.34969615101,0.017088232020256333,0.018695469559396827,0.022715497493283943,300.12464,741.4811156246462,128.18905100198947,434.5409471995532,134.63150291431464,29.837711677941574,14.28190283084761,6.009754131507097,39.24435093633062,0.0,786.735220692484,1086.8598606924838,0.0,78596.50202585239,79683.36188654487,1.3365147443870051,0.020135747138027026,0.0527830752864668,0.07291882242449382,79100.59784955023,582.7640369946275,16686.541276558648,40140.24223553714,13390.483428287753,53530.725663824895,7082.062043870769,1801.2688652959164,17879.91238735448,17879.91238735448,1776.908594817743,19656.820982172223,1047.6155097561534,1047.6155097561534,0.0,18927.527897110635,0.038023430847638116,0.04003919769527182,0.03233110745647102,0.9501487802870391,33965.68651628207,0.0,serious_crisis_500bp,500.0,True
2043Q1,2043-03-31,2043,1,2043,60187.929052490006,32615.668008118973,0.01701953976476145,0.021251542965382564,0.02271549749328572,300.12464,752.0888623710354,129.94644019120048,440.51480640610896,136.8201944840343,30.329722784876054,14.477698504815928,6.009754131507097,39.880019859559404,0.0,797.9786363621018,1098.103276362102,0.0,79683.36188654487,80781.46516290697,1.3421539241274991,0.01994583596576388,0.05303247005998051,0.0729783060257444,80198.70112591234,582.7640369946275,16914.49425606094,40688.593608292176,13573.409329099946,54262.00293739212,7196.328134071363,1825.8757983879013,18258.327085692432,18258.327085692432,1801.2688652959164,20059.595950988347,1058.2232565025424,1058.2232565025424,0.0,19316.550342194972,0.03803981278629256,0.04005747837287706,0.032232474133049104,0.9524653633934099,34763.66515264417,0.0,serious_crisis_500bp,500.0,True
2043Q2,2043-06-30,2043,2,2043,60760.99904976006,32753.56690127342,0.01701953976476145,0.021251542965382564,0.02231557677676199,300.12464,762.8559458489035,131.7216240190746,446.5465090607338,139.007121178135,30.905214861417335,14.675476729542757,6.009754131507097,39.81589226747214,0.0,808.6815922478827,1108.8062322478827,0.0,80781.46516290697,81890.27139515485,1.3477439916366587,0.01975771594895691,0.05323688582444901,0.07299460177340591,81307.50735816022,582.7640369946275,17144.76658428691,41242.52428103838,13758.196442498618,55000.720723537,7311.2869511753925,1850.7330991609097,18352.580541226933,18352.58054122693,1825.8757983879013,20178.45633961483,1068.9903399804107,1068.9903399804107,0.0,19421.57088120734,0.038050483868718996,0.04004292769966797,0.03231790517750737,0.9541095045489523,35572.34674489206,0.0,serious_crisis_500bp,500.0,True
2043Q3,2043-09-30,2043,3,2043,61339.52544380172,32892.04883030893,0.017019539764762337,0.021251542965382564,0.02231557677676199,300.12464,773.620310774971,133.51486977513431,452.6340072599512,141.18938980718792,31.406776648191798,14.87526728450581,6.009754131507097,40.451937177005775,0.0,820.0820020834839,1120.206642083484,0.0,81890.27139515485,83010.47803723834,1.353295080727209,0.019571370194245753,0.053478209761164824,0.07304957995541059,82427.71400024371,582.7640369946275,17377.35767563046,41802.03284507338,13944.844298551237,55746.87714362462,7427.638476588333,1875.8407044002824,18659.85257945336,18659.852579453363,1850.7330991609097,20510.585678614272,1079.7547049064783,1079.7547049064783,0.0,19739.60728435984,0.0380545044840862,0.04005760333245178,0.03225058743467653,0.9557408375500173,36392.42874697554,0.0,serious_crisis_500bp,500.0,True
2043Q4,2043-12-31,2043,4,2044,61923.56018684745,33031.116260298484,0.01701953976476145,0.021251542965381676,0.02231557677676199,315.2472575,784.3620578596403,135.32617289897223,458.7773104746793,143.26706262681938,31.914442197551885,15.077069661617271,6.019952502154488,41.0956876723541,0.0,831.477698034149,1146.7249555341489,0.0,83010.47803723834,84157.20299277248,1.3590498146236665,0.02036363907687326,0.05370994145202618,0.07407358052889944,83574.43895577785,582.7640369946275,17615.522433667444,42374.94912059913,14135.964866489216,56510.913987088345,7546.452562514464,1901.5499725075929,18825.920677197937,18825.92067719794,1875.8407044002824,20701.761381598222,1105.6292678617947,1105.6292678617947,0.0,19931.549945059734,0.03805913062135922,0.04006615635491942,0.03230672772490423,0.9573252963227735,37223.90644500969,-1.4551915228366852e-11,serious_crisis_500bp,500.0,True
2044Q1,2044-03-31,2044,1,2044,62477.308177911254,33169.36987577106,0.016847634395924738,0.019083305138657858,0.02231557677676199,315.2472575,795.3710798985223,137.18088095218525,465.06506659857445,145.40850656148876,32.4329178822437,15.283707904029782,6.019952502154488,41.75306303892415,0.0,843.144095439601,1158.391352939601,0.0,84157.20299277248,85315.59434571209,1.3655452969062978,0.020183152360040705,0.05398082087907194,0.07416397323911264,84732.83030871746,582.7640369946275,17856.058656666806,42953.57006412438,14328.988468839967,57282.55853296435,7666.697884977517,1927.5152341087664,19219.63805523405,19219.63805523405,1901.5499725075929,21121.188027741642,1116.6382899006767,1116.6382899006767,0.0,20336.276345134727,0.038067037604919286,0.04007472042586829,0.03221104523406426,0.9594508844706428,38067.050540449294,1.4551915228366852e-11,serious_crisis_500bp,500.0,True
2044Q2,2044-06-30,2044,2,2044,63036.0080295703,33308.202159613196,0.01684763439592385,0.019083305138657858,0.023076797027411944,315.2472575,806.56980305833,139.05405678879276,471.41543145376414,147.5799017687124,33.02800935291106,15.492403694149214,6.019952502154488,43.8530162932156,0.0,856.4427718537,1171.6900293537,0.0,85315.59434571209,86487.28437506579,1.372029845774727,0.020004265330515025,0.054346256917280754,0.07435052224779579,85904.52033807116,582.7640369946275,18099.007208345596,43537.993975199315,14523.947897595372,58061.94187279469,7789.830356594758,1953.7409003361056,19376.167254209606,19376.167254209602,1927.5152341087664,21303.68248831837,1127.8370130604844,1127.8370130604844,0.0,20504.004267270087,0.03807295814653304,0.040154102115646545,0.03231860370328166,0.9609790505407952,38923.49331230299,0.0,serious_crisis_500bp,500.0,True
2044Q3,2044-09-30,2044,3,2044,63599.704023562444,33447.615533874276,0.016847634395925626,0.019083305138657858,0.023076797027411944,315.2472575,817.8507038817163,140.94601863499133,477.82948387781136,149.80624988813707,33.56575899432519,15.70319248645145,6.019952502154488,44.55732607104517,0.0,868.427982454916,1183.675239954916,0.0,86487.28437506579,87670.9596150207,1.3784806228428412,0.01982696380997038,0.05461836628253367,0.07444533009250404,87088.19557802608,582.7640369946275,18344.385790680357,44128.263436742345,14720.8573580973,58849.12079483965,7914.460110433968,1980.2288820720794,19730.765709938747,19730.765709938747,1953.7409003361056,21684.506610274853,1139.1179138838706,1139.1179138838706,0.0,20869.883623822618,0.03808119236710181,0.040164423648167316,0.032259521678309824,0.9624671538386054,39791.92129475791,0.0,serious_crisis_500bp,500.0,True
2044Q4,2044-12-31,2044,4,2045,64168.440837612405,33587.61243074127,0.01684763439592385,0.01908330513865697,0.023076797027411944,328.847015,829.2995799391181,142.85690434492327,484.3076912182463,152.10882110901414,34.11007362728001,15.916089639654336,6.028693962709422,45.270200206393476,0.0,880.598474108221,1209.445489108221,0.0,87670.9596150207,88880.40510412892,1.3851108729453743,0.02049898739676068,0.05489293257641736,0.07539191997317804,88297.64106713429,582.7640369946275,18595.162008399475,44731.51715836879,14922.098270274464,59653.61542864326,8041.56410553895,2007.2995245525972,19673.077978349414,19673.077978349414,1980.2288820720794,21653.306860421493,1164.1752889018276,1164.1752889018276,0.0,20837.253267251243,0.03808850450518782,0.04017743060986629,0.03219846267923857,0.963921643502864,40672.51976886613,-1.4551915228366852e-11,serious_crisis_500bp,500.0,True
2045Q1,2045-03-31,2045,1,2045,64171.41450762505,33418.39993341095,-0.02,0.020597325915870046,0.023076797027411944,328.847015,866.069674236355,144.80982414041094,490.92840081309646,154.44128353369015,34.665251763658326,41.22491398549896,6.028693962709422,45.997226841836266,0.0,918.0955950409007,1246.9426100409007,0.0,88880.40510412892,90127.34771416982,1.4044781216948337,0.020498037484333487,0.057227698786774264,0.07772573627110775,89544.5836771752,582.7640369946275,18853.858910624564,45353.824450742555,15129.695310594663,60483.519761337215,8171.9798208249285,2035.225184388477,20096.617370823933,20096.617370823937,2007.2995245525972,22103.916895376533,1200.9453831990645,1200.9453831990645,0.0,21297.562754023,0.0509792082286891,0.0413182452967128,0.08211339421019162,0.2575708795613434,918.0955950409007,0.0,serious_crisis_500bp,500.0,True
2045Q2,2045-06-30,2045,2,2045,64174.388315442404,33250.03991909983,-0.02,0.020597325915870046,0.02213343204113838,328.847015,1141.4401853889046,382.4976626492958,517.7242648420859,160.54317067354967,38.876649999595315,41.79843722437834,6.028693962709422,44.8479480841157,0.0,1192.3168274357297,1521.1638424357297,0.0,90127.34771416982,91648.51155660556,1.4281166359719242,0.020497087615924742,0.07431730063869235,0.0948143882546171,91065.74751961093,582.7640369946275,19171.873662933343,46118.82355874112,15384.89326924676,61503.71682798788,8320.602976350405,2069.554052339279,20240.073357102185,20240.073357102185,2035.225184388477,22275.29854149066,1476.3158943516141,1476.3158943516141,0.0,21716.3892514538,0.05221243960745925,0.05291698281045826,0.08229898306324329,0.2820838841927868,2110.41242247663,1.4551915228366852e-11,serious_crisis_500bp,500.0,True
2045Q3,2045-09-30,2045,3,2045,64177.362261070855,33082.52809304653,-0.02,0.020597325915870046,0.022133432041139267,328.847015,1188.9181473991077,388.94938693676016,548.1934201263554,167.69360550850632,41.578268477567896,42.50346634991795,6.028693962709422,45.6635941954941,0.0,1240.6104355573113,1569.4574505573114,0.0,91648.51155660556,93217.96900716287,1.4525054586686819,0.020496137791532407,0.07732386572764144,0.09782000351917385,92635.20497016824,582.7640369946275,19500.115692741856,46908.424852983415,15648.298332511311,62556.723185494724,8473.37916355315,2104.9869283784983,20616.125434694462,20616.125434694466,2069.554052339279,22685.679487033747,1523.7938563618172,1523.7938563618172,0.0,22139.91929105628,0.053456283000041724,0.05414645211301937,0.08224511206961128,0.30676327426070293,3351.0228580339417,0.0,serious_crisis_500bp,500.0,True
2045Q4,2045-12-31,2045,4,2046,64180.336344516785,32915.86018212645,-0.02,0.020597325915870046,0.02213343204113838,341.5111875,1238.2301852267567,395.6085971165004,579.2887274843212,174.8929519263509,45.208739658010586,43.2311690415734,6.044719973726774,46.502032207135144,0.0,1290.7769374076188,1632.2881249076188,0.0,93217.96900716287,94850.25713207049,1.4778709887545483,0.021284474775375765,0.0804468789617302,0.10173135373710596,94267.49309507586,582.7640369946275,19841.71153507771,47730.1493572266,15922.419457444254,63652.56881467085,8631.351431471523,2141.861313855763,21071.42124137152,21071.42124137152,2104.9869283784983,23176.40816975002,1585.7860927004836,1585.7860927004836,0.0,22657.207334072005,0.05475011064199373,0.055387473087230014,0.0822438418741666,0.3323648839738339,4641.7997954415605,0.0,serious_crisis_500bp,500.0,True
2046Q1,2046-03-31,2046,1,2046,64497.144078828744,32915.86018212645,0.0,0.01989152606750877,0.02213343204113749,341.5111875,1290.5599234659192,402.53872276788906,611.3187693751875,183.0618463011702,49.6521082883602,43.98847673331273,6.044719973726774,47.368986387842156,0.0,1343.9736298274881,1685.4848173274881,0.0,94850.25713207049,96535.74194939797,1.4967444423804483,0.021179926173636666,0.0833508924478812,0.10453081862151786,95952.97791240334,582.7640369946275,20194.579781109944,48578.990146831144,16205.586371578904,64784.576518410046,8793.869086798812,2179.9525260845276,21559.084551619453,21559.084551619457,2141.861313855763,23700.94586547522,1638.115830939646,1638.115830939646,0.0,23197.200382559102,0.05609601370436456,0.05667770106120536,0.08217522907808247,0.35890147096408975,5985.773425269049,-1.4551915228366852e-11,serious_crisis_500bp,500.0,True
2046Q2,2046-06-30,2046,2,2046,64815.515643220686,32915.86018212645,0.0,0.01989152606750788,0.023159436985126236,341.5111875,1345.9633840107797,409.697537309268,644.0839124926855,191.60843745138592,55.80272175297969,44.77077500446099,6.044719973726774,50.47895624816742,0.0,1402.487060232674,1743.998247732674,0.0,96535.74194939797,98279.74019713065,1.516299596197228,0.021075891111002526,0.08655255127199567,0.1076284423829982,97696.97616013602,582.7640369946275,20559.382544578202,49456.53996683969,16498.330402702817,65954.8703695425,8963.391207489058,2219.3320385262336,21804.233520213013,21804.233520213013,2179.9525260845276,23984.18604629754,1693.5192914845065,1693.5192914845065,0.0,23497.75281169752,0.057352128413282404,0.05811265472918118,0.08224092040690101,0.38372680149393024,7388.2604855017225,1.4551915228366852e-11,serious_crisis_500bp,500.0,True
2046Q3,2046-09-30,2046,3,2046,65135.45875708917,32915.86018212645,0.0,0.019891526067509657,0.023159436985126236,341.5111875,1401.1282850717648,417.09847337313033,677.5905286430266,200.25430441104191,60.605446903333196,45.57953174123253,6.044719973726774,51.45205462260925,0.0,1458.625059668101,1800.136247168101,0.0,98279.74019713065,100079.87644429874,1.53648839440171,0.020972367064987063,0.08957486981754607,0.11054723688253314,99497.11240730411,582.7640369946275,20936.068437134327,50362.67520021807,16800.61031310153,67163.2855133196,9137.764152908238,2259.994303941939,22175.06599332174,22175.065993321736,2219.3320385262336,24394.39803184797,1748.6841925454917,1748.6841925454917,0.0,23923.750185867226,0.05858374132781241,0.059366256229101695,0.08223944258780588,0.4080684342704435,8846.885545169824,-1.4551915228366852e-11,serious_crisis_500bp,500.0,True
2046Q4,2046-12-31,2046,4,2047,65456.981177935224,32915.86018212645,0.0,0.01989152606750877,0.023159436985126236,357.7490725,1457.602292905806,424.74048841836265,711.6742561714,209.24158645021717,65.53132884861861,46.41463301720758,6.052004524189207,52.45299791569211,0.0,1516.1072953456874,1873.8563678456874,0.0,100079.87644429874,101953.73281214443,1.557568512592998,0.021861629794842602,0.092647553740639,0.1145091835354816,101370.9687751498,582.7640369946275,21328.41884381816,51306.49214253582,17115.460558680126,68421.95270121595,9318.249717073506,2302.3475130421734,23302.08568441579,23302.08568441579,2259.994303941939,25562.079988357727,1821.4033699299953,1821.4033699299953,0.0,25123.489054345784,0.0601600925779162,0.06059588997152706,0.08259693307364019,0.43936268916547894,10362.992840515511,0.0,serious_crisis_500bp,500.0,True
2047Q1,2047-03-31,2047,1,2047,66035.72146100708,33045.517286918206,0.01584952735551126,0.019676561505418855,0.023159436985126236,357.7490725,1525.0240805769529,432.70029729396094,756.0969023506649,218.44477588027678,70.49764300294673,47.284462049103624,6.052004524189207,53.489029133236855,0.0,1584.565114234379,1942.314186734379,0.0,101953.73281214443,103896.04699887881,1.5733309896557666,0.021670033405252913,0.09598230043840963,0.11765233384366254,103313.28296188418,582.7640369946275,21735.292648365885,52285.24578615541,17441.965425500814,69727.21121165622,9504.51061657708,2346.268485284988,23848.16566085698,23848.16566085698,2302.3475130421734,26150.51317389915,1888.825157601142,1888.825157601142,0.0,25736.99081845812,0.06177121690582156,0.0621680078022854,0.08255871100081456,0.47130638400002145,11947.557954749891,0.0,serious_crisis_500bp,500.0,True
2047Q2,2047-06-30,2047,2,2047,66619.57869736983,33175.68511707852,0.01584952735551126,0.019676561505418855,0.02235168965107781,357.7490725,1595.870279156288,440.95474960372286,802.0368113157136,227.8522360796134,76.83999314069789,48.186489016540435,6.052004524189207,52.671018699270576,0.0,1654.593302379748,2012.342374879748,0.0,103896.04699887881,105908.38937375856,1.5897487111839073,0.021480116175764653,0.09934576799988512,0.12082588417564977,105325.62533676393,582.7640369946275,22157.427506716136,53300.71059635229,17780.716861856432,71081.42745820872,9694.933523122707,2391.8368487163357,24213.02352806291,24213.023528062913,2346.268485284988,26559.292013347902,1959.6713561804772,1959.6713561804772,0.0,26172.694884243392,0.06331634996288821,0.06370187702704813,0.08262620556737117,0.5019761974214741,13602.151257129639,0.0,serious_crisis_500bp,500.0,True
2047Q3,2047-09-30,2047,3,2047,67208.59812875236,33306.36568437839,0.01584952735551126,0.019676561505418855,0.02235168965107781,357.7490725,1667.6607912084726,449.5188105425036,849.4181205712648,237.54003436685036,82.0614764473425,49.12234928051175,6.052004524189207,53.72628276030922,0.0,1727.439078492971,2085.188150992971,0.0,105908.38937375856,107993.57752475153,1.6068416918601227,0.021291863390136816,0.10281060022610168,0.12410246361623847,107410.8134877569,582.7640369946275,22595.02683442267,54353.37589859348,18131.878103048817,72485.25400164229,9891.458090174096,2439.074561517821,24680.16836059748,24680.16836059748,2391.8368487163357,27072.005209313815,2031.4618682326618,2031.4618682326618,0.0,26711.63022883014,0.06484052425882368,0.06524276645910308,0.08263020317568807,0.5322156865570782,15329.59033562261,0.0,serious_crisis_500bp,500.0,True
2047Q4,2047-12-31,2047,4,2048,67802.82539688994,33437.56100851326,0.01584952735551126,0.019676561505418855,0.02235168965107781,372.65234999999996,1741.6255624933453,458.39660690334995,897.966798192162,247.67458858913025,87.49507500153163,50.092493807172254,6.05491834437418,54.81536031133812,0.0,1802.4958411490575,2175.1481911490573,0.0,107993.57752475153,110168.72571590058,1.6248397477688878,0.021984473232119512,0.10633750617901162,0.12832197941113113,109585.96167890595,582.7640369946275,23051.769949220048,55452.0924608529,18498.40169882061,73950.49415967352,10095.318773513374,2488.378796499013,25128.891647388726,25128.891647388726,2439.074561517821,27567.966208906546,2120.3328308377195,2120.3328308377195,0.0,27249.224478226446,0.06632733045503017,0.06676307545181324,0.0826326994192804,0.5617137285823767,17132.086176771667,0.0,serious_crisis_500bp,500.0,True
2048Q1,2048-03-31,2048,1,2048,68417.88578839101,33567.84363305003,0.015676506274730606,0.02077970179797095,0.0223516896510787,372.65234999999996,1817.6487068498075,467.6627828448017,947.5160144949505,258.34724022104797,93.01758975590913,51.10507953309847,6.05491834437418,55.945092319370396,0.0,1879.648717513552,2252.301067513552,0.0,110168.72571590058,112421.02678341414,1.6431525980080706,0.02178683808807379,0.1098922421149989,0.1316790802030727,111838.26274641951,582.7640369946275,23524.889289129376,56590.20278554654,18878.066757963705,75468.26954351025,10305.653111259753,2539.45080252013,25710.31090022449,25710.31090022449,2488.378796499013,28198.6896967235,2196.3559751941816,2196.3559751941816,0.0,27906.666875418672,0.06782457289217986,0.06824618167448816,0.08258284698644328,0.5913895592650604,19011.73489428522,1.4551915228366852e-11,serious_crisis_500bp,500.0,True
2048Q2,2048-06-30,2048,2,2048,69038.52558285912,33698.63387721409,0.015676506274730606,0.02077970179797095,0.022930584971782908,372.65234999999996,1896.9104374175029,477.2611914532122,998.4667898181561,269.0905985077743,99.9378867816041,52.15397085675717,6.05491834437418,58.57733795971167,0.0,1961.5426937215886,2334.1950437215887,0.0,112421.02678341414,114755.22182713573,1.6621910861843079,0.02159097963659421,0.11364916484882756,0.13524014448542176,114172.4577901411,582.7640369946275,24015.08248139679,57769.38504708967,19271.433106862944,77040.81815395261,10524.191268158145,2592.365886633558,26209.122847733197,26209.122847733197,2539.45080252013,28748.573650253325,2275.617705761877,2275.617705761877,0.0,28484.740553495074,0.0692828484090678,0.06979273361381473,0.08261744059908921,0.6203367592873322,20973.277588006807,0.0,serious_crisis_500bp,500.0,True
2048Q3,2048-09-30,2048,3,2048,69664.79539278353,33829.93371884158,0.015676506274730606,0.02077970179796984,0.022930584971782908,372.65234999999996,1978.1500336817353,487.20598584133734,1051.0017620039498,280.23031017425023,106.47126126546155,53.240714396736706,6.05491834437418,59.81950896387092,0.0,2044.0244609899803,2416.6768109899804,0.0,114755.22182713573,117171.89863812571,1.6819384594110696,0.02139688190564053,0.11736340856039994,0.13876029046604046,116589.13460113108,582.7640369946275,24522.775580142537,58990.66413825719,19678.84264205291,78669.5067803101,10749.682200401558,2647.1700402768906,26699.067173454787,26699.067173454787,2592.365886633558,29291.433060088344,2356.857302026109,2356.857302026109,0.0,29055.924475480897,0.07069444066747176,0.0712481551059714,0.08265254606162173,0.648356672977638,23017.30204899679,0.0,serious_crisis_500bp,500.0,True
2048Q4,2048-12-31,2048,4,2049,70296.7462897751,33961.7451434749,0.015676506274729718,0.02077970179797184,0.022930584971782908,392.23500750000005,2061.186979857068,497.5058095821417,1104.8968667086278,291.8774863568691,112.54056250724265,54.36625470218664,6.05491834437418,61.10119954692,0.0,2128.3430977483617,2520.5781052483617,0.0,117171.89863812571,119692.47674337408,1.7026744915046483,0.02231881435212611,0.12110620818636304,0.14342502253848916,119109.71270637945,582.7640369946275,25052.574075145072,60265.11877645712,20103.99114047956,80369.10991693668,10983.668300167274,2704.3604141304177,27007.217044111654,27007.217044111654,2647.1700402768906,29654.387084388545,2459.476905701442,2459.476905701442,0.0,29466.693949813096,0.07197896857945382,0.07265711736297958,0.08257814305711611,0.6738354859213129,25145.64514674515,0.0,serious_crisis_500bp,500.0,True
2049Q1,2049-03-31,2049,1,2049,70908.60889746441,34092.57168027947,0.015497958573625237,0.019473428238653945,0.022930584971783796,392.23500750000005,2144.019315269879,508.2540965495057,1157.648569111398,303.8987474233795,118.67710018039219,55.54080200520345,6.05491834437418,62.43117666684665,0.0,2212.5054102810996,2604.7404177810995,0.0,119692.47674337408,122297.21716115517,1.7247160685101008,0.022126227751396534,0.12480884590362994,0.14693507365502648,121714.45312416054,582.7640369946275,25600.215570233326,61582.49557172837,20543.45814823651,82125.95371996488,11224.80694038317,2763.476893579178,27688.62709073457,27688.62709073457,2704.3604141304177,30392.98750486499,2542.309241114253,2542.309241114253,0.0,30230.936331848825,0.07328400489074521,0.07393966506432341,0.08255919599825029,0.6996546671744833,27358.150557026252,0.0,serious_crisis_500bp,500.0,True
2049Q2,2049-06-30,2049,2,2049,71525.79715492342,34223.902183610495,0.015497958573625237,0.019473428238653945,0.022366633995218432,392.23500750000005,2230.6252097290107,519.3643733811086,1212.2379200288985,316.321869468672,125.94614014844939,56.754906701882376,6.05491834437418,62.24560878055168,0.0,2298.9257368539365,2691.1607443539365,0.0,122297.21716115517,124988.37790550911,1.7474587194713376,0.021935302959318413,0.12856484391915327,0.15050014687847166,124405.61386851448,582.7640369946275,26166.51293171188,62944.74991133964,20997.895967835124,83942.64587917476,11471.847832194717,2824.607225433121,28250.595942973887,28250.595942973887,2763.476893579178,31014.072836553067,2628.9151355733848,2628.9151355733848,0.0,30879.51107854727,0.07454694361385211,0.07519143248613955,0.08255819391671176,0.7246573027851961,29657.07629388019,0.0,serious_crisis_500bp,500.0,True
2049Q3,2049-09-30,2049,3,2049,72148.35741658711,34355.7385948345,0.015497958573625237,0.019473428238653945,0.022366633995218432,392.23500750000005,2319.249318509147,530.8531311021048,1268.1251094159325,329.02819965531506,133.23250744346157,58.01037089233273,6.05491834437418,63.61553975452495,0.0,2388.919776608046,2781.154784108046,0.0,124988.37790550911,127769.53268961716,1.7709278113134503,0.02174602563632719,0.13244486012699308,0.15419088576332027,127186.76865262253,582.7640369946275,26751.900905240425,64352.92759596356,21467.653470527708,85820.58106649127,11726.488341531847,2887.7983393589843,28739.242892988612,28739.242892988612,2824.607225433121,31563.85011842173,2717.539244353521,2717.539244353521,0.0,31456.782137342132,0.07573697960906839,0.07645254116071698,0.08256764801958735,0.7481447228851088,32045.996070488236,0.0,serious_crisis_500bp,500.0,True
2049Q4,2049-12-31,2049,4,2050,72776.33644035927,34488.0828627965,0.015497958573625237,0.019473428238653057,0.022366633995218432,407.0113625000001,2408.9573446590757,542.729189615065,1324.5260098616498,342.42127744945384,139.97270933832147,59.30815839458515,6.057832164559153,65.02761335258874,0.0,2480.042790176223,2887.054152676223,0.0,127769.53268961716,130656.58684229339,1.7953169015228927,0.022370533192945144,0.13631039491572297,0.1586809281086681,130073.82280529875,582.7640369946275,27359.79659636279,65815.24863009361,21955.472788095736,87770.72141818935,11989.885687706384,2953.4191030402208,29065.96302610084,29065.963026100835,2887.7983393589843,31953.76136545982,2822.0265393236346,2822.0265393236346,0.0,31887.98956542447,0.07678237484434161,0.07764113205926304,0.08246812552538631,0.7687669958836779,34526.038860664456,0.0,serious_crisis_500bp,500.0,True
2050Q1,2050-03-31,2050,1,2050,73421.23971924462,34618.560612307345,0.015219177974386433,0.020390207990024445,0.022366633995218432,407.0113625000001,2497.6542004342914,555.0618734487101,1378.9976406626351,356.0707065024427,146.86813499181397,60.655844828688544,6.057832164559153,66.48824677380432,0.0,2570.2002793726547,2977.2116418726546,0.0,130656.58684229339,133633.79848416604,1.8200972769619272,0.02217403923204622,0.1400248913911473,0.16219893062319352,133051.0344471714,582.7640369946275,27986.798570041512,67323.53070535987,22458.624363901516,89782.15506926138,12260.978467484605,3021.102340383909,29787.86619604256,29787.86619604256,2953.4191030402208,32741.28529908278,2910.7233950988502,2910.7233950988502,0.0,32698.58959114141,0.07783665048695403,0.07868567032062355,0.08243136618498825,0.7894216350742541,37096.23914003711,0.0,serious_crisis_500bp,500.0,True
2050Q2,2050-06-30,2050,2,2050,74071.85777108312,34749.531994450226,0.015219177974386433,0.020390207990024445,0.02276633294218633,407.0113625000001,2589.9321342283574,567.7821759897172,1434.8052931772452,370.198132561701,155.10064318405765,62.04588931563454,6.057832164559153,69.19639444055221,0.0,2665.1863608334684,3072.1977233334683,0.0,133633.79848416604,136705.9962074995,1.8455861689062172,0.021979271196780652,0.14392436971515676,0.1659036409119374,136123.23217050487,582.7640369946275,28633.678230041543,68879.62946898563,22977.72722792615,91857.35669691178,12541.265921125201,3090.9313224263506,30389.282369697492,30389.282369697492,3021.102340383909,33410.3847100814,3003.0013288929163,3003.0013288929163,0.0,33392.28369859041,0.07883925853623376,0.07977581692850735,0.08246820837415778,0.8090618218633636,39761.42550087058,0.0,serious_crisis_500bp,500.0,True
2050Q3,2050-09-30,2050,3,2050,74728.24123700339,34880.998876770966,0.015219177974387321,0.020390207990024445,0.02276633294218633,407.0113625000001,2683.875466234259,580.9057470919678,1491.773954775724,385.2424959492042,162.473266383032,63.480002034331164,6.057832164559153,70.77823240318193,0.0,2760.7115308019997,3167.7228933019996,0.0,136705.9962074995,139873.7191008015,1.871765169170606,0.02178621392729683,0.14777339785349963,0.16955961178079645,139290.95506380688,582.7640369946275,29300.794321535148,70484.40789897674,23513.069263152967,93997.47716212971,12829.738805363273,3162.9447747787212,31047.36703060334,31047.367030603342,3090.9313224263506,34138.29835302969,3096.944660898818,3096.944660898818,0.0,34144.31169150216,0.07980902163115844,0.08077806701650884,0.08246043934218814,0.8280073867485026,42522.13703167258,0.0,serious_crisis_500bp,500.0,True
2050Q4,2050-12-31,2050,4,2051,75390.44120688745,35012.963133880796,0.015219177974386433,0.020390207990024445,0.022766332942187217,427.29039000000006,2780.1230084323965,594.4398647981443,1549.9236076905058,400.75341819208154,170.0471394396452,64.95897831201799,6.063659804929099,72.40626588648927,0.0,2858.5929341238148,3285.883324123815,0.0,139873.7191008015,143159.6024249253,1.8989092003330346,0.022670799276922872,0.15166872024421377,0.17433951952113663,142576.83838793068,582.7640369946275,29993.01277873337,72149.57122379831,24068.55524591257,96218.12646971087,13128.031177063922,3237.6679624225226,31641.679182403383,31641.679182403386,3162.9447747787212,34804.623957182106,3213.4770582373258,3213.4770582373258,0.0,34855.15624064071,0.08071327276124109,0.08174782089160691,0.08250291077586067,0.8457026226597364,45380.729965796396,0.0,serious_crisis_500bp,500.0,True
2051Q1,2051-03-31,2051,1,2051,76034.26731394099,35144.34869926659,0.015094632227163673,0.01921496163380243,0.02276633294218544,427.29039000000006,2877.9520112476466,608.4832467485533,1609.7477728560866,416.60452033532096,176.62286552943104,66.49360577825256,6.063659804929099,74.08971689861494,0.0,2958.1053879511906,3385.3957779511907,0.0,143159.6024249253,146544.9982028765,1.927354643897611,0.02247883251038605,0.15561959061102534,0.1780984231214114,145962.23416588188,582.7640369946275,30706.304683841987,73865.42769645927,24640.952082176445,98506.37977863572,13434.883729275965,3314.665974128202,32587.095486988404,32587.095486988404,3237.6679624225226,35824.76344941093,3311.306061052576,3311.306061052576,0.0,35898.40154804098,0.08166841556292098,0.08265195873263083,0.0824251879532831,0.8643654286915714,48338.835353747585,0.0,serious_crisis_500bp,500.0,True
2051Q2,2051-06-30,2051,2,2051,76683.591625402,35276.22728681466,0.015094632227163673,0.01921496163380243,0.022850408612718587,427.29039000000006,2981.17399758081,622.9541562734444,1671.0413566342881,433.0549036615517,186.04862856786616,68.07495244365793,6.063659804929099,76.09912894140639,0.0,3063.3367863271455,3490.6271763271457,0.0,146544.9982028765,150035.62537920364,1.9565544883724937,0.02228849123746348,0.1597909916004713,0.1820794828379348,149452.861342209,582.7640369946275,31441.83174508633,75634.77185950741,25231.1920103565,100865.96386986392,13751.001513972229,3394.064213286561,33148.50436499167,33148.50436499167,3314.665974128202,36463.17033911987,3414.5280473857392,3414.5280473857392,0.0,36563.03241237741,0.0825265352472088,0.08361491211283159,0.08250985061756144,0.8811985021923802,51402.172140074734,0.0,serious_crisis_500bp,500.0,True
2051Q3,2051-09-30,2051,3,2051,77338.46109533364,35408.60074658251,0.015094632227163673,0.01921496163380243,0.022850408612718587,427.29039000000006,3084.5437521520826,637.8761615284388,1734.1510588439382,449.81209495536433,192.99884304396716,69.70559378037277,6.063659804929099,77.88971295709462,0.0,3168.4971249141063,3595.7875149141064,0.0,150035.62537920364,153631.41289411776,1.986481379617048,0.022099761694160808,0.16387691609267274,0.18597667778683355,153048.64885712313,582.7640369946275,32199.62579337726,77457.68028366225,25839.300573869878,103296.98085753212,14076.176090251838,3475.8661159618955,34019.82663342502,34019.82663342502,3394.064213286561,37413.89084671158,3517.897801957012,3517.897801957012,0.0,37537.724435382035,0.08339237096420764,0.08447319406723491,0.08246814002418654,0.898183606208564,54570.66926498884,0.0,serious_crisis_500bp,500.0,True
2051Q4,2051-12-31,2051,4,2052,77998.92307878163,35541.47093556997,0.015094632227163673,0.01921496163380243,0.022850408612718587,450.937025,3191.906800489053,653.2499082831412,1798.8841069473287,466.98508731229987,201.40209758971423,71.38560035656744,6.070944355391532,79.73159730141887,0.0,3277.709342145863,3728.646367145863,0.0,153631.41289411776,157360.0592612636,2.017464511687225,0.023125294924625454,0.168089979336523,0.19121527426114845,156777.29522426898,582.7640369946275,32985.64234387818,79348.47923446525,26470.056907336555,105818.5361418018,14412.402174014615,3560.714564574404,34492.25944166754,34492.25944166755,3475.8661159618955,37968.12555762944,3648.9147698444444,3648.9147698444444,0.0,38141.17421151199,0.08412822512274777,0.08533956123686369,0.0824428381447413,0.9125791087007508,57848.378607134706,-2.9103830456733704e-11,serious_crisis_500bp,500.0,True
2052Q1,2052-03-31,2052,1,2052,78692.32302586119,35673.56761268758,0.014949853670766178,0.020776005458570612,0.022850408612718587,450.937025,3298.5248664358005,669.1962190514284,1862.7055500290696,484.70794519776695,208.78697678758704,73.12817536994683,6.070944355391532,81.63608063133188,0.0,3386.231891422524,3837.168916422524,0.0,157360.0592612636,161197.22817768616,2.0484492257867495,0.022921525641163523,0.1721251456922772,0.19504667133344072,160614.46414069153,582.7640369946275,33794.625603579625,81294.52566018731,27119.243383626406,108413.76904381372,14758.027283402043,3648.0422098961394,35539.570536946776,35539.57053694677,3560.714564574404,39100.28510152117,3755.532835791192,3755.532835791192,0.0,39295.10337273796,0.0844124415256791,0.08607601973002288,0.08236602715364671,0.9179629295480997,61234.61049855723,2.9103830456733704e-11,serious_crisis_500bp,500.0,True
2052Q2,2052-06-30,2052,2,2052,79391.88720531258,35806.15525238063,0.014949853670766178,0.020776005458570612,0.02253572169058371,450.937025,3390.682024688017,685.6084669326216,1908.3889898728949,502.6696385341638,219.09326246259394,74.92166688574197,6.070944355391532,82.45213952804976,0.0,3479.2051085714584,3930.1421335714585,0.0,161197.22817768616,165127.3703112576,2.07990231903957,0.02271955187732709,0.17529272730721251,0.19801227918453962,164544.60627426297,582.7640369946275,34623.46053321647,83288.32619065643,27784.3602707119,111072.68646136833,15110.946488162957,3737.5127915152257,36332.4607104723,36332.4607104723,3648.0422098961394,39980.502920368446,3847.6899940434087,3847.6899940434087,0.0,40180.15070451571,0.0846203455841402,0.08633411747592493,0.08247389946688992,0.921963894813484,64713.81560712869,-2.9103830456733704e-11,serious_crisis_500bp,500.0,True
2052Q3,2052-09-30,2052,3,2052,80097.67041633344,35939.23567940548,0.014949853670766178,0.020776005458570612,0.02253572169058371,450.937025,3482.21683104987,702.4234555676293,1955.1934573256574,520.7901288303946,227.0506203704452,76.75916895574395,6.070944355391532,84.42387619408765,0.0,3572.7116515993494,4023.6486765993495,0.0,165127.3703112576,169151.01898785695,2.11180947097013,0.022519357811836952,0.17841775587374914,0.2009371136855861,168568.25495086232,582.7640369946275,35472.013071316505,85329.55833483748,28465.29998800503,113794.85832284251,15472.27171886,3829.1118378433357,37272.79809267557,37272.79809267557,3737.5127915152257,41010.310884190796,3939.2248004052617,3939.2248004052617,0.0,41212.02289308083,0.08484134309752432,0.08654438437104521,0.08243731836976077,0.926275443625226,68286.52725872803,0.0,serious_crisis_500bp,500.0,True
2052Q4,2052-12-31,2052,4,2053,80809.72794527891,36072.810725300544,0.014949853670767954,0.020776005458570612,0.022535721690584598,462.968345,3576.7016456114657,719.6384651843335,2003.111381910307,539.1015332845784,236.20988086253905,78.6403843697075,6.072401265484019,86.44257678085205,0.0,3669.216623657802,4132.184968657802,0.0,169151.01898785695,173283.20395651477,2.1443359402701514,0.02291646596377622,0.18162252080058716,0.20453898676436336,172700.43991952014,582.7640369946275,36343.51067530521,87425.9858899558,29164.65247996794,116590.63836992375,15843.103129749908,3923.1877445412756,38089.82900677858,38089.82900677858,3829.1118378433357,41918.94084462192,4045.7423918769496,4045.7423918769496,0.0,42135.57139865553,0.0850282531105289,0.08676782784078194,0.08247395289757581,0.9299422607863995,71955.74388238584,2.9103830456733704e-11,serious_crisis_500bp,500.0,True
2053Q1,2053-03-31,2053,1,2053,81510.32967410152,36206.52904885904,0.014910252990658845,0.01992533565251664,0.02253572169058371,462.968345,3672.462111013843,737.3189728252545,2052.32501876671,557.8328847189537,244.41276639940898,80.57246830351644,6.072401265484019,88.51438777868212,0.0,3767.048900058009,4230.017245058009,0.0,173283.20395651477,177513.22120157277,2.1778003096210576,0.0227194931906698,0.18486240529854822,0.20758189848921801,176930.45716457814,582.7640369946275,37235.63614139472,89572.03471576194,29880.558255265234,119452.59297102717,16222.73767668797,4019.4903754682787,39212.936352500066,39212.936352500066,3923.1877445412756,43136.12409704134,4141.502857279326,4141.502857279326,0.0,43354.43920977939,0.08526655434994639,0.08695704636217012,0.08240209393204603,0.934634458307875,75722.79278244385,0.0,serious_crisis_500bp,500.0,True
2053Q2,2053-06-30,2053,2,2053,82217.00545854727,36340.74305295076,0.014910252990658845,0.01992533565251664,0.022725734639350792,462.968345,3772.992946316132,755.4179682185454,2102.703514952509,576.9992420196812,255.3219375392168,82.55028358617979,6.072401265484019,91.3931876477441,0.0,3870.45853522936,4333.42688022936,0.0,177513.22120157277,181846.64808180212,2.2117887542557946,0.022524213447955,0.18830452477040382,0.21082873821835882,181263.8840448075,582.7640369946275,38149.41705995912,91770.17672814614,30613.84192647823,122384.01865462436,16612.31767388316,4118.130656340853,39950.682202039745,39950.682202039745,4019.4903754682787,43970.17257750803,4242.0336925816155,4242.0336925816155,0.0,44192.71589462136,0.08544018999207394,0.08721510452079088,0.08246692369518156,0.9380485702005465,79593.25131767322,0.0,serious_crisis_500bp,500.0,True
2053Q3,2053-09-30,2053,3,2053,82929.80795927937,36475.45457501416,0.014910252990657957,0.01992533565251664,0.022725734639350792,462.968345,3873.283685217306,773.9562986039207,2154.3048986932286,596.5246967780929,263.9216827874649,84.5761083546003,6.072401265484019,93.58794407523843,0.0,3972.9440305580283,4435.9123755580285,0.0,181846.64808180212,186282.56045736014,2.2462678383245454,0.02233061218361095,0.19162924059869255,0.2139598527823035,185699.7964203655,582.7640369946275,39084.8017115813,94020.28751367262,31364.461990218886,125384.74950389151,17011.142200710718,4219.103004182021,41000.74174189706,41000.741741897065,4118.130656340853,45118.872398237916,4342.32443148279,4342.32443148279,0.0,45343.066173379855,0.08563426526884943,0.0873910863349174,0.08243098720720449,0.9419131721025753,83566.19534823124,0.0,serious_crisis_500bp,500.0,True
2053Q4,2053-12-31,2053,4,2054,83648.79029351693,36610.66545929893,0.014910252990658845,0.01992533565251664,0.022725734639350792,486.19494,3977.1008067641524,792.9329147237055,2207.1262493834624,616.4939111652467,273.8979035433492,86.64982794838828,6.073858175576505,95.83478092517737,0.0,4079.009445864906,4565.204385864906,0.0,186282.56045736014,190847.76484322507,2.2815364594461616,0.023249347099652283,0.1950540793980158,0.21830342649766807,190265.00080623044,582.7640369946275,40047.553297017235,96336.2307167338,32137.043254165306,128473.27397089911,17421.143996743747,4323.029541570343,42642.60119110796,42642.60119110796,4219.103004182021,46861.70419528998,4469.3696049397295,4469.3696049397295,0.0,47111.970796047695,0.08579468887005691,0.08758757525879265,0.0826443721240695,0.9451077131543937,87645.20479409615,2.9103830456733704e-11,serious_crisis_500bp,500.0,True
2054Q1,2054-03-31,2054,1,2054,84369.542566907,36745.64217675034,0.0148290126082804,0.01979116344579368,0.022725734639350792,486.19494,4082.516482097901,812.4647375132372,2261.4930160753233,636.8718669722477,282.9026423270922,88.78421921000093,6.073858175576505,98.1445865712739,0.0,4186.7349268447515,4672.929866844752,0.0,190847.76484322507,195520.69471006983,2.317432200785223,0.02305073253725116,0.19849508718265593,0.2215458197199071,194937.9306730752,582.7640369946275,41033.01258343302,98706.7983385308,32927.84681407022,131634.645152601,17840.86562063912,4429.407316402035,43917.242474669285,43917.242474669285,4323.029541570343,48240.27201623963,4574.785280273478,4574.785280273478,0.0,48492.02775494276,0.08600144032284916,0.08775025330339103,0.08258837756416022,0.9492424256645927,91831.9397209409,0.0,serious_crisis_500bp,500.0,True
2054Q2,2054-06-30,2054,2,2054,85096.5051373949,36881.116528266175,0.014829012608279513,0.01979116344579479,0.022859099804621197,486.19494,4192.895481763624,832.4572427863974,2317.142090997008,657.7530289596027,294.5741662600109,90.96895276060677,6.073858175576505,101.09401810537437,0.0,4300.063358044576,4786.258298044576,0.0,195520.69471006983,200306.9530081144,2.353879900058214,0.022853814699675415,0.20212643755941753,0.22498025225909296,199724.18897111976,582.7640369946275,42042.248725718935,101134.56228030859,33737.730636878565,134872.29291718715,18271.295587038334,4538.3517411753555,44808.584398568004,44808.584398568004,4429.407316402035,49237.99171497004,4685.164279939201,4685.164279939201,0.0,49493.7486785072,0.08615318680397874,0.08797152371867285,0.08265434791109934,0.9522681410090583,96132.00307898548,-2.9103830456733704e-11,serious_crisis_500bp,500.0,True
2054Q3,2054-09-30,2054,3,2054,85829.73151544666,37017.090348530735,0.014829012608281289,0.019791163445792792,0.022859099804621197,486.19494,4303.4317649396935,852.9321210230229,2374.133849530241,679.1530549323484,304.00634056968954,93.20639888438888,6.073858175576505,103.53301942635963,0.0,4413.03864254163,4899.23358254163,0.0,200306.9530081144,205206.18659065603,2.3908520155830306,0.022658579092141286,0.20566480004646973,0.22832337913861103,204623.4225536614,582.7640369946275,43075.295604480605,103619.6040434217,34566.721910830296,138186.32595425198,18711.93452171497,4649.866473213839,45996.798262844844,45996.79826284484,4538.3517411753555,50535.15000402019,4795.700563115271,4795.700563115271,0.0,50792.49882596011,0.08632685315463648,0.08812552088220041,0.08261861855335896,0.9557149340557415,100545.04172152712,0.0,serious_crisis_500bp,500.0,True
2054Q4,2054-12-31,2054,4,2055,86569.27567259641,37153.565478992416,0.014829012608279513,0.01979116344579368,0.022859099804622085,508.6235875,4417.8989488577545,873.8900595759002,2432.4702049193215,701.0344478494849,315.0076038194178,95.49663269362921,6.0767719957614785,106.02986915256766,0.0,4530.005590006083,5038.629177506084,0.0,205206.18659065603,210244.8157681621,2.4286308755002706,0.023501344260917975,0.2093123942558323,0.2328137385167503,209662.05173116748,582.7640369946275,44137.83198526883,106175.58415949439,35419.377686709086,141594.96184620349,19164.693379160595,4764.564520534569,46970.02746262568,46970.02746262569,4649.866473213839,51619.89393583953,4932.599308353516,4932.599308353516,0.0,51902.6267709792,0.08646646584430744,0.08830154032426925,0.08264679914690017,0.9585138772814673,105075.0473115332,0.0,serious_crisis_500bp,500.0,True
2025Q4,2025-12-31,2025,4,2026,31324.77532798175,24037.6,0.012257322464116038,0.03416889228732933,0.03138521050212062,203.43175,239.03865259628913,65.01368874582066,119.6877543737386,42.71050255977236,4.964461483838189,6.6622454331192795,4.95932195482428,16.18876413444616,0.0,260.1867386855596,463.61848868555956,17.515,30277.7664202628,30758.89990894836,0.9819352122047653,0.025977105708819403,0.03322440285190366,0.059201508560723065,30176.13587195373,582.7640369946275,6496.785779950878,15628.316895483313,5213.4891756015995,20841.806071084913,2136.2328410892824,701.3111798286476,5437.953890766519,5437.953890766519,690.4997903999999,6128.453681166519,464.9447245511134,464.9447245511134,0.0,5902.898615317633,0.03191801122214894,0.03437330681188355,0.03728955310952268,0.2159123202980333,260.1867386855596,0.0,loss_of_confidence_1000bp,1000.0,True
2026Q1,2026-03-31,2026,1,2026,31720.36011381085,24212.4,0.029406590218133966,0.021441816030615124,0.033142739611773386,203.43175,240.44945621086,60.93064490474254,124.12698071778895,43.5306883372127,5.495856886635115,6.365285364480696,4.95932195482428,17.484323876921767,0.0,262.8931020426061,466.32485204260604,17.515,30758.89990894836,31242.739760990964,0.9849427827708699,0.025653145080333065,0.033151338900234494,0.058804483980567555,30659.975723996336,582.7640369946275,6597.2439124852945,15869.973552044366,5294.104021820724,21164.077573865092,2186.4988628819306,712.1553747640124,7048.973836554221,7048.973836554221,701.3111798286476,7750.285016382868,466.3555281656843,466.3555281656843,0.0,7515.329364719905,0.03167264828825653,0.034187581847311174,0.03521065832892457,0.2987558061381062,523.0798407281657,0.0,loss_of_confidence_1000bp,1000.0,True
2026Q2,2026-06-30,2026,2,2026,32094.798708229428,24331.8,0.01987181994496834,0.02763904405751516,0.030772192830818668,203.43175,242.47997851847242,57.50032222679604,128.76641191949622,44.28274287826491,5.833621243500796,6.096880250414424,4.95932195482428,16.630148070113112,0.0,264.06944854340986,467.5011985434098,17.515,31242.739760990964,31727.755959534374,0.9885637934036664,0.025353858966292636,0.032911183016792044,0.05826504198308467,31144.991922539746,582.7640369946275,6698.139441955681,16112.682387045035,5375.069866867322,21487.752253912357,2236.0534411071853,723.0467855645156,7294.65052613453,7294.650526134531,712.1553747640124,8006.805900898544,468.3860504732967,468.3860504732967,0.0,7763.036576607828,0.03163504775739422,0.03380874411956937,0.033746168375763635,0.3386780984951124,787.1492892715755,0.0,loss_of_confidence_1000bp,1000.0,True
2026Q3,2026-09-30,2026,3,2026,32468.269249181518,24457.7,0.020858389667526733,0.02596472248620807,0.02824698150314875,203.43175,246.3774413416258,55.138128411680306,133.50109328427993,45.11122588770424,6.434567199764894,6.1924265581965034,4.95932195482428,15.625881580025593,0.0,266.9626448764757,470.39439487647564,17.515,31727.755959534374,32215.665354410852,0.9922199765921605,0.02506222286611452,0.03288905150165409,0.057951274367768604,31632.901317416225,582.7640369946275,6799.874527972928,16357.410813919352,5456.709432599443,21814.120246518796,2284.877718607075,734.0288243174178,7560.870539253156,7560.870539253156,723.0467855645156,8283.91732481767,472.2835132964501,472.2835132964501,0.0,8033.154052549606,0.03206434142500246,0.03365666897046992,0.03387420938607825,0.3779019415086418,1054.1119341480512,3.637978807091713e-12,loss_of_confidence_1000bp,1000.0,True
2026Q4,2026-12-31,2026,4,2027,32813.516450759125,24573.2,0.01902398695529306,0.02374108660242924,0.02771554138299126,194.872,253.59837549789904,55.91196830625741,138.7066086465815,45.90202768161394,6.830451248587104,6.247319614859042,4.968063415379199,15.669722733652822,0.0,274.23616164693107,469.1081616469311,5.538,32215.665354410852,32690.311516057784,0.996245299253854,0.023755088887523573,0.0334296584224318,0.057184747309955375,32107.547479063156,582.7640369946275,6898.743123166559,16595.24376532521,5536.048719487986,22131.292484813195,2332.8104382651377,744.7014328182587,7665.516018009889,7665.51601800989,734.0288243174178,8399.544842327308,458.9764389132783,458.9764389132783,0.0,8124.492456923168,0.03242722436592475,0.034050038530013926,0.033830045581091525,0.4109562752171501,1328.3480957949823,0.0,loss_of_confidence_1000bp,1000.0,True
2027Q1,2027-03-31,2027,1,2027,33147.220203151985,24680.599999999995,0.017597408546793147,0.023296209984862815,0.026152401325720165,194.872,260.31127901663695,56.535199894349944,143.40677427048297,46.66884903955689,7.411776979595989,6.288678832651108,4.968063415379199,15.104810271309676,0.0,280.38415270332587,475.2561527033259,5.538,32690.311516057784,33171.10566876111,1.0007205872909626,0.023515938749092396,0.033835012527133605,0.057350951276226,32588.34163176648,582.7640369946275,6999.057751934678,16836.555216978573,5616.548407941779,22453.103624920353,2380.6501180173027,755.5301368941339,7818.45707685363,7818.4570768536305,744.7014328182587,8563.15850967189,465.6893424320162,465.6893424320162,0.0,8284.146419285647,0.03274957978431627,0.03430792056730308,0.03368771382636251,0.44471885813106954,1608.7322484983083,0.0,loss_of_confidence_1000bp,1000.0,True
2027Q2,2027-06-30,2027,2,2027,33480.81936295423,24789.999999999996,0.01784876327045648,0.022616048740021766,0.02507028033791192,194.872,266.8386349235212,57.11231125578679,148.1810139507879,47.461975490152746,7.725799475387829,6.357534751405928,4.968063415379199,14.782631606632997,0.0,286.58932994553345,481.46132994553346,5.538,33171.10566876111,33658.104998706636,1.005295140296016,0.023281628551256005,0.03423922537124501,0.05752085392250102,33075.34096171201,582.7640369946275,7100.778445271973,17081.24902159954,5698.1764239501335,22779.42544554967,2428.62644889581,766.5106219945532,7901.268255122974,7901.268255122973,755.5301368941339,8656.798392017106,472.21669833890047,472.21669833890047,0.0,8373.484953461873,0.033069696559558555,0.03455891194069288,0.033687661368326086,0.47717029735788935,1895.3215784438416,-7.275957614183426e-12,loss_of_confidence_1000bp,1000.0,True
2027Q3,2027-09-30,2027,3,2027,33819.64204625321,24903.499999999993,0.01843999428756682,0.022248000239960097,0.024382592342289344,194.872,273.4775029553267,57.72932876006114,152.8758790192545,48.328865020161466,8.126248097579449,6.417182058270145,4.968063415379199,14.670585287046285,0.0,293.1161516577522,487.9881516577522,5.538,33658.104998706636,34151.631150364396,1.0098164582480542,0.023048381142944635,0.034668155417715396,0.05771653656066004,33568.867113369764,582.7640369946275,7203.929224122012,17329.382962672247,5780.952043649513,23110.33500632176,2476.9574018078993,777.6454811180921,8037.825029793427,8037.825029793427,766.5106219945532,8804.33565178798,478.85556637070596,478.85556637070596,0.0,8516.680596164133,0.03343936643839879,0.03483454005138027,0.03363811794499859,0.5098289514958444,2188.437730101594,7.275957614183426e-12,loss_of_confidence_1000bp,1000.0,True
2027Q4,2027-12-31,2027,4,2028,34158.5183188548,25016.899999999994,0.01833909570101455,0.021945305341696475,0.024162847358085493,215.4585,280.66536432293407,58.387846361508906,158.14773727280496,49.161424920357696,8.486680683143282,6.481675085119298,5.137064986107641,14.828888675230425,0.0,300.63131798427213,516.0898179842721,2.14175,34151.631150364396,34669.86271834867,1.0149697476547632,0.025230426915920565,0.035204257418663246,0.060434684334583814,34087.09868135404,582.7640369946275,7312.3677222676615,17590.236755623275,5867.970910432145,23458.20766605542,2527.1721572015626,789.3511358293897,7937.40636201969,7937.40636201969,777.6454811180921,8715.051843137782,503.40267930904173,503.40267930904173,0.0,8440.809041328732,0.03373662156122221,0.03521135686440727,0.03337959989297992,0.5358888135784936,2489.069048085866,0.0,loss_of_confidence_1000bp,1000.0,True
2028Q1,2028-03-31,2028,1,2028,34499.59871590287,25131.59999999999,0.018466116274653555,0.0216767083117837,0.023850744937782276,215.4585,287.53125850548395,59.12049303453405,163.14286721490578,49.997159553107,8.707284008515929,6.563454694421373,5.137064986107641,14.935804340339798,0.0,307.6041278319314,523.0626278319314,2.14175,34669.86271834867,35195.0670961806,1.0201587382509802,0.024980986216594184,0.0356646615359197,0.06064564775251389,34612.30305918597,582.7640369946275,7422.285209866853,17854.648325704093,5956.176624952724,23810.824950656817,2577.9764550448845,801.2164436174157,8117.836230000904,8117.836230000904,789.3511358293897,8907.187365830294,510.26857349159155,510.26857349159155,0.0,8628.104803492495,0.03405206613831439,0.035489512067682354,0.03328695823761664,0.563172199458663,2796.6731759177974,0.0,loss_of_confidence_1000bp,1000.0,True
2028Q2,2028-06-30,2028,2,2028,34836.751701773224,25242.599999999988,0.017784392025415263,0.02150065998978512,0.023590801926968608,215.4585,294.6936241022778,59.86073021757616,168.2026013866305,50.94316584134021,9.039033215815342,6.6480934409154875,5.137064986107641,15.071450300540866,0.0,314.9021393889263,530.3606393889263,2.14175,35195.0670961806,35727.56948556952,1.0255712068513825,0.024739218150357335,0.03615746290982663,0.06089668106018397,35144.805448574894,582.7640369946275,7533.745550137294,18122.77129882112,6045.620435660179,24168.3917344813,2629.4198656053645,813.2482983509353,8239.472850829226,8239.472850829226,801.2164436174157,9040.689294446642,517.4309390883853,517.4309390883853,0.0,8756.903789917611,0.034340738124234924,0.03578934951632466,0.033230591206071684,0.589963994360488,3111.5753153067235,-1.4551915228366852e-11,loss_of_confidence_1000bp,1000.0,True
2028Q3,2028-09-30,2028,3,2028,35168.71769035311,25350.699999999986,0.01724012308766243,0.02106182624872388,0.023346411992499982,215.4585,301.7647701156699,60.62781731472968,173.4004739328124,51.90468680644536,9.096063030590862,6.7357290310916245,5.137064986107641,15.214320358753913,0.0,322.11615546053144,537.5746554605314,2.14175,35727.56948556952,36267.28589103006,1.031237084341528,0.024505698717482777,0.036636667654094075,0.06114236637157685,35684.521854035425,582.7640369946275,7646.72909337303,18394.558406703254,6136.286574214171,24530.844980917427,2681.5032008498306,825.4445788951392,8318.464824475584,8318.464824475584,813.2482983509353,9131.71312282652,524.5020851017774,524.5020851017774,0.0,8842.966909577362,0.03462711807773135,0.03606359571597897,0.03323286533680406,0.6151400638616836,3433.691470767255,7.275957614183426e-12,loss_of_confidence_1000bp,1000.0,True
2028Q4,2028-12-31,2028,4,2029,35502.9460537084,25460.399999999983,0.01742186418178404,0.020775810233577552,0.02309377715644856,173.80475,308.956314157713,61.42235144251887,178.44756356328975,52.84347574023483,9.416496744206636,6.826426667462803,5.268186894431433,15.349214844932058,0.0,329.5737158970765,503.3784658970765,-2.42575,36267.28589103006,36768.23860692713,1.0356390861565294,0.019582008742268366,0.0371319850919979,0.056713993834266264,36185.47456993251,582.7640369946275,7751.333451896988,18646.1890005126,6220.2286510128815,24866.41765152548,2730.987118334451,836.7363481755804,8244.076738621992,8244.076738621994,825.4445788951392,9069.521317517134,485.60350105214445,485.60350105214445,0.0,8729.680239674139,0.03483344025259421,0.03634942155719346,0.03295359219110845,0.6340510791101076,3763.2651866643314,0.0,loss_of_confidence_1000bp,1000.0,True
2029Q1,2029-03-31,2029,1,2029,35840.4078533226,25572.199999999983,0.017680562926939647,0.020522825130940392,0.02297286568423096,173.80475,315.1599190974638,62.165694284213835,182.783965402459,53.72209313197324,9.578815883757908,6.9093503950598345,5.268186894431433,15.551312167697551,0.0,335.9794181595928,509.7841681595928,-2.42575,36768.23860692713,37275.597025086725,1.040043885037181,0.01939763082064228,0.037497276206743355,0.05689490702738564,36692.8329880921,582.7640369946275,7857.274135455367,18901.034185632278,6305.243091336882,25206.27727696916,2781.109205388956,848.1723702786121,8387.02544459727,8387.02544459727,836.7363481755804,9223.76179277285,491.80710599189524,491.80710599189524,0.0,8878.832550589164,0.03502427810972454,0.036551048501550394,0.032872924104032926,0.6534458571840225,4099.244604823924,7.275957614183426e-12,loss_of_confidence_1000bp,1000.0,True
2029Q2,2029-06-30,2029,2,2029,36178.04858394721,25682.99999999998,0.01744428695602207,0.020418069374665837,0.022841686194156274,173.80475,321.33001155023743,62.91712263965866,186.92872467703955,54.61278917208582,9.878193868506312,6.993181192947158,5.268186894431433,15.747057075605499,0.0,342.34525552027435,516.1500055202744,-2.42575,37275.597025086725,37789.32128060699,1.0445373025833884,0.019216597556024072,0.03785115769590497,0.057067755251929045,37206.55724361237,582.7640369946275,7964.5439250882655,19159.076596522333,6391.324102172428,25550.40069869476,2831.860753893111,859.7518659362305,8487.592723929645,8487.592723929643,848.1723702786121,9335.765094208255,497.9771984446689,497.9771984446689,0.0,8985.569922374312,0.03510954244291749,0.03673666235739953,0.032773012317655954,0.6722960388226492,4441.589860344198,-7.275957614183426e-12,loss_of_confidence_1000bp,1000.0,True
2029Q3,2029-09-30,2029,3,2029,36519.26990879109,25795.399999999983,0.017620997896754975,0.020285549943514614,0.02275805762511629,173.80475,326.62268538340226,63.67652868108068,190.52118947393177,55.54397050679934,9.800940105605696,7.080056615984836,5.268186894431433,15.976206467335123,0.0,347.86707874516884,521.6718287451688,-2.42575,37789.32128060699,38308.567359352164,1.0489959808898137,0.019037045421125567,0.038102303755139275,0.057139349176264835,37725.80332235754,582.7640369946275,8072.953815132291,19419.861571369598,6478.320011752342,25898.18158312194,2883.213491626174,871.454432477134,8560.998543074289,8560.998543074289,859.7518659362305,9420.75040901052,503.2698722778337,503.2698722778337,0.0,9064.268415352122,0.03529068228896329,0.03682173343755606,0.0327976487527179,0.689789686489633,4789.456939089368,7.275957614183426e-12,loss_of_confidence_1000bp,1000.0,True
2029Q4,2029-12-31,2029,4,2030,36865.49983791807,25910.199999999983,0.017920813193843088,0.020183196343088072,0.022686563355431177,192.2015,332.8929965122523,64.46253621383114,194.59778355322345,56.43534456629354,10.227440835698735,7.169891343205619,5.3789120614604125,16.215245526594412,0.0,354.4871541003071,546.6886541003071,-5.94,38308.567359352164,38849.31601345248,1.0538122684964644,0.020854349008696836,0.038462753051914274,0.05931710206061111,38266.55197645785,582.7640369946275,8185.9441057899085,19691.66491048529,6568.991564923981,26260.656475409272,2936.2999538706285,883.6514413880349,8639.477700918402,8639.477700918402,871.454432477134,9510.932133395536,524.5334085737127,524.5334085737127,0.0,9164.011109492114,0.03539385585438404,0.03701387742068795,0.03274895964436569,0.7061635191454839,5143.944093189674,1.4551915228366852e-11,loss_of_confidence_1000bp,1000.0,True
2030Q1,2030-03-31,2030,1,2030,37214.787548312044,26025.99999999998,0.017997333864965714,0.02008187040489151,0.022638322874940497,192.2015,338.64957264314876,65.303369103939,198.2377256742229,57.41799752379118,10.429074621589582,7.261405719606153,5.3789120614604125,16.478982834660115,0.0,360.50746753926927,552.7089675392692,-5.94,38849.31601345248,39396.08498099174,1.0586137279394099,0.020658615852688668,0.038748840586152515,0.059407456438841176,38813.32094399712,582.7640369946275,8300.174426538251,19966.451198996918,6660.658207617484,26627.1094066144,2990.054802512427,895.9823083320317,8772.896782438605,8772.896782438605,883.6514413880349,9656.54822382664,530.2899847046091,530.2899847046091,0.0,9303.186767143214,0.035543904166776275,0.037118539478474745,0.032712444914313785,0.7224979702786669,5504.451560728943,-7.275957614183426e-12,loss_of_confidence_1000bp,1000.0,True
2030Q2,2030-06-30,2030,2,2030,37564.73739844506,26141.29999999998,0.017838848225115722,0.01995316485744958,0.022612820884429397,192.2015,344.9504698781064,66.13163974344332,202.15810083666332,58.41212226380222,10.890352327020773,7.358254707176812,5.3789120614604125,16.761917727192944,0.0,367.09129966675977,559.2927996667597,-5.94,39396.08498099174,39949.43778065851,1.0634824185490557,0.020466161971142215,0.03908892488964451,0.05955508686078672,39366.67374366388,582.7640369946275,8415.762030156178,20244.502493854936,6753.41403191378,26997.916525768716,3044.535497296396,908.4596904425849,8941.648434817656,8941.648434817656,895.9823083320317,9837.630743149688,536.5908819395668,536.5908819395668,0.0,9478.239316757223,0.03570805231425164,0.03727185580433975,0.032743076232891376,0.7397128850110214,5871.5428603957025,1.4551915228366852e-11,loss_of_confidence_1000bp,1000.0,True
2030Q3,2030-09-30,2030,3,2030,37917.82965732295,26257.099999999977,0.017837173553037378,0.019938881222312688,0.022609552821165613,192.2015,351.48202524486857,67.01050516511857,206.54632208431295,59.343002443329155,11.12828379202657,7.453911760081408,5.3789120614604125,17.064884430108336,0.0,373.92582173643734,566.1273217364374,-5.94,39949.43778065851,40509.625102394944,1.068352948164359,0.020275580299504905,0.03944590975968185,0.059721490059186755,39926.86106540031,582.7640369946275,8532.75660295333,20525.9383177616,6847.29890968894,27373.23722745054,3099.7782837684467,921.0889512279912,9057.698282050664,9057.698282050664,908.4596904425849,9966.157972493249,543.122437306329,543.122437306329,0.0,9600.820719356992,0.03592729248282809,0.03743990829502719,0.0327086673499954,0.7565086919129799,6245.46868213214,0.0,loss_of_confidence_1000bp,1000.0,True
2030Q4,2030-12-31,2030,4,2031,38272.713722319015,26372.999999999978,0.01777342391157455,0.019839987430776862,0.02260563078501021,184.328,358.6769749279593,67.87807877649375,211.11631894805117,60.362592215967396,11.767055587377271,7.5529294000695275,5.499835599136797,17.371536194901743,0.0,381.54834672199786,565.8763467219978,-9.2495,40509.625102394944,41066.25194911694,1.0729903358059727,0.019264690906148917,0.03987680094913104,0.059141491855279955,40483.48791212231,582.7640369946275,8648.9181539226,20805.370269361567,6940.515310708085,27745.88558006965,3155.0558886630856,933.6282894669688,8891.112071650277,8891.112071650276,921.0889512279912,9812.201022878267,539.2553105270961,539.2553105270961,0.0,9430.367382177372,0.03606179736556742,0.03767483364830652,0.032525077829539915,0.7658806233639127,6627.017028854138,-7.275957614183426e-12,loss_of_confidence_1000bp,1000.0,True
2031Q1,2031-03-31,2031,1,2031,38631.20724469732,26489.69999999998,0.01781775002184327,0.01982598390139856,0.02258993228072148,184.328,365.04132770943073,68.75889932368467,215.25390008629537,61.37538841304041,11.999721983505005,7.653417902905477,5.499835599136797,17.66914202716621,0.0,388.2103053357338,572.5383053357338,-9.2495,41066.25194911694,41629.54075445267,1.0776142845022507,0.019085916609587875,0.04019654916572882,0.05928246577531669,41046.776717458044,582.7640369946275,8766.450656787158,21088.10010877771,7034.8318623414625,28122.931971119175,3211.0784711433207,946.3156184083858,9104.874220919326,9104.874220919324,933.6282894669688,10038.502510386294,545.6196633085675,545.6196633085675,0.0,9650.493884227892,0.03622517129563148,0.03781307393883864,0.032454475780835386,0.7773075497842334,7015.227334189872,-7.275957614183426e-12,loss_of_confidence_1000bp,1000.0,True
2031Q2,2031-06-30,2031,2,2031,38992.312000821,26606.499999999975,0.017754036595319045,0.019811706497828263,0.02259593162071094,184.328,371.79485952377104,69.67136659481594,219.39406673328338,62.354194502999576,12.624906777907418,7.750324914764679,5.499835599136797,17.987619271319204,0.0,395.28231439422706,579.6103143942271,-9.2495,41629.54075445267,42199.90156884689,1.08226210253853,0.018909163426484573,0.04054976933769962,0.059458932764184194,41617.13753185227,582.7640369946275,8885.437945009893,21374.329501259417,7130.315838602121,28504.645339861538,3267.8942593236407,959.1599876571943,9161.00759303633,9161.00759303633,946.3156184083858,10107.323211444715,552.3731951229078,552.3731951229078,0.0,9713.380788159237,0.036338203938366266,0.037980944034502515,0.032520945440814214,0.78704465017882,7410.509648584099,0.0,loss_of_confidence_1000bp,1000.0,True
2031Q3,2031-09-30,2031,3,2031,39355.30429460343,26722.899999999972,0.017614655473791707,0.019797160110517797,0.022579104221777335,184.328,378.12544461093876,70.55037728337855,223.47950868692098,63.3928214547749,12.866400086705209,7.836337099159278,5.499835599136797,18.292367255338057,0.0,401.9176474654136,586.2456474654136,-9.2495,42199.90156884689,42776.897716312305,1.0869410993775002,0.018734755408843413,0.04085016286056528,0.0595849182694087,42194.13367931768,582.7640369946275,9005.788911193536,21663.83928377372,7226.894128347787,28890.733412121506,3325.459793596554,972.151562406086,9341.205223320374,9341.205223320374,959.1599876571943,10300.365210977568,558.7037802100755,558.7037802100755,0.0,9899.909003530449,0.03650154149675535,0.038096548335280485,0.032340647732791855,0.7979939884752,7812.427296049512,-7.275957614183426e-12,loss_of_confidence_1000bp,1000.0,True
2031Q4,2031-12-31,2031,4,2032,39720.68513087373,26839.599999999966,0.017582923791722438,0.019727225080271582,0.0225727995952707,192.24275,385.09619523571445,71.32584817665281,227.8381677110595,64.44359324720774,13.563120488278805,7.925465612515615,5.6120176762582625,18.60944171624964,0.0,409.3176546282224,601.5604046282224,-11.316,42776.897716312305,43367.14212094054,1.0918024696213642,0.019359459623275763,0.04121959661869696,0.060579056241972726,42784.37808394591,582.7640369946275,9128.925396980225,21960.049761762588,7325.7077197935205,29285.75748155611,3384.2513786358486,985.4438267737236,9399.041676673247,9399.041676673245,972.151562406086,10371.193239079332,571.6349629119726,571.6349629119726,0.0,9970.676639585217,0.036604605568437136,0.03827464603372913,0.032374091811304344,0.8072108258136032,8221.744950677734,7.275957614183426e-12,loss_of_confidence_1000bp,1000.0,True
2032Q1,2032-03-31,2032,1,2032,40089.031498890115,26956.799999999967,0.017581469158450158,0.01968526656714742,0.02257678241908323,192.24275,391.5884365374138,72.14133294963622,232.0930607606108,65.51917919009456,13.81581449670112,8.01904914037115,5.6120176762582625,18.941756179157295,0.0,416.14221039282944,608.3849603928295,-11.316,43367.14212094054,43964.21108133337,1.096664335294569,0.01918158087758467,0.0415218023318274,0.06070338320941208,43381.44704433874,582.7640369946275,9253.460383262225,22259.624396991592,7425.643568835754,29685.26796582735,3443.8316396054165,998.8870556437441,9597.272267685054,9597.272267685054,985.4438267737236,10582.716094458778,578.127204213672,578.127204213672,0.0,10175.399471898725,0.03671816585815356,0.03838318044867322,0.0322148941492938,0.8177902119241499,8637.887161070563,0.0,loss_of_confidence_1000bp,1000.0,True
2032Q2,2032-06-30,2032,2,2032,40460.63202228239,27074.499999999967,0.017579698909776065,0.01967074272996472,0.02256916678199805,192.24275,398.2870860121586,72.98666877298058,236.15154562664335,66.60748058616448,14.427930916904021,8.113460109466311,5.6120176762582625,19.26878079452984,0.0,423.16788448294676,615.4106344829468,-11.316,43964.21108133337,44568.305715816314,1.101522726863776,0.019005412460599082,0.04183502464814694,0.060840437108746016,43985.54167882168,582.7640369946275,9379.438332640177,22562.67014629082,7526.737355469951,30089.407501760772,3504.2097957821316,1012.486048638602,9665.493152054001,9665.493152054001,998.8870556437441,10664.380207697744,584.8258536884168,584.8258536884168,0.0,10250.319005742418,0.03676995110376133,0.03850112389826263,0.03223726518601278,0.8267431035839452,9061.05504555351,-7.275957614183426e-12,loss_of_confidence_1000bp,1000.0,True
2032Q3,2032-09-30,2032,3,2032,40836.05204124299,27192.699999999968,0.017577617243731636,0.01971028327301072,0.022571739816290792,192.24275,404.40538258037236,73.83962827370978,240.0023681927564,67.70889739154406,14.643226867902882,8.211261854459064,5.6120176762582625,19.608822788375058,0.0,429.6262230450057,621.8689730450058,-11.316,44568.305715816314,45178.85868886132,1.1063473678413438,0.018830689098529065,0.042083032180593574,0.060913721279122646,44596.09465186669,582.7640369946275,9506.73423068693,22868.886281707993,7628.888759109159,30497.775040817152,3565.3580695875758,1026.2273107750289,9828.84732866728,9828.84732866728,1012.486048638602,10841.333377305882,590.9441502566306,590.9441502566306,0.0,10419.791478923911,0.03682916628612905,0.0385589010975161,0.03209665104529116,0.8363103412024749,9490.681268598517,0.0,loss_of_confidence_1000bp,1000.0,True
2032Q4,2032-12-31,2032,4,2033,41216.34791573707,27311.899999999965,0.017649746885700424,0.0197758101815233,0.02257356533731114,249.09275,410.68251003075045,74.72293105319928,243.81590223021706,68.82234769121143,15.008887838844982,8.312441217277733,5.6542680689403735,19.952595843997877,0.0,436.2893739436887,685.3821239436887,-14.7595,45178.85868886132,45849.481312805,1.1124100904461487,0.02417416996860048,0.04234139083216603,0.06651556080076651,45266.71727581038,582.7640369946275,9646.895742604913,23206.051242812937,7741.364458627433,30947.415701440368,3631.0484491947,1041.357382570394,10609.494410914582,10609.494410914582,1026.2273107750289,11635.72172168961,650.6700280996909,650.6700280996909,0.0,11260.164439014272,0.03690757200523714,0.038627746393359357,0.032909040536293004,0.8410872592609694,9926.970642542206,-7.275957614183426e-12,loss_of_confidence_1000bp,1000.0,True
2033Q1,2033-03-31,2033,1,2033,41600.43694465073,27431.899999999965,0.017690923464234398,0.019759214646802636,0.022564008293708637,249.09275,417.748424055428,75.72813157944856,248.2501446088852,70.04889519445821,15.294068054185129,8.427184618450916,5.6542680689403735,20.311683391433622,0.0,443.71437551580203,692.807125515802,-14.7595,45849.481312805,46527.528938320815,1.1184384673705607,0.02395097439302546,0.04266439567508993,0.06661537006811538,45944.76490132618,582.7640369946275,9788.579330460023,23546.877627564914,7855.06158158361,31401.939209148524,3697.5946032009565,1056.6517585166755,10865.897057496995,10865.897057496997,1041.357382570394,11907.25444006739,657.7359421243684,657.7359421243684,0.0,11523.632999621366,0.03700490038936854,0.03871052520647643,0.03282900936657372,0.8472219142165096,10370.685018058008,1.4551915228366852e-11,loss_of_confidence_1000bp,1000.0,True
2033Q2,2033-06-30,2033,2,2033,41988.19529528469,27552.599999999962,0.017716447921211298,0.01974238719039123,0.022564493843014066,249.09275,425.12191306230386,76.76693339913274,252.86479771461472,71.2893308059101,15.660463304435368,8.540387838211029,5.6542680689403735,20.68437660844986,0.0,451.4605577396941,700.5533077396941,-14.7595,46527.528938320815,47213.3227460605,1.1244427728800859,0.02372978864637922,0.04300833170511555,0.06673812035149478,46630.558709065874,582.7640369946275,9931.851249301168,23891.52481553027,7970.033295804365,31861.558111334634,3765.031757755461,1072.1175906746134,10979.171337482625,10979.171337482627,1056.6517585166755,12035.823095999302,665.1094311312443,665.1094311312443,0.0,11644.280768613871,0.0370857010812182,0.03881233910686918,0.03290176334016603,0.8516986907330069,10822.145575797702,-1.4551915228366852e-11,loss_of_confidence_1000bp,1000.0,True
2033Q3,2033-09-30,2033,3,2033,42379.52583009044,27674.099999999962,0.017756007302464516,0.019698696995388953,0.022564267205522626,249.09275,432.4151278982493,77.79122491015139,257.46615870158075,72.54395963734409,15.9537548104988,8.66002983867419,5.6542680689403735,21.06141085788498,0.0,459.13080682507467,708.2235568250746,-14.7595,47213.3227460605,47906.786802885574,1.1304229073953125,0.02351066890164575,0.04333515279673858,0.06684582169838432,47324.02276589095,582.7640369946275,10076.69420718515,24239.95121014461,8086.265724988133,32326.216935132743,3833.358611149281,1087.7530124237749,11197.965295432443,11197.965295432443,1072.1175906746134,12270.082886107057,672.4026459671896,672.4026459671896,0.0,11870.367941399632,0.037141509671601736,0.03889841088241431,0.03280694983444911,0.8576312975970518,11281.276382622777,0.0,loss_of_confidence_1000bp,1000.0,True
2033Q4,2033-12-31,2033,4,2034,42774.423913041785,27796.199999999968,0.017765412373738743,0.019681678339410258,0.022563340221916306,228.68725,439.5035194057765,78.87532390674176,261.80996209941856,73.81292718295788,16.227139406398464,8.778166810259863,5.687777001067564,21.44275444506103,0.0,466.6340508519051,695.3213008519051,-17.2085,47906.786802885574,48584.89960373749,1.135839951988789,0.021385419517505087,0.043636735054625,0.06502215457213009,48002.13556674286,582.7640369946275,10218.148189327898,24580.22526779895,8199.778595771528,32780.00386357048,3900.9609108157456,1103.0226030287372,11276.614803033754,11276.614803033754,1087.7530124237749,12364.367815457528,656.6700464068442,656.6700464068442,0.0,11933.284849440597,0.037185979214486325,0.038961832507940046,0.0328272673473917,0.8619454096179423,11747.91043347468,7.275957614183426e-12,loss_of_confidence_1000bp,1000.0,True
2034Q1,2034-03-31,2034,1,2034,43170.439807305294,27917.299999999963,0.01754105922100746,0.019664438509282567,0.022572136924965847,228.68725,446.33802407605197,79.90591884054416,265.9624336811459,75.0527715140895,16.52102274684572,8.895877293426738,5.687777001067564,21.82933963159045,0.0,473.85514070871,702.54239070871,-17.2085,48584.89960373749,49270.23349444619,1.1412956114037247,0.021189244401564014,0.04390551894525979,0.0650947633468238,48687.46945745157,582.7640369946275,10361.074399276487,24924.04083712865,8314.472888259399,33238.51372538805,3969.4302159789354,1118.4511168080908,11519.44785721845,11519.44785721845,1103.0226030287372,12622.470460247188,663.5045510771197,663.5045510771197,0.0,12182.95240829557,0.03722469625295677,0.03901254460324193,0.03274159867022558,0.8676749332432926,12221.765574183391,-7.275957614183426e-12,loss_of_confidence_1000bp,1000.0,True
2034Q2,2034-06-30,2034,2,2034,43571.60204462971,28039.99999999996,0.017696739357757174,0.019646981729401825,0.022559374014152977,228.68725,453.18180846025876,80.97179643034549,270.10725348274235,76.30609339525071,16.781949150447073,9.01471600147321,5.687777001067564,22.200031017248385,0.0,481.0696164785747,709.7568664785747,-17.2085,49270.23349444619,49962.78186092478,1.1466822314623337,0.020994155759134974,0.044163592239351,0.06515774799848598,49380.017823930146,582.7640369946275,10505.47483598381,25271.402726706812,8430.350206555628,33701.75293326244,4038.751285140276,1134.038769543618,11642.111018412828,11642.111018412828,1118.4511168080908,12760.56213522092,670.3483354613264,670.3483354613264,0.0,12312.459353874154,0.03725891626155001,0.039055598673613065,0.03283045302211096,0.8721405665313514,12702.835190661966,1.4551915228366852e-11,loss_of_confidence_1000bp,1000.0,True
2034Q3,2034-09-30,2034,3,2034,43977.58425017203,28163.69999999996,0.01776333439337474,0.01968155262857385,0.022566712808094413,228.68725,460.0536930454889,82.04775846903357,274.2123504525082,77.57292217752422,17.083144560825186,9.137517385597702,5.687777001067564,22.5950133539232,0.0,488.33648340047966,717.0237334004796,-17.2085,49962.78186092478,50662.59709432525,1.1520095511869108,0.02080034671291481,0.04441685387924139,0.0652172005921562,50079.83305733062,582.7640369946275,10651.355552543588,25622.32549752866,8547.4154080989,34169.740905627565,4108.95038450838,1149.7862146510906,11877.142505721233,11877.142505721231,1134.038769543618,13011.18127526485,677.2202200465565,677.2202200465565,0.0,12554.362725767787,0.03730378441901439,0.03909602029445051,0.03274315722955823,0.8778025206375938,13191.171674062447,-7.275957614183426e-12,loss_of_confidence_1000bp,1000.0,True
2034Q4,2034-12-31,2034,4,2035,44387.20338625174,28287.799999999956,0.0177423648279893,0.01968916041410429,0.02257322550837304,189.9905,467.13274474597466,83.16045847648407,278.48934364112586,78.85332281940374,17.37096631548301,9.258653493477908,5.709630652454863,22.9943250622723,0.0,495.8367004607018,685.8272004607018,-17.416,50662.59709432525,51331.00829478595,1.1564370894942424,0.017121195795709594,0.04468285114932739,0.06180404694503698,50748.244257791324,582.7640369946275,10790.385477338838,25956.768373783052,8658.983040549021,34615.75141433207,4177.313231569828,1164.79413455058,11763.68304699446,11763.68304699446,1149.7862146510906,12913.46926164555,645.4168753984295,645.4168753984295,0.0,12409.099922392888,0.037325509499468765,0.03914814706696044,0.032611553476163936,0.8820822666344748,13687.00837452315,0.0,loss_of_confidence_1000bp,1000.0,True
2035Q1,2035-03-31,2035,1,2035,44800.92530649948,28412.399999999954,0.017735654711652504,0.019722056747187633,0.02256874260208286,189.9905,473.64640832577754,84.19198268693629,282.3359255892643,80.07415163748921,17.667755628955234,9.376592783132173,5.709630652454863,23.372290273265083,0.0,502.7283292514975,692.7188292514975,-17.416,51331.00829478595,52006.31112403744,1.160831183022299,0.0169630871416343,0.04488553089581517,0.06184861803744947,51423.54708704282,582.7640369946275,10930.818517224754,26294.586507898865,8771.676633679559,35066.26314157843,4246.511911153587,1179.953517086056,12038.743622223179,12038.74362222318,1164.79413455058,13203.537756773761,651.9305389782323,651.9305389782323,0.0,12690.674161201414,0.037341936312490144,0.03917541041581785,0.032555639893990955,0.8876945530937553,14189.736703774646,-7.275957614183426e-12,loss_of_confidence_1000bp,1000.0,True
2035Q2,2035-06-30,2035,2,2035,45218.33639157957,28537.399999999954,0.017714424126451522,0.01972826196496369,0.022573755489187608,189.9905,480.160351472469,85.26038443435307,286.1999752998175,81.30786474828577,17.896451061262617,9.495675928750034,5.709630652454863,23.764694049647908,0.0,509.6346761745718,699.6251761745718,-17.416,52006.31112403744,52688.520300212025,1.1652025373941783,0.016806500650950927,0.045082125247710304,0.06188862589866124,52105.756263217394,582.7640369946275,11072.65473242313,26635.780044742405,8885.496235816821,35521.27628055923,4316.5608814767365,1195.2643687583052,12114.239973764365,12114.239973764365,1179.953517086056,13294.19349085042,658.4444821249238,658.4444821249238,0.0,12772.684455889288,0.03736516278847409,0.03919791003511629,0.032634062681467964,0.8917936142489139,14699.371379949218,7.275957614183426e-12,loss_of_confidence_1000bp,1000.0,True
2035Q3,2035-09-30,2035,3,2035,45639.620134528195,28662.899999999958,0.017707331988727093,0.01973390522034224,0.022567910616891007,189.9905,486.83328894602835,86.33902527606936,290.12368225361274,82.55447394069414,18.20020562899155,9.615901846660563,5.709630652454863,24.15050537362299,0.0,516.6934249721062,706.6839249721062,-17.416,52688.520300212025,53377.78822518412,1.1695493535626886,0.016651365584549604,0.04528463851794481,0.06193600410249441,52795.0241881895,582.7640369946275,11215.928372068365,26980.431372181116,9000.469330934808,35980.90070311593,4387.464726332632,1210.7303866725824,12256.763826173914,12256.763826173912,1195.2643687583052,13452.028194932218,665.1174195984831,665.1174195984831,0.0,12921.881245772394,0.0373890022345888,0.039226261965836756,0.032503730292093996,0.8959750021485873,15216.064804921323,-1.4551915228366852e-11,loss_of_confidence_1000bp,1000.0,True
2035Q4,2035-12-31,2035,4,2036,46065.09112612179,28788.899999999954,0.01769999094559438,0.019764486694536787,0.022571471840996393,242.76275,493.5881922398168,87.4281616602729,294.11683561602854,83.81400419771168,18.491891630989606,9.737299134814242,5.7387688543045945,24.55104300793973,0.0,523.8780041020611,766.6407541020611,-16.55475,53377.78822518412,54127.874229286186,1.1750302214987325,0.021079975666201456,0.04549023925017177,0.06657021491637322,53545.110192291555,582.7640369946275,11372.21661757631,27356.389932393293,9125.886283844651,36482.276216237944,4463.016060932345,1227.6012975449667,12145.498565468668,12145.498565468668,1210.7303866725824,13356.22895214125,725.5349610941214,725.5349610941214,0.0,12871.03352656279,0.03740781557768157,0.039258127511165086,0.0322019722593386,0.8973788772048817,15739.942809023385,7.275957614183426e-12,loss_of_confidence_1000bp,1000.0,True
2036Q1,2036-03-31,2036,1,2036,46494.040876359606,28915.29999999995,0.017678326506116004,0.019743412449576114,0.022574269177581208,242.76275,500.85306973806405,88.61799799246339,298.35682845369416,85.18857400160356,18.81975485804156,9.869914432261535,5.7387688543045945,24.976876769482605,0.0,531.5687153618512,774.3314653618512,-16.55475,54127.874229286186,54885.650944648034,1.180487862747917,0.020885493747086658,0.045732201834246936,0.0666176955813336,54302.88690765341,582.7640369946275,11530.069797951513,27736.113015379447,9252.559053287056,36988.67206866651,4539.503901956749,1244.6411390786486,12406.600223974126,12406.600223974128,1227.6012975449667,13634.201521519095,732.7998385923686,732.7998385923686,0.0,13139.400062566498,0.03742381264418497,0.03928243796237932,0.032151104680632765,0.8992432220637132,16271.511524385236,0.0,loss_of_confidence_1000bp,1000.0,True
2036Q2,2036-06-30,2036,2,2036,46926.90943172654,29041.99999999995,0.017642589134278408,0.019772661061247865,0.022576315037704076,242.76275,508.16186030928066,89.8192437260423,302.63218019222234,86.55181241448275,19.151709218341033,10.006914758192334,5.7387688543045945,25.407217489929266,0.0,539.3078466535145,782.0705966535145,-16.55475,54885.650944648034,55651.166791301555,1.1859116115939372,0.020692839391282986,0.04597002898204049,0.06666286837332347,55068.402754306924,582.7640369946275,11689.497372554995,28119.623376067433,9380.495230135102,37500.11860620254,4616.93584316228,1261.8509323871224,12484.761538909113,12484.761538909113,1244.6411390786486,13729.402677987762,740.1086291635852,740.1086291635852,0.0,13224.870168072699,0.03744315759312348,0.03930410497981736,0.03217310398203478,0.9005913849909178,16810.81937103875,7.275957614183426e-12,loss_of_confidence_1000bp,1000.0,True
2036Q3,2036-09-30,2036,3,2036,47363.26883080593,29168.899999999947,0.01759302613883751,0.01977588746711989,0.022577621701592054,242.76275,515.5890366730866,91.06118453220341,306.942984835521,87.9549524340637,19.48778800223724,10.142126869061498,5.7387688543045945,25.84208063552641,0.0,547.1698861629176,789.9326361629176,-16.55475,55651.166791301555,56424.544677464466,1.1913144103087099,0.020502195561477185,0.04621048332770718,0.06671267888918436,55841.78064046984,582.7640369946275,11850.524842994271,28506.9823597466,9509.715278716729,38016.69763846333,4695.32472870945,1279.2334303027988,12639.727343275317,12639.727343275319,1261.8509323871224,13901.578275662441,747.5358055273912,747.5358055273912,0.0,13387.263148802711,0.037459537919662625,0.03932854728562075,0.03215061170646742,0.9019160983544977,17357.98925720167,-7.275957614183426e-12,loss_of_confidence_1000bp,1000.0,True
2036Q4,2036-12-31,2036,4,2037,47803.10567352211,29295.799999999945,0.017515988152144724,0.01980359078796723,0.022578201318361746,245.031015,523.0621921751867,92.28596221481789,311.29352424906267,89.37281941712558,19.828047598121866,10.281838696058744,5.894658234200658,26.2815108209958,0.0,555.2383612303831,800.2693762303832,0.0,56424.544677464466,57224.81405369485,1.197094064233391,0.02050335529858441,0.0464604425513656,0.06696379784995,56642.050016700225,582.7640369946275,12017.250379344518,28908.048302953794,9643.507866082131,38551.556169035925,4776.012448660387,1297.2310196593987,12785.776388950979,12785.776388950979,1279.2334303027988,14065.009819253777,773.9878654093874,773.9878654093874,0.0,13559.764254360367,0.0374779852606088,0.03936147748496701,0.03215450796767611,0.9032502861340167,17913.22761843205,0.0,loss_of_confidence_1000bp,1000.0,True
2037Q1,2037-03-31,2037,1,2037,48236.208408672086,29422.887487607255,0.01746555549210771,0.01893970235169573,0.022578065905819455,245.031015,530.8197956664242,93.58433732914543,315.7893794379551,90.84119306346088,20.17839151535063,10.426494320512418,5.894658234200658,26.732991551236026,0.0,563.4474454518609,808.4784604518609,0.0,57224.81405369485,58033.29251414671,1.2031064303908527,0.020319259998548923,0.04672402446545215,0.06704328446400108,57450.52847715208,582.7640369946275,12185.646989183992,29313.13409027003,9778.641443260469,39091.7755335305,4857.696957371259,1315.4089970663374,13029.333488071607,13029.333488071608,1297.2310196593987,14326.564507731007,781.7454689006248,781.7454689006248,0.0,13811.078956972233,0.037494475888296366,0.03938483364389233,0.03212554307701691,0.9048488857205695,18476.67506388391,0.0,loss_of_confidence_1000bp,1000.0,True
2037Q2,2037-06-30,2037,2,2037,48673.235114379044,29550.526290744652,0.01746555549210771,0.01893970235169662,0.022399155671420257,245.031015,538.6327566146374,94.89572592827032,320.3258581507994,92.3063753932012,20.532197328445882,10.572599813920684,5.894658234200658,26.9765290085275,0.0,571.5039438573655,816.5349588573655,0.0,58033.29251414671,58849.82747300407,1.2090798430535936,0.02013681765135952,0.04696658790108092,0.06710340555244045,58267.06343600945,582.7640369946275,12355.72659712045,29722.268406887542,9915.125579416484,39637.39398630403,4940.174202830873,1333.768649754103,13194.493904345842,13194.493904345842,1315.4089970663374,14509.902901412179,789.558429848838,789.558429848838,0.0,13984.05233419468,0.03750984889515558,0.0393914540497974,0.03219443125980197,0.9064988071249078,19048.179007741277,-7.275957614183426e-12,loss_of_confidence_1000bp,1000.0,True
2037Q3,2037-09-30,2037,3,2037,49114.22134235779,29678.718801062332,0.017465555492108598,0.01893970235169573,0.022399155671420257,245.031015,546.5125573413764,96.22022087507553,324.9058250030087,93.77596189888756,20.8903840420058,10.720165522398602,5.894658234200658,27.43455465817378,0.0,579.8417702337507,824.8727852337507,0.0,58849.82747300407,59674.70025823783,1.2150187588695889,0.019956013415501454,0.04722394079644506,0.06717995421194652,59091.9362212432,582.7640369946275,12527.50360118056,30135.485887921437,10052.971828564541,40188.45771648598,5023.6633716243205,1352.3115319523426,13368.943991055081,13368.94399105508,1333.768649754103,14702.712640809183,797.438230575577,797.438230575577,0.0,14166.382221630656,0.03752653627648407,0.03941162073922742,0.03217814899592236,0.9077541108828764,19628.020777975027,7.275957614183426e-12,loss_of_confidence_1000bp,1000.0,True
2037Q4,2037-12-31,2037,4,2038,49559.202966426594,29807.46742058563,0.01746555549210682,0.01893970235169573,0.022399155671420257,254.402365,554.4962957390519,97.55793429419363,329.52733636914587,95.28882448328747,21.25299665435799,10.869203938066951,5.91068424521801,27.898199880100705,0.0,588.3051798643706,842.7075448643707,0.0,59674.70025823783,60517.40780310219,1.2211134195216806,0.02053320875013607,0.047483021893060896,0.06801623064319696,59934.64376610757,582.7640369946275,12703.022535180695,30557.704753468253,10193.820872001796,40751.52562547005,5108.8372596714435,1371.2583457853868,13317.26300943905,13317.26300943905,1352.3115319523426,14669.574541391392,814.80934498427,814.80934498427,0.0,14132.072354423319,0.03754115323037629,0.03943414393828699,0.031993965421201156,0.9090016643764257,20216.3259578394,-1.4551915228366852e-11,loss_of_confidence_1000bp,1000.0,True
2038Q1,2038-03-31,2038,1,2038,50028.44495100026,29936.599810103187,0.017441798459170377,0.020613213981166334,0.022399155671420257,254.402365,562.6233284180754,98.92478799271967,334.21941388579546,96.83464273501133,21.622994850298944,11.021488954250048,5.91068424521801,28.371200950738853,0.0,596.9052136140323,851.3075786140323,0.0,60517.40780310219,61368.71538171623,1.2266764526025755,0.020340617442670565,0.047725266231933745,0.06806588367460431,60785.9513447216,582.7640369946275,12880.292121798142,30984.13489437552,10336.074765280144,41320.209659655666,5195.055425238491,1390.3941380293106,13583.823505142213,13583.82350514221,1371.2583457853868,14955.081850927598,822.9363776632935,822.9363776632935,0.0,14406.759882805503,0.03755491656303802,0.03945345547886697,0.03197940384851099,0.9105969406444481,20813.23117145343,7.275957614183426e-12,loss_of_confidence_1000bp,1000.0,True
2038Q2,2038-06-30,2038,2,2038,50502.12986497769,30066.291629034426,0.017441798459170377,0.020613213981166334,0.022624692238107036,254.402365,570.8255314511675,100.30527489850301,338.95708200031777,98.38910763525053,21.998774032685525,11.175292884410585,5.91068424521801,29.138069836340414,0.0,605.8742855327259,860.276650532726,0.0,61368.71538171623,62228.99203224896,1.2322052990363808,0.020149832546086214,0.04798801849764271,0.06813785104372894,61646.22799525433,582.7640369946275,13059.328553557563,31414.8152625058,10479.746502448479,41894.56176495428,5282.617020117326,1409.7206566251662,13793.824484063458,13793.824484063458,1390.3941380293106,15184.218622092769,831.1385806963856,831.1385806963856,0.0,14624.963064759844,0.037568214068473826,0.039490758883522985,0.03198996464150208,0.9122083485308821,21419.105456986155,7.275957614183426e-12,loss_of_confidence_1000bp,1000.0,True
2038Q3,2038-09-30,2038,3,2038,50980.29977539962,30196.54530094844,0.01744179845916949,0.020613213981166334,0.022624692238107036,254.402365,579.1094929934401,101.69952111082952,343.73939195420206,99.96075266251194,22.379197488271707,11.33062977762477,5.91068424521801,29.629186033901263,0.0,614.6493632725594,869.0517282725594,0.0,62228.99203224896,63098.04376052151,1.2376946396648942,0.01996083711714548,0.04822642204776964,0.06818725916491512,62515.27972352689,582.7640369946275,13240.149442145012,31849.78822357962,10624.850216393077,42474.638439972696,5371.252038700384,1429.2398027087986,13909.099919552551,13909.099919552551,1409.7206566251662,15318.820576177717,839.4225422386581,839.4225422386581,0.0,14748.52246179121,0.03758141334796657,0.03950887476718436,0.03200080253225988,0.913380076829302,22033.754820258713,-7.275957614183426e-12,loss_of_confidence_1000bp,1000.0,True
2038Q4,2038-12-31,2038,4,2039,51462.997147610695,30327.36325991377,0.017441798459170377,0.020613213981167222,0.022624692238107036,260.45804,587.480110508128,103.10766378070427,348.56734933969994,101.5532659230539,22.764316550397478,11.487514914271967,5.922339525957902,30.1263228592124,0.0,623.5287728932983,883.9868128932983,0.0,63098.04376052151,63982.03057341481,1.243262812499939,0.020244296246713447,0.048464240907294086,0.06870853715400753,63399.26653642019,582.7640369946275,13424.080424181686,32292.242657437884,10772.449693486074,43064.69235092396,5461.3990859982405,1449.0946753163046,14088.980524537315,14088.980524537317,1429.2398027087986,15518.220327246116,853.8604900340858,853.8604900340858,0.0,14942.841014571402,0.03759427696823542,0.03952761358243064,0.03200936286274808,0.9145395418098117,22657.283593152013,0.0,loss_of_confidence_1000bp,1000.0,True
2039Q1,2039-03-31,2039,1,2039,51938.92936982024,30457.141414438727,0.017227156981449054,0.019937887724799763,0.022624692238107036,260.45804,595.9915499459554,104.54002630331489,353.47519427815416,103.17317018414954,23.156060727481997,11.647098452854799,5.922339525957902,30.631940363684727,0.0,632.545829835598,893.003869835598,0.0,63982.03057341481,64875.034443250406,1.2490637606586257,0.020058791596989856,0.04871458364739776,0.06877337524438762,64292.27040625578,582.7640369946275,13609.844864298007,32739.107559003383,10921.520469491474,43660.62802849486,5552.65004849327,1469.1474649696477,14339.85359978557,14339.85359978557,1449.0946753163046,15788.948275101875,862.3719294719133,862.3719294719133,0.0,15202.225529257485,0.037609898882394556,0.039545217566035004,0.03199469293582077,0.9160809221625061,23289.829422987612,-7.275957614183426e-12,loss_of_confidence_1000bp,1000.0,True
2039Q2,2039-06-30,2039,2,2039,52419.26303564348,30587.47492121266,0.017227156981449054,0.019937887724799763,0.022796693476643037,260.45804,604.6388029331401,105.98666688072073,358.42885557415684,104.86138307083421,23.553624657734336,11.808272749693542,5.922339525957902,31.378527457680832,0.0,641.9396699167788,902.3977099167788,0.0,64875.034443250406,65777.43215316719,1.2548332109980365,0.019874986782847104,0.04898502060055897,0.06886000738340607,65194.668116172565,582.7640369946275,13797.472018232824,33190.453304301,11072.08602132278,44262.53932562378,5645.255442565971,1489.401329749981,14560.60596397815,14560.605963978149,1469.1474649696477,16029.753428947797,871.019182459098,871.019182459098,0.0,15431.625146437247,0.03762151484812605,0.03958007424124404,0.03197774466938422,0.917788373732594,23931.76909290439,0.0,loss_of_confidence_1000bp,1000.0,True
2039Q3,2039-09-30,2039,3,2039,52904.03884983833,30718.366156722746,0.017227156981449054,0.019937887724799763,0.02279669347664215,260.45804,613.3151610440073,107.44781334198811,363.4288667275785,106.51130818120174,23.956109605373282,11.971063187865472,5.922339525957902,31.90184891234748,0.0,651.1393494823127,911.5973894823127,0.0,65777.43215316719,66689.02954264951,1.2605659415141857,0.019692866228174254,0.04923173078187791,0.06892459701005217,66106.26550565488,582.7640369946275,13986.968155551294,33646.294975058,11224.151380130968,44870.44635518897,5738.994048474002,1509.8569464406073,14695.180674147387,14695.180674147387,1489.401329749981,16184.582003897367,879.6955405699651,879.6955405699651,0.0,15574.876214717351,0.037633334687553324,0.03959651984991392,0.0320060166216549,0.9195001863716568,24582.908442386703,1.4551915228366852e-11,loss_of_confidence_1000bp,1000.0,True
2039Q4,2039-12-31,2039,4,2040,53393.29789360222,30849.817507625736,0.017227156981449054,0.019937887724799763,0.022796693476643037,264.33496,622.0867106433074,108.92351451135572,368.4744141563786,108.18975438766267,24.36355238089414,12.13547520701638,5.935451716790281,32.431574249555645,0.0,660.4537366096532,924.7886966096532,0.0,66689.02954264951,67613.81823925916,1.2663353062400158,0.01980285694483566,0.04947839992395684,0.0692812568687925,67031.05420226452,582.7640369946275,14179.191737458172,34108.69763917173,11378.405437061632,45487.10307623337,5834.15240487025,1530.6069837027285,15639.867782254432,15639.867782254432,1509.8569464406073,17149.72472869504,892.3571223600976,892.3571223600976,0.0,16532.22490461453,0.03764635886169259,0.03961393597351867,0.03254443299592784,0.9212273440583779,25243.362178996354,-1.4551915228366852e-11,loss_of_confidence_1000bp,1000.0,True
2040Q1,2040-03-31,2040,1,2040,53889.0305474941,30984.73913358242,0.017609093307503265,0.01970258122673907,0.022796693476643926,264.33496,631.0080118081868,110.42045565545551,373.6416078519057,109.8664811523463,24.7772135169685,12.302253631510682,5.935451716790281,32.96932272513714,0.0,669.9127862501141,934.2477462501141,0.0,67613.81823925916,68548.06598550928,1.2720226229546978,0.01962068772174577,0.04972535445110291,0.06934604217284868,67965.30194851465,582.7640369946275,14373.337066188391,34575.72315362492,11534.201642156188,46109.9247957811,5930.47561799349,1551.5644685516504,15928.193171611974,15928.193171611974,1530.6069837027285,17458.800155314704,901.278423524977,901.278423524977,0.0,16829.47159513695,0.03765640369634969,0.039631708647457346,0.03253288317402353,0.9233845077754348,25913.27496524647,1.4551915228366852e-11,loss_of_confidence_1000bp,1000.0,True
2040Q2,2040-06-30,2040,2,2040,54389.36585516145,31120.25083904756,0.017609093307503265,0.01970258122673907,0.022246337554163054,264.33496,639.9702934339899,111.9323624029421,378.85626728393146,111.53897283782797,25.17199149330421,12.470699415983892,5.935451716790281,32.71120231872166,0.0,678.6169474695018,942.9519074695019,0.0,68548.06598550928,69491.01789297878,1.2776581745415627,0.019440194298563612,0.04990806101888775,0.06934825531745135,68908.25385598415,582.7640369946275,14569.412969385943,35047.39275372101,11691.547079352436,46738.93983307345,6027.17069961609,1572.7303539086524,16198.787201741912,16198.787201741912,1551.5644685516504,17750.351670293563,910.2407051507802,910.2407051507802,0.0,17109.027906892694,0.037698209248865494,0.0395994803186983,0.03261220738090717,0.925889632904505,26591.89191271597,0.0,loss_of_confidence_1000bp,1000.0,True
2040Q3,2040-09-30,2040,3,2040,54894.34655016561,31256.35520473291,0.017609093307503265,0.01970258122673907,0.022246337554163054,264.33496,649.569830420913,113.45930349909302,384.12107815916096,113.75632036615463,25.592308176963694,12.640820219540796,5.935451716790281,33.24455117333714,0.0,688.7498333110404,953.0847933110405,0.0,69491.01789297878,70444.10268628981,1.2832669867363107,0.01926136125937381,0.05018730536716536,0.06944866662653917,69861.33864929518,582.7640369946275,14767.556718895286,35524.0366531932,11850.551905472454,47374.58855866565,6125.073913820807,1594.119457913421,16432.522776117185,16432.522776117185,1572.7303539086524,18005.253130025838,919.8402421377033,919.8402421377033,0.0,17352.363018254888,0.03774776161169658,0.03964540190628753,0.03261956539905772,0.9285642826391781,27280.641746027013,0.0,loss_of_confidence_1000bp,1000.0,True
2040Q4,2040-12-31,2040,4,2041,55404.01576282974,31393.054822636957,0.017609093307502377,0.01970258122673907,0.022246337554162166,273.20975999999996,659.420011171782,115.00234794839706,389.43448978604226,116.15252659675525,26.01791169760805,12.812735142979122,5.957305368177581,33.78456382220109,0.0,699.1618803621607,972.3716403621606,0.0,70444.10268628981,71416.47432665198,1.2890125985157364,0.01972490666882634,0.05047734325649547,0.07020224992532181,70833.71028965735,582.7640369946275,14969.738743628664,36010.39480938404,12012.797334697094,48023.19214408113,6224.834918689518,1615.944483258028,16546.19572335825,16546.19572335825,1594.119457913421,18140.31518127167,938.5870765399595,938.5870765399595,0.0,17484.78279989821,0.03779345326450381,0.039700236283837856,0.03267115594191694,0.9313110493067798,27979.803626389174,0.0,loss_of_confidence_1000bp,1000.0,True
2041Q1,2041-03-31,2041,1,2041,55931.13799773581,31527.09931704546,0.017189212325988024,0.02105209487726678,0.022246337554163942,273.20975999999996,669.4077310514265,116.57684046600822,394.8465154960523,118.54456147245848,26.451659832720942,12.988153784186398,5.957305368177581,34.334823636758706,0.0,709.6998600563628,982.9096200563628,0.0,71416.47432665198,72399.38394670835,1.2944378844864413,0.01953900955929486,0.050755259804303836,0.0702942693635987,71816.61990971371,582.7640369946275,15174.072233557132,36501.92841401927,12176.76925466442,48678.697668683686,6325.8482537808495,1638.001753692043,16915.044642658188,16915.044642658188,1615.944483258028,18530.989125916214,948.574796419604,948.574796419604,0.0,17863.619439077793,0.03782996206848603,0.03974992418753494,0.03257060131237756,0.9347139891577683,28689.503486445537,0.0,loss_of_confidence_1000bp,1000.0,True
2041Q2,2041-06-30,2041,2,2041,56463.275353778976,31661.71616500741,0.017189212325988024,0.02105209487726678,0.0228385780169158,273.20975999999996,679.3564458371578,118.16808751882616,400.3098367754175,120.8112855280839,26.901796919530693,13.165439095299792,5.957305368177581,35.81306784342908,0.0,721.1268190487644,994.3365790487644,0.0,72399.38394670835,73393.7205257571,1.299848796689493,0.019354864434495796,0.051086431988257006,0.0704412964227528,72810.95648876247,582.7640369946275,15380.548786552576,36998.61725539342,12342.460922901235,49341.07817829466,6429.039161687733,1660.2903622275212,17026.882478672553,17026.882478672553,1638.001753692043,18664.884232364595,958.5235112053354,958.5235112053354,0.0,17985.405989877887,0.03786389735758897,0.039841599734029266,0.032685923687598005,0.9372129877331644,29410.630305494302,0.0,loss_of_confidence_1000bp,1000.0,True
2041Q3,2041-09-30,2041,3,2041,57000.47554558473,31796.90781040229,0.017189212325988024,0.02105209487726767,0.0228385780169158,273.20975999999996,689.3806160545129,119.77602367527818,405.824390006967,123.0850733111375,27.35054527472678,13.344583786403698,5.957305368177581,36.397271390121055,0.0,731.7351928128115,1004.9449528128115,0.0,73393.7205257571,74398.66547856992,1.3052288558377274,0.01917245478287332,0.05134940968888053,0.07052186447175385,73815.90144157529,582.7640369946275,15589.184656548512,37500.50043309088,12509.885382735318,50010.385815826194,6533.518905766146,1682.8120634344423,17341.683495579953,17341.68349557995,1660.2903622275212,19001.973857807472,968.5476814226904,968.5476814226904,0.0,18310.23117700264,0.03790387583224299,0.03987998905470466,0.032620425280261926,0.9396707602282782,30142.365498307114,0.0,loss_of_confidence_1000bp,1000.0,True
2041Q4,2041-12-31,2041,4,2042,57542.78674174274,31932.67670754465,0.017189212325988024,0.02105209487726678,0.02283857801691669,290.3126875,699.633718966887,121.40077551287155,411.3894139971514,125.5129931090237,27.80493438798608,13.525601959854326,5.987900480119798,36.988771535689345,0.0,742.6103909826962,1032.9230784826962,0.0,74398.66547856992,75431.58855705262,1.3108782669076569,0.020180648448810776,0.05162144088124193,0.0718020893300527,74848.82452005798,582.7640369946275,15803.719908218798,38016.574844641014,12682.043931631857,50698.61877627287,6640.515247969347,1705.9705875969646,17262.454822253916,17262.454822253916,1682.8120634344423,18945.266885688357,995.9343069470069,995.9343069470069,0.0,18258.38912920092,0.03794035415411058,0.03992600599518015,0.032548042672402626,0.9419960649373043,30884.97588928981,0.0,loss_of_confidence_1000bp,1000.0,True
2042Q1,2042-03-31,2042,1,2042,58055.26898098634,32068.229387565312,0.017088232020256333,0.018695469559396827,0.0228385780169158,290.3126875,710.1068760267274,123.07146878525388,417.0959263329436,127.95737635180444,28.270365958915086,13.711738597810601,5.987900480119798,37.59451911428834,0.0,753.6892956211356,1044.0019831211355,0.0,75431.58855705262,76475.59054017375,1.3172894016772234,0.02000250399977168,0.05192908818443171,0.07193159218420338,75892.82650317912,582.7640369946275,16020.511193615348,38538.076249045036,12856.012884597427,51394.08913364246,6748.8535311706,1729.3726447507056,17670.071251970705,17670.071251970705,1705.9705875969646,19376.041839567668,1006.4074640068472,1006.4074640068472,0.0,18676.47871597755,0.0379734431361634,0.03996677307417877,0.03245907259678228,0.9447732379170646,31638.665184910944,0.0,loss_of_confidence_1000bp,1000.0,True
2042Q2,2042-06-30,2042,2,2042,58572.31544209702,32204.357482206833,0.017088232020256333,0.01869546955939594,0.02271549749328483,290.3126875,720.6396857345821,124.75973092027954,422.85712360508325,130.24542743871098,28.877571138324562,13.899832632183795,5.987900480119798,38.00367903939272,0.0,764.6312652540947,1054.9439527540947,0.0,76475.59054017375,77530.53449292784,1.323672009681304,0.019825932118869034,0.052217929886004814,0.07204386200487384,76947.7704559332,582.7640369946275,16239.571362577519,39065.0355571823,13031.802553269306,52096.83811045161,6858.3413609015815,1753.0196220025066,17772.21758703483,17772.21758703483,1729.3726447507056,19501.590231785536,1016.940273714702,1016.940273714702,0.0,18789.157860749532,0.03799368567868956,0.03999348078796058,0.03254242469786246,0.9466807971400882,32403.29645016504,-1.4551915228366852e-11,loss_of_confidence_1000bp,1000.0,True
2042Q3,2042-09-30,2042,3,2042,59093.966774525,32341.063434076666,0.017088232020256333,0.018695469559397715,0.02271549749328483,290.3126875,731.0467255814631,126.46566198607243,428.671680311233,132.46479928791945,29.354688784392916,14.089895211845146,5.987900480119798,38.62021936296003,0.0,775.6548454245429,1065.9675329245429,0.0,77530.53449292784,78596.50202585239,1.3300258269298448,0.019650918924275146,0.052503149662237424,0.07215406858651256,78013.73798885776,582.7640369946275,16460.873322887892,39597.38759747819,13209.391196899523,52806.778794377715,6969.177276774402,1776.908594817743,17999.049471008893,17999.049471008893,1753.0196220025066,19752.0690930114,1027.347313561583,1027.347313561583,0.0,19026.396784570476,0.038009409907224595,0.04001803163089487,0.03244238991724073,0.9484315164266081,33178.951295589584,1.4551915228366852e-11,loss_of_confidence_1000bp,1000.0,True
2042Q4,2042-12-31,2042,4,2043,59620.26398974879,32478.34969615101,0.017088232020256333,0.018695469559396827,0.022715497493283943,300.12464,741.4811156246462,128.18905100198947,434.5409471995532,134.63150291431464,29.837711677941574,14.28190283084761,6.009754131507097,39.24435093633062,0.0,786.735220692484,1086.8598606924838,0.0,78596.50202585239,79683.36188654487,1.3365147443870051,0.020135747138027026,0.0527830752864668,0.07291882242449382,79100.59784955023,582.7640369946275,16686.541276558648,40140.24223553714,13390.483428287753,53530.725663824895,7082.062043870769,1801.2688652959164,17879.91238735448,17879.91238735448,1776.908594817743,19656.820982172223,1047.6155097561534,1047.6155097561534,0.0,18927.527897110635,0.038023430847638116,0.04003919769527182,0.03233110745647102,0.9501487802870391,33965.68651628207,0.0,loss_of_confidence_1000bp,1000.0,True
2043Q1,2043-03-31,2043,1,2043,60187.929052490006,32615.668008118973,0.01701953976476145,0.021251542965382564,0.02271549749328572,300.12464,752.0888623710354,129.94644019120048,440.51480640610896,136.8201944840343,30.329722784876054,14.477698504815928,6.009754131507097,39.880019859559404,0.0,797.9786363621018,1098.103276362102,0.0,79683.36188654487,80781.46516290697,1.3421539241274991,0.01994583596576388,0.05303247005998051,0.0729783060257444,80198.70112591234,582.7640369946275,16914.49425606094,40688.593608292176,13573.409329099946,54262.00293739212,7196.328134071363,1825.8757983879013,18258.327085692432,18258.327085692432,1801.2688652959164,20059.595950988347,1058.2232565025424,1058.2232565025424,0.0,19316.550342194972,0.03803981278629256,0.04005747837287706,0.032232474133049104,0.9524653633934099,34763.66515264417,0.0,loss_of_confidence_1000bp,1000.0,True
2043Q2,2043-06-30,2043,2,2043,60760.99904976006,32753.56690127342,0.01701953976476145,0.021251542965382564,0.02231557677676199,300.12464,762.8559458489035,131.7216240190746,446.5465090607338,139.007121178135,30.905214861417335,14.675476729542757,6.009754131507097,39.81589226747214,0.0,808.6815922478827,1108.8062322478827,0.0,80781.46516290697,81890.27139515485,1.3477439916366587,0.01975771594895691,0.05323688582444901,0.07299460177340591,81307.50735816022,582.7640369946275,17144.76658428691,41242.52428103838,13758.196442498618,55000.720723537,7311.2869511753925,1850.7330991609097,18352.580541226933,18352.58054122693,1825.8757983879013,20178.45633961483,1068.9903399804107,1068.9903399804107,0.0,19421.57088120734,0.038050483868718996,0.04004292769966797,0.03231790517750737,0.9541095045489523,35572.34674489206,0.0,loss_of_confidence_1000bp,1000.0,True
2043Q3,2043-09-30,2043,3,2043,61339.52544380172,32892.04883030893,0.017019539764762337,0.021251542965382564,0.02231557677676199,300.12464,773.620310774971,133.51486977513431,452.6340072599512,141.18938980718792,31.406776648191798,14.87526728450581,6.009754131507097,40.451937177005775,0.0,820.0820020834839,1120.206642083484,0.0,81890.27139515485,83010.47803723834,1.353295080727209,0.019571370194245753,0.053478209761164824,0.07304957995541059,82427.71400024371,582.7640369946275,17377.35767563046,41802.03284507338,13944.844298551237,55746.87714362462,7427.638476588333,1875.8407044002824,18659.85257945336,18659.852579453363,1850.7330991609097,20510.585678614272,1079.7547049064783,1079.7547049064783,0.0,19739.60728435984,0.0380545044840862,0.04005760333245178,0.03225058743467653,0.9557408375500173,36392.42874697554,0.0,loss_of_confidence_1000bp,1000.0,True
2043Q4,2043-12-31,2043,4,2044,61923.56018684745,33031.116260298484,0.01701953976476145,0.021251542965381676,0.02231557677676199,315.2472575,784.3620578596403,135.32617289897223,458.7773104746793,143.26706262681938,31.914442197551885,15.077069661617271,6.019952502154488,41.0956876723541,0.0,831.477698034149,1146.7249555341489,0.0,83010.47803723834,84157.20299277248,1.3590498146236665,0.02036363907687326,0.05370994145202618,0.07407358052889944,83574.43895577785,582.7640369946275,17615.522433667444,42374.94912059913,14135.964866489216,56510.913987088345,7546.452562514464,1901.5499725075929,18825.920677197937,18825.92067719794,1875.8407044002824,20701.761381598222,1105.6292678617947,1105.6292678617947,0.0,19931.549945059734,0.03805913062135922,0.04006615635491942,0.03230672772490423,0.9573252963227735,37223.90644500969,-1.4551915228366852e-11,loss_of_confidence_1000bp,1000.0,True
2044Q1,2044-03-31,2044,1,2044,62477.308177911254,33169.36987577106,0.016847634395924738,0.019083305138657858,0.02231557677676199,315.2472575,795.3710798985223,137.18088095218525,465.06506659857445,145.40850656148876,32.4329178822437,15.283707904029782,6.019952502154488,41.75306303892415,0.0,843.144095439601,1158.391352939601,0.0,84157.20299277248,85315.59434571209,1.3655452969062978,0.020183152360040705,0.05398082087907194,0.07416397323911264,84732.83030871746,582.7640369946275,17856.058656666806,42953.57006412438,14328.988468839967,57282.55853296435,7666.697884977517,1927.5152341087664,19219.63805523405,19219.63805523405,1901.5499725075929,21121.188027741642,1116.6382899006767,1116.6382899006767,0.0,20336.276345134727,0.038067037604919286,0.04007472042586829,0.03221104523406426,0.9594508844706428,38067.050540449294,1.4551915228366852e-11,loss_of_confidence_1000bp,1000.0,True
2044Q2,2044-06-30,2044,2,2044,63036.0080295703,33308.202159613196,0.01684763439592385,0.019083305138657858,0.023076797027411944,315.2472575,806.56980305833,139.05405678879276,471.41543145376414,147.5799017687124,33.02800935291106,15.492403694149214,6.019952502154488,43.8530162932156,0.0,856.4427718537,1171.6900293537,0.0,85315.59434571209,86487.28437506579,1.372029845774727,0.020004265330515025,0.054346256917280754,0.07435052224779579,85904.52033807116,582.7640369946275,18099.007208345596,43537.993975199315,14523.947897595372,58061.94187279469,7789.830356594758,1953.7409003361056,19376.167254209606,19376.167254209602,1927.5152341087664,21303.68248831837,1127.8370130604844,1127.8370130604844,0.0,20504.004267270087,0.03807295814653304,0.040154102115646545,0.03231860370328166,0.9609790505407952,38923.49331230299,0.0,loss_of_confidence_1000bp,1000.0,True
2044Q3,2044-09-30,2044,3,2044,63599.704023562444,33447.615533874276,0.016847634395925626,0.019083305138657858,0.023076797027411944,315.2472575,817.8507038817163,140.94601863499133,477.82948387781136,149.80624988813707,33.56575899432519,15.70319248645145,6.019952502154488,44.55732607104517,0.0,868.427982454916,1183.675239954916,0.0,86487.28437506579,87670.9596150207,1.3784806228428412,0.01982696380997038,0.05461836628253367,0.07444533009250404,87088.19557802608,582.7640369946275,18344.385790680357,44128.263436742345,14720.8573580973,58849.12079483965,7914.460110433968,1980.2288820720794,19730.765709938747,19730.765709938747,1953.7409003361056,21684.506610274853,1139.1179138838706,1139.1179138838706,0.0,20869.883623822618,0.03808119236710181,0.040164423648167316,0.032259521678309824,0.9624671538386054,39791.92129475791,0.0,loss_of_confidence_1000bp,1000.0,True
2044Q4,2044-12-31,2044,4,2045,64168.440837612405,33587.61243074127,0.01684763439592385,0.01908330513865697,0.023076797027411944,328.847015,829.2995799391181,142.85690434492327,484.3076912182463,152.10882110901414,34.11007362728001,15.916089639654336,6.028693962709422,45.270200206393476,0.0,880.598474108221,1209.445489108221,0.0,87670.9596150207,88880.40510412892,1.3851108729453743,0.02049898739676068,0.05489293257641736,0.07539191997317804,88297.64106713429,582.7640369946275,18595.162008399475,44731.51715836879,14922.098270274464,59653.61542864326,8041.56410553895,2007.2995245525972,19673.077978349414,19673.077978349414,1980.2288820720794,21653.306860421493,1164.1752889018276,1164.1752889018276,0.0,20837.253267251243,0.03808850450518782,0.04017743060986629,0.03219846267923857,0.963921643502864,40672.51976886613,-1.4551915228366852e-11,loss_of_confidence_1000bp,1000.0,True
2045Q1,2045-03-31,2045,1,2045,64171.41450762505,33418.39993341095,-0.02,0.020597325915870046,0.023076797027411944,328.847015,891.1609182932626,144.80982414041094,490.92840081309646,154.44128353369015,34.665251763658326,66.31615804240644,6.028693962709422,45.997226841836266,0.0,943.1868390978084,1272.0338540978084,0.0,88880.40510412892,90152.43895822673,1.404869125138492,0.020498037484333487,0.0587917125614076,0.0792897500457411,89569.6749212321,582.7640369946275,18859.26384177406,45366.82626112443,15134.032616917695,60500.85887804213,8173.743568723959,2035.8086326919508,20096.617370823933,20096.617370823937,2007.2995245525972,22103.916895376533,1226.036627255972,1226.036627255972,0.0,21322.65399807991,0.06387880875565685,0.0424474590543464,0.13212152684078415,0.25777885698531267,943.1868390978084,0.0,loss_of_confidence_1000bp,1000.0,True
2045Q2,2045-06-30,2045,2,2045,64174.388315442404,33250.03991909983,-0.02,0.020597325915870046,0.02213343204113838,328.847015,1430.6329508351,618.348113212167,538.1580464657612,164.37799969480818,42.49076375980331,67.25802770256036,6.028693962709422,44.85762755909526,0.0,1481.5192723569048,1810.3662873569049,0.0,90152.43895822673,91962.80524558364,1.4330141300848902,0.020497087615924742,0.09234333579150947,0.1128404234074342,91380.04120858901,582.7640369946275,19239.57391043399,46281.679616748734,15439.220827440135,61720.90044418887,8342.704735444977,2076.8621185211578,20245.47828825168,20245.47828825168,2035.8086326919508,22281.286920943632,1765.5086597978095,1765.5086597978095,0.0,22010.98694804949,0.06656670404781159,0.06573396302870455,0.13238706509696516,0.2845530941146648,2424.706111454713,0.0,loss_of_confidence_1000bp,1000.0,True
2045Q3,2045-09-30,2045,3,2045,64177.362261070855,33082.52809304653,-0.02,0.020597325915870046,0.022133432041139267,328.847015,1520.9781773734385,630.8175295883544,596.0914983823519,177.6104240737164,47.84439308837253,68.61433224064278,6.028693962709422,45.78488898160151,0.0,1572.7917603177493,1901.6387753177494,0.0,91962.80524558364,93864.44402090138,1.462578714891159,0.020496137791532407,0.09802782195501882,0.11852395974655122,93281.67998390675,582.7640369946275,19639.345338921983,47243.34816821168,15760.026235795882,63003.37440400757,8518.943833293562,2120.01640768364,20683.825682195107,20683.82568219511,2076.8621185211578,22760.687800716267,1855.853886336148,1855.853886336148,0.0,22539.679568531257,0.0692811358673573,0.06840990794561609,0.13234169897869671,0.3115676498023278,3997.4978717724625,-1.4551915228366852e-11,loss_of_confidence_1000bp,1000.0,True
2045Q4,2045-12-31,2045,4,2046,64180.336344516785,32915.86018212645,-0.02,0.020597325915870046,0.02213343204113838,341.5111875,1615.966087908021,643.9250352999045,655.8063584724877,191.0648766905461,55.12977537623422,70.04004206884827,6.044719973726774,46.75209179952185,0.0,1668.7628996812698,2010.2740871812698,0.0,93864.44402090138,95874.71810808266,1.4938332138590245,0.021284474775375765,0.10400462164756727,0.12528909642294303,95291.95407108802,582.7640369946275,20062.30966749369,48260.80830716272,16099.443298842532,64360.25160600525,8703.71848731437,2165.674310274711,21210.65088755165,21210.65088755165,2120.01640768364,23330.66729523529,1963.521995381748,1963.521995381748,0.0,23174.172882933395,0.07209562422556448,0.07111373926892597,0.13234779459174795,0.33954246920914066,5666.260771453733,0.0,loss_of_confidence_1000bp,1000.0,True
2046Q1,2046-03-31,2046,1,2046,64497.144078828744,32915.86018212645,0.0,0.01989152606750877,0.02213343204113749,341.5111875,1717.8831812446595,657.7929782229494,717.8896052787663,206.53538311532998,64.11674960191311,71.54846502570076,6.044719973726774,47.766137878007285,0.0,1771.6940390963937,2113.205226596394,0.0,95874.71810808266,97987.92333467906,1.519259879397415,0.021179926173636666,0.10987736368177915,0.13105728985541584,97405.15929768443,582.7640369946275,20507.22806383469,49331.0799655119,16456.47788824027,65787.55785375217,8896.671282539435,2213.7020975581227,21779.682684035433,21779.682684035437,2165.674310274711,23945.356994310147,2065.4390887183863,2065.4390887183863,0.0,23845.121772753824,0.075009732161432,0.07391704816692575,0.1322884894189433,0.3684593974303027,7437.954810550126,1.4551915228366852e-11,loss_of_confidence_1000bp,1000.0,True
2046Q2,2046-06-30,2046,2,2046,64815.515643220686,32915.86018212645,0.0,0.01989152606750788,0.023159436985126236,341.5111875,1827.0203873453527,672.3807401429799,782.0698393509406,222.92806046349804,76.50656433985762,73.13518304807648,6.044719973726774,51.06906595866978,0.0,1884.1341732777494,2225.6453607777494,0.0,97987.92333467906,100213.56869545681,1.5461354847053284,0.021075891111002526,0.11627673741880157,0.1373526285298041,99630.80465846218,582.7640369946275,20975.655819993986,50457.90446979054,16832.378082429266,67290.28255221981,9100.59862697043,2264.267659277944,22116.881802937758,22116.881802937758,2213.7020975581227,24330.58390049588,2174.5762948190795,2174.5762948190795,0.0,24291.458097756837,0.07775102414346402,0.07691291372070266,0.13236121922720653,0.39568863075056493,9322.088983827876,0.0,loss_of_confidence_1000bp,1000.0,True
2046Q3,2046-09-30,2046,3,2046,65135.45875708917,32915.86018212645,0.0,0.019891526067509657,0.023159436985126236,341.5111875,1937.0923197453628,687.7393151980529,848.4196191436455,239.7418866831214,86.38575592714817,74.80574279339507,6.044719973726774,52.239658720027705,0.0,1995.3766984391173,2336.887885939117,0.0,100213.56869545681,102550.45658139592,1.5744182744430983,0.020972367064987063,0.12253704734808187,0.14350941441306891,101967.69254440129,582.7640369946275,21467.79428634225,51641.766177572754,17227.30545945958,68869.07163703234,9313.433890342076,2317.392730684619,22591.339268737524,22591.33926873752,2264.267659277944,24855.606928015462,2284.6482272190897,2284.6482272190897,0.0,24875.987495956608,0.08044135647037837,0.07964497121155123,0.13236739983297174,0.42241037270526166,11317.465682266993,0.0,loss_of_confidence_1000bp,1000.0,True
2046Q4,2046-12-31,2046,4,2047,65456.981177935224,32915.86018212645,0.0,0.01989152606750877,0.023159436985126236,357.7490725,2051.1562747703915,703.8753051634467,916.6334499307427,257.4768607770961,96.60979655911336,76.56086233999312,6.052004524189207,53.46138511164909,0.0,2110.66966440623,2468.41873690623,0.0,102550.45658139592,105018.87531830215,1.6043953361189038,0.021861629794842602,0.12898056869861954,0.15084219849346214,104436.11128130752,582.7640369946275,21988.002777631653,52893.15162092248,17644.758247692636,70537.90986861511,9536.650746558093,2373.5478885026455,23833.811533623713,23833.811533623713,2317.392730684619,26151.204264308333,2414.957351794581,2414.957351794581,0.0,26248.768885418292,0.0837974504313083,0.08232707039118672,0.13271296748702804,0.4558170863169403,13428.135346673223,0.0,loss_of_confidence_1000bp,1000.0,True
2047Q1,2047-03-31,2047,1,2047,66035.72146100708,33045.517286918206,0.01584952735551126,0.019676561505418855,0.023159436985126236,357.7490725,2188.4807447351536,720.9316410715978,1006.1851281719604,275.93394229386365,107.01394483132508,78.41608836640617,6.052004524189207,54.74270438165024,0.0,2249.275453640993,2607.0245261409927,0.0,105018.87531830215,107625.89984444315,1.6298133413745517,0.021670033405252913,0.13624598346936515,0.15791601687461804,107043.13580744852,582.7640369946275,22537.792476756633,54215.69601977175,18085.94912920374,72301.64514897548,9770.801920709158,2432.8962610072244,24508.333042973947,24508.333042973947,2373.5478885026455,26881.880931476593,2552.281821759343,2552.281821759343,0.0,27060.61486473329,0.08720637354412449,0.08567128325545878,0.13268289133984662,0.48972839091521864,15677.410800314217,1.4551915228366852e-11,loss_of_confidence_1000bp,1000.0,True
2047Q2,2047-06-30,2047,2,2047,66619.57869736983,33175.68511707852,0.01584952735551126,0.019676561505418855,0.02235168965107781,357.7490725,2334.373456753592,738.9578708316582,1099.690997282721,295.13046385539,120.21731456079655,80.37681022302618,6.052004524189207,54.14672163919168,0.0,2394.572182916973,2752.321255416973,0.0,107625.89984444315,110378.22109986012,1.6568435774905,0.021480116175764653,0.14377588269026456,0.1652559988660292,109795.45706286549,582.7640369946275,23119.00907770778,55613.839275874125,18552.35922188216,74166.19849775628,10014.612401322347,2495.6370860790535,25022.247974332062,25022.247974332065,2432.8962610072244,27455.14423533929,2698.174533777781,2698.174533777781,0.0,27720.42250810985,0.09047433937322788,0.0889961314656774,0.13275381307248318,0.5222510125428743,18071.98298323119,0.0,loss_of_confidence_1000bp,1000.0,True
2047Q3,2047-09-30,2047,3,2047,67208.59812875236,33306.36568437839,0.01584952735551126,0.019676561505418855,0.02235168965107781,357.7490725,2484.142037625926,758.0145101353439,1197.0757465933623,315.1999716225655,131.40219904331755,82.44961023133673,6.052004524189207,55.497842901664384,0.0,2545.6918850517795,2903.4409575517793,0.0,110378.22109986012,113281.6620574119,1.6855233587880645,0.021291863390136816,0.15150989343208532,0.1728017568222221,112698.89802041727,582.7640369946275,23732.48748545243,57089.589791514874,19044.65851365075,76134.24830516562,10270.30174025462,2561.8604895445824,25649.471344712387,25649.471344712387,2495.6370860790535,28145.10843079144,2847.9431146501156,2847.9431146501156,0.0,28497.414459362502,0.09368208712950284,0.0922534123012789,0.1327633314949437,0.5541651735173723,20617.67486828297,0.0,loss_of_confidence_1000bp,1000.0,True
2047Q4,2047-12-31,2047,4,2048,67802.82539688994,33437.56100851326,0.01584952735551126,0.019676561505418855,0.02235168965107781,372.65234999999996,2640.2559446995942,778.1289334292717,1297.8405906951082,336.49382281668915,143.1551318351953,84.63746592332916,6.05491834437418,56.91479307357722,0.0,2703.2256561175454,3075.8780061175453,0.0,113281.6620574119,116357.54006352944,1.7161163916462199,0.021984473232119512,0.1594756938398346,0.18146016707195411,115774.7760265348,582.7640369946275,24382.80551162741,58653.95970305976,19566.52057051966,78220.48027357942,10539.42960702749,2632.0606343004806,26275.135815532292,26275.135815532292,2561.8604895445824,28836.996305076875,3018.963213043968,3018.963213043968,0.0,29294.09902857626,0.09679593887784288,0.09545148286216114,0.13277106008025666,0.5851426002071982,23320.900524400517,-1.4551915228366852e-11,loss_of_confidence_1000bp,1000.0,True
2048Q1,2048-03-31,2048,1,2048,68417.88578839101,33567.84363305003,0.015676506274730606,0.02077970179797095,0.0223516896510787,372.65234999999996,2802.487552523556,799.4512357124838,1401.6324882704328,359.21323498989113,155.23389034504592,86.95670320570214,6.05491834437418,58.40621535455049,0.0,2866.948686222481,3239.6010362224806,0.0,116357.54006352944,119597.14109975193,1.7480391234194625,0.02178683808807379,0.16761398883851147,0.18940082692658525,119014.3770627573,582.7640369946275,25068.070018278682,60302.39498011981,20116.42620214376,80418.82118226358,10821.452701201822,2706.0331610132107,27051.2830376865,27051.2830376865,2632.0606343004806,29683.34367198698,3181.19482086793,3181.19482086793,0.0,30232.47785855443,0.09990199996741618,0.09855652447300521,0.13272946279161332,0.6160272148654162,26187.849210622997,1.4551915228366852e-11,loss_of_confidence_1000bp,1000.0,True
2048Q2,2048-06-30,2048,2,2048,69038.52558285912,33698.63387721409,0.015676506274730606,0.02077970179797095,0.022930584971782908,372.65234999999996,2973.4054835452926,821.9193457243123,1509.4022182647134,382.49024763188794,170.19310136740347,89.40057055697396,6.05491834437418,61.50914311299263,0.0,3040.9695450026593,3413.621895002659,0.0,119597.14109975193,123010.76299475458,1.7817698445358412,0.02159097963659421,0.17618971548590956,0.19778069512250376,122427.99895775995,582.7640369946275,25790.152135379696,62039.396711874855,20695.876938078305,82735.27364995316,11118.593119115236,2783.9800533118682,27763.489626160615,27763.48962616062,2706.0331610132107,30469.52278717383,3352.1127518896665,3352.1127518896665,0.0,31115.602378050284,0.10290830836654054,0.10170709824798536,0.13276615881468679,0.6459381375685898,29228.818755625656,0.0,loss_of_confidence_1000bp,1000.0,True
2048Q3,2048-09-30,2048,3,2048,69664.79539278353,33829.93371884158,0.015676506274730606,0.02077970179796984,0.022930584971782908,372.65234999999996,3150.758032298773,845.5946131387619,1621.5981927567384,406.96670364187685,184.62278175010573,91.97574101129084,6.05491834437418,63.198089412047416,0.0,3220.0110400551944,3592.663390055194,0.0,123010.76299475458,126603.42638480978,1.817322876942296,0.02139688190564053,0.18488598276361265,0.20628286466925316,126020.66234781515,582.7640369946275,26550.437950672243,63868.2991961157,21305.9850750317,85174.2842711474,11429.88919022122,2866.0509357742776,28486.599633428665,28486.599633428665,2783.9800533118682,31270.579686740533,3529.4653006431467,3529.4653006431467,0.0,32016.064934071812,0.10579682262715476,0.10470664392814154,0.13280242285218297,0.674674054063877,32448.82979568085,0.0,loss_of_confidence_1000bp,1000.0,True
2048Q4,2048-12-31,2048,4,2049,70296.7462897751,33961.7451434749,0.015676506274729718,0.02077970179797184,0.022930584971782908,392.23500750000005,3334.267219191468,870.5224843076663,1737.8441157063442,432.9069361755587,198.30652521125705,94.68715779064269,6.05491834437418,64.96749645164414,0.0,3405.2896339874865,3797.5246414874864,0.0,126603.42638480978,130400.95102629726,1.855006922920194,0.02231881435212611,0.1937665575558963,0.2160853719080224,129818.18698930263,582.7640369946275,27354.471992775583,65802.44005135604,21951.199942398413,87753.63999375445,11757.230676883784,2952.84432588882,29048.681363359152,29048.681363359152,2866.0509357742776,31914.73229913343,3732.557145035842,3732.557145035842,0.0,32781.23850839499,0.10841832465806188,0.10758917767792933,0.1327399758859044,0.7007402239400434,35854.11942966834,0.0,loss_of_confidence_1000bp,1000.0,True
2049Q1,2049-03-31,2049,1,2049,70908.60889746441,34092.57168027947,0.015497958573625237,0.019473428238653945,0.022930584971783796,392.23500750000005,3519.867537936809,896.8847504631296,1853.092592515669,460.0251736884602,212.3104268529992,97.5545944165519,6.05491834437418,66.82810564210334,0.0,3592.7505619232866,3984.9855694232865,0.0,130400.95102629726,134385.93659572056,1.8951991681298659,0.022126227751396534,0.2026693580813857,0.22479558583278222,133803.17255872593,582.7640369946275,28198.48639383872,67832.75549824553,22628.497931439975,90461.25342968552,12099.479243111247,3043.953492090454,30006.53585693032,30006.53585693032,2952.84432588882,32959.38018281914,3918.157463781183,3918.157463781183,0.0,33924.69332071151,0.11104130326848759,0.11020626870117706,0.13272559267941422,0.7267899763945638,39446.86999159162,0.0,loss_of_confidence_1000bp,1000.0,True
2049Q2,2049-06-30,2049,2,2049,71525.79715492342,34223.902183610495,0.015497958573625237,0.019473428238653945,0.022366633995218432,392.23500750000005,3715.680913152226,924.5578726379872,1973.461052014534,488.39421446231745,228.70316054244913,100.5646134949384,6.05491834437418,67.09598262269971,0.0,3788.8318141193,4181.0668216193,0.0,134385.93659572056,138567.00341733985,1.9373010707899772,0.021935302959318413,0.21188617057494752,0.2338214735342659,137984.2393803452,582.7640369946275,29084.681159047585,69964.53775040826,23339.644484886307,93304.18223529456,12455.760066768315,3139.615919234742,30872.76384609817,30872.76384609817,3043.953492090454,33916.717338188624,4113.970838996601,4113.970838996601,0.0,34986.73468509477,0.11355435311772578,0.11277465217264268,0.13272780853510213,0.7517529724768014,43235.70180571092,0.0,loss_of_confidence_1000bp,1000.0,True
2049Q3,2049-09-30,2049,3,2049,72148.35741658711,34355.7385948345,0.015497958573625237,0.019473428238653945,0.022366633995218432,392.23500750000005,3918.5311858666846,953.6139835022728,2097.9684560654073,517.8058971510598,245.41778821622682,103.72506093171782,6.05491834437418,69.07168847520629,0.0,3993.657792686265,4385.892800186265,0.0,138567.00341733985,142952.8962175261,1.98137423132326,0.02174602563632719,0.22141365018897086,0.24315967582529804,142370.13218053148,582.7640369946275,30014.572113859143,72201.4331956739,24085.856010339525,96287.28920601343,12828.275623909456,3239.9952367494734,31684.118224111626,31684.118224111626,3139.615919234742,34823.734143346366,4316.8211117110595,4316.8211117110595,0.0,36000.93933582268,0.11589866776575126,0.11528452500796481,0.13273926304503203,0.7750043610008382,47229.35959839719,0.0,loss_of_confidence_1000bp,1000.0,True
2049Q4,2049-12-31,2049,4,2050,72776.33644035927,34488.0828627965,0.015497958573625237,0.019473428238653057,0.022366633995218432,407.0113625000001,4126.5679632167385,984.1027831831568,2225.12862830718,549.0334826149998,261.26172647729004,107.04134263411076,6.057832164559153,71.13742178871712,0.0,4203.763217170014,4610.774579670015,0.0,142952.8962175261,147563.67079719613,2.0276325796933405,0.022370533192945144,0.23105110384967115,0.25342163704261633,146980.9067602015,582.7640369946275,30992.460106435014,74553.78772203466,24870.58381835471,99424.37154038937,13218.519403334823,3345.555710042289,32358.31366160807,32358.313661608066,3239.9952367494734,35598.30889835754,4539.637157881298,4539.637157881298,0.0,36897.950819489364,0.11795252790586433,0.11762652813338749,0.13265651855324712,0.7953655242225819,51433.12281556721,0.0,loss_of_confidence_1000bp,1000.0,True
2050Q1,2050-03-31,2050,1,2050,73421.23971924462,34618.560612307345,0.015219177974386433,0.020390207990024445,0.022366633995218432,407.0113625000001,4335.72351432746,1016.1652857397382,2350.0418714425737,581.3449648876532,277.64259548697163,110.52879677052216,6.057832164559153,73.30146449806323,0.0,4415.082810990082,4822.0941734900825,0.0,147563.67079719613,152385.7649706862,2.075499753932158,0.02217403923204622,0.2405343645992855,0.26270840383133176,151803.00093369157,582.7640369946275,32015.402515233705,77014.52271808001,25691.466537313026,102705.98925539304,13625.629472317298,3455.9796907475284,33453.36680186104,33453.36680186104,3345.555710042289,36798.92251190333,4748.7927089920195,4748.7927089920195,0.0,38202.15951085306,0.11998327894020427,0.11967939770373275,0.13262650438613052,0.8154340222970775,55848.20562655729,0.0,loss_of_confidence_1000bp,1000.0,True
2050Q2,2050-06-30,2050,2,2050,74071.85777108312,34749.531994450226,0.015219177974386433,0.020390207990024445,0.02276633294218633,407.0113625000001,4555.120989144863,1049.705009968225,2479.3682745207752,615.086908655709,296.78386696708037,114.17692903307149,6.057832164559153,76.89797628856857,0.0,4638.076797597991,5045.088160097991,0.0,152385.7649706862,157430.8531307842,2.1253801088305306,0.021979271196780652,0.25046364096506557,0.27244291216184624,156848.08909378957,582.7640369946275,33085.6055637628,79588.94535589272,26550.27459997389,106139.2199558666,14051.75823918771,3571.5053349724535,34454.10417235303,34454.104172353036,3455.9796907475284,37910.08386310056,4968.190183809423,4968.190183809423,0.0,39422.294356162456,0.12189170688109184,0.1217456708896713,0.13266003808481303,0.8342911150344662,60486.28242415528,2.9103830456733704e-11,loss_of_confidence_1000bp,1000.0,True
2050Q3,2050-09-30,2050,3,2050,74728.24123700339,34880.998876770966,0.015219177974387321,0.020390207990024445,0.02276633294218633,407.0113625000001,4781.3858767807815,1084.7942924218733,2612.8616151608144,651.1309510221002,314.6054106718398,117.99360750415245,6.057832164559153,79.30288828747855,0.0,4866.746597232819,5273.7579597328195,0.0,157430.8531307842,162704.61109051702,2.1772840949714487,0.02178621392729683,0.26050374084398703,0.2822899547712839,162121.8470535224,582.7640369946275,34204.54856860681,82280.61419953108,27448.195116588726,109728.8093161198,14496.196837689038,3692.292331106733,35539.02389913464,35539.02389913464,3571.5053349724535,39110.529234107096,5194.455071445341,5194.455071445341,0.0,40733.478970579985,0.1237094220183958,0.12365420120514281,0.13265492204312265,0.8522283344340881,65353.0290213881,0.0,loss_of_confidence_1000bp,1000.0,True
2050Q4,2050-12-31,2050,4,2051,75390.44120688745,35012.963133880796,0.015219177974386433,0.020390207990024445,0.022766332942187217,427.29039000000006,5015.869299392613,1121.4816361931962,2750.649360352185,688.6616646877635,333.0925302705294,121.98410788893871,6.063659804929099,81.81113415448662,0.0,5103.744093352028,5531.0344833520285,0.0,162704.61109051702,168235.64557386906,2.2315248840658004,0.022670799276922872,0.270789984069533,0.2934607833464558,167652.88153687443,582.7640369946275,35378.37147486995,85104.2991692387,28390.155221655074,113494.45439089378,14961.052200806214,3819.0034703044785,36588.83839445386,36588.83839445386,3692.292331106733,40281.13072556059,5449.223349197542,5449.223349197542,0.0,42038.0617436514,0.12538573867512132,0.125472635573006,0.13269157433410497,0.8687810669816272,70456.77311474014,0.0,loss_of_confidence_1000bp,1000.0,True
2051Q1,2051-03-31,2051,1,2051,76034.26731394099,35144.34869926659,0.015094632227163673,0.01921496163380243,0.02276633294218544,427.29039000000006,5257.283458836635,1159.9683547322986,2893.700339368207,727.5912256481307,349.85321193781436,126.17032715018424,6.063659804929099,84.43460463437435,0.0,5347.781723275938,5775.072113275938,0.0,168235.64557386906,174010.717687145,2.2885828171219833,0.02247883251038605,0.281335345874789,0.30381417838517505,173427.95365015036,582.7640369946275,36604.19765794746,88053.08041227068,29373.84650425296,117426.92691652363,15445.500847281024,3951.328228398231,38020.4577184431,38020.4577184431,3819.0034703044785,41839.46118874758,5690.637508641564,5690.637508641564,0.0,43711.09522708466,0.12711501930746846,0.12714978933350551,0.13262700155272658,0.885845824495821,75804.55483801608,0.0,loss_of_confidence_1000bp,1000.0,True
2051Q2,2051-06-30,2051,2,2051,76683.591625402,35276.22728681466,0.015094632227163673,0.01921496163380243,0.022850408612718587,427.29039000000006,5513.422003609296,1200.1601307099525,3041.8104507512526,768.4948067099289,372.4146090924525,130.54200634570657,6.063659804929099,87.4878550664751,0.0,5606.9735184807,6034.2639084807,0.0,174010.717687145,180044.9815956257,2.347894481457549,0.02228849123746348,0.29247318231366454,0.31476167355112805,179462.21755863106,582.7640369946275,37885.198913097454,91134.58782794961,30401.8142415095,121536.40206945912,15951.007583612354,4089.6089924621515,39104.82651390637,39104.82651390638,3951.328228398231,43056.154742304614,5946.776053414224,5946.776053414224,0.0,45051.6025673206,0.12865465298691098,0.1288880039805712,0.13269753611172833,0.9010642795980816,81411.52835649677,0.0,loss_of_confidence_1000bp,1000.0,True
2051Q3,2051-09-30,2051,3,2051,77338.46109533364,35408.60074658251,0.015094632227163673,0.01921496163380243,0.022850408612718587,427.29039000000006,5774.361887511707,1242.1609593631829,3195.8163759944923,810.7549151977257,390.51917986784,135.11045708846837,6.063659804929099,90.35119375134946,0.0,5870.776741067985,6298.067131067985,0.0,180044.9815956257,186343.04872669367,2.40944862475337,0.022099761694160808,0.3036407323301244,0.32574049402428523,185760.28468969904,582.7640369946275,39222.40950180824,94351.30937983766,31474.888399388874,125826.19777922654,16477.720000322024,4233.9574083422285,40527.089108812324,40527.08910881233,4089.6089924621515,44616.69810127448,6207.715937316636,6207.715937316636,0.0,46734.80504612897,0.13017709722701953,0.13042911141513583,0.13266332513623774,0.916113061910331,87282.30509756475,0.0,loss_of_confidence_1000bp,1000.0,True
2051Q4,2051-12-31,2051,4,2052,77998.92307878163,35541.47093556997,0.015094632227163673,0.01921496163380243,0.022850408612718587,450.937025,6047.753353877719,1286.0047515405377,3355.4184795163765,854.6018760069434,411.84887893575444,139.8793678781064,6.070944355391532,93.33464764063663,0.0,6147.158945873747,6598.095970873747,0.0,186343.04872669367,192941.14469756742,2.473638571941437,0.023125294924625454,0.3152432727649279,0.33836856768955337,192358.3806605728,582.7640369946275,40623.60694806632,97721.95425947059,32599.310223714805,130321.2644831854,17028.296189734137,4385.213039586942,41584.662286598614,41584.662286598614,4233.9574083422285,45818.61969494084,6504.7613232331105,6504.7613232331105,0.0,48089.42360983173,0.1314575762356894,0.13195359822387978,0.13264447548184707,0.9287496035424865,93429.4640434385,0.0,loss_of_confidence_1000bp,1000.0,True
2052Q1,2052-03-31,2052,1,2052,78692.32302586119,35673.56761268758,0.014949853670766178,0.020776005458570612,0.022850408612718587,450.937025,6324.171839566434,1331.9465128097247,3515.547304484452,900.3298502629584,431.4716962139481,144.8764757953536,6.070944355391532,96.45327295027286,0.0,6426.696056872098,6877.633081872098,0.0,192941.14469756742,199818.77777943952,2.539241060576795,0.022921525641163523,0.32667461372363094,0.34959613936479444,199236.0137424449,582.7640369946275,42084.34798970002,101235.8339954071,33771.514120665815,135007.3481160729,17601.421389106417,4542.896247565519,43266.114790624604,43266.1147906246,4385.213039586942,47651.327830211536,6781.1798089218255,6781.1798089218255,0.0,50047.294599546425,0.13198483375552378,0.13323640360786404,0.13258565891085977,0.9338656708553839,99856.16010031059,0.0,loss_of_confidence_1000bp,1000.0,True
2052Q2,2052-06-30,2052,2,2052,79391.88720531258,35806.15525238063,0.014949853670766178,0.020776005458570612,0.02253572169058371,450.937025,6576.572945137145,1379.8405597122899,3641.959127984768,947.5319334226274,457.15538923851653,150.08593477894584,6.070944355391532,98.33799764679993,0.0,6680.981887139336,7131.9189121393365,0.0,199818.77777943952,206950.69669157884,2.606698290927269,0.02271955187732709,0.3366077881414701,0.3593273400187972,206367.9326545842,582.7640369946275,43599.45901771512,104880.50323334531,34987.348413489155,139867.85164683446,18194.173435433255,4706.4485546013675,44853.95186386427,44853.95186386426,4542.896247565519,49396.84811142978,7033.580914492537,7033.580914492537,0.0,51887.5327783568,0.1323857873550915,0.13374082178630523,0.13269708578960174,0.9377789948374182,106537.14198744993,-2.9103830456733704e-11,loss_of_confidence_1000bp,1000.0,True
2052Q3,2052-09-30,2052,3,2052,80097.67041633344,35939.23567940548,0.014949853670766178,0.020776005458570612,0.02253572169058371,450.937025,6832.70437112304,1429.5172625433347,3773.0761038195956,996.0203361942799,478.60137444318934,155.4892941226427,6.070944355391532,101.64966481550373,0.0,6940.424980293935,7391.362005293935,0.0,206950.69669157884,214342.0586968728,2.676008647726718,0.022519357811836952,0.3465980942626092,0.36911745207444613,213759.29465987816,582.7640369946275,45169.74358433739,108657.89495510915,36247.457930408054,144905.3528855172,18808.24148794975,4875.9567020737795,46509.36691298683,46509.36691298683,4706.4485546013675,51215.815467588196,7289.7123404784315,7289.7123404784315,0.0,53799.07925346526,0.1328015395850761,0.134146443404099,0.13266896476714435,0.9418616166614122,113477.56696774386,2.9103830456733704e-11,loss_of_confidence_1000bp,1000.0,True
2052Q4,2052-12-31,2052,4,2053,80809.72794527891,36072.810725300544,0.014949853670767954,0.020776005458570612,0.022535721690584598,462.968345,7099.684336831104,1481.0029677714624,3908.96777101005,1045.828649089445,502.79552941538367,161.08941954476253,6.072401265484019,105.08042312578357,0.0,7210.837161222371,7673.805506222371,0.0,214342.0586968728,222015.86420309515,2.7473903185695088,0.02291646596377622,0.35692916407812975,0.379845630041906,221433.1001661005,582.7640369946275,46800.130577936296,112579.86582828617,37555.79796670732,150135.66379499348,19445.353042468272,5051.952750702425,48078.688071040066,48078.68807104007,4875.9567020737795,52954.644773113854,7568.725083096588,7568.725083096588,0.0,55647.41315413666,0.13315730164886633,0.1345669105739083,0.132697572483636,0.9453604615891654,120688.40412896623,0.0,loss_of_confidence_1000bp,1000.0,True
2053Q1,2053-03-31,2053,1,2053,81510.32967410152,36206.52904885904,0.014910252990658845,0.01992533565251664,0.02253572169058371,462.968345,7374.277789890912,1534.4592813240865,4050.0606731725943,1097.418956284016,525.4349901088827,166.9038890013314,6.072401265484019,108.63992398448677,0.0,7488.990115140882,7951.958460140882,0.0,222015.86420309515,229967.82266323603,2.821333487212042,0.0227194931906698,0.36751121704862283,0.3902307102392927,229385.0586262414,582.7640369946275,48489.66803472166,116644.12586021083,38911.60459802749,155555.7304582383,20105.32619481699,5234.333938464443,49994.31740558197,49994.31740558196,5051.952750702425,55046.27015628439,7843.318536156396,7843.318536156396,0.0,57837.63594173836,0.13358528763798708,0.1349271168890908,0.13264315409712646,0.9495819159117851,128177.39424410711,0.0,loss_of_confidence_1000bp,1000.0,True
2053Q2,2053-06-30,2053,2,2053,82217.00545854727,36340.74305295076,0.014910252990658845,0.01992533565251664,0.022725734639350792,462.968345,7663.720055102436,1589.8549906884366,4196.272427821083,1150.799073387617,553.864255713283,172.92930749201906,6.072401265484019,113.26632324718409,0.0,7783.058779615104,8246.027124615104,0.0,229967.82266323603,238213.84978785116,2.897379300781703,0.022524213447955,0.37865931682657644,0.40118353027453146,237631.08575085652,582.7640369946275,50241.55455286381,120858.36942584328,40317.44461008427,161175.81403592756,20790.271616326267,5423.445545738872,51571.300479351565,51571.30047935157,5234.333938464443,56805.634417816014,8132.76080136792,8132.76080136792,0.0,59704.06128071949,0.13390658504227862,0.13537648336154548,0.13269313938447408,0.9527437382525292,135960.45302372222,2.9103830456733704e-11,loss_of_confidence_1000bp,1000.0,True
2053Q3,2053-09-30,2053,3,2053,82929.80795927937,36475.45457501416,0.014910252990657957,0.01992533565251664,0.022725734639350792,462.968345,7958.3302216098045,1647.2949699020223,4347.879840094711,1205.9039157732445,578.0744136224843,179.17708221734807,6.072401265484019,117.12506439704663,0.0,8081.527687272335,8544.496032272335,0.0,238213.84978785116,246758.34582012348,2.9755084678513675,0.02233061218361095,0.3898008634598826,0.4121314756434935,246175.58178312884,582.7640369946275,52056.903355391,125225.27443436053,41774.21133327279,166999.4857676333,21499.78491803932,5619.4077420652075,53497.0475297865,53497.0475297865,5423.445545738872,58920.49307552537,8427.37096787529,8427.37096787529,0.0,61924.41849766178,0.1342539218237316,0.1357020625705784,0.13266667484921293,0.9561828511295678,144041.98071099457,-2.9103830456733704e-11,loss_of_confidence_1000bp,1000.0,True
2053Q4,2053-12-31,2053,4,2054,83648.79029351693,36610.66545929893,0.014910252990658845,0.01992533565251664,0.022725734639350792,486.19494,8265.901108980488,1706.8157187648826,4504.9792477761175,1263.0054531608034,605.4495060002079,185.65118327847927,6.073858175576505,121.12221232696814,0.0,8393.097179483033,8879.292119483032,0.0,246758.34582012348,255637.6379396065,3.056082903800455,0.023249347099652283,0.4013493632140919,0.4245987103137442,255054.87390261187,582.7640369946275,53943.509903731174,129763.59322663832,43288.16040771264,173051.75363435096,22236.548337237513,5823.062027292217,56058.29765508194,56058.29765508193,5619.4077420652075,61677.70539714714,8758.169907156063,8758.169907156063,0.0,64816.467562237995,0.13454402673338778,0.13605371119810067,0.13281983296100683,0.9590516313563058,152435.0778904776,0.0,loss_of_confidence_1000bp,1000.0,True
2054Q1,2054-03-31,2054,1,2054,84369.542566907,36745.64217675034,0.0148290126082804,0.01979116344579368,0.022725734639350792,486.19494,8582.564081654094,1768.6728309685861,4668.245266328312,1321.9593176052233,631.3072550253106,192.3794117266666,6.073858175576505,125.27287781664867,0.0,8713.91081764632,9200.105757646319,0.0,255637.6379396065,264837.7436972528,3.139020737101074,0.02305073253725116,0.4131306418183309,0.4361813743555821,264254.9796602582,582.7640369946275,55898.32915451901,134466.00081085984,44856.84827113132,179322.84908199115,22999.721726864078,6034.079696883924,58302.92323837757,58302.92323837757,5823.062027292217,64125.985265669784,9074.83287982967,9074.83287982967,0.0,67377.75611820724,0.13489718311789994,0.13634785374921904,0.13277835519426542,0.9625567074662126,161148.9887081239,0.0,loss_of_confidence_1000bp,1000.0,True
2054Q2,2054-06-30,2054,2,2054,85096.5051373949,36881.116528266175,0.014829012608279513,0.01979116344579479,0.022859099804621197,486.19494,8915.548685881651,1832.7664671537923,4837.414379170681,1383.0319460477876,662.9849855235869,199.3509079858026,6.073858175576505,130.32631566846996,0.0,9051.948859725697,9538.143799725696,0.0,264837.7436972528,274375.8874969785,3.2242909042383987,0.022853814699675415,0.42549098086275694,0.4483447955624323,273793.1234599839,582.7640369946275,57924.87696749412,139340.95474927695,46483.09630279487,185824.05105207182,23791.355161634783,6252.840278783161,60212.575660622075,60212.575660622075,6034.079696883924,66246.655357506,9407.817484057226,9407.817484057226,0.0,69620.3931446793,0.1351625101139287,0.13671690044412038,0.13282594126365413,0.9651809851738551,170200.9375678496,0.0,loss_of_confidence_1000bp,1000.0,True
2054Q3,2054-09-30,2054,3,2054,85829.73151544666,37017.090348530735,0.014829012608281289,0.019791163445792792,0.022859099804621197,486.19494,9255.532786572832,1899.2119035717137,5012.790847105235,1446.3261998255164,690.6256253600703,206.57821071029866,6.073858175576505,134.81205119774572,0.0,9396.418695946153,9882.613635946152,0.0,274375.8874969785,284258.50113292463,3.31188850429722,0.022658579092141286,0.4379097326783595,0.4605683117705007,283675.73709593003,582.7640369946275,60024.66111151728,144392.08204920669,48168.11444511191,192560.1964943186,24611.37295736512,6479.506532729047,62468.92389775585,62468.92389775584,6252.840278783161,68721.764176539,9747.801584748408,9747.801584748408,0.0,72216.72548250425,0.13545345749615134,0.13698607092140527,0.13279990971302055,0.9680559153408868,179597.35626379578,-5.820766091346741e-11,loss_of_confidence_1000bp,1000.0,True
2054Q4,2054-12-31,2054,4,2055,86569.27567259641,37153.565478992416,0.014829012608279513,0.01979116344579368,0.022859099804622085,508.6235875,9610.282376778565,1968.058576193873,5194.505151720207,1511.755500719628,721.8964510698211,214.0666970750359,6.0767719957614785,139.45862472456432,0.0,9755.817773498891,10264.441360998891,0.0,284258.50113292463,294522.94249392353,3.4021648004518887,0.023501344260917975,0.4507750676069064,0.4742764118678244,293940.17845692893,582.7640369946275,62205.69424224916,149638.65752223757,49918.332630508994,199556.99015274656,25462.550657808588,6714.9434041246295,64562.35937741128,64562.35937741128,6479.506532729047,71041.86591014033,10124.982736274327,10124.982736274327,0.0,74687.3421136856,0.1356909183305415,0.1372809289378035,0.13281949087836095,0.9704087217569234,189353.17403729467,0.0,loss_of_confidence_1000bp,1000.0,True
