quarter,quarter_end,calendar_year,calendar_quarter,fiscal_year,nominal_gdp_billions_saar,real_gdp_billions_chained_saar,annual_real_gdp_growth_rate,annual_inflation_rate,annual_tips_reference_inflation_rate,primary_deficit_billions,marketable_interest_excluding_tips_inflation_billions,bills_interest_cost_billions,notes_interest_cost_billions,bonds_interest_cost_billions,tips_real_interest_cost_billions,frns_interest_cost_billions,other_public_debt_interest_billions,tips_inflation_compensation_billions,tips_deflation_floor_cost_billions,modeled_debt_interest_cost_billions,modeled_total_deficit_billions,other_financing_adjustment_billions,beginning_debt_held_by_public_billions,debt_held_by_public_billions,debt_held_by_public_gdp_ratio,primary_deficit_gdp_ratio_annualized,modeled_interest_gdp_ratio_annualized,modeled_total_deficit_gdp_ratio_annualized,marketable_debt_billions,other_public_debt_billions,bills_outstanding_billions,notes_outstanding_billions,bonds_outstanding_billions,nominal_fixed_rate_debt_outstanding_billions,tips_outstanding_billions,frns_outstanding_billions,principal_maturing_billions,principal_refinanced_billions,frn_principal_reset_billions,principal_repriced_or_reset_billions,net_new_borrowing_requirement_billions,genuinely_new_borrowing_billions,debt_repayment_billions,gross_treasury_issuance_billions,average_effective_marketable_rate_excluding_tips_inflation,average_effective_debt_cost_rate_including_tips_inflation,average_new_issuance_stated_rate,share_marketable_debt_repriced_since_scenario_start,cumulative_modeled_interest_billions,debt_identity_residual_billions,scenario
2026Q4,2026-12-31,2026,4,2027,32813.516450759125,24573.2,0.01902398695529306,0.02374108660242924,0.02771554138299126,194.872,253.59837549789904,55.91196830625741,138.7066086465815,45.90202768161394,6.830451248587104,6.247319614859042,4.968063415379199,15.669722733652822,0.0,274.23616164693107,469.1081616469311,5.538,32215.665354410852,32690.311516057784,0.996245299253854,0.023755088887523573,0.0334296584224318,0.057184747309955375,32107.547479063156,582.7640369946275,6898.743123166559,16595.24376532521,5536.048719487986,22131.292484813195,2332.8104382651377,744.7014328182587,7665.516018009889,7665.51601800989,734.0288243174178,8399.544842327308,458.9764389132783,458.9764389132783,0.0,8124.492456923168,0.03242722436592475,0.034050038530013926,0.033830045581091525,0.273207434301952,274.23616164693107,0.0,long_term_baseline
2027Q1,2027-03-31,2027,1,2027,33147.220203151985,24680.599999999995,0.017597408546793147,0.023296209984862815,0.026152401325720165,194.872,260.31127901663695,56.535199894349944,143.40677427048297,46.66884903955689,7.411776979595989,6.288678832651108,4.968063415379199,15.104810271309676,0.0,280.38415270332587,475.2561527033259,5.538,32690.311516057784,33171.10566876111,1.0007205872909626,0.023515938749092396,0.033835012527133605,0.057350951276226,32588.34163176648,582.7640369946275,6999.057751934678,16836.555216978573,5616.548407941779,22453.103624920353,2380.6501180173027,755.5301368941339,7818.45707685363,7818.4570768536305,744.7014328182587,8563.15850967189,465.6893424320162,465.6893424320162,0.0,8284.146419285647,0.03274957978431627,0.03430792056730308,0.03368771382636251,0.3089280360240285,554.6203143502569,0.0,long_term_baseline
2027Q2,2027-06-30,2027,2,2027,33480.81936295423,24789.999999999996,0.01784876327045648,0.022616048740021766,0.02507028033791192,194.872,266.8386349235212,57.11231125578679,148.1810139507879,47.461975490152746,7.725799475387829,6.357534751405928,4.968063415379199,14.782631606632997,0.0,286.58932994553345,481.46132994553346,5.538,33171.10566876111,33658.104998706636,1.005295140296016,0.023281628551256005,0.03423922537124501,0.05752085392250102,33075.34096171201,582.7640369946275,7100.778445271973,17081.24902159954,5698.1764239501335,22779.42544554967,2428.62644889581,766.5106219945532,7901.268255122974,7901.268255122973,755.5301368941339,8656.798392017106,472.21669833890047,472.21669833890047,0.0,8373.484953461873,0.033069696559558555,0.03455891194069288,0.033687661368326086,0.3433082227264961,841.2096442957903,-7.275957614183426e-12,long_term_baseline
2027Q3,2027-09-30,2027,3,2027,33819.64204625321,24903.499999999993,0.01843999428756682,0.022248000239960097,0.024382592342289344,194.872,273.4775029553267,57.72932876006114,152.8758790192545,48.328865020161466,8.126248097579449,6.417182058270145,4.968063415379199,14.670585287046285,0.0,293.1161516577522,487.9881516577522,5.538,33658.104998706636,34151.631150364396,1.0098164582480542,0.023048381142944635,0.034668155417715396,0.05771653656066004,33568.867113369764,582.7640369946275,7203.929224122012,17329.382962672247,5780.952043649513,23110.33500632176,2476.9574018078993,777.6454811180921,8037.825029793427,8037.825029793427,766.5106219945532,8804.33565178798,478.85556637070596,478.85556637070596,0.0,8516.680596164133,0.03343936643839879,0.03483454005138027,0.03363811794499859,0.37786678514028094,1134.3257959535426,7.275957614183426e-12,long_term_baseline
2027Q4,2027-12-31,2027,4,2028,34158.5183188548,25016.899999999994,0.01833909570101455,0.021945305341696475,0.024162847358085493,215.4585,280.66536432293407,58.387846361508906,158.14773727280496,49.161424920357696,8.486680683143282,6.481675085119298,5.137064986107641,14.828888675230425,0.0,300.63131798427213,516.0898179842721,2.14175,34151.631150364396,34669.86271834867,1.0149697476547632,0.025230426915920565,0.035204257418663246,0.060434684334583814,34087.09868135404,582.7640369946275,7312.3677222676615,17590.236755623275,5867.970910432145,23458.20766605542,2527.1721572015626,789.3511358293897,7937.40636201969,7937.40636201969,777.6454811180921,8715.051843137782,503.40267930904173,503.40267930904173,0.0,8440.809041328732,0.03373662156122221,0.03521135686440727,0.03337959989297992,0.40586600352572744,1434.9571139378147,0.0,long_term_baseline
2028Q1,2028-03-31,2028,1,2028,34499.59871590287,25131.59999999999,0.018466116274653555,0.0216767083117837,0.023850744937782276,215.4585,287.53125850548395,59.12049303453405,163.14286721490578,49.997159553107,8.707284008515929,6.563454694421373,5.137064986107641,14.935804340339798,0.0,307.6041278319314,523.0626278319314,2.14175,34669.86271834867,35195.0670961806,1.0201587382509802,0.024980986216594184,0.0356646615359197,0.06064564775251389,34612.30305918597,582.7640369946275,7422.285209866853,17854.648325704093,5956.176624952724,23810.824950656817,2577.9764550448845,801.2164436174157,8117.836230000904,8117.836230000904,789.3511358293897,8907.187365830294,510.26857349159155,510.26857349159155,0.0,8628.104803492495,0.03405206613831439,0.035489512067682354,0.03328695823761664,0.4350569288767547,1742.5612417697462,0.0,long_term_baseline
2028Q2,2028-06-30,2028,2,2028,34836.751701773224,25242.599999999988,0.017784392025415263,0.02150065998978512,0.023590801926968608,215.4585,294.6936241022778,59.86073021757616,168.2026013866305,50.94316584134021,9.039033215815342,6.6480934409154875,5.137064986107641,15.071450300540866,0.0,314.9021393889263,530.3606393889263,2.14175,35195.0670961806,35727.56948556952,1.0255712068513825,0.024739218150357335,0.03615746290982663,0.06089668106018397,35144.805448574894,582.7640369946275,7533.745550137294,18122.77129882112,6045.620435660179,24168.3917344813,2629.4198656053645,813.2482983509353,8239.472850829226,8239.472850829226,801.2164436174157,9040.689294446642,517.4309390883853,517.4309390883853,0.0,8756.903789917611,0.034340738124234924,0.03578934951632466,0.033230591206071684,0.4637257778046567,2057.4633811586723,-1.4551915228366852e-11,long_term_baseline
2028Q3,2028-09-30,2028,3,2028,35168.71769035311,25350.699999999986,0.01724012308766243,0.02106182624872388,0.023346411992499982,215.4585,301.7647701156699,60.62781731472968,173.4004739328124,51.90468680644536,9.096063030590862,6.7357290310916245,5.137064986107641,15.214320358753913,0.0,322.11615546053144,537.5746554605314,2.14175,35727.56948556952,36267.28589103006,1.031237084341528,0.024505698717482777,0.036636667654094075,0.06114236637157685,35684.521854035425,582.7640369946275,7646.72909337303,18394.558406703254,6136.286574214171,24530.844980917427,2681.5032008498306,825.4445788951392,8318.464824475584,8318.464824475584,813.2482983509353,9131.71312282652,524.5020851017774,524.5020851017774,0.0,8842.966909577362,0.03462711807773135,0.03606359571597897,0.03323286533680406,0.49074830473330383,2379.5795366192037,7.275957614183426e-12,long_term_baseline
2028Q4,2028-12-31,2028,4,2029,35502.9460537084,25460.399999999983,0.01742186418178404,0.020775810233577552,0.02309377715644856,173.80475,308.956314157713,61.42235144251887,178.44756356328975,52.84347574023483,9.416496744206636,6.826426667462803,5.268186894431433,15.349214844932058,0.0,329.5737158970765,503.3784658970765,-2.42575,36267.28589103006,36768.23860692713,1.0356390861565294,0.019582008742268366,0.0371319850919979,0.056713993834266264,36185.47456993251,582.7640369946275,7751.333451896988,18646.1890005126,6220.2286510128815,24866.41765152548,2730.987118334451,836.7363481755804,8244.076738621992,8244.076738621994,825.4445788951392,9069.521317517134,485.60350105214445,485.60350105214445,0.0,8729.680239674139,0.03483344025259421,0.03634942155719346,0.03295359219110845,0.5113197301294943,2709.15325251628,0.0,long_term_baseline
2029Q1,2029-03-31,2029,1,2029,35840.4078533226,25572.199999999983,0.017680562926939647,0.020522825130940392,0.02297286568423096,173.80475,315.1599190974638,62.165694284213835,182.783965402459,53.72209313197324,9.578815883757908,6.9093503950598345,5.268186894431433,15.551312167697551,0.0,335.9794181595928,509.7841681595928,-2.42575,36768.23860692713,37275.597025086725,1.040043885037181,0.01939763082064228,0.037497276206743355,0.05689490702738564,36692.8329880921,582.7640369946275,7857.274135455367,18901.034185632278,6305.243091336882,25206.27727696916,2781.109205388956,848.1723702786121,8387.02544459727,8387.02544459727,836.7363481755804,9223.76179277285,491.80710599189524,491.80710599189524,0.0,8878.832550589164,0.03502427810972454,0.036551048501550394,0.032872924104032926,0.5323506860406007,3045.1326706758728,7.275957614183426e-12,long_term_baseline
2029Q2,2029-06-30,2029,2,2029,36178.04858394721,25682.99999999998,0.01744428695602207,0.020418069374665837,0.022841686194156274,173.80475,321.33001155023743,62.91712263965866,186.92872467703955,54.61278917208582,9.878193868506312,6.993181192947158,5.268186894431433,15.747057075605499,0.0,342.34525552027435,516.1500055202744,-2.42575,37275.597025086725,37789.32128060699,1.0445373025833884,0.019216597556024072,0.03785115769590497,0.057067755251929045,37206.55724361237,582.7640369946275,7964.5439250882655,19159.076596522333,6391.324102172428,25550.40069869476,2831.860753893111,859.7518659362305,8487.592723929645,8487.592723929643,848.1723702786121,9335.765094208255,497.9771984446689,497.9771984446689,0.0,8985.569922374312,0.03510954244291749,0.03673666235739953,0.032773012317655954,0.5528128615891058,3387.477926196147,-7.275957614183426e-12,long_term_baseline
2029Q3,2029-09-30,2029,3,2029,36519.26990879109,25795.399999999983,0.017620997896754975,0.020285549943514614,0.02275805762511629,173.80475,326.62268538340226,63.67652868108068,190.52118947393177,55.54397050679934,9.800940105605696,7.080056615984836,5.268186894431433,15.976206467335123,0.0,347.86707874516884,521.6718287451688,-2.42575,37789.32128060699,38308.567359352164,1.0489959808898137,0.019037045421125567,0.038102303755139275,0.057139349176264835,37725.80332235754,582.7640369946275,8072.953815132291,19419.861571369598,6478.320011752342,25898.18158312194,2883.213491626174,871.454432477134,8560.998543074289,8560.998543074289,859.7518659362305,9420.75040901052,503.2698722778337,503.2698722778337,0.0,9064.268415352122,0.03529068228896329,0.03682173343755606,0.0327976487527179,0.5718917345599126,3735.345004941316,7.275957614183426e-12,long_term_baseline
2029Q4,2029-12-31,2029,4,2030,36865.49983791807,25910.199999999983,0.017920813193843088,0.020183196343088072,0.022686563355431177,192.2015,332.8929965122523,64.46253621383114,194.59778355322345,56.43534456629354,10.227440835698735,7.169891343205619,5.3789120614604125,16.215245526594412,0.0,354.4871541003071,546.6886541003071,-5.94,38308.567359352164,38849.31601345248,1.0538122684964644,0.020854349008696836,0.038462753051914274,0.05931710206061111,38266.55197645785,582.7640369946275,8185.9441057899085,19691.66491048529,6568.991564923981,26260.656475409272,2936.2999538706285,883.6514413880349,8639.477700918402,8639.477700918402,871.454432477134,9510.932133395536,524.5334085737127,524.5334085737127,0.0,9164.011109492114,0.03539385585438404,0.03701387742068795,0.03274895964436569,0.5898729833429391,4089.832159041623,1.4551915228366852e-11,long_term_baseline
2030Q1,2030-03-31,2030,1,2030,37214.787548312044,26025.99999999998,0.017997333864965714,0.02008187040489151,0.022638322874940497,192.2015,338.64957264314876,65.303369103939,198.2377256742229,57.41799752379118,10.429074621589582,7.261405719606153,5.3789120614604125,16.478982834660115,0.0,360.50746753926927,552.7089675392692,-5.94,38849.31601345248,39396.08498099174,1.0586137279394099,0.020658615852688668,0.038748840586152515,0.059407456438841176,38813.32094399712,582.7640369946275,8300.174426538251,19966.451198996918,6660.658207617484,26627.1094066144,2990.054802512427,895.9823083320317,8772.896782438605,8772.896782438605,883.6514413880349,9656.54822382664,530.2899847046091,530.2899847046091,0.0,9303.186767143214,0.035543904166776275,0.037118539478474745,0.032712444914313785,0.6077876474209483,4450.339626580892,-7.275957614183426e-12,long_term_baseline
2030Q2,2030-06-30,2030,2,2030,37564.73739844506,26141.29999999998,0.017838848225115722,0.01995316485744958,0.022612820884429397,192.2015,344.9504698781064,66.13163974344332,202.15810083666332,58.41212226380222,10.890352327020773,7.358254707176812,5.3789120614604125,16.761917727192944,0.0,367.09129966675977,559.2927996667597,-5.94,39396.08498099174,39949.43778065851,1.0634824185490557,0.020466161971142215,0.03908892488964451,0.05955508686078672,39366.67374366388,582.7640369946275,8415.762030156178,20244.502493854936,6753.41403191378,26997.916525768716,3044.535497296396,908.4596904425849,8941.648434817656,8941.648434817656,895.9823083320317,9837.630743149688,536.5908819395668,536.5908819395668,0.0,9478.239316757223,0.03570805231425164,0.03727185580433975,0.032743076232891376,0.626557543191435,4817.430926247652,1.4551915228366852e-11,long_term_baseline
2030Q3,2030-09-30,2030,3,2030,37917.82965732295,26257.099999999977,0.017837173553037378,0.019938881222312688,0.022609552821165613,192.2015,351.48202524486857,67.01050516511857,206.54632208431295,59.343002443329155,11.12828379202657,7.453911760081408,5.3789120614604125,17.064884430108336,0.0,373.92582173643734,566.1273217364374,-5.94,39949.43778065851,40509.625102394944,1.068352948164359,0.020275580299504905,0.03944590975968185,0.059721490059186755,39926.86106540031,582.7640369946275,8532.75660295333,20525.9383177616,6847.29890968894,27373.23722745054,3099.7782837684467,921.0889512279912,9057.698282050664,9057.698282050664,908.4596904425849,9966.157972493249,543.122437306329,543.122437306329,0.0,9600.820719356992,0.03592729248282809,0.03743990829502719,0.0327086673499954,0.6448840237031779,5191.356747984089,0.0,long_term_baseline
2030Q4,2030-12-31,2030,4,2031,38272.713722319015,26372.999999999978,0.01777342391157455,0.019839987430776862,0.02260563078501021,184.328,358.6769749279593,67.87807877649375,211.11631894805117,60.362592215967396,11.767055587377271,7.5529294000695275,5.499835599136797,17.371536194901743,0.0,381.54834672199786,565.8763467219978,-9.2495,40509.625102394944,41066.25194911694,1.0729903358059727,0.019264690906148917,0.03987680094913104,0.059141491855279955,40483.48791212231,582.7640369946275,8648.9181539226,20805.370269361567,6940.515310708085,27745.88558006965,3155.0558886630856,933.6282894669688,8891.112071650277,8891.112071650276,921.0889512279912,9812.201022878267,539.2553105270961,539.2553105270961,0.0,9430.367382177372,0.03606179736556742,0.03767483364830652,0.032525077829539915,0.6557342799385434,5572.905094706088,-7.275957614183426e-12,long_term_baseline
2031Q1,2031-03-31,2031,1,2031,38631.20724469732,26489.69999999998,0.01781775002184327,0.01982598390139856,0.02258993228072148,184.328,365.04132770943073,68.75889932368467,215.25390008629537,61.37538841304041,11.999721983505005,7.653417902905477,5.499835599136797,17.66914202716621,0.0,388.2103053357338,572.5383053357338,-9.2495,41066.25194911694,41629.54075445267,1.0776142845022507,0.019085916609587875,0.04019654916572882,0.05928246577531669,41046.776717458044,582.7640369946275,8766.450656787158,21088.10010877771,7034.8318623414625,28122.931971119175,3211.0784711433207,946.3156184083858,9104.874220919326,9104.874220919324,933.6282894669688,10038.502510386294,545.6196633085675,545.6196633085675,0.0,9650.493884227892,0.03622517129563148,0.03781307393883864,0.032454475780835386,0.6686168001418863,5961.115400041822,-7.275957614183426e-12,long_term_baseline
2031Q2,2031-06-30,2031,2,2031,38992.312000821,26606.499999999975,0.017754036595319045,0.019811706497828263,0.02259593162071094,184.328,371.79485952377104,69.67136659481594,219.39406673328338,62.354194502999576,12.624906777907418,7.750324914764679,5.499835599136797,17.987619271319204,0.0,395.28231439422706,579.6103143942271,-9.2495,41629.54075445267,42199.90156884689,1.08226210253853,0.018909163426484573,0.04054976933769962,0.059458932764184194,41617.13753185227,582.7640369946275,8885.437945009893,21374.329501259417,7130.315838602121,28504.645339861538,3267.8942593236407,959.1599876571943,9161.00759303633,9161.00759303633,946.3156184083858,10107.323211444715,552.3731951229078,552.3731951229078,0.0,9713.380788159237,0.036338203938366266,0.037980944034502515,0.032520945440814214,0.6797879901456688,6356.397714436049,0.0,long_term_baseline
2031Q3,2031-09-30,2031,3,2031,39355.30429460343,26722.899999999972,0.017614655473791707,0.019797160110517797,0.022579104221777335,184.328,378.12544461093876,70.55037728337855,223.47950868692098,63.3928214547749,12.866400086705209,7.836337099159278,5.499835599136797,18.292367255338057,0.0,401.9176474654136,586.2456474654136,-9.2495,42199.90156884689,42776.897716312305,1.0869410993775002,0.018734755408843413,0.04085016286056528,0.0595849182694087,42194.13367931768,582.7640369946275,9005.788911193536,21663.83928377372,7226.894128347787,28890.733412121506,3325.459793596554,972.151562406086,9341.205223320374,9341.205223320374,959.1599876571943,10300.365210977568,558.7037802100755,558.7037802100755,0.0,9899.909003530449,0.03650154149675535,0.038096548335280485,0.032340647732791855,0.6921490226467863,6758.315361901462,-7.275957614183426e-12,long_term_baseline
2031Q4,2031-12-31,2031,4,2032,39720.68513087373,26839.599999999966,0.017582923791722438,0.019727225080271582,0.0225727995952707,192.24275,385.09619523571445,71.32584817665281,227.8381677110595,64.44359324720774,13.563120488278805,7.925465612515615,5.6120176762582625,18.60944171624964,0.0,409.3176546282224,601.5604046282224,-11.316,42776.897716312305,43367.14212094054,1.0918024696213642,0.019359459623275763,0.04121959661869696,0.060579056241972726,42784.37808394591,582.7640369946275,9128.925396980225,21960.049761762588,7325.7077197935205,29285.75748155611,3384.2513786358486,985.4438267737236,9399.041676673247,9399.041676673245,972.151562406086,10371.193239079332,571.6349629119726,571.6349629119726,0.0,9970.676639585217,0.036604605568437136,0.03827464603372913,0.032374091811304344,0.7027715269054535,7167.633016529684,7.275957614183426e-12,long_term_baseline
2032Q1,2032-03-31,2032,1,2032,40089.031498890115,26956.799999999967,0.017581469158450158,0.01968526656714742,0.02257678241908323,192.24275,391.5884365374138,72.14133294963622,232.0930607606108,65.51917919009456,13.81581449670112,8.01904914037115,5.6120176762582625,18.941756179157295,0.0,416.14221039282944,608.3849603928295,-11.316,43367.14212094054,43964.21108133337,1.096664335294569,0.01918158087758467,0.0415218023318274,0.06070338320941208,43381.44704433874,582.7640369946275,9253.460383262225,22259.624396991592,7425.643568835754,29685.26796582735,3443.8316396054165,998.8870556437441,9597.272267685054,9597.272267685054,985.4438267737236,10582.716094458778,578.127204213672,578.127204213672,0.0,10175.399471898725,0.03671816585815356,0.03838318044867322,0.0322148941492938,0.7147342273833893,7583.775226922514,0.0,long_term_baseline
2032Q2,2032-06-30,2032,2,2032,40460.63202228239,27074.499999999967,0.017579698909776065,0.01967074272996472,0.02256916678199805,192.24275,398.2870860121586,72.98666877298058,236.15154562664335,66.60748058616448,14.427930916904021,8.113460109466311,5.6120176762582625,19.26878079452984,0.0,423.16788448294676,615.4106344829468,-11.316,43964.21108133337,44568.305715816314,1.101522726863776,0.019005412460599082,0.04183502464814694,0.060840437108746016,43985.54167882168,582.7640369946275,9379.438332640177,22562.67014629082,7526.737355469951,30089.407501760772,3504.2097957821316,1012.486048638602,9665.493152054001,9665.493152054001,998.8870556437441,10664.380207697744,584.8258536884168,584.8258536884168,0.0,10250.319005742418,0.03676995110376133,0.03850112389826263,0.03223726518601278,0.7250488377388324,8006.9431114054605,-7.275957614183426e-12,long_term_baseline
2032Q3,2032-09-30,2032,3,2032,40836.05204124299,27192.699999999968,0.017577617243731636,0.01971028327301072,0.022571739816290792,192.24275,404.40538258037236,73.83962827370978,240.0023681927564,67.70889739154406,14.643226867902882,8.211261854459064,5.6120176762582625,19.608822788375058,0.0,429.6262230450057,621.8689730450058,-11.316,44568.305715816314,45178.85868886132,1.1063473678413438,0.018830689098529065,0.042083032180593574,0.060913721279122646,44596.09465186669,582.7640369946275,9506.73423068693,22868.886281707993,7628.888759109159,30497.775040817152,3565.3580695875758,1026.2273107750289,9828.84732866728,9828.84732866728,1012.486048638602,10841.333377305882,590.9441502566306,590.9441502566306,0.0,10419.791478923911,0.03682916628612905,0.0385589010975161,0.03209665104529116,0.7359551305630314,8436.569334450467,0.0,long_term_baseline
2032Q4,2032-12-31,2032,4,2033,41216.34791573707,27311.899999999965,0.017649746885700424,0.0197758101815233,0.02257356533731114,249.09275,410.68251003075045,74.72293105319928,243.81590223021706,68.82234769121143,15.008887838844982,8.312441217277733,5.6542680689403735,19.952595843997877,0.0,436.2893739436887,685.3821239436887,-14.7595,45178.85868886132,45849.481312805,1.1124100904461487,0.02417416996860048,0.04234139083216603,0.06651556080076651,45266.71727581038,582.7640369946275,9646.895742604913,23206.051242812937,7741.364458627433,30947.415701440368,3631.0484491947,1041.357382570394,10609.494410914582,10609.494410914582,1026.2273107750289,11635.72172168961,650.6700280996909,650.6700280996909,0.0,11260.164439014272,0.03690757200523714,0.038627746393359357,0.032909040536293004,0.761397367256564,8872.858708394157,-7.275957614183426e-12,long_term_baseline
2033Q1,2033-03-31,2033,1,2033,41600.43694465073,27431.899999999965,0.017690923464234398,0.019759214646802636,0.022564008293708637,249.09275,417.748424055428,75.72813157944856,248.2501446088852,70.04889519445821,15.294068054185129,8.427184618450916,5.6542680689403735,20.311683391433622,0.0,443.71437551580203,692.807125515802,-14.7595,45849.481312805,46527.528938320815,1.1184384673705607,0.02395097439302546,0.04266439567508993,0.06661537006811538,45944.76490132618,582.7640369946275,9788.579330460023,23546.877627564914,7855.06158158361,31401.939209148524,3697.5946032009565,1056.6517585166755,10865.897057496995,10865.897057496997,1041.357382570394,11907.25444006739,657.7359421243684,657.7359421243684,0.0,11523.632999621366,0.03700490038936854,0.03871052520647643,0.03282900936657372,0.7885640782582016,9316.573083909958,1.4551915228366852e-11,long_term_baseline
2033Q2,2033-06-30,2033,2,2033,41988.19529528469,27552.599999999962,0.017716447921211298,0.01974238719039123,0.022564493843014066,249.09275,425.12191306230386,76.76693339913274,252.86479771461472,71.2893308059101,15.660463304435368,8.540387838211029,5.6542680689403735,20.68437660844986,0.0,451.4605577396941,700.5533077396941,-14.7595,46527.528938320815,47213.3227460605,1.1244427728800859,0.02372978864637922,0.04300833170511555,0.06673812035149478,46630.558709065874,582.7640369946275,9931.851249301168,23891.52481553027,7970.033295804365,31861.558111334634,3765.031757755461,1072.1175906746134,10979.171337482625,10979.171337482627,1056.6517585166755,12035.823095999302,665.1094311312443,665.1094311312443,0.0,11644.280768613871,0.0370857010812182,0.03881233910686918,0.03290176334016603,0.8144116185881942,9768.033641649652,-1.4551915228366852e-11,long_term_baseline
2033Q3,2033-09-30,2033,3,2033,42379.52583009044,27674.099999999962,0.017756007302464516,0.019698696995388953,0.022564267205522626,249.09275,432.4151278982493,77.79122491015139,257.46615870158075,72.54395963734409,15.9537548104988,8.66002983867419,5.6542680689403735,21.06141085788498,0.0,459.13080682507467,708.2235568250746,-14.7595,47213.3227460605,47906.786802885574,1.1304229073953125,0.02351066890164575,0.04333515279673858,0.06684582169838432,47324.02276589095,582.7640369946275,10076.69420718515,24239.95121014461,8086.265724988133,32326.216935132743,3833.358611149281,1087.7530124237749,11197.965295432443,11197.965295432443,1072.1175906746134,12270.082886107057,672.4026459671896,672.4026459671896,0.0,11870.367941399632,0.037141509671601736,0.03889841088241431,0.03280694983444911,0.8411220479371659,10227.164448474727,0.0,long_term_baseline
2033Q4,2033-12-31,2033,4,2034,42774.423913041785,27796.199999999968,0.017765412373738743,0.019681678339410258,0.022563340221916306,228.68725,439.5035194057765,78.87532390674176,261.80996209941856,73.81292718295788,16.227139406398464,8.778166810259863,5.687777001067564,21.44275444506103,0.0,466.6340508519051,695.3213008519051,-17.2085,47906.786802885574,48584.89960373749,1.135839951988789,0.021385419517505087,0.043636735054625,0.06502215457213009,48002.13556674286,582.7640369946275,10218.148189327898,24580.22526779895,8199.778595771528,32780.00386357048,3900.9609108157456,1103.0226030287372,11276.614803033754,11276.614803033754,1087.7530124237749,12364.367815457528,656.6700464068442,656.6700464068442,0.0,11933.284849440597,0.037185979214486325,0.038961832507940046,0.0328272673473917,0.845618564311454,10693.798499326631,7.275957614183426e-12,long_term_baseline
2034Q1,2034-03-31,2034,1,2034,43170.439807305294,27917.299999999963,0.01754105922100746,0.019664438509282567,0.022572136924965847,228.68725,446.33802407605197,79.90591884054416,265.9624336811459,75.0527715140895,16.52102274684572,8.895877293426738,5.687777001067564,21.82933963159045,0.0,473.85514070871,702.54239070871,-17.2085,48584.89960373749,49270.23349444619,1.1412956114037247,0.021189244401564014,0.04390551894525979,0.0650947633468238,48687.46945745157,582.7640369946275,10361.074399276487,24924.04083712865,8314.472888259399,33238.51372538805,3969.4302159789354,1118.4511168080908,11519.44785721845,11519.44785721845,1103.0226030287372,12622.470460247188,663.5045510771197,663.5045510771197,0.0,12182.95240829557,0.03722469625295677,0.03901254460324193,0.03274159867022558,0.8515275060116088,11167.653640035342,-7.275957614183426e-12,long_term_baseline
2034Q2,2034-06-30,2034,2,2034,43571.60204462971,28039.99999999996,0.017696739357757174,0.019646981729401825,0.022559374014152977,228.68725,453.18180846025876,80.97179643034549,270.10725348274235,76.30609339525071,16.781949150447073,9.01471600147321,5.687777001067564,22.200031017248385,0.0,481.0696164785747,709.7568664785747,-17.2085,49270.23349444619,49962.78186092478,1.1466822314623337,0.020994155759134974,0.044163592239351,0.06515774799848598,49380.017823930146,582.7640369946275,10505.47483598381,25271.402726706812,8430.350206555628,33701.75293326244,4038.751285140276,1134.038769543618,11642.111018412828,11642.111018412828,1118.4511168080908,12760.56213522092,670.3483354613264,670.3483354613264,0.0,12312.459353874154,0.03725891626155001,0.039055598673613065,0.03283045302211096,0.8561696600490522,11648.723256513917,1.4551915228366852e-11,long_term_baseline
2034Q3,2034-09-30,2034,3,2034,43977.58425017203,28163.69999999996,0.01776333439337474,0.01968155262857385,0.022566712808094413,228.68725,460.0536930454889,82.04775846903357,274.2123504525082,77.57292217752422,17.083144560825186,9.137517385597702,5.687777001067564,22.5950133539232,0.0,488.33648340047966,717.0237334004796,-17.2085,49962.78186092478,50662.59709432525,1.1520095511869108,0.02080034671291481,0.04441685387924139,0.0652172005921562,50079.83305733062,582.7640369946275,10651.355552543588,25622.32549752866,8547.4154080989,34169.740905627565,4108.95038450838,1149.7862146510906,11877.142505721233,11877.142505721231,1134.038769543618,13011.18127526485,677.2202200465565,677.2202200465565,0.0,12554.362725767787,0.03730378441901439,0.03909602029445051,0.03274315722955823,0.8620052531864724,12137.059739914395,-7.275957614183426e-12,long_term_baseline
2034Q4,2034-12-31,2034,4,2035,44387.20338625174,28287.799999999956,0.0177423648279893,0.01968916041410429,0.02257322550837304,189.9905,467.13274474597466,83.16045847648407,278.48934364112586,78.85332281940374,17.37096631548301,9.258653493477908,5.709630652454863,22.9943250622723,0.0,495.8367004607018,685.8272004607018,-17.416,50662.59709432525,51331.00829478595,1.1564370894942424,0.017121195795709594,0.04468285114932739,0.06180404694503698,50748.244257791324,582.7640369946275,10790.385477338838,25956.768373783052,8658.983040549021,34615.75141433207,4177.313231569828,1164.79413455058,11763.68304699446,11763.68304699446,1149.7862146510906,12913.46926164555,645.4168753984295,645.4168753984295,0.0,12409.099922392888,0.037325509499468765,0.03914814706696044,0.032611553476163936,0.8664438934921588,12632.896440375098,0.0,long_term_baseline
2035Q1,2035-03-31,2035,1,2035,44800.92530649948,28412.399999999954,0.017735654711652504,0.019722056747187633,0.02256874260208286,189.9905,473.64640832577754,84.19198268693629,282.3359255892643,80.07415163748921,17.667755628955234,9.376592783132173,5.709630652454863,23.372290273265083,0.0,502.7283292514975,692.7188292514975,-17.416,51331.00829478595,52006.31112403744,1.160831183022299,0.0169630871416343,0.04488553089581517,0.06184861803744947,51423.54708704282,582.7640369946275,10930.818517224754,26294.586507898865,8771.676633679559,35066.26314157843,4246.511911153587,1179.953517086056,12038.743622223179,12038.74362222318,1164.79413455058,13203.537756773761,651.9305389782323,651.9305389782323,0.0,12690.674161201414,0.037341936312490144,0.03917541041581785,0.032555639893990955,0.872212756150289,13135.624769626595,-7.275957614183426e-12,long_term_baseline
2035Q2,2035-06-30,2035,2,2035,45218.33639157957,28537.399999999954,0.017714424126451522,0.01972826196496369,0.022573755489187608,189.9905,480.160351472469,85.26038443435307,286.1999752998175,81.30786474828577,17.896451061262617,9.495675928750034,5.709630652454863,23.764694049647908,0.0,509.6346761745718,699.6251761745718,-17.416,52006.31112403744,52688.520300212025,1.1652025373941783,0.016806500650950927,0.045082125247710304,0.06188862589866124,52105.756263217394,582.7640369946275,11072.65473242313,26635.780044742405,8885.496235816821,35521.27628055923,4316.5608814767365,1195.2643687583052,12114.239973764365,12114.239973764365,1179.953517086056,13294.19349085042,658.4444821249238,658.4444821249238,0.0,12772.684455889288,0.03736516278847409,0.03919791003511629,0.032634062681467964,0.8764660861822213,13645.259445801166,7.275957614183426e-12,long_term_baseline
2035Q3,2035-09-30,2035,3,2035,45639.620134528195,28662.899999999958,0.017707331988727093,0.01973390522034224,0.022567910616891007,189.9905,486.83328894602835,86.33902527606936,290.12368225361274,82.55447394069414,18.20020562899155,9.615901846660563,5.709630652454863,24.15050537362299,0.0,516.6934249721062,706.6839249721062,-17.416,52688.520300212025,53377.78822518412,1.1695493535626886,0.016651365584549604,0.04528463851794481,0.06193600410249441,52795.0241881895,582.7640369946275,11215.928372068365,26980.431372181116,9000.469330934808,35980.90070311593,4387.464726332632,1210.7303866725824,12256.763826173914,12256.763826173912,1195.2643687583052,13452.028194932218,665.1174195984831,665.1174195984831,0.0,12921.881245772394,0.0373890022345888,0.039226261965836756,0.032503730292093996,0.8807995296090116,14161.952870773272,-1.4551915228366852e-11,long_term_baseline
2035Q4,2035-12-31,2035,4,2036,46065.09112612179,28788.899999999954,0.01769999094559438,0.019764486694536787,0.022571471840996393,242.76275,493.5881922398168,87.4281616602729,294.11683561602854,83.81400419771168,18.491891630989606,9.737299134814242,5.7387688543045945,24.55104300793973,0.0,523.8780041020611,766.6407541020611,-16.55475,53377.78822518412,54127.874229286186,1.1750302214987325,0.021079975666201456,0.04549023925017177,0.06657021491637322,53545.110192291555,582.7640369946275,11372.21661757631,27356.389932393293,9125.886283844651,36482.276216237944,4463.016060932345,1227.6012975449667,12145.498565468668,12145.498565468668,1210.7303866725824,13356.22895214125,725.5349610941214,725.5349610941214,0.0,12871.03352656279,0.03740781557768157,0.039258127511165086,0.0322019722593386,0.884154065468625,14685.830874875333,7.275957614183426e-12,long_term_baseline
2036Q1,2036-03-31,2036,1,2036,46494.040876359606,28915.29999999995,0.017678326506116004,0.019743412449576114,0.022574269177581208,242.76275,500.85306973806405,88.61799799246339,298.35682845369416,85.18857400160356,18.81975485804156,9.869914432261535,5.7387688543045945,24.976876769482605,0.0,531.5687153618512,774.3314653618512,-16.55475,54127.874229286186,54885.650944648034,1.180487862747917,0.020885493747086658,0.045732201834246936,0.0666176955813336,54302.88690765341,582.7640369946275,11530.069797951513,27736.113015379447,9252.559053287056,36988.67206866651,4539.503901956749,1244.6411390786486,12406.600223974126,12406.600223974128,1227.6012975449667,13634.201521519095,732.7998385923686,732.7998385923686,0.0,13139.400062566498,0.03742381264418497,0.03928243796237932,0.032151104680632765,0.8890409139789222,15217.399590237184,0.0,long_term_baseline
2036Q2,2036-06-30,2036,2,2036,46926.90943172654,29041.99999999995,0.017642589134278408,0.019772661061247865,0.022576315037704076,242.76275,508.16186030928066,89.8192437260423,302.63218019222234,86.55181241448275,19.151709218341033,10.006914758192334,5.7387688543045945,25.407217489929266,0.0,539.3078466535145,782.0705966535145,-16.55475,54885.650944648034,55651.166791301555,1.1859116115939372,0.020692839391282986,0.04597002898204049,0.06666286837332347,55068.402754306924,582.7640369946275,11689.497372554995,28119.623376067433,9380.495230135102,37500.11860620254,4616.93584316228,1261.8509323871224,12484.761538909113,12484.761538909113,1244.6411390786486,13729.402677987762,740.1086291635852,740.1086291635852,0.0,13224.870168072699,0.03744315759312348,0.03930410497981736,0.03217310398203478,0.8924093483036848,15756.7074368907,7.275957614183426e-12,long_term_baseline
2036Q3,2036-09-30,2036,3,2036,47363.26883080593,29168.899999999947,0.01759302613883751,0.01977588746711989,0.022577621701592054,242.76275,515.5890366730866,91.06118453220341,306.942984835521,87.9549524340637,19.48778800223724,10.142126869061498,5.7387688543045945,25.84208063552641,0.0,547.1698861629176,789.9326361629176,-16.55475,55651.166791301555,56424.544677464466,1.1913144103087099,0.020502195561477185,0.04621048332770718,0.06671267888918436,55841.78064046984,582.7640369946275,11850.524842994271,28506.9823597466,9509.715278716729,38016.69763846333,4695.32472870945,1279.2334303027988,12639.727343275317,12639.727343275319,1261.8509323871224,13901.578275662441,747.5358055273912,747.5358055273912,0.0,13387.263148802711,0.037459537919662625,0.03932854728562075,0.03215061170646742,0.89573434831931,16303.877323053617,-7.275957614183426e-12,long_term_baseline
2036Q4,2036-12-31,2036,4,2037,47803.10567352211,29295.799999999945,0.017515988152144724,0.01980359078796723,0.022578201318361746,245.031015,523.0621921751867,92.28596221481789,311.29352424906267,89.37281941712558,19.828047598121866,10.281838696058744,5.894658234200658,26.2815108209958,0.0,555.2383612303831,800.2693762303832,0.0,56424.544677464466,57224.81405369485,1.197094064233391,0.02050335529858441,0.0464604425513656,0.06696379784995,56642.050016700225,582.7640369946275,12017.250379344518,28908.048302953794,9643.507866082131,38551.556169035925,4776.012448660387,1297.2310196593987,12785.776388950979,12785.776388950979,1279.2334303027988,14065.009819253777,773.9878654093874,773.9878654093874,0.0,13559.764254360367,0.0374779852606088,0.03936147748496701,0.03215450796767611,0.897155875191309,16859.115684284,0.0,long_term_baseline
2037Q1,2037-03-31,2037,1,2037,48236.208408672086,29422.887487607255,0.01746555549210771,0.01893970235169573,0.022578065905819455,245.031015,530.8197956664242,93.58433732914543,315.7893794379551,90.84119306346088,20.17839151535063,10.426494320512418,5.894658234200658,26.732991551236026,0.0,563.4474454518609,808.4784604518609,0.0,57224.81405369485,58033.29251414671,1.2031064303908527,0.020319259998548923,0.04672402446545215,0.06704328446400108,57450.52847715208,582.7640369946275,12185.646989183992,29313.13409027003,9778.641443260469,39091.7755335305,4857.696957371259,1315.4089970663374,13029.333488071607,13029.333488071608,1297.2310196593987,14326.564507731007,781.7454689006248,781.7454689006248,0.0,13811.078956972233,0.037494475888296366,0.03938483364389233,0.03212554307701691,0.8988402390015676,17422.56312973586,0.0,long_term_baseline
2037Q2,2037-06-30,2037,2,2037,48673.235114379044,29550.526290744652,0.01746555549210771,0.01893970235169662,0.022399155671420257,245.031015,538.6327566146374,94.89572592827032,320.3258581507994,92.3063753932012,20.532197328445882,10.572599813920684,5.894658234200658,26.9765290085275,0.0,571.5039438573655,816.5349588573655,0.0,58033.29251414671,58849.82747300407,1.2090798430535936,0.02013681765135952,0.04696658790108092,0.06710340555244045,58267.06343600945,582.7640369946275,12355.72659712045,29722.268406887542,9915.125579416484,39637.39398630403,4940.174202830873,1333.768649754103,13194.493904345842,13194.493904345842,1315.4089970663374,14509.902901412179,789.558429848838,789.558429848838,0.0,13984.05233419468,0.03750984889515558,0.0393914540497974,0.03219443125980197,0.9005743635527983,17994.067073593225,-7.275957614183426e-12,long_term_baseline
2037Q3,2037-09-30,2037,3,2037,49114.22134235779,29678.718801062332,0.017465555492108598,0.01893970235169573,0.022399155671420257,245.031015,546.5125573413764,96.22022087507553,324.9058250030087,93.77596189888756,20.8903840420058,10.720165522398602,5.894658234200658,27.43455465817378,0.0,579.8417702337507,824.8727852337507,0.0,58849.82747300407,59674.70025823783,1.2150187588695889,0.019956013415501454,0.04722394079644506,0.06717995421194652,59091.9362212432,582.7640369946275,12527.50360118056,30135.485887921437,10052.971828564541,40188.45771648598,5023.6633716243205,1352.3115319523426,13368.943991055081,13368.94399105508,1333.768649754103,14702.712640809183,797.438230575577,797.438230575577,0.0,14166.382221630656,0.03752653627648407,0.03941162073922742,0.03217814899592236,0.9019123674655222,18573.908843826975,7.275957614183426e-12,long_term_baseline
2037Q4,2037-12-31,2037,4,2038,49559.202966426594,29807.46742058563,0.01746555549210682,0.01893970235169573,0.022399155671420257,254.402365,554.4962957390519,97.55793429419363,329.52733636914587,95.28882448328747,21.25299665435799,10.869203938066951,5.91068424521801,27.898199880100705,0.0,588.3051798643706,842.7075448643707,0.0,59674.70025823783,60517.40780310219,1.2211134195216806,0.02053320875013607,0.047483021893060896,0.06801623064319696,59934.64376610757,582.7640369946275,12703.022535180695,30557.704753468253,10193.820872001796,40751.52562547005,5108.8372596714435,1371.2583457853868,13317.26300943905,13317.26300943905,1352.3115319523426,14669.574541391392,814.80934498427,814.80934498427,0.0,14132.072354423319,0.03754115323037629,0.03943414393828699,0.031993965421201156,0.9032420584499053,19162.214023691347,-1.4551915228366852e-11,long_term_baseline
2038Q1,2038-03-31,2038,1,2038,50028.44495100026,29936.599810103187,0.017441798459170377,0.020613213981166334,0.022399155671420257,254.402365,562.6233284180754,98.92478799271967,334.21941388579546,96.83464273501133,21.622994850298944,11.021488954250048,5.91068424521801,28.371200950738853,0.0,596.9052136140323,851.3075786140323,0.0,60517.40780310219,61368.71538171623,1.2266764526025755,0.020340617442670565,0.047725266231933745,0.06806588367460431,60785.9513447216,582.7640369946275,12880.292121798142,30984.13489437552,10336.074765280144,41320.209659655666,5195.055425238491,1390.3941380293106,13583.823505142213,13583.82350514221,1371.2583457853868,14955.081850927598,822.9363776632935,822.9363776632935,0.0,14406.759882805503,0.03755491656303802,0.03945345547886697,0.03197940384851099,0.9049179980301996,19759.11923730538,7.275957614183426e-12,long_term_baseline
2038Q2,2038-06-30,2038,2,2038,50502.12986497769,30066.291629034426,0.017441798459170377,0.020613213981166334,0.022624692238107036,254.402365,570.8255314511675,100.30527489850301,338.95708200031777,98.38910763525053,21.998774032685525,11.175292884410585,5.91068424521801,29.138069836340414,0.0,605.8742855327259,860.276650532726,0.0,61368.71538171623,62228.99203224896,1.2322052990363808,0.020149832546086214,0.04798801849764271,0.06813785104372894,61646.22799525433,582.7640369946275,13059.328553557563,31414.8152625058,10479.746502448479,41894.56176495428,5282.617020117326,1409.7206566251662,13793.824484063458,13793.824484063458,1390.3941380293106,15184.218622092769,831.1385806963856,831.1385806963856,0.0,14624.963064759844,0.037568214068473826,0.039490758883522985,0.03198996464150208,0.9066086558868205,20364.993522838104,7.275957614183426e-12,long_term_baseline
2038Q3,2038-09-30,2038,3,2038,50980.29977539962,30196.54530094844,0.01744179845916949,0.020613213981166334,0.022624692238107036,254.402365,579.1094929934401,101.69952111082952,343.73939195420206,99.96075266251194,22.379197488271707,11.33062977762477,5.91068424521801,29.629186033901263,0.0,614.6493632725594,869.0517282725594,0.0,62228.99203224896,63098.04376052151,1.2376946396648942,0.01996083711714548,0.04822642204776964,0.06818725916491512,62515.27972352689,582.7640369946275,13240.149442145012,31849.78822357962,10624.850216393077,42474.638439972696,5371.252038700384,1429.2398027087986,13909.099919552551,13909.099919552551,1409.7206566251662,15318.820576177717,839.4225422386581,839.4225422386581,0.0,14748.52246179121,0.03758141334796657,0.03950887476718436,0.03200080253225988,0.9078582279154715,20979.64288611066,-7.275957614183426e-12,long_term_baseline
2038Q4,2038-12-31,2038,4,2039,51462.997147610695,30327.36325991377,0.017441798459170377,0.020613213981167222,0.022624692238107036,260.45804,587.480110508128,103.10766378070427,348.56734933969994,101.5532659230539,22.764316550397478,11.487514914271967,5.922339525957902,30.1263228592124,0.0,623.5287728932983,883.9868128932983,0.0,63098.04376052151,63982.03057341481,1.243262812499939,0.020244296246713447,0.048464240907294086,0.06870853715400753,63399.26653642019,582.7640369946275,13424.080424181686,32292.242657437884,10772.449693486074,43064.69235092396,5461.3990859982405,1449.0946753163046,14088.980524537315,14088.980524537317,1429.2398027087986,15518.220327246116,853.8604900340858,853.8604900340858,0.0,14942.841014571402,0.03759427696823542,0.03952761358243064,0.03200936286274808,0.909094684979475,21603.17165900396,0.0,long_term_baseline
2039Q1,2039-03-31,2039,1,2039,51938.92936982024,30457.141414438727,0.017227156981449054,0.019937887724799763,0.022624692238107036,260.45804,595.9915499459554,104.54002630331489,353.47519427815416,103.17317018414954,23.156060727481997,11.647098452854799,5.922339525957902,30.631940363684727,0.0,632.545829835598,893.003869835598,0.0,63982.03057341481,64875.034443250406,1.2490637606586257,0.020058791596989856,0.04871458364739776,0.06877337524438762,64292.27040625578,582.7640369946275,13609.844864298007,32739.107559003383,10921.520469491474,43660.62802849486,5552.65004849327,1469.1474649696477,14339.85359978557,14339.85359978557,1449.0946753163046,15788.948275101875,862.3719294719133,862.3719294719133,0.0,15202.225529257485,0.037609898882394556,0.039545217566035004,0.03199469293582077,0.9107116930583249,22235.71748883956,-7.275957614183426e-12,long_term_baseline
2039Q2,2039-06-30,2039,2,2039,52419.26303564348,30587.47492121266,0.017227156981449054,0.019937887724799763,0.022796693476643037,260.45804,604.6388029331401,105.98666688072073,358.42885557415684,104.86138307083421,23.553624657734336,11.808272749693542,5.922339525957902,31.378527457680832,0.0,641.9396699167788,902.3977099167788,0.0,64875.034443250406,65777.43215316719,1.2548332109980365,0.019874986782847104,0.04898502060055897,0.06886000738340607,65194.668116172565,582.7640369946275,13797.472018232824,33190.453304301,11072.08602132278,44262.53932562378,5645.255442565971,1489.401329749981,14560.60596397815,14560.605963978149,1469.1474649696477,16029.753428947797,871.019182459098,871.019182459098,0.0,15431.625146437247,0.03762151484812605,0.03958007424124404,0.03197774466938422,0.9124934632834137,22877.657158756338,0.0,long_term_baseline
2039Q3,2039-09-30,2039,3,2039,52904.03884983833,30718.366156722746,0.017227156981449054,0.019937887724799763,0.02279669347664215,260.45804,613.3151610440073,107.44781334198811,363.4288667275785,106.51130818120174,23.956109605373282,11.971063187865472,5.922339525957902,31.90184891234748,0.0,651.1393494823127,911.5973894823127,0.0,65777.43215316719,66689.02954264951,1.2605659415141857,0.019692866228174254,0.04923173078187791,0.06892459701005217,66106.26550565488,582.7640369946275,13986.968155551294,33646.294975058,11224.151380130968,44870.44635518897,5738.994048474002,1509.8569464406073,14695.180674147387,14695.180674147387,1489.401329749981,16184.582003897367,879.6955405699651,879.6955405699651,0.0,15574.876214717351,0.037633334687553324,0.03959651984991392,0.0320060166216549,0.9142782920958467,23528.79650823865,1.4551915228366852e-11,long_term_baseline
2039Q4,2039-12-31,2039,4,2040,53393.29789360222,30849.817507625736,0.017227156981449054,0.019937887724799763,0.022796693476643037,264.33496,622.0867106433074,108.92351451135572,368.4744141563786,108.18975438766267,24.36355238089414,12.13547520701638,5.935451716790281,32.431574249555645,0.0,660.4537366096532,924.7886966096532,0.0,66689.02954264951,67613.81823925916,1.2663353062400158,0.01980285694483566,0.04947839992395684,0.0692812568687925,67031.05420226452,582.7640369946275,14179.191737458172,34108.69763917173,11378.405437061632,45487.10307623337,5834.15240487025,1530.6069837027285,15639.867782254432,15639.867782254432,1509.8569464406073,17149.72472869504,892.3571223600976,892.3571223600976,0.0,16532.22490461453,0.03764635886169259,0.03961393597351867,0.03254443299592784,0.9160774932385246,24189.250244848303,-1.4551915228366852e-11,long_term_baseline
2040Q1,2040-03-31,2040,1,2040,53889.0305474941,30984.73913358242,0.017609093307503265,0.01970258122673907,0.022796693476643926,264.33496,631.0080118081868,110.42045565545551,373.6416078519057,109.8664811523463,24.7772135169685,12.302253631510682,5.935451716790281,32.96932272513714,0.0,669.9127862501141,934.2477462501141,0.0,67613.81823925916,68548.06598550928,1.2720226229546978,0.01962068772174577,0.04972535445110291,0.06934604217284868,67965.30194851465,582.7640369946275,14373.337066188391,34575.72315362492,11534.201642156188,46109.9247957811,5930.47561799349,1551.5644685516504,15928.193171611974,15928.193171611974,1530.6069837027285,17458.800155314704,901.278423524977,901.278423524977,0.0,16829.47159513695,0.03765640369634969,0.039631708647457346,0.03253288317402353,0.9183054465553336,24859.16303109842,1.4551915228366852e-11,long_term_baseline
2040Q2,2040-06-30,2040,2,2040,54389.36585516145,31120.25083904756,0.017609093307503265,0.01970258122673907,0.022246337554163054,264.33496,639.9702934339899,111.9323624029421,378.85626728393146,111.53897283782797,25.17199149330421,12.470699415983892,5.935451716790281,32.71120231872166,0.0,678.6169474695018,942.9519074695019,0.0,68548.06598550928,69491.01789297878,1.2776581745415627,0.019440194298563612,0.04990806101888775,0.06934825531745135,68908.25385598415,582.7640369946275,14569.412969385943,35047.39275372101,11691.547079352436,46738.93983307345,6027.17069961609,1572.7303539086524,16198.787201741912,16198.787201741912,1551.5644685516504,17750.351670293563,910.2407051507802,910.2407051507802,0.0,17109.027906892694,0.037698209248865494,0.0395994803186983,0.03261220738090717,0.9208800743955834,25537.77997856792,0.0,long_term_baseline
2040Q3,2040-09-30,2040,3,2040,54894.34655016561,31256.35520473291,0.017609093307503265,0.01970258122673907,0.022246337554163054,264.33496,649.569830420913,113.45930349909302,384.12107815916096,113.75632036615463,25.592308176963694,12.640820219540796,5.935451716790281,33.24455117333714,0.0,688.7498333110404,953.0847933110405,0.0,69491.01789297878,70444.10268628981,1.2832669867363107,0.01926136125937381,0.05018730536716536,0.06944866662653917,69861.33864929518,582.7640369946275,14767.556718895286,35524.0366531932,11850.551905472454,47374.58855866565,6125.073913820807,1594.119457913421,16432.522776117185,16432.522776117185,1572.7303539086524,18005.253130025838,919.8402421377033,919.8402421377033,0.0,17352.363018254888,0.03774776161169658,0.03964540190628753,0.03261956539905772,0.9236230671383977,26226.52981187896,0.0,long_term_baseline
2040Q4,2040-12-31,2040,4,2041,55404.01576282974,31393.054822636957,0.017609093307502377,0.01970258122673907,0.022246337554162166,273.20975999999996,659.420011171782,115.00234794839706,389.43448978604226,116.15252659675525,26.01791169760805,12.812735142979122,5.957305368177581,33.78456382220109,0.0,699.1618803621607,972.3716403621606,0.0,70444.10268628981,71416.47432665198,1.2890125985157364,0.01972490666882634,0.05047734325649547,0.07020224992532181,70833.71028965735,582.7640369946275,14969.738743628664,36010.39480938404,12012.797334697094,48023.19214408113,6224.834918689518,1615.944483258028,16546.19572335825,16546.19572335825,1594.119457913421,18140.31518127167,938.5870765399595,938.5870765399595,0.0,17484.78279989821,0.03779345326450381,0.039700236283837856,0.03267115594191694,0.9264376644730958,26925.691692241122,0.0,long_term_baseline
2041Q1,2041-03-31,2041,1,2041,55931.13799773581,31527.09931704546,0.017189212325988024,0.02105209487726678,0.022246337554163942,273.20975999999996,669.4077310514265,116.57684046600822,394.8465154960523,118.54456147245848,26.451659832720942,12.988153784186398,5.957305368177581,34.334823636758706,0.0,709.6998600563628,982.9096200563628,0.0,71416.47432665198,72399.38394670835,1.2944378844864413,0.01953900955929486,0.050755259804303836,0.0702942693635987,71816.61990971371,582.7640369946275,15174.072233557132,36501.92841401927,12176.76925466442,48678.697668683686,6325.8482537808495,1638.001753692043,16915.044642658188,16915.044642658188,1615.944483258028,18530.989125916214,948.574796419604,948.574796419604,0.0,17863.619439077793,0.03782996206848603,0.03974992418753494,0.03257060131237756,0.9299073033255315,27635.391552297486,0.0,long_term_baseline
2041Q2,2041-06-30,2041,2,2041,56463.275353778976,31661.71616500741,0.017189212325988024,0.02105209487726678,0.0228385780169158,273.20975999999996,679.3564458371578,118.16808751882616,400.3098367754175,120.8112855280839,26.901796919530693,13.165439095299792,5.957305368177581,35.81306784342908,0.0,721.1268190487644,994.3365790487644,0.0,72399.38394670835,73393.7205257571,1.299848796689493,0.019354864434495796,0.051086431988257006,0.0704412964227528,72810.95648876247,582.7640369946275,15380.548786552576,36998.61725539342,12342.460922901235,49341.07817829466,6429.039161687733,1660.2903622275212,17026.882478672553,17026.882478672553,1638.001753692043,18664.884232364595,958.5235112053354,958.5235112053354,0.0,17985.405989877887,0.03786389735758897,0.039841599734029266,0.032685923687598005,0.932471943993512,28356.51837134625,0.0,long_term_baseline
2041Q3,2041-09-30,2041,3,2041,57000.47554558473,31796.90781040229,0.017189212325988024,0.02105209487726767,0.0228385780169158,273.20975999999996,689.3806160545129,119.77602367527818,405.824390006967,123.0850733111375,27.35054527472678,13.344583786403698,5.957305368177581,36.397271390121055,0.0,731.7351928128115,1004.9449528128115,0.0,73393.7205257571,74398.66547856992,1.3052288558377274,0.01917245478287332,0.05134940968888053,0.07052186447175385,73815.90144157529,582.7640369946275,15589.184656548512,37500.50043309088,12509.885382735318,50010.385815826194,6533.518905766146,1682.8120634344423,17341.683495579953,17341.68349557995,1660.2903622275212,19001.973857807472,968.5476814226904,968.5476814226904,0.0,18310.23117700264,0.03790387583224299,0.03987998905470466,0.032620425280261926,0.9349942620388958,29088.253564159062,0.0,long_term_baseline
2041Q4,2041-12-31,2041,4,2042,57542.78674174274,31932.67670754465,0.017189212325988024,0.02105209487726678,0.02283857801691669,290.3126875,699.633718966887,121.40077551287155,411.3894139971514,125.5129931090237,27.80493438798608,13.525601959854326,5.987900480119798,36.988771535689345,0.0,742.6103909826962,1032.9230784826962,0.0,74398.66547856992,75431.58855705262,1.3108782669076569,0.020180648448810776,0.05162144088124193,0.0718020893300527,74848.82452005798,582.7640369946275,15803.719908218798,38016.574844641014,12682.043931631857,50698.61877627287,6640.515247969347,1705.9705875969646,17262.454822253916,17262.454822253916,1682.8120634344423,18945.266885688357,995.9343069470069,995.9343069470069,0.0,18258.38912920092,0.03794035415411058,0.03992600599518015,0.032548042672402626,0.9373841030039988,29830.86395514176,0.0,long_term_baseline
2042Q1,2042-03-31,2042,1,2042,58055.26898098634,32068.229387565312,0.017088232020256333,0.018695469559396827,0.0228385780169158,290.3126875,710.1068760267274,123.07146878525388,417.0959263329436,127.95737635180444,28.270365958915086,13.711738597810601,5.987900480119798,37.59451911428834,0.0,753.6892956211356,1044.0019831211355,0.0,75431.58855705262,76475.59054017375,1.3172894016772234,0.02000250399977168,0.05192908818443171,0.07193159218420338,75892.82650317912,582.7640369946275,16020.511193615348,38538.076249045036,12856.012884597427,51394.08913364246,6748.8535311706,1729.3726447507056,17670.071251970705,17670.071251970705,1705.9705875969646,19376.041839567668,1006.4074640068472,1006.4074640068472,0.0,18676.47871597755,0.0379734431361634,0.03996677307417877,0.03245907259678228,0.9402247193634079,30584.553250762892,0.0,long_term_baseline
2042Q2,2042-06-30,2042,2,2042,58572.31544209702,32204.357482206833,0.017088232020256333,0.01869546955939594,0.02271549749328483,290.3126875,720.6396857345821,124.75973092027954,422.85712360508325,130.24542743871098,28.877571138324562,13.899832632183795,5.987900480119798,38.00367903939272,0.0,764.6312652540947,1054.9439527540947,0.0,76475.59054017375,77530.53449292784,1.323672009681304,0.019825932118869034,0.052217929886004814,0.07204386200487384,76947.7704559332,582.7640369946275,16239.571362577519,39065.0355571823,13031.802553269306,52096.83811045161,6858.3413609015815,1753.0196220025066,17772.21758703483,17772.21758703483,1729.3726447507056,19501.590231785536,1016.940273714702,1016.940273714702,0.0,18789.157860749532,0.03799368567868956,0.03999348078796058,0.03254242469786246,0.942194638185855,31349.184516016987,-1.4551915228366852e-11,long_term_baseline
2042Q3,2042-09-30,2042,3,2042,59093.966774525,32341.063434076666,0.017088232020256333,0.018695469559397715,0.02271549749328483,290.3126875,731.0467255814631,126.46566198607243,428.671680311233,132.46479928791945,29.354688784392916,14.089895211845146,5.987900480119798,38.62021936296003,0.0,775.6548454245429,1065.9675329245429,0.0,77530.53449292784,78596.50202585239,1.3300258269298448,0.019650918924275146,0.052503149662237424,0.07215406858651256,78013.73798885776,582.7640369946275,16460.873322887892,39597.38759747819,13209.391196899523,52806.778794377715,6969.177276774402,1776.908594817743,17999.049471008893,17999.049471008893,1753.0196220025066,19752.0690930114,1027.347313561583,1027.347313561583,0.0,19026.396784570476,0.038009409907224595,0.04001803163089487,0.03244238991724073,0.9440066556477479,32124.83936144153,1.4551915228366852e-11,long_term_baseline
2042Q4,2042-12-31,2042,4,2043,59620.26398974879,32478.34969615101,0.017088232020256333,0.018695469559396827,0.022715497493283943,300.12464,741.4811156246462,128.18905100198947,434.5409471995532,134.63150291431464,29.837711677941574,14.28190283084761,6.009754131507097,39.24435093633062,0.0,786.735220692484,1086.8598606924838,0.0,78596.50202585239,79683.36188654487,1.3365147443870051,0.020135747138027026,0.0527830752864668,0.07291882242449382,79100.59784955023,582.7640369946275,16686.541276558648,40140.24223553714,13390.483428287753,53530.725663824895,7082.062043870769,1801.2688652959164,17879.91238735448,17879.91238735448,1776.908594817743,19656.820982172223,1047.6155097561534,1047.6155097561534,0.0,18927.527897110635,0.038023430847638116,0.04003919769527182,0.03233110745647102,0.9457847180824052,32911.57458213401,0.0,long_term_baseline
2043Q1,2043-03-31,2043,1,2043,60187.929052490006,32615.668008118973,0.01701953976476145,0.021251542965382564,0.02271549749328572,300.12464,752.0888623710354,129.94644019120048,440.51480640610896,136.8201944840343,30.329722784876054,14.477698504815928,6.009754131507097,39.880019859559404,0.0,797.9786363621018,1098.103276362102,0.0,79683.36188654487,80781.46516290697,1.3421539241274991,0.01994583596576388,0.05303247005998051,0.0729783060257444,80198.70112591234,582.7640369946275,16914.49425606094,40688.593608292176,13573.409329099946,54262.00293739212,7196.328134071363,1825.8757983879013,18258.327085692432,18258.327085692432,1801.2688652959164,20059.595950988347,1058.2232565025424,1058.2232565025424,0.0,19316.550342194972,0.03803981278629256,0.04005747837287706,0.032232474133049104,0.9481610551615697,33709.55321849611,0.0,long_term_baseline
2043Q2,2043-06-30,2043,2,2043,60760.99904976006,32753.56690127342,0.01701953976476145,0.021251542965382564,0.02231557677676199,300.12464,762.8559458489035,131.7216240190746,446.5465090607338,139.007121178135,30.905214861417335,14.675476729542757,6.009754131507097,39.81589226747214,0.0,808.6815922478827,1108.8062322478827,0.0,80781.46516290697,81890.27139515485,1.3477439916366587,0.01975771594895691,0.05323688582444901,0.07299460177340591,81307.50735816022,582.7640369946275,17144.76658428691,41242.52428103838,13758.196442498618,55000.720723537,7311.2869511753925,1850.7330991609097,18352.580541226933,18352.58054122693,1825.8757983879013,20178.45633961483,1068.9903399804107,1068.9903399804107,0.0,19421.57088120734,0.038050483868718996,0.04004292769966797,0.03231790517750737,0.9498638950024861,34518.234810744,0.0,long_term_baseline
2043Q3,2043-09-30,2043,3,2043,61339.52544380172,32892.04883030893,0.017019539764762337,0.021251542965382564,0.02231557677676199,300.12464,773.620310774971,133.51486977513431,452.6340072599512,141.18938980718792,31.406776648191798,14.87526728450581,6.009754131507097,40.451937177005775,0.0,820.0820020834839,1120.206642083484,0.0,81890.27139515485,83010.47803723834,1.353295080727209,0.019571370194245753,0.053478209761164824,0.07304957995541059,82427.71400024371,582.7640369946275,17377.35767563046,41802.03284507338,13944.844298551237,55746.87714362462,7427.638476588333,1875.8407044002824,18659.85257945336,18659.852579453363,1850.7330991609097,20510.585678614272,1079.7547049064783,1079.7547049064783,0.0,19739.60728435984,0.0380545044840862,0.04005760333245178,0.03225058743467653,0.9515529265588408,35338.316812827485,0.0,long_term_baseline
2043Q4,2043-12-31,2043,4,2044,61923.56018684745,33031.116260298484,0.01701953976476145,0.021251542965381676,0.02231557677676199,315.2472575,784.3620578596403,135.32617289897223,458.7773104746793,143.26706262681938,31.914442197551885,15.077069661617271,6.019952502154488,41.0956876723541,0.0,831.477698034149,1146.7249555341489,0.0,83010.47803723834,84157.20299277248,1.3590498146236665,0.02036363907687326,0.05370994145202618,0.07407358052889944,83574.43895577785,582.7640369946275,17615.522433667444,42374.94912059913,14135.964866489216,56510.913987088345,7546.452562514464,1901.5499725075929,18825.920677197937,18825.92067719794,1875.8407044002824,20701.761381598222,1105.6292678617947,1105.6292678617947,0.0,19931.549945059734,0.03805913062135922,0.04006615635491942,0.03230672772490423,0.9531948476622467,36169.79451086163,-1.4551915228366852e-11,long_term_baseline
2044Q1,2044-03-31,2044,1,2044,62477.308177911254,33169.36987577106,0.016847634395924738,0.019083305138657858,0.02231557677676199,315.2472575,795.3710798985223,137.18088095218525,465.06506659857445,145.40850656148876,32.4329178822437,15.283707904029782,6.019952502154488,41.75306303892415,0.0,843.144095439601,1158.391352939601,0.0,84157.20299277248,85315.59434571209,1.3655452969062978,0.020183152360040705,0.05398082087907194,0.07416397323911264,84732.83030871746,582.7640369946275,17856.058656666806,42953.57006412438,14328.988468839967,57282.55853296435,7666.697884977517,1927.5152341087664,19219.63805523405,19219.63805523405,1901.5499725075929,21121.188027741642,1116.6382899006767,1116.6382899006767,0.0,20336.276345134727,0.038067037604919286,0.04007472042586829,0.03221104523406426,0.9553769036041775,37012.938606301235,1.4551915228366852e-11,long_term_baseline
2044Q2,2044-06-30,2044,2,2044,63036.0080295703,33308.202159613196,0.01684763439592385,0.019083305138657858,0.023076797027411944,315.2472575,806.56980305833,139.05405678879276,471.41543145376414,147.5799017687124,33.02800935291106,15.492403694149214,6.019952502154488,43.8530162932156,0.0,856.4427718537,1171.6900293537,0.0,85315.59434571209,86487.28437506579,1.372029845774727,0.020004265330515025,0.054346256917280754,0.07435052224779579,85904.52033807116,582.7640369946275,18099.007208345596,43537.993975199315,14523.947897595372,58061.94187279469,7789.830356594758,1953.7409003361056,19376.167254209606,19376.167254209602,1927.5152341087664,21303.68248831837,1127.8370130604844,1127.8370130604844,0.0,20504.004267270087,0.03807295814653304,0.040154102115646545,0.03231860370328166,0.9569606365146107,37869.38137815493,0.0,long_term_baseline
2044Q3,2044-09-30,2044,3,2044,63599.704023562444,33447.615533874276,0.016847634395925626,0.019083305138657858,0.023076797027411944,315.2472575,817.8507038817163,140.94601863499133,477.82948387781136,149.80624988813707,33.56575899432519,15.70319248645145,6.019952502154488,44.55732607104517,0.0,868.427982454916,1183.675239954916,0.0,86487.28437506579,87670.9596150207,1.3784806228428412,0.01982696380997038,0.05461836628253367,0.07444533009250404,87088.19557802608,582.7640369946275,18344.385790680357,44128.263436742345,14720.8573580973,58849.12079483965,7914.460110433968,1980.2288820720794,19730.765709938747,19730.765709938747,1953.7409003361056,21684.506610274853,1139.1179138838706,1139.1179138838706,0.0,20869.883623822618,0.03808119236710181,0.040164423648167316,0.032259521678309824,0.9585033568263008,38737.80936060985,0.0,long_term_baseline
2044Q4,2044-12-31,2044,4,2045,64168.440837612405,33587.61243074127,0.01684763439592385,0.01908330513865697,0.023076797027411944,328.847015,829.2995799391181,142.85690434492327,484.3076912182463,152.10882110901414,34.11007362728001,15.916089639654336,6.028693962709422,45.270200206393476,0.0,880.598474108221,1209.445489108221,0.0,87670.9596150207,88880.40510412892,1.3851108729453743,0.02049898739676068,0.05489293257641736,0.07539191997317804,88297.64106713429,582.7640369946275,18595.162008399475,44731.51715836879,14922.098270274464,59653.61542864326,8041.56410553895,2007.2995245525972,19673.077978349414,19673.077978349414,1980.2288820720794,21653.306860421493,1164.1752889018276,1164.1752889018276,0.0,20837.253267251243,0.03808850450518782,0.04017743060986629,0.03219846267923857,0.9600121400861567,39618.40783471807,-1.4551915228366852e-11,long_term_baseline
2045Q1,2045-03-31,2045,1,2045,64756.51202054044,33723.099819437724,0.01623329428827147,0.020597325915870046,0.023076797027411944,328.847015,840.9784301794476,144.80982414041094,490.92840081309646,154.44128353369015,34.665251763658326,16.133669928591498,6.028693962709422,45.997226841836266,0.0,893.0043509839934,1221.8513659839934,0.0,88880.40510412892,90102.25647011292,1.391400704867071,0.02031283061667629,0.05516074434032129,0.07547357495699758,89519.49243311828,582.7640369946275,18848.453979475067,45340.822640360675,15125.358004271631,60466.1806446323,8170.2160729258985,2034.6417360850032,20096.617370823933,20096.617370823937,2007.2995245525972,22103.916895376533,1175.854139142157,1175.854139142157,0.0,21272.471509966093,0.03810040529903755,0.040189031539079205,0.0321052423944453,0.9620528994106478,40511.412185702065,0.0,long_term_baseline
2045Q2,2045-06-30,2045,2,2045,65349.97257730514,33859.133743930186,0.01623329428827147,0.020597325915870046,0.02213343204113838,328.847015,852.8749430310071,146.78233536516208,497.61552847795724,156.81677431036698,35.30687192373756,16.353432953783212,6.028693962709422,44.838268609136136,0.0,903.7419056028526,1232.5889206028526,0.0,90102.25647011292,91334.84539071577,1.3976263767008021,0.02012836437603664,0.0553170488041922,0.07544541318022883,90752.08135372114,582.7640369946275,19104.30859083808,45956.292671386094,15330.674185541642,61286.966856927735,8298.545327963378,2062.260577991924,20234.66842595269,20234.66842595269,2034.6417360850032,22269.31016203769,1187.7506519937165,1187.7506519937165,0.0,21422.419077946404,0.03810508070401518,0.040120722432856075,0.03220867804004549,0.9635117478347552,41415.15409130492,0.0,long_term_baseline
2045Q3,2045-09-30,2045,3,2045,65948.87189878161,33995.71640886204,0.01623329428827036,0.020597325915870046,0.022133432041139267,328.847015,864.7246152780895,148.77480315115156,504.37031206846126,159.1361664056392,35.86791425722678,16.575419395610094,6.028693962709422,45.5425414896127,0.0,916.2958507304116,1245.1428657304116,0.0,91334.84539071577,92579.98825644619,1.4038145853129684,0.019945573322601468,0.05557613492687143,0.0755217082494729,91997.22421945156,582.7640369946275,19362.71575250487,46577.902979525505,15538.038717154372,62115.941696679874,8428.411809181007,2090.154961085787,20548.5603625992,20548.560362599204,2062.260577991924,22610.82094059113,1199.600324240799,1199.600324240799,0.0,21748.160686840005,0.03811186403752947,0.04012908093556826,0.0321474552754673,0.9647656896344103,42331.44994203533,1.4551915228366852e-11,long_term_baseline
2045Q4,2045-12-31,2045,4,2046,66553.2598284873,34132.8500277699,0.01623329428827236,0.020597325915870046,0.02213343204113838,341.5111875,876.7452935963505,150.78714892263167,511.1924852002911,161.53033920427578,36.43569976942433,16.799620499727006,6.044719973726774,46.25525069046731,0.0,929.0452642605445,1270.5564517605444,0.0,92579.98825644619,93850.54470820673,1.410156992310618,0.020525587379497248,0.055837701513330125,0.07636328889282737,93267.7806712121,582.7640369946275,19626.443755907992,47212.31281709725,15749.673075684132,62961.98589278138,8560.727307273712,2118.623715249002,20934.021301134537,20934.021301134537,2090.154961085787,23024.176262220324,1224.3012010700772,1224.3012010700772,0.0,22158.322502204614,0.03812238522775356,0.04014021957691733,0.03214000610578272,0.9665344015521871,43260.49520629588,0.0,long_term_baseline
2046Q1,2046-03-31,2046,1,2046,67148.1831460386,34268.80739428492,0.01602817697257164,0.01989152606750877,0.02213343204113749,341.5111875,889.0995920015678,152.8409307491335,518.155133167641,164.06085064149616,37.014239331983,17.02843811131385,6.044719973726774,46.98140013274174,0.0,942.1257121080363,1283.6368996080364,0.0,93850.54470820673,95134.18160781477,1.4167796826447299,0.020343733605256743,0.056122186362602536,0.07646591996785929,94551.41757082014,582.7640369946275,19892.833011663886,47853.12441955962,15963.443014915594,63816.56743447522,8694.637379977516,2147.3797447035017,21343.816772449736,21343.81677244974,2118.623715249002,23462.440487698743,1236.6554994752946,1236.6554994752946,0.0,22580.472271925035,0.038138164718648906,0.0401542991588264,0.032063228399988784,0.9688331411656297,44202.62091840391,0.0,long_term_baseline
2046Q2,2046-06-30,2046,2,2046,67748.42451644977,34405.30630378551,0.01602817697257164,0.01989152606750788,0.023159436985126236,341.5111875,901.7195530519591,154.91543707833253,525.1880405046655,166.6571134117866,37.69939735911997,17.25956469805439,6.044719973726774,49.90934201606761,0.0,957.6736150417535,1299.1848025417535,0.0,95134.18160781477,96433.36641035651,1.4234038222828613,0.020163491029497153,0.056542930518434356,0.0767064215479315,95850.60237336188,582.7640369946275,20161.94074644107,48500.475448294834,16179.39445765227,64679.869905947104,8832.362494053934,2176.4292269197713,21502.486750766955,21502.486750766955,2147.3797447035017,23649.866495470458,1249.275460525686,1249.275460525686,0.0,22751.76221129264,0.038149545883519494,0.04026622603386481,0.032122933948506294,0.9705036300601755,45160.29453344567,-1.4551915228366852e-11,long_term_baseline
2046Q3,2046-09-30,2046,3,2046,68354.0314780933,34542.348913336136,0.016028176972572528,0.019891526067509657,0.023159436985126236,341.5111875,914.3828474168021,157.01111356290983,532.2927180450345,169.28376542019168,38.302200477297774,17.493049911367663,6.044719973726774,50.69991780689588,0.0,971.1274851974247,1312.6386726974247,0.0,96433.36641035651,97746.00508305394,1.429996197289116,0.0199848453772299,0.05682927336970082,0.07681411874693071,97163.24104605931,582.7640369946275,20433.776294714167,49154.38835781077,16397.534894549397,65551.92325236017,8971.768329454824,2205.7731695301463,21777.624195184606,21777.624195184602,2176.4292269197713,23954.053422104374,1261.9387548905288,1261.9387548905288,0.0,23039.56295007513,0.03816050362891771,0.040281803750994216,0.03211489050185991,0.9722312453245451,46131.42201864309,0.0,long_term_baseline
2046Q4,2046-12-31,2046,4,2047,68965.05199428966,34679.937388593244,0.01602817697257164,0.01989152606750877,0.023159436985126236,357.7490725,927.1716448411515,159.1280328950866,539.4694122269718,171.93291729495945,38.912380574034536,17.728901850098545,6.052004524189207,51.500141348602426,0.0,984.7237907139431,1342.4728632139431,0.0,97746.00508305394,99088.47794626789,1.436792622942885,0.02074958618342646,0.05711436515964513,0.07786395134307159,98505.71390927325,582.7640369946275,20711.866080208012,49823.3461225114,16620.694182176165,66444.04030468757,9114.015283545388,2235.7922408322725,22799.79354199563,22799.79354199563,2205.7731695301463,25005.566711525775,1290.9727218653406,1290.9727218653406,0.0,24090.76626386097,0.03816840483069476,0.040297249585892814,0.03248557849736452,0.9729977666947801,47116.14580935703,0.0,long_term_baseline
2047Q1,2047-03-31,2047,1,2047,69574.80901325062,34816.54327558161,0.01584952735551126,0.019676561505418855,0.023159436985126236,357.7490725,940.1771372006358,161.29365709961994,546.8112236945612,174.56703284678392,39.53504342398074,17.970180135689382,6.052004524189207,52.31667360546223,0.0,998.5458153302873,1356.2948878302873,0.0,99088.47794626789,100444.77283409817,1.4436945535124404,0.020567735798275276,0.05740846892674116,0.07797620472501644,99862.00879710354,582.7640369946275,20992.757392426036,50499.04308855246,16846.10161677073,67345.1447053232,9257.99296967394,2266.113729680367,23231.029448943358,23231.029448943358,2235.7922408322725,25466.821689775632,1303.978214224825,1303.978214224825,0.0,24535.007663168184,0.03817851292353311,0.04030926041155916,0.03243999338032592,0.9741208196115316,48114.69162468732,0.0,long_term_baseline
2047Q2,2047-06-30,2047,2,2047,70189.95722110248,34953.68725951492,0.01584952735551126,0.019676561505418855,0.02235168965107781,357.7490725,953.3675379941194,163.48109819351777,554.2269978968618,177.20171674373685,40.24383605769638,18.213889102305945,6.052004524189207,51.30489516976564,0.0,1010.7244376880742,1368.4735101880742,0.0,100444.77283409817,101813.24634428624,1.450538657881904,0.02038747915876737,0.05759937619019957,0.07798685534896695,101230.4823072916,582.7640369946275,21276.490062687582,51181.57507200391,17073.789161854645,68255.36423385855,9401.886074983382,2296.741935762077,23463.77824607918,23463.778246079182,2266.113729680367,25729.89197575955,1317.1686150183086,1317.1686150183086,0.0,24780.94686109749,0.038186080043998684,0.040249956634675635,0.03250467599167938,0.9748782437277679,49125.4160623754,-1.4551915228366852e-11,long_term_baseline
2047Q3,2047-09-30,2047,3,2047,70810.54428423816,35091.37145998209,0.01584952735551126,0.019676561505418855,0.02235168965107781,357.7490725,966.6240885848472,165.69066636317956,561.7177864152416,179.88139950554103,40.87417299219699,18.460063308687687,6.052004524189207,52.10230565686959,0.0,1024.7783987659059,1382.527471265906,0.0,101813.24634428624,103195.77381555215,1.457350382752568,0.020208802297238208,0.05788846331429841,0.07809726561153661,102613.00977855752,582.7640369946275,21563.078340389722,51870.9763504456,17303.768252171172,69174.74460261677,9547.508438288163,2327.678397262869,23791.69242362357,23791.69242362357,2296.741935762077,26088.43435938565,1330.4251656090364,1330.4251656090364,0.0,25122.117589232606,0.03819408874248492,0.0402611029728124,0.032503817372044295,0.9756253092134671,50150.194461141306,1.4551915228366852e-11,long_term_baseline
2047Q4,2047-12-31,2047,4,2048,71436.61829049476,35229.59800492117,0.01584952735551126,0.019676561505418855,0.02235168965107781,372.65234999999996,980.0313796413096,167.92247257578498,569.283965446139,182.60412401959368,41.512102481791175,18.70871511800031,6.05491834437418,52.90929914975711,0.0,1038.995597135441,1411.647947135441,0.0,103195.77381555215,104607.42176268759,1.4643389380122223,0.020866180898128233,0.058177199425112645,0.07904338032324089,104024.65772569296,582.7640369946275,21855.76565497107,52575.04914251477,17538.641649276975,70113.69079179174,9695.928044949198,2359.2732339809536,24088.537522041726,24088.537522041726,2327.678397262869,26416.215919304595,1358.7386479856837,1358.7386479856837,0.0,25447.27617002741,0.03820167391504595,0.04027279640317436,0.032501688837311776,0.9763371487418656,51189.19005827675,0.0,long_term_baseline
2048Q1,2048-03-31,2048,1,2048,72084.6419407788,35366.86293546704,0.015676506274730606,0.02077970179797095,0.0223516896510787,372.65234999999996,993.711376086324,170.2017750380872,577.0111643390981,185.37345531783652,42.162322773179845,18.962658618121917,6.05491834437418,53.7317940885462,0.0,1053.4980885192442,1426.1504385192443,0.0,104607.42176268759,106033.57220120683,1.4709592688040096,0.020678598934078234,0.05845894826721877,0.07913754720129701,105450.8081642122,582.7640369946275,22151.399791907774,53286.2106512454,17775.879789037448,71062.09044028285,9846.131759489928,2391.1861725316644,24504.971423201245,24504.971423201245,2359.2732339809536,26864.2446571822,1372.418644430698,1372.418644430698,0.0,25877.390067631943,0.03821079834490812,0.04028387549438739,0.03244412278659485,0.9774550421080812,52242.68814679599,0.0,long_term_baseline
2048Q2,2048-06-30,2048,2,2048,72738.54401394143,35504.66269076893,0.015676506274730606,0.02077970179797095,0.022930584971782908,372.65234999999996,1007.5823489071097,172.50402587948182,584.8161618974167,188.14442840407227,42.89857386441554,19.21915886172325,6.05491834437418,55.9654183431941,0.0,1069.602685594678,1442.2550355946778,0.0,106033.57220120683,107475.82723680152,1.4775636314111837,0.02049270328691625,0.05881903192286459,0.07931173520978084,106893.06319980689,582.7640369946275,22450.021889620868,54004.55983700069,18015.51568388674,72020.07552088743,9999.544135597718,2423.4216537008874,24825.303320286155,24825.30332028616,2391.1861725316644,27216.489492817822,1386.2896172514838,1386.2896172514838,0.0,26211.592937537644,0.03821716039444691,0.04034958601847441,0.03247713354705464,0.9782011799110116,53312.29083239067,1.4551915228366852e-11,long_term_baseline
2048Q3,2048-09-30,2048,3,2048,73398.37783497396,35642.99935466223,0.015676506274730606,0.02077970179796984,0.022930584971782908,372.65234999999996,1021.533594120119,174.8295454654225,592.7000442110808,190.95458981743252,43.57116308456214,19.478251541620878,6.05491834437418,56.837414373474864,0.0,1084.4259268379678,1457.0782768379677,0.0,107475.82723680152,108932.90551363947,1.4841323299890898,0.02030847879705772,0.05909808684198164,0.07940656563903935,108350.14147664484,582.7640369946275,22751.649239670398,54730.13829542333,18257.56320981894,72987.70150524226,10154.809187664503,2455.981544067693,25122.688258873535,25122.688258873535,2423.4216537008874,27546.109912574422,1400.2408624644931,1400.2408624644931,0.0,26522.929121338027,0.03822309418673413,0.040359807585333654,0.03251160041463878,0.9789456686373094,54396.716759228635,-1.4551915228366852e-11,long_term_baseline
2048Q4,2048-12-31,2048,4,2049,74064.19721259525,35781.87501910156,0.015676506274729718,0.02077970179797184,0.022930584971782908,392.23500750000005,1035.619521866425,177.17846845393322,600.6632677922693,193.78594379582358,44.251890163955125,19.739951660444078,6.05491834437418,57.71994101492665,0.0,1099.3943812257257,1491.6293887257257,0.0,108932.90551363947,110424.53490236521,1.490930018257007,0.021183514964679705,0.059375213536440756,0.08055872850112046,109841.77086537058,582.7640369946275,23060.529174914365,55473.163180982294,18505.430732852325,73978.59391383461,10313.32344442015,2489.324332201455,25223.756565841406,25223.75656584141,2455.981544067693,27679.738109909104,1433.9094477107992,1433.9094477107992,0.0,26657.666013552207,0.03822895772853557,0.040369597268772775,0.032425222194451694,0.9797144325602655,55496.11114045436,1.4551915228366852e-11,long_term_baseline
2049Q1,2049-03-31,2049,1,2049,74708.85169853843,35919.71301209475,0.015497958573625237,0.019473428238653945,0.022930584971783796,392.23500750000005,1050.0381380808867,179.58387094964561,608.8179659112789,196.68145733362076,44.94689956627167,20.007944320069193,6.05491834437418,58.620936137621655,0.0,1114.7139925628824,1506.9490000628825,0.0,110424.53490236521,111931.48390242808,1.4982359032111565,0.021000724737825063,0.05968310138460822,0.08068382612243329,111348.71986543345,582.7640369946275,23372.515039371465,56223.65952206432,18755.790677350924,74979.45019941524,10473.752229306157,2523.0023973406023,25682.39925880567,25682.39925880567,2489.324332201455,28171.723591007125,1448.3280639252607,1448.3280639252607,0.0,27130.72732273093,0.03823860063267153,0.04037921440370064,0.03240217918585996,0.9807710580274498,56610.82513301724,-1.4551915228366852e-11,long_term_baseline
2049Q2,2049-06-30,2049,2,2049,75359.11725463274,36058.08198096057,0.015497958573625237,0.019473428238653945,0.022366633995218432,392.23500750000005,1064.7069487882197,182.01346086910527,617.0546632546541,199.63918018280208,45.721012713032806,20.278631768625083,6.05491834437418,58.08073913363603,0.0,1128.8426062662297,1521.0776137662297,0.0,111931.48390242808,113452.56151619431,1.5054921773147463,0.020819511787786352,0.05991803765173927,0.08073754943952562,112869.79747919968,582.7640369946275,23687.660727699327,56981.75696474625,19008.686292272556,75990.44325701881,10634.671937207882,2557.0215572736843,26001.245228718504,26001.245228718508,2523.0023973406023,28524.24762605911,1462.996874632594,1462.996874632594,0.0,27464.242103351102,0.038246857442730924,0.04034048569391805,0.03239822736093468,0.9815259032747224,57739.667739283475,0.0,long_term_baseline
2049Q3,2049-09-30,2049,3,2049,76015.04271961107,36196.983971110225,0.015497958573625237,0.019473428238653945,0.022366633995218432,392.23500750000005,1079.48479794533,184.4676579169585,625.3747826880884,202.6633288711876,46.42696770250763,20.552060766587235,6.05491834437418,58.97309703665672,0.0,1144.5128133263609,1536.747820826361,0.0,113452.56151619431,114989.30933702068,1.5127178150931258,0.02063986250441494,0.060225596007253905,0.08086545851166885,114406.54530002605,582.7640369946275,24005.989727984565,57747.51201070033,19264.13642615087,77011.6484368512,10797.522787711547,2591.3843474787514,26236.55094473001,26236.55094473001,2557.0215572736843,28793.572502003695,1477.7747237897042,1477.7747237897042,0.0,27714.325668519716,0.03825832097675459,0.04035211891317208,0.032405965205594765,0.9823164781272518,58884.18055260984,0.0,long_term_baseline
2049Q4,2049-12-31,2049,4,2050,76676.67735729841,36336.421035834224,0.015497958573625237,0.019473428238653057,0.022366633995218432,407.0113625000001,1094.5105574609277,186.9466450066798,633.7789443174345,205.81530909160224,47.1414073523503,20.828251692860466,6.057832164559153,59.87616382291577,0.0,1160.4445534484025,1567.4559159484027,0.0,114989.30933702068,116556.76525296908,1.5201071469207934,0.021232603004087216,0.06053702864775721,0.08176963165184442,115974.00121597445,582.7640369946275,24330.739060625518,58528.7114613228,19524.738697466677,78053.45015878948,10963.37180064473,2626.440195914732,26293.93681926782,26293.93681926782,2591.3843474787514,28885.32116674657,1507.579752125487,1507.579752125487,0.0,27801.516571393306,0.03826835461456256,0.040367041428078176,0.03228862827973978,0.9830625502863278,60044.62510605824,0.0,long_term_baseline
2050Q1,2050-03-31,2050,1,2050,77356.14328070718,36473.8915487907,0.015219177974386433,0.020390207990024445,0.022366633995218432,407.0113625000001,1109.7975382840089,189.47563043462122,642.3526082880161,208.990260786145,47.86902570056116,21.110013074664657,6.057832164559153,60.79585650275506,0.0,1176.651226951323,1583.6625894513231,0.0,116556.76525296908,118140.42784242041,1.5272274809993653,0.02104610417419865,0.06084332424286115,0.0818894284170598,117557.66380542578,582.7640369946275,24658.781377809006,59317.83233766344,19787.983496926314,79105.81583458975,11131.215079533124,2661.851513493902,26730.314410060615,26730.314410060615,2626.440195914732,29356.754605975348,1522.8667329485681,1522.8667329485681,0.0,28253.181143009184,0.03828673231587549,0.040380366575808,0.03224515592412416,0.9840796772999102,61221.27633300957,0.0,long_term_baseline
2050Q2,2050-06-30,2050,2,2050,78041.63025193631,36611.88214989548,0.015219177974386433,0.020390207990024445,0.02276633294218633,407.0113625000001,1125.498338537895,192.03025997968766,651.0132099058546,212.30057014111947,48.75966697152602,21.394631539707234,6.057832164559153,62.82043079095424,0.0,1194.3766014934085,1601.3879639934087,0.0,118140.42784242041,119741.81580641381,1.534332578905127,0.02086124347664568,0.061217409100127025,0.0820786525767727,119159.05176941918,582.7640369946275,24990.205820811836,60115.08907316203,20053.94235791528,80169.03143107731,11302.186594744086,2697.6279227859636,27030.25554429534,27030.25554429534,2661.851513493902,29692.107057789242,1538.5675332024543,1538.5675332024543,0.0,28568.823077497796,0.03830434094585438,0.040439217067556495,0.03228603680726345,0.9849014438074407,62415.65293450298,0.0,long_term_baseline
2050Q3,2050-09-30,2050,3,2050,78733.19162615138,36750.394806782766,0.015219177974387321,0.020390207990024445,0.02276633294218633,407.0113625000001,1141.3550881786725,194.61122782957216,659.7631025779516,215.7878936373567,49.51067970440013,21.682184429392173,6.057832164559153,63.78533032454449,0.0,1211.1982506677762,1618.2096131677763,0.0,119741.81580641381,121360.0254195816,1.5414086856256901,0.020678006522718454,0.06153431485002695,0.08221232137274541,120777.26138258696,582.7640369946275,25325.045982854695,60920.56247785544,20322.642238055134,81243.20471591057,11475.237633729716,2733.7730500919874,27370.332035291776,27370.332035291776,2697.6279227859636,30067.95995807774,1554.4242828432318,1554.4242828432318,0.0,28924.75631813501,0.038324425021148495,0.04046032682938152,0.03227581231826498,0.985831061499935,63626.85118517075,0.0,long_term_baseline
2050Q4,2050-12-31,2050,4,2051,79430.88123132168,36889.43149453083,0.015219177974386433,0.020390207990024445,0.022766332942187217,427.29039000000006,1157.4618922247935,197.21879559148095,668.6031731944616,219.39638767330248,50.27083487543332,21.972700890114346,6.063659804929099,64.7619659155606,0.0,1228.287517945283,1655.5779079452832,0.0,121360.0254195816,123015.60332752687,1.5487125589010662,0.021517595342075004,0.061854407198037586,0.0833720025401126,122432.83929053224,582.7640369946275,25667.725310300146,61744.893355345,20597.632829533868,82342.52618487887,11651.823400375712,2770.76439497753,27629.74912020506,27629.74912020506,2733.7730500919874,30363.522170297045,1590.8159420297227,1590.8159420297227,0.0,29220.565062234782,0.03834140270495146,0.04048408901361675,0.03232526897084057,0.9867110736782396,64855.138703116034,0.0,long_term_baseline
2051Q1,2051-03-31,2051,1,2051,80109.2122534556,37027.85847642142,0.015094632227163673,0.01921496163380243,0.02276633294218544,427.29039000000006,1173.848169776962,199.8874108539624,677.6502045749094,222.9940006300921,51.04653489336569,22.2700188246319,6.063659804929099,65.75855019256326,0.0,1245.6703797744544,1672.9607697744545,0.0,123015.60332752687,124688.56409730132,1.55648221458978,0.021335393420077897,0.06219860836146075,0.08353400178153865,124105.80006030669,582.7640369946275,26013.934422947365,62577.71529342585,20875.455975073164,83453.17126849902,11830.5575978369,2808.1367710234413,28222.186672547374,28222.186672547374,2770.76439497753,30992.951067524904,1607.2022195818913,1607.2022195818913,0.0,29829.388892129264,0.038361665049157154,0.04050446759856566,0.03223344668325465,0.9879164945343537,66100.80908289048,0.0,long_term_baseline
2051Q2,2051-06-30,2051,2,2051,80793.3361481909,37166.80490327331,0.015094632227163673,0.01921496163380243,0.022850408612718587,427.29039000000006,1190.5192822587558,202.5835143187026,686.7904253453466,226.55455767191916,52.02038562568608,22.570399297100906,6.063659804929099,67.01175434251738,0.0,1263.5946964062023,1690.8850864062024,0.0,124688.56409730132,126379.44918370753,1.5642311013361638,0.02115473430710995,0.06255935237473154,0.08371408668184148,125796.6851467129,582.7640369946275,26363.734677386725,63419.17588819711,21156.16091162351,84575.33679982062,12011.716867991006,2845.8968015145624,28407.37274878267,28407.37274878267,2808.1367710234413,31215.50951980611,1623.873332063685,1623.873332063685,0.0,30031.246080846355,0.03837575393931022,0.040536025273982625,0.0323344635739578,0.9888254915980704,67364.40377929668,1.4551915228366852e-11,long_term_baseline
2051Q3,2051-09-30,2051,3,2051,81483.30238602485,37306.272724295144,0.015094632227163673,0.01921496163380243,0.022850408612718587,427.29039000000006,1207.1831463640106,205.30758380014913,696.0254553729615,230.15894317013792,52.81726847858901,22.873895542173294,6.063659804929099,68.03789367771284,0.0,1281.2846998466525,1708.5750898466526,0.0,126379.44918370753,128088.02427355418,1.571954259619238,0.020975604939314996,0.06289802510833949,0.08387363004765448,127505.26023655955,582.7640369946275,26717.124512237846,64269.271383686515,21439.746386220748,85709.01776990727,12195.073636510522,2884.0443179039307,28889.061497758576,28889.061497758572,2845.8968015145624,31734.958299273134,1640.5371961689398,1640.5371961689398,0.0,30529.59869392751,0.038390278691154904,0.040553577598970325,0.03228476617910465,0.9896829910614321,68645.68847914334,0.0,long_term_baseline
2051Q4,2051-12-31,2051,4,2052,82179.16085992736,37446.26389600992,0.015094632227163673,0.01921496163380243,0.022850408612718587,450.937025,1224.0426490450698,208.05960713905225,705.3552534359575,233.8234634312535,53.62381883365423,23.18050620515284,6.070944355391532,69.07648028932907,0.0,1299.1900736897903,1750.1270986897903,0.0,128088.02427355418,129838.15137224397,1.579940096900604,0.021948971991505858,0.0632369598372625,0.08518593182876837,129255.38733524934,582.7640369946275,27079.24138578403,65140.360171998735,21730.33506568156,86870.6952376803,12382.316816292414,2923.1338954926277,28953.07821570572,28953.07821570572,2884.0443179039307,31837.12253360965,1681.0506184004612,1681.0506184004612,0.0,30634.12883410618,0.03840452730273533,0.04057178900394762,0.03225196240293369,0.9905131701342524,69944.87855283314,0.0,long_term_baseline
2052Q1,2052-03-31,2052,1,2052,82909.72255926982,37585.44010062169,0.014949853670766178,0.020776005458570612,0.022850408612718587,450.937025,1241.304682374137,210.8795922917931,714.9154528876841,237.56748097712,54.44746753251754,23.494688685022,6.070944355391532,70.1370806762583,0.0,1317.5127074057868,1768.4497324057868,0.0,129838.15137224397,131606.60110464974,1.5873482269895174,0.021755567915578915,0.0635637253020083,0.08531929321758722,131023.83706765513,582.7640369946275,27445.07669200068,66020.3938210616,22023.907683528876,88044.30150459048,12571.834002817164,2962.6248682468063,29559.401598461558,29559.401598461558,2923.1338954926277,32482.535493954187,1698.3126517295284,1698.3126517295284,0.0,31257.714250191086,0.038417820375875815,0.04058938589254859,0.03215319904170881,0.9916000607946085,71262.39126023892,0.0,long_term_baseline
2052Q2,2052-06-30,2052,2,2052,83646.77885396908,37725.133580227404,0.014949853670766178,0.020776005458570612,0.02253572169058371,450.937025,1258.7203806530067,213.7285347389553,724.5738221861492,241.2014741021229,55.40445224724582,23.812097378533704,6.070944355391532,70.23801971755174,0.0,1335.0293447259498,1785.9663697259498,0.0,131606.60110464974,133392.5674743757,1.5947125436504022,0.021563868025916352,0.06384127939016755,0.0854051474160839,132809.80343738108,582.7640369946275,27814.663532015504,66909.45195715973,22320.490802493383,89229.94275965312,12762.676336365092,3002.5208093473757,29768.32051600019,29768.32051600019,2962.6248682468063,32730.945384246996,1715.7283500083981,1715.7283500083981,0.0,31484.048866008587,0.03842259243163472,0.04057636421031414,0.0322437190178696,0.992297847885116,72597.42060496486,2.9103830456733704e-11,long_term_baseline
2052Q3,2052-09-30,2052,3,2052,84390.3874801053,37865.34625737856,0.014949853670766178,0.020776005458570612,0.02253572169058371,450.937025,1276.036726086833,216.60669225557072,734.3312352298261,244.72145248922297,56.244585107083935,24.13276100512953,6.070944355391532,71.30424343508403,0.0,1353.4119138773085,1804.3489388773085,0.0,133392.5674743757,135196.91641325303,1.602041659604006,0.021373857306025836,0.06415005093779762,0.08552390824382346,134614.1523762584,582.7640369946275,28187.98050412814,67807.48309751891,22620.067248308147,90427.55034582705,12955.802117766925,3042.8194085362734,30226.579194243513,30226.579194243513,3002.5208093473757,33229.10000359089,1733.0446954422243,1733.0446954422243,0.0,31959.62388968574,0.03842452930292394,0.04058432758293807,0.03219722830266561,0.9929153036923164,73950.83251884217,0.0,long_term_baseline
2052Q4,2052-12-31,2052,4,2053,85140.60668702472,38006.08006177218,0.014949853670767954,0.020776005458570612,0.022535721690584598,462.968345,1293.4385731493992,219.5138981758979,744.1871269952682,248.18612013948757,57.09476684263462,24.456660996110298,6.072401265484019,72.38322462741168,0.0,1371.894199042295,1834.862544042295,0.0,135196.91641325303,137031.77895729532,1.6094761863868505,0.02175076561067332,0.06445310891830276,0.08620387452897607,136449.0149203007,582.7640369946275,28567.638019404865,68720.76670597757,22924.73180296212,91645.4985089397,13152.075939036395,3083.802452919729,30544.56820664264,30544.568206642638,3042.8194085362734,33587.38761517891,1762.4793194148833,1762.4793194148833,0.0,32307.047526057522,0.038424282929922296,0.04058951151959296,0.03224399312357246,0.9934768930431079,75322.72671788446,0.0,long_term_baseline
2053Q1,2053-03-31,2053,1,2053,85878.75613703064,38146.96482258528,0.014910252990658845,0.01992533565251664,0.02253572169058371,462.968345,1311.0609016924386,222.47048107611536,754.2104145981019,251.63514260920203,57.958801193677346,24.786062215342323,6.072401265484019,73.47979371393005,0.0,1390.6130966718529,1853.5814416718529,0.0,137031.77895729532,138885.36039896717,1.617226036405996,0.021563812324494978,0.06477099386269407,0.08633480618718904,138302.59636197254,582.7640369946275,28951.09157892128,69643.181873385,23232.442577119713,92875.6244505047,13350.685062110206,3125.19527043633,31149.78752778997,31149.78752778997,3083.802452919729,34233.5899807097,1780.1016479579228,1780.1016479579228,0.0,32929.88917574789,0.038424299273550476,0.040592426289823604,0.032150831207552424,0.9943169144470891,76713.33981455631,0.0,long_term_baseline
2053Q2,2053-06-30,2053,2,2053,86623.30517275418,38288.37182920213,0.014910252990658845,0.01992533565251664,0.022725734639350792,462.968345,1328.874699157737,225.4566256708495,764.3339210603987,255.1282332649709,58.83716217538583,25.118756986132006,6.072401265484019,75.21305524533884,0.0,1410.16015566856,1873.12850066856,0.0,138885.36039896717,140758.48889963573,1.624949413081375,0.021378465948704923,0.06511689448266866,0.08649536043137358,140175.7248626411,582.7640369946275,29338.382427198376,70574.82781533274,23543.232668357334,94118.06048369007,13552.27963842748,3167.002313325175,31345.539284311344,31345.539284311344,3125.19527043633,34470.73455474767,1797.9154454232212,1797.9154454232212,0.0,33143.45472973456,0.038423454557078324,0.04061364427806307,0.032233975456489185,0.9948358160614481,78123.49997022488,0.0,long_term_baseline
2053Q3,2053-09-30,2053,3,2053,87374.3092771295,38430.303017536,0.014910252990657957,0.01992533565251664,0.022725734639350792,462.968345,1346.8434813571705,228.47265315180735,774.558735273275,258.63264771779217,59.724664120945285,25.454781093351098,6.072401265484019,76.34876805222264,0.0,1429.2646506748772,1892.2329956748772,0.0,140758.48889963573,142650.7218953106,1.632639194237955,0.021194712671505304,0.06543180312380412,0.08662651579530942,142067.95785831596,582.7640369946275,29729.543949659976,71515.78484199275,23857.12886754536,95372.91370953812,13756.273013661685,3209.2271854562046,31841.16233102106,31841.16233102106,3167.002313325175,35008.16464434624,1815.8842276226546,1815.8842276226546,0.0,33657.04655864371,0.03841997805176882,0.04061608395622883,0.03218625176533211,0.9954047459629369,79552.76462089975,-2.9103830456733704e-11,long_term_baseline
2053Q4,2053-12-31,2053,4,2054,88131.82441411512,38572.760330676436,0.014910252990658845,0.01992533565251664,0.022725734639350792,486.19494,1364.9015694896768,231.51882350797706,784.8857386408687,262.0801207647129,60.62272307301411,25.79416350310424,6.073858175576505,77.49799484693735,0.0,1448.4734225121908,1934.668362512191,0.0,142650.7218953106,144585.3902578228,1.6405582344289482,0.02206671395864722,0.06574122036580486,0.08780793432445208,144002.62622082816,582.7640369946275,30129.598962769254,72478.13556930052,24178.16184464102,96656.29741394153,13964.317757274106,3252.412086843265,32910.0454357233,32910.0454357233,3209.2271854562046,36119.27262117951,1857.1703676652535,1857.1703676652535,0.0,34767.21580338856,0.038416356307009535,0.040615943705499244,0.03247958742152108,0.9959243317023018,81001.23804341194,0.0,long_term_baseline
2054Q1,2054-03-31,2054,1,2054,88891.20434754388,38714.97092715584,0.0148290126082804,0.01979116344579368,0.022725734639350792,486.19494,1383.3587941841338,234.63425192256557,795.4475378730715,265.5971324686093,61.53860977188507,26.141262148002735,6.073858175576505,78.67004562350985,0.0,1468.1026979832202,1954.2976379832203,0.0,144585.3902578228,146539.687895806,1.648528546456295,0.02187820239667768,0.066062900542703,0.08794110293938069,145956.92385881138,582.7640369946275,30533.629865972227,73450.0504830276,24502.38536251622,97952.43584554382,14174.831972038224,3296.0261752570973,33587.62862026603,33587.628620266034,3252.412086843265,36840.0407071093,1875.6275923597102,1875.6275923597102,0.0,35463.25621262575,0.03841185743123197,0.04061551987694797,0.032405458365560566,0.9967029848838034,82469.34074139516,0.0,long_term_baseline
2054Q2,2054-06-30,2054,2,2054,89657.12740982682,38857.705827666825,0.014829012608279513,0.01979116344579479,0.022859099804621197,486.19494,1401.9709202295155,237.78064258125872,806.1143040512263,269.1504998583866,62.43366335501531,26.491810383628916,6.073858175576505,80.32069466204165,0.0,1488.3654730671337,1974.5604130671336,0.0,146539.687895806,148514.24830887315,1.656468956784749,0.021691301251604046,0.06640255007340341,0.08809385132500745,147931.48427187852,582.7640369946275,30941.670026731055,74431.6098501384,24829.826197627604,99261.43604776601,14388.305144752732,3340.073052628727,33861.63200792324,33861.63200792324,3296.0261752570973,37157.658183180334,1894.2397184050922,1894.2397184050922,0.0,35755.87172632833,0.03840798087537871,0.04062695900172532,0.032495766027440066,0.9972612982938036,83957.7062144623,0.0,long_term_baseline
2054Q3,2054-09-30,2054,3,2054,90429.64997924482,39000.96696522091,0.014829012608281289,0.019791163445792792,0.022859099804621197,486.19494,1420.7944816190072,240.9582553331681,816.8869181052672,272.7301886497408,63.37328237032804,26.845837160503393,6.073858175576505,81.53032547515922,0.0,1508.398665269743,1994.593605269743,0.0,148514.24830887315,150508.8419141429,1.6643749251344808,0.021505996765954095,0.06672142004822298,0.08822741681417708,149926.07787714826,582.7640369946275,31353.764990554562,75422.92323244837,25160.520898974217,100583.44413142258,14604.311119693357,3384.557635477739,34412.224181790036,34412.224181790036,3340.073052628727,37752.297234418766,1913.0632797945839,1913.0632797945839,0.0,36325.28746158462,0.03840531222717632,0.04062636905066898,0.03244780152072386,0.9977908485368263,85466.10487973205,0.0,long_term_baseline
2054Q4,2054-12-31,2054,4,2055,91208.82891985717,39144.756279956215,0.014829012608279513,0.01979116344579368,0.022859099804622085,508.6235875,1439.851891978524,244.16744486394364,827.7665824761192,276.3904352950033,64.32404734830634,27.203381995152327,6.0767719957614785,82.75430823507148,0.0,1528.6829722093569,2037.3065597093569,0.0,150508.8419141429,152546.14847385226,1.6724932254956435,0.022305892687073718,0.06704100865290447,0.08934690133997818,151963.38443685762,582.7640369946275,31774.797137201032,76435.7354189426,25498.3874399791,101934.12285892169,14824.457476695074,3430.006964039817,34726.84664991878,34726.84664991878,3384.557635477739,38111.404285396515,1954.5522514742854,1954.5522514742854,0.0,36681.39890139306,0.03840042013745902,0.040627060915966316,0.032487962594204896,0.9983450334817957,86994.78785194141,0.0,long_term_baseline
2055Q1,2055-03-31,2055,1,2055,91998.29702064375,39289.12037721519,0.014833626650489373,0.019945074784910366,0.022859099804621197,508.6235875,1459.2323457256282,247.44623270595304,838.8821962228932,280.04220450740684,65.29303131590513,27.568680973470027,6.0767719957614785,84.00175218054687,0.0,1549.3108699019365,2057.9344574019365,0.0,152546.14847385226,154604.08293125418,1.6805102696255578,0.022114478375001596,0.06736258909463433,0.08947706746963592,154021.31889425954,582.7640369946275,32200.004047677925,77458.59019177343,25839.604112383993,103298.19430415743,15047.213594891306,3475.9069475329,35416.304364614945,35416.304364614945,3430.006964039817,38846.31132865476,1973.9327052213896,1973.9327052213896,0.0,37390.23706983634,0.0383935501264566,0.04062536839905865,0.032404166455023746,0.999116783623011,88544.09872184334,-2.9103830456733704e-11,long_term_baseline
2055Q2,2055-06-30,2055,2,2055,92794.59844984312,39434.016882759664,0.014833626650488485,0.019945074784910366,0.022480077339169124,508.6235875,1478.723202895257,250.75753152129184,850.1080273547116,283.72158643297905,66.19845549547875,27.937602090795682,6.0767719957614785,83.86194693240375,0.0,1568.661921823422,2077.285509323422,0.0,154604.08293125418,156681.36844057761,1.6884750950807363,0.021924706653045918,0.06761867384646564,0.08954338049951156,156098.60440358298,582.7640369946275,32629.409504102063,78491.54475991633,26184.190000673578,104675.73476058991,15271.199985716172,3522.260153174837,35689.84119204001,35689.84119204001,3475.9069475329,39165.74813957291,1993.4235623910183,1993.4235623910183,0.0,37683.26475443103,0.03838808636290529,0.04058526507403919,0.03249499008011695,0.9996452280299989,90112.76064366677,2.9103830456733704e-11,long_term_baseline
2055Q3,2055-09-30,2055,3,2055,93597.79235408481,39579.447760087416,0.014833626650490261,0.019945074784911254,0.022480077339169124,508.6235875,1498.4540342185824,254.1015265131948,861.4447037400798,287.41378057150735,67.18385741265806,28.310165981142745,6.0767719957614785,85.11028003424195,0.0,1589.6410862485857,2098.2646737485857,0.0,156681.36844057761,158779.6331143262,1.6964036129576159,0.021736563425592485,0.06793498206602563,0.08967154549161811,158196.86907733156,582.7640369946275,33063.06519955712,79534.72347346073,26532.186587104046,106066.91006056478,15497.821656109685,3569.072161099976,36221.88359359585,36221.883593595834,3522.260153174837,39744.14374677067,2013.1543937143438,2013.1543937143438,0.0,38235.03798731018,0.03838375001111108,0.04058277259306596,0.032453164424413504,1.0,91702.40172991535,0.0,long_term_baseline
2055Q4,2055-12-31,2055,4,2056,94407.93839194835,39725.414979937486,0.014833626650489373,0.019945074784910366,0.022480077339169124,527.2519,1518.425151989649,257.478620241551,872.8935901212297,291.185671198089,68.18085293393845,28.686417494841052,6.084056546223911,86.37330021910392,0.0,1610.882508754977,2138.134408754977,0.0,158779.6331143262,160917.7675230812,1.7044940315824668,0.022339303621313568,0.06825199389768105,0.09059129751899463,160335.00348608656,582.7640369946275,33505.03720786797,80597.90745993773,26886.856782380975,107484.7642423187,15728.420142464813,3616.7818934350435,36519.4514007494,36519.45140074939,3569.072161099976,40088.52356184937,2051.761108535873,2051.761108535873,0.0,38571.212509285266,0.038380746776854706,0.04058159040070567,0.032351469912465125,1.0,93313.28423867033,2.9103830456733704e-11,long_term_baseline
2056Q1,2056-03-31,2056,1,2056,95240.53370351072,39872.106310048424,0.01485254191540597,0.02058758735569799,0.022480077339169124,527.2519,1538.827797934821,260.92047725627185,884.5620343728148,295.0800578455469,69.19534399170398,29.069884468484155,6.084056546223911,87.65848421037597,0.0,1632.570338691421,2159.8222386914213,0.0,160917.7675230812,163077.5897617726,1.712270851709447,0.02214401282720089,0.0685661986638465,0.0907102114910474,162494.82572477797,582.7640369946275,33951.40417150073,81671.66371350783,27245.053806581323,108916.71752008915,15961.73798338636,3664.9660498016997,37224.51443241749,37224.51443241749,3616.7818934350435,40841.296325852534,2072.163754481045,2072.163754481045,0.0,39296.678186898534,0.038377739439907736,0.04058148118310811,0.03231370533744481,1.0,94945.85457736175,0.0,long_term_baseline
2056Q2,2056-06-30,2056,2,2056,96080.47177633495,40019.33931722782,0.01485254191540597,0.02058758735569799,0.022908651366030597,527.2519,1559.4425725902438,264.396559985562,896.3465092557465,299.0131829557815,70.22915576787254,29.457164625281163,6.084056546223911,90.64047784164525,0.0,1656.167106978113,2183.419006978113,0.0,163077.5897617726,165261.0087687507,1.7200270326883973,0.021950429270471774,0.06894916631273389,0.09089959558320565,164678.24473175607,582.7640369946275,34402.21178532295,82756.1021552758,27606.814328560347,110362.91648383615,16199.486899754542,3713.6295628424186,37546.08109159478,37546.08109159477,3664.9660498016997,41211.04714139647,2092.778529136468,2092.778529136468,0.0,39638.859620731244,0.03837449117846461,0.040622800702352274,0.032354826622489195,1.0,96602.02168433987,0.0,long_term_baseline
2056Q3,2056-09-30,2056,3,2056,96927.8173671428,40167.11600168965,0.01485254191540597,0.0205875873556971,0.022908651366030597,527.2519,1580.2634211408085,267.9072242782025,908.24822115415,302.9844642058276,71.27521389128255,29.848297611345938,6.084056546223911,91.99056111004478,0.0,1678.3380387970774,2205.5899387970776,0.0,165261.0087687507,167466.5987075478,1.727745483767766,0.02175853802641103,0.06926135693079213,0.09101989495720317,166883.83467055316,582.7640369946275,34857.5044399281,83851.32956885523,27972.17397052977,111823.503539385,16440.049466833356,3762.7772244066687,37968.216423148515,37968.21642314852,3713.6295628424186,41681.84598599094,2113.5993776870328,2113.5993776870328,0.0,40081.81580083555,0.0383712253182478,0.040622722838284775,0.032332790514310025,1.0,98280.35972313695,0.0,long_term_baseline
2026Q4,2026-12-31,2026,4,2027,32494.749328920883,24334.483486635447,-0.02,0.02374108660242924,0.02771554138299126,194.872,262.77373580186674,55.91196830625741,138.7066086465815,45.90202768161394,6.830451248587104,15.422679918826764,4.968063415379199,15.669722733652822,0.0,283.41152195089876,478.2835219508988,5.538,32215.665354410852,32699.486876361752,1.0063006347692809,0.023988121653434096,0.03488705440772952,0.05887517606116361,32116.722839367125,582.7640369946275,6900.719597135018,16599.998264328406,5537.634784657662,22137.633048986067,2333.4554051875534,744.9147880584759,7665.516018009889,7665.51601800989,734.0288243174178,8399.544842327308,468.151799217246,468.151799217246,0.0,8133.667817227136,0.04609959276180814,0.03518928059787473,0.08383483966658266,0.2734150701709626,283.41152195089876,0.0,passing_the_buck_500bp
2027Q1,2027-03-31,2027,1,2027,32517.71732280901,24211.887731116716,-0.02,0.023296209984862815,0.026152401325720165,194.872,370.1700505911899,142.81039206270918,155.50621409485328,47.832561402724565,8.418975029950598,15.601908000952285,4.968063415379199,15.10898639416756,0.0,390.2471004007367,585.1191004007367,5.538,32699.486876361752,33290.14397676248,1.0237540244994894,0.02397117830448822,0.04800424292107422,0.07197542122556243,32707.37993976786,582.7640369946275,7024.699018895542,16898.236463557885,5637.124808684701,22535.361272242586,2389.0216034508285,758.2980451788922,7820.433550822089,7820.43355082209,744.9147880584759,8565.348338880565,575.5481140065692,575.5481140065692,0.0,8395.98166482866,0.04834168757309773,0.04773739745535198,0.08374712192371968,0.3114431881838891,673.6586223516355,-7.275957614183426e-12,passing_the_buck_500bp
2027Q2,2027-06-30,2027,2,2027,32535.292940369363,24089.909606100784,-0.02,0.022616048740021766,0.02507028033791192,194.872,395.32328562167703,145.13028173038174,173.8470840941636,50.18875277293736,10.297711636625886,15.859455387568357,4.968063415379199,14.834614291626274,0.0,415.12596332868253,609.9979633286825,5.538,33290.14397676248,33905.67994009117,1.042120014171486,0.023958229035424532,0.05103700330462981,0.07499523234005434,33322.915903096546,582.7640369946275,7154.096725346078,17209.50859572491,5740.962854878158,22950.47145060307,2446.0815350645357,772.2661920828573,7926.909522083838,7926.909522083837,758.2980451788922,8685.207567262729,600.7013490370563,600.7013490370563,0.0,8527.610871120893,0.050517801842078006,0.04987974382068793,0.0837547021761706,0.3481871603542527,1088.784585680318,0.0,passing_the_buck_500bp
2027Q3,2027-09-30,2027,3,2027,32549.94864533719,23968.546000000006,-0.02,0.022248000239960097,0.024382592342289344,194.872,420.90213948143173,147.5890154438896,192.72536974768812,52.5894884009301,11.879668641530317,16.118597247393637,4.968063415379199,14.776026093081922,0.0,440.64622898989285,635.5182289898928,5.538,33905.67994009117,34546.736169081065,1.0613453356102274,0.023947441776122815,0.05415015965661326,0.07809760143273607,33963.972132086434,582.7640369946275,7289.004399484202,17534.035208495443,5849.222496283483,23383.257704778927,2504.8809021110633,786.8291257122407,8091.143309867532,8091.143309867531,772.2661920828573,8863.409501950387,626.280202896811,626.280202896811,0.0,8717.423512764342,0.052751478619923575,0.05198494526798839,0.08371227776251552,0.38510409986146427,1529.430814670211,0.0,passing_the_buck_500bp
2027Q4,2027-12-31,2027,4,2028,32727.07720050504,23968.546000000006,0.0,0.021945305341696475,0.024162847358085493,215.4585,447.9770905266481,150.18993565137197,212.72345057038578,55.16176617923632,13.508353291439573,16.393584834214533,5.137064986107641,14.996059284267206,0.0,468.110214797023,683.568714797023,2.14175,34546.736169081065,35232.44663387809,1.0765534122715483,0.026333973997124935,0.05721381251727535,0.08354778651440029,34649.68259688346,582.7640369946275,7433.48369172453,17881.58678868377,5965.163093943028,23846.7498826268,2567.023731834027,802.4252906980962,8022.48153738188,8022.48153738188,786.8291257122407,8809.31066309412,670.7144055127557,670.7144055127557,0.0,8693.195942894636,0.05458754633131724,0.05420022458920172,0.08346877322722825,0.41551256317749463,1997.541029467234,0.0,passing_the_buck_500bp
2028Q1,2028-03-31,2028,1,2028,32903.007321605444,23968.546000000006,0.0,0.0216767083117837,0.023850744937782276,215.4585,472.9322887597373,153.01826179414945,230.1945377928837,58.03091127043561,14.986095476387613,16.702482425880866,5.137064986107641,15.171330566627459,0.0,493.24068431247235,708.6991843124723,2.14175,35232.44663387809,35943.28756819056,1.0924012877263272,0.026193168046195123,0.05996299116264556,0.08615615920884068,35360.52353119593,582.7640369946275,7583.338609341024,18242.069682868845,6085.417480860826,24327.48716372967,2631.0960176200533,818.6017405051794,8238.952199457772,8238.952199457772,802.4252906980962,9041.377490155868,695.6696037458448,695.6696037458448,0.0,8934.621803203616,0.056494803453966035,0.055998459537941046,0.08338325426793425,0.4470109931586839,2490.7817137797065,-7.275957614183426e-12,passing_the_buck_500bp
2028Q2,2028-06-30,2028,2,2028,33078.45806907888,23968.546000000006,0.0,0.02150065998978512,0.023590801926968608,215.4585,499.5061216761336,155.95135850109816,248.67473069587598,60.823819406601466,17.0313433744015,17.024869698156447,5.137064986107641,15.381999625291852,0.0,520.0251862875331,735.483686287533,2.14175,35943.28756819056,36680.91300447809,1.1089063742897594,0.026054237419416662,0.06288384847946016,0.0889380858988768,36098.14896748346,582.7640369946275,7738.9178241253085,18616.32263707625,6210.265456413531,24826.58809348978,2697.2469365190236,835.3961133493469,8400.526250303397,8400.526250303397,818.6017405051794,9219.127990808576,722.2434366622412,722.2434366622412,0.0,9122.76968696564,0.058343454692066574,0.05787174423607818,0.08333390834604508,0.4778886523206932,3010.8069000672394,0.0,passing_the_buck_500bp
2028Q3,2028-09-30,2028,3,2028,33251.27226160394,23968.546000000006,0.0,0.02106182624872388,0.023346411992499982,215.4585,526.6187050010525,159.01541399121461,267.6453101405641,63.72653483820185,18.869826305389015,17.361619725682807,5.137064986107641,15.606780611821467,0.0,547.3625505989816,762.8210505989815,2.14175,36680.91300447809,37445.87580507707,1.1261486631390265,0.025918827803626053,0.06584560690401427,0.09176443470764031,36863.111768082446,582.7640369946275,7900.337388866886,19004.624821626872,6339.800149724121,25344.424971350993,2765.5284710362434,852.8209368283193,8523.637098463598,8523.637098463598,835.3961133493469,9359.033211812945,749.35601998716,749.35601998716,0.0,9272.993118450759,0.06010149629126543,0.059689086859114796,0.08334083267083622,0.5070301345345619,3558.169450666221,-7.275957614183426e-12,passing_the_buck_500bp
2028Q4,2028-12-31,2028,4,2029,33567.27804848896,24072.26500958159,0.01742186418178404,0.020775810233577552,0.02309377715644856,173.80475,553.988726194189,162.21367743690934,286.59483450091807,66.85005478322783,20.617068615209455,17.713090857924193,5.268186894431433,15.830184595065484,0.0,575.0870976836859,748.8918476836859,-2.42575,37445.87580507707,38192.34190276076,1.1377848941934092,0.020711211644737323,0.06852948837292736,0.08924070001766467,37609.57786576613,582.7640369946275,8057.7244357839845,19383.226599148205,6466.098860082461,25849.325459230666,2832.71751028767,869.8104604638072,8497.898389356065,8497.898389356065,852.8209368283193,9350.719326184384,730.6359130886204,730.6359130886204,0.0,9228.534302444685,0.06146337849396614,0.06143128826013071,0.08308291358251661,0.5298238246294465,4133.2565483499075,7.275957614183426e-12,passing_the_buck_500bp
2029Q1,2029-03-31,2029,1,2029,33886.340980372326,24177.969524360276,0.017680562926939647,0.020522825130940392,0.02297286568423096,173.80475,578.017590020644,165.34450542228737,302.5465573271736,69.90091586195312,22.170520776152063,18.05509063307746,5.268186894431433,16.130604933886623,0.0,599.416381848962,773.221131848962,-2.42575,38192.34190276076,38963.13728460972,1.1498183680314726,0.020516201510298364,0.07075610579450363,0.09127230730480199,38380.37324761509,582.7640369946275,8220.287565412966,19774.279681613003,6596.551232282892,26370.830913895894,2901.8960394989326,887.3587288072958,8695.970981528808,8695.970981528808,869.8104604638072,9565.781441992614,754.6647769150754,754.6647769150754,0.0,9450.635758443883,0.06282365452972132,0.06277869876375744,0.08300931783622405,0.5529126810882604,4732.67293019887,0.0,passing_the_buck_500bp
2029Q2,2029-06-30,2029,2,2029,34205.573087708595,24282.728560473675,0.01744428695602207,0.020418069374665837,0.022841686194156274,173.80475,602.9240918868302,168.57754724770624,318.6651012306089,73.05472931974312,24.2184572596648,18.40825682910735,5.268186894431433,16.430970230481215,0.0,624.6232490117428,798.4279990117428,-2.42575,38963.13728460972,39759.13953362146,1.1623585265381355,0.02032472890360137,0.07304344790950974,0.09336817681311112,39176.37549662683,582.7640369946275,8388.215830682739,20178.23884453382,6731.308976021849,26909.54782055567,2973.125695756148,905.4861496322769,8853.593815690789,8853.593815690789,887.3587288072958,9740.952544498085,779.5712787812616,779.5712787812616,0.0,9633.16509447205,0.06404699120035827,0.06412453334536451,0.08291900017647245,0.5752977744119095,5357.2961792106125,0.0,passing_the_buck_500bp
2029Q3,2029-09-30,2029,3,2029,34528.19057048822,24389.00036245153,0.017620997896754975,0.020285549943514614,0.02275805762511629,173.80475,627.4198893390029,171.91648344984276,334.3812100974148,76.19694300937624,26.14999746974394,18.775255312625237,5.268186894431433,16.773165807478307,0.0,649.4612420409127,823.2659920409127,-2.42575,39759.13953362146,40579.979775662374,1.1752709628041358,0.02013482283645105,0.0752383755198591,0.09537319835631014,39997.21573866774,582.7640369946275,8561.42076132553,20594.89126861393,6870.301096379837,27465.192364993767,3046.419439545713,924.1831728027333,8988.098523174607,8988.098523174607,905.4861496322769,9893.584672806885,804.0670762334344,804.0670762334344,0.0,9792.165599408041,0.06528657254136118,0.06533956716962748,0.08294513729181593,0.5962036875718207,6006.757421251526,0.0,passing_the_buck_500bp
2029Q4,2029-12-31,2029,4,2030,34855.54358176037,24497.541313226066,0.017920813193843088,0.020183196343088072,0.022686563355431177,192.2015,652.9708960484521,175.38070429575325,350.73543702299884,79.52818396993084,28.170564045500736,19.15600671426866,5.3789120614604125,17.13311876928073,0.0,675.4829268791932,867.6844268791932,-5.94,40579.979775662374,41441.72420254156,1.1889564741784056,0.02205692182641243,0.07751799082343597,0.0995749126498484,40858.96016554694,582.7640369946275,8743.359367401254,21032.552950494937,7016.301747398224,28048.854697893163,3122.923126661356,943.8229735911642,9131.835157386198,9131.835157386198,924.1831728027333,10056.018330188932,844.6113081099124,844.6113081099124,0.0,9976.44646549611,0.06639072599898342,0.0665828746700668,0.08290291240637933,0.6158946107226043,6682.240348130719,0.0,passing_the_buck_500bp
2030Q1,2030-03-31,2030,1,2030,35185.787659983565,24607.027742665883,0.017997333864965714,0.02008187040489151,0.022638322874940497,192.2015,678.32190970274,179.04214144595917,366.80577659951706,82.93547416307244,29.984865038816302,19.55365245537492,5.3789120614604125,17.52634179296895,0.0,701.2271635571693,893.4286635571693,-5.94,41441.72420254156,42329.21286609874,1.2030201874445834,0.021849901654307863,0.07971709149540146,0.10156699314970931,41746.44882910411,582.7640369946275,8930.758861867389,21483.351050473586,7166.684608862957,28650.035659336543,3201.6020447780375,964.0522631221374,9334.623186069008,9334.623186069008,943.8229735911642,10278.446159660172,869.9623217642003,869.9623217642003,0.0,10204.585507833208,0.06752541384929575,0.06768320353950563,0.08287035844019143,0.6353446976731126,7383.467511687889,7.275957614183426e-12,passing_the_buck_500bp
2030Q2,2030-06-30,2030,2,2030,35516.65777720346,24716.041432773058,0.017838848225115722,0.01995316485744958,0.022612820884429397,192.2015,704.910984697248,182.79030700527056,383.55266644762145,86.44616206396665,32.15391668047188,19.96793249991728,5.3789120614604125,17.947828255418436,0.0,728.2377250141268,920.4392250141268,-5.94,42329.21286609874,43243.71209111286,1.2175614147699745,0.02164634985709331,0.08201647008368561,0.10366281994077892,42660.948054118235,582.7640369946275,9123.885936813318,21947.927108632546,7321.663693728799,29269.590802361345,3282.5714848283637,984.8998301152128,9576.995388257443,9576.995388257443,964.0522631221374,10541.04765137958,896.5513967587083,896.5513967587083,0.0,10473.546785016151,0.06870188701134823,0.0688165619632742,0.08289934409226295,0.6553947338309116,8111.705236702016,0.0,passing_the_buck_500bp
2030Q3,2030-09-30,2030,3,2030,35850.49897484923,24825.52786221287,0.017837173553037378,0.019938881222312688,0.022609552821165613,192.2015,732.9049311586692,186.69751598204252,401.45157736619603,90.20220822607521,34.16127860181982,20.392350982535483,5.3789120614604125,18.39909670027135,0.0,756.6829399204009,948.884439920401,-5.94,43243.71209111286,44186.656531033266,1.2325255657398864,0.02144477823138118,0.08442648906518693,0.10587126729656811,43603.892494038635,582.7640369946275,9323.043217072443,22427.0091029223,7481.481849974218,29908.490952896518,3365.959981933181,1006.3983421364986,9771.050731642572,9771.050731642572,984.8998301152128,10755.950561757785,924.5453432201296,924.5453432201296,0.0,10695.596074862702,0.06989610139484778,0.06999241307740638,0.0828694867383901,0.6748302631549313,8868.388176622417,7.275957614183426e-12,passing_the_buck_500bp
2030Q4,2030-12-31,2030,4,2031,36186.034286952054,24935.10883951922,0.01777342391157455,0.019839987430776862,0.02260563078501021,184.328,762.1346173198476,190.70284900521685,420.03527483422704,93.93556035596818,36.62848744221008,20.832445682225526,5.499835599136797,18.863250950212453,0.0,786.4977038691968,970.8257038691968,-9.2495,44186.656531033266,45148.232734902456,1.2476700921930532,0.0203755955724018,0.0869393642455915,0.10731495981799329,44565.46869790783,582.7640369946275,9526.114001155871,22915.505210592033,7644.440483760029,30559.945694352064,3451.089695651372,1028.3193067485338,9687.309795364654,9687.309795364654,1006.3983421364986,10693.708137501153,942.7129529189843,942.7129529189843,0.0,10630.022748283638,0.07066091816483919,0.07119775657312492,0.08271235664659557,0.687267350173289,9654.885880491613,-7.275957614183426e-12,passing_the_buck_500bp
2031Q1,2031-03-31,2031,1,2031,36524.98226400305,25045.446199757793,0.01781775002184327,0.01982598390139856,0.02258993228072148,184.328,787.4680549909518,194.80903132363758,435.67417035101624,97.74308883437365,37.9581256304965,21.28363885142778,5.499835599136797,19.327009134786657,0.0,812.2948997248752,996.6228997248752,-9.2495,45148.232734902456,46135.606134627335,1.2631246690596198,0.020186512197889632,0.0889577324203579,0.10914424461824752,45552.84209763271,582.7640369946275,9734.641887568772,23417.128628815746,7811.778289784004,31228.90691859975,3538.4639400565407,1050.8293514076502,9990.736867437596,9990.736867437594,1028.3193067485338,11019.056174186127,968.0463905900885,968.0463905900885,0.0,10958.783258027683,0.0715348176759273,0.07196692765313221,0.0826495086538845,0.7013970679735119,10467.180780216488,0.0,passing_the_buck_500bp
2031Q2,2031-06-30,2031,2,2031,36866.39910685036,25155.878107862893,0.017754036595319045,0.019811706497828263,0.02259593162071094,184.328,814.8711852978527,199.0490899960625,451.78670351391185,101.81232818253363,40.48140432472022,21.741659280624276,5.499835599136797,19.82154678903462,0.0,840.1925676860241,1024.5205676860242,-9.2495,46135.606134627335,47150.877202313364,1.2789661682350741,0.019999566485000043,0.09116079552558232,0.11116036201058237,46568.11316531873,582.7640369946275,9949.072710968518,23932.951833359824,7983.853037909433,31916.804871269258,3628.25898027183,1073.9766028091333,10138.734410788853,10138.734410788851,1050.8293514076502,11189.563762196502,995.4495208969894,995.4495208969894,0.0,11134.18393168584,0.07227637531301251,0.07284547776260061,0.08270885515571809,0.7138319260187848,11307.373347902512,7.275957614183426e-12,passing_the_buck_500bp
2031Q3,2031-09-30,2031,3,2031,37209.60057628394,25265.93182450188,0.017614655473791707,0.019797160110517797,0.022579104221777335,184.328,841.6553350567997,203.35904621219652,468.36677143141213,105.83500560683584,41.89541542629034,22.199096380064788,5.499835599136797,20.309545076390307,0.0,867.4647157323268,1051.7927157323268,-9.2495,47150.877202313364,48193.42041804569,1.29518779217325,0.019815101172301647,0.0932517094833012,0.11306681065560285,47610.65638105106,582.7640369946275,10169.273136107282,24462.654080155287,8160.5577303231175,32623.211810478406,3720.4247667066807,1097.7466677586976,10415.262520414395,10415.262520414397,1073.9766028091333,11489.23912322353,1022.2336706559364,1022.2336706559364,0.0,11437.496191070333,0.07310480081463262,0.07359054738347616,0.08254488342244097,0.727172312269992,12174.83806363484,-7.275957614183426e-12,passing_the_buck_500bp
2031Q4,2031-12-31,2031,4,2032,37555.06036168092,25376.26918474045,0.017582923791722438,0.019727225080271582,0.0225727995952707,192.24275,870.3709469684553,207.65655743931072,485.46338523264956,109.9663613154678,44.613429925140714,22.671213055886497,5.6120176762582625,20.819685743618763,0.0,896.8026503883323,1089.0454003883324,-11.316,48193.42041804569,49271.149818434016,1.3119709925618317,0.020475829158421884,0.09551870152799749,0.11599453068641939,48688.38578143939,582.7640369946275,10396.943164182878,25010.32480024418,8343.256570516369,33353.58137076055,3815.5381895181495,1122.3230569778177,10573.859203739079,10573.859203739079,1097.7466677586976,11671.605871497777,1056.9097146447136,1056.9097146447136,0.0,11630.768918383792,0.07379307082221434,0.07443361708790695,0.08256956569998616,0.7388137814369933,13071.640714023171,-7.275957614183426e-12,passing_the_buck_500bp
2032Q1,2032-03-31,2032,1,2032,37903.323994075035,25487.079284311665,0.017581469158450158,0.01968526656714742,0.02257678241908323,192.24275,898.456259937482,212.1236329072412,502.8080547742394,114.23877369338697,46.1238564742343,23.16194208837968,5.6120176762582625,21.355681358176327,0.0,925.4239589719165,1117.6667089719165,-11.316,49271.149818434016,50377.50052740594,1.3291050815300747,0.02028769297701183,0.09766150948835799,0.11794920246536982,49794.736490411306,582.7640369946275,10630.663078926722,25572.54880086834,8530.810275827054,34103.35907669539,3913.1618190127992,1147.552515776395,10877.49959949374,10877.49959949374,1122.3230569778177,11999.822656471557,1084.9950276137404,1084.9950276137404,0.0,11962.49462710748,0.07454014983118974,0.07512907349490625,0.08242738179622762,0.7514748971367103,13997.064672995088,0.0,passing_the_buck_500bp
2032Q2,2032-06-30,2032,2,2032,38254.66436095058,25598.362123215524,0.017579698909776065,0.01967074272996472,0.02256916678199805,192.24275,928.1816206762704,216.73264352161826,520.2627026088271,118.6256548606039,48.8952179286225,23.665401756598715,5.6120176762582625,21.8947571178946,0.0,955.6883954704233,1147.9311454704234,-11.316,50377.50052740594,51514.11567287636,1.3466100548371482,0.02010136575096831,0.09992908435458307,0.1200304501055514,50931.35163588173,582.7640369946275,10870.786164745808,26150.1759239117,8723.502347126861,34873.67827103856,4013.4140198072078,1173.473180290156,11055.828550711669,11055.828550711667,1147.552515776395,12203.381066488062,1114.7203883525287,1114.7203883525287,0.0,12170.548939064196,0.07515261674599776,0.07588216052525415,0.08244239520959983,0.7625455555599516,14952.75306846551,0.0,passing_the_buck_500bp
2032Q3,2032-09-30,2032,3,2032,38609.61597939811,25710.11770145202,0.017577617243731636,0.01971028327301072,0.022571739816290792,192.24275,957.1729191394415,221.465091141284,537.8016687231042,123.13368586866288,50.58719116061032,24.185282245780122,5.6120176762582625,22.458222788345992,0.0,985.2431596040458,1177.485909604046,-11.316,51514.11567287636,52680.2855824804,1.3644343318667123,0.019916566909402023,0.10207230863210516,0.12198887554150718,52097.521545485775,582.7640369946275,11117.154296516883,26742.82579212017,8921.20589341978,35664.03168553995,4116.267582106908,1200.0679813220377,11334.29295494356,11334.29295494356,1173.473180290156,12507.766135233716,1143.7116868156997,1143.7116868156997,0.0,12478.004641759258,0.07578885132566447,0.076502771850769,0.08231934054956976,0.7739744686420469,15937.996228069556,-7.275957614183426e-12,passing_the_buck_500bp
2032Q4,2032-12-31,2032,4,2033,38969.17761522756,25822.818758353802,0.017649746885700424,0.0197758101815233,0.02257356533731114,249.09275,987.3864901146524,226.3452614770838,555.4319341482349,127.75994885191716,53.1279452221822,24.72140041523398,5.6542680689403735,23.03561713817706,0.0,1016.0763753217698,1265.1691253217698,-14.7595,52680.2855824804,53930.69520780217,1.3839320844874143,0.025568181341621612,0.10429538804788414,0.12986356938950575,53347.93117080755,582.7640369946275,11381.544216517144,27378.82790049919,9133.37142153574,36512.199322034925,4225.579444589805,1228.6081876656715,12235.207212712856,12235.207212712856,1200.0679813220377,13435.275194034894,1227.3740081835929,1227.3740081835929,0.0,13462.581220896449,0.0770474311513673,0.07715040752624021,0.08298418821276109,0.7975412039301084,16954.072603391327,0.0,passing_the_buck_500bp
2033Q1,2033-03-31,2033,1,2033,39332.32559763485,25936.27619818781,0.017690923464234398,0.019759214646802636,0.022564008293708637,249.09275,1027.876384983983,231.6144248061239,583.3469701157866,132.7256830374712,54.88919292009554,25.300114104505347,5.6542680689403735,23.637424018094077,0.0,1057.1680770710175,1306.2608270710175,-14.7595,53930.69520780217,55222.19653487319,1.403990119978917,0.025332115120594703,0.10751137249149463,0.13284348761208933,54639.43249787856,582.7640369946275,11654.656107158748,28035.81111026477,9352.536087543682,37388.347197808456,4338.339284785986,1258.0899081253763,12619.035046411924,12619.035046411926,1228.6081876656715,13847.643234077597,1267.8639030529234,1267.8639030529234,0.0,13886.898949464849,0.07837645590460579,0.07840937877752976,0.08291276635929196,0.822209469022225,18011.240680462346,0.0,passing_the_buck_500bp
2033Q2,2033-06-30,2033,2,2033,39698.94284544474,26050.395473087516,0.017716447921211298,0.01974238719039123,0.022564493843014066,249.09275,1070.9190793160153,237.08484185987678,612.488702745499,137.85632786871713,57.59457130793186,25.894635533990552,5.6542680689403735,24.268707971410187,0.0,1100.8420553563658,1349.9348053563658,-14.7595,55222.19653487319,56557.37184022956,1.424656874628067,0.025098174625935377,0.11091902972249368,0.13601720434842907,55974.60780323493,582.7640369946275,11937.039869646393,28715.098234047568,9579.14117180523,38294.2394058528,4454.756024625344,1288.5725031103937,12865.086583304934,12865.086583304934,1258.0899081253763,14123.17649143031,1310.9065973849558,1310.9065973849558,0.0,14175.99318068989,0.07961577316812787,0.07973909945151686,0.08296707610022726,0.8453925761201389,19112.082735818713,7.275957614183426e-12,passing_the_buck_500bp
2033Q3,2033-09-30,2033,3,2033,40068.93751717752,26165.27113091945,0.017756007302464516,0.019698696995388953,0.022564267205522626,249.09275,1114.4398565602294,242.70986314958526,642.5722240647689,143.1617194039906,59.48044925913072,26.515600682754123,5.6542680689403735,24.91969601929894,0.0,1145.0138206484687,1394.1065706484687,-14.7595,56557.37184022956,57936.71891087803,1.445926009044802,0.024866419269861016,0.11430438555128669,0.13917080482114771,57353.9548738834,582.7640369946275,12228.798488320683,29416.937005413794,9813.269316378035,39230.20632179183,4574.882974257618,1320.0670895132703,13224.35493711374,13224.354937113738,1288.5725031103937,14512.927440224132,1354.42737462917,1354.42737462917,0.0,14578.782311742907,0.080850770733648,0.08098069506362841,0.08288555662931495,0.8689062709458697,20257.096556467182,0.0,passing_the_buck_500bp
2033Q4,2033-12-31,2033,4,2034,40442.305229569334,26280.714075950556,0.017765412373738743,0.019681678339410258,0.022563340221916306,228.68725,1159.6137536130875,248.58090127133866,673.0713727025766,148.64441522952424,62.163284378359904,27.153780031287965,5.687777001067564,25.590637919076865,0.0,1190.892168533232,1419.579418533232,-17.2085,57936.71891087803,59339.089829411256,1.4672529049117002,0.022618616688822736,0.11778677419827324,0.14040539088709597,58756.32579241663,582.7640369946275,12525.372169873719,30130.358631916315,10051.261414457766,40181.62004637408,4697.252126699606,1352.0814494692263,13456.091010176056,13456.091010176056,1320.0670895132703,14776.158099689326,1376.7802806141551,1376.7802806141551,0.0,14832.871290790212,0.08114845525038175,0.08222020100000062,0.08290074936103256,0.873875050814249,21447.988725000414,-7.275957614183426e-12,passing_the_buck_500bp
2034Q1,2034-03-31,2034,1,2034,40816.72980870861,26395.211542316374,0.01754105922100746,0.019664438509282567,0.022572136924965847,228.68725,1192.3465057729625,254.515562491834,691.6531836955462,154.21878514679673,64.15341943045125,27.80555500833461,5.687777001067564,26.285295944555912,0.0,1224.319578718586,1453.006828718586,-17.2085,59339.089829411256,60774.88815812985,1.4889700483835182,0.022411129071022006,0.11998213325334717,0.14239326232436916,60192.12412113522,582.7640369946275,12828.996847836355,30860.7417544648,10294.911740267906,41155.65349473271,4822.616832360648,1384.856946205503,13907.59437987497,13907.59437987497,1352.0814494692263,15259.675829344196,1409.51303277403,1409.51303277403,0.0,15317.107412649,0.08149542833980616,0.0825303914999893,0.08285932473624806,0.8799053842694805,22672.308303719,7.275957614183426e-12,passing_the_buck_500bp
2034Q2,2034-06-30,2034,2,2034,41196.0201454162,26511.221774546648,0.017696739357757174,0.019646981729401825,0.022559374014152977,228.68725,1226.7113286038289,260.6210709637952,710.7108013030919,159.9269031547138,66.97989436824248,28.47265881398515,5.687777001067564,26.971690504025396,0.0,1259.370796108922,1488.0580461089219,-17.2085,60774.88815812985,62245.73770423877,1.510964833120287,0.02220479057858171,0.12228082146416268,0.14448561204274438,61662.973667244136,582.7640369946275,13140.02408826039,31608.932081360763,10544.50241574808,42153.43449710884,4951.083551509063,1418.4315303658382,14202.06616903083,14202.06616903083,1384.856946205503,15586.923115236332,1443.8778556048965,1443.8778556048965,0.0,15645.944024635726,0.08178229955105047,0.08288757638399412,0.08292648955590533,0.8848199441576307,23931.67909982792,0.0,passing_the_buck_500bp
2034Q3,2034-09-30,2034,3,2034,41579.86765924117,26628.177485442204,0.01776333439337474,0.01968155262857385,0.022566712808094413,228.68725,1261.1157044459449,266.87388923256856,730.2300447843644,165.77543665790301,69.07692758561372,29.159406185495712,5.687777001067564,27.69910575437956,0.0,1294.502587201392,1523.189837201392,-17.2085,62245.73770423877,63751.719041440156,1.533235256155782,0.02199980547068182,0.12453166977925072,0.14653147524993254,63168.95500444553,582.7640369946275,13458.462411301383,32374.95010823013,10800.040278085215,43174.990386315345,5082.69608514987,1452.806121678932,14615.035762761741,14615.03576276174,1418.4315303658382,16033.467293127578,1478.2822314470125,1478.2822314470125,0.0,16093.317994208752,0.08212067528243495,0.08318658497404167,0.08285528836590943,0.890598888604003,25226.18168702931,0.0,passing_the_buck_500bp
2034Q4,2034-12-31,2034,4,2035,41967.153813296354,26745.511387803872,0.0177423648279893,0.01968916041410429,0.02257322550837304,189.9905,1297.263172227691,273.3077254175028,750.2521020286684,171.7646053064296,72.07994165928395,29.85879781580626,5.709630652454863,28.44355736572332,0.0,1331.4163602458693,1521.4068602458692,-17.416,63751.719041440156,65255.70990168603,1.554923409674049,0.01810849511932408,0.1269008011521658,0.14500929627148987,64672.9458646914,582.7640369946275,13776.311600516681,33139.55094659526,11055.10537697789,44194.656323573145,5214.860823078497,1487.1171175230716,14686.190563506147,14686.190563506148,1452.806121678932,16138.99668518508,1475.547302880146,1475.547302880146,0.0,16161.737866386295,0.08238089641438319,0.08353759743359494,0.08275278238679,0.8951997960729997,26557.59804727518,0.0,passing_the_buck_500bp
2035Q1,2035-03-31,2035,1,2035,42358.31906225067,26863.318029498183,0.017735654711652504,0.019722056747187633,0.02256874260208286,189.9905,1332.3631798406914,279.6935662694899,770.1220672271514,177.74396888722111,74.24332069172998,30.56025676509912,5.709630652454863,29.177424371852776,0.0,1367.2502348649991,1557.240734864999,-17.416,65255.70990168603,66795.53463655103,1.5769165565419845,0.017941269078292365,0.12911279438220005,0.1470540634604924,66212.7705995564,582.7640369946275,14101.721719116937,33922.3399482237,11316.237910574602,45238.5778587983,5350.22672555111,1522.2442960900476,15153.417929021402,15153.4179290214,1487.1171175230716,16640.53504654447,1510.6473104931463,1510.6473104931463,0.0,16664.065239514544,0.08268481181783059,0.08380877240780263,0.08270684933752355,0.9007551973474877,27924.848282140178,0.0,passing_the_buck_500bp
2035Q2,2035-06-30,2035,2,2035,42752.9723378467,26981.50286265861,0.017714424126451522,0.01972826196496369,0.022573755489187608,189.9905,1369.12409394174,286.26495089807383,790.3969080878315,183.86687396873003,77.31704631319427,31.27831467391026,5.709630652454863,29.941397525582737,0.0,1404.7751221197777,1594.7656221197776,-17.416,66795.53463655103,68372.8842586708,1.5992545200920287,0.017775652976699592,0.13143180885940065,0.14920746183610023,67790.12022167617,582.7640369946275,14435.05054470749,34724.177763594584,11583.724985413244,46307.90274900783,5488.940649416156,1558.2262785446972,15426.128388697587,15426.128388697587,1522.2442960900476,16948.372684787635,1547.4082245941952,1547.4082245941952,0.0,16973.53661329178,0.0829305063605123,0.08412389419523106,0.08276519286965664,0.9050476974729974,29329.623404259954,-1.4551915228366852e-11,passing_the_buck_500bp
2035Q3,2035-09-30,2035,3,2035,43151.28712883536,27100.16043515168,0.017707331988727093,0.01973390522034224,0.022567910616891007,189.9905,1405.9062002207872,292.9954384312002,811.1614588797489,190.14011459138328,79.59542942575376,32.0137588927008,5.709630652454863,30.709792885829124,0.0,1442.3256237590713,1632.3161237590712,-17.416,68372.8842586708,69987.78438242988,1.6219164951782243,0.017611571996242123,0.13369943004970097,0.15131100204594308,69405.02034543524,582.7640369946275,14776.302642317589,35545.075374095664,11857.570264802314,47402.64563889798,5631.008506549593,1595.063557670091,15772.734901116548,15772.734901116546,1558.2262785446972,17330.961179661244,1584.1903308732424,1584.1903308732424,0.0,17356.92523198979,0.0831754666287585,0.0843799783728539,0.082665307570315,0.9093265633204344,30771.949028019026,0.0,passing_the_buck_500bp
2035Q4,2035-12-31,2035,4,2036,43553.56087408408,27219.290746977385,0.01769999094559438,0.019764486694536787,0.022571471840996393,242.76275,1443.6543556482127,299.8850621258354,831.8449240002474,196.56315561945394,82.5946207692373,32.766593133437844,5.7387688543045945,31.509571163647994,0.0,1480.9026956661653,1723.6654456661654,-16.55475,69987.78438242988,71694.89507809604,1.646131651218375,0.02229555931849903,0.13600749660378333,0.15830305592228236,71112.13104110141,582.7640369946275,15137.24563467832,36413.340337244896,12147.21693739064,48560.55727463553,5780.301713959055,1634.0264178285026,15872.206215784441,15872.206215784443,1595.063557670091,17467.269773454533,1675.6011245025175,1675.6011245025175,0.0,17547.80734028696,0.08337430093418503,0.08463778122045763,0.08244412573606782,0.9127717980181712,32252.85172368519,0.0,passing_the_buck_500bp
2036Q1,2036-03-31,2036,1,2036,43959.12371141258,27338.799250269203,0.017678326506116004,0.019743412449576114,0.022574269177581208,242.76275,1482.707014162033,307.17255704170987,852.355809582659,203.35826655837604,86.25747835709024,33.56290262219746,5.7387688543045945,32.348950043846344,0.0,1520.794733060184,1763.557483060184,-16.55475,71694.89507809604,73441.89781115623,1.670686119525385,0.022089862536270204,0.13838262500809206,0.16047248754436227,72859.1337741616,582.7640369946275,15506.601001092455,37301.84165295414,12443.61430525414,49745.45595820828,5933.179442906812,1673.8973719540513,16349.179915912771,16349.179915912771,1634.0264178285026,17983.206333741273,1714.6537830163377,1714.6537830163377,0.0,18063.83369892911,0.08362477031977883,0.08484814610042223,0.08240461899749202,0.9173007090880897,33773.64645674537,0.0,passing_the_buck_500bp
2036Q2,2036-06-30,2036,2,2036,44368.391695384074,27458.59139716061,0.017642589134278408,0.019772661061247865,0.022576315037704076,242.76275,1523.7121651594723,314.62893431216594,873.3367024073548,210.61643799742146,90.74823842259397,34.381852019936225,5.7387688543045945,33.207501032818094,0.0,1562.658435046595,1805.4211850465952,-16.55475,73441.89781115623,75230.76424620283,1.6955936731425305,0.021886098704385192,0.14088033172580997,0.16276643043019515,74648.0002092082,582.7640369946275,15884.789330009891,38211.59106607696,12747.099878879566,50958.69094495653,6089.798112762394,1714.7218214793852,16650.650800017695,16650.650800017695,1673.8973719540513,18324.548171971746,1755.658934013777,1755.658934013777,0.0,18406.30973403147,0.08381805174051861,0.08510991581751955,0.08242393716041527,0.920629550375012,35336.304891791966,0.0,passing_the_buck_500bp
2036Q3,2036-09-30,2036,3,2036,44780.96019760952,27578.572639785074,0.01759302613883751,0.01977588746711989,0.022577621701592054,242.76275,1564.7351143023964,322.3023755059007,894.8127890350723,217.73848569647615,94.66536465631472,35.21609940863288,5.7387688543045945,34.08603871270013,0.0,1604.5599218694013,1847.3226718694013,-16.55475,75230.76424620283,77061.53216807223,1.7208548416115894,0.02168446133613357,0.14332519131245025,0.16500965264858383,76478.7681310776,582.7640369946275,16271.81445534778,39142.59779927733,13057.676734878378,52200.27453415571,6250.178961308194,1756.50018026592,17036.46522923479,17036.46522923479,1714.7218214793852,18751.187050714176,1796.6818831567011,1796.6818831567011,0.0,18833.14711239149,0.08400380370768994,0.08531403012832688,0.08240741468032482,0.9238693327341557,36940.86481366137,-1.4551915228366852e-11,passing_the_buck_500bp
2036Q4,2036-12-31,2036,4,2037,45196.81654860328,27698.55388240954,0.017515988152144724,0.01980359078796723,0.022578201318361746,245.031015,1606.6760774817585,330.1144357628681,916.7886883253786,225.02850094890826,98.67032999239234,36.07412245221134,5.894658234200658,34.984618848701245,0.0,1647.5553545646605,1892.5863695646606,0.0,77061.53216807223,78954.1185376369,1.746895568468457,0.021685687949858246,0.14581162837368686,0.16749731632354511,78371.35450064226,582.7640369946275,16671.96239313161,40105.17206116212,13378.784281430586,53483.956342592704,6415.740652287283,1799.6951126306597,17421.739362036373,17421.739362036373,1756.50018026592,19178.239542302294,1857.6017507159593,1857.6017507159593,0.0,19279.341112752332,0.08411931046612522,0.08551895132172148,0.08241070226869592,0.9256705195609461,38588.42016822603,1.4551915228366852e-11,passing_the_buck_500bp
2037Q1,2037-03-31,2037,1,2037,45606.30594456347,27818.71239056672,0.01746555549210771,0.01893970235169573,0.022578065905819455,245.031015,1648.7007008293056,338.23243705065755,939.502081107448,232.56650060422135,101.43844369132711,36.961238375652165,5.894658234200658,35.91111675193057,0.0,1690.506475815437,1935.537490815437,0.0,78954.1185376369,80889.65602845233,1.773650690472001,0.021490976734475822,0.14826953780210342,0.16976051453657925,80306.8919914577,582.7640369946275,17081.16289902493,41089.522691842954,13707.156261111539,54796.67895295449,6585.182893227303,1843.8672462509699,17922.380727712814,17922.380727712814,1799.6951126306597,19722.075840343474,1899.6263740635063,1899.6263740635063,0.0,19822.007101776322,0.08424092248834907,0.08564500533355122,0.08238301245104958,0.927631594426534,40278.92664404147,0.0,passing_the_buck_500bp
2037Q2,2037-06-30,2037,2,2037,46019.50537096849,27939.39215579544,0.01746555549210771,0.01893970235169662,0.022399155671420257,245.031015,1691.8575034402816,346.53409231396824,962.7232558952196,240.46411269208386,104.26761896913041,37.86842356987929,5.894658234200658,36.569876405328145,0.0,1734.3220380798105,1979.3530530798105,0.0,80889.65602845233,82869.00908153213,1.8007366314243403,0.021298013790002915,0.15074669091718762,0.17204470470719052,82286.2450445375,582.7640369946275,17499.659856948118,42096.2363653033,14042.988383957247,56139.22474926055,6758.317530565135,1889.042907763705,18343.373291652893,18343.373291652897,1843.8672462509699,20187.24053790387,1942.7831766744823,1942.7831766744823,0.0,20286.15646832738,0.08436149982209298,0.08576236434828086,0.08242997634083836,0.9295964974109692,42013.24868212128,-1.4551915228366852e-11,passing_the_buck_500bp
2037Q3,2037-09-30,2037,3,2037,46436.448441206194,28060.59543934993,0.017465555492108598,0.01893970235169573,0.022399155671420257,245.031015,1736.0395949418582,355.0243493478349,986.4684263905378,248.58661790492644,107.16398258036222,38.79621871819709,5.894658234200658,37.53135498406852,0.0,1779.4656081601274,2024.4966231601275,0.0,82869.00908153213,84893.50570469226,1.8281653432685976,0.021106783419084,0.15328180064529548,0.1743885840643795,84310.74166769763,582.7640369946275,17927.674125454436,43125.84436694743,14386.457882789575,57512.302249737004,6935.519354229152,1935.245938277038,18781.928491632716,18781.928491632716,1889.042907763705,20670.97139939642,1986.965268176059,1986.965268176059,0.0,20768.893759808776,0.08446709903108411,0.08589293526651774,0.08241792796140092,0.9312520799702464,43792.71429028141,0.0,passing_the_buck_500bp
2037Q4,2037-12-31,2037,4,2038,46857.169073206394,28182.3245122939,0.01746555549210682,0.01893970235169573,0.022399155671420257,254.402365,1780.9791503160895,363.7076888201568,1010.747653050518,256.6495643900153,110.12913059803402,39.745113457364674,5.91068424521801,38.51542010348333,0.0,1825.4052546647908,2079.8076196647908,0.0,84893.50570469226,86973.31332435705,1.8561367458728881,0.021717262910402407,0.1558271906536141,0.17754445356401652,86390.54928736242,582.7640369946275,18367.391015123525,44183.60356184838,14739.318408327224,58922.92197017561,7117.524065661403,1982.7122364018844,19002.669213941015,19002.66921394101,1935.245938277038,20937.91515221805,2041.2921995613074,2041.2921995613074,0.0,21043.96141350232,0.08456904895883498,0.08600918242272078,0.08229574909349142,0.9328728338205495,45618.119544946196,0.0,passing_the_buck_500bp
2038Q1,2038-03-31,2038,1,2038,47300.82735847604,28304.416431579815,0.017441798459170377,0.020613213981166334,0.022399155671420257,254.402365,1827.116681325289,372.6284452193185,1035.6597726752589,264.93296522701166,113.17554564859641,40.71995255510371,5.91068424521801,39.526157376871666,0.0,1872.5535229473785,2126.9558879473784,0.0,86973.31332435705,89100.26921230444,1.8836936727775477,0.02151356576255849,0.15835270776605792,0.17986627352861642,88517.50517530981,582.7640369946275,18817.04643864717,45265.27035687904,15100.154329764793,60365.42468664383,7303.782676531472,2031.2513734873157,19547.562253225566,19547.56225322557,1982.7122364018844,21530.274489627453,2087.4297305705068,2087.4297305705068,0.0,21634.991983796077,0.08468063596671697,0.08612083184477076,0.08228422092047223,0.9347061359891656,47490.67306789357,1.4551915228366852e-11,passing_the_buck_500bp
2038Q2,2038-06-30,2038,2,2038,47748.68633870831,28427.0372794411,0.017441798459170377,0.020613213981166334,0.022624692238107036,254.402365,1874.578326071689,381.7508296240544,1061.1324818324435,273.67786576731106,116.30032376488414,41.716825082995754,5.91068424521801,40.965516684253224,0.0,1921.4545270011602,2175.8568920011603,0.0,89100.26921230444,91276.1261043056,1.911594498261851,0.021311779192866656,0.16096396984588868,0.18227574903875535,90693.36206731097,582.7640369946275,19276.925624751668,46371.53088285445,15469.194535190562,61840.72541804501,7494.816885279485,2080.8941392347842,20045.234024562415,20045.23402456242,2031.2513734873157,22076.485398049736,2134.8913753169068,2134.8913753169068,0.0,22180.125399879325,0.08479049435882087,0.08626032419375963,0.08229063869265166,0.9365198956048029,49412.12759489473,0.0,passing_the_buck_500bp
2038Q3,2038-09-30,2038,3,2038,48200.78578739272,28550.18934731063,0.01744179845916949,0.020613213981166334,0.022624692238107036,254.402365,1923.1502612030824,391.08062861214944,1087.1799259900467,282.65410025751663,119.49924295883504,42.73636338453438,5.91068424521801,42.03699093428463,0.0,1971.097936382585,2225.500301382585,0.0,91276.1261043056,93501.62640568818,1.9398361432967393,0.021111885281052067,0.16357392554360725,0.18468581082465932,92918.86236869355,582.7640369946275,19747.26774225118,47502.960471353304,15846.630950899465,63349.59142225277,7690.336852891935,2131.6663512976515,20456.627638641407,20456.627638641407,2080.8941392347842,22537.52177787619,2183.4633104483005,2183.4633104483005,0.0,22640.090949089707,0.08488363344334215,0.0863795614695618,0.08229815952410116,0.9380075421798694,51383.22553127731,-1.4551915228366852e-11,passing_the_buck_500bp
2038Q4,2038-12-31,2038,4,2039,48657.16585460666,28673.874936548265,0.017441798459170377,0.020613213981167222,0.022624692238107036,260.45804,1972.5074386163374,400.6226943209208,1113.817183001877,291.51442011628313,122.7740434874806,43.77909768977551,5.922339525957902,43.1336249457359,0.0,2021.563403088031,2282.021443088031,0.0,93501.62640568818,95783.6478487762,1.9685414505026664,0.021411690173511484,0.1661883397918161,0.1876000299653276,95200.88381178158,582.7640369946275,20229.548910975147,48663.10999649268,16233.648121836246,64896.75811832893,7890.849429493336,2183.727352984166,20942.297345334315,20942.297345334315,2131.6663512976515,23073.963696631967,2238.887818142295,2238.887818142295,0.0,23181.18516347661,0.08497446185880488,0.08648249151589299,0.0823032260130788,0.9394613782372232,53404.788934365344,0.0,passing_the_buck_500bp
2039Q1,2039-03-31,2039,1,2039,49107.149616826704,28796.577412871466,0.017227156981449054,0.019937887724799763,0.022624692238107036,260.45804,2023.1144793714104,410.40697353140825,1141.1262320531723,300.59964820402405,126.13332507089315,44.8483005119123,5.922339525957902,44.258261543777195,0.0,2073.2950804411453,2333.7531204411453,0.0,95783.6478487762,98117.40096921736,1.9980267992503713,0.021215488337832853,0.16887928512395065,0.1900947734617835,97534.63693222273,582.7640369946275,20722.73139532701,49849.483137583215,16629.41329416184,66478.89643174506,8096.043981723296,2236.965123427359,21509.709882758714,21509.709882758718,2183.727352984166,23693.437235742884,2289.4948588973684,2289.4948588973684,0.0,23799.204741656085,0.08507815977188718,0.08658242307557448,0.0822925280424873,0.9411434936903484,55478.08401480649,0.0,passing_the_buck_500bp
2039Q2,2039-06-30,2039,2,2039,49561.294850079954,28919.80496289779,0.017227156981449054,0.019937887724799763,0.022796693476643037,260.45804,2075.2449941080836,420.4124131826967,1169.0479857376527,310.26566093420206,129.57726303114308,45.94167122238938,5.922339525957902,45.75147653110815,0.0,2126.9188101651494,2387.3768501651493,0.0,98117.40096921736,100504.7778193825,2.02788845859261,0.02102108435930663,0.17165966438923402,0.19268074874854066,99922.01378238788,582.7640369946275,21227.143368432018,51062.869330166075,17034.189817645532,68097.05914781161,8306.396178079038,2291.4150880652023,22055.16212053697,22055.162120536974,2236.965123427359,24292.127243964333,2341.6253736340414,2341.6253736340414,0.0,24396.787494171014,0.08518284281927577,0.08670913779432186,0.08228126647015235,0.9429058782616422,57605.00282497164,0.0,passing_the_buck_500bp
2039Q3,2039-09-30,2039,3,2039,50019.640039846585,29043.55983354516,0.017227156981449054,0.019937887724799763,0.02279669347664215,260.45804,2128.658248060219,430.64567108706456,1197.6006847172148,320.2491051990609,133.1028496857395,47.05993737113909,5.922339525957902,46.94019581135754,0.0,2181.5207833975346,2441.9788233975346,0.0,100504.7778193825,102946.75664278005,2.0581266990480285,0.02082846176362039,0.17445313734042822,0.1952815991040486,102363.99260578542,582.7640369946275,21743.06114648743,52303.93326555792,17448.199428319916,69752.13269387784,8521.691690905382,2347.1070745147467,22523.81101158804,22523.81101158804,2291.4150880652023,24815.226099653242,2395.038627586177,2395.038627586177,0.0,24918.84963917422,0.08528597316907144,0.08682257025901607,0.08229942249300404,0.9446412567734301,59786.52360836918,0.0,passing_the_buck_500bp
2039Q4,2039-12-31,2039,4,2040,50482.224027522294,29167.84428134662,0.017227156981449054,0.019937887724799763,0.022796693476643037,264.33496,2183.321412676975,441.1123530093638,1226.79882822274,330.4944432786927,136.71207662333146,48.20371154284661,5.935451716790281,48.15685021992778,0.0,2237.413714613693,2501.7486746136933,0.0,102946.75664278005,105448.50531739373,2.0888244792841237,0.020944795130728618,0.1772832919083662,0.19822808703909484,104865.7412803991,582.7640369946275,22271.591929964583,53575.33836539815,17872.330623646354,71447.6689890445,8742.319759193935,2404.1606021960797,23812.900328486536,23812.900328486536,2347.1070745147467,26160.007403001284,2453.5918243937654,2453.5918243937654,0.0,26266.492152880302,0.08538849471964456,0.08693479183136983,0.08262957616966114,0.9463560355285464,62023.93732298287,-1.4551915228366852e-11,passing_the_buck_500bp
2040Q1,2040-03-31,2040,1,2040,50950.92867546139,29295.409800174013,0.017609093307503265,0.01970258122673907,0.022796693476643926,264.33496,2239.37096843013,451.83492127915645,1256.7583059986773,340.99074482456774,140.4115479601268,49.37544836760198,5.935451716790281,49.40363938154916,0.0,2294.710059528469,2559.0450195284693,0.0,105448.50531739373,108007.5503369222,2.1198347732754868,0.020752121060145234,0.18015059738321357,0.20090271844335883,107424.78629992757,582.7640369946275,22812.196406922954,54875.78729001798,18306.15062085204,73181.93791087002,8968.13452835103,2462.517453783572,24460.179337297475,24460.179337297475,2404.1606021960797,26864.339939493555,2509.6413801469203,2509.6413801469203,0.0,26969.820717444396,0.0855009395105058,0.08704571212731857,0.0826203624294901,0.948313651032885,64318.64738251134,0.0,passing_the_buck_500bp
2040Q2,2040-06-30,2040,2,2040,51423.98503434888,29423.53322658747,0.017609093307503265,0.01970258122673907,0.022246337554163054,264.33496,2297.022988295098,462.8024346054495,1287.3959491086555,351.69755111349235,144.55310126042053,50.57395220708011,5.935451716790281,49.46626238346431,0.0,2352.4247023953526,2616.7596623953527,0.0,108007.5503369222,110624.30999931756,2.1512200955531853,0.020561219425016267,0.18298268411707416,0.20354390354209045,110041.54596232293,582.7640369946275,23365.21976583444,56206.110406157204,18749.936424046813,74956.04683020402,9198.06447480672,2522.2148914777467,25101.290781280375,25101.290781280375,2462.517453783572,27563.808235063945,2567.2934000118885,2567.2934000118885,0.0,27668.584181292263,0.08564227746226136,0.08712075017189536,0.08266788501847207,0.9504549316266202,66671.0720849067,0.0,passing_the_buck_500bp
2040Q3,2040-09-30,2040,3,2040,51901.4335078553,29552.2170005949,0.017609093307503265,0.01970258122673907,0.022246337554163054,264.33496,2356.8662734536015,474.0218959993662,1318.7344362701876,363.8974063879441,148.4125464623802,51.79998833372421,5.935451716790281,50.73450551978615,0.0,2413.536230690178,2677.871190690178,0.0,110624.30999931756,113302.18119000773,2.1830260463395375,0.02037207392046255,0.18600921535817608,0.20638128927863864,112719.4171530131,582.7640369946275,23931.134029449884,57567.44318624514,19204.066818307707,76771.51000455284,9433.469250099695,2583.303868910678,25716.484513654043,25716.484513654043,2522.2148914777467,28238.69940513179,2627.136685170392,2627.136685170392,0.0,28343.621198824436,0.0857910613458872,0.08726965097292148,0.08267042538758,0.9526630379538275,69084.60831559688,0.0,passing_the_buck_500bp
2040Q4,2040-12-31,2040,4,2041,52383.31487478102,29681.46357287557,0.017609093307502377,0.01970258122673907,0.022246337554162166,273.20975999999996,2418.4154078918223,485.50288162246454,1350.7942893245888,376.6989765420896,152.36465719492557,53.05460320775304,5.957305368177581,52.03294661075482,0.0,2476.4056598707543,2749.6154198707545,0.0,113302.18119000773,116051.79660987848,2.2154343780513495,0.02086234982670268,0.1890988125352849,0.2099611623619876,115469.03257288385,582.7640369946275,24512.223094025085,58965.27964773146,19670.374566605693,78635.65421433715,9675.12433776021,2646.0309267614048,26228.532729151342,26228.532729151342,2583.303868910678,28811.836598062022,2697.58247326,2697.58247326,0.0,28926.115202411343,0.08593679290693562,0.08742658380840251,0.08270182107435634,0.9548736743797147,71561.01397546763,0.0,passing_the_buck_500bp
2041Q1,2041-03-31,2041,1,2041,52881.69770188122,29808.19978253751,0.017189212325988024,0.02105209487726678,0.022246337554163942,273.20975999999996,2481.6176446650566,497.29172602003393,1383.7025850623581,389.85788277913633,156.42259064516526,54.34286015836235,5.957305368177581,53.36586305338428,0.0,2540.940813086618,2814.1505730866184,0.0,116051.79660987848,118865.9471829651,2.247771012441164,0.0206657328998937,0.19219812702769765,0.21286385992759135,118283.18314597047,582.7640369946275,25106.92661858795,60395.866318668246,20147.6075388808,80543.47385754905,9922.555039565783,2710.2276302677024,27049.95882072067,27049.95882072067,2646.0309267614048,29695.989747482075,2760.784710033234,2760.784710033234,0.0,29810.7435307539,0.08609420783443125,0.08757954249095459,0.08265641003652194,0.9574426353634308,74101.95478855426,0.0,passing_the_buck_500bp
2041Q2,2041-06-30,2041,2,2041,53384.82221902036,29935.477140273233,0.017189212325988024,0.02105209487726678,0.0228385780169158,273.20975999999996,2546.781968562724,509.356773774603,1417.3754131103804,403.14363368517985,161.24484803593757,55.66129995662294,5.957305368177581,56.175412775628544,0.0,2608.91468670653,2882.12444670653,0.0,118865.9471829651,121748.07162967164,2.280574638427742,0.020470968986586503,0.19547988197866514,0.21595085096525163,121165.30759267701,582.7640369946275,25715.667258379995,61860.2199156713,20636.104904162345,82496.32481983365,10177.375910496343,2775.939603967016,27582.61028604386,27582.610286043855,2710.2276302677024,30292.837916311557,2825.949033930902,2825.949033930902,0.0,30408.559319974756,0.08621983547246793,0.08779351020324577,0.08272435721372612,0.9594208734715721,76710.86947526078,1.4551915228366852e-11,passing_the_buck_500bp
2041Q3,2041-09-30,2041,3,2041,53892.73353935886,30063.29795671865,0.017189212325988024,0.02105209487726767,0.0228385780169158,273.20975999999996,2612.6450684751467,521.7065995043841,1451.8343717850016,416.5644003547345,165.52883721455322,57.0108596164726,5.957305368177581,57.618052050622794,0.0,2676.220425893947,2949.430185893947,0.0,121748.07162967164,124697.50181556559,2.31380918402472,0.020278040623081018,0.1986331180577028,0.21891115868078384,124114.73777857095,582.7640369946275,26338.595537474088,63358.70253131854,21135.987453815647,84494.68998513419,10438.269159419944,2843.1830965427266,28330.34565680672,28330.34565680672,2775.939603967016,31106.285260773737,2891.8121338433243,2891.8121338433243,0.0,31222.157790650042,0.08634544636352566,0.08792649904252663,0.08268418339437146,0.9613385385784361,79387.08990115473,0.0,passing_the_buck_500bp
2041Q4,2041-12-31,2041,4,2042,54405.47720527058,30191.66455237581,0.017189212325988024,0.02105209487726678,0.02283857801691669,290.3126875,2680.142151139856,534.3442569665056,1487.0865380995658,430.40383437256,169.9156488559793,58.39187284524623,5.987900480119798,59.09506940051323,0.0,2745.225121020489,3035.537808520489,0.0,124697.50181556559,127733.03962408607,2.3477974311695187,0.021344372104643586,0.20183446682493525,0.22317883892957882,127150.27558709144,582.7640369946275,26979.754183847817,64901.03913363198,21650.499364155734,86551.53849778771,10706.588395458028,2912.3945099978732,28697.639739700415,28697.639739700415,2843.1830965427266,31540.82283624314,2976.4427391199756,2976.4427391199756,0.0,31674.08247882039,0.08646249839287,0.08806030854028903,0.08264193706892443,0.9631402585265373,82132.31502217521,0.0,passing_the_buck_500bp
2042Q1,2042-03-31,2042,1,2042,54890.01822881207,30319.82671935733,0.017088232020256333,0.018695469559396827,0.0228385780169158,290.3126875,2749.4145711181495,547.3517630048126,1523.3522833197571,444.4689694088284,174.4282531356703,59.81330224908131,5.987900480119798,60.614128128830224,0.0,2816.016599727099,3106.329287227099,0.0,127733.03962408607,130839.36891131317,2.3836641548542037,0.021155954898015555,0.20521156236373458,0.22636751726175014,130256.60487431854,582.7640369946275,27635.834874728087,66479.27140007466,22176.98579853704,88656.25719861171,10981.29608151169,2983.216719467047,29562.66572458606,29562.665724586055,2912.3945099978732,32475.06023458393,3045.715159098269,3045.715159098269,0.0,32608.380883684324,0.08658849939884361,0.0881844386703562,0.08258916230887192,0.965172476229448,84948.33162190231,0.0,passing_the_buck_500bp
2042Q2,2042-06-30,2042,2,2042,55378.874626752506,30448.53292858657,0.017088232020256333,0.01869546955939594,0.02271549749328483,290.3126875,2820.687674597904,560.6620000210461,1560.453883793574,458.5256791783478,179.7782982288812,61.267813376054484,5.987900480119798,61.837117932817996,0.0,2888.5126930108413,3178.825380510841,0.0,130839.36891131317,134018.194291824,2.4200237941831038,0.020969200942176986,0.208636431309166,0.22960563225134298,133435.43025482938,582.7640369946275,28307.268579442396,68094.4360471785,22715.792597810727,90810.22864498923,11262.236783426033,3055.696246971719,30136.78584903462,30136.785849034623,2983.216719467047,33120.002568501666,3116.9882625780233,3116.9882625780233,0.0,33253.77411161264,0.08667960406412702,0.08830714232407408,0.08263632883284634,0.9666655722284373,87836.84431491315,0.0,passing_the_buck_500bp
2042Q3,2042-09-30,2042,3,2042,55872.08483227983,30577.785489496757,0.017088232020256333,0.018695469559397715,0.02271549749328483,290.3126875,2892.5657412128303,574.2837113054376,1598.4138046045211,472.60301686305155,184.50884676763908,62.75636167218169,5.987900480119798,63.41913185790057,0.0,2961.9727735508504,3252.2854610508502,0.0,134018.194291824,137270.47975287485,2.456870549308149,0.020784095554800076,0.21205385712326846,0.23283795267806853,136687.71571588021,582.7640369946275,28994.185613733007,69746.84655545301,23267.02433672109,93013.8708921741,11549.812050214732,3129.8471597583784,30849.013648683052,30849.013648683056,3055.696246971719,33904.70989565478,3188.8663291929497,3188.8663291929497,0.0,34037.87997787601,0.08676194553930118,0.08840509422477871,0.08257917343300314,0.9680421164949721,90798.817088464,0.0,passing_the_buck_500bp
2042Q4,2042-12-31,2042,4,2043,56369.68762087199,30707.586721324555,0.017088232020256333,0.018695469559396827,0.022715497493283943,300.12464,2965.883330726617,588.2195406386084,1637.2426997595326,486.79007872189436,189.35177556304296,64.2792360435377,6.009754131507097,65.0385058876095,0.0,3036.9315907457335,3337.0562307457335,0.0,137270.47975287485,140607.5359836206,2.4943820325794723,0.02129688154517095,0.21550104099716527,0.2367979225423362,140024.77194662596,582.7640369946275,29699.014377212312,71442.344551816,23832.629738147734,95274.97428996373,11844.851682181185,3205.9315972687336,31229.49737873027,31229.497378730273,3129.8471597583784,34359.34453848865,3272.017724858124,3272.017724858124,0.0,34501.5151035884,0.08684069989750683,0.08849481975186675,0.08251868943541482,0.9693735533174208,93835.74867920973,0.0,passing_the_buck_500bp
2043Q1,2043-03-31,2043,1,2043,56906.402826720565,30837.418255642995,0.01701953976476145,0.021251542965382564,0.02271549749328572,300.12464,3041.050420316123,602.5187541776947,1677.0698339418122,501.29884684440714,194.32116517330283,65.84182017890662,6.009754131507097,66.69991273625453,0.0,3113.760087183885,3413.884727183885,0.0,140607.5359836206,144021.42071080446,2.5308473837179317,0.021096019083397456,0.2188688746793751,0.23996489376277255,143438.65667380983,582.7640369946275,30420.034962150043,73176.79271914634,24411.228624162908,97588.02134330924,12146.83646842781,3283.763899922746,32123.372659199184,32123.372659199184,3205.9315972687336,35329.30425646792,3347.1848144476303,3347.1848144476303,0.0,35470.55747364681,0.0869360513988184,0.08858017645787086,0.08246319527055594,0.9710160695855218,96949.50876639361,0.0,passing_the_buck_500bp
2043Q2,2043-06-30,2043,2,2043,57448.22828285342,30967.798717086724,0.01701953976476145,0.021251542965382564,0.02231557677676199,300.12464,3118.598497077522,617.1464592946189,1717.807613335156,516.1283097866134,200.07581356646944,67.44030109466341,6.009754131507097,67.20609777752077,0.0,3191.81434898655,3491.93898898655,0.0,144021.42071080446,147513.35969979104,2.567761689246374,0.02089705106464202,0.22223935841998535,0.24313640948462736,146930.5956627964,582.7640369946275,31157.760259485476,74951.42484017958,25003.232575423684,99954.65741560326,12454.778554740198,3363.3994329674665,32746.993457416436,32746.993457416436,3283.763899922746,36030.757357339186,3424.7328912090293,3424.7328912090293,0.0,36171.72634862547,0.08700784014553475,0.08864832281847088,0.08250985195316665,0.9722560049007748,100141.32311538016,2.9103830456733704e-11,passing_the_buck_500bp
2043Q3,2043-09-30,2043,3,2043,57995.21264572316,31098.73042651709,0.017019539764762337,0.021251542965382564,0.02231557677676199,300.12464,3197.1579023574914,632.1130612643116,1759.4802526107726,531.221081876549,205.26769075128928,69.07581585456936,6.009754131507097,68.90988180526455,0.0,3272.077538294263,3572.202178294263,0.0,147513.35969979104,151085.56187808528,2.60513851032887,0.02069995962138317,0.22567914757257548,0.24637910719395864,150502.79784109065,582.7640369946275,31912.408120553522,76766.76496631795,25608.816411543165,102375.58137786112,12769.946629786375,3444.8617128896462,33598.34592003941,33598.34592003941,3363.3994329674665,36961.74535300688,3503.2922964889985,3503.2922964889985,0.0,37101.638216528416,0.08707422953836352,0.08872626980914457,0.08247274939140518,0.9734663968308874,103413.40065367443,-2.9103830456733704e-11,passing_the_buck_500bp
2043Q4,2043-12-31,2043,4,2044,58547.40503505716,31230.21571460801,0.01701953976476145,0.021251542965381676,0.02231557677676199,315.2472575,3277.387489963037,647.4229797457295,1802.0998075843117,546.53385882452,210.581996380004,70.74884742847112,6.019952502154488,70.65364583163971,0.0,3354.061088296831,3669.308345796831,0.0,151085.56187808528,154754.8702238821,2.6432404669552407,0.021537914946784434,0.22915181885779412,0.2506897338045786,154172.10618688748,582.7640369946275,32687.598096786132,78631.52009494665,26230.884721475057,104862.40481642171,13093.561812798194,3528.5414608814517,34323.945533211554,34323.945533211554,3444.8617128896462,37768.8072461012,3598.6546999651914,3598.6546999651914,0.0,37922.600233176745,0.08713829879653223,0.08879898374414642,0.08250194634913059,0.9746276129734801,106767.46174197126,0.0,passing_the_buck_500bp
2044Q1,2044-03-31,2044,1,2044,59070.961946551535,31360.93155843563,0.016847634395924738,0.019083305138657858,0.02231557677676199,315.2472575,3359.7624912594692,663.1496463885486,1845.8749342288706,562.2310405607323,216.0394498284634,72.46742025285282,6.019952502154488,72.44414607327174,0.0,3438.2265898348955,3753.4738473348957,0.0,154754.8702238821,158508.34407121703,2.6833547118233527,0.021347020404728898,0.23282008462607157,0.2541671050308005,157925.5800342224,582.7640369946275,33480.53255828368,80538.96039871589,26867.19248534444,107406.15288406033,13424.757911829343,3614.136680049021,35290.93649347098,35290.93649347098,3528.5414608814517,38819.477954352435,3681.029701261624,3681.029701261624,0.0,38971.9661947326,0.08721747952016332,0.0888689728435907,0.08245053842132692,0.9760580822059516,110205.68833180616,2.9103830456733704e-11,passing_the_buck_500bp
2044Q2,2044-06-30,2044,2,2044,59599.20073659217,31492.19452086094,0.01684763439592385,0.019083305138657858,0.023076797027411944,315.2472575,3444.732309887336,679.2363042761802,1890.6520953598535,578.2764777335369,222.3421004512578,74.22533206650677,6.019952502154488,76.78874742064441,0.0,3527.541009810135,3842.7882673101353,0.0,158508.34407121703,162351.13233852715,2.7240488183065232,0.021157817796469032,0.23675089371756142,0.25790871151403044,161768.36830153252,582.7640369946275,34291.77045736397,82490.43046312498,27518.188246778467,110008.61870990344,13766.271426419304,3701.7077078457864,36037.45773571752,36037.457735717515,3614.136680049021,39651.594415766536,3765.999519889491,3765.999519889491,0.0,39803.457255607005,0.08727812302568094,0.08901843068211547,0.08250640386585575,0.9771446302222901,113733.2293416163,0.0,passing_the_buck_500bp
2044Q3,2044-09-30,2044,3,2044,60132.16327261746,31624.006891879962,0.016847634395925626,0.019083305138657858,0.023076797027411944,315.2472575,3531.0072222819913,695.6942931537715,1936.4628551218575,594.7195863484538,228.106665608026,76.02382204988284,6.019952502154488,78.74218264717302,0.0,3615.769357431319,3931.016614931319,0.0,162351.13233852715,166282.14895345847,2.765278012693397,0.020970292126081216,0.24052148871070742,0.26149178083678865,165699.38491646384,582.7640369946275,35121.592925641555,84486.60656319831,28184.09760604764,112670.70416924595,14115.802929875705,3791.2848917006113,36999.15929194334,36999.15929194334,3701.7077078457864,40700.86699978913,3852.274432284146,3852.274432284146,0.0,40851.433724227485,0.08733781261213282,0.08908516510724131,0.08247503518225197,0.9781902161051197,117348.99869904762,0.0,passing_the_buck_500bp
2044Q4,2044-12-31,2044,4,2045,60669.89179646295,31756.370971073586,0.01684763439592385,0.01908330513865697,0.023076797027411944,328.847015,3619.286350470207,712.5293164789531,1983.323089071079,611.563303034932,234.007128421942,77.8635134633013,6.028693962709422,80.7414802516997,0.0,3706.056524684616,4034.9035396846157,0.0,166282.14895345847,170317.0524931431,2.8072747033162266,0.02168106817155535,0.24434238565104405,0.2660234538225994,169734.28845614847,582.7640369946275,35973.36311434606,86535.57891384586,28867.61939810289,115403.19831194876,14474.495754784999,3883.231275068625,37565.89340970868,37565.89340970868,3791.2848917006113,41357.178301409294,3954.162059432916,3954.162059432916,0.0,41520.0554691416,0.08739495311483965,0.08915103751087369,0.08244546248626762,0.9791978760813105,121055.05522373223,2.9103830456733704e-11,passing_the_buck_500bp
2045Q1,2045-03-31,2045,1,2045,61225.900553589374,31884.47140650104,0.01623329428827147,0.020597325915870046,0.023076797027411944,328.847015,3709.845379999105,729.8096041822957,2031.4227150025301,628.7983065418546,240.06289196070222,79.75186231172188,6.028693962709422,82.79318002270912,0.0,3798.6672539845235,4127.514268984523,0.0,170317.0524931431,174444.56676212762,2.84919560488034,0.02148417660020658,0.2481738754114137,0.26965805201162024,173861.802725133,582.7640369946275,36844.64071840465,88631.4772490174,29566.79534626504,118198.27259528244,14841.605978101356,3977.283433344532,38631.62760182325,38631.62760182325,3883.231275068625,42514.85887689188,4044.721088961814,4044.721088961814,0.0,42676.34869078507,0.08746712084915265,0.08921402051946517,0.08239737201960262,0.9804614634679832,124853.72247771674,0.0,passing_the_buck_500bp
2045Q2,2045-06-30,2045,2,2045,61787.004848697616,32013.088579863437,0.01623329428827147,0.020597325915870046,0.02213343204113838,328.847015,3803.1454907251846,747.4856485746343,2080.6239284206818,646.440008543304,246.912446674252,81.68345851231334,6.028693962709422,81.4509566818288,0.0,3890.6251413697228,4219.472156369723,0.0,174444.56676212762,178664.03891849733,2.8916119070022104,0.021289073053809414,0.2518733608076315,0.2731624338614409,178081.2748815027,582.7640369946275,37736.016196987555,90775.72194539431,30282.099277530542,121057.82122292486,15213.932356525464,4073.505105064795,39428.91011540672,39428.910115406725,3977.283433344532,43406.19354875126,4138.021199687894,4138.021199687894,0.0,43566.93131509462,0.0875196230587187,0.08921172412724035,0.08244916323589865,0.981405204836057,128744.34761908646,0.0,passing_the_buck_500bp
2045Q3,2045-09-30,2045,3,2045,62353.25137980633,32142.224575604054,0.01623329428827036,0.020597325915870046,0.022133432041139267,328.847015,3897.783510126401,765.569428596385,2130.96007266813,664.3914310853603,253.2029666812572,83.65961109526825,6.028693962709422,83.4942894428063,0.0,3987.3064935319167,4316.1535085319165,0.0,178664.03891849733,182980.19242702925,2.934573392371469,0.021095741294831667,0.2557882006341207,0.2768839419289524,182397.42839003462,582.7640369946275,38647.777750403104,92969.0062820689,31013.762464599273,123982.76874666818,15594.954492257884,4171.927400705439,40420.10045049836,40420.10045049836,4073.505105064795,44493.605555563154,4232.659219089111,4232.659219089111,0.0,44652.75966958747,0.08756706920413838,0.08926936875866417,0.08241842801880254,0.9822285940129077,132731.6541126184,0.0,passing_the_buck_500bp
2045Q4,2045-12-31,2045,4,2046,62924.68727289787,32271.88148657454,0.01623329428827236,0.020597325915870046,0.02213343204113838,341.5111875,3994.4191944379345,784.066791111303,2182.4474224715655,682.5831369595081,259.6408849035702,85.68095899198796,6.044719973726774,85.58534465058511,0.0,4086.0492590622466,4427.560446562246,0.0,182980.19242702925,187407.7528735915,2.9782865993568377,0.02170920205094711,0.2597422052391916,0.2814514072901387,186824.98883659687,582.7640369946275,39583.087152576656,95218.93605158699,31764.322142758632,126983.25819434563,15985.751864110816,4272.891625563739,41502.03318891198,41502.03318891198,4171.927400705439,45673.96058961742,4341.975101911661,4341.975101911661,0.0,45844.008290823636,0.0876282922514724,0.08932222017837749,0.08241373029630364,0.9832931230693587,136817.70337168063,0.0,passing_the_buck_500bp
2046Q1,2046-03-31,2046,1,2046,63487.17457712225,32400.426276002614,0.01602817697257164,0.01989152606750877,0.02213343204113749,341.5111875,4094.24185925493,803.041880607899,2235.264523811003,701.9364263713175,266.2445167046972,87.75451176001528,6.044719973726774,87.7300465011179,0.0,4188.016625729774,4529.527813229774,0.0,187407.7528735915,191937.28068682126,3.0232449619200144,0.021516861619673613,0.2638653651623637,0.28538222678203734,191354.51664982663,582.7640369946275,40539.8994594795,97520.59204706745,32532.137301527513,130052.72934859496,16385.710808518157,4376.177033234003,42626.922836846265,42626.92283684626,4272.891625563739,46899.814462409995,4441.797766728657,4441.797766728657,0.0,47068.72060357491,0.08770407177813097,0.0893883323718125,0.08237582446189368,0.9845999418481872,141005.7199974104,0.0,passing_the_buck_500bp
2046Q2,2046-06-30,2046,2,2046,64054.68998686649,32529.483082769868,0.01602817697257164,0.01989152606750788,0.023159436985126236,341.5111875,4197.204816845096,822.4532102841903,2289.2958983049066,721.8601350643218,273.7198373716328,89.87573582004335,6.044719973726774,94.05798185465241,0.0,4297.307518673474,4638.818706173474,0.0,191937.28068682126,196576.09939299474,3.0688791005514178,0.02132622529716541,0.26835240445654024,0.2896786297537057,195993.3353560001,582.7640369946275,41518.89112486537,99875.6015091161,33317.750776154346,133193.35228527043,16799.235300719276,4481.856645145013,43521.5087605904,43521.50876059039,4376.177033234003,47897.68579382439,4544.760724318822,4544.760724318822,0.0,48066.269484909215,0.08776068470093852,0.08955649477362913,0.08240516531954103,0.985574790992641,145303.02751608388,0.0,passing_the_buck_500bp
2046Q3,2046-09-30,2046,3,2046,64627.27844864755,32659.05394633475,0.016028176972572528,0.019891526067509657,0.023159436985126236,341.5111875,4301.729491273252,842.3145036957062,2344.5797454264984,742.0761122102086,280.71299909117516,92.04613084966572,6.044719973726774,96.4317134332475,0.0,4404.205924680226,4745.717112180227,0.0,196576.09939299474,201321.81650517497,3.1151213750265545,0.021137277985262076,0.2725911429601531,0.2937284209454152,200739.05246818034,582.7640369946275,42520.39855979325,102284.77369000245,34121.43252712021,136406.20621712267,17222.48091526612,4589.966775998327,44552.72675147666,44552.726751476665,4481.856645145013,49034.583396621674,4649.285398746979,4649.285398746979,0.0,49202.01215022364,0.08781740917392088,0.08961833993613522,0.08240124100470318,0.9865591564227005,149707.2334407641,0.0,passing_the_buck_500bp
2046Q4,2046-12-31,2046,4,2047,65204.985310761665,32789.14091427922,0.01602817697257164,0.01989152606750877,0.023159436985126236,357.7490725,4408.738895476384,862.6325857818055,2401.1350623728044,762.8338024566979,287.87100220301295,94.26644266206561,6.052004524189207,98.86124662825641,0.0,4513.6521466288295,4871.401219128829,0.0,201321.81650517497,206193.2177243038,3.162230874550522,0.021946117818752477,0.2768900031258119,0.2988361209445644,205610.45368730917,582.7640369946275,43548.45639148454,104757.81407100703,34946.42023010948,139704.2343011165,17656.820041366744,4700.942953341356,46355.0255959082,46355.025595908206,4589.966775998327,50944.992371906534,4772.539972500573,4772.539972500573,0.0,51127.565568408776,0.08784850594738743,0.08968033817661895,0.08257163659077023,0.9870635260942492,154220.88558739293,0.0,passing_the_buck_500bp
2047Q1,2047-03-31,2047,1,2047,65781.49756319606,32918.29886597883,0.01584952735551126,0.019676561505418855,0.023159436985126236,357.7490725,4517.327737365537,883.4893090422427,2459.1896853168873,782.8859892161635,295.2171378859967,96.5456159042481,6.052004524189207,101.35445928890584,0.0,4624.734201178632,4982.483273678632,0.0,206193.2177243038,211175.70099798244,3.2102598575702337,0.021753780972001237,0.2812179334613455,0.3029717144333467,210592.9369609878,582.7640369946275,44599.90545928526,107287.12314592843,35790.17874691205,143077.30189284048,18101.28545488931,4814.444153972697,47620.48239140893,47620.48239140893,4700.942953341356,52321.425344750285,4881.128814389726,4881.128814389726,0.0,52501.611205798654,0.08788867733614203,0.08971651448520984,0.08254966595822955,0.9877282354436521,158845.61978857155,0.0,passing_the_buck_500bp
2047Q2,2047-06-30,2047,2,2047,66363.10706970732,33047.96557685975,0.01584952735551126,0.019676561505418855,0.02235168965107781,357.7490725,4628.855058059655,904.8205820052498,2518.565215850668,803.3187120567901,303.273901334733,98.87664681221429,6.052004524189207,100.31165024030099,0.0,4735.218712824145,5092.967785324145,0.0,211175.70099798244,216268.66878330658,3.2588689459060376,0.021563129774754098,0.285412719320107,0.30697584909486103,215685.90474631195,582.7640369946275,45675.37874399099,109874.2235791729,36653.21602694138,146527.4396061143,18552.54768967862,4930.538706528017,48685.315700920364,48685.315700920364,4814.444153972697,53499.75985489306,4992.656135083844,4992.656135083844,0.0,53677.97183600421,0.08791850234970083,0.08969249190027569,0.0825792041628339,0.9882093013596069,163580.8385013957,0.0,passing_the_buck_500bp
2047Q3,2047-09-30,2047,3,2047,66949.858897853,33178.14305094806,0.01584952735551126,0.019676561505418855,0.02235168965107781,357.7490725,4742.408899191657,926.6392462687171,2579.2973985210815,824.3016548848783,310.9096608316644,101.26093868531918,6.052004524189207,102.81240409977985,0.0,4851.273307815626,5209.022380315626,0.0,216268.66878330658,221477.6911636222,3.3081128894018432,0.021374149453896613,0.2898451699632305,0.3112193194171271,220894.92712662756,582.7640369946275,46775.31278049073,112520.16547548644,37535.882377256305,150056.04785274275,19014.292759577333,5049.27373381672,49867.90999228023,49867.90999228023,4930.538706528017,54798.44869880824,5106.209976215846,5106.209976215846,0.0,54974.119968496074,0.08794775010360695,0.08972678909262492,0.0825779064778138,0.9886771488301584,168432.11180921132,0.0,passing_the_buck_500bp
2047Q4,2047-12-31,2047,4,2048,67541.79851365712,33308.8333001638,0.01584952735551126,0.019676561505418855,0.02235168965107781,372.65234999999996,4858.559492342182,948.9541580342056,2641.4108845370415,845.7718110752471,318.723179387428,103.69945930826088,6.05491834437418,105.37125054564649,0.0,4969.985661232204,5342.638011232204,0.0,221477.6911636222,226820.3291748544,3.358221637065095,0.02206943600559578,0.29433540536989167,0.31640484137548747,226237.56513785978,582.7640369946275,47903.47789613234,115234.01853065213,38441.20338027287,153675.221910925,19487.809097902238,5171.056232900155,51048.11005041426,51048.11005041426,5049.27373381672,56097.38378423098,5237.266760686557,5237.266760686557,0.0,56285.37681110082,0.08797539602118305,0.08976047447705245,0.08257712731778895,0.9891197555921295,173402.09747044352,2.9103830456733704e-11,passing_the_buck_500bp
2048Q1,2048-03-31,2048,1,2048,68154.49104959975,33438.61436348653,0.015676506274730606,0.02077970179797095,0.0223516896510787,372.65234999999996,4977.635538367479,971.8418078177848,2705.1185850070565,867.7382590161213,326.7363191433315,106.20056738318692,6.05491834437418,107.99532967149499,0.0,5091.685786383348,5464.338136383349,0.0,226820.3291748544,232284.66731123775,3.408207789890053,0.021871037066584532,0.29883200405254884,0.3207030411191334,231701.90327424312,582.7640369946275,49057.29330750505,118009.57455151906,39367.108029368355,157376.68258088743,19972.31977094995,5295.607614900685,52411.399141894544,52411.39914189454,5171.056232900155,57582.45537479469,5356.342806711854,5356.342806711854,0.0,57767.74194860639,0.08801247978385336,0.08979240626104901,0.08255931438604906,0.9897394712942125,178493.78325682686,-2.9103830456733704e-11,passing_the_buck_500bp
2048Q2,2048-06-30,2048,2,2048,68772.74150895959,33568.90109220574,0.015676506274730606,0.02077970179797095,0.022930584971782908,372.65234999999996,5100.061358981316,995.2498379760087,2770.274762596907,890.2100324135719,335.56818460380754,108.7585413910228,6.05491834437418,113.52267657681257,0.0,5219.638953902503,5592.291303902503,0.0,232284.66731123775,237876.95861514026,3.458884339868145,0.02167442168647306,0.3035876621683024,0.3252620838547755,237294.19457814563,582.7640369946275,50237.48059305975,120848.5693282267,40314.175371100624,161162.74469932733,20470.963513417377,5423.0057723411455,53661.53914619996,53661.53914619997,5295.607614900685,58957.14676110065,5478.76862732569,5478.76862732569,0.0,59140.30777352566,0.0880391185064929,0.08988348674617803,0.08257393224326416,0.9901803638407761,183713.42221072936,0.0,passing_the_buck_500bp
2048Q3,2048-09-30,2048,3,2048,69396.60030937828,33699.69545654334,0.015676506274730606,0.02077970179796984,0.022930584971782908,372.65234999999996,5224.737238941538,1019.1928875316997,2836.9201649801194,913.2377931900503,344.01141219021304,111.37498104945628,6.05491834437418,116.35696788360029,0.0,5347.149125169512,5719.801475169513,0.0,237876.95861514026,243596.76009030978,3.510211725132449,0.021479573831494427,0.30820813131083,0.3296877051423245,243013.99605331515,582.7640369946275,51444.52444043575,123752.1687991759,41282.79435376606,165034.96315294196,20981.205433941912,5553.303025995488,54913.05479585725,54913.05479585726,5423.0057723411455,60336.0605681984,5603.444507285913,5603.444507285913,0.0,60516.499303143166,0.0880650380663414,0.08991453659571348,0.08258866514414638,0.9906127226460519,189060.5713358989,0.0,passing_the_buck_500bp
2048Q4,2048-12-31,2048,4,2049,70026.11832585148,33830.99943439778,0.015676506274729718,0.02077970179797184,0.022930584971782908,392.23500750000005,5352.252344792173,1043.6807895853403,2905.082162560651,936.7870694638304,352.6513622859702,114.0509608963823,6.05491834437418,119.25718324085122,0.0,5477.564446377399,5869.799453877399,0.0,243596.76009030978,249466.55954418716,3.5624787651851295,0.022405069244296468,0.3128869386070341,0.33529200785133056,248883.79550719252,582.7640369946275,52683.25477100692,126731.99156229607,42276.84085439904,169008.8324166951,21504.687566137687,5687.02075335281,55994.71283459659,55994.7128345966,5553.303025995488,61548.01586059209,5750.542270636548,5750.542270636548,0.0,61745.25510523315,0.08809091260218793,0.08994478324500992,0.082551149676745,0.9910472168505444,194538.13578227628,-2.9103830456733704e-11,passing_the_buck_500bp
2049Q1,2049-03-31,2049,1,2049,70635.62538879001,33961.32231603833,0.015497958573625237,0.019473428238653945,0.022930584971783796,392.23500750000005,5483.143412318964,1068.811531166803,2975.033501924897,960.9852894179595,361.5159010873204,116.7971887219833,6.05491834437418,122.23265596853784,0.0,5611.430986631876,6003.665994131877,0.0,249466.55954418716,255470.22553831903,3.616733399501586,0.02221173835956429,0.31776775278738706,0.33997949114695136,254887.4615013244,582.7640369946275,53950.18048345958,129779.63961286732,43293.51336167897,173073.1529745463,22040.345944240362,5823.782099078162,57459.82288041675,57459.82288041675,5687.02075335281,63146.84363376956,5881.433338163339,5881.433338163339,0.0,63341.25621858009,0.08812424645921789,0.08997488075170962,0.08254058718560502,0.991599751276902,200149.56676890815,0.0,passing_the_buck_500bp
2049Q2,2049-06-30,2049,2,2049,71250.43759884583,34092.14722403822,0.015497958573625237,0.019473428238653945,0.022366633995218432,392.23500750000005,5617.487509132738,1094.5142865581863,3046.5770399120574,985.761848597676,371.02840920500114,119.60592485981776,6.05491834437418,122.22167902928534,0.0,5745.764106506397,6137.999114006398,0.0,255470.22553831903,261608.22465232544,3.6716718306381764,0.022020075705828576,0.32256723187336445,0.34458730757919304,261025.4606153308,582.7640369946275,55246.04539844731,132896.90224567032,44333.408770910326,177230.31101658064,22585.43684362035,5963.667356682494,58811.65198687916,58811.65198687916,5823.782099078162,64635.43408595732,6015.7774349771125,6015.7774349771125,0.0,64827.42942185627,0.0881499530040477,0.0899637379565325,0.08253884635121597,0.9920116315432306,205895.33087541454,0.0,passing_the_buck_500bp
2049Q3,2049-09-30,2049,3,2049,71870.60113199895,34223.47609229013,0.015497958573625237,0.019473428238653945,0.022366633995218432,392.23500750000005,5754.4425793096425,1120.804146021,3119.754780217108,1011.1434496509354,380.2613850827354,122.47881833786674,6.05491834437418,125.24440494812312,0.0,5885.74190260214,6277.97691010214,0.0,261608.22465232544,267886.20156242757,3.7273404889215067,0.021830066888107062,0.3275743800607579,0.34940444694886497,267303.43752543296,582.7640369946275,56571.4119484756,136085.13241795596,45396.97841847367,181482.11083642964,23143.177501231236,6106.737239296477,60106.78617698135,60106.78617698136,5963.667356682494,66070.45353366385,6152.732505154017,6152.732505154017,0.0,66259.51868213539,0.0881773155640305,0.0899932241874158,0.08254200326062336,0.9924314080472455,211781.07277801668,0.0,passing_the_buck_500bp
2049Q4,2049-12-31,2049,4,2050,72496.16256614485,34355.31086213642,0.015497958573625237,0.019473428238653057,0.022366633995218432,407.0113625000001,5894.674049356119,1147.6925199046989,3194.5984835115128,1037.25701169287,389.70891819498513,125.41711605205141,6.057832164559153,128.33727834532647,0.0,6029.069159866005,6436.080522366005,0.0,267886.20156242757,274322.28208479355,3.7839559002106404,0.02245698796146053,0.33265590599310063,0.35511289395456114,273739.51804779895,582.7640369946275,57930.1695240388,139353.68623738032,46487.34343163545,185841.02966901576,23714.90725820498,6253.411596539413,61252.03362589653,61252.03362589653,6106.737239296477,67358.77086519302,6307.7432440206785,6307.7432440206785,0.0,67559.77686991722,0.08820256808970399,0.09002433308922789,0.08249386589211752,0.9928241861909542,217810.1419378827,0.0,passing_the_buck_500bp
2050Q1,2050-03-31,2050,1,2050,73138.58310051494,34485.28629924234,0.015219177974386433,0.020390207990024445,0.022366633995218432,407.0113625000001,6038.334688342176,1175.258314218937,3271.3277844224995,1063.9254142862308,399.39373475058125,128.4294406639282,6.057832164559153,131.50772635122968,0.0,6175.900246857965,6582.911609357965,0.0,274322.28208479355,280905.19369415153,3.8407251246322516,0.022259734615894384,0.33776428172639744,0.36002401634229186,280322.4296571569,582.7640369946275,59319.87318823957,142696.6822958263,47602.541816806675,190299.22411263298,24299.905852471762,6403.426503812561,62803.459233104135,62803.45923310413,6253.411596539413,69056.87082964354,6451.403883006736,6451.403883006736,0.0,69254.86311611086,0.08823652811014272,0.09005320603083904,0.08247571487704485,0.9933235597809992,223986.04218474065,0.0,passing_the_buck_500bp
2050Q2,2050-06-30,2050,2,2050,73786.6964071418,34615.753468596544,0.015219177974386433,0.020390207990024445,0.02276633294218633,407.0113625000001,6185.9699422394,1203.4519273064104,3349.80461689452,1091.2824392701145,409.9205869463038,131.5103718220505,6.057832164559153,137.13961530028513,0.0,6329.167389704244,6736.178752204244,0.0,280905.19369415153,287641.37244635576,3.89828229819644,0.02206421386609771,0.34310615316240906,0.3651703670285068,287058.60840936116,582.7640369946275,60741.379117036835,146116.1801639275,48743.26063128698,194859.44079521447,24900.914114019106,6556.874383090761,64249.55308050164,64249.553080501646,6403.426503812561,70652.9795843142,6599.039136903959,6599.039136903959,0.0,70848.5922174056,0.08826536202391505,0.09012531675146479,0.08249258989058836,0.9937325354952359,230315.2095744449,0.0,passing_the_buck_500bp
2050Q3,2050-09-30,2050,3,2050,74440.55293219624,34746.7142305552,0.015219177974387321,0.020390207990024445,0.02276633294218633,407.0113625000001,6336.690614496595,1232.290728836885,3430.077329348195,1119.5547621538528,420.1059865149361,134.66180764272653,6.057832164559153,140.53148201290915,0.0,6483.279928674063,6890.291291174063,0.0,287641.37244635576,294531.66373752983,3.9566023106491746,0.021870410493631025,0.34837355034583484,0.3702439608394659,293948.8997005352,582.7640369946275,62195.35194362953,149613.77864740163,49910.03322465964,199523.81187206128,25515.908905039923,6713.826979804552,65765.6151280475,65765.6151280475,6556.874383090761,72322.48951113826,6749.759809161154,6749.759809161154,0.0,72515.37493720866,0.08829687033999178,0.0901578222010907,0.08248841105207291,0.9941782888438107,236798.48950311897,0.0,passing_the_buck_500bp
2050Q4,2050-12-31,2050,4,2051,75100.20356887476,34878.17045251266,0.015219177974386433,0.020390207990024445,0.022766332942187217,427.29039000000006,6491.10807861955,1261.788202556384,3512.1834537477494,1148.7225381040382,430.5286626136438,137.88522159773595,6.063659804929099,144.0022834869747,0.0,6641.174021911454,7068.464411911454,0.0,294531.66373752983,301600.12814944127,4.015969515619786,0.02275841447530192,0.35372335659893656,0.37648177107423847,301017.36411244667,582.7640369946275,63686.957579704846,153201.90458432454,51107.005096803434,204308.909681128,26146.654910887668,6874.841940726189,67232.28330214393,67232.28330214393,6713.826979804552,73946.11028194848,6924.462128424479,6924.462128424479,0.0,74156.74543056841,0.0883254479226904,0.09019300590825029,0.08250798178638588,0.9945949929317431,243439.66352503042,0.0,passing_the_buck_500bp
2051Q1,2051-03-31,2051,1,2051,75741.55107830226,35009.05021058978,0.015094632227163673,0.01921496163380243,0.02276633294218544,427.29039000000006,6649.349478434879,1292.049151898262,3596.4147101170156,1178.474988133437,441.2185619285031,141.19206635766406,6.063659804929099,147.56197894913132,0.0,6802.975117188938,7230.2655071889385,0.0,301600.12814944127,308830.39365663024,4.077423676435656,0.02256570582021821,0.3592730817015334,0.3818387875217516,308247.62961963564,582.7640369946275,65212.65016137209,156872.0282360796,52331.33079095892,209203.35902703853,26792.083932182486,7039.536499042525,69064.52193646434,69064.52193646433,6874.841940726189,75939.36387719051,7082.703528239807,7082.703528239807,0.0,76147.22546470413,0.08836134347821759,0.09022509584370071,0.08247098730248906,0.9951349727645995,250242.63864221936,5.820766091346741e-11,passing_the_buck_500bp
2051Q2,2051-06-30,2051,2,2051,76388.37562518507,35140.42109279561,0.015094632227163673,0.01921496163380243,0.022850408612718587,427.29039000000006,6811.844264228673,1323.0016401488363,3682.5708628419657,1208.8531420872914,452.8441383014957,144.57448084908583,6.063659804929099,151.7582355641283,0.0,6969.666159597729,7396.9565495977295,0.0,308830.39365663024,316227.350206228,4.139731308829776,0.022374628940748067,0.3649595165524031,0.3873341454931512,315644.5861692334,582.7640369946275,66773.34591495761,160626.35362722006,53583.74555316876,214210.09918038882,27453.131514877055,7208.0095590098645,70521.45884337378,70521.45884337377,7039.536499042525,77560.9953424163,7245.1983140336015,7245.1983140336015,0.0,77766.65715740736,0.08838814172809632,0.09027176473241656,0.08251058082475543,0.99554652233334,257212.30480181708,0.0,passing_the_buck_500bp
2051Q3,2051-09-30,2051,3,2051,77040.72398282294,35272.284942065315,0.015094632227163673,0.01921496163380243,0.022850408612718587,427.29039000000006,6977.423327165198,1354.6642552497026,3770.703651398987,1239.968805506952,464.0521186913936,148.03449631816505,6.063659804929099,155.50260330452494,0.0,7138.989590274652,7566.279980274652,0.0,316227.350206228,323793.6301865026,4.2028892441184205,0.022185170019703816,0.37066056605939307,0.3928457360790969,323210.866149508,582.7640369946275,68369.70922782956,164466.47897210636,54864.78253574391,219331.26150785026,28129.562574306197,7380.332839521948,72308.29800670405,72308.29800670405,7208.0095590098645,79516.30756571391,7410.777376970127,7410.777376970127,0.0,79719.07538367418,0.08841356978998503,0.09030198792886135,0.08249086691970665,0.995929985506841,264351.29439209175,-5.820766091346741e-11,passing_the_buck_500bp
2051Q4,2051-12-31,2051,4,2052,77698.64332395443,35404.64360824966,0.015094632227163673,0.01921496163380243,0.022850408612718587,450.937025,7146.734938272687,1387.050475959592,3860.8505938701933,1271.7391758877952,475.52110686342417,151.573585691682,6.070944355391532,159.334107577189,0.0,7312.139990205267,7763.077015205267,0.0,323793.6301865026,331556.7072017079,4.267213596244211,0.02321466659951199,0.376435915861143,0.399650582460655,330973.9431647133,582.7640369946275,70007.6394476698,168406.59542282077,56179.175800468794,224585.77122328957,28823.3893338889,7557.143159864977,73712.02049357905,73712.02049357905,7380.332839521948,81092.353333101,7603.742907628079,7603.742907628079,0.0,81315.76340120714,0.08843781515125743,0.09033086890552519,0.08247896596721856,0.9962951045113827,271663.43438229704,0.0,passing_the_buck_500bp
2052Q1,2052-03-31,2052,1,2052,78389.3738243559,35536.2317404252,0.014949853670766178,0.020776005458570612,0.022850408612718587,450.937025,7320.397682097829,1420.2799852946011,3953.344827550714,1304.2827905138643,487.285251092919,155.20482764572697,6.070944355391532,163.2641462068072,0.0,7489.732772660027,7940.669797660027,0.0,331556.7072017079,339497.3769993679,4.33091068899296,0.023010109814648984,0.38218102312907803,0.405191132943727,338914.6129623733,582.7640369946275,71682.97854095923,172436.70063855973,57523.588641551054,229960.2892801108,29533.353470201575,7737.991671101674,75691.0357268137,75691.03572681372,7557.143159864977,83248.1788866787,7777.40565145322,7777.40565145322,0.0,83468.44137826693,0.08846617360647173,0.09035839251598704,0.08244096512064124,0.9967525971919434,279153.1671549571,0.0,passing_the_buck_500bp
2052Q2,2052-06-30,2052,2,2052,79086.24482610688,35668.30894507161,0.014949853670766178,0.020776005458570612,0.02253572169058371,450.937025,7498.397334212373,1454.2684271497103,4047.951547490185,1337.3231721685177,499.9351834587093,158.91900394525064,6.070944355391532,165.00092690538284,0.0,7669.469205473147,8120.406230473147,0.0,339497.3769993679,347617.78322984104,4.395426587697715,0.02280735548850552,0.3879040772430963,0.4107114327316018,347035.01919284643,582.7640369946275,73396.66072565262,176559.04192356594,58898.770742812805,235457.81266637874,30257.56658117712,7922.979219637981,77310.277857551,77310.27785755102,7737.991671101674,85048.26952865269,7955.405303567764,7955.405303567764,0.0,85265.68316111878,0.08848334044406106,0.09036263282219617,0.08247514183359556,0.9970523974473767,286822.6363604302,0.0,passing_the_buck_500bp
2052Q3,2052-09-30,2052,3,2052,79789.31091743938,35800.87703992029,0.014949853670766178,0.020776005458570612,0.02253572169058371,450.937025,7679.550264960688,1489.0347544716774,4144.723509155705,1370.856098897382,512.2177167126085,162.71818572331506,6.070944355391532,169.04705850058315,0.0,7854.668267816663,8305.605292816663,0.0,347617.78322984104,355923.3885226577,4.46079035437395,0.022606387738658345,0.39377045258326127,0.4163768403219196,355340.6244856631,582.7640369946275,75149.36525280154,180775.2532474737,60305.26718425588,241080.5204317296,30998.55967226831,8112.179128863728,79214.91615434032,79214.91615434032,7922.979219637981,87137.8953739783,8136.5582343160795,8136.5582343160795,0.0,87351.4743886564,0.08849756748323219,0.09038281292557743,0.08245759448749058,0.9973160952545674,294677.3046282469,0.0,passing_the_buck_500bp
2052Q4,2052-12-31,2052,4,2053,80498.62717186751,35933.93784945863,0.014949853670767954,0.020776005458570612,0.022535721690584598,462.968345,7864.610873642641,1524.592747566211,4243.699069984439,1404.9302213161945,524.7849559167564,166.60387885903884,6.072401265484019,173.18693875441545,0.0,8043.870213662541,8506.83855866254,0.0,355923.3885226577,364430.22708132025,4.5271607713663045,0.023005030583269234,0.399702230771642,0.42270726135491127,363847.46304432565,582.7640369946275,76944.52587247142,185093.5946539384,61745.833454425556,246839.42810836397,31757.547000294984,8305.962063195315,81017.61313682786,81017.61313682786,8112.179128863728,89129.79226569159,8333.651619908125,8333.651619908125,0.0,89351.26475673598,0.08850962727482037,0.0904000183528313,0.08247451221620201,0.9975537234448734,302721.17484190944,0.0,passing_the_buck_500bp
2053Q1,2053-03-31,2053,1,2053,81196.53172863879,36067.141385070965,0.014910252990658845,0.01992533565251664,0.02253572169058371,462.968345,8053.988003170835,1561.0120686377638,4345.0721345012,1439.662598237997,537.6575059209991,170.58369587287382,6.072401265484019,177.4273516408149,0.0,8237.487756077135,8700.456101077134,0.0,364430.22708132025,373130.6831823974,4.595401739934055,0.02280729657504357,0.405804907214858,0.42861220378990156,372547.9191454028,582.7640369946275,78780.48041786565,189510.0677243097,63219.135710881004,252729.2034351907,32534.08669630969,8504.14859603678,83150.99988454914,83150.99988454914,8305.962063195315,91456.96194774445,8523.02874943632,8523.02874943632,0.0,91674.02863398545,0.08852670941655645,0.09041497816523318,0.082440190041691,0.997890243249465,310958.6625979866,0.0,passing_the_buck_500bp
2053Q2,2053-06-30,2053,2,2053,81900.48695717272,36200.83869294878,0.014910252990658845,0.01992533565251664,0.022725734639350792,462.968345,8248.199015769113,1598.2589964774495,4448.748839828164,1475.1944792872587,551.3427483851337,174.65395179110536,6.072401265484019,183.2855803775072,0.0,8437.556997412104,8900.525342412104,0.0,373130.6831823974,382031.20852480945,4.664577986264973,0.02261126214021632,0.4120882456693699,0.4346995078095862,381448.44448781485,582.7640369946275,80658.27016079679,194027.17728580703,64726.009545175904,258753.18683098294,33330.136366054765,8706.85112998044,84914.41938574979,84914.4193857498,8504.14859603678,93418.56798178659,8717.239762034596,8717.239762034596,0.0,93631.6591477844,0.0885371814297516,0.09045149463934678,0.0824704315560282,0.9981022514644607,319396.2195953987,-5.820766091346741e-11,passing_the_buck_500bp
2053Q3,2053-09-30,2053,3,2053,82610.54531539987,36335.03160345678,0.014910252990657957,0.01992533565251664,0.022725734639350792,462.968345,8446.256858831926,1636.3546558871649,4554.787986784313,1511.4497937818862,564.8474672965898,178.81695508197325,6.072401265484019,187.77024371201207,0.0,8640.099503809422,9103.067848809422,0.0,382031.20852480945,391134.2763736189,4.734677333024523,0.02241691267052782,0.41835334560847043,0.44077025827899824,390551.5123366243,582.7640369946275,82578.72375104233,198646.9166935689,66267.11992561791,264914.0366191868,34144.592850774,8914.159115621214,87017.63418180161,87017.63418180161,8706.85112998044,95724.48531178205,8915.29760509741,8915.29760509741,0.0,95932.93178689902,0.08854738938992605,0.09046485534176799,0.0824531851630417,0.9983284193345459,328036.3190992081,5.820766091346741e-11,passing_the_buck_500bp
2053Q4,2053-12-31,2053,4,2054,83326.759716049,36469.72195374466,0.014910252990658845,0.01992533565251664,0.022725734639350792,486.19494,8648.820939203326,1675.3158580992713,4663.236369381521,1548.5296419924423,578.66452689302,183.07454283707068,6.073858175576505,192.35860455605294,0.0,8847.253401934955,9333.448341934954,0.0,391134.2763736189,400467.72471555386,4.8059918095965815,0.023339198195479922,0.42470166520736297,0.4480408634028429,399884.96067855926,582.7640369946275,84547.81546087697,203383.6573342304,67847.26103888507,271230.9183731155,34979.50938440609,9126.71746016084,89736.43374835272,89736.43374835273,8914.159115621214,98650.59286397394,9141.089737378901,9141.089737378901,0.0,98877.52348573164,0.08855642371127954,0.09047791447951639,0.08255442135352364,0.9985323105488199,336883.5725011431,0.0,passing_the_buck_500bp
2054Q1,2054-03-31,2054,1,2054,84044.73724195024,36604.17903869316,0.0148290126082804,0.01979116344579368,0.022725734639350792,486.19494,8856.416582015707,1715.2638061625414,4774.431355921051,1586.452689536888,592.8287705571726,187.43995983805326,6.073858175576505,197.06223010614121,0.0,9059.552670297424,9545.747610297423,0.0,400467.72471555386,410013.47232585127,4.878514536198662,0.023139816052982782,0.4311776307523714,0.45431744680535413,409430.70828885667,582.7640369946275,86561.62556545487,208227.97012945818,69463.28741524089,277691.25754469907,35833.72213923746,9344.103039465419,92106.78462072361,92106.78462072363,9126.71746016084,101233.50208088447,9348.685380191282,9348.685380191282,0.0,101455.47000091491,0.08856957298063418,0.09048971601126944,0.08252761290000407,0.998824655370167,345943.12517144054,0.0,passing_the_buck_500bp
2054Q2,2054-06-30,2054,2,2054,84768.90115658728,36739.131841917646,0.014829012608279513,0.01979116344579479,0.022859099804621197,486.19494,9069.20009937965,1756.1189786591656,4888.1515987890225,1625.278403895912,607.7466018625305,191.904516173021,6.073858175576505,203.049282011086,0.0,9278.323239566313,9764.518179566312,0.0,410013.47232585127,419777.9905054176,4.952028217636005,0.022942137192595583,0.43781731804814394,0.4607594552407395,419195.226468423,582.7640369946275,88621.2715902642,213182.5433381943,71116.09583768445,284298.6391758787,36708.87921476634,9566.436487513838,94118.98619976005,94118.98619976007,9344.103039465419,103463.08923922549,9561.468897555225,9561.468897555225,0.0,103680.4550973153,0.08857874400795814,0.0905172523910875,0.08255864669882153,0.9990335285738134,355221.44841100683,0.0,passing_the_buck_500bp
2054Q3,2054-09-30,2054,3,2054,85499.30476442193,36874.58219103927,0.014829012608281289,0.019791163445792792,0.022859099804621197,486.19494,9286.454684943683,1797.904047387485,5004.460204864104,1665.0233011840714,622.5964421457148,196.4706893623154,6.073858175576505,208.0082984130821,0.0,9500.536841532341,9986.73178153234,0.0,419777.9905054176,429764.7222869499,5.026528852732661,0.022746147063516988,0.4444731740315023,0.4672193210950193,429181.9582499553,582.7640369946275,90727.71665278653,218249.69378382192,72806.45918110109,291056.152964923,37604.26686190486,9793.821770341023,96452.19535236298,96452.19535236299,9566.436487513838,106018.63183987683,9778.723483119258,9778.723483119258,0.0,106230.91883548225,0.0885876378991132,0.09052915642474332,0.08254148607598012,0.9992282774055536,364721.98525253916,0.0,passing_the_buck_500bp
2054Q4,2054-12-31,2054,4,2055,86236.00182920904,37010.53192041722,0.014829012608279513,0.01979116344579368,0.022859099804622085,508.6235875,9508.647604700991,1840.6385515934066,5123.411561575213,1705.667281137387,637.7895957866109,201.14061460837877,6.0767719957614785,213.0819499351577,0.0,9727.806326631911,10236.429914131912,0.0,429764.7222869499,440001.15220108186,5.102290723919541,0.023592169243065432,0.4512178728275411,0.47481004207060656,439418.38816408726,582.7640369946275,92886.8565308671,223443.60403101705,74539.10864258108,297982.71267359814,38521.92363774359,10026.895321878566,98601.23632483868,98601.23632483867,9793.821770341023,108395.05809517969,10023.347964196753,10023.347964196753,0.0,108624.58428903543,0.08859598192144076,0.09054076169738981,0.08255516281585543,0.9994276654777995,374449.7915791711,0.0,passing_the_buck_500bp
2055Q1,2055-03-31,2055,1,2055,86982.42707542455,37147.02509440848,0.014833626650489373,0.019945074784910366,0.022859099804621197,508.6235875,9736.35725575677,1884.4421018699663,5245.3386046281175,1747.2885282886311,653.3606582969762,205.92736267308106,6.0767719957614785,218.28178791856132,0.0,9960.715815671092,10469.339403171092,0.0,440001.15220108186,450470.49160425295,5.178867809858182,0.023389716962437034,0.4580564672923608,0.4814461842547979,449887.72756725835,582.7640369946275,95095.04758326331,228755.50913324745,76311.12030177034,305066.6294350178,39460.78672847563,10265.263820501707,101214.81079756576,101214.81079756576,10026.895321878566,111241.70611944432,10251.057615252532,10251.057615252532,0.0,111465.8684128183,0.08860719187793792,0.0905517248383842,0.08253090572307344,0.999697626445628,384410.50739484216,0.0,passing_the_buck_500bp
2055Q2,2055-06-30,2055,2,2055,87735.31308786725,37284.02164907489,0.014833626650488485,0.019945074784910366,0.022480077339169124,508.6235875,9969.533284342306,1929.2407778454544,5370.035576902977,1789.8220635153707,669.6120103649563,210.8228557135538,6.0767719957614785,219.9249968550893,0.0,10195.535053193156,10704.158640693156,0.0,450470.49160425295,461174.65024494607,5.256431350317037,0.023189001992418332,0.46483153450343484,0.4880205364958532,460591.88620795147,582.7640369946275,97353.46732808145,234188.24166445638,78123.43908406876,312311.68074852513,40417.683755108184,10509.054376236898,103417.84869802874,103417.84869802873,10265.263820501707,113683.11251853043,10484.233643838068,10484.233643838068,0.0,113902.0823418668,0.0886146205991981,0.0905323233660342,0.08256111293692228,0.9998797646874447,394606.0424480353,-5.820766091346741e-11,passing_the_buck_500bp
2055Q3,2055-09-30,2055,3,2055,88494.71578841346,37421.52344086173,0.014833626650490261,0.019945074784911254,0.022480077339169124,508.6235875,10207.595041056731,1975.0584684184523,5497.568973073105,1833.2882527356896,685.8496425775262,215.82970425196527,6.0767719957614785,225.25802726375383,0.0,10438.929840316247,10947.553427816247,0.0,461174.65024494607,472122.2036727623,5.335032713157511,0.022990009424566957,0.4718442111402546,0.49483422056482157,471539.4396357677,582.7640369946275,99663.16820513245,239744.33331699684,79976.90954303685,319721.2428600337,41396.64797336878,10758.380597232928,105927.52898475608,105927.52898475608,10509.054376236898,116436.58336099298,10722.295400552493,10722.295400552493,0.0,116649.82438530857,0.08861935242257178,0.09054209579621746,0.08254684954526635,1.0,405044.97228835156,0.0,passing_the_buck_500bp
2055Q4,2055-12-31,2055,4,2056,89260.6915829773,37559.532333060706,0.014833626650489373,0.019945074784910366,0.022480077339169124,527.2519,10450.773245044165,2021.9165249616246,5627.998224616493,1877.4465199116416,702.4617340387388,220.95024151567122,6.084056546223911,230.7140437416731,0.0,10687.571345332062,11214.823245332062,0.0,472122.2036727623,483337.0269180944,5.414892248160336,0.02362750682969393,0.47893742052835553,0.5025649273580495,482754.26288109977,582.7640369946275,102029.26666714928,245436.09195315646,81875.63748912369,327311.72944228014,42399.47198037426,11013.794791296183,108254.17993766622,108254.17993766622,10758.380597232928,119012.56053489915,10984.109201590389,10984.109201590389,0.0,119238.28913925661,0.08861851448496065,0.09054919478211908,0.08251373515238258,1.0,415732.54363368364,0.0,passing_the_buck_500bp
2056Q1,2056-03-31,2056,1,2056,90047.89268687452,37698.22585606264,0.01485254191540597,0.02058758735569799,0.022480077339169124,527.2519,10699.229023198795,2069.9187475097906,5761.612258600339,1922.023503146119,719.4787034163064,226.1958105262453,6.084056546223911,236.30303688832367,0.0,10941.616116633342,11468.868016633342,0.0,483337.0269180944,494805.89493472775,5.494919205442453,0.023420954528427417,0.4860354102757678,0.5094563648041952,494223.13089773315,582.7640369946275,104448.88524843857,251256.59569691302,83817.31383645917,335073.9095333722,43425.34977245654,11274.986343465867,111038.31711350553,111038.31711350552,11013.794791296183,122052.1119048017,11232.564979745019,11232.564979745019,0.0,122270.88209325053,0.08861767779051567,0.09055061381413672,0.08250109403683595,1.0,426674.159750317,5.820766091346741e-11,passing_the_buck_500bp
2056Q2,2056-06-30,2056,2,2056,90842.03621488909,37837.43152317628,0.01485254191540597,0.02058758735569799,0.022908651366030597,527.2519,10953.387843483197,2119.0067594776974,5898.248583985025,1967.6083897269352,736.9640782646147,231.56003202893024,6.084056546223911,246.59560618730194,0.0,11206.067506216723,11733.319406216722,0.0,494805.89493472775,506539.2143409445,5.576044257118075,0.02321620791294341,0.4934309257317171,0.5166471336446605,505956.4503039499,582.7640369946275,106923.25244727582,257208.7997573508,85802.92442060546,343011.72417795623,44479.38581177225,11542.087866945527,113493.82352641353,113493.82352641351,11274.986343465867,124768.80986987938,11486.72380002942,11486.72380002942,0.0,124980.54732644293,0.08861664035366507,0.09058960389059205,0.08251442078906518,1.0,437880.2272565337,0.0,passing_the_buck_500bp
2056Q3,2056-09-30,2056,3,2056,91643.18339311986,37977.15122556125,0.01485254191540597,0.0205875873556971,0.022908651366030597,527.2519,11213.302503277679,2169.205484024108,6037.9765743038015,2014.2228743315718,754.8519410508051,237.04562956739375,6.084056546223911,252.58106531245124,0.0,11471.967625136354,11999.219525136354,0.0,506539.2143409445,518538.4338660808,5.658232447488399,0.02301325119788816,0.500723226775102,0.5237364779729902,517955.6698290862,582.7640369946275,109453.6081350755,263295.68670216255,87833.46420375117,351129.15090591373,45557.6775854574,11815.23320263956,116102.71178686629,116102.71178686628,11542.087866945527,127644.7996538118,11746.638459823902,11746.638459823902,0.0,127849.35024669018,0.08861559953574305,0.090590953674238,0.08250739279084424,1.0,449352.19488167006,0.0,passing_the_buck_500bp
