quarter,quarter_end,calendar_year,calendar_quarter,fiscal_year,nominal_gdp_billions_saar,real_gdp_billions_chained_saar,annual_real_gdp_growth_rate,annual_inflation_rate,annual_tips_reference_inflation_rate,primary_deficit_billions,marketable_interest_excluding_tips_inflation_billions,bills_interest_cost_billions,notes_interest_cost_billions,bonds_interest_cost_billions,tips_real_interest_cost_billions,frns_interest_cost_billions,other_public_debt_interest_billions,tips_inflation_compensation_billions,tips_deflation_floor_cost_billions,modeled_debt_interest_cost_billions,modeled_total_deficit_billions,other_financing_adjustment_billions,treasury_debt_management_adjustment_billions,beginning_debt_held_by_public_billions,debt_held_by_public_billions,debt_held_by_public_gdp_ratio,primary_deficit_gdp_ratio_annualized,modeled_interest_gdp_ratio_annualized,modeled_total_deficit_gdp_ratio_annualized,marketable_debt_billions,other_public_debt_billions,bills_outstanding_billions,notes_outstanding_billions,bonds_outstanding_billions,nominal_fixed_rate_debt_outstanding_billions,tips_outstanding_billions,frns_outstanding_billions,bill_share_of_marketable_debt,weighted_average_remaining_maturity_quarters,principal_maturing_next_four_quarters_billions,principal_maturing_next_eight_quarters_billions,share_marketable_debt_maturing_next_four_quarters,share_marketable_debt_maturing_next_eight_quarters,principal_maturing_billions,principal_refinanced_billions,treasury_buyback_operation_count,treasury_buyback_cash_limit_billions,treasury_buyback_face_value_limit_billions,treasury_buyback_cash_spent_billions,treasury_buyback_face_value_retired_billions,treasury_buyback_premium_or_discount_billions,treasury_buyback_unfilled_cash_limit_billions,treasury_buyback_unfilled_face_value_limit_billions,treasury_buyback_weighted_price_per_dollar_face,treasury_buyback_notes_retired_billions,treasury_buyback_bonds_retired_billions,treasury_buyback_financing_issuance_billions,treasury_buyback_financing_instrument,frn_principal_reset_billions,principal_repriced_or_reset_billions,net_new_borrowing_requirement_billions,genuinely_new_borrowing_billions,debt_repayment_billions,gross_treasury_issuance_billions,new_borrowing_bill_share,new_borrowing_note_share,new_borrowing_bond_share,new_borrowing_tips_share,new_borrowing_frn_share,average_effective_marketable_rate_excluding_tips_inflation,average_effective_debt_cost_rate_including_tips_inflation,average_new_issuance_stated_rate,share_marketable_debt_repriced_since_scenario_start,cumulative_modeled_interest_billions,debt_identity_residual_billions,short_issuance_rate,intermediate_issuance_rate,long_issuance_rate,tips_real_issuance_rate,reference_annual_real_gdp_growth_rate,reference_annual_inflation_rate,reference_primary_deficit_billions,policy_regime,inflation_gap_to_target,output_gap,policy_reaction_rate_adjustment,policy_rate_proxy,iorb_rate,fiscal_risk_premium_basis_points,liquidity_premium_basis_points,reference_short_issuance_rate,reference_intermediate_issuance_rate,reference_long_issuance_rate,reference_tips_real_issuance_rate,shadow_short_issuance_rate,shadow_intermediate_issuance_rate,shadow_long_issuance_rate,shadow_tips_real_issuance_rate,short_yield_suppression_basis_points,intermediate_yield_suppression_basis_points,long_yield_suppression_basis_points,average_nominal_yield_suppression_basis_points,required_fed_purchase_equivalent_gross_issuance_share,rate_bound_binding,required_total_fed_market_absorption_billions,fed_treasury_rollover_billions,required_fed_treasury_purchases_billions,fed_treasury_purchases_billions,unfilled_fed_treasury_purchases_billions,fed_purchase_requirement_covered,fed_purchase_requirement_coverage_ratio,fed_treasury_holdings_billions,fed_reserve_balances_billions,fed_average_treasury_yield,fed_treasury_interest_income_billions,fed_reserve_interest_expense_billions,fed_net_income_billions,fed_remittance_to_treasury_billions,fed_deferred_remittances_billions,consolidated_public_financing_cost_billions,consolidated_public_financing_cost_gdp_ratio_annualized,cumulative_consolidated_public_financing_cost_billions,potential_nominal_gdp_billions_saar,macro_feedback_output_gap,automatic_stabilizer_primary_deficit_billions,private_credit_spread_basis_points,financial_stress_index,supply_inflation_pressure_rate,monetary_tightening_rate_gap,macro_feedback_iterations,macro_feedback_converged,macro_feedback_maximum_change,scenario
2036Q4,2036-12-31,2036,4,2037,45567.45791099619,27698.55388240954,0.017515988152144724,0.05366937236414482,0.05366937236414482,247.04041823154074,1600.941481453217,330.1144357628681,916.7886883253786,225.02850094890826,99.41193727393606,29.59791914212602,5.894658234200658,82.22397719580539,0.0,1689.0601168832231,1936.100535114764,0.0,0.0,77061.53216807223,78997.63270318699,1.7336414258062778,0.021685687949858246,0.1482689791633625,0.16995466711322077,78414.86866619236,582.7640369946275,16671.159945451425,40103.24173637341,13378.140339574364,53481.382075947775,6462.718154308958,1799.6084904842012,0.21260202598080738,20.14752359247369,21538.13658159647,26305.13930897211,0.27466903851211044,0.33546111542890666,17422.492045636947,17422.492045636947,0,0.0,0.0,0.0,0.0,0.0,0.0,0.0,0.0,0.0,0.0,0.0,none,1756.50018026592,19178.992225902868,1853.8765579189585,1853.8765579189585,0.0,19276.368603555908,0.2154110468670722,0.5181811771623273,0.1728613500867164,0.0702933619006643,0.0232530639832198,0.0799532542402122,0.087673321272635,0.06670633115924392,0.26568584340268175,1689.0601168832231,0.0,0.0664020292731086,0.07283902195483134,0.0665260146365542,0.04012601463655431,0.017515988152144724,0.05366937236414482,247.04041823154074,price_stability,0.033669372364144814,0.0,0.02525202927310861,0.05640202927310861,0.05640202927310861,0.0,100.0,0.03115,0.0438999999999999,0.0438999999999999,0.0175,0.0664020292731086,0.07283902195483134,0.0665260146365542,0.04012601463655431,0.0,0.0,0.0,0.0,0.0,False,0.0,0.0,0.0,0.0,0.0,True,1.0,0.0,0.0,0.0,0.0,0.0,0.0,0.0,0.0,1689.0601168832231,0.1482689791633625,1689.0601168832231,45567.457910996185,0.0,-0.0,200.0,0.0,0.0,0.02525202927310861,14,True,9.655805511708457e-11,price_stability
2037Q1,2037-03-31,2037,1,2037,46359.78453943728,27818.71239056672,0.01746555549210771,0.052995984916861916,0.052995984916861916,249.06629979072068,1574.133962348086,276.7497126786353,929.9199528178177,230.3582925630303,101.3284362958437,35.77756799275875,5.894658234200658,83.9736319472321,0.0,1664.0022525295187,1913.0685523202394,0.0,0.0,78997.63270318699,80910.70125550723,1.7452777673433366,0.021489858269625503,0.143572906480097,0.1650627647497225,80327.9372185126,582.7640369946275,17065.16719706822,41051.04429535393,13694.320156946798,54745.36445230073,6675.2650174446335,1842.1405516990167,0.21244373735935215,20.059638395988745,21864.917991044265,26734.147873978865,0.27219568618531903,0.3328125780356481,17923.845754947488,17923.845754947488,0,0.0,0.0,0.0,0.0,0.0,0.0,0.0,0.0,0.0,0.0,0.0,none,1799.6084904842012,19723.45424543169,1829.0949203730074,1829.0949203730074,0.0,19752.940675320497,0.2154110468670722,0.5181811771623273,0.1728613500867164,0.0702933619006643,0.0232530639832198,0.08249416271182855,0.08425580340016382,0.07828693629823709,0.29516469045418453,3353.0623694127416,0.0,0.07852300332420073,0.08192975249315045,0.07258650166210026,0.04618650166210037,0.01746555549210771,0.052776795798754605,249.06629979072068,price_stability,0.03299598491686191,0.0,0.03737300332420074,0.06852300332420073,0.06852300332420073,0.0,100.0,0.03115,0.0438999999999999,0.0438999999999999,0.0175,0.07852300332420073,0.08192975249315045,0.07258650166210026,0.04618650166210037,0.0,0.0,0.0,0.0,0.0,False,0.0,0.0,0.0,0.0,0.0,True,1.0,0.0,0.0,0.0,0.0,0.0,0.0,0.0,0.0,1664.0022525295187,0.143572906480097,3353.0623694127416,46359.78453943728,0.0,-0.0,200.0,0.0,0.0,0.03737300332420074,14,True,9.655805511708457e-11,price_stability
2037Q2,2037-06-30,2037,2,2037,46719.3091810177,27679.192392180303,-0.019910899310579322,0.05233606521852467,0.05233606521852467,300.5173800100084,1659.4464093372899,335.00204513585726,946.8330603921049,236.19673613764442,103.30054207380503,38.114025597878495,5.894658234200658,85.67567268876113,0.0,1751.0167402602517,2051.5341202702602,0.0,0.0,80910.70125550723,82962.23537577748,1.7757590347565644,0.02572960818796612,0.14991803354589833,0.17564764173386446,82379.47133878285,582.7640369946275,17488.634823254226,42069.71513985622,14034.14110227511,56103.85624213133,6899.127489434722,1887.8527839625829,0.21229360347959497,19.97801845889915,22258.379256324013,27235.603772900235,0.2701932762446018,0.33061153865499715,18329.876295902664,18329.876295902664,0,0.0,0.0,0.0,0.0,0.0,0.0,0.0,0.0,0.0,0.0,0.0,none,1842.1405516990167,20172.01684760168,1965.858447581499,1965.858447581499,0.0,20295.734743484165,0.2154110468670722,0.5181811771623273,0.1728613500867164,0.0702933619006643,0.0232530639832198,0.08302007172258917,0.08656539681843718,0.08146336417460219,0.3245641541627323,5104.079109672994,0.0,0.08176029874642457,0.08435772405981833,0.07420514937321218,0.04780514937321229,0.01746555549210771,0.052776795798755494,251.10879480984056,price_stability,0.03233606521852467,-0.009313007318277153,0.04061029874642458,0.07176029874642458,0.07176029874642458,0.0,100.0,0.03115,0.0438999999999999,0.0438999999999999,0.0175,0.08176029874642457,0.08435772405981833,0.07420514937321218,0.04780514937321229,0.0,0.0,0.0,0.0,0.0,False,0.0,0.0,0.0,0.0,0.0,True,1.0,0.0,0.0,0.0,0.0,0.0,0.0,0.0,0.0,1751.0167402602517,0.14991803354589833,5104.079109672994,47158.49660501918,-0.009313007318277153,49.40858520016784,200.0,0.0,0.0,0.04061029874642458,14,True,9.655805511708457e-11,price_stability
2037Q3,2037-09-30,2037,3,2037,47014.222412480914,27505.17364682791,-0.024911786413927883,0.05168934391415417,0.05168934391415417,359.9727248019271,1710.4093492949382,357.4690019540974,966.2366822740709,242.6344596152538,105.71098989026092,38.35821556125479,5.894658234200658,87.4750719062701,0.0,1803.7790794354091,2163.7518042373363,0.0,0.0,82962.23537577748,85125.98718001482,1.8106433077454525,0.030626708798345646,0.1534666734342549,0.18409338223260055,84543.2231430202,582.7640369946275,17935.887767751403,43145.60266113028,14393.049101379494,57538.65176250978,7132.551033092665,1936.1325796663473,0.21215050835487542,19.890553550200746,22607.62785085753,27708.27483258994,0.2674091075592496,0.32774093301028245,18774.430684808805,18774.430684808805,0,0.0,0.0,0.0,0.0,0.0,0.0,0.0,0.0,0.0,0.0,0.0,none,1887.8527839625829,20662.283468771388,2076.276732331066,2076.276732331066,0.0,20850.70741713987,0.2154110468670722,0.5181811771623273,0.1728613500867164,0.0702933619006643,0.0232530639832198,0.08239649766517801,0.08696868261879352,0.0800290160576089,0.3536172208075089,6907.858189108403,0.0,0.08027374313740993,0.08324280735305735,0.07346187156870486,0.04706187156870497,0.017465555492108598,0.052776795798754605,253.16803952936806,price_stability,0.031689343914154164,-0.019793656685671908,0.03912374313740993,0.07027374313740993,0.07027374313740993,0.0,100.0,0.03115,0.0438999999999999,0.0438999999999999,0.0175,0.08027374313740993,0.08324280735305735,0.07346187156870486,0.04706187156870497,0.0,0.0,0.0,0.0,0.0,False,0.0,0.0,0.0,0.0,0.0,True,1.0,0.0,0.0,0.0,0.0,0.0,0.0,0.0,0.0,1803.7790794354091,0.1534666734342549,6907.858189108403,47963.59739268143,-0.019793656685671908,106.80468527255901,200.0,0.0,0.0,0.03912374313740993,14,True,9.655805511708457e-11,price_stability
2037Q4,2037-12-31,2037,4,2038,47354.92787847522,27365.38937950335,-0.02017399005649434,0.050496776596774456,0.050496776596774456,424.0451318740089,1736.0942614891064,359.94521190247224,986.2064013112048,249.22597294905057,108.12305518831005,32.59362013806931,5.91068424521801,88.38617936854409,0.0,1830.3911251028685,2254.4362569768773,0.0,0.0,85125.98718001482,87380.4234369917,1.8452234508989662,0.035818458679714726,0.15461040336077525,0.19042886204048998,86797.65939999706,582.7640369946275,18402.478882535517,44268.00904013792,14767.475442150308,59035.48448228823,7373.196154461497,1986.499880711832,0.21201584247485064,19.731606014137277,23198.811087795133,29181.763661212583,0.26727461602260577,0.336204499786472,19015.15618851878,19015.156188518777,0,0.0,0.0,0.0,0.0,0.0,0.0,0.0,0.0,0.0,0.0,0.0,none,1936.1325796663473,20951.288768185124,2166.050077608333,2166.050077608333,0.0,21181.20626612711,0.2154110468670722,0.5181811771623273,0.1728613500867164,0.0702933619006643,0.0232530639832198,0.07851580910523424,0.08600857086013765,0.06620849194366629,0.3794426634899722,8738.249314211273,0.0,0.0663375790074999,0.07029068425562482,0.06149378950374984,0.035093789503749945,0.01746555549210682,0.052776795798754605,265.00612925662665,price_stability,0.030496776596774456,-0.028987500035143672,0.03518757900749989,0.0663375790074999,0.0663375790074999,0.0,0.0,0.03115,0.0438999999999999,0.0438999999999999,0.0175,0.0663375790074999,0.07029068425562482,0.06149378950374984,0.035093789503749945,0.0,0.0,0.0,0.0,0.0,False,0.0,0.0,0.0,0.0,0.0,True,1.0,0.0,0.0,0.0,0.0,0.0,0.0,0.0,0.0,1830.3911251028685,0.15461040336077525,8738.249314211273,48768.607901740834,-0.028987500035143672,159.0390026173823,200.0,0.0,0.0,0.0351875790074999,14,True,9.655805511708457e-11,price_stability
2038Q1,2038-03-31,2038,1,2038,47782.692334078834,27286.28008491011,-0.011513362990099418,0.04869922166369865,0.04869922166369865,467.7580109166084,1702.5303678130092,305.19397420101205,1001.6531014224223,254.98219659505548,109.77354126981724,30.92755432470218,5.91068424521801,88.1729466875156,0.0,1796.6139987457427,2264.372009662351,0.0,0.0,87380.4234369917,89644.79544665405,1.876093436089598,0.03915710798765529,0.15039872480893166,0.18955583279658694,89062.03140965942,582.7640369946275,18871.256200882068,45395.67443232977,15143.656150233584,60539.33058256335,7614.341449450589,2037.1031767634086,0.2118889037470949,19.613198127684598,23769.282868991657,30668.14417926698,0.26688458025013906,0.344345886724753,19589.598414665805,19589.598414665805,0,0.0,0.0,0.0,0.0,0.0,0.0,0.0,0.0,0.0,0.0,0.0,none,1986.499880711832,21576.098295377637,2176.1990629748357,2176.1990629748357,0.0,21765.79747764064,0.2154110468670722,0.5181811771623273,0.1728613500867164,0.0702933619006643,0.0232530639832198,0.07662879958341945,0.08224331849530328,0.061276827924845755,0.405166779806959,10534.863312957015,0.0,0.06127547179840708,0.0664941038488052,0.058962735899203436,0.03256273589920354,0.017441798459170377,0.054505881638612586,267.1793405642089,price_stability,0.028699221663698652,-0.03597093581246742,0.03012547179840708,0.06127547179840708,0.06127547179840708,0.0,0.0,0.03115,0.0438999999999999,0.0438999999999999,0.0175,0.06127547179840708,0.0664941038488052,0.058962735899203436,0.03256273589920354,0.0,0.0,0.0,0.0,0.0,False,0.0,0.0,0.0,0.0,0.0,True,1.0,0.0,0.0,0.0,0.0,0.0,0.0,0.0,0.0,1796.6139987457427,0.15039872480893166,10534.863312957015,49565.61384832238,-0.03597093581246742,200.57867035239946,200.0,0.0,0.0,0.03012547179840708,14,True,9.655805511708457e-11,price_stability
2038Q2,2038-06-30,2038,2,2038,48305.046731117036,27273.648805893998,-0.001850382072650647,0.04638598722831606,0.04638598722831606,499.1848551669387,1704.6694540764947,289.086281784416,1015.22136591904,260.605253247813,110.79973472000198,28.95681840522434,5.91068424521801,86.8040153658449,0.0,1797.3841536875575,2296.569008854496,0.0,0.0,89644.79544665405,91941.36445550855,1.903349042746748,0.0413360415896565,0.14883613827701547,0.19017217986667198,91358.60041851392,582.7640369946275,19347.263991459666,46540.73305790782,15525.639110382399,62066.37216829022,7856.477275219149,2088.48698354488,0.21177277128622607,19.501573128423683,24353.426738696588,32213.28062126731,0.2665696127910618,0.3526026063632566,20107.614780861983,20107.614780861986,0,0.0,0.0,0.0,0.0,0.0,0.0,0.0,0.0,0.0,0.0,0.0,none,2037.1031767634086,22144.717957625395,2209.7649934886513,2209.7649934886513,0.0,22317.379774350637,0.2154110468670722,0.5181811771623273,0.1728613500867164,0.0702933619006643,0.0232530639832198,0.07456826822830244,0.0802002679456008,0.05606742651880582,0.4303217545229663,12332.247466644572,0.0,0.055858815469978354,0.06243161160248366,0.056254407734989076,0.02985440773498918,0.017441798459170377,0.054505881638612586,269.37037352520224,price_stability,0.026385987228316057,-0.040573643401848915,0.024708815469978353,0.055858815469978354,0.055858815469978354,0.0,0.0,0.03115,0.0438999999999999,0.0438999999999999,0.0175,0.055858815469978354,0.06243161160248366,0.056254407734989076,0.02985440773498918,0.0,0.0,0.0,0.0,0.0,False,0.0,0.0,0.0,0.0,0.0,True,1.0,0.0,0.0,0.0,0.0,0.0,0.0,0.0,0.0,1797.3841536875575,0.14883613827701547,12332.247466644572,50347.842123488015,-0.040573643401848915,229.81448164173645,200.0,0.0,0.0,0.024708815469978353,14,True,9.655805511708457e-11,price_stability
2038Q3,2038-09-30,2038,3,2038,48912.34955848498,27322.808636956863,0.007229381679531022,0.04370001133500169,0.04370001133500169,518.7660180069106,1701.5177799686664,270.1788122869756,1026.8793804932561,266.05077278979115,111.50291722169585,26.905897176948738,5.91068424521801,84.46027640973846,0.0,1791.8887406236229,2310.6547586305333,0.0,0.0,91941.36445550855,94252.01921413907,1.9269575079692502,0.04242413400211879,0.146538758149906,0.18896289215202475,93669.25517714444,582.7640369946275,19826.810875404546,47694.30513529727,15910.462094134684,63604.76722943195,8097.4242460289,2140.252826279051,0.2116682879340578,19.343618934270815,24955.93718314601,33872.936221837175,0.26642613028095613,0.3616227774820853,20534.019603145392,20534.019603145392,0,0.0,0.0,0.0,0.0,0.0,0.0,0.0,0.0,0.0,0.0,0.0,none,2088.48698354488,22622.506586690273,2226.1944822207947,2226.1944822207947,0.0,22760.214085366188,0.2154110468670722,0.5181811771623273,0.1728613500867164,0.0702933619006643,0.0232530639832198,0.07247072602899716,0.07795789202109298,0.05097788152454213,0.4538100556815866,14124.136207268195,-1.4551915228366852e-11,0.05053184556847022,0.05843638417635256,0.05359092278423501,0.02719092278423511,0.01744179845916949,0.054505881638612586,271.57937428799494,price_stability,0.02370001133500169,-0.042990282671080904,0.019381845568470217,0.05053184556847022,0.05053184556847022,0.0,0.0,0.03115,0.0438999999999999,0.0438999999999999,0.0175,0.05053184556847022,0.05843638417635256,0.05359092278423501,0.02719092278423511,0.0,0.0,0.0,0.0,0.0,False,0.0,0.0,0.0,0.0,0.0,True,1.0,0.0,0.0,0.0,0.0,0.0,0.0,0.0,0.0,1791.8887406236229,0.146538758149906,14124.136207268195,51109.56416931978,-0.042990282671080904,247.18664371891566,200.0,0.0,0.0,0.01938184556847022,14,True,9.655805511708457e-11,price_stability
2038Q4,2038-12-31,2038,4,2039,49587.69988288727,27424.57054954657,0.014981158732110256,0.04079159250419072,0.04079159250419072,534.4534548095542,1695.5169615963046,250.4713363178021,1036.6278315926313,271.20652749175804,112.30821549874199,24.903050695371444,5.922339525957902,81.34278341346193,0.0,1782.7820845357244,2317.2355393452785,0.0,0.0,94252.01921413907,96569.25475348436,1.947443720550758,0.04311177619222417,0.14380841125893504,0.1869201874511592,95986.49071648973,582.7640369946275,20308.446874642323,48852.90267557475,16296.961534574166,65149.86421014891,8335.935448106145,2192.244183592351,0.21157609495930338,19.1788464793353,26319.3409472178,35463.35247810196,0.27419838719758866,0.369461912956566,21029.116331120087,21029.116331120083,0,0.0,0.0,0.0,0.0,0.0,0.0,0.0,0.0,0.0,0.0,0.0,none,2140.252826279051,23169.369157399135,2235.8927559318163,2235.8927559318163,0.0,23265.009087051898,0.2154110468670722,0.5181811771623273,0.1728613500867164,0.0702933619006643,0.0232530639832198,0.07039196606838327,0.07566021818525806,0.046169780665134164,0.47639542689080316,15906.918291803919,1.4551915228366852e-11,0.04554225966128832,0.05469419474596614,0.05109612983064406,0.024696129830644162,0.017441798459170377,0.054505881638613474,280.32405192709604,price_stability,0.020791592504190718,-0.04356943000435931,0.01439225966128832,0.04554225966128832,0.04554225966128832,0.0,0.0,0.03115,0.0438999999999999,0.0438999999999999,0.0175,0.04554225966128832,0.05469419474596614,0.05109612983064406,0.024696129830644162,0.0,0.0,0.0,0.0,0.0,False,0.0,0.0,0.0,0.0,0.0,True,1.0,0.0,0.0,0.0,0.0,0.0,0.0,0.0,0.0,1782.7820845357244,0.14380841125893504,15906.918291803919,51846.62790850912,-0.04356943000435931,254.12940288245815,0.0,0.0,0.0,0.014392259661288317,14,True,9.655805511708457e-11,price_stability
2039Q1,2039-03-31,2039,1,2039,50309.573849493514,27566.93460538948,0.0209266998553308,0.03779634369384205,0.03779634369384205,535.083507909728,1687.7323416171346,231.22314022060996,1044.4268451258529,276.1436838887998,112.91016868084542,23.028503701027677,5.922339525957902,77.67454903576368,0.0,1771.329230178856,2306.412738088584,0.0,0.0,96569.25475348436,98875.66749157294,1.9653449617237884,0.04254327492500634,0.1408343656798189,0.18337764060482523,98292.9034545783,582.7640369946275,20788.541701138813,50007.79285396477,16682.22422692366,66690.01708088843,8570.275497246834,2244.0691753042415,0.21149585545354566,19.043002946803934,27714.698873994075,37204.669835042834,0.28196032368502766,0.3785081987351744,21596.97578775426,21596.975787754258,0,0.0,0.0,0.0,0.0,0.0,0.0,0.0,0.0,0.0,0.0,0.0,none,2192.244183592351,23789.21997134661,2228.7381890528204,2228.7381890528204,0.0,23825.713976807077,0.2154110468670722,0.5181811771623273,0.1728613500867164,0.0702933619006643,0.0232530639832198,0.0683631330697202,0.07337031790089253,0.041774126277057164,0.49869792660654066,17678.247521982776,0.0,0.04101813625212444,0.05130110218909323,0.04883406812606212,0.022434068126062225,0.017227156981449054,0.053808129052610454,282.6228795094774,price_stability,0.01779634369384205,-0.04270100539560501,0.009868136252124446,0.04101813625212444,0.04101813625212444,0.0,0.0,0.03115,0.0438999999999999,0.0438999999999999,0.0175,0.04101813625212444,0.05130110218909323,0.04883406812606212,0.022434068126062225,0.0,0.0,0.0,0.0,0.0,False,0.0,0.0,0.0,0.0,0.0,True,1.0,0.0,0.0,0.0,0.0,0.0,0.0,0.0,0.0,1771.329230178856,0.1408343656798189,17678.247521982776,52553.66832416241,-0.04270100539560501,252.4606284002507,0.0,0.0,0.0,0.009868136252124442,14,True,9.655805511708457e-11,price_stability
2039Q2,2039-06-30,2039,2,2039,51222.20835866302,27827.825829094392,0.038396467308969395,0.03482625101970365,0.03482625101970365,511.0641552380025,1679.038793609362,213.17680899507067,1050.3339098440065,280.93123130068614,112.84954716554958,21.747296304049712,5.922339525957902,73.66248188778897,0.0,1758.6236150231089,2269.6877702611114,0.0,0.0,98875.66749157294,101145.35526183405,1.9746387065860997,0.03990957606977663,0.13733290081591568,0.1772424768856923,100562.59122483942,582.7640369946275,21261.589807453875,51145.73182297229,17061.832123096443,68207.56394606872,8798.303979473258,2295.1334918435546,0.21142643152379476,18.915678092400196,29145.812211903547,38818.32346616834,0.2898275776002916,0.3860115674563091,22133.622175014243,22133.622175014247,0,0.0,0.0,0.0,0.0,0.0,0.0,0.0,0.0,0.0,0.0,0.0,none,2244.0691753042415,24377.691350318488,2196.0252883733224,2196.0252883733224,0.0,24329.64746338757,0.2154110468670722,0.5181811771623273,0.1728613500867164,0.0702933619006643,0.0232530639832198,0.0666034924305599,0.07114484926933087,0.03860466093655267,0.5203718561639824,19436.871137005885,0.0,0.03776403908288844,0.04886052931216622,0.047207019541444115,0.02080701954144422,0.017227156981449054,0.053808129052610454,284.9405588750618,price_stability,0.01482625101970365,-0.03775886923180609,0.006614039082888438,0.03776403908288844,0.03776403908288844,0.0,0.0,0.03115,0.0438999999999999,0.0438999999999999,0.0175,0.03776403908288844,0.04886052931216622,0.047207019541444115,0.02080701954144422,0.0,0.0,0.0,0.0,0.0,False,0.0,0.0,0.0,0.0,0.0,True,1.0,0.0,0.0,0.0,0.0,0.0,0.0,0.0,0.0,1758.6236150231089,0.13733290081591568,19436.871137005885,53232.195881889165,-0.03775886923180609,226.1235963629407,0.0,0.0,0.0,0.006614039082888438,14,True,9.655805511708457e-11,price_stability
2039Q3,2039-09-30,2039,3,2039,52121.654547893915,28094.586799899345,0.038899388006523816,0.03196766567557328,0.03196766567557328,485.33959951643254,1673.900217471246,200.73087711325763,1054.6670774802571,285.44074066559887,112.25370631202998,20.807815900102216,5.922339525957902,69.48776034001241,0.0,1749.310317337216,2234.6499168536484,0.0,0.0,101145.35526183405,103380.0051786877,1.983436751488638,0.03724667635563719,0.1342482568913692,0.17149493324700638,102797.24114169307,582.7640369946275,21727.989654225443,52267.67809798184,17436.104976628056,69703.7830746099,9019.988266854707,2345.4801460030126,0.21136743956266435,18.757418119757848,30668.291480728258,40601.006910915115,0.2983376901959448,0.39496202874697517,22569.940634123363,22569.940634123363,0,0.0,0.0,0.0,0.0,0.0,0.0,0.0,0.0,0.0,0.0,0.0,none,2295.1334918435546,24865.074125966916,2165.162156513636,2165.162156513636,0.0,24735.102790637,0.2154110468670722,0.5181811771623273,0.1728613500867164,0.0702933619006643,0.0232530639832198,0.06504725833720422,0.06918005529008396,0.03620188950764307,0.5405638743333885,21186.1814543431,0.0,0.03526423643600518,0.04698567732700378,0.04595711821800249,0.019557118218002593,0.017227156981449054,0.053808129052610454,287.27724461992796,price_stability,0.011967665675573277,-0.03267412944847598,0.00411423643600518,0.03526423643600518,0.03526423643600518,0.0,0.0,0.03115,0.0438999999999999,0.0438999999999999,0.0175,0.03526423643600518,0.04698567732700378,0.04595711821800249,0.019557118218002593,0.0,0.0,0.0,0.0,0.0,False,0.0,0.0,0.0,0.0,0.0,True,1.0,0.0,0.0,0.0,0.0,0.0,0.0,0.0,0.0,1749.310317337216,0.1342482568913692,21186.1814543431,53882.20881364063,-0.03267412944847598,198.0623548965046,0.0,0.0,0.0,0.00411423643600518,14,True,9.655805511708457e-11,price_stability
2039Q4,2039-12-31,2039,4,2040,52992.12883208384,28357.187830011142,0.03791560830346108,0.029462780208153447,0.029462780208153447,464.37095904147316,1671.360932804723,191.55524111142012,1057.8754947393545,289.77166287253885,112.01320508291425,20.14532899849611,5.935451716790281,65.71680032781916,0.0,1743.0131848493324,2207.3841438908057,0.0,0.0,103380.0051786877,105587.3893225785,1.9925108058435104,0.03505207050752201,0.1315677043564276,0.1666197748639496,105004.62528558387,582.7640369946275,22189.328458743366,53377.449803159434,17806.316485072985,71183.76628823242,9236.25006483443,2395.280473773655,0.21131762908914212,18.792447442467356,31352.9775106405,41345.603850554624,0.2985866329732521,0.39375031088493373,23810.607213770076,23810.60721377008,0,0.0,0.0,0.0,0.0,0.0,0.0,0.0,0.0,0.0,0.0,0.0,none,2345.4801460030126,26156.087359773093,2141.6673435629864,2141.6673435629864,0.0,25952.274557333065,0.2154110468670722,0.5181811771623273,0.1728613500867164,0.0702933619006643,0.0232530639832198,0.06329215049419688,0.06744101750958949,0.03466538412249859,0.5671161446304611,22929.194639192432,0.0,0.033356000041741954,0.04555450003130636,0.045003000020870876,0.018603000020870977,0.017227156981449054,0.053808129052610454,293.9442834983906,price_stability,0.009462780208153446,-0.027792813329502897,0.0022060000417419507,0.033356000041741954,0.033356000041741954,0.0,0.0,0.03115,0.0438999999999999,0.0438999999999999,0.0175,0.033356000041741954,0.04555450003130636,0.045003000020870876,0.018603000020870977,0.0,0.0,0.0,0.0,0.0,False,0.0,0.0,0.0,0.0,0.0,True,1.0,0.0,0.0,0.0,0.0,0.0,0.0,0.0,0.0,1743.0131848493324,0.1315677043564276,22929.194639192432,54507.03261468903,-0.027792813329502897,170.42667554308255,0.0,0.0,0.0,0.0022060000417419533,14,True,9.655805511708457e-11,price_stability
2040Q1,2040-03-31,2040,1,2040,53833.32597700992,28613.916254782096,0.03670828105029145,0.02731307683708182,0.02731307683708182,440.5956244280182,1661.382940732756,185.0368102490174,1051.0746822420422,293.9328745866095,111.62415471650417,19.714418938582867,5.935451716790281,62.431740598572134,0.0,1729.7501330481184,2170.3457574761364,0.0,0.0,105587.3893225785,107757.73508005464,2.001691946844854,0.03273775984907038,0.12852634323852302,0.16126410308759337,107174.97104306001,582.7640369946275,22643.39642382474,54469.731169782026,18170.693347897155,72640.42451767917,9446.854168276863,2444.2959332792348,0.21127504121020227,18.840207301285385,32152.517946844186,42185.486254625735,0.30000024850882556,0.39361322745472677,24392.835074533552,24392.835074533556,0,0.0,0.0,0.0,0.0,0.0,0.0,0.0,0.0,0.0,0.0,0.0,none,2395.280473773655,26788.11554830721,2107.9140168775643,2107.9140168775643,0.0,26500.74909141112,0.2154110468670722,0.5181811771623273,0.1728613500867164,0.0702933619006643,0.0232530639832198,0.061639352911375886,0.0655286637597823,0.033261413802800684,0.5935042590419279,24658.94477224055,0.0,0.03192210520553144,0.04447907890414848,0.044286052602765615,0.01788605260276572,0.017609093307503265,0.053565008463151154,296.3548052568487,price_stability,0.007313076837081819,-0.023262809772603615,0.0007721052055314355,0.03192210520553144,0.03192210520553144,0.0,0.0,0.03115,0.0438999999999999,0.0438999999999999,0.0175,0.03192210520553144,0.04447907890414848,0.044286052602765615,0.01788605260276572,0.0,0.0,0.0,0.0,0.0,False,0.0,0.0,0.0,0.0,0.0,True,1.0,0.0,0.0,0.0,0.0,0.0,0.0,0.0,0.0,1729.7501330481184,0.12852634323852302,24658.94477224055,55115.46659186477,-0.023262809772603615,144.2408191711695,0.0,0.0,0.0,0.0007721052055314377,14,True,9.655805511708457e-11,price_stability
2040Q2,2040-06-30,2040,2,2040,54638.65050018726,28859.726902675568,0.03480772302564472,0.02549924650057001,0.02549924650057001,418.87049571943214,1651.6025634128996,180.70622071297188,1042.4965098420612,297.93403189633557,110.99084224101964,19.474958720509896,5.935451716790281,59.654478964510986,0.0,1717.1924940942008,2136.062989813633,0.0,0.0,107757.73508005464,109893.79806986828,2.011283167937899,0.030664776079562698,0.12571265786209823,0.15637743394166093,109311.03403287365,582.7640369946275,23090.67775487045,55545.686976203695,18529.624126414084,74075.31110261778,9652.466382148112,2492.578793237312,0.21123830690254264,18.915017100625597,32779.03678192263,42832.78772814356,0.2998694237222642,0.3918432215659239,24945.29999696059,24945.299996960588,0,0.0,0.0,0.0,0.0,0.0,0.0,0.0,0.0,0.0,0.0,0.0,none,2444.2959332792348,27389.595930239822,2076.408510849122,2076.408510849122,0.0,27021.708507809708,0.2154110468670722,0.5181811771623273,0.1728613500867164,0.0702933619006643,0.0232530639832198,0.060100525009021695,0.06374270924749767,0.03228700515189712,0.6195797480485501,26376.13726633475,0.0,0.03087005052106363,0.04369003789079762,0.04376002526053171,0.017360025260531816,0.017609093307503265,0.053565008463151154,298.7850947586317,price_stability,0.005499246500570008,-0.019161747828518382,-0.0002799494789363715,0.03087005052106363,0.03087005052106363,0.0,0.0,0.03115,0.0438999999999999,0.0438999999999999,0.0175,0.03087005052106363,0.04369003789079762,0.04376002526053171,0.017360025260531816,0.0,0.0,0.0,0.0,0.0,False,0.0,0.0,0.0,0.0,0.0,True,1.0,0.0,0.0,0.0,0.0,0.0,0.0,0.0,0.0,1717.1924940942008,0.12571265786209823,26376.13726633475,55706.0762865055,-0.019161747828518382,120.08540096080044,0.0,0.0,0.0,-0.0002799494789363713,14,True,9.655805511708457e-11,price_stability
2040Q3,2040-09-30,2040,3,2040,55408.697562836154,29093.494941498368,0.03279639368466647,0.023993492984202395,0.023993492984202395,399.5196243156913,1642.599464123086,178.2025972146127,1032.435726162265,302.3476026814546,110.21844668829605,19.395091376457437,5.935451716790281,57.38531870197046,0.0,1705.9202345418466,2105.4398588575377,0.0,0.0,109893.79806986828,111999.23792872581,2.021329553933536,0.02884165424481358,0.12315180176233165,0.1519934560071452,111416.47389173118,582.7640369946275,23531.85132740622,56606.950288714164,18883.6535992766,75490.60388799076,9853.816339833533,2540.202336500674,0.2112062113029467,18.991177573678318,33479.69072316247,43451.25622423408,0.3004913865403452,0.38998951148335376,25454.380777167695,25454.38077716769,0,0.0,0.0,0.0,0.0,0.0,0.0,0.0,0.0,0.0,0.0,0.0,none,2492.578793237312,27946.959570405004,2048.0545401555673,2048.0545401555673,0.0,27502.43531732326,0.2154110468670722,0.5181811771623273,0.1728613500867164,0.0702933619006643,0.0232530639832198,0.05865745819458811,0.06209341253115146,0.03156119121205205,0.6451003012766259,28082.057500876595,-1.4551915228366852e-11,0.03012453885763422,0.04313090414322556,0.04338726942881701,0.01698726942881711,0.017609093307503265,0.053565008463151154,301.23531411124793,price_stability,0.0039934929842023945,-0.015522424564197567,-0.0010254611423657816,0.03012453885763422,0.03012453885763422,0.0,0.0,0.03115,0.0438999999999999,0.0438999999999999,0.0175,0.03012453885763422,0.04313090414322556,0.04338726942881701,0.01698726942881711,0.0,0.0,0.0,0.0,0.0,False,0.0,0.0,0.0,0.0,0.0,True,1.0,0.0,0.0,0.0,0.0,0.0,0.0,0.0,0.0,1705.9202345418466,0.12315180176233165,28082.057500876595,56282.33587576457,-0.015522424564197567,98.28431020444341,0.0,0.0,0.0,-0.0010254611423657807,14,True,9.655805511708457e-11,price_stability
2040Q4,2040-12-31,2040,4,2041,56145.52878822626,29314.958277028938,0.030797936520009506,0.022763918254807246,0.022763918254807246,392.87163012659437,1634.146821328215,177.22154242613001,1021.3416680604832,306.8235473652442,109.31276969611714,19.447293780239058,5.957305368177581,55.60541933011167,0.0,1695.7095460265045,2088.581176153099,0.0,0.0,111999.23792872581,114087.81910487892,2.032001863143966,0.02798952212978211,0.12080816283145208,0.14879768496123422,113505.05506788428,582.7640369946275,23969.77676343884,57660.400059527165,19235.076533294585,76895.47659282175,10052.326459773283,2587.4752518504138,0.2111780550135249,19.028430658087157,33976.88522780328,43815.25179717309,0.29934248485657866,0.3860202681807289,25835.132729358585,25835.132729358585,0,0.0,0.0,0.0,0.0,0.0,0.0,0.0,0.0,0.0,0.0,0.0,none,2540.202336500674,28375.33506585926,2032.9757568229873,2032.9757568229873,0.0,27868.108486181573,0.2154110468670722,0.5181811771623273,0.1728613500867164,0.0702933619006643,0.0232530639832198,0.05733980840612024,0.060561467288040724,0.03110165548590169,0.669093559205683,29777.7670469031,1.4551915228366852e-11,0.029623220049516553,0.04275491503713731,0.043136610024758174,0.016736610024758278,0.017609093307502377,0.053565008463151154,313.90226020595355,price_stability,0.0027639182548072454,-0.01234795228162396,-0.001526779950483447,0.029623220049516553,0.029623220049516553,0.0,0.0,0.03115,0.0438999999999999,0.0438999999999999,0.0175,0.029623220049516553,0.04275491503713731,0.043136610024758174,0.016736610024758278,0.0,0.0,0.0,0.0,0.0,False,0.0,0.0,0.0,0.0,0.0,True,1.0,0.0,0.0,0.0,0.0,0.0,0.0,0.0,0.0,1695.7095460265045,0.12080816283145208,29777.7670469031,56847.47874307644,-0.01234795228162396,78.96936992064079,0.0,0.0,0.0,-0.0015267799504834478,14,True,9.655805511708457e-11,price_stability
2041Q1,2041-03-31,2041,1,2041,56846.233193556,29521.385387375012,0.028465707988881706,0.021777294415859245,0.021777294415859245,378.60889179379944,1627.4770290333504,177.51549290028436,1009.7816235665009,311.20029433040463,109.37038418971281,19.609234046446733,5.957305368177581,54.28677582242082,0.0,1687.721110223949,2066.3300020177485,0.0,0.0,114087.81910487892,116154.14910689666,2.043304236384544,0.02664091325134401,0.11875693536121695,0.14539784861256097,115571.38506990203,582.7640369946275,24403.193101135377,58703.002986978536,19582.881041807534,78285.88402878607,10248.046518254436,2634.261421726137,0.21115255377769668,19.120756639591427,34450.22029043222,44115.31863638466,0.29808607268655124,0.3817148908417254,26519.882708830737,26519.882708830733,0,0.0,0.0,0.0,0.0,0.0,0.0,0.0,0.0,0.0,0.0,0.0,none,2587.4752518504138,29107.357960681147,2012.0432261953276,2012.0432261953276,0.0,28531.92593502606,0.2154110468670722,0.5181811771623273,0.1728613500867164,0.0702933619006643,0.0232530639832198,0.05602074063294262,0.05917270129153601,0.03074827665310339,0.6942343281545686,31465.48815712705,0.0,0.02931408170172578,0.04252306127629423,0.04298204085086279,0.01658204085086289,0.017189212325988024,0.05495933695345423,316.47644950213635,price_stability,0.001777294415859245,-0.009621996539707724,-0.0018359182982742206,0.02931408170172578,0.02931408170172578,0.0,0.0,0.03115,0.0438999999999999,0.0438999999999999,0.0175,0.02931408170172578,0.04252306127629423,0.04298204085086279,0.01658204085086289,0.0,0.0,0.0,0.0,0.0,False,0.0,0.0,0.0,0.0,0.0,True,1.0,0.0,0.0,0.0,0.0,0.0,0.0,0.0,0.0,1687.721110223949,0.11875693536121695,31465.48815712705,57398.521569481934,-0.009621996539707724,62.13244229166311,0.0,0.0,0.0,-0.0018359182982742202,14,True,9.655805511708457e-11,price_stability
2041Q2,2041-06-30,2041,2,2041,57519.981232771555,29716.47211588314,0.026696451047802272,0.02100087139064462,0.02100087139064462,366.7618326829447,1619.0543435233762,178.83929908741834,996.6711245770343,315.3751028320601,108.31062246614992,19.858194560712082,5.957305368177581,53.3858659938343,0.0,1678.3975148853883,2045.159347568333,0.0,0.0,116154.14910689666,118199.30845446499,2.054926060843738,0.025505003640299177,0.11671752868578021,0.1422225323260794,117616.54441747036,582.7640369946275,24832.243111923413,59735.102514301514,19927.18169489943,79662.28420920094,10441.440838412727,2680.5762579332695,0.2111288274529082,19.158563662022,34899.968493063054,44379.45182836651,0.29672669492132375,0.3773232077865275,26882.35139287638,26882.351392876375,0,0.0,0.0,0.0,0.0,0.0,0.0,0.0,0.0,0.0,0.0,0.0,none,2634.261421726137,29516.61281460251,1991.7734815744986,1991.7734815744986,0.0,28874.124874450874,0.2154110468670722,0.5181811771623273,0.1728613500867164,0.0702933619006643,0.0232530639832198,0.05478330261993366,0.057798968966343484,0.030656982536848766,0.717823695163877,33143.88567201244,0.0,0.029153718832810028,0.04240278912460742,0.04290185941640491,0.016501859416405015,0.017189212325988024,0.05495933695345423,319.07174871491617,price_stability,0.0010008713906446212,-0.007315902244145318,-0.0019962811671899736,0.029153718832810028,0.029153718832810028,0.0,0.0,0.03115,0.0438999999999999,0.0438999999999999,0.0175,0.029153718832810028,0.04240278912460742,0.04290185941640491,0.016501859416405015,0.0,0.0,0.0,0.0,0.0,False,0.0,0.0,0.0,0.0,0.0,True,1.0,0.0,0.0,0.0,0.0,0.0,0.0,0.0,0.0,1678.3975148853883,0.11671752868578021,33143.88567201244,57943.89309026517,-0.007315902244145318,47.690083968028574,0.0,0.0,0.0,-0.0019962811671899727,14,True,9.655805511708457e-11,price_stability
2041Q3,2041-09-30,2041,3,2041,58170.43121345024,29901.144277234573,0.025090564375647828,0.020403534170449263,0.020403534170449263,357.1773344639652,1611.3689312458584,180.98805841824966,982.4744512780325,319.4933054312612,108.23770899458238,20.17540712373285,5.957305368177581,52.857843002190585,0.0,1670.1840796162267,2027.361414080192,0.0,0.0,118199.30845446499,120226.66986854518,2.0668003891424864,0.02456074861493399,0.11484763270794146,0.13940838132287545,119643.90583155055,582.7640369946275,25257.5729932121,60758.25309907393,20268.49704794701,81026.75014702094,10633.093175510861,2726.4895158066424,0.21110622239943275,19.221974913427673,35242.73941624103,44608.5361267476,0.2945635982986054,0.37284419809524605,27455.878484573343,27455.87848457334,0,0.0,0.0,0.0,0.0,0.0,0.0,0.0,0.0,0.0,0.0,0.0,none,2680.5762579332695,30136.45474250661,1974.5035710780014,1974.5035710780014,0.0,29430.382055651342,0.2154110468670722,0.5181811771623273,0.1728613500867164,0.0702933619006643,0.0232530639832198,0.05355956635058931,0.056520942514977475,0.030562289187710284,0.741738227795142,34814.06975162867,0.0,0.029106074489055035,0.042367055866791174,0.04287803724452741,0.01647803724452752,0.017189212325988024,0.05495933695345512,321.688330958438,price_stability,0.0004035341704492629,-0.0053937422207477,-0.0020439255109449645,0.029106074489055035,0.029106074489055035,0.0,0.0,0.03115,0.0438999999999999,0.0438999999999999,0.0175,0.029106074489055035,0.042367055866791174,0.04287803724452741,0.01647803724452752,0.0,0.0,0.0,0.0,0.0,False,0.0,0.0,0.0,0.0,0.0,True,1.0,0.0,0.0,0.0,0.0,0.0,0.0,0.0,0.0,1670.1840796162267,0.11484763270794146,34814.06975162867,58485.889022388285,-0.0053937422207477,35.489003505527265,0.0,0.0,0.0,-0.0020439255109449654,14,True,9.655805511708457e-11,price_stability
2041Q4,2041-12-31,2041,4,2042,58801.247671880956,30076.45547056517,0.02365916274616575,0.01995650935239156,0.01995650935239156,369.9687607515738,1602.5703332459682,183.78720023829402,967.5216660685643,323.7115246470602,107.00486335325415,20.54507893879515,5.987900480119798,52.65740634209061,0.0,1661.2156400681786,2031.1844008197525,0.0,0.0,120226.66986854518,122257.85426936494,2.0791710909193726,0.025167408883297875,0.11300546881848428,0.13817287770178216,121675.0902323703,582.7640369946275,25683.769564347294,61783.4885461198,20610.507895395436,82393.99644151524,10824.827895905997,2772.496330601759,0.21108486145600913,19.197790168118303,35535.64181453877,45064.99092534413,0.2920535480735967,0.3703715430930093,27618.85048795264,27618.85048795264,0,0.0,0.0,0.0,0.0,0.0,0.0,0.0,0.0,0.0,0.0,0.0,none,2726.4895158066424,30345.340003759284,1978.526994477662,1978.526994477662,0.0,29597.377482430304,0.2154110468670722,0.5181811771623273,0.1728613500867164,0.0702933619006643,0.0232530639832198,0.052505008539470266,0.05526945533414633,0.03054135690960954,0.7626539044972093,36475.285391696845,0.0,0.029141438387621024,0.04239357879071566,0.04289571919381041,0.016495719193810512,0.017189212325988024,0.05495933695345423,344.6291974501222,price_stability,-4.349064760843929e-05,-0.0038159234848006663,-0.002008561612378978,0.029141438387621024,0.029141438387621024,0.0,0.0,0.03115,0.0438999999999999,0.0438999999999999,0.0175,0.029141438387621024,0.04239357879071566,0.04289571919381041,0.016495719193810512,0.0,0.0,0.0,0.0,0.0,False,0.0,0.0,0.0,0.0,0.0,True,1.0,0.0,0.0,0.0,0.0,0.0,0.0,0.0,0.0,1661.2156400681786,0.11300546881848428,36475.285391696845,59026.488234560544,-0.0038159234848006663,25.339563301451605,0.0,0.0,0.0,-0.0020085616123789764,14,True,9.655805511708457e-11,price_stability
2042Q1,2042-03-31,2042,1,2042,59414.49055888412,30242.761075120325,0.022301837907785727,0.019633754632098866,0.019633754632098866,364.4880968089721,1597.72119442092,187.1154970803207,954.9150199102862,327.9054050341895,106.82825278321378,20.9570196129099,5.987900480119798,52.74622440016566,0.0,1656.4553193012055,2020.9434161101776,0.0,0.0,122257.85426936494,124278.79768547512,2.091725377369107,0.024538666805380593,0.11151860791666886,0.13605727472204945,123696.03364848049,582.7640369946275,26107.74098185438,62803.37128380769,20950.733119191314,83754.104402999,11015.92531779491,2818.262945832185,0.21106368742628712,19.221203492151798,35786.19633390512,45444.336061925904,0.28930754914585516,0.3673871725836389,28275.431778632345,28275.431778632345,0,0.0,0.0,0.0,0.0,0.0,0.0,0.0,0.0,0.0,0.0,0.0,none,2772.496330601759,31047.928109234104,1968.197191710012,1968.197191710012,0.0,30243.628970342357,0.2154110468670722,0.5181811771623273,0.1728613500867164,0.0702933619006643,0.0232530639832198,0.05142597368395668,0.05419546512411762,0.030571897712657864,0.7846605371937364,38131.74071099805,0.0,0.02923559581535859,0.04246419686151884,0.042942797907679194,0.016542797907679294,0.017088232020256333,0.05252445248941795,347.45536630486725,price_stability,-0.0003662453679011343,-0.002541757410104292,-0.0019144041846414128,0.02923559581535859,0.02923559581535859,0.0,0.0,0.03115,0.0438999999999999,0.0438999999999999,0.0175,0.02923559581535859,0.04246419686151884,0.042942797907679194,0.016542797907679294,0.0,0.0,0.0,0.0,0.0,False,0.0,0.0,0.0,0.0,0.0,True,1.0,0.0,0.0,0.0,0.0,0.0,0.0,0.0,0.0,1656.4553193012055,0.11151860791666886,38131.74071099805,59565.8926078095,-0.002541757410104292,17.032730504104833,0.0,0.0,0.0,-0.0019144041846414113,14,True,9.655805511708457e-11,price_stability
2042Q2,2042-06-30,2042,2,2042,60014.91983013437,30401.90813982654,0.021216012811456464,0.019412124130368847,0.019412124130368847,360.65917939509194,1590.897495927349,190.81884074939197,941.2000036791226,331.91145739262373,105.5701846780552,21.397009428155005,5.987900480119798,53.075807174,0.0,1649.9612035814687,2010.6203829765607,0.0,0.0,124278.79768547512,126289.41806845168,2.104300371072726,0.024037967919703838,0.10997006799319252,0.13400803591289637,125706.65403145704,582.7640369946275,26529.417708216966,63817.734036444795,21289.116917419477,85106.85095386427,11206.603514272478,2863.7818551033265,0.2110422706945823,19.190373651352626,36022.090793116775,45908.77947793358,0.2865567544586983,0.3652056435011411,28606.726887306428,28606.72688730643,0,0.0,0.0,0.0,0.0,0.0,0.0,0.0,0.0,0.0,0.0,0.0,none,2818.262945832185,31424.989833138618,1957.5445758025608,1957.5445758025608,0.0,30564.27146310899,0.2154110468670722,0.5181811771623273,0.1728613500867164,0.0702933619006643,0.0232530639832198,0.05040161802590526,0.053105155000201784,0.03074692560530197,0.8051566580890197,39781.70191457952,0.0,0.029369074624208756,0.04256430596815646,0.04300953731210427,0.01660953731210438,0.017088232020256333,0.05252445248941706,350.3047114617209,price_stability,-0.0005878758696311534,-0.0015312655249886896,-0.0017809253757912439,0.029369074624208756,0.029369074624208756,0.0,0.0,0.03115,0.0438999999999999,0.0438999999999999,0.0175,0.029369074624208756,0.04256430596815646,0.04300953731210427,0.01660953731210438,0.0,0.0,0.0,0.0,0.0,False,0.0,0.0,0.0,0.0,0.0,True,1.0,0.0,0.0,0.0,0.0,0.0,0.0,0.0,0.0,1649.9612035814687,0.10997006799319252,39781.70191457952,60106.95954509768,-0.0015312655249886896,10.354467933371017,0.0,0.0,0.0,-0.0017809253757912445,14,True,9.655805511708457e-11,price_stability
2042Q3,2042-09-30,2042,3,2042,60605.57712078468,30554.961882620846,0.020289965280329447,0.01927137620315521,0.01927137620315521,358.2703522598438,1584.5678451882322,194.78611210235732,926.979912596348,335.81968967171815,105.12684551539046,21.8552853024187,5.987900480119798,53.60581194779655,0.0,1644.1615576161487,2002.4319098759925,0.0,0.0,126289.41806845168,128291.84997832768,2.1168324116879007,0.023646031885535827,0.10851552848605965,0.1321615603715955,127709.08594133305,582.7640369946275,26949.21637813355,64827.579037953896,21625.99362779157,86453.57266574547,11397.198864403405,2909.09803305062,0.2110203528550308,19.15913039759194,36328.3027427975,46510.771402106875,0.2844613793531181,0.36419312736662274,29070.93974396381,29070.93974396381,0,0.0,0.0,0.0,0.0,0.0,0.0,0.0,0.0,0.0,0.0,0.0,none,2863.7818551033265,31934.721599067136,1948.8260979281958,1948.8260979281958,0.0,31019.765841892004,0.2154110468670722,0.5181811771623273,0.1728613500867164,0.0702933619006643,0.0232530639832198,0.04939828267171848,0.052075988083973165,0.03083211908313902,0.8253077342456546,41425.86347219567,1.4551915228366852e-11,0.029526466621013138,0.04268234996575975,0.043088233310506464,0.01668823331050657,0.017088232020256333,0.05252445248941906,353.1774229804449,price_stability,-0.0007286237968447892,-0.0007464113738305991,-0.0016235333789868635,0.029526466621013138,0.029526466621013138,0.0,0.0,0.03115,0.0438999999999999,0.0438999999999999,0.0175,0.029526466621013138,0.04268234996575975,0.043088233310506464,0.01668823331050657,0.0,0.0,0.0,0.0,0.0,False,0.0,0.0,0.0,0.0,0.0,True,1.0,0.0,0.0,0.0,0.0,0.0,0.0,0.0,0.0,1644.1615576161487,0.10851552848605965,41425.86347219567,60650.84760326822,-0.0007464113738305991,5.092929279398895,0.0,0.0,0.0,-0.0016235333789868626,14,True,9.655805511708457e-11,price_stability
2042Q4,2042-12-31,2042,4,2043,61189.20080363717,30702.922307836532,0.01951089092663616,0.019194072747592786,0.019194072747592786,369.15401769141306,1577.7675341571203,198.9287844628552,913.1081806402253,339.64950363896355,103.7567827952895,22.324282619786903,6.009754131507097,54.30037211137824,0.0,1638.0776604000057,2007.2316780914189,0.0,0.0,128291.84997832768,130299.08165641909,2.129445718282268,0.02413197184098342,0.10708279493022149,0.13121476677120492,129716.31761942446,582.7640369946275,27369.89935521419,65839.55128100379,21963.579969969895,87803.13125097369,11588.777343573172,2954.5096696634064,0.21099812157414857,19.041784445181474,36912.68610519384,47176.64859524813,0.28456470845473897,0.36369093311498407,29176.18620709056,29176.18620709056,0,0.0,0.0,0.0,0.0,0.0,0.0,0.0,0.0,0.0,0.0,0.0,none,2909.09803305062,32085.28424014118,1952.9313059800406,1952.9313059800406,0.0,31129.1175130706,0.2154110468670722,0.5181811771623273,0.1728613500867164,0.0702933619006643,0.0232530639832198,0.04855586810787494,0.051073475382161095,0.030922647623765842,0.8424102232458173,43063.941132595675,0.0,0.029695813432421992,0.04280936007431639,0.04317290671621089,0.016772906716210997,0.017088232020256333,0.05252445248941795,368.108227336267,price_stability,-0.0008059272524072146,-0.0001518977551166682,-0.0014541865675780099,0.029695813432421992,0.029695813432421992,0.0,0.0,0.03115,0.0438999999999999,0.0438999999999999,0.0175,0.029695813432421992,0.04280936007431639,0.04317290671621089,0.016772906716210997,0.0,0.0,0.0,0.0,0.0,False,0.0,0.0,0.0,0.0,0.0,True,1.0,0.0,0.0,0.0,0.0,0.0,0.0,0.0,0.0,1638.0776604000057,0.10708279493022149,43063.941132595675,61198.496717905145,-0.0001518977551166682,1.045790355146015,0.0,0.0,0.0,-0.0014541865675780086,14,True,9.655805511708457e-11,price_stability
2043Q1,2043-03-31,2043,1,2043,61767.17341918718,30846.18734242265,0.018795723022640987,0.019165406610211093,0.019165406610211093,369.1515017672617,1575.2387172111403,203.19285622915191,902.4048122711166,343.4793760969873,103.36168237609871,22.799990237786037,6.009754131507097,55.13124478894663,0.0,1636.379716131594,2005.5312178988556,0.0,0.0,130299.08165641909,132304.61287431794,2.1419891108894293,0.023905999341235166,0.10597083373242225,0.1298768330736574,131721.8488373233,582.7640369946275,27790.037055231307,66850.21183500726,22300.72874253077,89150.94057753803,11781.008759522982,2999.8624450310012,0.21097515181063126,18.969372234712203,37461.77259496093,47840.575806699926,0.2844005981211688,0.363193928941759,29789.751616533216,29789.751616533213,0,0.0,0.0,0.0,0.0,0.0,0.0,0.0,0.0,0.0,0.0,0.0,none,2954.5096696634064,32744.26128619662,1950.3999731099093,1950.3999731099093,0.0,31740.151589643123,0.2154110468670722,0.5181811771623273,0.1728613500867164,0.0702933619006643,0.0232530639832198,0.04769527059072672,0.05023457403779726,0.031025679298142993,0.8603957782892234,44700.32084872727,0.0,0.02986805295903266,0.042938539719274395,0.043259026479516224,0.016859026479516332,0.01701953976476145,0.05516540834182937,371.12693850459084,price_stability,-0.0008345933897889075,0.0002843651406533811,-0.0012819470409673403,0.02986805295903266,0.02986805295903266,0.0,0.0,0.03115,0.0438999999999999,0.0438999999999999,0.0175,0.02986805295903266,0.042938539719274395,0.043259026479516224,0.016859026479516332,0.0,0.0,0.0,0.0,0.0,False,0.0,0.0,0.0,0.0,0.0,True,1.0,0.0,0.0,0.0,0.0,0.0,0.0,0.0,0.0,1636.379716131594,0.10597083373242225,44700.32084872727,61749.61398152203,0.0002843651406533811,-1.975436737329094,0.0,0.0,0.0,-0.0012819470409673392,14,True,9.655805511708457e-11,price_stability
2043Q2,2043-06-30,2043,2,2043,62342.63524597651,30986.101886267516,0.018267331016890376,0.01917298461269987,0.01917298461269987,370.02757574478903,1571.2363578678262,207.50857462478217,891.2513102900072,347.2911876629343,101.90895912641426,23.276326163688406,6.009754131507097,56.06775008436851,0.0,1633.313862083702,2003.341437828491,0.0,0.0,132304.61287431794,134307.95431214644,2.1543515730803895,0.023741542158737666,0.10479594618606458,0.12853748834480225,133725.1902751518,582.7640369946275,28209.501318844974,67859.25240677972,22637.33710118256,90496.58950796229,11973.956923659587,3045.142524684956,0.2109512894376994,18.851255303287818,38109.9873084464,48523.88181097644,0.2849873477841506,0.36286268661225396,30102.310919330776,30102.310919330776,0,0.0,0.0,0.0,0.0,0.0,0.0,0.0,0.0,0.0,0.0,0.0,none,2999.8624450310012,33102.17336436178,1947.2736877441225,1947.2736877441225,0.0,32049.5846070749,0.2154110468670722,0.5181811771623273,0.1728613500867164,0.0702933619006643,0.0232530639832198,0.046881809556191145,0.04938040561398293,0.031240150845323347,0.8770201922594001,46333.63471081098,0.0,0.030036524627645535,0.04306489347073405,0.04334326231382266,0.016943262313822767,0.01701953976476145,0.05516540834182937,374.170404939005,price_stability,-0.0008270153873001299,0.000591038754417207,-0.001113475372354466,0.030036524627645535,0.030036524627645535,0.0,0.0,0.03115,0.0438999999999999,0.0438999999999999,0.0175,0.030036524627645535,0.04306489347073405,0.04334326231382266,0.016943262313822767,0.0,0.0,0.0,0.0,0.0,False,0.0,0.0,0.0,0.0,0.0,True,1.0,0.0,0.0,0.0,0.0,0.0,0.0,0.0,0.0,1633.313862083702,0.10479594618606458,46333.63471081098,62305.810097583475,0.000591038754417207,-4.142829194215962,0.0,0.0,0.0,-0.001113475372354466,14,True,9.655805511708457e-11,price_stability
2043Q3,2043-09-30,2043,3,2043,62917.40813617535,31123.40160179531,0.017842189931884134,0.019206586828885076,0.019206586828885076,371.62801233719824,1567.922749040199,211.82884527427157,879.8448978857195,351.0812497647169,101.41828465558798,23.74947145990205,6.009754131507097,57.08518606277231,0.0,1631.0176892344784,2002.6457015716767,0.0,0.0,134307.95431214644,136310.60001371813,2.1665005608415107,0.023626403143172384,0.10369261783348632,0.1273190209766587,135727.8359767235,582.7640369946275,28628.59654623399,68867.40524494665,22973.64931856883,91841.05456351548,12167.802099138678,3090.3827678353105,0.21092649374549535,18.75615526239704,38825.26249399555,49170.75145956579,0.28605232091561417,0.36227462926616083,30638.09270102305,30638.09270102305,0,0.0,0.0,0.0,0.0,0.0,0.0,0.0,0.0,0.0,0.0,0.0,none,3045.142524684956,33683.235225708006,1945.5605155089045,1945.5605155089045,0.0,32583.653216531955,0.2154110468670722,0.5181811771623273,0.1728613500867164,0.0702933619006643,0.0232530639832198,0.04604951611543642,0.04857546070410139,0.031351780495169485,0.8939762722530343,47964.65240004545,0.0,0.030196531876430475,0.04318489890732275,0.04342326593821513,0.017023265938215237,0.017019539764762337,0.05516540834182937,377.2388296477356,price_stability,-0.0007934131711149241,0.0007933177637756005,-0.0009534681235695259,0.030196531876430475,0.030196531876430475,0.0,0.0,0.03115,0.0438999999999999,0.0438999999999999,0.0175,0.030196531876430475,0.04318489890732275,0.04342326593821513,0.017023265938215237,0.0,0.0,0.0,0.0,0.0,False,0.0,0.0,0.0,0.0,0.0,True,1.0,0.0,0.0,0.0,0.0,0.0,0.0,0.0,0.0,1631.0176892344784,0.10369261783348632,47964.65240004545,62867.53420452612,0.0007933177637756005,-5.610817310537334,0.0,0.0,0.0,-0.0009534681235695251,14,True,9.655805511708457e-11,price_stability
2043Q4,2043-12-31,2043,4,2044,63493.03899317342,31258.729621540235,0.017506211533599103,0.01925791741757241,0.01925791741757241,392.98078306981796,1563.140049309226,216.1210820464555,868.1881267128715,354.7512279599143,99.86263171098349,24.216980879001383,6.019952502154488,58.16326244616563,0.0,1627.323264257546,2020.304047327364,0.0,0.0,136310.60001371813,138330.90406104547,2.178678265438175,0.024757408957039848,0.1025197905195567,0.12727719947659655,137748.14002405084,582.7640369946275,29051.263346805827,69884.14966661463,23312.827623703604,93196.97729031823,12363.89083387654,3136.0085530502383,0.2109013112027028,18.637483094706912,39329.61924334047,50002.6431884938,0.2855183324905405,0.36300049626632586,31018.392869681207,31018.392869681207,0,0.0,0.0,0.0,0.0,0.0,0.0,0.0,0.0,0.0,0.0,0.0,none,3090.3827678353105,34108.77563751652,1962.1407848811984,1962.1407848811984,0.0,32980.53365456241,0.2154110468670722,0.5181811771623273,0.1728613500867164,0.0702933619006643,0.0232530639832198,0.045534855230298606,0.047753388631369076,0.03152964251437245,0.8969693915885212,49591.975664303,-2.9103830456733704e-11,0.030344959764921818,0.043296219823691265,0.043497479882460804,0.017097479882460912,0.01701953976476145,0.05516540834182848,399.49652748727436,price_stability,-0.0007420825824275903,0.0009130230541090969,-0.0008050402350781815,0.030344959764921818,0.030344959764921818,0.0,0.0,0.03115,0.0438999999999999,0.0438999999999999,0.0175,0.030344959764921818,0.043296219823691265,0.043497479882460804,0.017097479882460912,0.0,0.0,0.0,0.0,0.0,False,0.0,0.0,0.0,0.0,0.0,True,1.0,0.0,0.0,0.0,0.0,0.0,0.0,0.0,0.0,1627.323264257546,0.1025197905195567,49591.975664303,63435.12126501824,0.0009130230541090969,-6.515744417456386,0.0,0.0,0.0,-0.0008050402350781825,14,True,9.655805511708457e-11,price_stability
2044Q1,2044-03-31,2044,1,2044,64068.11613194576,31391.313573386175,0.017074253981171905,0.0193203581350475,0.0193203581350475,395.79672068295287,1568.6651705065922,220.38985434474267,865.8158780261181,358.47501924364923,99.30407481549787,24.680344076583953,6.019952502154488,59.29084214888792,0.0,1633.9759651576346,2029.7726858405874,0.0,0.0,138330.90406104547,140360.67674688608,2.190803869709838,0.024710994771116736,0.1020149218555155,0.12672591662663224,139777.91270989145,582.7640369946275,29475.726903588013,70905.21626795578,23653.447775525517,94558.6640434813,12561.69346938274,3181.8282934393737,0.2108754261108819,18.554711817459655,39869.30149008992,50831.36161531979,0.2852332011341342,0.3636580388835831,31601.805741335003,31601.805741335007,0,0.0,0.0,0.0,0.0,0.0,0.0,0.0,0.0,0.0,0.0,0.0,none,3136.0085530502383,34737.81429438524,1970.4818436916994,1970.4818436916994,0.0,33572.28758502671,0.2154110468670722,0.5181811771623273,0.1728613500867164,0.0702933619006643,0.0232530639832198,0.04488365941548676,0.04724832751578232,0.03158956236090744,0.9009027490684147,51225.95162946063,2.9103830456733704e-11,0.03047994485229145,0.043397458639218484,0.04356497242614562,0.017164972426145727,0.016847634395924738,0.05292516736733344,402.7726417919155,price_stability,-0.0006796418649525002,0.0009687854741796589,-0.0006700551477085511,0.03047994485229145,0.03047994485229145,0.0,0.0,0.03115,0.0438999999999999,0.0438999999999999,0.0175,0.03047994485229145,0.043397458639218484,0.04356497242614562,0.017164972426145727,0.0,0.0,0.0,0.0,0.0,False,0.0,0.0,0.0,0.0,0.0,True,1.0,0.0,0.0,0.0,0.0,0.0,0.0,0.0,0.0,1633.9759651576346,0.1020149218555155,51225.95162946063,64006.10794431053,0.0009687854741796589,-6.975921108962622,0.0,0.0,0.0,-0.0006700551477085495,14,True,9.655805511708457e-11,price_stability
2044Q2,2044-06-30,2044,2,2044,64646.36907337967,31522.939986262456,0.016878122686944108,0.019388732355593095,0.019388732355593095,398.98227832154356,1568.9998344904448,224.60463262564153,859.3498955013418,362.230687200321,97.67770330067505,25.136915862465553,6.019952502154488,60.45106049802692,0.0,1635.470847490626,2034.4531258121697,0.0,0.0,140360.67674688608,142395.12987269825,2.202677921648878,0.024687064968407516,0.10119490829464614,0.12588197326305367,141812.36583570362,582.7640369946275,29900.948754995094,71928.10698188114,23994.676437609683,95922.78341949082,12760.903771450552,3227.729889767132,0.21084867020437956,18.449366375143274,40329.849123688786,51557.48868034629,0.28438880407941886,0.3635613042382925,32015.878404434796,32015.878404434796,0,0.0,0.0,0.0,0.0,0.0,0.0,0.0,0.0,0.0,0.0,0.0,none,3181.8282934393737,35197.70669787417,1974.0020653141428,1974.0020653141428,0.0,33989.88046974894,0.2154110468670722,0.5181811771623273,0.1728613500867164,0.0702933619006643,0.0232530639832198,0.044214309570763874,0.04660766492141922,0.03179169719563546,0.903789496642647,52861.42247695126,0.0,0.030600593802368865,0.043487945351776545,0.04362529690118433,0.017225296901184434,0.01684763439592385,0.05292516736733344,406.07562222479197,price_stability,-0.000611267644406905,0.0009762884381132727,-0.0005494061976311362,0.030600593802368865,0.030600593802368865,0.0,0.0,0.03115,0.0438999999999999,0.0438999999999999,0.0175,0.030600593802368865,0.043487945351776545,0.04362529690118433,0.017225296901184434,0.0,0.0,0.0,0.0,0.0,False,0.0,0.0,0.0,0.0,0.0,True,1.0,0.0,0.0,0.0,0.0,0.0,0.0,0.0,0.0,1635.470847490626,0.10119490829464614,52861.42247695126,64583.317127573,0.0009762884381132727,-7.093343903248397,0.0,0.0,0.0,-0.000549406197631136,14,True,9.655805511708457e-11,price_stability
2044Q3,2044-09-30,2044,3,2044,65228.66958144814,31654.003670868504,0.01673490386575982,0.01945908483693201,0.01945908483693201,402.451651769477,1568.0860741952324,228.74669678926298,850.6735795895082,366.03300366111995,97.04759067728907,25.585203478051803,6.019952502154488,61.630952221816415,0.0,1635.7369789192032,2038.1886306886802,0.0,0.0,142395.12987269825,144433.31850338692,2.2142612969139197,0.02467943340570229,0.10030785477706125,0.12498728818276353,143850.5544663923,582.7640369946275,30326.72111370679,72952.32196643832,24336.346866433734,97288.66883287206,12961.47360788238,3273.690911931047,0.21082102343089681,18.37937452807716,40687.05080388766,52101.24979362472,0.2828425024485627,0.36219012145550744,32626.591725786282,32626.591725786282,0,0.0,0.0,0.0,0.0,0.0,0.0,0.0,0.0,0.0,0.0,0.0,none,3227.729889767132,35854.32161555342,1976.5576784668638,1976.5576784668638,0.0,34603.14940425315,0.2154110468670722,0.5181811771623273,0.1728613500867164,0.0702933619006643,0.0232530639832198,0.04352190977878203,0.045949239426420214,0.0318696749966221,0.907258691006035,54497.15945587046,0.0,0.03070674666323788,0.043567559997428305,0.043678373331618836,0.017278373331618944,0.016847634395925626,0.05292516736733344,409.40568910448235,price_stability,-0.0005409151630679891,0.0009485445374177643,-0.00044325333676211885,0.03070674666323788,0.03070674666323788,0.0,0.0,0.03115,0.0438999999999999,0.0438999999999999,0.0175,0.03070674666323788,0.043567559997428305,0.043678373331618836,0.017278373331618944,0.0,0.0,0.0,0.0,0.0,False,0.0,0.0,0.0,0.0,0.0,True,1.0,0.0,0.0,0.0,0.0,0.0,0.0,0.0,0.0,1635.7369789192032,0.10030785477706125,54497.15945587046,65166.85591624807,0.0009485445374177643,-6.954037335005358,0.0,0.0,0.0,-0.0004432533367621193,14,True,9.655805511708457e-11,price_stability
2044Q4,2044-12-31,2044,4,2045,65815.71660942791,31784.830623600283,0.01663489507426741,0.019528480446480166,0.019528480446480166,423.9399823942748,1565.6973294797683,232.80873559131544,841.7409586005803,369.9006528585962,95.22213777760236,26.024844651674023,6.028693962709422,62.82127311143794,0.0,1634.5472965539157,2058.4872789481906,0.0,0.0,144433.31850338692,146491.8057823351,2.225787597993738,0.025765273356215142,0.09934084931438832,0.12510612267060348,145909.04174534048,582.7640369946275,30756.609617221115,73986.43852656566,24681.320386524836,98667.7589130905,13164.576953774951,3320.096261253906,0.21079303413493433,18.245062420271395,41447.24951212037,53654.184170625,0.2840622419031407,0.36772350451227886,32797.22275288227,32797.22275288228,0,0.0,0.0,0.0,0.0,0.0,0.0,0.0,0.0,0.0,0.0,0.0,none,3273.690911931047,36070.91366481332,1995.6660058367524,1995.6660058367524,0.0,34792.888758719026,0.2154110468670722,0.5181811771623273,0.1728613500867164,0.0702933619006643,0.0232530639832198,0.04308791971947656,0.045267873465514426,0.03193162495302437,0.9100156720439457,56131.706752424376,0.0,0.03079878046131458,0.043636585345985836,0.04372439023065719,0.01732439023065729,0.01684763439592385,0.05292516736733255,430.56965113041537,price_stability,-0.00047151955351983424,0.0008961871793420605,-0.00035121953868542,0.03079878046131458,0.03079878046131458,0.0,0.0,0.03115,0.0438999999999999,0.0438999999999999,0.0175,0.03079878046131458,0.043636585345985836,0.04372439023065719,0.01732439023065729,0.0,0.0,0.0,0.0,0.0,False,0.0,0.0,0.0,0.0,0.0,True,1.0,0.0,0.0,0.0,0.0,0.0,0.0,0.0,0.0,1634.5472965539157,0.09934084931438832,56131.706752424376,65756.78622066218,0.0008961871793420605,-6.629668736140587,0.0,0.0,0.0,-0.000351219538685419,14,True,9.655805511708457e-11,price_stability
2045Q1,2045-03-31,2045,1,2045,66398.02843552783,31910.864194682188,0.015955432423783833,0.019594823509795627,0.019594823509795627,427.92249133793905,1572.2522066294262,236.81651683378746,840.6228475502328,373.79169327995317,94.56209945974922,26.459049505702893,6.028693962709422,64.02086325478173,0.0,1642.3017638469173,2070.2242551848562,0.0,0.0,146491.8057823351,148562.03003751996,2.237446405231339,0.025779228776556206,0.09893677884978676,0.12471600762634295,147979.26600052533,582.7640369946275,31188.767990105043,75026.01536182304,25028.115413402425,100054.13077522547,13369.620598105019,3366.746637089808,0.21076444581090384,18.15345124678145,42170.7646703258,55189.468337644204,0.2849775229333554,0.3729540619389765,33424.26726119151,33424.26726119152,0,0.0,0.0,0.0,0.0,0.0,0.0,0.0,0.0,0.0,0.0,0.0,none,3320.096261253906,36744.36352244543,2006.2033919300748,2006.2033919300748,0.0,35430.47065312159,0.2154110468670722,0.5181811771623273,0.1728613500867164,0.0702933619006643,0.0232530639832198,0.042675403764321614,0.04484351203335241,0.03194458976699124,0.9137524797523102,57774.00851627129,0.0,0.030877448632420156,0.04369558647431501,0.04376372431620997,0.01736372431621008,0.01623329428827147,0.054489465960201544,434.1005839324724,price_stability,-0.00040517649020437377,0.0008277630776645807,-0.00027255136757984514,0.030877448632420156,0.030877448632420156,0.0,0.0,0.03115,0.0438999999999999,0.0438999999999999,0.0175,0.030877448632420156,0.04369558647431501,0.04376372431620997,0.01736372431621008,0.0,0.0,0.0,0.0,0.0,False,0.0,0.0,0.0,0.0,0.0,True,1.0,0.0,0.0,0.0,0.0,0.0,0.0,0.0,0.0,1642.3017638469173,0.09893677884978676,57774.00851627129,66343.11205690973,0.0008277630776645807,-6.178092594533297,0.0,0.0,0.0,-0.0002725513675798444,14,True,9.655805511708457e-11,price_stability
2045Q2,2045-06-30,2045,2,2045,66985.884174465,32037.098887596952,0.015917553141135743,0.019656698270360238,0.019656698270360238,432.01265884684534,1579.2746891681365,240.75739538073464,841.1776821715548,377.7277149662732,92.72526686553681,26.886629784036767,6.028693962709422,65.2218320175807,0.0,1650.5252151484267,2082.537873995272,0.0,0.0,148562.03003751996,150644.56791151525,2.2489001939447553,0.025797235592004232,0.0985595837385457,0.12435681933054994,150061.8038745206,582.7640369946275,31623.320150569198,76071.35056316349,25376.83138797028,101448.18195113377,13576.646356729354,3413.6554160882906,0.2107353059477556,18.025235428594772,42873.962456392816,56788.11006162619,0.28570869701288787,0.37843147686743484,33763.24255137908,33763.24255137908,0,0.0,0.0,0.0,0.0,0.0,0.0,0.0,0.0,0.0,0.0,0.0,none,3366.746637089808,37129.98918846889,2017.3160419776914,2017.3160419776914,0.0,35780.55859335677,0.2154110468670722,0.5181811771623273,0.1728613500867164,0.0702933619006643,0.0232530639832198,0.042344400106346956,0.044440028578811956,0.032074487963797124,0.9164288623848722,59424.53373141972,0.0,0.03094375185568152,0.04374531389176104,0.04379687592784066,0.01739687592784076,0.01623329428827147,0.054489465960201544,437.6604725293001,price_stability,-0.0003433017296397625,0.0007500153468050646,-0.0002062481443184783,0.03094375185568152,0.03094375185568152,0.0,0.0,0.03115,0.0438999999999999,0.0438999999999999,0.0175,0.03094375185568152,0.04374531389176104,0.04379687592784066,0.01739687592784076,0.0,0.0,0.0,0.0,0.0,False,0.0,0.0,0.0,0.0,0.0,True,1.0,0.0,0.0,0.0,0.0,0.0,0.0,0.0,0.0,1650.5252151484267,0.0985595837385457,59424.53373141972,66935.68138617651,0.0007500153468050646,-5.647813682454729,0.0,0.0,0.0,-0.00020624814431847993,14,True,9.655805511708457e-11,price_stability
2045Q3,2045-09-30,2045,3,2045,67579.60267903507,32163.700406790336,0.015900807810490525,0.01971323008961291,0.01971323008961291,436.1731976898465,1589.0641056161633,244.6360428979966,843.5243643919448,381.60967397796827,91.98577437203464,27.308249976219514,6.028693962709422,66.4208715704136,0.0,1661.5136711492862,2097.686868839133,0.0,0.0,150644.56791151525,152742.25478035436,2.2601827877827834,0.025816854814102577,0.09834409231676235,0.12416094713086492,152159.49074335973,582.7640369946275,32060.87728550634,77123.91436875802,25727.958770643392,102851.87313940142,13785.851744162292,3460.888574289719,0.21070573467929068,17.905958931221818,43499.83583878609,58367.37169901329,0.28588315869271164,0.38359336912778447,34280.77694643826,34280.77694643826,0,0.0,0.0,0.0,0.0,0.0,0.0,0.0,0.0,0.0,0.0,0.0,none,3413.6554160882906,37694.432362526546,2031.2659972687193,2031.2659972687193,0.0,36312.042943706976,0.2154110468670722,0.5181811771623273,0.1728613500867164,0.0702933619006643,0.0232530639832198,0.04204652172075507,0.0441174532658945,0.03208756954491618,0.919433340273665,61086.047402569005,-2.9103830456733704e-11,0.03099883602488742,0.04378662701866547,0.043824418012443606,0.017424418012443713,0.01623329428827036,0.054489465960201544,441.24955437601255,price_stability,-0.0002867699103870913,0.0006681501193479154,-0.0001511639751125788,0.03099883602488742,0.03099883602488742,0.0,0.0,0.03115,0.0438999999999999,0.0438999999999999,0.0175,0.03099883602488742,0.04378662701866547,0.043824418012443606,0.017424418012443713,0.0,0.0,0.0,0.0,0.0,False,0.0,0.0,0.0,0.0,0.0,True,1.0,0.0,0.0,0.0,0.0,0.0,0.0,0.0,0.0,1661.5136711492862,0.09834409231676235,61086.047402569005,67534.4795084914,0.0006681501193479154,-5.076356686166011,0.0,0.0,0.0,-0.00015116397511258026,14,True,9.655805511708457e-11,price_stability
2045Q4,2045-12-31,2045,4,2046,68179.41728751168,32290.795459666668,0.015899957158570732,0.019763966408628954,0.019763966408628954,457.5075838699752,1599.924113896835,248.4624694468622,847.8550549543271,385.57365254494636,90.30783355199387,27.725103398705233,6.044719973726774,67.61668081952428,0.0,1673.5855146900863,2131.0930985600617,0.0,0.0,152742.25478035436,154873.34787891444,2.271555757448258,0.026841390089367992,0.09818714100371957,0.1250285310930876,154290.5838419198,582.7640369946275,32505.372900837345,78193.16900794952,26084.654090086122,104277.82309803565,13998.517119587526,3508.870723459305,0.21067632315230006,17.82910292223619,44737.54302663586,59840.03129711606,0.2899564050679348,0.3878398137272321,34863.34780239181,34863.34780239181,0,0.0,0.0,0.0,0.0,0.0,0.0,0.0,0.0,0.0,0.0,0.0,none,3460.888574289719,38324.236376681525,2063.4764177405373,2063.4764177405373,0.0,36926.824220132345,0.2154110468670722,0.5181811771623273,0.1728613500867164,0.0702933619006643,0.0232530639832198,0.04178220580968273,0.043827702218923695,0.03212242837637629,0.9231152765341889,62759.63291725909,2.9103830456733704e-11,0.031043913351813456,0.04382043501385999,0.04384695667590663,0.01744695667590673,0.01623329428827236,0.054489465960201544,462.00030881330326,price_stability,-0.00023603359137104596,0.0005860821315921194,-0.00010608664818654402,0.031043913351813456,0.031043913351813456,0.0,0.0,0.03115,0.0438999999999999,0.0438999999999999,0.0175,0.031043913351813456,0.04382043501385999,0.04384695667590663,0.01744695667590673,0.0,0.0,0.0,0.0,0.0,False,0.0,0.0,0.0,0.0,0.0,True,1.0,0.0,0.0,0.0,0.0,0.0,0.0,0.0,0.0,1673.5855146900863,0.09818714100371957,62759.63291725909,68139.48195468211,0.0005860821315921194,-4.492724943328071,0.0,0.0,0.0,-0.0001060866481865444,14,True,9.655805511708457e-11,price_stability
2046Q1,2046-03-31,2046,1,2046,68782.02128531474,32416.842169031308,0.015705610546263404,0.01980877608761725,0.01980877608761725,461.8704793649141,1612.1117562398297,252.27349495049495,854.1678373856564,389.6898589882994,87.83924371137034,28.141321204008108,6.044719973726774,68.81428911396057,0.0,1686.970765327517,2148.8412446924312,0.0,0.0,154873.34787891444,157022.18912360686,2.282895823492349,0.026859953850383603,0.09810533239956952,0.12496528624995312,156439.42508661223,582.7640369946275,32953.433684850235,79270.99982432053,26444.210357844182,105715.21018216471,14213.543496253109,3557.237723344193,0.21064660437486052,17.7858093322487,45997.36362176853,61336.09904686172,0.29402667260060705,0.392075712454857,35467.87427720449,35467.87427720449,0,0.0,0.0,0.0,0.0,0.0,0.0,0.0,0.0,0.0,0.0,0.0,none,3508.870723459305,38976.745000663796,2080.0269555784707,2080.0269555784707,0.0,37547.90123278296,0.2154110468670722,0.5181811771623273,0.1728613500867164,0.0702933619006643,0.0232530639832198,0.041542476402785855,0.04357033120111671,0.03210324601427955,0.92760956197977,64446.60368258661,0.0,0.031080202916412156,0.043847652187309016,0.04386510145820598,0.01746510145820608,0.01602817697257164,0.05376022781086065,465.7889921091802,price_stability,-0.00019122391238275,0.000506656699169964,-6.979708358784351e-05,0.031080202916412156,0.031080202916412156,0.0,0.0,0.03115,0.0438999999999999,0.0438999999999999,0.0175,0.031080202916412156,0.043847652187309016,0.04386510145820598,0.01746510145820608,0.0,0.0,0.0,0.0,0.0,False,0.0,0.0,0.0,0.0,0.0,True,1.0,0.0,0.0,0.0,0.0,0.0,0.0,0.0,0.0,1686.970765327517,0.09810533239956952,64446.60368258661,68747.19006092126,0.000506656699169964,-3.918512744266109,0.0,0.0,0.0,-6.97970835878449e-05,14,True,9.655805511708457e-11,price_stability
2046Q2,2046-06-30,2046,2,2046,69390.93433743212,32543.530843158427,0.015724330056156255,0.019847765493760435,0.019847765493760435,466.2389949398219,1625.1595219400049,256.04985142941916,862.2603682495691,393.8818386860174,84.4127272552514,28.554736319747654,6.044719973726774,70.00784078403439,0.0,1701.2120826977662,2167.4510776375882,0.0,0.0,157022.18912360686,159189.64020124445,2.294098526287914,0.026876075348552544,0.09806537980452397,0.12494145515307653,158606.8761642498,582.7640369946275,33405.24612824512,80357.85542982447,26806.777227496936,107164.6326573214,14430.987673551392,3606.0097051319203,0.21061663236877182,17.700895064990544,47345.159838534455,62995.54086908312,0.2985063509447399,0.3971803896058473,35797.3085360934,35797.3085360934,0,0.0,0.0,0.0,0.0,0.0,0.0,0.0,0.0,0.0,0.0,0.0,none,3557.237723344193,39354.54625943759,2097.4432368535536,2097.4432368535536,0.0,37894.751772946955,0.2154110468670722,0.5181811771623273,0.1728613500867164,0.0702933619006643,0.0232530639832198,0.041356225749999545,0.04333685811394676,0.03216052542182078,0.9312337800204153,66147.81576528438,0.0,0.031108887333965496,0.04386916550047402,0.04387944366698265,0.017479443666982748,0.01602817697257164,0.05376022781085976,469.60874491051555,price_stability,-0.00015223450623956525,0.00043184702175636213,-4.111266603450516e-05,0.031108887333965496,0.031108887333965496,0.0,0.0,0.03115,0.0438999999999999,0.0438999999999999,0.0175,0.031108887333965496,0.04386916550047402,0.04387944366698265,0.017479443666982748,0.0,0.0,0.0,0.0,0.0,False,0.0,0.0,0.0,0.0,0.0,True,1.0,0.0,0.0,0.0,0.0,0.0,0.0,0.0,0.0,1701.2120826977662,0.09806537980452397,66147.81576528438,69360.9810043593,0.00043184702175636213,-3.3697499706936194,0.0,0.0,0.0,-4.1112666034504725e-05,14,True,9.655805511708457e-11,price_stability
2046Q3,2046-09-30,2046,3,2046,70006.22365225804,32670.90679519416,0.01574822762499739,0.019881209585835426,0.019881209585835426,470.6025556237182,1640.2665192389854,259.80000954174113,871.6924531157279,398.1151080167029,81.69269966100858,28.96624890380475,6.044719973726774,71.1977381771611,0.0,1717.5089773898733,2188.1115330135917,0.0,0.0,159189.64020124445,161377.75173425805,2.3051915003424535,0.026889183908067524,0.09813464505220318,0.12502382896027073,160794.98769726342,582.7640369946275,33861.25274491818,81454.80031198397,27172.709804089554,108627.51011607352,14650.990399221497,3655.234437050212,0.2105864942050956,17.61275053351319,48755.332115914214,64672.85090029311,0.3032142532185659,0.40220688360047546,36251.11143191518,36251.11143191518,0,0.0,0.0,0.0,0.0,0.0,0.0,0.0,0.0,0.0,0.0,0.0,none,3606.0097051319203,39857.1211370471,2116.9137948364305,2116.9137948364305,0.0,38368.02522675161,0.2154110468670722,0.5181811771623273,0.1728613500867164,0.0702933619006643,0.0232530639832198,0.04119500615445055,0.04315630025216796,0.03216899965541095,0.9348704693576407,67865.32474267426,2.9103830456733704e-11,0.031131082578708766,0.043885811934031474,0.04389054128935428,0.017490541289354383,0.016028176972572528,0.05376022781086176,473.45982200613537,price_stability,-0.00011879041416457473,0.0003629268893977908,-1.8917421291235928e-05,0.031131082578708766,0.031131082578708766,0.0,0.0,0.03115,0.0438999999999999,0.0438999999999999,0.0175,0.031131082578708766,0.043885811934031474,0.04389054128935428,0.017490541289354383,0.0,0.0,0.0,0.0,0.0,False,0.0,0.0,0.0,0.0,0.0,True,1.0,0.0,0.0,0.0,0.0,0.0,0.0,0.0,0.0,1717.5089773898733,0.09813464505220318,67865.32474267426,69980.8257288588,0.0003629268893977908,-2.8572663824171562,0.0,0.0,0.0,-1.8917421291234776e-05,14,True,9.655805511708457e-11,price_stability
2036Q4,2036-12-31,2036,4,2037,45567.45791099619,27698.55388240954,0.017515988152144724,0.05366937236414482,0.05366937236414482,247.04041823154074,1597.648043615219,330.1144357628681,916.7886883253786,225.02850094890826,99.41193727393606,26.30448130412742,5.894658234200658,82.22397719580539,0.0,1685.7666790452251,1932.807097276766,0.0,0.0,77061.53216807223,78994.339265349,1.7335691497130092,0.021685687949858246,0.14797987479028724,0.1696655627401455,78411.57522835437,582.7640369946275,16670.450502558953,40101.53513887761,13377.571031463262,53479.10617034087,6462.486647491114,1799.5319079634294,0.21260190799649642,20.147044618063436,21537.427138703995,26304.353283558863,0.27467152746238743,0.33546518109034185,17422.492045636947,17422.492045636947,0,0.0,0.0,0.0,0.0,0.0,0.0,0.0,0.0,0.0,0.0,0.0,none,1756.50018026592,19178.992225902868,1850.5831200809605,1850.5831200809605,0.0,19273.075165717906,0.2154110468670722,0.5181811771623273,0.1728613500867164,0.0702933619006643,0.0232530639832198,0.07796134651525696,0.08750237020299807,0.05920612116431214,0.2656550007876562,1685.7666790452251,1.4551915228366852e-11,0.05890202927310861,0.06533902195483135,0.05902601463655421,0.03262601463655431,0.017515988152144724,0.05366937236414482,247.04041823154074,market_functioning,0.033669372364144814,0.0,0.02525202927310861,0.05640202927310861,0.05640202927310861,0.0,100.0,0.03115,0.0438999999999999,0.0438999999999999,0.0175,0.0664020292731086,0.07283902195483134,0.0665260146365542,0.04012601463655431,75.0,74.99999999999993,75.0,74.99999999999997,0.14999999999999994,False,2890.9612748576847,0.0,2890.9612748576847,2890.9612748576847,0.0,True,1.0,2890.9612748576847,2890.9612748576847,0.05920612116431214,0.0,0.0,0.0,0.0,0.0,1685.7666790452251,0.14797987479028724,1685.7666790452251,45567.457910996185,0.0,-0.0,200.0,0.0,0.0,0.02525202927310861,14,True,9.655805511708457e-11,market_functioning
2037Q1,2037-03-31,2037,1,2037,46359.78453943728,27818.71239056672,0.01746555549210771,0.052995984916861916,0.052995984916861916,249.06629979072068,1535.015086881686,245.48084087440887,926.4959324330808,229.74902230700064,100.88736811988137,32.40192314731383,5.894658234200658,83.9706238525186,0.0,1624.8803689684055,1873.9466687591262,0.0,0.0,78994.339265349,80868.28593410812,1.7443628510679379,0.021489858269625503,0.14019740472142656,0.16168726299105207,80285.52189711349,582.7640369946275,17056.031116259266,41029.06703291968,13686.9887072087,54716.05574012838,6672.28070526177,1841.154335464073,0.21244217778289715,20.05359926712719,21855.781910235313,26724.02557693497,0.27222569392080015,0.33286232617609457,17923.136312055016,17923.136312055016,0,0.0,0.0,0.0,0.0,0.0,0.0,0.0,0.0,0.0,0.0,0.0,none,1799.5319079634294,19722.668220018444,1789.9760449066075,1789.9760449066075,0.0,19713.112356961625,0.2154110468670722,0.5181811771623273,0.1728613500867164,0.0702933619006643,0.0232530639832198,0.08028637145122343,0.08227831938743296,0.07078945712959027,0.2947923217445916,3310.6470480136304,0.0,0.07102300332420072,0.07442975249315045,0.06508650166210025,0.03868650166210037,0.01746555549210771,0.052776795798754605,249.06629979072068,market_functioning,0.03299598491686191,0.0,0.03737300332420074,0.06852300332420073,0.06852300332420073,0.0,100.0,0.03115,0.0438999999999999,0.0438999999999999,0.0175,0.07852300332420073,0.08192975249315045,0.07258650166210026,0.04618650166210037,75.00000000000007,74.99999999999993,75.00000000000007,75.00000000000003,0.15000000000000005,False,2956.9668535442447,645.3852672035697,2311.581586340675,2311.581586340675,0.0,True,1.0,5202.54286119836,5202.54286119836,0.06578973641105032,42.790650880139594,49.52433726180218,-6.7336863816625865,0.0,6.7336863816625865,1631.6140553500682,0.14077839848130347,3317.380734395293,46359.78453943728,0.0,-0.0,200.0,0.0,0.0,0.03737300332420074,14,True,9.655805511708457e-11,market_functioning
2037Q2,2037-06-30,2037,2,2037,46719.3091810177,27679.192392180303,-0.019910899310579322,0.05233606521852467,0.05233606521852467,300.5173800100084,1614.2446318088696,302.8426386669382,939.6170750771739,234.85354940678363,102.2899123266487,34.64145633132523,5.894658234200658,85.63736964714228,0.0,1705.7766596902127,2006.2940397002212,0.0,0.0,80868.28593410812,82874.57997380834,1.7738828211843662,0.02572960818796612,0.14604468170375076,0.1717742898917169,82291.81593681371,582.7640369946275,17469.761780227625,42024.31516713246,14018.996012247131,56043.31117937959,6892.92748930388,1885.8154879026156,0.2122903909866501,19.966123119746467,22239.506213297413,27214.693433813663,0.27025173718822315,0.3307095988100442,18320.740215093712,18320.740215093712,0,0.0,0.0,0.0,0.0,0.0,0.0,0.0,0.0,0.0,0.0,0.0,none,1841.154335464073,20161.894550557787,1920.6566700530786,1920.6566700530786,0.0,20241.39688514679,0.2154110468670722,0.5181811771623273,0.1728613500867164,0.0702933619006643,0.0232530639832198,0.08059616937835777,0.08437308346463968,0.07396775602512597,0.32384469500513274,5016.423707703843,0.0,0.07426029874642456,0.07685772405981833,0.06670514937321217,0.04030514937321229,0.01746555549210771,0.052776795798755494,251.10879480984056,market_functioning,0.03233606521852467,-0.009313007318277153,0.04061029874642458,0.07176029874642458,0.07176029874642458,0.0,100.0,0.03115,0.0438999999999999,0.0438999999999999,0.0175,0.08176029874642457,0.08435772405981833,0.07420514937321218,0.04780514937321229,75.00000000000007,74.99999999999993,75.00000000000007,75.00000000000003,0.15000000000000005,False,3036.2095327720194,1158.249275858622,1877.9602569133974,1877.9602569133974,0.0,True,1.0,7080.503118111757,7080.503118111757,0.06929657493611754,85.56848087635791,93.33400749016819,-7.76552661381028,0.0,14.499212995472867,1713.542186304023,0.14670954826534502,5030.922920699316,47158.49660501918,-0.009313007318277153,49.40858520016784,200.0,0.0,0.0,0.04061029874642458,14,True,9.655805511708457e-11,market_functioning
2037Q3,2037-09-30,2037,3,2037,47014.222412480914,27505.17364682791,-0.024911786413927883,0.05168934391415417,0.05168934391415417,359.9727248019271,1658.7047544508646,324.3274322071433,954.9376706230769,240.48373014858132,104.17500461979346,34.78091685226923,5.894658234200658,87.39646117497189,0.0,1751.9958738600371,2111.9685986619643,0.0,0.0,82874.57997380834,84986.5485724703,1.8076774263506448,0.030626708798345646,0.14906092530799217,0.1796876341063378,84403.78453547567,582.7640369946275,17905.876983821603,43073.41034058552,14368.966285281082,57442.3766258666,7122.637932433224,1932.8929933542443,0.21214542786639623,19.872519515117176,22577.61706692773,27675.02446234804,0.2674953166044131,0.32788843076954655,18755.557641782205,18755.557641782205,0,0.0,0.0,0.0,0.0,0.0,0.0,0.0,0.0,0.0,0.0,0.0,none,1885.8154879026156,20641.37312968482,2024.5721374869925,2024.5721374869925,0.0,20780.1297792692,0.2154110468670722,0.5181811771623273,0.1728613500867164,0.0702933619006643,0.0232530639832198,0.07975943579387983,0.08456131539556459,0.07253303759648885,0.3525493692275425,6768.4195815638805,0.0,0.07277374313740992,0.07574280735305736,0.06596187156870487,0.03956187156870497,0.017465555492108598,0.052776795798754605,253.16803952936806,market_functioning,0.031689343914154164,-0.019793656685671908,0.03912374313740993,0.07027374313740993,0.07027374313740993,0.0,100.0,0.03115,0.0438999999999999,0.0438999999999999,0.0175,0.08027374313740993,0.08324280735305735,0.07346187156870486,0.04706187156870497,75.00000000000007,74.99999999999993,74.99999999999993,74.99999999999997,0.14999999999999994,False,3117.0194668903787,1573.37476151614,1543.6447053742386,1543.6447053742386,0.0,True,1.0,8624.147823485997,8624.147823485997,0.0704663272783453,122.66365372741133,124.39336435145393,-1.7297106240425961,0.0,16.228923619515463,1753.7255844840797,0.14920809019004566,6784.648505183395,47963.59739268143,-0.019793656685671908,106.80468527255901,200.0,0.0,0.0,0.03912374313740993,14,True,9.655805511708457e-11,market_functioning
2037Q4,2037-12-31,2037,4,2038,47354.92787847522,27365.38937950335,-0.02017399005649434,0.050496776596774456,0.050496776596774456,424.0451318740089,1681.187180380384,325.7694230676734,970.6026791688465,246.25490369926382,106.0210907813419,32.53908366325861,5.91068424521801,88.26333677142578,0.0,1775.3612013970278,2199.4063332710366,0.0,0.0,84986.5485724703,87185.95490574134,1.8411168343341724,0.035818458679714726,0.14996210793124262,0.18578056661095735,86603.19086874671,582.7640369946275,18360.64050678367,44167.36490366969,14733.901313882121,58901.266217551805,7359.3006078816525,1981.9835365295762,0.21200882233785737,19.707517971086652,23156.896129522516,29135.408941278485,0.26739079584975617,0.336424196949455,18985.14540458898,18985.145404588977,0,0.0,0.0,0.0,0.0,0.0,0.0,0.0,0.0,0.0,0.0,0.0,none,1932.8929933542443,20918.038397943223,2111.142996499611,2111.142996499611,0.0,21096.288401088586,0.2154110468670722,0.5181811771623273,0.1728613500867164,0.0702933619006643,0.0232530639832198,0.07767015033568782,0.0835596329639451,0.06621047575108725,0.3780491943512815,8543.780782960908,0.0,0.0663375790074999,0.07029068425562482,0.06149378950374984,0.035093789503749945,0.01746555549210682,0.052776795798754605,265.00612925662665,market_functioning,0.030496776596774456,-0.028987500035143672,0.03518757900749989,0.0663375790074999,0.0663375790074999,0.0,0.0,0.03115,0.0438999999999999,0.0438999999999999,0.0175,0.0663375790074999,0.07029068425562482,0.06149378950374984,0.035093789503749945,0.0,0.0,0.0,0.0,0.0,False,0.0,1890.585078645621,0.0,0.0,0.0,True,1.0,8624.147823485997,8624.147823485997,0.06953335980619071,151.9280057566484,143.02627190321516,8.901733853433228,0.0,7.327189766082235,1766.4594675435947,0.14921019177364422,8551.10797272699,48768.607901740834,-0.028987500035143672,159.0390026173823,200.0,0.0,0.0,0.0351875790074999,14,True,9.655805511708457e-11,market_functioning
2038Q1,2038-03-31,2038,1,2038,47782.692334078834,27286.28008491011,-0.011513362990099418,0.04869922166369865,0.04869922166369865,467.7580109166084,1680.3841414426936,304.50011006176624,985.5494048776702,251.8652131570981,107.61217338764529,30.857239958513688,5.91068424521801,88.00677569977685,0.0,1774.3016013876884,2242.059612304297,0.0,0.0,87185.95490574134,89428.01451804563,1.8715566275085165,0.03915710798765529,0.1485309022758643,0.1876880102635196,88845.250481051,582.7640369946275,18824.647283323637,45283.55453821126,15106.2537953757,60389.80833358696,7598.722999178022,2032.0718649623773,0.21188130126706745,19.588167369580404,23721.68773519828,30616.503949907517,0.2670000659208864,0.3446048470135996,19547.76003891396,19547.76003891396,0,0.0,0.0,0.0,0.0,0.0,0.0,0.0,0.0,0.0,0.0,0.0,none,1981.9835365295762,21529.743575443536,2154.05283660452,2154.05283660452,0.0,21701.812875518477,0.2154110468670722,0.5181811771623273,0.1728613500867164,0.0702933619006643,0.0232530639832198,0.07580573561689814,0.08140309311544158,0.061276516235631816,0.4037153966757012,10318.082384348596,0.0,0.06127547179840708,0.0664941038488052,0.058962735899203436,0.03256273589920354,0.017441798459170377,0.054505881638612586,267.1793405642089,market_functioning,0.028699221663698652,-0.03597093581246742,0.03012547179840708,0.06127547179840708,0.06127547179840708,0.0,0.0,0.03115,0.0438999999999999,0.0438999999999999,0.0175,0.06127547179840708,0.0664941038488052,0.058962735899203436,0.03256273589920354,0.0,0.0,0.0,0.0,0.0,False,0.0,1897.4877247893162,0.0,0.0,0.0,True,1.0,8624.147823485997,8624.147823485997,0.06771668647900415,149.91649340805708,132.1121816858275,17.804311722229585,10.47712195614735,0.0,1756.4972896654588,0.14704046204719334,10307.605262392448,49565.61384832238,-0.03597093581246742,200.57867035239946,200.0,0.0,0.0,0.03012547179840708,14,True,9.655805511708457e-11,market_functioning
2038Q2,2038-06-30,2038,2,2038,48305.046731117036,27273.648805893998,-0.001850382072650647,0.04638598722831606,0.04638598722831606,499.1848551669387,1682.2172364345386,288.37228593106454,998.9269018190527,257.43183913151296,108.60090975500086,28.885299797907646,5.91068424521801,86.62596396028995,0.0,1774.7538846400464,2273.9387398069853,0.0,0.0,89428.01451804563,91701.95325785263,1.8983928070352174,0.0413360415896565,0.1469621917162365,0.18829823330589304,91119.189220858,582.7640369946275,19295.818618194495,46416.9788472217,15484.355634870484,61901.33448209218,7839.102531680852,2082.9335888904548,0.21176459956666854,19.47576612060938,24299.94406937145,32156.28185334771,0.2666830584990431,0.3529035116347024,20061.00586330355,20061.005863303555,0,0.0,0.0,0.0,0.0,0.0,0.0,0.0,0.0,0.0,0.0,0.0,none,2032.0718649623773,22093.077728265933,2187.3127758466953,2187.3127758466953,0.0,22248.31863915025,0.2154110468670722,0.5181811771623273,0.1728613500867164,0.0702933619006643,0.0232530639832198,0.07376716838585982,0.07938245724026087,0.056066389170555196,0.42882495289210887,12092.836268988642,1.4551915228366852e-11,0.055858815469978354,0.06243161160248366,0.056254407734989076,0.02985440773498918,0.017441798459170377,0.054505881638612586,269.37037352520224,market_functioning,0.026385987228316057,-0.040573643401848915,0.024708815469978353,0.055858815469978354,0.055858815469978354,0.0,0.0,0.03115,0.0438999999999999,0.0438999999999999,0.0175,0.055858815469978354,0.06243161160248366,0.056254407734989076,0.02985440773498918,0.0,0.0,0.0,0.0,0.0,False,0.0,1898.7118029946848,0.0,0.0,0.0,True,1.0,8624.147823485997,8624.147823485997,0.06515173079170614,145.99967857789682,120.43367046447995,25.56600811341687,25.56600811341687,0.0,1749.1878765266295,0.14484514516781052,12056.793138919078,50347.842123488015,-0.040573643401848915,229.81448164173645,200.0,0.0,0.0,0.024708815469978353,14,True,9.655805511708457e-11,market_functioning
2038Q3,2038-09-30,2038,3,2038,48912.34955848498,27322.808636956863,0.007229381679531022,0.04370001133500169,0.04370001133500169,518.7660180069106,1678.7893991455055,269.46039288397475,1010.4033291099664,262.822776137556,109.2685480059878,26.83435300802059,5.91068424521801,84.27349095992601,0.0,1768.9735743506494,2287.73959235756,0.0,0.0,91701.95325785263,93989.69285021018,1.9215943151090253,0.04242413400211879,0.14466478018893533,0.1870889141910541,93406.92881321555,582.7640369946275,19770.469557832665,47558.773505481215,15865.249760028393,63424.023265509604,8078.265062742169,2134.1709271311092,0.21165956111636408,19.317047533736112,24896.356279262025,33810.51300511735,0.2665365042570546,0.36197007475460125,20482.57422988022,20482.57422988022,0,0.0,0.0,0.0,0.0,0.0,0.0,0.0,0.0,0.0,0.0,0.0,none,2082.9335888904548,22565.507818770675,2203.4661013976342,2203.4661013976342,0.0,22686.040331277854,0.2154110468670722,0.5181811771623273,0.1728613500867164,0.0702933619006643,0.0232530639832198,0.07169085506259851,0.07716187110547369,0.050976326940178264,0.4522761221294613,13861.809843339292,0.0,0.05053184556847022,0.05843638417635256,0.05359092278423501,0.02719092278423511,0.01744179845916949,0.054505881638612586,271.57937428799494,market_functioning,0.02370001133500169,-0.042990282671080904,0.019381845568470217,0.05053184556847022,0.05053184556847022,0.0,0.0,0.03115,0.0438999999999999,0.0438999999999999,0.0175,0.05053184556847022,0.05843638417635256,0.05359092278423501,0.02719092278423511,0.0,0.0,0.0,0.0,0.0,False,0.0,1891.1310992490264,0.0,0.0,0.0,True,1.0,8624.147823485997,8624.147823485997,0.06204330227021972,140.46953932590952,108.94852649401325,31.52101283189627,31.52101283189627,0.0,1737.4525615187533,0.14208702523613298,13794.245700437832,51109.56416931978,-0.042990282671080904,247.18664371891566,200.0,0.0,0.0,0.01938184556847022,14,True,9.655805511708457e-11,market_functioning
2038Q4,2038-12-31,2038,4,2039,49587.69988288727,27424.57054954657,0.014981158732110256,0.04079159250419072,0.04079159250419072,534.4534548095542,1672.537910178453,249.7595786281355,1019.9797227621209,267.9258930501326,110.04043137503663,24.832284363027135,5.922339525957902,81.1503195818632,0.0,1759.610569286274,2294.0640240958282,0.0,0.0,93989.69285021018,96283.75687430601,1.9416862871579483,0.04311177619222417,0.14193927715477817,0.18505105334700234,95700.99283731138,582.7640369946275,20247.15561554851,48705.46373384491,16247.777010616075,64953.240744460985,8314.968526210367,2185.627951091517,0.21156682930100865,19.15160290538621,26253.6099264625,35395.44498650731,0.27432954610087273,0.3698545222689427,20972.69843102743,20972.69843102743,0,0.0,0.0,0.0,0.0,0.0,0.0,0.0,0.0,0.0,0.0,0.0,none,2134.1709271311092,23106.86935815854,2212.913704513965,2212.913704513965,0.0,23185.612135541396,0.2154110468670722,0.5181811771623273,0.1728613500867164,0.0702933619006643,0.0232530639832198,0.0696324886308653,0.07488525670960693,0.04616770388555431,0.4748333950798596,15621.420412625566,0.0,0.04554225966128832,0.05469419474596614,0.05109612983064406,0.024696129830644162,0.017441798459170377,0.054505881638613474,280.32405192709604,market_functioning,0.020791592504190718,-0.04356943000435931,0.01439225966128832,0.04554225966128832,0.04554225966128832,0.0,0.0,0.03115,0.0438999999999999,0.0438999999999999,0.0175,0.04554225966128832,0.05469419474596614,0.05109612983064406,0.024696129830644162,0.0,0.0,0.0,0.0,0.0,False,0.0,1889.9663019593684,0.0,0.0,0.0,True,1.0,8624.147823485997,8624.147823485997,0.0585641937734071,133.7676525588998,98.19079488363344,35.57685767526637,35.57685767526637,0.0,1724.033711611008,0.13906946405521603,15518.27941204884,51846.62790850912,-0.04356943000435931,254.12940288245815,0.0,0.0,0.0,0.014392259661288317,14,True,9.655805511708457e-11,market_functioning
2039Q1,2039-03-31,2039,1,2039,50309.573849493514,27566.93460538948,0.0209266998553308,0.03779634369384205,0.03779634369384205,535.083507909728,1664.5237251009912,230.5253046114555,1027.615921086164,272.81230856507943,110.61118757693887,22.959003261353732,5.922339525957902,77.47917849660092,0.0,1747.92524312355,2283.008751033278,0.0,0.0,96283.75687430601,98566.76562533929,1.9592049402010907,0.04254327492500634,0.1389735678026338,0.18151684272764013,97984.00158834466,582.7640369946275,20722.25104966492,49848.32764400829,16629.027830180945,66477.35547418924,8547.481793131912,2236.9132713585964,0.21148606623277427,19.015218175460642,27644.363126954097,37131.22327962329,0.2821313957261614,0.3789518970211164,21534.774894946273,21534.774894946273,0,0.0,0.0,0.0,0.0,0.0,0.0,0.0,0.0,0.0,0.0,0.0,none,2185.627951091517,23720.40284603779,2205.529572536677,2205.529572536677,0.0,23740.30446748295,0.2154110468670722,0.5181811771623273,0.1728613500867164,0.0702933619006643,0.0232530639832198,0.06762304393156275,0.07261558127215105,0.04177153218508785,0.49711753446590706,17369.345655749115,0.0,0.04101813625212444,0.05130110218909323,0.04883406812606212,0.022434068126062225,0.017227156981449054,0.053808129052610454,282.6228795094774,market_functioning,0.01779634369384205,-0.04270100539560501,0.009868136252124446,0.04101813625212444,0.04101813625212444,0.0,0.0,0.03115,0.0438999999999999,0.0438999999999999,0.0175,0.04101813625212444,0.05130110218909323,0.04883406812606212,0.022434068126062225,0.0,0.0,0.0,0.0,0.0,False,0.0,1895.4020965561722,0.0,0.0,0.0,True,1.0,8624.147823485997,8624.147823485997,0.05487352814096285,126.26656606628526,88.43661762055277,37.8299484457325,37.8299484457325,0.0,1710.0952946778175,0.13596579448625432,17228.374706726656,52553.66832416241,-0.04270100539560501,252.4606284002507,0.0,0.0,0.0,0.009868136252124442,14,True,9.655805511708457e-11,market_functioning
2039Q2,2039-06-30,2039,2,2039,51222.20835866302,27827.825829094392,0.038396467308969395,0.03482625101970365,0.03482625101970365,511.0641552380025,1655.6161777974269,212.49702925147113,1033.3687456005055,277.5508769597464,110.52157761670999,21.67794836899411,5.922339525957902,73.46656743707373,0.0,1735.0050847604584,2246.069239998461,0.0,0.0,98566.76562533929,100812.83486533775,1.968146983422429,0.03990957606977663,0.13548850315954983,0.17539807922932646,100230.07082834312,582.7640369946275,21190.253665787568,50974.12945438217,17004.586861361913,67978.71631574408,8773.667906497694,2287.4329403137804,0.2114161298167553,18.887477637179057,29070.95997164278,38739.28677297226,0.2900422970011718,0.3865036356136899,22066.280443715328,22066.280443715328,0,0.0,0.0,0.0,0.0,0.0,0.0,0.0,0.0,0.0,0.0,0.0,none,2236.9132713585964,24303.193715073925,2172.6026725613874,2172.6026725613874,0.0,24238.883116276716,0.2154110468670722,0.5181811771623273,0.1728613500867164,0.0702933619006643,0.0232530639832198,0.06588157536316182,0.07040933417072287,0.03860176098902043,0.5187806556466019,19104.350740509573,0.0,0.03776403908288844,0.04886052931216622,0.047207019541444115,0.02080701954144422,0.017227156981449054,0.053808129052610454,284.9405588750618,market_functioning,0.01482625101970365,-0.03775886923180609,0.006614039082888438,0.03776403908288844,0.03776403908288844,0.0,0.0,0.03115,0.0438999999999999,0.0438999999999999,0.0175,0.03776403908288844,0.04886052931216622,0.047207019541444115,0.02080701954144422,0.0,0.0,0.0,0.0,0.0,False,0.0,1898.6603809451285,0.0,0.0,0.0,True,1.0,8624.147823485997,8624.147823485997,0.05129119626867945,118.3093545709706,81.42066386568311,36.88869070528749,36.88869070528749,0.0,1698.116394055171,0.1326078237130887,18926.491100781826,53232.195881889165,-0.03775886923180609,226.1235963629407,0.0,0.0,0.0,0.006614039082888438,14,True,9.655805511708457e-11,market_functioning
2039Q3,2039-09-30,2039,3,2039,52121.654547893915,28094.586799899345,0.038899388006523816,0.03196766567557328,0.03196766567557328,485.33959951643254,1650.2603716938381,200.05739190278044,1037.5536562379596,282.0126026124618,109.89871869587395,20.73800224476136,5.922339525957902,69.29318812033924,0.0,1725.4758993401351,2210.8154988565675,0.0,0.0,100812.83486533775,103023.65036419431,1.9765997694782926,0.03724667635563719,0.13241911940877607,0.16966579576441326,102440.88632719968,582.7640369946275,21651.56122863245,52083.82600627885,17374.773299236604,69458.59930551545,8993.49589742496,2337.2298956268223,0.2113566370313961,18.72878782907728,30589.020742299424,40516.32823494593,0.29860167984682456,0.3955093487334286,22497.40220220492,22497.40220220492,0,0.0,0.0,0.0,0.0,0.0,0.0,0.0,0.0,0.0,0.0,0.0,none,2287.4329403137804,24784.835142518703,2141.5223107362285,2141.5223107362285,0.0,24638.92451294115,0.2154110468670722,0.5181811771623273,0.1728613500867164,0.0702933619006643,0.0232530639832198,0.06434249556503524,0.06846254850962044,0.036198936895101584,0.5389656621233676,20829.826639849707,0.0,0.03526423643600518,0.04698567732700378,0.04595711821800249,0.019557118218002593,0.017227156981449054,0.053808129052610454,287.27724461992796,market_functioning,0.011967665675573277,-0.03267412944847598,0.00411423643600518,0.03526423643600518,0.03526423643600518,0.0,0.0,0.03115,0.0438999999999999,0.0438999999999999,0.0175,0.03526423643600518,0.04698567732700378,0.04595711821800249,0.019557118218002593,0.0,0.0,0.0,0.0,0.0,False,0.0,1893.9793396215375,0.0,0.0,0.0,True,1.0,8624.147823485997,8624.147823485997,0.04797673227446052,110.58571466613124,76.03099697661742,34.55471768951382,34.55471768951382,0.0,1690.9211816506213,0.12976726823565093,20617.412282432448,53882.20881364063,-0.03267412944847598,198.0623548965046,0.0,0.0,0.0,0.00411423643600518,14,True,9.655805511708457e-11,market_functioning
2039Q4,2039-12-31,2039,4,2040,52992.12883208384,28357.187830011142,0.03791560830346108,0.029462780208153447,0.029462780208153447,464.37095904147316,1647.5035450910257,190.88144359378438,1040.6181831126753,286.2965748475435,109.63287593909337,20.074467597928912,5.935451716790281,65.52378524836251,0.0,1718.9627820561786,2183.333741097652,0.0,0.0,103023.65036419431,105206.98410529197,1.9853322828124405,0.03505207050752201,0.12975231000838303,0.16480438051590504,104624.22006829733,582.7640369946275,22107.760888287452,53181.23526220694,17740.8607874318,70922.09604963874,9207.887664336662,2386.4754660344856,0.21130633876033478,18.764176360480203,31269.233469345236,41255.23127235954,0.2988718429531239,0.39431817265092783,23732.902030306934,23732.902030306934,0,0.0,0.0,0.0,0.0,0.0,0.0,0.0,0.0,0.0,0.0,0.0,none,2337.2298956268223,26070.131925933754,2117.809955849289,2117.809955849289,0.0,25850.711986156224,0.2154110468670722,0.5181811771623273,0.1728613500867164,0.0702933619006643,0.0232530639832198,0.06260227696768503,0.06674051156135703,0.03466372297346541,0.5655422138814034,22548.789421905887,0.0,0.033356000041741954,0.04555450003130636,0.045003000020870876,0.018603000020870977,0.017227156981449054,0.053808129052610454,293.9442834983906,market_functioning,0.009462780208153446,-0.027792813329502897,0.0022060000417419507,0.033356000041741954,0.033356000041741954,0.0,0.0,0.03115,0.0438999999999999,0.0438999999999999,0.0175,0.033356000041741954,0.04555450003130636,0.045003000020870876,0.018603000020870977,0.0,0.0,0.0,0.0,0.0,False,0.0,1956.297072093518,0.0,0.0,0.0,True,1.0,8624.147823485997,8624.147823485997,0.044956816376757004,103.43960780568976,71.91676879004693,31.52283901564283,31.52283901564283,0.0,1687.4399430405358,0.1273728744423555,22304.852225472983,54507.03261468903,-0.027792813329502897,170.42667554308255,0.0,0.0,0.0,0.0022060000417419533,14,True,9.655805511708457e-11,market_functioning
2040Q1,2040-03-31,2040,1,2040,53833.32597700992,28613.916254782096,0.03670828105029145,0.02731307683708182,0.02731307683708182,440.5956244280182,1637.3064187410318,184.35661827813436,1033.6765793166821,290.41138824076796,109.21988381464466,19.641949090801752,5.935451716790281,62.24002707650425,0.0,1705.4818975343264,2146.0775219623447,0.0,0.0,105206.98410529197,107353.06162725431,1.9941747918956476,0.03273775984907038,0.1267231304461976,0.159460890295268,106770.29759025968,582.7640369946275,22556.642504561667,54261.04062832188,18101.07575015909,72362.11637848098,9416.607634583354,2434.931072633698,0.21126327277952103,18.81254433456971,32062.65321920156,42089.367474717124,0.30029562474617033,0.39420483434670883,24310.752536458862,24310.752536458866,0,0.0,0.0,0.0,0.0,0.0,0.0,0.0,0.0,0.0,0.0,0.0,none,2386.4754660344856,26697.22800249335,2083.8374948858404,2083.8374948858404,0.0,26394.590031344705,0.2154110468670722,0.5181811771623273,0.1728613500867164,0.0702933619006643,0.0232530639832198,0.06096314597872952,0.0648429155930358,0.033259774886977705,0.5919635867879889,24254.271319440213,0.0,0.03192210520553144,0.04447907890414848,0.044286052602765615,0.01788605260276572,0.017609093307503265,0.053565008463151154,296.3548052568487,market_functioning,0.007313076837081819,-0.023262809772603615,0.0007721052055314355,0.03192210520553144,0.03192210520553144,0.0,0.0,0.03115,0.0438999999999999,0.0438999999999999,0.0175,0.03192210520553144,0.04447907890414848,0.044286052602765615,0.01788605260276572,0.0,0.0,0.0,0.0,0.0,False,0.0,1963.6502689090094,0.0,0.0,0.0,True,1.0,8624.147823485997,8624.147823485997,0.04229349251717587,96.92855752661714,68.82523853234375,28.103318994273394,28.103318994273394,0.0,1677.378578540053,0.12463495785167686,23982.230804013037,55115.46659186477,-0.023262809772603615,144.2408191711695,0.0,0.0,0.0,0.0007721052055314377,14,True,9.655805511708457e-11,market_functioning
2040Q2,2040-06-30,2040,2,2040,54638.65050018726,28859.726902675568,0.03480772302564472,0.02549924650057001,0.02549924650057001,418.87049571943214,1627.3041400521229,180.01387877854492,1024.9596766639543,294.36646701883956,108.56377351574697,19.40034407503591,5.935451716790281,59.463479804808884,0.0,1692.7030715737221,2111.573567293154,0.0,0.0,107353.06162725431,109464.63519454746,2.003428602142586,0.030664776079562698,0.12391983008935559,0.15458460616891828,108881.87115755283,582.7640369946275,22998.689686794012,55324.405449123275,18455.80627040889,73780.21171953216,9620.320831427982,2482.6489197986753,0.21122606952184672,18.888207628712713,32682.864260910876,42730.869786628486,0.3001680988161798,0.39245164812420075,24858.023994844127,24858.023994844123,0,0.0,0.0,0.0,0.0,0.0,0.0,0.0,0.0,0.0,0.0,0.0,none,2434.931072633698,27292.955067477822,2052.1100874883455,2052.1100874883455,0.0,26910.134082332468,0.2154110468670722,0.5181811771623273,0.1728613500867164,0.0702933619006643,0.0232530639832198,0.05943693749540505,0.06307050943553104,0.03228568693728939,0.6180803042254227,25946.974391013937,0.0,0.03087005052106363,0.04369003789079762,0.04376002526053171,0.017360025260531816,0.017609093307503265,0.053565008463151154,298.7850947586317,market_functioning,0.005499246500570008,-0.019161747828518382,-0.0002799494789363715,0.03087005052106363,0.03087005052106363,0.0,0.0,0.03115,0.0438999999999999,0.0438999999999999,0.0175,0.03087005052106363,0.04369003789079762,0.04376002526053171,0.017360025260531816,0.0,0.0,0.0,0.0,0.0,False,0.0,1968.9161405124032,0.0,0.0,0.0,True,1.0,8624.147823485997,8624.147823485997,0.04000868358988829,91.18633285990589,66.55696975303341,24.629363106872475,24.629363106872475,0.0,1668.0737084668497,0.12211675751114189,25650.30451247989,55706.0762865055,-0.019161747828518382,120.08540096080044,0.0,0.0,0.0,-0.0002799494789363713,14,True,9.655805511708457e-11,market_functioning
2040Q3,2040-09-30,2040,3,2040,55408.697562836154,29093.494941498368,0.03279639368466647,0.023993492984202395,0.023993492984202395,399.5196243156913,1618.0754504147253,177.49267813739905,1014.7613678244498,298.73408695199106,107.76949180735014,19.31782569353438,5.935451716790281,57.19420872034583,0.0,1681.2051108518615,2080.724735167553,0.0,0.0,109464.63519454746,111545.35992971502,2.013138096292864,0.02884165424481358,0.12136759640995302,0.1502092506547666,110962.59589272039,582.7640369946275,23434.580515863483,56372.9608793416,18805.596489152238,75178.55736849384,9819.755803760923,2529.7022046021507,0.21119351370006015,18.965368930718842,33377.01197407938,43343.48528079282,0.3007951616988897,0.39061347593830337,25361.86420459774,25361.86420459774,0,0.0,0.0,0.0,0.0,0.0,0.0,0.0,0.0,0.0,0.0,0.0,none,2482.6489197986753,27844.513124396413,2023.530526447207,2023.530526447207,0.0,27385.394731044948,0.2154110468670722,0.5181811771623273,0.1728613500867164,0.0702933619006643,0.0232530639832198,0.0580055056008981,0.0614337263487488,0.031560029550570766,0.6436486304337606,27628.179501865798,1.4551915228366852e-11,0.03012453885763422,0.04313090414322556,0.04338726942881701,0.01698726942881711,0.017609093307503265,0.053565008463151154,301.23531411124793,market_functioning,0.0039934929842023945,-0.015522424564197567,-0.0010254611423657816,0.03012453885763422,0.03012453885763422,0.0,0.0,0.03115,0.0438999999999999,0.0438999999999999,0.0175,0.03012453885763422,0.04313090414322556,0.04338726942881701,0.01698726942881711,0.0,0.0,0.0,0.0,0.0,False,0.0,1971.1549123372506,0.0,0.0,0.0,True,1.0,8624.147823485997,8624.147823485997,0.03807763993744923,86.26020037556874,64.94961905564638,21.310581319922363,21.310581319922363,0.0,1659.894529531939,0.1198291678052557,27310.199042011827,56282.33587576457,-0.015522424564197567,98.28431020444341,0.0,0.0,0.0,-0.0010254611423657807,14,True,9.655805511708457e-11,market_functioning
2040Q4,2040-12-31,2040,4,2041,56145.52878822626,29314.958277028938,0.030797936520009506,0.022763918254807246,0.022763918254807246,392.87163012659437,1609.3928559719106,176.48898284062182,1003.5302841094167,303.16404922061923,106.84263298343156,19.366906817819704,5.957305368177581,55.41321457150765,0.0,1670.763375911596,2063.6350060381906,0.0,0.0,111545.35992971502,113608.9949357532,2.023473594206794,0.02798952212978211,0.11903091212933457,0.1470204342591167,113026.23089875857,582.7640369946275,23867.173674304588,57413.58361124683,19152.740419298734,76566.32403054557,10016.333679496802,2576.399514411622,0.2111649082210237,19.003592249377864,33867.653601769205,43701.57297060005,0.29964419172842816,0.38664983007126047,25737.251001942182,25737.251001942182,0,0.0,0.0,0.0,0.0,0.0,0.0,0.0,0.0,0.0,0.0,0.0,none,2529.7022046021507,28266.953206544335,2008.2217914666828,2008.2217914666828,0.0,27745.472793408866,0.2154110468670722,0.5181811771623273,0.1728613500867164,0.0702933619006643,0.0232530639832198,0.05669881453935935,0.05991332591384699,0.03110080060884038,0.6676917076150234,29298.942877777394,-1.4551915228366852e-11,0.029623220049516553,0.04275491503713731,0.043136610024758174,0.016736610024758278,0.017609093307502377,0.053565008463151154,313.90226020595355,market_functioning,0.0027639182548072454,-0.01234795228162396,-0.001526779950483447,0.029623220049516553,0.029623220049516553,0.0,0.0,0.03115,0.0438999999999999,0.0438999999999999,0.0175,0.029623220049516553,0.04275491503713731,0.043136610024758174,0.016736610024758278,0.0,0.0,0.0,0.0,0.0,False,0.0,1963.8083606426835,0.0,0.0,0.0,True,1.0,8624.147823485997,8624.147823485997,0.0364889408932294,82.09679889750907,63.86875717867123,18.228041718837844,18.228041718837844,0.0,1652.5353341927585,0.11773228393134634,28962.734376204586,56847.47874307644,-0.01234795228162396,78.96936992064079,0.0,0.0,0.0,-0.0015267799504834478,14,True,9.655805511708457e-11,market_functioning
2041Q1,2041-03-31,2041,1,2041,56846.233193556,29521.385387375012,0.028465707988881706,0.021777294415859245,0.021777294415859245,378.60889179379944,1602.4883041986468,176.75563442848835,991.8331348757648,307.4946507554549,106.87958779489679,19.525296344040136,5.957305368177581,54.09239972431911,0.0,1662.5380092911437,2041.1469010849432,0.0,0.0,113608.9949357532,115650.14183683816,2.03443808568741,0.02664091325134401,0.11698491990703133,0.14362583315837535,115067.37779984353,582.7640369946275,24295.207164624608,58443.23785184758,19496.225343099813,77939.4631949474,10210.10282040161,2622.6046198699055,0.21113896596205953,19.097193780761007,34335.98030165547,43995.67589801766,0.2983989116479385,0.38234707993908496,26415.8303145375,26415.8303145375,0,0.0,0.0,0.0,0.0,0.0,0.0,0.0,0.0,0.0,0.0,0.0,none,2576.399514411622,28992.229828949123,1987.054501360624,1987.054501360624,0.0,28402.884815898124,0.2154110468670722,0.5181811771623273,0.1728613500867164,0.0702933619006643,0.0232530639832198,0.05538955272633947,0.05853543586865889,0.03074740791255762,0.692895042211923,30961.480887068537,1.4551915228366852e-11,0.02931408170172578,0.04252306127629423,0.04298204085086279,0.01658204085086289,0.017189212325988024,0.05495933695345423,316.47644950213635,market_functioning,0.001777294415859245,-0.009621996539707724,-0.0018359182982742206,0.02931408170172578,0.02931408170172578,0.0,0.0,0.03115,0.0438999999999999,0.0438999999999999,0.0175,0.02931408170172578,0.04252306127629423,0.04298204085086279,0.01658204085086289,0.0,0.0,0.0,0.0,0.0,False,0.0,1979.8315549431404,0.0,0.0,0.0,True,1.0,8624.147823485997,8624.147823485997,0.035170866527907824,78.67150504641337,63.20224347635727,15.469261570056105,15.469261570056105,0.0,1647.0687477210877,0.11589642128884606,30609.803123925674,57398.521569481934,-0.009621996539707724,62.13244229166311,0.0,0.0,0.0,-0.0018359182982742202,14,True,9.655805511708457e-11,market_functioning
2041Q2,2041-06-30,2041,2,2041,57519.981232771555,29716.47211588314,0.026696451047802272,0.02100087139064462,0.02100087139064462,366.7618326829447,1593.8257979733307,178.04792194603982,978.5849814351989,311.6230431154743,105.79953089731977,19.770320579296442,5.957305368177581,53.18820323290976,0.0,1652.9713065744181,2019.7331392573628,0.0,0.0,115650.14183683816,117669.87497609551,2.045721720594965,0.025505003640299177,0.1149493634140931,0.1404543670543923,117087.11093910088,582.7640369946275,24718.822668004774,59462.264421739346,19836.1649557472,79298.42937748655,10401.526078516403,2668.3328150931593,0.211114805632718,19.13615544247791,34780.8026286411,44253.78794160776,0.2970506518580958,0.37795610111709865,26772.769728956457,26772.769728956453,0,0.0,0.0,0.0,0.0,0.0,0.0,0.0,0.0,0.0,0.0,0.0,none,2622.6046198699055,29395.374348826357,1966.5449360244531,1966.5449360244531,0.0,28739.314664980906,0.2154110468670722,0.5181811771623273,0.1728613500867164,0.0702933619006643,0.0232530639832198,0.05416120539066652,0.05717144070282136,0.030656625847612442,0.7165477769062258,32614.452193642956,-1.4551915228366852e-11,0.029153718832810028,0.04240278912460742,0.04290185941640491,0.016501859416405015,0.017189212325988024,0.05495933695345423,319.07174871491617,market_functioning,0.0010008713906446212,-0.007315902244145318,-0.0019962811671899736,0.029153718832810028,0.029153718832810028,0.0,0.0,0.03115,0.0438999999999999,0.0438999999999999,0.0175,0.029153718832810028,0.04240278912460742,0.04290185941640491,0.016501859416405015,0.0,0.0,0.0,0.0,0.0,False,0.0,1971.9704580187556,0.0,0.0,0.0,True,1.0,8624.147823485997,8624.147823485997,0.03413865448283058,75.82968800419319,62.85649520462533,12.973192799567855,12.973192799567855,0.0,1639.9981137748503,0.11404719394035367,32249.801237700525,57943.89309026517,-0.007315902244145318,47.690083968028574,0.0,0.0,0.0,-0.0019962811671899727,14,True,9.655805511708457e-11,market_functioning
2041Q3,2041-09-30,2041,3,2041,58170.43121345024,29901.144277234573,0.025090564375647828,0.020403534170449263,0.020403534170449263,357.1773344639652,1585.8954076701937,180.16140148527555,964.2497256718993,315.69447152866053,105.70655236116131,20.083256623196142,5.957305368177581,52.65578198927859,0.0,1644.50849502765,2001.6858294916153,0.0,0.0,117669.87497609551,119671.56080558713,2.057257584467012,0.02456074861493399,0.1130820907270431,0.1376428393419771,119088.7967685925,582.7640369946275,25138.665270912632,60472.21510607885,20173.076921118027,80645.29202719688,10591.18573499003,2713.6537354929487,0.2110917731393395,19.20094692825297,35118.73949958339,44476.79262413444,0.294895409581007,0.3734758754054721,27340.70605155615,27340.706051556153,0,0.0,0.0,0.0,0.0,0.0,0.0,0.0,0.0,0.0,0.0,0.0,none,2668.3328150931593,30009.038866649313,1949.0300475023366,1949.0300475023366,0.0,29289.73609905849,0.2154110468670722,0.5181811771623273,0.1728613500867164,0.0702933619006643,0.0232530639832198,0.05294563461829776,0.05590244726143305,0.030561926994926967,0.7405343912105377,34258.9606886706,0.0,0.029106074489055035,0.042367055866791174,0.04287803724452741,0.01647803724452752,0.017189212325988024,0.05495933695345512,321.688330958438,market_functioning,0.0004035341704492629,-0.0053937422207477,-0.0020439255109449645,0.029106074489055035,0.029106074489055035,0.0,0.0,0.03115,0.0438999999999999,0.0438999999999999,0.0175,0.029106074489055035,0.042367055866791174,0.04287803724452741,0.01647803724452752,0.0,0.0,0.0,0.0,0.0,False,0.0,1979.9535891295845,0.0,0.0,0.0,True,1.0,8624.147823485997,8624.147823485997,0.03331750037323524,73.60420068871095,62.75377223875132,10.85042844995963,10.85042844995963,0.0,1633.6580665776903,0.11233597774671156,33883.459304278214,58485.889022388285,-0.0053937422207477,35.489003505527265,0.0,0.0,0.0,-0.0020439255109449654,14,True,9.655805511708457e-11,market_functioning
2041Q4,2041-12-31,2041,4,2042,58801.247671880956,30076.45547056517,0.02365916274616575,0.01995650935239156,0.01995650935239156,369.9687607515738,1576.846700396709,182.921965982651,949.1571302326618,319.86548858925795,104.45375887371387,20.44835671842459,5.987900480119798,52.44987151776084,0.0,1635.2844723945896,2005.2532331461634,0.0,0.0,119671.56080558713,121676.8140387333,2.069289664017108,0.025167408883297875,0.11124148123656842,0.13640889011986632,121094.05000173867,582.7640369946275,25559.320687366544,61484.121050774,20510.641146662994,81994.762197437,10780.90471992757,2759.062397007541,0.21106999631277973,19.1778405464696,35406.74573701905,44925.401517273356,0.29239046622448156,0.37099594502478295,27498.11125042004,27498.111250420043,0,0.0,0.0,0.0,0.0,0.0,0.0,0.0,0.0,0.0,0.0,0.0,none,2713.6537354929487,30211.764985912992,1952.8033616284026,1952.8033616284026,0.0,29450.914612048444,0.2154110468670722,0.5181811771623273,0.1728613500867164,0.0702933619006643,0.0232530639832198,0.05189922836690122,0.05465908395901001,0.030540938175280065,0.7615150572122396,35894.24516106519,0.0,0.029141438387621024,0.04239357879071566,0.04289571919381041,0.016495719193810512,0.017189212325988024,0.05495933695345423,344.6291974501222,market_functioning,-4.349064760843929e-05,-0.0038159234848006663,-0.002008561612378978,0.029141438387621024,0.029141438387621024,0.0,0.0,0.03115,0.0438999999999999,0.0438999999999999,0.0175,0.029141438387621024,0.04239357879071566,0.04289571919381041,0.016495719193810512,0.0,0.0,0.0,0.0,0.0,False,0.0,1958.3767847130462,0.0,0.0,0.0,True,1.0,8624.147823485997,8624.147823485997,0.03268699692395771,71.83376208195764,62.83001811096329,9.003743970994357,9.003743970994357,0.0,1626.280728423595,0.11062899464300248,35509.74003270181,59026.488234560544,-0.0038159234848006663,25.339563301451605,0.0,0.0,0.0,-0.0020085616123789764,14,True,9.655805511708457e-11,market_functioning
2042Q1,2042-03-31,2042,1,2042,59414.49055888412,30242.761075120325,0.022301837907785727,0.019633754632098866,0.019633754632098866,364.4880968089721,1571.7424368779962,186.2088422600849,936.4092127473472,324.0116837152543,104.25722428899135,20.85547386631861,5.987900480119798,52.5321995936001,0.0,1630.2625369517161,1994.7506337606883,0.0,0.0,121676.8140387333,123671.56467249397,2.081505092599025,0.024538666805380593,0.10975521436717572,0.1342938811725563,123088.80063549934,582.7640369946275,25977.695993515,62490.542085297086,20846.375647356424,83336.91773265351,10969.961982804223,2804.2249265266173,0.21104841268575106,19.202709716152356,35650.74859597549,45278.2757918467,0.28963438112901446,0.3678504913369694,28149.90808112645,28149.90808112645,0,0.0,0.0,0.0,0.0,0.0,0.0,0.0,0.0,0.0,0.0,0.0,none,2759.062397007541,30908.97047813399,1942.2184341670882,1942.2184341670882,0.0,30092.126515293538,0.2154110468670722,0.5181811771623273,0.1728613500867164,0.0702933619006643,0.0232530639832198,0.05082741586902855,0.053593202610737516,0.030571376583473094,0.7835982047139457,37524.50769801691,-1.4551915228366852e-11,0.02923559581535859,0.04246419686151884,0.042942797907679194,0.016542797907679294,0.017088232020256333,0.05252445248941795,347.45536630486725,market_functioning,-0.0003662453679011343,-0.002541757410104292,-0.0019144041846414128,0.02923559581535859,0.02923559581535859,0.0,0.0,0.03115,0.0438999999999999,0.0438999999999999,0.0175,0.02923559581535859,0.04246419686151884,0.042942797907679194,0.016542797907679294,0.0,0.0,0.0,0.0,0.0,False,0.0,1972.3075312764233,0.0,0.0,0.0,True,1.0,8624.147823485997,8624.147823485997,0.03220316315669597,70.47437334451084,63.033025004835274,7.441348339675564,7.441348339675564,0.0,1622.8211886120405,0.1092542356820315,37132.56122131385,59565.8926078095,-0.002541757410104292,17.032730504104833,0.0,0.0,0.0,-0.0019144041846414113,14,True,9.655805511708457e-11,market_functioning
2042Q2,2042-06-30,2042,2,2042,60014.91983013437,30401.90813982654,0.021216012811456464,0.019412124130368847,0.019412124130368847,360.65917939509194,1564.6587755037592,189.8683550701662,922.5512864128631,327.9695250200266,102.97917998651518,21.29042901418829,5.987900480119798,52.85435132397719,0.0,1623.5010273078562,1984.1602067029482,0.0,0.0,123671.56467249397,125655.72487919693,2.0937414435418997,0.024037967919703838,0.10820649477849824,0.1322444626982021,125072.9608422023,582.7640369946275,26393.720609642693,63491.30842689786,21180.223784947615,84671.53221184548,11158.574315561218,2849.1337051529113,0.21102659145442476,19.173161538537098,35879.89567220571,45713.03425668513,0.2868717221580243,0.36549094183801056,28475.594803320557,28475.59480332056,0,0.0,0.0,0.0,0.0,0.0,0.0,0.0,0.0,0.0,0.0,0.0,none,2804.2249265266173,31279.81972984718,1931.305855378971,1931.305855378971,0.0,30406.90065869953,0.2154110468670722,0.5181811771623273,0.1728613500867164,0.0702933619006643,0.0232530639832198,0.04980978717012203,0.05251008286689664,0.030746839893943816,0.804169467109377,39148.00872532477,1.4551915228366852e-11,0.029369074624208756,0.04256430596815646,0.04300953731210427,0.01660953731210438,0.017088232020256333,0.05252445248941706,350.3047114617209,market_functioning,-0.0005878758696311534,-0.0015312655249886896,-0.0017809253757912439,0.029369074624208756,0.029369074624208756,0.0,0.0,0.03115,0.0438999999999999,0.0438999999999999,0.0175,0.029369074624208756,0.04256430596815646,0.04300953731210427,0.01660953731210438,0.0,0.0,0.0,0.0,0.0,False,0.0,1963.4758567469921,0.0,0.0,0.0,True,1.0,8624.147823485997,8624.147823485997,0.0318715993170496,69.43120986179599,63.32081024954194,6.110399612254049,6.110399612254049,0.0,1617.3906276956022,0.10779923607485928,38749.951849009456,60106.95954509768,-0.0015312655249886896,10.354467933371017,0.0,0.0,0.0,-0.0017809253757912445,14,True,9.655805511708457e-11,market_functioning
2042Q3,2042-09-30,2042,3,2042,60605.57712078468,30554.961882620846,0.020289965280329447,0.01927137620315521,0.01927137620315521,358.2703522598438,1558.0645384526108,193.7897875487782,908.1865148802337,331.82898813277086,102.51575165353998,21.743496237288454,5.987900480119798,53.37606845853688,0.0,1617.4285073912674,1975.6988596511112,0.0,0.0,125655.72487919693,127631.42373884804,2.1059352918046357,0.023646031885535827,0.10675113309574082,0.13039716498127665,127048.65970185341,582.7640369946275,26807.810174509916,64487.419913723985,21512.519097935627,85999.93901165962,11347.076915670952,2893.8336000129143,0.21100427377526154,19.143281499392863,36179.15295321834,46281.90844490078,0.28476611274861446,0.3642849011828309,28934.143882436132,28934.143882436132,0,0.0,0.0,0.0,0.0,0.0,0.0,0.0,0.0,0.0,0.0,0.0,none,2849.1337051529113,31783.277587589044,1922.3227911925744,1922.3227911925744,0.0,30856.466673628707,0.2154110468670722,0.5181811771623273,0.1728613500867164,0.0702933619006643,0.0232530639832198,0.048812580165099796,0.05148761853695828,0.03083187946620511,0.824399646301956,40765.43723271604,0.0,0.029526466621013138,0.04268234996575975,0.043088233310506464,0.01668823331050657,0.017088232020256333,0.05252445248941906,353.1774229804449,market_functioning,-0.0007286237968447892,-0.0007464113738305991,-0.0016235333789868635,0.029526466621013138,0.029526466621013138,0.0,0.0,0.03115,0.0438999999999999,0.0438999999999999,0.0175,0.029526466621013138,0.04268234996575975,0.043088233310506464,0.01668823331050657,0.0,0.0,0.0,0.0,0.0,False,0.0,1964.0689998125342,0.0,0.0,0.0,True,1.0,8624.147823485997,8624.147823485997,0.031634812846162326,68.71634597028778,63.6601532112106,5.056192759077177,5.056192759077177,0.0,1612.3723146321902,0.1064174217114568,40362.32416364165,60650.84760326822,-0.0007464113738305991,5.092929279398895,0.0,0.0,0.0,-0.0016235333789868626,14,True,9.655805511708457e-11,market_functioning
2042Q4,2042-12-31,2042,4,2043,61189.20080363717,30702.922307836532,0.01951089092663616,0.019194072747592786,0.019194072747592786,369.15401769141306,1550.995250557829,197.8849780750309,894.1682382541217,335.60945102017286,101.1254391358858,22.207144072617623,6.009754131507097,54.06157304333536,0.0,1611.0665777326715,1980.2205954240844,0.0,0.0,127631.42373884804,129611.64433427212,2.1182110998672794,0.02413197184098342,0.10531705311221568,0.1294490249531991,129028.88029727749,582.7640369946275,27222.72610595341,65485.519263343085,21845.477547026076,87330.99681036916,11536.534681952733,2938.62269900219,0.21098165033466396,19.026917844353225,36754.819525382,46912.944238857905,0.2848573082297571,0.3635848356644832,29033.59348205299,29033.59348205299,0,0.0,0.0,0.0,0.0,0.0,0.0,0.0,0.0,0.0,0.0,0.0,none,2893.8336000129143,31927.427082065904,1926.1590223807493,1926.1590223807493,0.0,30959.75250443374,0.2154110468670722,0.5181811771623273,0.1728613500867164,0.0702933619006643,0.0232530639832198,0.047976543650979975,0.05049122012551209,0.030922195428264767,0.8415706197874285,42376.50381044871,0.0,0.029695813432421992,0.04280936007431639,0.04317290671621089,0.016772906716210997,0.017088232020256333,0.05252445248941795,368.108227336267,market_functioning,-0.0008059272524072146,-0.0001518977551166682,-0.0014541865675780099,0.029695813432421992,0.029695813432421992,0.0,0.0,0.03115,0.0438999999999999,0.0438999999999999,0.0175,0.029695813432421992,0.04280936007431639,0.04317290671621089,0.016772906716210997,0.0,0.0,0.0,0.0,0.0,False,0.0,1940.5733155192524,0.0,0.0,0.0,True,1.0,8624.147823485997,8624.147823485997,0.03147446235430501,68.20582558840442,64.02527119496709,4.180554393437333,4.180554393437333,0.0,1606.886023339234,0.10504376603942953,41969.21018698088,61198.496717905145,-0.0001518977551166682,1.045790355146015,0.0,0.0,0.0,-0.0014541865675780086,14,True,9.655805511708457e-11,market_functioning
2043Q1,2043-03-31,2043,1,2043,61767.17341918718,30846.18734242265,0.018795723022640987,0.019165406610211093,0.019165406610211093,369.1515017672617,1548.1933020108875,202.10024889107902,883.3163974624752,339.38937357905274,100.70989180342721,22.677390274853774,6.009754131507097,54.88271098069116,0.0,1609.0857671230858,1978.2372688903474,0.0,0.0,129611.64433427212,131589.88160316247,2.1304177335446237,0.023905999341235166,0.10420329622033467,0.12810929556156983,131007.11756616784,582.7640369946275,27637.037924769284,66482.16539226123,22177.95121260178,88660.11660486301,11726.616450935857,2983.34658559968,0.21095829324548437,18.9557394967867,37278.16093234935,47558.94092268808,0.284550653620184,0.363025626441002,29640.54799769601,29640.54799769601,0,0.0,0.0,0.0,0.0,0.0,0.0,0.0,0.0,0.0,0.0,0.0,none,2938.62269900219,32579.1706966982,1923.3545579096563,1923.3545579096563,0.0,31563.902555605666,0.2154110468670722,0.5181811771623273,0.1728613500867164,0.0702933619006643,0.0232530639832198,0.04712165916706763,0.04965867921475351,0.03102505590582886,0.8596341440765508,43985.589577571795,0.0,0.02986805295903266,0.042938539719274395,0.043259026479516224,0.016859026479516332,0.01701953976476145,0.05516540834182937,371.12693850459084,market_functioning,-0.0008345933897889075,0.0002843651406533811,-0.0012819470409673403,0.02986805295903266,0.02986805295903266,0.0,0.0,0.03115,0.0438999999999999,0.0438999999999999,0.0175,0.02986805295903266,0.042938539719274395,0.043259026479516224,0.016859026479516332,0.0,0.0,0.0,0.0,0.0,False,0.0,1951.225797881965,0.0,0.0,0.0,True,1.0,8624.147823485997,8624.147823485997,0.031372783501628906,67.86010400206787,64.39662597960151,3.4634780224663615,3.4634780224663615,0.0,1605.6222891006196,0.10397900374711683,43574.8324760815,61749.61398152203,0.0002843651406533811,-1.975436737329094,0.0,0.0,0.0,-0.0012819470409673392,14,True,9.655805511708457e-11,market_functioning
2043Q2,2043-06-30,2043,2,2043,62342.63524597651,30986.101886267516,0.018267331016890376,0.01917298461269987,0.01917298461269987,370.02757574478903,1543.9138836662075,206.36612809195077,872.0124557443235,343.15062500078324,99.23649738495823,23.148177444191674,6.009754131507097,55.808888179872426,0.0,1605.732525977587,1975.760101722376,0.0,0.0,131589.88160316247,133565.64170488485,2.1424445915366555,0.023741542158737666,0.10302628495841253,0.12676782711715018,132982.87766789022,582.7640369946275,28050.61662561218,67477.04797218893,22509.836571475367,89986.88454366429,11917.385164600893,3027.9913340128446,0.2109340474317712,18.838661008911814,37897.552514876224,48224.09171638542,0.284980692097227,0.3626338410033483,29947.12942047572,29947.12942047572,0,0.0,0.0,0.0,0.0,0.0,0.0,0.0,0.0,0.0,0.0,0.0,none,2983.34658559968,32930.476006075405,1919.9512135425039,1919.9512135425039,0.0,31867.080634018224,0.2154110468670722,0.5181811771623273,0.1728613500867164,0.0702933619006643,0.0232530639832198,0.04631362980361628,0.048810212652064484,0.03123998429031445,0.8763337169527635,45591.322103549384,0.0,0.030036524627645535,0.04306489347073405,0.04334326231382266,0.016943262313822767,0.01701953976476145,0.05516540834182937,374.170404939005,market_functioning,-0.0008270153873001299,0.000591038754417207,-0.001113475372354466,0.030036524627645535,0.030036524627645535,0.0,0.0,0.03115,0.0438999999999999,0.0438999999999999,0.0175,0.030036524627645535,0.04306489347073405,0.04334326231382266,0.016943262313822767,0.0,0.0,0.0,0.0,0.0,False,0.0,1942.1182301096358,0.0,0.0,0.0,True,1.0,8624.147823485997,8624.147823485997,0.031342877733022335,67.64088063806759,64.7598571231482,2.8810235149193915,2.8810235149193915,0.0,1602.8515024626677,0.10284143402912138,45177.68397854417,62305.810097583475,0.000591038754417207,-4.142829194215962,0.0,0.0,0.0,-0.001113475372354466,14,True,9.655805511708457e-11,market_functioning
2043Q3,2043-09-30,2043,3,2043,62917.40813617535,31123.40160179531,0.017842189931884134,0.019206586828885076,0.019206586828885076,371.62801233719824,1540.3194991578962,210.6357592739609,860.453615237397,346.88950954799213,98.7249080552744,23.615707043271737,6.009754131507097,56.8154832892988,0.0,1603.1447365787021,1974.7727489159004,0.0,0.0,133565.64170488485,135540.41445380074,2.154259345210847,0.023626403143172384,0.10192058344863376,0.12554698659180616,134957.6504168061,582.7640369946275,28463.765808047112,68470.89732583835,22841.37725382021,91312.27457965855,12109.020312072891,3072.589717027541,0.21090887193233585,18.74477696087459,38580.71858818173,48852.596040755096,0.2858727791201774,0.3619846365869418,30476.863681218125,30476.863681218125,0,0.0,0.0,0.0,0.0,0.0,0.0,0.0,0.0,0.0,0.0,0.0,none,3027.9913340128446,33504.85501523097,1917.9572656266016,1917.9572656266016,0.0,32394.820946844728,0.2154110468670722,0.5181811771623273,0.1728613500867164,0.0702933619006643,0.0232530639832198,0.045486159801582944,0.04801069245400319,0.03135152834747351,0.8933712087841083,47194.46684012809,0.0,0.030196531876430475,0.04318489890732275,0.04342326593821513,0.017023265938215237,0.017019539764762337,0.05516540834182937,377.2388296477356,market_functioning,-0.0007934131711149241,0.0007933177637756005,-0.0009534681235695259,0.030196531876430475,0.030196531876430475,0.0,0.0,0.03115,0.0438999999999999,0.0438999999999999,0.0175,0.030196531876430475,0.04318489890732275,0.04342326593821513,0.017023265938215237,0.0,0.0,0.0,0.0,0.0,False,0.0,1947.5515228021927,0.0,0.0,0.0,True,1.0,8624.147823485997,8624.147823485997,0.031344831261381594,67.57640269575808,65.10483866473585,2.4715640310222255,2.4715640310222255,0.0,1600.6731725476798,0.10176345275274286,46778.35715109185,62867.53420452612,0.0007933177637756005,-5.610817310537334,0.0,0.0,0.0,-0.0009534681235695251,14,True,9.655805511708457e-11,market_functioning
2043Q4,2043-12-31,2043,4,2044,63493.03899317342,31258.729621540235,0.017506211533599103,0.01925791741757241,0.01925791741757241,392.98078306981796,1535.2524957871517,214.87675288648663,848.6424204313212,350.50768883443004,97.14808337132803,24.077550263585195,6.019952502154488,57.88227985947445,0.0,1599.1547281487806,1992.1355112185986,0.0,0.0,135540.41445380074,137532.54996501934,2.166104381612706,0.024757408957039848,0.10074520000976592,0.12550260896680576,136949.7859280247,582.7640369946275,28880.425321520197,69473.19094219407,23175.73487880254,92648.9258209966,12302.867754331826,3117.567031176085,0.2108833184792168,18.626890838425098,39052.943441476455,49667.63129709999,0.28516250081618316,0.36267038287451797,30849.42586548487,30849.425865484867,0,0.0,0.0,0.0,0.0,0.0,0.0,0.0,0.0,0.0,0.0,0.0,none,3072.589717027541,33922.01558251241,1934.2532313591241,1934.2532313591241,0.0,32783.67909684399,0.2154110468670722,0.5181811771623273,0.1728613500867164,0.0702933619006643,0.0232530639832198,0.045077234688116086,0.04719344365569595,0.03152913733637468,0.8963687706552061,48793.62156827687,0.0,0.030344959764921818,0.043296219823691265,0.043497479882460804,0.017097479882460912,0.01701953976476145,0.05516540834182848,399.49652748727436,market_functioning,-0.0007420825824275903,0.0009130230541090969,-0.0008050402350781815,0.030344959764921818,0.030344959764921818,0.0,0.0,0.03115,0.0438999999999999,0.0438999999999999,0.0175,0.030344959764921818,0.043296219823691265,0.043497479882460804,0.017097479882460912,0.0,0.0,0.0,0.0,0.0,False,0.0,1942.6829120670486,0.0,0.0,0.0,True,1.0,8624.147823485997,8624.147823485997,0.03138634820540987,67.58061457509497,65.42485467760517,2.1557598974898013,2.1557598974898013,0.0,1596.9989682512908,0.10060938922284034,48375.35611934314,63435.12126501824,0.0009130230541090969,-6.515744417456386,0.0,0.0,0.0,-0.0008050402350781825,14,True,9.655805511708457e-11,market_functioning
2044Q1,2044-03-31,2044,1,2044,64068.11613194576,31391.313573386175,0.017074253981171905,0.0193203581350475,0.0193203581350475,395.79672068295287,1543.8954970504285,219.0938360938399,849.5193035133651,354.17905825867734,96.56808963085967,24.53520955368628,6.019952502154488,58.998206940009254,0.0,1608.913656492592,2004.7103771755449,0.0,0.0,137532.54996501934,139537.26034219487,2.1779516671728474,0.024710994771116736,0.10045019292773322,0.12516118769884996,138954.49630520024,582.7640369946275,29299.553217012635,70481.42236498579,23512.07331142961,93993.49567641539,12498.636611008724,3162.8108007635014,0.21085717984007493,18.541803521884987,39595.10458211429,50498.682488546314,0.28495015012070884,0.3634188445232517,31409.018144874437,31409.018144874433,0,0.0,0.0,0.0,0.0,0.0,0.0,0.0,0.0,0.0,0.0,0.0,none,3117.567031176085,34526.58517605052,1945.7121702355357,1945.7121702355357,0.0,33354.73031510997,0.2154110468670722,0.5181811771623273,0.1728613500867164,0.0702933619006643,0.0232530639832198,0.04453239446294814,0.04679368358695627,0.031582926485179005,0.9003155186854724,50402.53522476946,0.0,0.03047994485229145,0.043397458639218484,0.04356497242614562,0.017164972426145727,0.016847634395924738,0.05292516736733344,402.7726417919155,market_functioning,-0.0006796418649525002,0.0009687854741796589,-0.0006700551477085511,0.03047994485229145,0.03047994485229145,0.0,0.0,0.03115,0.0438999999999999,0.0438999999999999,0.0175,0.03047994485229145,0.043397458639218484,0.04356497242614562,0.017164972426145727,0.0,0.0,0.0,0.0,0.0,False,0.0,1949.3864730868288,0.0,0.0,0.0,True,1.0,8624.147823485997,8624.147823485997,0.031430782397324004,67.6701266407148,65.71588751446563,1.9542391262491634,1.9542391262491634,0.0,1606.9594173663427,0.10032818283945624,49982.31553670948,64006.10794431053,0.0009687854741796589,-6.975921108962622,0.0,0.0,0.0,-0.0006700551477085495,14,True,9.655805511708457e-11,market_functioning
2044Q2,2044-06-30,2044,2,2044,64646.36907337967,31522.939986262456,0.016878122686944108,0.019388732355593095,0.019388732355593095,398.98227832154356,1547.5441119467646,223.26219156283094,846.4861085504126,357.88809297068417,94.92104401566799,24.986674847168093,6.019952502154488,60.147609855032414,0.0,1613.7116743039514,2012.693952625495,0.0,0.0,139537.26034219487,141549.95429482037,2.1896040926002813,0.024687064968407516,0.09984855746328075,0.12453562243168828,140967.19025782574,582.7640369946275,29720.153268765294,71493.19512734658,23849.59310834779,95342.78823569437,12696.035267563935,3208.213485802145,0.21083028763223427,18.433865068112986,40061.698336438145,51230.974394285135,0.284191649582901,0.3634248104157064,31814.584781278572,31814.584781278572,0,0.0,0.0,0.0,0.0,0.0,0.0,0.0,0.0,0.0,0.0,0.0,none,3162.8108007635014,34977.395582042074,1952.5463427704626,1952.5463427704626,0.0,33767.13112404903,0.2154110468670722,0.5181811771623273,0.1728613500867164,0.0702933619006643,0.0232530639832198,0.0439731877688247,0.046258946760071334,0.03178547367013623,0.9032126619364701,52016.24689907341,0.0,0.030600593802368865,0.043487945351776545,0.04362529690118433,0.017225296901184434,0.01684763439592385,0.05292516736733344,406.07562222479197,market_functioning,-0.000611267644406905,0.0009762884381132727,-0.0005494061976311362,0.030600593802368865,0.030600593802368865,0.0,0.0,0.03115,0.0438999999999999,0.0438999999999999,0.0175,0.030600593802368865,0.043487945351776545,0.04362529690118433,0.017225296901184434,0.0,0.0,0.0,0.0,0.0,False,0.0,1946.3655450232866,0.0,0.0,0.0,True,1.0,8624.147823485997,8624.147823485997,0.031510831914870786,67.76592840058595,65.97601110951963,1.7899172910663168,1.7899172910663168,0.0,1611.9217570128853,0.09973780616716175,51594.23729372236,64583.317127573,0.0009762884381132727,-7.093343903248397,0.0,0.0,0.0,-0.000549406197631136,14,True,9.655805511708457e-11,market_functioning
2044Q3,2044-09-30,2044,3,2044,65228.66958144814,31654.003670868504,0.01673490386575982,0.01945908483693201,0.01945908483693201,402.451651769477,1550.2324317500374,227.36358448040798,841.5172933708612,361.649959345475,94.27109149431485,25.43050305897798,6.019952502154488,61.317658764288666,0.0,1617.5700430164804,2020.0216947859574,0.0,0.0,141549.95429482037,143569.97598960635,2.201025667254134,0.02467943340570229,0.0991938086976735,0.12387324210337579,142987.21195261172,582.7640369946275,30142.07975566748,72508.1586904449,24188.177332434796,96696.3360228797,12895.036817988594,3253.7593560759474,0.21080262594152166,18.36132824963059,40428.79793285147,51785.01710857207,0.2827441515976284,0.3621653741016677,32417.288845694788,32417.288845694788,0,0.0,0.0,0.0,0.0,0.0,0.0,0.0,0.0,0.0,0.0,0.0,none,3208.213485802145,35625.50233149693,1958.7040360216688,1958.7040360216688,0.0,34375.992881716455,0.2154110468670722,0.5181811771623273,0.1728613500867164,0.0702933619006643,0.0232530639832198,0.043392536770048326,0.04571022438191408,0.0318631385681824,0.906698728239122,53633.81694208989,2.9103830456733704e-11,0.03070674666323788,0.043567559997428305,0.043678373331618836,0.017278373331618944,0.016847634395925626,0.05292516736733344,409.40568910448235,market_functioning,-0.0005409151630679891,0.0009485445374177643,-0.00044325333676211885,0.03070674666323788,0.03070674666323788,0.0,0.0,0.03115,0.0438999999999999,0.0438999999999999,0.0175,0.03070674666323788,0.043567559997428305,0.043678373331618836,0.017278373331618944,0.0,0.0,0.0,0.0,0.0,False,0.0,1955.2202411959058,0.0,0.0,0.0,True,1.0,8624.147823485997,8624.147823485997,0.031590704977550316,67.9385181187165,66.20488060052472,1.7336375181917845,1.7336375181917845,0.0,1615.8364054982887,0.09908749731469936,53210.07369922065,65166.85591624807,0.0009485445374177643,-6.954037335005358,0.0,0.0,0.0,-0.0004432533367621193,14,True,9.655805511708457e-11,market_functioning
2044Q4,2044-12-31,2044,4,2045,65815.71660942791,31784.830623600283,0.01663489507426741,0.019528480446480166,0.019528480446480166,423.9399823942748,1551.6651373563705,231.39130174009813,836.4967981031389,365.4839084422806,92.42673421140142,25.86639485945184,6.028693962709422,62.4992693139665,0.0,1620.1931006330465,2044.1330830273214,0.0,0.0,143569.97598960635,145614.10907263367,2.2124519275047274,0.025765273356215142,0.09846846219104806,0.1242337355472632,145031.34503563904,582.7640369946275,30568.945569986663,73535.00403273954,24530.72522885077,98065.72926159031,13096.831790124501,3299.8384139375357,0.2107747505373742,18.224262019510917,41201.249375356136,53350.40048081883,0.2840851359768581,0.367854276382177,32582.320519882054,32582.320519882058,0,0.0,0.0,0.0,0.0,0.0,0.0,0.0,0.0,0.0,0.0,0.0,none,3253.7593560759474,35836.07987595801,1981.6338137133548,1981.6338137133548,0.0,34563.954333595415,0.2154110468670722,0.5181811771623273,0.1728613500867164,0.0702933619006643,0.0232530639832198,0.04296302817995208,0.04514016498130052,0.03192527569348952,0.9094711073599989,55254.01004272294,0.0,0.03079878046131458,0.043636585345985836,0.04372439023065719,0.01732439023065729,0.01684763439592385,0.05292516736733255,430.56965113041537,market_functioning,-0.00047151955351983424,0.0008961871793420605,-0.00035121953868542,0.03079878046131458,0.03079878046131458,0.0,0.0,0.03115,0.0438999999999999,0.0438999999999999,0.0175,0.03079878046131458,0.043636585345985836,0.04372439023065719,0.01732439023065729,0.0,0.0,0.0,0.0,0.0,False,0.0,1937.4759885638114,0.0,0.0,0.0,True,1.0,8624.147823485997,8624.147823485997,0.03166586866234286,68.1107273936322,66.4033088703673,1.7074185232649057,1.7074185232649057,0.0,1618.4856821097815,0.09836469253776615,54828.55938133043,65756.78622066218,0.0008961871793420605,-6.629668736140587,0.0,0.0,0.0,-0.000351219538685419,14,True,9.655805511708457e-11,market_functioning
2045Q1,2045-03-31,2045,1,2045,66398.02843552783,31910.864194682188,0.015955432423783833,0.019594823509795627,0.019594823509795627,427.92249133793905,1558.2553647388359,235.37156088597354,835.4889536523559,369.34843413460663,91.74880868200474,26.297607383895148,6.028693962709422,63.69141067355052,0.0,1627.9754693750958,2055.897960713035,0.0,0.0,145614.10907263367,147670.0070333467,2.2240119249434276,0.025779228776556206,0.0980737234362826,0.1238529522128388,147087.24299635206,582.7640369946275,30998.088868506107,74567.32796798952,24875.1007427422,99442.42871073172,13300.562096800853,3346.1633203133924,0.21074627708723112,18.133475005918765,41921.60332992902,54877.90913494324,0.2850118234316808,0.3730976801047544,33222.46819796026,33222.46819796026,0,0.0,0.0,0.0,0.0,0.0,0.0,0.0,0.0,0.0,0.0,0.0,none,3299.8384139375357,36522.306611897795,1992.2065500394842,1992.2065500394842,0.0,35214.67474799974,0.2154110468670722,0.5181811771623273,0.1728613500867164,0.0702933619006643,0.0232530639832198,0.04255155602799828,0.04472026728022754,0.031943719416315554,0.9132294243836285,56881.985512098036,-2.9103830456733704e-11,0.030877448632420156,0.04369558647431501,0.04376372431620997,0.01736372431621008,0.01623329428827147,0.054489465960201544,434.1005839324724,market_functioning,-0.00040517649020437377,0.0008277630776645807,-0.00027255136757984514,0.030877448632420156,0.030877448632420156,0.0,0.0,0.03115,0.0438999999999999,0.0438999999999999,0.0175,0.030877448632420156,0.04369558647431501,0.04376372431620997,0.01736372431621008,0.0,0.0,0.0,0.0,0.0,False,0.0,1947.9288003744668,0.0,0.0,0.0,True,1.0,8624.147823485997,8624.147823485997,0.03172862657152378,68.2727830757844,66.57292035452174,1.6998627212626616,1.6998627212626616,0.0,1626.2756066538332,0.09797131902691593,56454.834987984264,66343.11205690973,0.0008277630776645807,-6.178092594533297,0.0,0.0,0.0,-0.0002725513675798444,14,True,9.655805511708457e-11,market_functioning
2045Q2,2045-06-30,2045,2,2045,66985.884174465,32037.098887596952,0.015917553141135743,0.019656698270360238,0.019656698270360238,432.01265884684534,1565.1896369111485,239.28547418512306,836.0299659088556,373.2579840961003,89.89396002790045,26.7222526931686,6.028693962709422,64.88493973717571,0.0,1636.1032706110336,2068.115929457879,0.0,0.0,147670.0070333467,149738.12296280457,2.235368313909406,0.025797235592004232,0.09769839068480733,0.12349562627681156,149155.35892580994,582.7640369946275,31429.606953118404,75605.36456037103,25221.381956160873,100826.7465165319,13506.260877469096,3392.7445786905373,0.21071724931285593,18.00585323421136,42621.88576013151,56468.27839926485,0.2857549743239979,0.3785869901419515,33558.111413578714,33558.11141357871,0,0.0,0.0,0.0,0.0,0.0,0.0,0.0,0.0,0.0,0.0,0.0,none,3346.1633203133924,36904.274733892096,2003.2309897207033,2003.2309897207033,0.0,35561.34240329941,0.2154110468670722,0.5181811771623273,0.1728613500867164,0.0702933619006643,0.0232530639832198,0.0422217087789168,0.04431782197292292,0.03207405147018898,0.9159209849871387,58518.08878270907,0.0,0.03094375185568152,0.04374531389176104,0.04379687592784066,0.01739687592784076,0.01623329428827147,0.054489465960201544,437.6604725293001,market_functioning,-0.0003433017296397625,0.0007500153468050646,-0.0002062481443184783,0.03094375185568152,0.03094375185568152,0.0,0.0,0.03115,0.0438999999999999,0.0438999999999999,0.0175,0.03094375185568152,0.04374531389176104,0.04379687592784066,0.01739687592784076,0.0,0.0,0.0,0.0,0.0,False,0.0,1940.326620457991,0.0,0.0,0.0,True,1.0,8624.147823485997,8624.147823485997,0.03180634290245492,68.40809144725169,66.71587255416664,1.6922188930850552,1.6922188930850552,0.0,1634.4110517179486,0.09759734140172688,58089.246039702215,66935.68138617651,0.0007500153468050646,-5.647813682454729,0.0,0.0,0.0,-0.00020624814431847993,14,True,9.655805511708457e-11,market_functioning
2045Q3,2045-09-30,2045,3,2045,67579.60267903507,32163.700406790336,0.015900807810490525,0.01971323008961291,0.01971323008961291,436.1731976898465,1574.8792108747953,243.13748961972462,838.3511787200363,377.1132843748042,89.13628879826871,27.140969361961062,6.028693962709422,66.07652549587283,0.0,1646.9844303333775,2083.157628023224,0.0,0.0,149738.12296280457,151821.2805908278,2.246554797190701,0.025816854814102577,0.09748411443941883,0.1233009692535214,151238.51655383318,582.7640369946275,31864.10850502961,76650.57802051054,25570.057318778152,102220.6353392887,13714.124814887911,3439.6478946269494,0.21068778794644957,17.8872187884221,43245.0872442929,58038.7189334592,0.28593964176380865,0.3837562034853759,34072.30014314973,34072.30014314973,0,0.0,0.0,0.0,0.0,0.0,0.0,0.0,0.0,0.0,0.0,0.0,none,3392.7445786905373,37465.04472184027,2017.0811025273513,2017.0811025273513,0.0,36089.38124567708,0.2154110468670722,0.5181811771623273,0.1728613500867164,0.0702933619006643,0.0232530639832198,0.04192482054601849,0.04399639578071895,0.03208692081921995,0.918942725740839,60165.073213042444,2.9103830456733704e-11,0.03099883602488742,0.04378662701866547,0.043824418012443606,0.017424418012443713,0.01623329428827036,0.054489465960201544,441.24955437601255,market_functioning,-0.0002867699103870913,0.0006681501193479154,-0.0001511639751125788,0.03099883602488742,0.03099883602488742,0.0,0.0,0.03115,0.0438999999999999,0.0438999999999999,0.0175,0.03099883602488742,0.04378662701866547,0.043824418012443606,0.017424418012443713,0.0,0.0,0.0,0.0,0.0,False,0.0,1942.9214185403146,0.0,0.0,0.0,True,1.0,8624.147823485997,8624.147823485997,0.03186955388343644,68.57565072881397,66.83463605865803,1.7410146701559341,1.7410146701559341,0.0,1645.2434156632216,0.09738106472612443,59734.48945536544,67534.4795084914,0.0006681501193479154,-5.076356686166011,0.0,0.0,0.0,-0.00015116397511258026,14,True,9.655805511708457e-11,market_functioning
2045Q4,2045-12-31,2045,4,2046,68179.41728751168,32290.795459666668,0.015899957158570732,0.019763966408628954,0.019763966408628954,457.5075838699752,1585.6274605033502,246.93756865665836,842.6445416562437,381.0503983538069,87.44000706259845,27.55494477404338,6.044719973726774,67.26487543434283,0.0,1658.93705591142,2116.4446397813954,0.0,0.0,151821.2805908278,153937.72523060918,2.257832808711988,0.026841390089367992,0.09732773449298958,0.12416912458235757,153354.96119361455,582.7640369946275,32305.524463286427,77712.4244030171,25924.281299413564,103636.70570243066,13925.433425097015,3487.2976028004314,0.21065848937550757,17.81126534810271,44479.905300838094,59502.27766826537,0.2900454276446986,0.3880036042208131,34651.59357042126,34651.59357042126,0,0.0,0.0,0.0,0.0,0.0,0.0,0.0,0.0,0.0,0.0,0.0,none,3439.6478946269494,38091.24146504821,2049.1797643470522,2049.1797643470522,0.0,36700.77333476831,0.2154110468670722,0.5181811771623273,0.1728613500867164,0.0702933619006643,0.0232530639832198,0.04166137233638281,0.04370762911379747,0.03212176426645891,0.9226462008158463,61824.01026895386,-2.9103830456733704e-11,0.031043913351813456,0.04382043501385999,0.04384695667590663,0.01744695667590673,0.01623329428827236,0.054489465960201544,462.00030881330326,market_functioning,-0.00023603359137104596,0.0005860821315921194,-0.00010608664818654402,0.031043913351813456,0.031043913351813456,0.0,0.0,0.03115,0.0438999999999999,0.0438999999999999,0.0175,0.031043913351813456,0.04382043501385999,0.04384695667590663,0.01744695667590673,0.0,0.0,0.0,0.0,0.0,False,0.0,1948.6846916766924,0.0,0.0,0.0,True,1.0,8624.147823485997,8624.147823485997,0.03192654253002936,68.71193593982701,66.93182444138247,1.7801114984445405,1.7801114984445405,0.0,1657.1569444129755,0.09722329760753261,61391.646399778416,68139.48195468211,0.0005860821315921194,-4.492724943328071,0.0,0.0,0.0,-0.0001060866481865444,14,True,9.655805511708457e-11,market_functioning
2046Q1,2046-03-31,2046,1,2046,68782.02128531474,32416.842169031308,0.015705610546263404,0.01980877608761725,0.01980877608761725,461.8704793649141,1597.6917435679861,250.72247555578844,848.9085351421176,385.1395146257559,84.95291456238436,27.968303681938874,6.044719973726774,68.45502231168274,0.0,1672.1914858533958,2134.06196521831,0.0,0.0,153937.72523060918,156071.7871958275,2.2690782311910556,0.026859953850383603,0.0972458473656642,0.1241058012160478,155489.02315883286,582.7640369946275,32750.479017273836,78782.78304024713,26281.3449043129,105064.12794456002,14139.08690379096,3535.329293208022,0.21062888139582078,17.769128311073626,45731.93755448718,60992.011895709,0.29411682333209954,0.39225927757874807,35253.74469438872,35253.74469438872,0,0.0,0.0,0.0,0.0,0.0,0.0,0.0,0.0,0.0,0.0,0.0,none,3487.2976028004314,38741.04229718915,2065.606942906627,2065.606942906627,0.0,37319.351637295345,0.2154110468670722,0.5181811771623273,0.1728613500867164,0.0702933619006643,0.0232530639832198,0.04142235475997222,0.04345111591972245,0.032102287067059816,0.9271670869390918,63496.201754807254,0.0,0.031080202916412156,0.043847652187309016,0.04386510145820598,0.01746510145820608,0.01602817697257164,0.05376022781086065,465.7889921091802,market_functioning,-0.00019122391238275,0.000506656699169964,-6.979708358784351e-05,0.031080202916412156,0.031080202916412156,0.0,0.0,0.03115,0.0438999999999999,0.0438999999999999,0.0175,0.031080202916412156,0.043847652187309016,0.04386510145820598,0.01746510145820608,0.0,0.0,0.0,0.0,0.0,False,0.0,1955.337421248519,0.0,0.0,0.0,True,1.0,8624.147823485997,8624.147823485997,0.031966388770709495,68.83480556794646,67.01006608376976,1.8247394841767033,1.8247394841767033,0.0,1670.366746369219,0.09713973013037054,63062.013146147634,68747.19006092126,0.000506656699169964,-3.918512744266109,0.0,0.0,0.0,-6.97970835878449e-05,14,True,9.655805511708457e-11,market_functioning
2046Q2,2046-06-30,2046,2,2046,69390.93433743212,32543.530843158427,0.015724330056156255,0.019847765493760435,0.019847765493760435,466.2389949398219,1610.6052149758962,254.47288336664232,856.94156592525,389.30415909617415,81.50773409680866,28.37887249102106,6.044719973726774,69.64110990712211,0.0,1686.2910448567452,2152.530039796567,0.0,0.0,156071.7871958275,158224.31723562407,2.2801871562388207,0.026876075348552544,0.0972052652674599,0.12408134061601245,157641.55319862944,582.7640369946275,33199.156302169155,79862.0968778356,26641.39589681426,106503.49277464987,14355.14127904569,3583.762842764681,0.21059901801613176,17.685125298647893,47071.16310343584,62645.05108057502,0.29859616419869867,0.3973892023357688,35580.02057230289,35580.02057230289,0,0.0,0.0,0.0,0.0,0.0,0.0,0.0,0.0,0.0,0.0,0.0,none,3535.329293208022,39115.349865510914,2082.888929889445,2082.888929889445,0.0,37662.909502192335,0.2154110468670722,0.5181811771623273,0.1728613500867164,0.0702933619006643,0.0232530639832198,0.041236917860085175,0.04321834394683801,0.032159781606626435,0.9308126879285253,65182.492799663996,0.0,0.031108887333965496,0.04386916550047402,0.04387944366698265,0.017479443666982748,0.01602817697257164,0.05376022781085976,469.60874491051555,market_functioning,-0.00015223450623956525,0.00043184702175636213,-4.111266603450516e-05,0.031108887333965496,0.031108887333965496,0.0,0.0,0.03115,0.0438999999999999,0.0438999999999999,0.0175,0.031108887333965496,0.04386916550047402,0.04387944366698265,0.017479443666982748,0.0,0.0,0.0,0.0,0.0,False,0.0,1946.4877803606971,0.0,0.0,0.0,True,1.0,8624.147823485997,8624.147823485997,0.032010037928820685,68.92071553540538,67.07191074807241,1.8488047873329663,1.8488047873329663,0.0,1684.4422400694123,0.09709869199214745,64746.45538621704,69360.9810043593,0.00043184702175636213,-3.3697499706936194,0.0,0.0,0.0,-4.1112666034504725e-05,14,True,9.655805511708457e-11,market_functioning
2046Q3,2046-09-30,2046,3,2046,70006.22365225804,32670.90679519416,0.01574822762499739,0.019881209585835426,0.019881209585835426,470.6025556237182,1625.5695425687404,258.1972032467227,866.3060832687919,393.5098296044253,78.76888148795422,28.78754496084501,6.044719973726774,70.82353705802392,0.0,1702.4377996004912,2173.0403552242096,0.0,0.0,158224.31723562407,160397.35759084826,2.291187114842677,0.026889183908067524,0.09727351145561067,0.12416269536367822,159814.59355385363,582.7640369946275,33651.9970277119,80951.4260633234,27004.787934177464,107956.21399750086,14573.736703696733,3632.6458249441002,0.21056898672005192,17.597880228420912,48471.93064437595,64315.88775423887,0.30330102881400556,0.40244064277250113,36030.64168479554,36030.64168479554,0,0.0,0.0,0.0,0.0,0.0,0.0,0.0,0.0,0.0,0.0,0.0,none,3583.762842764681,39614.40452756022,2102.2168181661855,2102.2168181661855,0.0,38132.858502961724,0.2154110468670722,0.5181811771623273,0.1728613500867164,0.0702933619006643,0.0232530639832198,0.0410764906937082,0.0430385879830408,0.032168210564144276,0.9344709275574531,66884.93059926448,-2.9103830456733704e-11,0.031131082578708766,0.043885811934031474,0.04389054128935428,0.017490541289354383,0.016028176972572528,0.05376022781086176,473.45982200613537,market_functioning,-0.00011879041416457473,0.0003629268893977908,-1.8917421291235928e-05,0.031131082578708766,0.031131082578708766,0.0,0.0,0.03115,0.0438999999999999,0.0438999999999999,0.0175,0.031131082578708766,0.043885811934031474,0.04389054128935428,0.017490541289354383,0.0,0.0,0.0,0.0,0.0,False,0.0,1944.3379553446327,0.0,0.0,0.0,True,1.0,8624.147823485997,8624.147823485997,0.03204569838648574,69.01482473338578,67.1197645159835,1.8950602174022748,1.8950602174022748,0.0,1700.542739383089,0.09716523192738954,66446.99812560013,69980.8257288588,0.0003629268893977908,-2.8572663824171562,0.0,0.0,0.0,-1.8917421291234776e-05,14,True,9.655805511708457e-11,market_functioning
2036Q4,2036-12-31,2036,4,2037,45567.45791099619,27698.55388240954,0.017515988152144724,0.05366937236414482,0.05366937236414482,247.04041823154074,1585.4614325099787,330.1144357628681,916.7886883253786,225.02850094890826,99.41193727393606,14.117870198887333,5.894658234200658,82.22397719580539,0.0,1673.580067939985,1920.6204861715257,0.0,0.0,77061.53216807223,78982.15265424375,1.7333017086121898,0.021685687949858246,0.14691011038701124,0.1685957983368695,78399.38861724912,582.7640369946275,16667.82537190301,40095.22026638948,13375.464437414626,53470.6847038041,6461.630009626351,1799.2485319156606,0.2126014713364209,20.14527193319997,21534.802008048056,26301.444776855154,0.27468073907033064,0.33548022810816175,17422.492045636947,17422.492045636947,0,0.0,0.0,0.0,0.0,0.0,0.0,0.0,0.0,0.0,0.0,0.0,none,1756.50018026592,19178.992225902868,1838.3965089757203,1838.3965089757203,0.0,19260.88855461267,0.2154110468670722,0.5181811771623273,0.1728613500867164,0.0702933619006643,0.0232530639832198,0.07082821775435091,0.08686980499115354,0.032403524852640773,0.26554085223266977,1673.580067939985,0.0,0.03115,0.0438999999999999,0.0438999999999999,0.0175,0.017515988152144724,0.05366937236414482,247.04041823154074,sterilized_yield_cap,0.033669372364144814,0.0,0.02525202927310861,0.05640202927310861,0.05640202927310861,0.0,100.0,0.03115,0.0438999999999999,0.0438999999999999,0.0175,0.0664020292731086,0.07283902195483134,0.0665260146365542,0.04012601463655431,352.5202927310861,289.39021954831446,226.26014636554308,289.3902195483146,0.5787804390966291,False,11147.825535029959,0.0,11147.825535029959,11147.825535029959,0.0,True,1.0,11147.825535029959,11147.825535029959,0.032403524852640773,0.0,0.0,0.0,0.0,0.0,1673.580067939985,0.14691011038701124,1673.580067939985,45567.457910996185,0.0,-0.0,200.0,0.0,0.0,0.02525202927310861,14,True,9.655805511708457e-11,sterilized_yield_cap
2037Q1,2037-03-31,2037,1,2037,46359.78453943728,27818.71239056672,0.01746555549210771,0.052995984916861916,0.052995984916861916,249.06629979072068,1389.504914439378,129.8006900836947,916.7277742204586,228.51622098424357,99.99876907570876,14.46146007527212,5.894658234200658,83.95949308817919,0.0,1479.3590657617578,1728.4253655524785,0.0,0.0,78982.15265424375,80710.57801979623,1.740961025199275,0.021489858269625503,0.12764158250160104,0.14913144077122653,80127.8139828016,582.7640369946275,17022.06148702772,40947.351527986306,13659.729028300337,54607.080556286644,6661.1845374209515,1837.487402066294,0.2124363643650791,20.03108802858075,21821.812281003764,26686.38901430564,0.2723375466812003,0.3330477606693917,17920.511181399073,17920.511181399073,0,0.0,0.0,0.0,0.0,0.0,0.0,0.0,0.0,0.0,0.0,0.0,none,1799.2485319156606,19719.759713314736,1644.4658724642993,1644.4658724642993,0.0,19564.97705386337,0.2154110468670722,0.5181811771623273,0.1728613500867164,0.0702933619006643,0.0232530639832198,0.06952887954554098,0.07492118237080089,0.0322949315101173,0.29340432890457396,3152.939133701743,0.0,0.03115,0.0438999999999999,0.0438999999999999,0.0175,0.01746555549210771,0.052776795798754605,249.06629979072068,sterilized_yield_cap,0.03299598491686191,0.0,0.03737300332420074,0.06852300332420073,0.06852300332420073,0.0,100.0,0.03115,0.0438999999999999,0.0438999999999999,0.0175,0.07852300332420073,0.08192975249315045,0.07258650166210026,0.04618650166210037,473.7300332420073,380.2975249315055,286.86501662100363,380.2975249315055,0.760595049863011,False,14881.024697851875,2493.2008277633727,12387.823870088503,12387.823870088503,0.0,True,1.0,23535.649405118464,23535.649405118464,0.03233486389562623,90.30721044431168,190.97062154861692,-100.66341110430524,0.0,100.66341110430524,1580.022476866063,0.1363269905210169,3253.602544806048,46359.78453943728,0.0,-0.0,200.0,0.0,0.0,0.03737300332420074,14,True,9.655805511708457e-11,sterilized_yield_cap
2037Q2,2037-06-30,2037,2,2037,46719.3091810177,27679.192392180303,-0.019910899310579322,0.05233606521852467,0.05233606521852467,300.5173800100084,1394.064500864303,132.55930383022834,915.2757919587187,231.61811618942232,99.84248389182588,14.768804994107839,5.894658234200658,85.49495258331858,0.0,1485.4541116818223,1785.9714916918306,0.0,0.0,80710.57801979623,82496.54951148806,1.7657912960966222,0.02572960818796612,0.12718117093095804,0.15291077911892414,81913.78547449343,582.7640369946275,17388.36291848998,41828.50646275847,13953.675698641418,55782.18216139989,6866.211702771416,1877.0286918321488,0.21227639301207027,19.91427194142243,22158.107351559767,27124.507776005554,0.2705052296534315,0.3311348342514541,18286.770585862167,18286.770585862167,0,0.0,0.0,0.0,0.0,0.0,0.0,0.0,0.0,0.0,0.0,0.0,none,1837.487402066294,20124.25798792846,1700.4765391085123,1700.4765391085123,0.0,19987.24712497068,0.2154110468670722,0.5181811771623273,0.1728613500867164,0.0702933619006643,0.0232530639832198,0.0682580591980771,0.07361880676000009,0.03235194838784349,0.3207242519555668,4638.393245383565,0.0,0.03115,0.0438999999999999,0.0438999999999999,0.0175,0.01746555549210771,0.052776795798755494,251.10879480984056,sterilized_yield_cap,0.03233606521852467,-0.009313007318277153,0.04061029874642458,0.07176029874642458,0.07176029874642458,0.0,100.0,0.03115,0.0438999999999999,0.0438999999999999,0.0175,0.08176029874642457,0.08435772405981833,0.07420514937321218,0.04780514937321229,506.10298746424576,404.5772405981843,303.0514937321228,404.5772405981843,0.8091544811963686,False,16172.770577949259,5254.195234264947,10918.575343684312,10918.575343684312,0.0,True,1.0,34454.22474880278,34454.22474880278,0.03234288333518944,190.2555050524205,422.2313081256027,-231.97580307318222,0.0,332.6392141774875,1717.4299147550046,0.14704240665037963,4971.032459561053,47158.49660501918,-0.009313007318277153,49.40858520016784,200.0,0.0,0.0,0.04061029874642458,14,True,9.655805511708457e-11,sterilized_yield_cap
2037Q3,2037-09-30,2037,3,2037,47014.222412480914,27505.17364682791,-0.024911786413927883,0.05168934391415417,0.05168934391415417,359.9727248019271,1399.0733788287364,135.41187622774072,913.5726047014782,234.81585400778977,100.18642578112664,15.086618110600893,5.894658234200658,87.05772771171317,0.0,1492.0257647746503,1851.9984895765774,0.0,0.0,82496.54951148806,84348.54800106464,1.7941070525644287,0.030626708798345646,0.1269425027758035,0.15756921157414913,83765.78396407001,582.7640369946275,17768.55065566166,42743.06554436338,14258.765741560457,57001.831285923836,7077.333050190127,1918.0689722943846,0.21212182128305748,19.78866016329872,22440.290738767784,27522.874113128233,0.26789328144285246,0.32856940878072277,18674.15878004456,18674.15878004456,0,0.0,0.0,0.0,0.0,0.0,0.0,0.0,0.0,0.0,0.0,0.0,none,1877.0286918321488,20551.187471876707,1764.9407618648643,1764.9407618648643,0.0,20439.099541909425,0.2154110468670722,0.5181811771623273,0.1728613500867164,0.0702933619006643,0.0232530639832198,0.06699616763853077,0.07234366884965913,0.03235049189903766,0.3476180732634652,6130.419010158215,0.0,0.03115,0.0438999999999999,0.0438999999999999,0.0175,0.017465555492108598,0.052776795798754605,253.16803952936806,sterilized_yield_cap,0.031689343914154164,-0.019793656685671908,0.03912374313740993,0.07027374313740993,0.07027374313740993,0.0,100.0,0.03115,0.0438999999999999,0.0438999999999999,0.0175,0.08027374313740993,0.08324280735305735,0.07346187156870486,0.04706187156870497,491.2374313740993,393.4280735305745,295.61871568704964,393.42807353057447,0.7868561470611489,False,16082.631114946143,7680.98420565683,8401.646909289313,8401.646909289313,0.0,True,1.0,42855.87165809209,42855.87165809209,0.03234573862014693,278.58724286373126,605.3068349989896,-326.7195921352584,0.0,659.3588063127459,1818.7453569099087,0.1547400138581966,6789.777816470962,47963.59739268143,-0.019793656685671908,106.80468527255901,200.0,0.0,0.0,0.03912374313740993,14,True,9.655805511708457e-11,sterilized_yield_cap
2037Q4,2037-12-31,2037,4,2038,47354.92787847522,27365.38937950335,-0.02017399005649434,0.050496776596774456,0.050496776596774456,424.0451318740089,1404.2258022449473,138.37258823096516,911.8518062495439,238.1642172288262,100.42071117079637,15.41647936481612,5.91068424521801,87.70192116715877,0.0,1497.838407657324,1921.883539531333,0.0,0.0,84348.54800106464,86270.43154059598,1.8217836116652493,0.035818458679714726,0.1265201722195551,0.16233863089926986,85687.66750360135,582.7640369946275,18163.653638217827,43693.50393449683,14575.824852415126,58269.32878691196,7293.96576364851,1960.7193148230526,0.21197512042738742,19.59175202508161,22959.625884908903,28917.157851006115,0.2679455113414534,0.33747164199318136,18847.819076429038,18847.819076429034,0,0.0,0.0,0.0,0.0,0.0,0.0,0.0,0.0,0.0,0.0,0.0,none,1918.0689722943846,20765.88804872342,1834.181618364174,1834.181618364174,0.0,20682.00069479321,0.2154110468670722,0.5181811771623273,0.1728613500867164,0.0702933619006643,0.0232530639832198,0.0658883936384998,0.07103090417814512,0.032234124709040995,0.3714040082803867,7628.257417815539,0.0,0.03115,0.0438999999999999,0.0438999999999999,0.0175,0.01746555549210682,0.052776795798754605,265.00612925662665,sterilized_yield_cap,0.030496776596774456,-0.028987500035143672,0.03518757900749989,0.0663375790074999,0.0663375790074999,0.0,0.0,0.03115,0.0438999999999999,0.0438999999999999,0.0175,0.0663375790074999,0.07029068425562482,0.06149378950374984,0.035093789503749945,351.875790074999,263.9068425562492,175.93789503749943,263.9068425562492,0.5278136851124985,False,10916.243002218058,9426.557390425342,1489.6856117927164,1489.6856117927164,0.0,True,1.0,44345.557269884805,44345.557269884805,0.03231826338584905,346.5512057478024,710.7386930134899,-364.1874872656875,0.0,1023.5462935784333,1862.0258949230115,0.15728254509870174,8651.803711393974,48768.607901740834,-0.028987500035143672,159.0390026173823,200.0,0.0,0.0,0.0351875790074999,14,True,9.655805511708457e-11,sterilized_yield_cap
2038Q1,2038-03-31,2038,1,2038,47782.692334078834,27286.28008491011,-0.011513362990099418,0.04869922166369865,0.04869922166369865,467.7580109166084,1412.6451965918807,141.44945270762133,913.1342577828524,241.64394097045619,100.65826363806069,15.759281492890288,5.91068424521801,87.2254638213562,0.0,1505.7813446584548,1973.5393555750632,0.0,0.0,86270.43154059598,88243.97089617104,1.846776868059296,0.03915710798765529,0.12605244879301408,0.16520955678066937,87661.20685917641,582.7640369946275,18569.986488360395,44670.95628742341,14901.895618431,59572.85190585441,7513.786572521158,2004.5818924404377,0.21183813403564247,19.445258723734497,23463.360006837258,30334.353182422336,0.26765955942780983,0.3460407889564313,19350.773170348115,19350.773170348115,0,0.0,0.0,0.0,0.0,0.0,0.0,0.0,0.0,0.0,0.0,0.0,none,1960.7193148230526,21311.49248517117,1886.313891753707,1886.313891753707,0.0,21237.087062101822,0.2154110468670722,0.5181811771623273,0.1728613500867164,0.0702933619006643,0.0232530639832198,0.06476882069423925,0.06981679900139989,0.032226433945213254,0.3956613553650178,9134.038762473994,0.0,0.03115,0.0438999999999999,0.0438999999999999,0.0175,0.017441798459170377,0.054505881638612586,267.1793405642089,sterilized_yield_cap,0.028699221663698652,-0.03597093581246742,0.03012547179840708,0.06127547179840708,0.06127547179840708,0.0,0.0,0.03115,0.0438999999999999,0.0438999999999999,0.0175,0.06127547179840708,0.0664941038488052,0.058962735899203436,0.03256273589920354,301.2547179840708,225.94103848805307,150.6273589920354,225.94103848805307,0.45188207697610616,False,9596.659010544963,9789.060071015827,0.0,0.0,0.0,True,1.0,44345.557269884805,44345.557269884805,0.03229799249591072,358.2928499600975,679.3237359688682,-321.03088600877066,0.0,1344.577179587204,1826.8122306672253,0.1529266888433019,10478.615942061198,49565.61384832238,-0.03597093581246742,200.57867035239946,200.0,0.0,0.0,0.03012547179840708,14,True,9.655805511708457e-11,sterilized_yield_cap
2038Q2,2038-06-30,2038,2,2038,48305.046731117036,27273.648805893998,-0.001850382072650647,0.04638598722831606,0.04638598722831606,499.1848551669387,1420.5584211824466,144.6137697781066,914.3493851857922,245.21579604898972,100.26764320906864,16.11182696049002,5.91068424521801,85.65768286420453,0.0,1512.1267882918692,2011.3116434588078,0.0,0.0,88243.97089617104,90255.28253962984,1.8684441615805207,0.0413360415896565,0.12521480802690463,0.16655084961656114,89672.51850263521,582.7640369946275,18984.7936239158,45668.79392353162,15234.766761859217,60903.56068539084,7734.804946132887,2049.359247195685,0.2117125061381865,19.30951626548063,23980.13227902229,31811.68251737425,0.2674189671422866,0.3547539764531025,19806.34506834031,19806.345068340313,0,0.0,0.0,0.0,0.0,0.0,0.0,0.0,0.0,0.0,0.0,0.0,none,2004.5818924404377,21810.92696078075,1925.6539605946032,1925.6539605946032,0.0,21731.999028934915,0.2154110468670722,0.5181811771623273,0.1728613500867164,0.0702933619006643,0.0232530639832198,0.06366454240652776,0.06854300743428948,0.03223321036455698,0.41961028791527755,10646.165550765863,0.0,0.03115,0.0438999999999999,0.0438999999999999,0.0175,0.017441798459170377,0.054505881638612586,269.37037352520224,sterilized_yield_cap,0.026385987228316057,-0.040573643401848915,0.024708815469978353,0.055858815469978354,0.055858815469978354,0.0,0.0,0.03115,0.0438999999999999,0.0438999999999999,0.0175,0.055858815469978354,0.06243161160248366,0.056254407734989076,0.02985440773498918,247.08815469978353,185.3161160248376,123.54407734989178,185.31611602483764,0.37063223204967527,False,8054.579306995523,9794.78913051131,0.0,0.0,0.0,True,1.0,44345.557269884805,44345.557269884805,0.03228368379499231,358.0681189824296,619.2725751129631,-261.20445613053346,0.0,1605.7816357177376,1773.3312444224027,0.14684438703006675,12251.947186483601,50347.842123488015,-0.040573643401848915,229.81448164173645,200.0,0.0,0.0,0.024708815469978353,14,True,9.655805511708457e-11,sterilized_yield_cap
2038Q3,2038-09-30,2038,3,2038,48912.34955848498,27322.808636956863,0.007229381679531022,0.04370001133500169,0.04370001133500169,518.7660180069106,1428.3008012908922,147.8440803462443,915.3814122792561,248.86390455995334,99.73967915610378,16.471724949335318,5.91068424521801,83.15225015496182,0.0,1517.363735691072,2036.1297536979826,0.0,0.0,90255.28253962984,92291.41229332783,1.88687342003422,0.04242413400211879,0.12408839480317707,0.16651252880529585,91708.6482563332,582.7640369946275,19405.486552461844,46680.79010528909,15572.361089810649,62253.15119509974,7955.238550728255,2094.77195804336,0.2115993084776685,19.130740146363433,24516.549252831344,33406.13103065878,0.26733083214034054,0.36426369449134066,20171.549235601527,20171.549235601527,0,0.0,0.0,0.0,0.0,0.0,0.0,0.0,0.0,0.0,0.0,0.0,none,2049.359247195685,22220.90848279721,1952.9775035430207,1952.9775035430207,0.0,22124.52673914455,0.2154110468670722,0.5181811771623273,0.1728613500867164,0.0702933619006643,0.0232530639832198,0.06261570851826458,0.06724764215434453,0.03223852879933736,0.4421332530542592,12163.529286456935,0.0,0.03115,0.0438999999999999,0.0438999999999999,0.0175,0.01744179845916949,0.054505881638612586,271.57937428799494,sterilized_yield_cap,0.02370001133500169,-0.042990282671080904,0.019381845568470217,0.05053184556847022,0.05053184556847022,0.0,0.0,0.03115,0.0438999999999999,0.0438999999999999,0.0175,0.05053184556847022,0.05843638417635256,0.05359092278423501,0.02719092278423511,193.8184556847022,145.3638417635266,96.90922784235111,145.36384176352664,0.29072768352705325,False,6432.212408003844,9753.917529668694,0.0,0.0,0.0,True,1.0,44345.557269884805,44345.557269884805,0.032273751839441714,357.90948715342086,560.2157129023927,-202.30622574897188,0.0,1808.0878614667095,1719.6699614400436,0.14063278308753638,13971.617147923645,51109.56416931978,-0.042990282671080904,247.18664371891566,200.0,0.0,0.0,0.01938184556847022,14,True,9.655805511708457e-11,sterilized_yield_cap
2038Q4,2038-12-31,2038,4,2039,49587.69988288727,27424.57054954657,0.014981158732110256,0.04079159250419072,0.04079159250419072,534.4534548095542,1436.5913279430397,151.12022652729664,916.4403570301438,252.56900230922028,99.62501246360576,16.836729612773503,5.922339525957902,79.91445511227349,0.0,1522.428122581271,2056.8815773908254,0.0,0.0,92291.41229332783,94348.29387071865,1.9026551764559316,0.04311177619222417,0.12280691592284655,0.16591869211507074,93765.52983372402,582.7640369946275,19831.34710989365,47705.21725592261,15914.10229564477,63619.31955156738,8174.120671232567,2140.742501030425,0.21149933397764517,18.94915537592374,25816.820575148886,34934.751030791354,0.27533380999318496,0.37257562659478094,20607.432049608844,20607.43204960884,0,0.0,0.0,0.0,0.0,0.0,0.0,0.0,0.0,0.0,0.0,0.0,none,2094.77195804336,22702.2040076522,1976.9671222785516,1976.9671222785516,0.0,22584.39917188739,0.2154110468670722,0.5181811771623273,0.1728613500867164,0.0702933619006643,0.0232530639832198,0.0615984495389218,0.06598352261606184,0.032237905680592364,0.46399315841351774,13685.957409038205,0.0,0.03115,0.0438999999999999,0.0438999999999999,0.0175,0.017441798459170377,0.054505881638613474,280.32405192709604,sterilized_yield_cap,0.020791592504190718,-0.04356943000435931,0.01439225966128832,0.04554225966128832,0.04554225966128832,0.0,0.0,0.03115,0.0438999999999999,0.0438999999999999,0.0175,0.04554225966128832,0.05469419474596614,0.05109612983064406,0.024696129830644162,143.92259661288315,107.9419474596624,71.9612983064416,107.9419474596624,0.2158838949193248,False,4875.6080576398235,9746.09816381063,0.0,0.0,0.0,True,1.0,44345.557269884805,44345.557269884805,0.03226587370678425,357.79937762750313,504.8992210024064,-147.0998433749033,0.0,1955.1877048416127,1669.5279659561743,0.13467274908085253,15641.14511387982,51846.62790850912,-0.04356943000435931,254.12940288245815,0.0,0.0,0.0,0.014392259661288317,14,True,9.655805511708457e-11,sterilized_yield_cap
2039Q1,2039-03-31,2039,1,2039,50309.573849493514,27566.93460538948,0.0209266998553308,0.03779634369384205,0.03779634369384205,535.083507909728,1444.8714332524103,154.4366156182968,917.4053522002157,256.3196120432498,99.50363553861642,17.20621785203204,5.922339525957902,76.16675307222448,0.0,1526.9605258505926,2062.0440337603204,0.0,0.0,94348.29387071865,96410.33790447898,1.9163417721028773,0.04254327492500634,0.12140516478383687,0.1639484397088432,95827.57386748435,582.7640369946275,20259.12701387621,48734.26148292949,16257.383723491052,64991.645206420544,8389.881414686512,2186.920232501088,0.21141229185131669,18.800986321904283,27157.416052041222,36618.10620497707,0.28339876463528124,0.3821249430316853,21115.582831941407,21115.582831941403,0,0.0,0.0,0.0,0.0,0.0,0.0,0.0,0.0,0.0,0.0,0.0,none,2140.742501030425,23256.325332971828,1985.877280688096,1985.877280688096,0.0,23101.4601126295,0.2154110468670722,0.5181811771623273,0.1728613500867164,0.0702933619006643,0.0232530639832198,0.060597369029940666,0.06473717597661786,0.032217372668159924,0.4858010663007848,15212.917934888797,0.0,0.03115,0.0438999999999999,0.0438999999999999,0.0175,0.017227156981449054,0.053808129052610454,282.6228795094774,sterilized_yield_cap,0.01779634369384205,-0.04270100539560501,0.009868136252124446,0.04101813625212444,0.04101813625212444,0.0,0.0,0.03115,0.0438999999999999,0.0438999999999999,0.0175,0.04101813625212444,0.05130110218909323,0.04883406812606212,0.022434068126062225,98.68136252124442,74.0110218909333,49.340681260622226,74.01102189093332,0.14802204378186665,False,3419.5253402166895,9771.532868563854,0.0,0.0,0.0,True,1.0,44345.557269884805,44345.557269884805,0.03225518651459964,357.7120375817678,454.74302756813063,-97.03098998636284,0.0,2052.2186948279755,1623.9915158369554,0.12911987851022552,17265.136629716777,52553.66832416241,-0.04270100539560501,252.4606284002507,0.0,0.0,0.0,0.009868136252124442,14,True,9.655805511708457e-11,sterilized_yield_cap
2039Q2,2039-06-30,2039,2,2039,51222.20835866302,27827.825829094392,0.038396467308969395,0.03482625101970365,0.03482625101970365,511.0641552380025,1452.5670804476629,157.76795162056095,918.2348454095943,260.13928683388804,98.84762521489331,17.57737136872749,5.922339525957902,72.11197445736468,0.0,1530.6013944309852,2041.6655496689878,0.0,0.0,96410.33790447898,98452.00345414797,1.9220569867815385,0.03990957606977663,0.1195263885315964,0.15943596460137305,97869.23941715334,582.7640369946275,20683.39061137333,49754.84707301692,16597.843413570252,66352.69048658718,8600.43993138897,2232.718387803863,0.21133699142396925,18.6652865199832,28539.30937160424,38177.7091660481,0.29160653072984044,0.39008895331577265,21598.03654525393,21598.03654525393,0,0.0,0.0,0.0,0.0,0.0,0.0,0.0,0.0,0.0,0.0,0.0,none,2186.920232501088,23784.95677775502,1969.5535752116232,1969.5535752116232,0.0,23567.590120465553,0.2154110468670722,0.5181811771623273,0.1728613500867164,0.0702933619006643,0.0232530639832198,0.059618808352644756,0.06350362119661765,0.0321894950736577,0.5071725369916761,16743.51932931978,0.0,0.03115,0.0438999999999999,0.0438999999999999,0.0175,0.017227156981449054,0.053808129052610454,284.9405588750618,sterilized_yield_cap,0.01482625101970365,-0.03775886923180609,0.006614039082888438,0.03776403908288844,0.03776403908288844,0.0,0.0,0.03115,0.0438999999999999,0.0438999999999999,0.0175,0.03776403908288844,0.04886052931216622,0.047207019541444115,0.02080701954144422,66.14039082888438,49.60529312166326,33.070195414442175,49.605293121663266,0.09921058624332653,False,2338.154432193818,9786.292120369288,0.0,0.0,0.0,True,1.0,44345.557269884805,44345.557269884805,0.03224068955773532,357.59355520849857,418.66683947309934,-61.07328426460077,0.0,2113.291979092576,1591.674678695586,0.12429567015545452,18856.81130841236,53232.195881889165,-0.03775886923180609,226.1235963629407,0.0,0.0,0.0,0.006614039082888438,14,True,9.655805511708457e-11,sterilized_yield_cap
2039Q3,2039-09-30,2039,3,2039,52121.654547893915,28094.586799899345,0.038899388006523816,0.03196766567557328,0.03196766567557328,485.33959951643254,1459.4780562269773,161.0719043860698,918.807650888262,263.87330011152625,97.77972679914595,17.945474041973547,5.922339525957902,67.92505807543247,0.0,1533.3254538283675,2018.6650533448,0.0,0.0,98452.00345414797,100470.66850749277,1.9276185566053274,0.03724667635563719,0.11767281504230949,0.1549194913979467,99887.90447049814,582.7640369946275,21103.60155591977,50765.68382010323,16935.05096282067,67700.7347829239,8805.489061925973,2278.079069728488,0.21127284297121993,18.50070774106825,30016.486121558853,39909.21773633492,0.300501710198798,0.3995400438911209,21984.50192280129,21984.50192280129,0,0.0,0.0,0.0,0.0,0.0,0.0,0.0,0.0,0.0,0.0,0.0,none,2232.718387803863,24217.220310605153,1950.7399952693677,1950.7399952693677,0.0,23935.241918070657,0.2154110468670722,0.5181811771623273,0.1728613500867164,0.0702933619006643,0.0232530639832198,0.05870648725588334,0.06229737943494396,0.03219479195364182,0.5271823305362775,18276.84478314815,0.0,0.03115,0.0438999999999999,0.0438999999999999,0.0175,0.017227156981449054,0.053808129052610454,287.27724461992796,sterilized_yield_cap,0.011967665675573277,-0.03267412944847598,0.00411423643600518,0.03526423643600518,0.03526423643600518,0.0,0.0,0.03115,0.0438999999999999,0.0438999999999999,0.0175,0.03526423643600518,0.04698567732700378,0.04595711821800249,0.019557118218002593,41.1423643600518,30.856773270038843,20.571182180025918,30.856773270038854,0.061713546540077706,False,1477.1286660588723,9760.09051581834,0.0,0.0,0.0,True,1.0,44345.557269884805,44345.557269884805,0.03223058787454561,357.4328363007821,390.95305411290656,-33.52021781212443,0.0,2146.8121969047006,1566.845671640492,0.12024527503828472,20423.656980052852,53882.20881364063,-0.03267412944847598,198.0623548965046,0.0,0.0,0.0,0.00411423643600518,14,True,9.655805511708457e-11,sterilized_yield_cap
2039Q4,2039-12-31,2039,4,2040,52992.12883208384,28357.187830011142,0.03791560830346108,0.029462780208153447,0.029462780208153447,464.37095904147316,1466.7201232840405,164.34429711672522,919.2711481094908,267.58368185809064,97.21093567679164,18.310060522942713,5.935451716790281,64.15402651883585,0.0,1536.8096015196666,2001.1805605611398,0.0,0.0,100470.66850749277,102471.8490680539,1.9337182960276316,0.03505207050752201,0.11600285818970248,0.1510549286972245,101889.08503105927,582.7640369946275,21520.85846942712,51769.41450970794,17269.887984649016,69039.30249435696,9005.803195613435,2323.1208716617675,0.21121848785732866,18.53774450857827,30658.42644608256,40604.97425912649,0.3009000074614158,0.39852133569310894,23178.502156947587,23178.502156947587,0,0.0,0.0,0.0,0.0,0.0,0.0,0.0,0.0,0.0,0.0,0.0,none,2278.079069728488,25456.581226676073,1937.0265340423039,1937.0265340423039,0.0,25115.52869098989,0.2154110468670722,0.5181811771623273,0.1728613500867164,0.0702933619006643,0.0232530639832198,0.057459067392925646,0.061184408319331786,0.032529860231197666,0.5538795248637169,19813.654384667818,-1.4551915228366852e-11,0.03115,0.0438999999999999,0.0438999999999999,0.0175,0.017227156981449054,0.053808129052610454,293.9442834983906,sterilized_yield_cap,0.009462780208153446,-0.027792813329502897,0.0022060000417419507,0.033356000041741954,0.033356000041741954,0.0,0.0,0.03115,0.0438999999999999,0.0438999999999999,0.0175,0.033356000041741954,0.04555450003130636,0.045003000020870876,0.018603000020870977,22.060000417419534,16.545000313064605,11.030000208709783,16.54500031306464,0.03309000062612928,False,831.0728601104233,10088.063844304224,0.0,0.0,0.0,True,1.0,44345.557269884805,44345.557269884805,0.032298668620997104,357.32084510817924,369.7976025363369,-12.476757428157669,0.0,2159.2889543328583,1549.2863589478243,0.11694464012623822,21972.943339000678,54507.03261468903,-0.027792813329502897,170.42667554308255,0.0,0.0,0.0,0.0022060000417419533,14,True,9.655805511708457e-11,sterilized_yield_cap
2040Q1,2040-03-31,2040,1,2040,53833.32597700992,28613.916254782096,0.03670828105029145,0.02731307683708182,0.02731307683708182,440.5956244280182,1464.2613589371974,167.5936853306637,910.1783609872307,271.24230666252635,96.5749219507957,18.672084005981453,5.935451716790281,60.87405224453596,0.0,1531.0708628985237,1971.666487326542,0.0,0.0,102471.8490680539,104443.51555538045,1.9401274890573201,0.03273775984907038,0.11376379483239683,0.14650155468146722,103860.75151838582,582.7640369946275,21932.464268213815,52759.55118303161,17600.190144712775,70359.74132774438,9200.993272014242,2367.552650413382,0.21117182330739487,18.590475147876916,31412.30498312036,41397.81081614896,0.30244634786375135,0.39858955583255684,23717.624366783115,23717.624366783115,0,0.0,0.0,0.0,0.0,0.0,0.0,0.0,0.0,0.0,0.0,0.0,none,2323.1208716617675,26040.745238444884,1910.792435082006,1910.792435082006,0.0,25628.41680186512,0.2154110468670722,0.5181811771623273,0.1728613500867164,0.0702933619006643,0.0232530639832198,0.05622477257361642,0.05976552104106971,0.03250629145132148,0.5805328901495928,21344.72524756634,1.4551915228366852e-11,0.03115,0.0438999999999999,0.0438999999999999,0.0175,0.017609093307503265,0.053565008463151154,296.3548052568487,sterilized_yield_cap,0.007313076837081819,-0.023262809772603615,0.0007721052055314355,0.03192210520553144,0.03192210520553144,0.0,0.0,0.03115,0.0438999999999999,0.0438999999999999,0.0175,0.03192210520553144,0.04447907890414848,0.044286052602765615,0.01788605260276572,7.721052055314377,5.790789041485792,3.8605260276571713,5.790789041485779,0.011581578082971559,False,296.81751033374115,10126.74426370396,0.0,0.0,0.0,True,1.0,44345.557269884805,44345.557269884805,0.03234608133684608,358.0756147683646,353.9008861417956,4.174728626568992,0.0,2155.1142257062893,1526.8961342719547,0.11345359823571233,23499.839473272634,55115.46659186477,-0.023262809772603615,144.2408191711695,0.0,0.0,0.0,0.0007721052055314377,14,True,9.655805511708457e-11,sterilized_yield_cap
2040Q2,2040-06-30,2040,2,2040,54638.65050018726,28859.726902675568,0.03480772302564472,0.02549924650057001,0.02549924650057001,418.87049571943214,1460.3219427408212,170.79906548871512,900.0769070184012,274.83000120379506,95.75246338492097,18.863505644988145,5.935451716790281,58.101929999211364,0.0,1524.3593244568228,1943.229820176255,0.0,0.0,104443.51555538045,106386.7453755567,1.9470968701028237,0.030664776079562698,0.1115956789197492,0.14226045499931192,105803.98133856207,582.7640369946275,22338.541640515166,53736.388972265086,17926.0558968949,71662.44486915998,9391.607179026703,2411.387649860221,0.21113138993356106,18.673276057011194,31992.789207746417,41999.460470411184,0.30237793325917217,0.3969553880587645,24227.761389323445,24227.76138932344,0,0.0,0.0,0.0,0.0,0.0,0.0,0.0,0.0,0.0,0.0,0.0,none,2367.552650413382,26595.314039736822,1885.1278901770438,1885.1278901770438,0.0,26112.889279500487,0.2154110468670722,0.5181811771623273,0.1728613500867164,0.0702933619006643,0.0232530639832198,0.054958098465668535,0.058380238020561144,0.032277869998382155,0.6069700725647149,22869.084572023163,-1.4551915228366852e-11,0.03087005052106363,0.04369003789079762,0.04376002526053171,0.017360025260531816,0.017609093307503265,0.053565008463151154,298.7850947586317,sterilized_yield_cap,0.005499246500570008,-0.019161747828518382,-0.0002799494789363715,0.03087005052106363,0.03087005052106363,0.0,0.0,0.03115,0.0438999999999999,0.0438999999999999,0.0175,0.03087005052106363,0.04369003789079762,0.04376002526053171,0.017360025260531816,0.0,0.0,0.0,0.0,0.0,False,0.0,10154.56664880498,0.0,0.0,0.0,True,1.0,44345.557269884805,44345.557269884805,0.032330461810894,358.60125059486495,342.2373983265161,16.363852268348865,0.0,2138.7503734379407,1507.995472188474,0.11039770992757632,25007.83494546111,55706.0762865055,-0.019161747828518382,120.08540096080044,0.0,0.0,0.0,-0.0002799494789363713,14,True,9.655805511708457e-11,sterilized_yield_cap
2040Q3,2040-09-30,2040,3,2040,55408.697562836154,29093.494941498368,0.03279639368466647,0.023993492984202395,0.023993492984202395,399.5196243156913,1453.8074275025117,172.3979772523967,888.9335058569517,278.8818403920013,94.83077184893854,18.763332152223423,5.935451716790281,55.834472740450266,0.0,1515.5773519597524,1915.0969762754437,0.0,0.0,106386.7453755567,108301.84235183214,1.9546000378191994,0.02884165424481358,0.10941079062477613,0.1382524448695897,107719.0783148375,582.7640369946275,22739.047322802333,54699.82380500063,18247.450523421565,72947.2743284222,9578.135463796474,2454.621199816521,0.21109582145088032,18.759118184760823,32646.90290314779,42572.87108294604,0.30307447310056423,0.39522127137511853,24695.891530925914,24695.891530925914,0,0.0,0.0,0.0,0.0,0.0,0.0,0.0,0.0,0.0,0.0,0.0,none,2411.387649860221,27107.279180786136,1859.2625035349934,1859.2625035349934,0.0,26555.154034460906,0.2154110468670722,0.5181811771623273,0.1728613500867164,0.0702933619006643,0.0232530639832198,0.053598464532499494,0.05698369083891422,0.03155438624575924,0.6329185726838,24384.661923982916,0.0,0.03012453885763422,0.04313090414322556,0.04338726942881701,0.01698726942881711,0.017609093307503265,0.053565008463151154,301.23531411124793,sterilized_yield_cap,0.0039934929842023945,-0.015522424564197567,-0.0010254611423657816,0.03012453885763422,0.03012453885763422,0.0,0.0,0.03115,0.0438999999999999,0.0438999999999999,0.0175,0.03012453885763422,0.04313090414322556,0.04338726942881701,0.01698726942881711,0.0,0.0,0.0,0.0,0.0,False,0.0,10166.751232448012,0.0,0.0,0.0,True,1.0,44345.557269884805,44345.557269884805,0.032152537173251325,358.4280864492059,333.97236578502213,24.455720664183787,0.0,2114.2946527737568,1491.1216312955685,0.10764531179276063,26498.95657675668,56282.33587576457,-0.015522424564197567,98.28431020444341,0.0,0.0,0.0,-0.0010254611423657807,14,True,9.655805511708457e-11,sterilized_yield_cap
2040Q4,2040-12-31,2040,4,2041,56145.52878822626,29314.958277028938,0.030797936520009506,0.022763918254807246,0.022763918254807246,392.87163012659437,1443.612905741497,171.25082866533555,876.7845900592577,283.00380085810554,93.7815848737509,18.792101285047426,5.957305368177581,54.04974281000385,0.0,1503.6199539196784,1896.4915840462727,0.0,0.0,108301.84235183214,110198.33393587841,1.9627267979171132,0.02798952212978211,0.10712304159365141,0.1351125637234335,109615.56989888378,582.7640369946275,23135.929648614732,55654.54248714556,18565.93750755392,74220.47999469948,9761.696637733425,2497.4636178361493,0.21106426459267377,18.805733985734534,33096.95958610898,42891.39304833472,0.3019366648062832,0.3912892400951836,25035.947951859922,25035.947951859922,0,0.0,0.0,0.0,0.0,0.0,0.0,0.0,0.0,0.0,0.0,0.0,none,2454.621199816521,27490.569151676442,1842.441841236269,1842.441841236269,0.0,26878.38979309619,0.2154110468670722,0.5181811771623273,0.1728613500867164,0.0702933619006643,0.0232530639832198,0.05235937060385416,0.05553441829862802,0.03109731872616175,0.6573520183371413,25888.281877902595,0.0,0.029623220049516553,0.04275491503713731,0.043136610024758174,0.016736610024758278,0.017609093307502377,0.053565008463151154,313.90226020595355,sterilized_yield_cap,0.0027639182548072454,-0.01234795228162396,-0.001526779950483447,0.029623220049516553,0.029623220049516553,0.0,0.0,0.03115,0.0438999999999999,0.0438999999999999,0.0175,0.029623220049516553,0.04275491503713731,0.043136610024758174,0.016736610024758278,0.0,0.0,0.0,0.0,0.0,False,0.0,10128.424864544402,0.0,0.0,0.0,True,1.0,44345.557269884805,44345.557269884805,0.031911527669368375,356.45554464712916,328.414550306059,28.04099434107013,0.0,2086.2536584326867,1475.5789595786082,0.10512530500117315,27974.535536335286,56847.47874307644,-0.01234795228162396,78.96936992064079,0.0,0.0,0.0,-0.0015267799504834478,14,True,9.655805511708457e-11,sterilized_yield_cap
2041Q1,2041-03-31,2041,1,2041,56846.233193556,29521.385387375012,0.028465707988881706,0.021777294415859245,0.021777294415859245,378.60889179379944,1435.160842393872,171.3401837577621,864.1692357383936,287.0253615167631,93.69898234140994,18.927079039543177,5.957305368177581,52.71725298016884,0.0,1493.8354007422183,1872.4442925360177,0.0,0.0,110198.33393587841,112070.77822841443,1.971472372616566,0.02664091325134401,0.10511411693055203,0.13175503018189602,111488.0141914198,582.7640369946275,23527.918955217774,56597.49078661672,18880.497980400844,75477.98876701757,9942.328622065519,2539.777847118937,0.2110354115270312,18.910110320326424,33527.48366976167,43145.56091585986,0.3007272477936195,0.38699730395933785,25676.09514270122,25676.09514270122,0,0.0,0.0,0.0,0.0,0.0,0.0,0.0,0.0,0.0,0.0,0.0,none,2497.4636178361493,28173.55876053737,1819.7270395558492,1819.7270395558492,0.0,27495.822182257067,0.2154110468670722,0.5181811771623273,0.1728613500867164,0.0702933619006643,0.0232530639832198,0.05110995129665844,0.0542235203523655,0.030743656571580222,0.6830353248436883,27382.11727864481,0.0,0.02931408170172578,0.04252306127629423,0.04298204085086279,0.01658204085086289,0.017189212325988024,0.05495933695345423,316.47644950213635,sterilized_yield_cap,0.001777294415859245,-0.009621996539707724,-0.0018359182982742206,0.02931408170172578,0.02931408170172578,0.0,0.0,0.03115,0.0438999999999999,0.0438999999999999,0.0175,0.02931408170172578,0.04252306127629423,0.04298204085086279,0.01658204085086289,0.0,0.0,0.0,0.0,0.0,False,0.0,10212.943121066883,0.0,0.0,0.0,True,1.0,44345.557269884805,44345.557269884805,0.03164256270807904,353.7836194578722,324.9873222294907,28.79629722838149,0.0,2057.457361204305,1465.0391035138368,0.10308785797824235,29439.574639849125,57398.521569481934,-0.009621996539707724,62.13244229166311,0.0,0.0,0.0,-0.0018359182982742202,14,True,9.655805511708457e-11,sterilized_yield_cap
2041Q2,2041-06-30,2041,2,2041,57519.981232771555,29716.47211588314,0.026696451047802272,0.02100087139064462,0.02100087139064462,366.7618326829447,1424.91429834075,172.42483463120914,849.9993317859098,290.8429458936573,92.50124925501795,19.145936774956006,5.957305368177581,51.79326835985738,0.0,1482.6648720687851,1849.4267047517299,0.0,0.0,112070.77822841443,113920.20493316615,1.9805327208323396,0.025505003640299177,0.10310607481381086,0.12861107845411004,113337.44089617152,582.7640369946275,23915.1490556342,57528.99059679262,19191.23932317657,76720.22991996919,10120.483588134408,2581.5783324337326,0.21100837346012496,18.958833610017514,33935.79475321768,43363.35984657776,0.29942263108187056,0.38260401420482887,25995.640143224526,25995.640143224522,0,0.0,0.0,0.0,0.0,0.0,0.0,0.0,0.0,0.0,0.0,0.0,none,2539.777847118937,28535.41799034346,1797.6334363918725,1797.6334363918725,0.0,27793.273579616394,0.2154110468670722,0.5181811771623273,0.1728613500867164,0.0702933619006643,0.0232530639832198,0.04993686895773957,0.0529188748577056,0.03065652483871652,0.7071700081730308,28864.782150713596,-1.4551915228366852e-11,0.029153718832810028,0.04240278912460742,0.04290185941640491,0.016501859416405015,0.017189212325988024,0.05495933695345423,319.07174871491617,sterilized_yield_cap,0.0010008713906446212,-0.007315902244145318,-0.0019962811671899736,0.029153718832810028,0.029153718832810028,0.0,0.0,0.03115,0.0438999999999999,0.0438999999999999,0.0175,0.029153718832810028,0.04240278912460742,0.04290185941640491,0.016501859416405015,0.0,0.0,0.0,0.0,0.0,False,0.0,10171.317965391085,0.0,0.0,0.0,True,1.0,44345.557269884805,44345.557269884805,0.03141640014946769,350.8017691842601,323.2094770326241,27.592292151636002,0.0,2029.865069052669,1455.0725799171491,0.10118727779334762,30894.647219766273,57943.89309026517,-0.007315902244145318,47.690083968028574,0.0,0.0,0.0,-0.0019962811671899727,14,True,9.655805511708457e-11,sterilized_yield_cap
2041Q3,2041-09-30,2041,3,2041,58170.43121345024,29901.144277234573,0.025090564375647828,0.020403534170449263,0.020403534170449263,357.1773344639652,1415.3633404430295,174.30388285317542,834.7362313388621,294.6012092895345,92.29171956756262,19.43029739389511,5.957305368177581,51.23305690148178,0.0,1472.553702712689,1829.7310371766544,0.0,0.0,113920.20493316615,115749.9359703428,1.989841463364964,0.02456074861493399,0.10125788459840081,0.1258186332133348,115167.17193334817,582.7640369946275,24298.257167416246,58450.57477379242,19498.672885173433,77949.24765896585,10296.733247202968,2622.933859763098,0.21098249405202565,19.034988683751717,34237.82626917182,43545.6646449082,0.29728806998045076,0.37810830911181714,26526.558940807765,26526.558940807765,0,0.0,0.0,0.0,0.0,0.0,0.0,0.0,0.0,0.0,0.0,0.0,none,2581.5783324337326,29108.137273241497,1778.4979802751725,1778.4979802751725,0.0,28305.056921082938,0.2154110468670722,0.5181811771623273,0.1728613500867164,0.0702933619006643,0.0232530639832198,0.048770391226430176,0.05170474205437379,0.030561668468577614,0.7316991757733694,30337.335853426284,0.0,0.029106074489055035,0.042367055866791174,0.04287803724452741,0.01647803724452752,0.017189212325988024,0.05495933695345512,321.688330958438,sterilized_yield_cap,0.0004035341704492629,-0.0053937422207477,-0.0020439255109449645,0.029106074489055035,0.029106074489055035,0.0,0.0,0.03115,0.0438999999999999,0.0438999999999999,0.0175,0.029106074489055035,0.042367055866791174,0.04287803724452741,0.01647803724452752,0.0,0.0,0.0,0.0,0.0,False,0.0,10214.15233989906,0.0,0.0,0.0,True,1.0,44345.557269884805,44345.557269884805,0.031219529027853035,348.29444301045925,322.6812732889808,25.61316972147847,0.0,2004.2518993311905,1446.9405329912106,0.09949663447959088,32341.587752757485,58485.889022388285,-0.0053937422207477,35.489003505527265,0.0,0.0,0.0,-0.0020439255109449654,14,True,9.655805511708457e-11,sterilized_yield_cap
2041Q4,2041-12-31,2041,4,2042,58801.247671880956,30076.45547056517,0.02365916274616575,0.01995650935239156,0.01995650935239156,369.9687607515738,1404.6582483025666,176.80672076725818,818.7076787113213,298.4562323306874,90.92286666108664,19.764749832213607,5.987900480119798,50.9916783051261,0.0,1461.6378270878124,1831.6065878393863,0.0,0.0,115749.9359703428,117581.54255818219,1.9996436676701719,0.025167408883297875,0.09942903492415348,0.12459644380745136,116998.77852118756,582.7640369946275,24681.821289146137,59373.25590368767,19806.472382420066,79179.72828610774,10472.890333749701,2664.338612183974,0.210957939912821,19.020980938414336,34489.76043219356,43946.86346174125,0.2947873547752273,0.37561813907127944,26647.059177802606,26647.05917780261,0,0.0,0.0,0.0,0.0,0.0,0.0,0.0,0.0,0.0,0.0,0.0,none,2622.933859763098,29269.99303756571,1780.6149095342603,1780.6149095342603,0.0,28427.67408733687,0.2154110468670722,0.5181811771623273,0.1728613500867164,0.0702933619006643,0.0232530639832198,0.04777352141495407,0.050510190431977776,0.030540186262601347,0.7531674436979438,31798.973680514096,0.0,0.029141438387621024,0.04239357879071566,0.04289571919381041,0.016495719193810512,0.017189212325988024,0.05495933695345423,344.6291974501222,sterilized_yield_cap,-4.349064760843929e-05,-0.0038159234848006663,-0.002008561612378978,0.029141438387621024,0.029141438387621024,0.0,0.0,0.03115,0.0438999999999999,0.0438999999999999,0.0175,0.029141438387621024,0.04239357879071566,0.04289571919381041,0.016495719193810512,0.0,0.0,0.0,0.0,0.0,False,0.0,10099.923296457853,0.0,0.0,0.0,True,1.0,44345.557269884805,44345.557269884805,0.031064805302558795,346.11185311087195,323.0733312362669,23.038521874605067,0.0,1981.2133774565855,1438.5993052132071,0.09786182179267956,33780.18705797069,59026.488234560544,-0.0038159234848006663,25.339563301451605,0.0,0.0,0.0,-0.0020085616123789764,14,True,9.655805511708457e-11,sterilized_yield_cap
2042Q1,2042-03-31,2042,1,2042,59414.49055888412,30242.761075120325,0.022301837907785727,0.019633754632098866,0.019633754632098866,364.4880968089721,1397.863005908311,179.81594359798126,805.01412142193,302.28323259994244,90.61024194014644,20.139466348312013,5.987900480119798,51.03133546088155,0.0,1454.8822418493123,1819.3703386582845,0.0,0.0,117581.54255818219,119400.91289684048,2.0096261328455793,0.024538666805380593,0.09794797384704779,0.12248664065242838,118818.14885984585,582.7640369946275,25062.741045040766,60289.57588998655,20112.149849923768,80401.72573991031,10648.224162725402,2705.457912169346,0.21093360976868936,19.057312900227668,34694.175297237256,44182.838324081815,0.2919939052253828,0.3718526062562925,27262.15910424303,27262.15910424303,0,0.0,0.0,0.0,0.0,0.0,0.0,0.0,0.0,0.0,0.0,0.0,none,2664.338612183974,29926.497716427002,1768.339003197403,1768.339003197403,0.0,29030.49810744043,0.2154110468670722,0.5181811771623273,0.1728613500867164,0.0702933619006643,0.0232530639832198,0.04674495506803459,0.0494935586043839,0.030569827866018046,0.7758201277100434,33253.85592236341,1.4551915228366852e-11,0.02923559581535859,0.04246419686151884,0.042942797907679194,0.016542797907679294,0.017088232020256333,0.05252445248941795,347.45536630486725,sterilized_yield_cap,-0.0003662453679011343,-0.002541757410104292,-0.0019144041846414128,0.02923559581535859,0.02923559581535859,0.0,0.0,0.03115,0.0438999999999999,0.0438999999999999,0.0175,0.02923559581535859,0.04246419686151884,0.042942797907679194,0.016542797907679294,0.0,0.0,0.0,0.0,0.0,False,0.0,10174.839866289843,0.0,0.0,0.0,True,1.0,44345.557269884805,44345.557269884805,0.030951235500660083,344.39652565561056,324.11719713729724,20.27932851831332,0.0,1960.934048938272,1434.602913330999,0.0965826955570175,35214.78997130169,59565.8926078095,-0.002541757410104292,17.032730504104833,0.0,0.0,0.0,-0.0019144041846414113,14,True,9.655805511708457e-11,sterilized_yield_cap
2042Q2,2042-06-30,2042,2,2042,60014.91983013437,30401.90813982654,0.021216012811456464,0.019412124130368847,0.019412124130368847,360.65917939509194,1389.055326380829,183.18104180445243,790.1996779251405,305.918390629222,89.2156527151828,20.54056330683172,5.987900480119798,51.3041869931151,0.0,1446.347413854064,1807.006593249156,0.0,0.0,119400.91289684048,121207.91949008964,2.019629782613312,0.024037967919703838,0.09639918993128983,0.12043715785099367,120625.15545309501,582.7640369946275,25440.93873835942,61199.34782960703,20415.642938219684,81614.99076782672,10822.942574351335,2746.28337255751,0.21090906488615557,19.037923244535172,34881.69358131585,44461.59334843247,0.28917428914634286,0.36859304496997164,27550.672637955355,27550.672637955355,0,0.0,0.0,0.0,0.0,0.0,0.0,0.0,0.0,0.0,0.0,0.0,none,2705.457912169346,30256.1305501247,1755.7024062560408,1755.7024062560408,0.0,29306.375044211396,0.2154110468670722,0.5181811771623273,0.1728613500867164,0.0702933619006643,0.0232530639832198,0.04576742697959597,0.048453479249481894,0.030748374268561186,0.7969486175587924,34700.20333621747,0.0,0.029369074624208756,0.04256430596815646,0.04300953731210427,0.01660953731210438,0.017088232020256333,0.05252445248941706,350.3047114617209,sterilized_yield_cap,-0.0005878758696311534,-0.0015312655249886896,-0.0017809253757912439,0.029369074624208756,0.029369074624208756,0.0,0.0,0.03115,0.0438999999999999,0.0438999999999999,0.0175,0.029369074624208756,0.04256430596815646,0.04300953731210427,0.01660953731210438,0.0,0.0,0.0,0.0,0.0,False,0.0,10128.483786828145,0.0,0.0,0.0,True,1.0,44345.557269884805,44345.557269884805,0.03090490218506355,343.13744661705334,325.5969951778425,17.54045143921087,0.0,1943.3935974990613,1428.806962414853,0.0952301172081165,36643.596933716544,60106.95954509768,-0.0015312655249886896,10.354467933371017,0.0,0.0,0.0,-0.0017809253757912445,14,True,9.655805511708457e-11,sterilized_yield_cap
2042Q3,2042-09-30,2042,3,2042,60605.57712078468,30554.961882620846,0.020289965280329447,0.01927137620315521,0.01927137620315521,358.2703522598438,1380.7057681387344,186.79420707920028,774.8666280006913,309.4514645856474,88.63488654714082,20.958581926055057,5.987900480119798,51.7706032540175,0.0,1438.4642718728717,1796.7346241327155,0.0,0.0,121207.91949008964,123004.65411422236,2.029592983977013,0.023646031885535827,0.09493939932333723,0.11858543120887305,122421.89007722773,582.7640369946275,25816.823264842275,62103.55534005186,20717.279774721515,82820.83511477338,10997.37256502862,2786.8591325834195,0.21088404409175662,19.018777887568515,35137.951294736034,44853.6022715815,0.2870234340653446,0.36638547438931374,27971.7176489127,27971.717648912705,0,0.0,0.0,0.0,0.0,0.0,0.0,0.0,0.0,0.0,0.0,0.0,none,2746.28337255751,30718.001021470216,1744.964020878698,1744.964020878698,0.0,29716.681669791404,0.2154110468670722,0.5181811771623273,0.1728613500867164,0.0702933619006643,0.0232530639832198,0.04480638335734461,0.04747096651520317,0.030832192976870853,0.8177630686273987,36138.66760809034,0.0,0.029526466621013138,0.04268234996575975,0.043088233310506464,0.01668823331050657,0.017088232020256333,0.05252445248941906,353.1774229804449,sterilized_yield_cap,-0.0007286237968447892,-0.0007464113738305991,-0.0016235333789868635,0.029526466621013138,0.029526466621013138,0.0,0.0,0.03115,0.0438999999999999,0.0438999999999999,0.0175,0.029526466621013138,0.04268234996575975,0.043088233310506464,0.01668823331050657,0.0,0.0,0.0,0.0,0.0,False,0.0,10132.349746882746,0.0,0.0,0.0,True,1.0,44345.557269884805,44345.557269884805,0.030888289131297108,342.6237774419809,327.34190412987004,15.28187331211086,0.0,1928.1117241869506,1423.182398560761,0.09393078763853109,38066.77933227731,60650.84760326822,-0.0007464113738305991,5.092929279398895,0.0,0.0,0.0,-0.0016235333789868626,14,True,9.655805511708457e-11,sterilized_yield_cap
2042Q4,2042-12-31,2042,4,2043,61189.20080363717,30702.922307836532,0.01951089092663616,0.019194072747592786,0.019194072747592786,369.15401769141306,1371.8516532359993,190.5698925974902,759.8676819537912,312.90167257610415,87.12617910955869,21.38622699905551,6.009754131507097,52.39545520203362,0.0,1430.25686256954,1799.410880260953,0.0,0.0,123004.65411422236,124804.06499448331,2.0396420177964605,0.02413197184098342,0.09349733899348617,0.11762931083446958,124221.30095748868,582.7640369946275,26193.14968644714,63008.82584952964,21019.27121971952,84028.09706924917,11172.57160775037,2827.4825940419864,0.2108587616177923,18.91036670279983,35663.69035516913,45298.36674521857,0.28709802650814326,0.3646586084356071,28032.981823574395,28032.981823574395,0,0.0,0.0,0.0,0.0,0.0,0.0,0.0,0.0,0.0,0.0,0.0,none,2786.8591325834195,30819.840956157816,1747.0154250589194,1747.0154250589194,0.0,29779.997248633314,0.2154110468670722,0.5181811771623273,0.1728613500867164,0.0702933619006643,0.0232530639832198,0.044008729163041695,0.046510658409442,0.030920889610820772,0.8354391285757388,37568.924470659884,0.0,0.029695813432421992,0.04280936007431639,0.04317290671621089,0.016772906716210997,0.017088232020256333,0.05252445248941795,368.108227336267,sterilized_yield_cap,-0.0008059272524072146,-0.0001518977551166682,-0.0014541865675780099,0.029695813432421992,0.029695813432421992,0.0,0.0,0.03115,0.0438999999999999,0.0438999999999999,0.0175,0.029695813432421992,0.04280936007431639,0.04317290671621089,0.016772906716210997,0.0,0.0,0.0,0.0,0.0,False,0.0,10007.447928180916,0.0,0.0,0.0,True,1.0,44345.557269884805,44345.557269884805,0.030895646071233195,342.43959866017406,329.219348810821,13.220249849353081,0.0,1914.8914743375976,1417.036612720187,0.09263311787762106,39483.81594499749,61198.496717905145,-0.0001518977551166682,1.045790355146015,0.0,0.0,0.0,-0.0014541865675780086,14,True,9.655805511708457e-11,sterilized_yield_cap
2043Q1,2043-03-31,2043,1,2043,61767.17341918718,30846.18734242265,0.018795723022640987,0.019165406610211093,0.019165406610211093,369.1515017672617,1367.2371370788192,194.45672157405923,748.0223553514215,316.3473612402432,86.59097829968758,21.819720613407764,6.009754131507097,53.15123088204939,0.0,1426.3981220923756,1795.5496238596374,0.0,0.0,124804.06499448331,126599.61461834295,2.049626162414232,0.023905999341235166,0.09237256899628717,0.11627856833752234,126016.85058134832,582.7640369946275,26568.481548337946,63911.70389988851,21320.464558318552,85232.16845820706,11348.201879445121,2867.998695358154,0.21083276899692915,18.84914090512626,36070.74038689135,45762.43840522737,0.28623743745767094,0.3631453904308305,28598.589555867817,28598.589555867817,0,0.0,0.0,0.0,0.0,0.0,0.0,0.0,0.0,0.0,0.0,0.0,none,2827.4825940419864,31426.072149909804,1742.3983929775882,1742.3983929775882,0.0,30340.987948845406,0.2154110468670722,0.5181811771623273,0.1728613500867164,0.0702933619006643,0.0232530639832198,0.04318773810248809,0.04571639945078476,0.031022397211154986,0.8540756565141391,38995.32259275226,0.0,0.02986805295903266,0.042938539719274395,0.043259026479516224,0.016859026479516332,0.01701953976476145,0.05516540834182937,371.12693850459084,sterilized_yield_cap,-0.0008345933897889075,0.0002843651406533811,-0.0012819470409673403,0.02986805295903266,0.02986805295903266,0.0,0.0,0.03115,0.0438999999999999,0.0438999999999999,0.0175,0.02986805295903266,0.042938539719274395,0.043259026479516224,0.016859026479516332,0.0,0.0,0.0,0.0,0.0,False,0.0,10063.895305564589,0.0,0.0,0.0,True,1.0,44345.557269884805,44345.557269884805,0.03092441130230856,342.5211605604908,331.1288632586838,11.392297301806991,0.0,1903.4991770357906,1415.0058247905686,0.0916348115972563,40898.82176978806,61749.61398152203,0.0002843651406533811,-1.975436737329094,0.0,0.0,0.0,-0.0012819470409673392,14,True,9.655805511708457e-11,sterilized_yield_cap
2043Q2,2043-06-30,2043,2,2043,62342.63524597651,30986.101886267516,0.018267331016890376,0.01917298461269987,0.01917298461269987,370.02757574478903,1361.1190753331337,198.38720348170997,735.7118475418655,319.7703235387307,84.9965227356929,22.253178035134656,6.009754131507097,54.00795126048722,0.0,1421.1367807251281,1791.164356469917,0.0,0.0,126599.61461834295,128390.77897481286,2.059437790337857,0.023741542158737666,0.09118233614077749,0.11492387829951514,127808.01493781823,582.7640369946275,26942.68422815595,64811.86565085501,21620.751759834846,86432.61741068985,11524.320394575056,2908.392904397349,0.21080590478824224,18.74052899402409,36536.38130005719,46248.37596562361,0.2858692494193971,0.3618581822753807,28864.80395781083,28864.80395781083,0,0.0,0.0,0.0,0.0,0.0,0.0,0.0,0.0,0.0,0.0,0.0,none,2867.998695358154,31732.802653168983,1737.15640520943,1737.15640520943,0.0,30601.96036302026,0.2154110468670722,0.5181811771623273,0.1728613500867164,0.0702933619006643,0.0232530639832198,0.042411889860917665,0.044901772726856956,0.031240579482696613,0.871326550231498,40416.45937347739,-1.4551915228366852e-11,0.030036524627645535,0.04306489347073405,0.04334326231382266,0.016943262313822767,0.01701953976476145,0.05516540834182937,374.170404939005,sterilized_yield_cap,-0.0008270153873001299,0.000591038754417207,-0.001113475372354466,0.030036524627645535,0.030036524627645535,0.0,0.0,0.03115,0.0438999999999999,0.0438999999999999,0.0175,0.030036524627645535,0.04306489347073405,0.04334326231382266,0.016943262313822767,0.0,0.0,0.0,0.0,0.0,False,0.0,10015.223361522843,0.0,0.0,0.0,True,1.0,44345.557269884805,44345.557269884805,0.030995816311994683,342.84006311099927,332.9966057658901,9.843457345109186,0.0,1893.6557196906815,1411.2933233800188,0.09055076467728247,42310.11509316808,62305.810097583475,0.000591038754417207,-4.142829194215962,0.0,0.0,0.0,-0.001113475372354466,14,True,9.655805511708457e-11,sterilized_yield_cap
2043Q3,2043-09-30,2043,3,2043,62917.40813617535,31123.40160179531,0.017842189931884134,0.019206586828885076,0.019206586828885076,371.62801233719824,1355.6614888126028,202.31614958847078,723.1332214327706,323.1668162801969,84.36235852336074,22.682942987804022,6.009754131507097,54.941568452732966,0.0,1416.612811396843,1788.2408237340412,0.0,0.0,128390.77897481286,130179.0197985469,2.069046129757822,0.023626403143172384,0.09006173988164266,0.11368814302481504,129596.25576155227,582.7640369946275,27316.056035270016,65710.02869933128,21920.37220920707,87630.40090853834,11701.101394861433,2948.697422882472,0.2107781268428741,18.65640001488059,37045.904300567665,46703.0105736408,0.28585628560696574,0.3603731473505759,29354.492392313663,29354.49239231366,0,0.0,0.0,0.0,0.0,0.0,0.0,0.0,0.0,0.0,0.0,0.0,none,2908.392904397349,32262.885296711007,1733.2992552813082,1733.2992552813082,0.0,31087.791647594968,0.2154110468670722,0.5181811771623273,0.1728613500867164,0.0702933619006643,0.0232530639832198,0.041612479931826575,0.04413440973591251,0.0313514274796057,0.888959977703691,41833.07218487423,0.0,0.030196531876430475,0.04318489890732275,0.04342326593821513,0.017023265938215237,0.017019539764762337,0.05516540834182937,377.2388296477356,sterilized_yield_cap,-0.0007934131711149241,0.0007933177637756005,-0.0009534681235695259,0.030196531876430475,0.030196531876430475,0.0,0.0,0.03115,0.0438999999999999,0.0438999999999999,0.0175,0.030196531876430475,0.04318489890732275,0.04342326593821513,0.017023265938215237,0.0,0.0,0.0,0.0,0.0,False,0.0,10044.590531279338,0.0,0.0,0.0,True,1.0,44345.557269884805,44345.557269884805,0.031076364822080236,343.63168684759745,334.7705084195374,8.861178428060043,0.0,1884.7945412626214,1407.751632968783,0.08949838683258628,43717.86672613687,62867.53420452612,0.0007933177637756005,-5.610817310537334,0.0,0.0,0.0,-0.0009534681235695251,14,True,9.655805511708457e-11,sterilized_yield_cap
2043Q4,2043-12-31,2043,4,2044,63493.03899317342,31258.729621540235,0.017506211533599103,0.01925791741757241,0.01925791741757241,392.98078306981796,1348.7080647968207,206.21253920184802,710.2889757727654,326.4384753753398,82.66137392707314,23.10670051979494,6.019952502154488,55.932388264820375,0.0,1410.6604055637956,1803.6411886336136,0.0,0.0,130179.0197985469,131982.6609871805,2.07869497318235,0.024757408957039848,0.08887024013548733,0.11362764909252718,131399.89695018588,582.7640369946275,27692.53181757625,66615.65850284332,22222.483511997256,88838.14201484057,11879.886110327549,2989.337007441484,0.21075002690507877,18.546309703298988,37341.60161410605,47357.57616398728,0.2841828835547898,0.36040801601192035,29680.75334200488,29680.753342004875,0,0.0,0.0,0.0,0.0,0.0,0.0,0.0,0.0,0.0,0.0,0.0,none,2948.697422882472,32629.450764887348,1747.7088003687932,1747.7088003687932,0.0,31428.462142373668,0.2154110468670722,0.5181811771623273,0.1728613500867164,0.0702933619006643,0.0232530639832198,0.04154190046234329,0.04334524588514506,0.031529192057443214,0.8919917366479527,43243.73259043803,0.0,0.030344959764921818,0.043296219823691265,0.043497479882460804,0.017097479882460912,0.01701953976476145,0.05516540834182848,399.49652748727436,sterilized_yield_cap,-0.0007420825824275903,0.0009130230541090969,-0.0008050402350781815,0.030344959764921818,0.030344959764921818,0.0,0.0,0.03115,0.0438999999999999,0.0438999999999999,0.0175,0.030344959764921818,0.043296219823691265,0.043497479882460804,0.017097479882460912,0.0,0.0,0.0,0.0,0.0,False,0.0,10016.823282899388,0.0,0.0,0.0,True,1.0,44345.557269884805,44345.557269884805,0.03117864993638627,344.52467898934816,336.4160377769227,8.108641212425482,0.0,1876.6859000501959,1402.5517643513701,0.08835940358767003,45120.418490488235,63435.12126501824,0.0009130230541090969,-6.515744417456386,0.0,0.0,0.0,-0.0008050402350781825,14,True,9.655805511708457e-11,sterilized_yield_cap
2044Q1,2044-03-31,2044,1,2044,64068.11613194576,31391.313573386175,0.017074253981171905,0.0193203581350475,0.0193203581350475,395.79672068295287,1365.142379972984,210.08219094829215,719.8193701181118,329.75918636187805,81.9555915099086,23.526041034792964,6.019952502154488,56.9698051833536,0.0,1428.132137658492,1823.9288583414448,0.0,0.0,131982.6609871805,133806.58984552196,2.088505139903795,0.024710994771116736,0.0891633607404538,0.11387435551157053,133223.82580852733,582.7640369946275,28073.154316988286,67531.26342500643,22527.92243947411,90059.18586448053,12061.0614076982,3030.4242193602986,0.21072172448594698,18.457277195742414,37779.62371008721,48107.54635097334,0.2835800839737559,0.36110317399317693,30131.431200288524,30131.43120028852,0,0.0,0.0,0.0,0.0,0.0,0.0,0.0,0.0,0.0,0.0,0.0,none,2989.337007441484,33120.768207730005,1766.9590531580911,1766.9590531580911,0.0,31898.39025344661,0.2154110468670722,0.5181811771623273,0.1728613500867164,0.0702933619006643,0.0232530639832198,0.04144106982348358,0.043282416856171936,0.031557231082408974,0.8960275550830283,44671.864728096516,0.0,0.03047994485229145,0.043397458639218484,0.04356497242614562,0.017164972426145727,0.016847634395924738,0.05292516736733344,402.7726417919155,sterilized_yield_cap,-0.0006796418649525002,0.0009687854741796589,-0.0006700551477085511,0.03047994485229145,0.03047994485229145,0.0,0.0,0.03115,0.0438999999999999,0.0438999999999999,0.0175,0.03047994485229145,0.043397458639218484,0.04356497242614562,0.017164972426145727,0.0,0.0,0.0,0.0,0.0,False,0.0,10029.70076716159,0.0,0.0,0.0,True,1.0,44345.557269884805,44345.557269884805,0.031264274198306984,345.6586515879269,337.9125350075553,7.74611658037162,0.0,1868.9397834698243,1420.3860210781204,0.08867974317539734,46540.804511566355,64006.10794431053,0.0009687854741796589,-6.975921108962622,0.0,0.0,0.0,-0.0006700551477085495,14,True,9.655805511708457e-11,sterilized_yield_cap
2044Q2,2044-06-30,2044,2,2044,64646.36907337967,31522.939986262456,0.016878122686944108,0.019388732355593095,0.019388732355593095,398.98227832154356,1380.7098955775707,213.91704885291765,729.5363124215324,333.1316870514222,80.18404605048296,23.940801201216384,6.019952502154488,58.04185196878629,0.0,1444.7717000485113,1843.753978370055,0.0,0.0,133806.58984552196,135650.343823892,2.0983443582100674,0.024687064968407516,0.08939538110228963,0.11408244607069715,135067.57978689738,582.7640369946275,28457.816435539607,68456.58583673807,22836.603048510056,91293.18888524812,12244.626968418508,3071.9474976911188,0.21069316915605413,18.33849455522323,38184.81696726968,48808.89789595716,0.2827089744816314,0.36136649500172663,30460.04214668451,30460.04214668451,0,0.0,0.0,0.0,0.0,0.0,0.0,0.0,0.0,0.0,0.0,0.0,none,3030.4242193602986,33490.46636604481,1785.7121264012687,1785.7121264012687,0.0,32245.75427308578,0.2154110468670722,0.5181811771623273,0.1728613500867164,0.0702933619006643,0.0232530639832198,0.04137175902355071,0.04318985191137394,0.03175388744657371,0.8989850923450569,46116.63642814503,0.0,0.030600593802368865,0.043487945351776545,0.04362529690118433,0.017225296901184434,0.01684763439592385,0.05292516736733344,406.07562222479197,sterilized_yield_cap,-0.000611267644406905,0.0009762884381132727,-0.0005494061976311362,0.030600593802368865,0.030600593802368865,0.0,0.0,0.03115,0.0438999999999999,0.0438999999999999,0.0175,0.030600593802368865,0.043487945351776545,0.04362529690118433,0.017225296901184434,0.0,0.0,0.0,0.0,0.0,False,0.0,10000.67925693252,0.0,0.0,0.0,True,1.0,44345.557269884805,44345.557269884805,0.03137469033370609,346.60791549060104,339.2500962388576,7.357819251743422,0.0,1861.5819642180809,1437.413880796768,0.08894011536302487,47978.218392363124,64583.317127573,0.0009762884381132727,-7.093343903248397,0.0,0.0,0.0,-0.000549406197631136,14,True,9.655805511708457e-11,sterilized_yield_cap
2044Q3,2044-09-30,2044,3,2044,65228.66958144814,31654.003670868504,0.01673490386575982,0.01945908483693201,0.01945908483693201,402.451651769477,1397.4590558491923,217.70652031158104,739.4109733086034,336.5790238927751,79.41217306821827,24.350365268014958,6.019952502154488,59.13750571122637,0.0,1462.616514062573,1865.06816583205,0.0,0.0,135650.343823892,137515.41198972406,2.1082050710541425,0.02467943340570229,0.08969163550001698,0.11437106890571927,136932.64795272943,582.7640369946275,28846.833849605577,69392.38511207301,23148.778660581538,92541.16377265455,12430.709411589121,3113.9409188801665,0.21066439801532066,18.254892985926553,38518.78084728934,49362.155375360904,0.28129727587380343,0.36048492535104726,31006.647423546703,31006.647423546707,0,0.0,0.0,0.0,0.0,0.0,0.0,0.0,0.0,0.0,0.0,0.0,none,3071.9474976911188,34078.594921237825,1805.9306601208236,1805.9306601208236,0.0,32812.57808366753,0.2154110468670722,0.5181811771623273,0.1728613500867164,0.0702933619006643,0.0232530639832198,0.04126934702834278,0.04312901752645505,0.031827904598209056,0.902573353249356,47579.252942207604,0.0,0.03070674666323788,0.043567559997428305,0.043678373331618836,0.017278373331618944,0.016847634395925626,0.05292516736733344,409.40568910448235,sterilized_yield_cap,-0.0005409151630679891,0.0009485445374177643,-0.00044325333676211885,0.03070674666323788,0.03070674666323788,0.0,0.0,0.03115,0.0438999999999999,0.0438999999999999,0.0175,0.03070674666323788,0.043567559997428305,0.043678373331618836,0.017278373331618944,0.0,0.0,0.0,0.0,0.0,False,0.0,10041.484478870834,0.0,0.0,0.0,True,1.0,44345.557269884805,44345.557269884805,0.03147731490948743,347.8320317545661,340.4269481816149,7.405083572951241,0.0,1854.1768806451296,1455.2114304896218,0.08923753557000355,49433.42982285275,65166.85591624807,0.0009485445374177643,-6.954037335005358,0.0,0.0,0.0,-0.0004432533367621193,14,True,9.655805511708457e-11,sterilized_yield_cap
2044Q4,2044-12-31,2044,4,2045,65815.71660942791,31784.830623600283,0.01663489507426741,0.019528480446480166,0.019528480446480166,423.9399823942748,1413.2254566615493,221.4481047640884,749.4486840110354,340.1246016858848,77.44918528829709,24.75488091224365,6.028693962709422,60.24878146875667,0.0,1479.5029320930155,1903.4429144872902,0.0,0.0,137515.41198972406,139418.85490421136,2.118321612018124,0.025765273356215142,0.08991791069436329,0.11568318405057844,138836.09086721673,582.7640369946275,29243.878227378344,70347.49361765925,23467.39568688704,93814.88930454629,12620.52250530333,3156.8008299887415,0.210635995616927,18.104493763378837,39277.4687270055,50943.25754624106,0.2829053200912333,0.3669309415731343,31129.768054527765,31129.76805452777,0,0.0,0.0,0.0,0.0,0.0,0.0,0.0,0.0,0.0,0.0,0.0,none,3113.9409188801665,34243.708973407935,1843.1941330185336,1843.1941330185336,0.0,32972.962187546305,0.2154110468670722,0.5181811771623273,0.1728613500867164,0.0702933619006643,0.0232530639832198,0.0412006431993226,0.043035261595364235,0.03188990316211896,0.9054314553070826,49058.75587430062,0.0,0.03079878046131458,0.043636585345985836,0.04372439023065719,0.01732439023065729,0.01684763439592385,0.05292516736733255,430.56965113041537,sterilized_yield_cap,-0.00047151955351983424,0.0008961871793420605,-0.00035121953868542,0.03079878046131458,0.03079878046131458,0.0,0.0,0.03115,0.0438999999999999,0.0438999999999999,0.0175,0.03079878046131458,0.043636585345985836,0.04372439023065719,0.01732439023065729,0.0,0.0,0.0,0.0,0.0,False,0.0,9943.14160991881,0.0,0.0,0.0,True,1.0,44345.557269884805,44345.557269884805,0.031569825268474176,348.9697677552184,341.44727069745875,7.522497057759665,0.0,1846.65438358737,1471.980435035256,0.08946072524108317,50905.410257888005,65756.78622066218,0.0008961871793420605,-6.629668736140587,0.0,0.0,0.0,-0.000351219538685419,14,True,9.655805511708457e-11,sterilized_yield_cap
2045Q1,2045-03-31,2045,1,2045,66398.02843552783,31910.864194682188,0.015955432423783833,0.019594823509795627,0.019594823509795627,427.92249133793905,1430.467128904455,225.16894634061077,759.7568871540248,343.7275367023933,76.6560696322382,25.157689075186855,6.028693962709422,61.3750634261158,0.0,1497.8708862932801,1925.7933776312193,0.0,0.0,139418.85490421136,141344.6482818426,2.1287476693541825,0.025779228776556206,0.09023586522589029,0.11601509400244651,140761.88424484796,582.7640369946275,29645.494528239407,71313.60009443705,23789.681553806935,95103.28164824398,12812.953800024088,3200.1542683404396,0.2106074004854369,18.005167592807464,39993.35372411643,52476.56022703263,0.284120619290305,0.3728037636648312,31742.0737661337,31742.0737661337,0,0.0,0.0,0.0,0.0,0.0,0.0,0.0,0.0,0.0,0.0,0.0,none,3156.8008299887415,34898.87459612244,1864.4183142051033,1864.4183142051033,0.0,33606.4920803388,0.2154110468670722,0.5181811771623273,0.1728613500867164,0.0702933619006643,0.0232530639832198,0.04109891242940219,0.042974700583286306,0.03191113031968374,0.9093302508055497,50556.62676059391,0.0,0.030877448632420156,0.04369558647431501,0.04376372431620997,0.01736372431621008,0.01623329428827147,0.054489465960201544,434.1005839324724,sterilized_yield_cap,-0.00040517649020437377,0.0008277630776645807,-0.00027255136757984514,0.030877448632420156,0.030877448632420156,0.0,0.0,0.03115,0.0438999999999999,0.0438999999999999,0.0175,0.030877448632420156,0.04369558647431501,0.04376372431620997,0.01736372431621008,0.0,0.0,0.0,0.0,0.0,False,0.0,10000.007868696248,0.0,0.0,0.0,True,1.0,44345.557269884805,44345.557269884805,0.031646790209447856,349.9953736108445,342.3194166692286,7.675956941615937,0.0,1838.978426645754,1490.194929351664,0.08977344445090783,52395.60518723967,66343.11205690973,0.0008277630776645807,-6.178092594533297,0.0,0.0,0.0,-0.0002725513675798444,14,True,9.655805511708457e-11,sterilized_yield_cap
2045Q2,2045-06-30,2045,2,2045,66985.884174465,32037.098887596952,0.015917553141135743,0.019656698270360238,0.019656698270360238,432.01265884684534,1446.7057217989102,228.8443086196013,770.2213645567673,347.3954053588108,74.68840980178894,25.556233461941762,6.028693962709422,62.50621057359268,0.0,1515.2406263352123,1947.2532851820577,0.0,0.0,141344.6482818426,143291.90156702464,2.1391357796191857,0.025797235592004232,0.09048118988106581,0.11627842547307005,142709.13753003,582.7640369946275,30051.48986866047,72290.24055221093,24115.481477695743,96405.72202990667,13007.945218804358,3243.9804126584963,0.2105785963588827,17.86957529046473,40698.57354651406,54068.47115237862,0.28518547761491403,0.3788718234037473,32051.910774802258,32051.910774802258,0,0.0,0.0,0.0,0.0,0.0,0.0,0.0,0.0,0.0,0.0,0.0,none,3200.1542683404396,35252.0650431427,1884.747074608465,1884.747074608465,0.0,33936.65784941072,0.2154110468670722,0.5181811771623273,0.1728613500867164,0.0702933619006643,0.0232530639832198,0.041026172017538526,0.04288073569828574,0.0320488131674012,0.9121231066249493,52071.867386929116,0.0,0.03094375185568152,0.04374531389176104,0.04379687592784066,0.01739687592784076,0.01623329428827147,0.054489465960201544,437.6604725293001,sterilized_yield_cap,-0.0003433017296397625,0.0007500153468050646,-0.0002062481443184783,0.03094375185568152,0.03094375185568152,0.0,0.0,0.03115,0.0438999999999999,0.0438999999999999,0.0175,0.03094375185568152,0.04374531389176104,0.04379687592784066,0.01739687592784076,0.0,0.0,0.0,0.0,0.0,False,0.0,9959.837677346604,0.0,0.0,0.0,True,1.0,44345.557269884805,44345.557269884805,0.03173708298397346,350.84863691027493,343.05448001530726,7.794156894967671,0.0,1831.1842697507864,1507.4464694402445,0.09001576902465566,53903.05165667991,66935.68138617651,0.0007500153468050646,-5.647813682454729,0.0,0.0,0.0,-0.00020624814431847993,14,True,9.655805511708457e-11,sterilized_yield_cap
2045Q3,2045-09-30,2045,3,2045,67579.60267903507,32163.700406790336,0.015900807810490525,0.01971323008961291,0.01971323008961291,436.1731976898465,1464.1064694345494,232.4764613473392,780.8327088789476,351.0264515134193,73.81994837169174,25.95089932315147,6.028693962709422,63.63862150279353,0.0,1533.7737849000523,1969.9469825898989,0.0,0.0,143291.90156702464,145261.84854961454,2.1494924916846028,0.025816854814102577,0.09078323778756801,0.11660009260167059,144679.0845126199,582.7640369946275,30462.129748373693,73278.05366279345,24445.00851467486,97723.06217746831,13205.584663827301,3288.307922950602,0.21054964406908847,17.74588043109076,41330.26383998795,55634.556204304674,0.2856685469030794,0.3845376571998687,32545.651826211946,32545.651826211946,0,0.0,0.0,0.0,0.0,0.0,0.0,0.0,0.0,0.0,0.0,0.0,none,3243.9804126584963,35789.63223887044,1906.3083610871054,1906.3083610871054,0.0,34451.96018729905,0.2154110468670722,0.5181811771623273,0.1728613500867164,0.0702933619006643,0.0232530639832198,0.04092890724670716,0.04281536550570881,0.03206447202158037,0.9152677668914652,53605.64117182917,0.0,0.03099883602488742,0.04378662701866547,0.043824418012443606,0.017424418012443713,0.01623329428827036,0.054489465960201544,441.24955437601255,sterilized_yield_cap,-0.0002867699103870913,0.0006681501193479154,-0.0001511639751125788,0.03099883602488742,0.03099883602488742,0.0,0.0,0.03115,0.0438999999999999,0.0438999999999999,0.0175,0.03099883602488742,0.04378662701866547,0.043824418012443606,0.017424418012443713,0.0,0.0,0.0,0.0,0.0,False,0.0,9975.56123476246,0.0,0.0,0.0,True,1.0,44345.557269884805,44345.557269884805,0.03181072935563503,351.8496577612204,343.66516456035333,8.184493200867053,0.0,1822.9997765499193,1525.5892916991852,0.09029880207759565,55428.6409483791,67534.4795084914,0.0006681501193479154,-5.076356686166011,0.0,0.0,0.0,-0.00015116397511258026,14,True,9.655805511708457e-11,sterilized_yield_cap
2045Q4,2045-12-31,2045,4,2046,68179.41728751168,32290.795459666668,0.015899957158570732,0.019763966408628954,0.019763966408628954,457.5075838699752,1480.7777563306495,236.0726412596703,791.5943194226771,354.7537744356706,72.01445767335343,26.34256353927769,6.044719973726774,64.77059378121693,0.0,1551.5930700855934,2009.1006539555685,0.0,0.0,145261.84854961454,147270.94920357008,2.1600499837440745,0.026841390089367992,0.09102999889497713,0.11787138898434513,146688.18516657545,582.7640369946275,30880.959922090966,74285.5689021667,24781.10803389079,99066.6769360575,13407.028754182693,3333.5195542443334,0.21052111243331095,17.669399335463773,42571.95725160555,57085.42253152955,0.2902207645643846,0.38916169333409345,33108.366128230875,33108.366128230875,0,0.0,0.0,0.0,0.0,0.0,0.0,0.0,0.0,0.0,0.0,0.0,none,3288.307922950602,36396.67405118148,1944.3300601743515,1944.3300601743515,0.0,35052.69618840523,0.2154110468670722,0.5181811771623273,0.1728613500867164,0.0702933619006643,0.0232530639832198,0.040812829790263794,0.0427254116776751,0.03210370181656355,0.9191305771586602,55157.23424191476,-2.9103830456733704e-11,0.031043913351813456,0.04382043501385999,0.04384695667590663,0.01744695667590673,0.01623329428827236,0.054489465960201544,462.00030881330326,sterilized_yield_cap,-0.00023603359137104596,0.0005860821315921194,-0.00010608664818654402,0.031043913351813456,0.031043913351813456,0.0,0.0,0.03115,0.0438999999999999,0.0438999999999999,0.0175,0.031043913351813456,0.04382043501385999,0.04384695667590663,0.01744695667590673,0.0,0.0,0.0,0.0,0.0,False,0.0,10009.047044821742,0.0,0.0,0.0,True,1.0,44345.557269884805,44345.557269884805,0.03187685492321837,352.6661301092798,344.1649093560463,8.501220753233497,0.0,1814.4985557966857,1543.09184933236,0.09053124304803971,56971.73279771146,68139.48195468211,0.0005860821315921194,-4.492724943328071,0.0,0.0,0.0,-0.0001060866481865444,14,True,9.655805511708457e-11,sterilized_yield_cap
2046Q1,2046-03-31,2046,1,2046,68782.02128531474,32416.842169031308,0.015705610546263404,0.01980877608761725,0.01980877608761725,461.8704793649141,1497.0598099529195,239.666461010554,802.5949071677293,358.64421508896106,69.41923075417836,26.73499593149651,6.044719973726774,65.90663460764445,0.0,1569.0111645342909,2030.8816438992048,0.0,0.0,147270.94920357008,149301.8308474693,2.1706519822694696,0.026859953850383603,0.09124542345307794,0.11810537730346153,148719.06681047467,582.7640369946275,31304.237245910095,75303.78196557595,25120.776266883586,100424.55823245953,13611.06008824423,3379.211243860818,0.21049242654140468,17.630791235697252,43812.32305676831,58555.05777006484,0.29459788846444335,0.39372932486650497,33696.91110417144,33696.911104171435,0,0.0,0.0,0.0,0.0,0.0,0.0,0.0,0.0,0.0,0.0,0.0,none,3333.5195542443334,37030.43065841577,1964.9750092915606,1964.9750092915606,0.0,35661.886113463,0.2154110468670722,0.5181811771623273,0.1728613500867164,0.0702933619006643,0.0232530639832198,0.04067348539307584,0.042615632560783566,0.032086254228288376,0.9238516032373651,56726.24540644905,2.9103830456733704e-11,0.031080202916412156,0.043847652187309016,0.04386510145820598,0.01746510145820608,0.01602817697257164,0.05376022781086065,465.7889921091802,sterilized_yield_cap,-0.00019122391238275,0.000506656699169964,-6.979708358784351e-05,0.031080202916412156,0.031080202916412156,0.0,0.0,0.03115,0.0438999999999999,0.0438999999999999,0.0175,0.031080202916412156,0.043847652187309016,0.04386510145820598,0.01746510145820608,0.0,0.0,0.0,0.0,0.0,False,0.0,10047.859586777638,0.0,0.0,0.0,True,1.0,44345.557269884805,44345.557269884805,0.031924300821848245,353.39922389534746,344.567229597349,8.831994297998449,0.0,1805.6665614986873,1560.1791702362925,0.09073180119348412,58531.91196794775,68747.19006092126,0.000506656699169964,-3.918512744266109,0.0,0.0,0.0,-6.97970835878449e-05,14,True,9.655805511708457e-11,sterilized_yield_cap
2046Q2,2046-06-30,2046,2,2046,69390.93433743212,32543.530843158427,0.015724330056156255,0.019847765493760435,0.019847765493760435,466.2389949398219,1512.5777614635608,243.23551143659824,813.7319725400454,362.6180971209834,65.86650208923521,27.125678276699112,6.044719973726774,67.04034977702221,0.0,1585.6628312143098,2051.901826154132,0.0,0.0,149301.8308474693,151353.73267362342,2.181174444742668,0.026876075348552544,0.0914046104929844,0.11828068584153695,150770.9686366288,582.7640369946275,31731.798334422612,76332.29982190918,25463.882101425243,101796.18192333443,13817.623024102917,3425.365354768843,0.21046358341637386,17.550692057012476,45126.65538071087,60179.74078414699,0.2993059989517614,0.39914674110229686,34010.63263881578,34010.63263881578,0,0.0,0.0,0.0,0.0,0.0,0.0,0.0,0.0,0.0,0.0,0.0,none,3379.211243860818,37389.8438826766,1984.8614763771095,1984.8614763771095,0.0,35995.494115192894,0.2154110468670722,0.5181811771623273,0.1728613500867164,0.0702933619006643,0.0232530639832198,0.04055496062548311,0.04248207331989826,0.03214919211013622,0.9276598443638584,58311.90823766336,0.0,0.031108887333965496,0.04386916550047402,0.04387944366698265,0.017479443666982748,0.01602817697257164,0.05376022781085976,469.60874491051555,sterilized_yield_cap,-0.00015223450623956525,0.00043184702175636213,-4.111266603450516e-05,0.031108887333965496,0.031108887333965496,0.0,0.0,0.03115,0.0438999999999999,0.0438999999999999,0.0175,0.031108887333965496,0.04386916550047402,0.04387944366698265,0.017479443666982748,0.0,0.0,0.0,0.0,0.0,False,0.0,10003.387728472857,0.0,0.0,0.0,True,1.0,44345.557269884805,44345.557269884805,0.03197503137733115,353.92522759907547,344.88523621769025,9.03999138138522,0.0,1796.626570117302,1576.6228398329245,0.09088350545425262,60108.53480778068,69360.9810043593,0.00043184702175636213,-3.3697499706936194,0.0,0.0,0.0,-4.1112666034504725e-05,14,True,9.655805511708457e-11,sterilized_yield_cap
2046Q3,2046-09-30,2046,3,2046,70006.22365225804,32670.90679519416,0.01574822762499739,0.019881209585835426,0.019881209585835426,470.6025556237182,1528.9560753908331,246.78523482241675,824.9975637699921,366.6378816032043,63.02022092613852,27.51517426908144,6.044719973726774,68.17159910016674,0.0,1603.1723944647267,2073.7749500884447,0.0,0.0,151353.73267362342,153427.5076237119,2.191626681448102,0.026889183908067524,0.09160170686698749,0.11849089077505501,152844.74358671726,582.7640369946275,32163.827451859106,77371.565727245,25810.573404415518,103182.13913166051,14026.77522538329,3472.001777814334,0.21043463253684475,17.46886411632437,46493.31765908651,61816.31727605186,0.3041865658448914,0.4044386206908061,34447.10296607962,34447.10296607963,0,0.0,0.0,0.0,0.0,0.0,0.0,0.0,0.0,0.0,0.0,0.0,none,3425.365354768843,37872.46832084847,2005.6033509882782,2005.6033509882782,0.0,36452.7063170679,0.2154110468670722,0.5181811771623273,0.1728613500867164,0.0702933619006643,0.0232530639832198,0.04043601847886811,0.042368889518483964,0.032160064013488456,0.9314827462651664,59915.08063212808,2.9103830456733704e-11,0.031131082578708766,0.043885811934031474,0.04389054128935428,0.017490541289354383,0.016028176972572528,0.05376022781086176,473.45982200613537,sterilized_yield_cap,-0.00011879041416457473,0.0003629268893977908,-1.8917421291235928e-05,0.031131082578708766,0.031131082578708766,0.0,0.0,0.03115,0.0438999999999999,0.0438999999999999,0.0175,0.031131082578708766,0.043885811934031474,0.04389054128935428,0.017490541289354383,0.0,0.0,0.0,0.0,0.0,False,0.0,9994.298407110247,0.0,0.0,0.0,True,1.0,44345.557269884805,44345.557269884805,0.032016732767383725,354.48764628745056,345.13130134191067,9.356344945539888,0.0,1787.2702251717621,1593.816049519187,0.09106710611537343,61702.35085729986,69980.8257288588,0.0003629268893977908,-2.8572663824171562,0.0,0.0,0.0,-1.8917421291234776e-05,14,True,9.655805511708457e-11,sterilized_yield_cap
2036Q4,2036-12-31,2036,4,2037,45567.45791099619,27698.55388240954,0.017515988152144724,0.05366937236414482,0.05366937236414482,247.04041823154074,1585.4614325099787,330.1144357628681,916.7886883253786,225.02850094890826,99.41193727393606,14.117870198887333,5.894658234200658,82.22397719580539,0.0,1673.580067939985,1920.6204861715257,0.0,0.0,77061.53216807223,78982.15265424375,1.7333017086121898,0.021685687949858246,0.14691011038701124,0.1685957983368695,78399.38861724912,582.7640369946275,16667.82537190301,40095.22026638948,13375.464437414626,53470.6847038041,6461.630009626351,1799.2485319156606,0.2126014713364209,20.14527193319997,21534.802008048056,26301.444776855154,0.27468073907033064,0.33548022810816175,17422.492045636947,17422.492045636947,0,0.0,0.0,0.0,0.0,0.0,0.0,0.0,0.0,0.0,0.0,0.0,none,1756.50018026592,19178.992225902868,1838.3965089757203,1838.3965089757203,0.0,19260.88855461267,0.2154110468670722,0.5181811771623273,0.1728613500867164,0.0702933619006643,0.0232530639832198,0.07082821775435091,0.08686980499115354,0.032403524852640773,0.26554085223266977,1673.580067939985,0.0,0.03115,0.0438999999999999,0.0438999999999999,0.0175,0.017515988152144724,0.05366937236414482,247.04041823154074,fiscal_dominance,0.033669372364144814,0.0,0.02525202927310861,0.05640202927310861,0.03115,0.0,100.0,0.03115,0.0438999999999999,0.0438999999999999,0.0175,0.0664020292731086,0.07283902195483134,0.0665260146365542,0.04012601463655431,352.5202927310861,289.39021954831446,226.26014636554308,289.3902195483146,0.5787804390966291,False,11147.825535029959,0.0,11147.825535029959,11147.825535029959,0.0,True,1.0,11147.825535029959,11147.825535029959,0.032403524852640773,0.0,0.0,0.0,0.0,0.0,1673.580067939985,0.14691011038701124,1673.580067939985,45567.457910996185,0.0,-0.0,200.0,0.0,0.0,0.0,2,True,0.0,fiscal_dominance
2037Q1,2037-03-31,2037,1,2037,46359.78453943728,27818.71239056672,0.01746555549210771,0.052995984916861916,0.052995984916861916,249.06629979072068,1389.504914439378,129.8006900836947,916.7277742204586,228.51622098424357,99.99876907570876,14.46146007527212,5.894658234200658,83.95949308817919,0.0,1479.3590657617578,1728.4253655524785,0.0,0.0,78982.15265424375,80710.57801979623,1.740961025199275,0.021489858269625503,0.12764158250160104,0.14913144077122653,80127.8139828016,582.7640369946275,17022.06148702772,40947.351527986306,13659.729028300337,54607.080556286644,6661.1845374209515,1837.487402066294,0.2124363643650791,20.03108802858075,21821.812281003764,26686.38901430564,0.2723375466812003,0.3330477606693917,17920.511181399073,17920.511181399073,0,0.0,0.0,0.0,0.0,0.0,0.0,0.0,0.0,0.0,0.0,0.0,none,1799.2485319156606,19719.759713314736,1644.4658724642993,1644.4658724642993,0.0,19564.97705386337,0.2154110468670722,0.5181811771623273,0.1728613500867164,0.0702933619006643,0.0232530639832198,0.06952887954554098,0.07492118237080089,0.0322949315101173,0.29340432890457396,3152.939133701743,0.0,0.03115,0.0438999999999999,0.0438999999999999,0.0175,0.01746555549210771,0.052776795798754605,249.06629979072068,fiscal_dominance,0.03299598491686191,0.0,0.03737300332420074,0.06852300332420073,0.03115,0.0,100.0,0.03115,0.0438999999999999,0.0438999999999999,0.0175,0.07852300332420073,0.08192975249315045,0.07258650166210026,0.04618650166210037,473.7300332420073,380.2975249315055,286.86501662100363,380.2975249315055,0.760595049863011,False,14881.024697851875,2493.2008277633727,12387.823870088503,12387.823870088503,0.0,True,1.0,23535.649405118464,23535.649405118464,0.03233486389562623,90.30721044431168,86.8136913540458,3.4935190902658775,3.4935190902658775,0.0,1475.865546671492,0.12734015581250208,3149.445614611477,46359.78453943728,0.0,-0.0,200.0,0.0,0.0,0.0,2,True,0.0,fiscal_dominance
2037Q2,2037-06-30,2037,2,2037,47017.02111520412,27855.57397932805,0.005310802162333594,0.05233606521852467,0.05233606521852467,267.02478741403456,1394.064500864303,132.55930383022834,915.2757919587187,231.61811618942232,99.84248389182588,14.768804994107839,5.894658234200658,85.49495258331858,0.0,1485.4541116818223,1752.4788990958568,0.0,0.0,80710.57801979623,82463.05691889209,1.7538979493582934,0.022717286725567176,0.12637585933333098,0.14909314605889817,81880.29288189746,582.7640369946275,17381.14824405659,41811.151231700875,13947.886123867374,55759.037355568245,6863.857395839076,1876.2498864335507,0.21227511080263012,19.909511952959335,22150.892677126376,27116.514296173566,0.27052776556474206,0.331172658789654,18286.770585862167,18286.770585862167,0,0.0,0.0,0.0,0.0,0.0,0.0,0.0,0.0,0.0,0.0,0.0,none,1837.487402066294,20124.25798792846,1666.9839465125383,1666.9839465125383,0.0,19953.754532374704,0.2154110468670722,0.5181811771623273,0.1728613500867164,0.0702933619006643,0.0232530639832198,0.06827001697551245,0.07361880676000009,0.03234074836921605,0.32044639870066466,4638.393245383565,0.0,0.03115,0.0438999999999999,0.0438999999999999,0.0175,0.01746555549210771,0.052776795798755494,251.10879480984056,fiscal_dominance,0.03233606521852467,-0.003,0.04218855057599387,0.07333855057599387,0.03115,0.0,100.0,0.03115,0.0438999999999999,0.0438999999999999,0.0175,0.08333855057599386,0.0855414129319953,0.07499427528799683,0.04859427528799694,521.8855057599386,416.414129319954,310.94275287996936,416.414129319954,0.832828258639908,False,16618.050640525795,5256.344428096665,11361.70621242913,11361.70621242913,0.0,True,1.0,34897.3556175476,34897.3556175476,0.03233766607012851,190.2555050524205,183.28386974236003,6.9716353100604636,6.9716353100604636,0.0,1478.482476371762,0.12578274346637908,4627.92809098324,47158.49660501918,-0.003,15.915992604193974,200.0,0.0,0.0,0.0,2,True,0.0,fiscal_dominance
2037Q3,2037-09-30,2037,3,2037,47704.59396676095,27909.06822397744,0.007703813785306934,0.05168934391415417,0.05168934391415417,282.305924945422,1398.7464899699426,135.35569195059068,913.3821310406211,234.75231342464463,100.17599509187626,15.080358462209661,5.894658234200658,87.02787710110896,0.0,1491.6690253052523,1773.9749502506743,0.0,0.0,82463.05691889209,84237.03186914277,1.7658054469101334,0.02367117306497767,0.12507550332318937,0.14874667638816705,83654.26783214814,582.7640369946275,17744.53527909308,42685.29545187606,14239.494072456842,56924.789524332904,7069.466454060352,1915.4765746618025,0.21211751341482543,19.77329152822521,22416.275362199205,27496.266338927075,0.2679633202597308,0.3286893430721095,18666.94410561117,18666.94410561117,0,0.0,0.0,0.0,0.0,0.0,0.0,0.0,0.0,0.0,0.0,0.0,none,1876.2498864335507,20543.19399204472,1686.9470731495653,1686.9470731495653,0.0,20353.891178760732,0.2154110468670722,0.5181811771623273,0.1728613500867164,0.0702933619006643,0.0232530639832198,0.06703346316713171,0.072355747217686,0.03232534326592034,0.3467484092177362,6130.062270688817,0.0,0.03115,0.0438999999999999,0.0438999999999999,0.0175,0.017465555492108598,0.052776795798754605,253.16803952936806,fiscal_dominance,0.031689343914154164,-0.0054,0.04351128322361256,0.07466128322361255,0.03115,0.0,100.0,0.03115,0.0438999999999999,0.0438999999999999,0.0175,0.08466128322361255,0.0865334624177093,0.07565564161180617,0.04925564161180628,535.1128322361255,426.33462417709404,317.5564161180627,426.3346241770941,0.8526692483541882,False,17355.137092476856,7787.133921887666,9568.00317058919,9568.00317058919,0.0,True,1.0,44465.358788136786,44465.358788136786,0.03233285639441184,282.1247581726943,271.7631568716519,10.361601301042413,10.361601301042413,0.0,1481.30742400421,0.12420668961453381,6109.235514987449,47963.59739268143,-0.0054,29.137885416053976,200.0,0.0,0.0,0.0,2,True,0.0,fiscal_dominance
2037Q4,2037-12-31,2037,4,2038,48415.985079006074,27976.029896863907,0.009631715077446978,0.050875557035871086,0.050875557035871086,305.17069760953143,1403.1466178039116,138.18556848593735,911.2177794844955,237.95271066041403,100.39491620422,15.39564296884424,5.91068424521801,88.24951258439152,0.0,1497.306814633521,1802.4775122430524,0.0,0.0,84237.03186914277,86039.50938138581,1.777088894111831,0.025212391908296272,0.12370350925961242,0.14891590116790868,85456.74534439118,582.7640369946275,18113.7989270684,43573.5761346638,14535.81783883429,58109.393973498096,7278.2148158049995,1955.3376280196924,0.21196453075845195,19.56069506102208,22909.82477212349,28862.03115285872,0.2680867926785272,0.3377384785313853,18823.81463112453,18823.81463112453,0,0.0,0.0,0.0,0.0,0.0,0.0,0.0,0.0,0.0,0.0,0.0,none,1915.4765746618025,20739.291205786332,1714.2279996586608,1714.2279996586608,0.0,20538.04263078319,0.2154110468670722,0.5181811771623273,0.1728613500867164,0.0702933619006643,0.0232530639832198,0.06596114004224635,0.07109969482113275,0.0321957247306278,0.3696990480568416,7627.369085322338,-1.4551915228366852e-11,0.03115,0.0438999999999999,0.0438999999999999,0.0175,0.01746555549210682,0.052776795798754605,265.00612925662665,fiscal_dominance,0.030875557035871085,-0.00732,0.04308230938870959,0.07423230938870959,0.03115,0.0,0.0,0.03115,0.0438999999999999,0.0438999999999999,0.0175,0.07423230938870959,0.07621173204153209,0.06544115469435469,0.0390411546943548,430.8230938870959,323.1173204153219,215.41154694354788,323.1173204153219,0.6462346408306437,False,13272.394602868626,9794.518477870708,3477.876124997918,3477.876124997918,0.0,True,1.0,47943.2349131347,47943.2349131347,0.03229489346684579,359.42301505570623,346.27398156261523,13.149033493090997,13.149033493090997,0.0,1484.1577811404302,0.12261717106187593,7593.39329612788,48773.003464365225,-0.00732,40.164568352904766,200.0,0.0,0.0,0.0,2,True,0.0,fiscal_dominance
2038Q1,2038-03-31,2038,1,2038,49145.54496511923,28053.752519661743,0.011159140918594934,0.04993404589515366,0.04993404589515366,316.58054407121523,1410.4244395688363,141.0612091445452,911.818050179685,241.20486399640652,100.62429006299207,15.716026185208282,5.91068424521801,89.20426068084153,0.0,1505.5393844948958,1822.119928566111,0.0,0.0,86039.50938138581,87861.62930995192,1.7877842105995816,0.025766774530298235,0.1225372013323644,0.14830397586266264,87278.8652729573,582.7640369946275,18487.08810521992,44471.54041537162,14835.37198077136,59306.91239614299,7489.231544671835,1995.6332269225525,0.21181632056515753,19.395330135306992,23380.690576210716,30242.983938119207,0.26788490550478145,0.3465098204878904,19300.983065719105,19300.98306571911,0,0.0,0.0,0.0,0.0,0.0,0.0,0.0,0.0,0.0,0.0,0.0,none,1955.3376280196924,21256.320693738802,1732.9156678852694,1732.9156678852694,0.0,21033.89873360438,0.2154110468670722,0.5181811771623273,0.1728613500867164,0.0702933619006643,0.0232530639832198,0.06488215007738198,0.06999293209919727,0.03217936213675898,0.392987794727769,9132.908469817234,0.0,0.03115,0.0438999999999999,0.0438999999999999,0.0175,0.017441798459170377,0.054505881638612586,267.1793405642089,fiscal_dominance,0.029934045895153662,-0.008856,0.04177768911572004,0.07292768911572003,0.03115,0.0,0.0,0.03115,0.0438999999999999,0.0438999999999999,0.0175,0.07292768911572003,0.07523326683678992,0.06478884455785991,0.03838884455786002,417.7768911572004,313.3326683679002,208.8884455786001,313.3326683679002,0.6266653367358005,False,13181.215232760916,10602.241015396416,2578.974217364501,2578.974217364501,0.0,True,1.0,50522.2091304992,50522.2091304992,0.032264751409437575,387.0804159939117,373.3579418860365,13.7224741078752,13.7224741078752,0.0,1491.8169103870207,0.12142031685238848,9085.210206514901,49584.666774070385,-0.008856,49.40120350700632,200.0,0.0,0.0,0.0,2,True,0.0,fiscal_dominance
2038Q2,2038-06-30,2038,2,2038,49889.127647841175,28140.35629388539,0.012405559994741466,0.04889616497725059,0.04889616497725059,326.548211466858,1416.899377839458,143.96819861940014,912.1607959900239,244.48569912567518,100.24478204296905,16.03990206139002,5.91068424521801,89.91635993391107,0.0,1512.726422018587,1839.274633485445,0.0,0.0,87861.62930995192,89700.90394343737,1.7980050598723778,0.026181913924966257,0.12128706139715766,0.1474689753221239,89118.13990644274,582.7640369946275,18863.919202271227,45378.02494483921,15137.768413722848,60515.79335856206,7702.116178822423,2036.3111667870214,0.21167317026673568,19.239377129560282,23859.084817532264,31678.97622456097,0.2677242236269721,0.3554716947393418,19723.618341602847,19723.61834160285,0,0.0,0.0,0.0,0.0,0.0,0.0,0.0,0.0,0.0,0.0,0.0,none,1995.6332269225525,21719.251568525404,1749.358273551534,1749.358273551534,0.0,21472.976615154384,0.2154110468670722,0.5181811771623273,0.1728613500867164,0.0702933619006643,0.0232530639832198,0.06381905242233413,0.06886858046677463,0.032181516788765116,0.41593550466432505,10645.63489183582,0.0,0.03115,0.0438999999999999,0.0438999999999999,0.0175,0.017441798459170377,0.054505881638612586,269.37037352520224,fiscal_dominance,0.02889616497725059,-0.0100848,0.04003976829079796,0.07118976829079796,0.03115,0.0,0.0,0.03115,0.0438999999999999,0.0438999999999999,0.0175,0.07118976829079796,0.07392982621809836,0.06391988414539887,0.03751988414539898,400.3976829079796,300.29826218098464,200.19884145398973,300.29826218098464,0.6005965243619693,False,12896.595122767567,11181.570572621085,1715.0245501464815,1715.0245501464815,0.0,True,1.0,52237.23368064568,52237.23368064568,0.03224420202105357,407.5216295627935,393.4417036037625,14.079925959031016,14.079925959031016,0.0,1498.646496059556,0.12015816405035146,10583.856702574458,50397.375096211435,-0.0100848,57.177837941655724,200.0,0.0,0.0,0.0,2,True,0.0,fiscal_dominance
2038Q3,2038-09-30,2038,3,2038,50643.07299227924,28234.200419644887,0.013406312944956644,0.04778688167770558,0.04778688167770558,335.3424040604543,1423.0162136336187,146.9027707876872,912.190222738107,247.7993476891567,99.75702141561749,16.366851003050687,5.91068424521801,90.41061862335802,0.0,1519.3375165021946,1854.679920562649,0.0,0.0,89700.90394343737,91555.58386400001,1.8078599590107431,0.02648673425576515,0.1200035800934769,0.14649031434924206,90972.81982700538,582.7640369946275,19243.962299557406,46292.23608854947,15442.742387172622,61734.97847572209,7916.543217977234,2077.335833748646,0.21153529522501197,19.040310151668255,24353.66954132074,33229.66588401375,0.26770270051683426,0.3652702636590087,20050.94264228706,20050.94264228706,0,0.0,0.0,0.0,0.0,0.0,0.0,0.0,0.0,0.0,0.0,0.0,none,2036.3111667870214,22087.25380907408,1764.269301939291,1764.269301939291,0.0,21815.21194422635,0.2154110468670722,0.5181811771623273,0.1728613500867164,0.0702933619006643,0.0232530639832198,0.0628087158968096,0.06775126892635294,0.032185678144099596,0.4374968508134191,12164.972408338015,0.0,0.03115,0.0438999999999999,0.0438999999999999,0.0175,0.01744179845916949,0.054505881638612586,271.57937428799494,fiscal_dominance,0.027786881677705582,-0.011067839999999999,0.038093085403678166,0.06924308540367817,0.03115,0.0,0.0,0.03115,0.0438999999999999,0.0438999999999999,0.0175,0.06924308540367817,0.07246981405275851,0.06294654270183898,0.03654654270183909,380.93085403678174,285.69814052758613,190.46542701839087,285.69814052758625,0.5713962810551725,False,12465.130975361315,11513.39244308495,951.7385322763657,951.7385322763657,0.0,True,1.0,53188.972212922046,53188.972212922046,0.032230486625529534,421.08697895493077,406.7974572880282,14.289521666902544,14.289521666902544,0.0,1505.047994835292,0.11887493439150056,12088.90469740975,51209.855479145524,-0.011067839999999999,63.76302977245942,200.0,0.0,0.0,0.0,2,True,0.0,fiscal_dominance
2038Q4,2038-12-31,2038,4,2039,51404.34468788456,28333.96702375644,0.01420924169146165,0.04662605604415147,0.04662605604415147,349.69957013010855,1429.60115187196,149.86235640780333,912.1759766964266,251.14643704776796,99.71979495620761,16.696586763754745,5.922339525957902,90.70833962870492,0.0,1526.2318310266226,1875.9314011567312,0.0,0.0,91555.58386400001,93431.51526515675,1.817580125424253,0.027211674207960786,0.11876286646924915,0.14597454067720994,92848.75122816212,582.7640369946275,19628.5190681324,47217.305076069395,15751.338455794299,62968.643531863694,8132.74088834334,2118.8477398226773,0.21140315629984302,18.83986261410153,25610.798440462426,34714.18700541989,0.27583352604848355,0.37387887878120074,20446.35123983489,20446.351239834887,0,0.0,0.0,0.0,0.0,0.0,0.0,0.0,0.0,0.0,0.0,0.0,none,2077.335833748646,22523.687073583533,1785.2230615280264,1785.2230615280264,0.0,22231.574301362914,0.2154110468670722,0.5181811771623273,0.1728613500867164,0.0702933619006643,0.0232530639832198,0.06182469426503763,0.0666800108355485,0.03218698219444959,0.4584948958326788,13691.204239364637,0.0,0.03115,0.0438999999999999,0.0438999999999999,0.0175,0.017441798459170377,0.054505881638613474,280.32405192709604,fiscal_dominance,0.026626056044151473,-0.011854271999999999,0.03605251673495269,0.06720251673495269,0.03115,0.0,0.0,0.03115,0.0438999999999999,0.0438999999999999,0.0175,0.06720251673495269,0.07093938755121441,0.06192625836747624,0.035526258367476346,360.5251673495269,270.39387551214514,180.26258367476345,270.39387551214514,0.5407877510242903,False,12022.56306816346,11712.816742993142,309.7463251703175,309.7463251703175,0.0,True,1.0,53498.71853809236,53498.71853809236,0.03222071004058141,428.5766143835615,414.20912110813043,14.367493275431059,14.367493275431059,0.0,1511.8643377511914,0.11764486810839718,13600.76903516094,52021.0159608002,-0.011854271999999999,69.37551820301252,0.0,0.0,0.0,0.0,2,True,0.0,fiscal_dominance
2039Q1,2039-03-31,2039,1,2039,52167.6648657563,28437.097711575865,0.014638983916791748,0.04542946452326844,0.04542946452326844,356.8124781461447,1436.187834157394,152.85709224308104,912.0505160263268,254.53327890089085,99.71670827827103,17.03023870882477,5.922339525957902,90.83339600592635,0.0,1532.943569689278,1889.7560478354228,0.0,0.0,93431.51526515675,95321.27131299218,1.8272098541938495,0.02735889973717127,0.11753974985340217,0.14489864959057344,94738.50727599754,582.7640369946275,20016.02687979588,48149.47293341838,16062.302654091121,64211.7755875095,8350.02660534562,2160.678203346532,0.21127657016469625,18.675741553256717,26908.87788805673,36355.50074245951,0.28403316309031845,0.383745762813706,20913.632755607043,20913.632755607046,0,0.0,0.0,0.0,0.0,0.0,0.0,0.0,0.0,0.0,0.0,0.0,none,2118.8477398226773,23032.480495429725,1798.9226518294965,1798.9226518294965,0.0,22712.555407436543,0.2154110468670722,0.5181811771623273,0.1728613500867164,0.0702933619006643,0.0232530639832198,0.06084985830404052,0.06562854365954851,0.032170303554764794,0.4795844446951808,15224.147809053915,0.0,0.03115,0.0438999999999999,0.0438999999999999,0.0175,0.017227156981449054,0.053808129052610454,282.6228795094774,fiscal_dominance,0.025429464523268438,-0.012483417600000001,0.03397750235992767,0.06512750235992767,0.03115,0.0,0.0,0.03115,0.0438999999999999,0.0438999999999999,0.0175,0.06512750235992767,0.06938312676994565,0.06088875117996373,0.034488751179963834,339.7750235992768,254.83126769945756,169.88751179963833,254.83126769945756,0.5096625353989152,False,11575.73857434245,11809.9026950229,0.0,0.0,0.0,True,1.0,53498.71853809236,53498.71853809236,0.03220958275176106,430.9416743896379,416.6212706153943,14.32040377424363,14.32040377424363,0.0,1518.6231659150344,0.1164417207343228,15119.392201075974,52827.12796474886,-0.012483417600000001,74.1895986366673,0.0,0.0,0.0,0.0,2,True,0.0,fiscal_dominance
2039Q2,2039-06-30,2039,2,2039,53094.48628306503,28630.99056108787,0.027553432088651464,0.04420961891280307,0.04420961891280307,345.194355527144,1442.2734437346746,155.8748093264104,911.81679107871,257.99827209722383,99.21712017293197,17.366451059397747,5.922339525957902,90.79616549184055,0.0,1538.991948752473,1884.1863042796172,0.0,0.0,95321.27131299218,97205.4576172718,1.8308013585259295,0.026006041658396976,0.11594363607155558,0.14194967772995257,96622.69358027716,582.7640369946275,20402.34292703324,49078.77394664674,16372.310494714178,65451.084441360916,8566.886192892349,2202.380018990639,0.21115477297351823,18.527508250045493,28250.812325706276,37875.29084778817,0.29238278585387,0.3919916682546238,21355.61649334948,21355.616493349484,0,0.0,0.0,0.0,0.0,0.0,0.0,0.0,0.0,0.0,0.0,0.0,none,2160.678203346532,23516.294696696015,1793.3901387877763,1793.3901387877763,0.0,23149.00663213726,0.2154110468670722,0.5181811771623273,0.1728613500867164,0.0702933619006643,0.0232530639832198,0.0598899184606431,0.06458125988266002,0.03214747239221834,0.5003954024688901,16763.139757806388,0.0,0.03115,0.0438999999999999,0.0438999999999999,0.0175,0.017227156981449054,0.053808129052610454,284.9405588750618,fiscal_dominance,0.024209618912803068,-0.009986734080000002,0.032649281844566135,0.06379928184456614,0.03115,0.0,0.0,0.03115,0.0438999999999999,0.0438999999999999,0.0175,0.06379928184456614,0.0683869613834245,0.06022464092228297,0.03382464092228307,326.49281844566144,244.869613834246,163.24640922283072,244.86961383424602,0.48973922766849204,False,11336.976629315703,11824.324841823247,0.0,0.0,0.0,True,1.0,53498.71853809236,53498.71853809236,0.03219585507589621,430.7928504664648,416.6212706153943,14.171579851070533,14.171579851070533,0.0,1524.8203689014024,0.1148759862387261,16644.212569977375,53630.07558663905,-0.009986734080000002,60.25379665208223,0.0,0.0,0.0,0.0,2,True,0.0,fiscal_dominance
2039Q3,2039-09-30,2039,3,2039,53994.29021953791,28811.51958650982,0.025461035665352183,0.042976421478547,0.042976421478547,336.19849104654605,1447.7103860749685,158.88324554427135,911.3877483263494,261.3980763270809,98.33968647463008,17.70162940263726,5.922339525957902,90.59626330285995,0.0,1544.2289889037863,1880.4274799503323,0.0,0.0,97205.4576172718,99085.88509722213,1.8351178373554722,0.024906225430843216,0.11439942872663265,0.13930565415747587,98503.1210602275,582.7640369946275,20787.892343126638,50006.230793411,16681.70313525121,66687.93392866221,8783.295709648124,2243.9990787905076,0.2110379053920165,18.353420752211708,29692.678685481067,39571.952944623285,0.3014389632113906,0.4017329859063848,21703.160666208172,21703.160666208172,0,0.0,0.0,0.0,0.0,0.0,0.0,0.0,0.0,0.0,0.0,0.0,none,2202.380018990639,23905.540685198812,1789.8312166474723,1789.8312166474723,0.0,23492.991882855644,0.2154110468670722,0.5181811771623273,0.1728613500867164,0.0702933619006643,0.0232530639832198,0.058989419375274355,0.06354495011931934,0.032159565050713976,0.51998808467736,18307.368746710174,0.0,0.03115,0.0438999999999999,0.0438999999999999,0.0175,0.017227156981449054,0.053808129052610454,287.27724461992796,fiscal_dominance,0.022976421478547,-0.007989387264000001,0.031559610215193316,0.06270961021519332,0.03115,0.0,0.0,0.03115,0.0438999999999999,0.0438999999999999,0.0175,0.06270961021519332,0.06756970766139489,0.05967980510759656,0.03327980510759666,315.5961021519332,236.69707661394992,157.7980510759666,236.69707661394992,0.47339415322789985,False,11121.444999174371,11787.355277388067,0.0,0.0,0.0,True,1.0,53498.71853809236,53498.71853809236,0.03218785930643598,430.6092471996459,416.6212706153943,13.987976584251612,13.987976584251612,0.0,1530.2410123195345,0.11336317274272195,18174.45358229691,54429.14574333002,-0.007989387264000001,48.92124642661808,0.0,0.0,0.0,0.0,2,True,0.0,fiscal_dominance
2039Q4,2039-12-31,2039,4,2040,54873.11963619955,28981.41771845085,0.023796988826073395,0.041917689004176056,0.041917689004176056,333.6543249017896,1453.66137730543,161.8857116220987,910.9361511415439,264.8031894505159,98.00018249549292,18.036142595778696,5.935451716790281,90.63140454090359,0.0,1550.228233563124,1883.8825584649135,0.0,0.0,99085.88509722213,100969.76765568704,1.8400588179622603,0.024321877605200295,0.11300456353426971,0.13732644113947,100387.00361869241,582.7640369946275,21174.178451488995,50935.45978729905,16991.686950763076,67927.14673806212,8999.980766530585,2285.697662610685,0.21092549521566045,18.387434122746367,30303.22360951483,40236.53676246374,0.3018640114473171,0.4008142021580526,22861.98788399473,22861.98788399473,0,0.0,0.0,0.0,0.0,0.0,0.0,0.0,0.0,0.0,0.0,0.0,none,2243.9990787905076,25105.98696278524,1793.25115392401,1793.25115392401,0.0,24655.23903791874,0.2154110468670722,0.5181811771623273,0.1728613500867164,0.0702933619006643,0.0232530639832198,0.057741606292525186,0.06258119335734065,0.03250848936807592,0.5465210676256537,19857.596980273298,0.0,0.03115,0.0438999999999999,0.0438999999999999,0.0175,0.017227156981449054,0.053808129052610454,293.9442834983906,fiscal_dominance,0.021917689004176056,-0.006391509811200001,0.0306201944079287,0.061770194407928705,0.03115,0.0,0.0,0.03115,0.0438999999999999,0.0438999999999999,0.0175,0.061770194407928705,0.06686514580594642,0.05921009720396425,0.032810097203964356,306.20194407928705,229.65145805946523,153.10097203964355,229.65145805946528,0.4593029161189306,False,11324.223187725374,12183.719116399334,0.0,0.0,0.0,True,1.0,53498.71853809236,53498.71853809236,0.03226087912294828,430.5023063446838,416.6212706153943,13.881035729289522,13.881035729289522,0.0,1536.3471978338343,0.11199269937773415,19710.800780130743,55226.09778200749,-0.006391509811200001,39.710041403399046,0.0,0.0,0.0,0.0,2,True,0.0,fiscal_dominance
2040Q1,2040-03-31,2040,1,2040,55741.15290788694,29145.616280845272,0.02285592506117462,0.04099997198825254,0.04099997198825254,328.5839106845388,1450.102461797086,164.89391469097052,901.0257079087934,268.1890503156282,97.6224939184608,18.371294963233378,5.935451716790281,90.86439526820637,0.0,1546.9023087820829,1875.4862194666216,0.0,0.0,100969.76765568704,102845.25387515366,1.8450507122647235,0.023579269070916307,0.11100612226936613,0.13458539134028244,102262.48983815903,582.7640369946275,21558.6057069014,51860.21722495176,17300.179088688234,69160.39631364,9216.292229542996,2327.195588074621,0.21081635838341237,18.441191855656776,31031.73086572416,41004.0709338136,0.30345174379027035,0.4009688302984485,23370.567141727533,23370.567141727537,0,0.0,0.0,0.0,0.0,0.0,0.0,0.0,0.0,0.0,0.0,0.0,none,2285.697662610685,25656.26480433822,1784.6218241984152,1784.6218241984152,0.0,25155.18896592595,0.2154110468670722,0.5181811771623273,0.1728613500867164,0.0702933619006643,0.0232530639832198,0.056500234622712676,0.061281801263804524,0.032490437540286354,0.573161156839503,21404.49928905538,0.0,0.03115,0.0438999999999999,0.0438999999999999,0.0175,0.017609093307503265,0.053565008463151154,296.3548052568487,fiscal_dominance,0.020999971988252538,-0.005113207848960001,0.029781774232913755,0.06093177423291375,0.03115,0.0,0.0,0.03115,0.0438999999999999,0.0438999999999999,0.0175,0.06093177423291375,0.0662363306746852,0.058790887116456775,0.03239088711645688,297.8177423291375,223.36330674685308,148.90887116456878,223.3633067468531,0.44672661349370624,False,11237.492378542345,12226.33436335838,0.0,0.0,0.0,True,1.0,53498.71853809236,53498.71853809236,0.03231334127611743,431.47892299750754,416.6212706153943,14.857652382113258,14.857652382113258,0.0,1532.0446563999694,0.10993993317157938,21242.84543653071,56027.63384502191,-0.005113207848960001,32.229105427690094,0.0,0.0,0.0,0.0,2,True,0.0,fiscal_dominance
2040Q2,2040-06-30,2040,2,2040,56597.36574267195,29303.174313756816,0.021799539858148753,0.04019648195981548,0.04019648195981548,324.9375416029409,1445.415431191435,167.88764194249464,890.2067168284752,271.5373798639257,97.07885801738892,18.704834539149765,5.935451716790281,91.25142914272523,0.0,1542.6023120509506,1867.5398536538914,0.0,0.0,102845.25387515366,104712.79372880755,1.850135467521568,0.022964852680975725,0.10902290534613314,0.13198775802710885,104130.02969181292,582.7640369946275,21941.237855963212,52780.65645174478,17607.23070389264,70387.88715563742,9432.404943749845,2368.499736462432,0.2107099932738069,18.528532218648675,31588.93071291852,41583.3776239337,0.30336043124553297,0.39934087935061,23853.11420015049,23853.11420015049,0,0.0,0.0,0.0,0.0,0.0,0.0,0.0,0.0,0.0,0.0,0.0,none,2327.195588074621,26180.30978822511,1776.288424511166,1776.288424511166,0.0,25629.402624661656,0.2154110468670722,0.5181811771623273,0.1728613500867164,0.0702933619006643,0.0232530639832198,0.05529323251085143,0.05999702480869181,0.03253761294911926,0.5997008749090671,22947.10160110633,0.0,0.03115,0.0438999999999999,0.0438999999999999,0.0175,0.017609093307503265,0.053565008463151154,298.7850947586317,fiscal_dominance,0.020196481959815483,-0.004090566279168001,0.02901560701652649,0.06016560701652649,0.03115,0.0,0.0,0.03115,0.0438999999999999,0.0438999999999999,0.0175,0.06016560701652649,0.06566170526239476,0.05840780350826314,0.032007803508263245,290.1560701652649,217.6170526239486,145.07803508263243,217.61705262394867,0.43523410524789735,False,11154.790119382727,12254.976269839262,0.0,0.0,0.0,True,1.0,53498.71853809236,53498.71853809236,0.03236471529227593,432.18058748908214,416.6212706153943,15.559316873687862,15.559316873687862,0.0,1527.0429951772626,0.10792325580099843,22769.888431707976,56829.83193684355,-0.004090566279168001,26.152446844309157,0.0,0.0,0.0,0.0,2,True,0.0,fiscal_dominance
2040Q3,2040-09-30,2040,3,2040,57445.063487682346,29455.508758725067,0.02095697158354004,0.03948575984968157,0.03948575984968157,322.45320422456206,1440.3508759391364,170.8673898033135,878.587287319996,275.3977526958918,96.46162948811784,19.036816631816794,5.935451716790281,91.76362256404516,0.0,1538.0499502199718,1860.503154444534,0.0,0.0,104712.79372880755,106573.29688325209,1.8552211523990056,0.022452979222049536,0.10709710160210846,0.129550080824158,105990.53284625745,582.7640369946275,22322.243890160764,53697.18398446816,17912.977407325252,71610.16139179342,9648.49921433638,2409.6283499668993,0.2106060163178901,18.621969215338098,32224.89554706841,42140.305685117986,0.30403560281946707,0.3975855631016008,24298.25033410156,24298.250334101558,0,0.0,0.0,0.0,0.0,0.0,0.0,0.0,0.0,0.0,0.0,0.0,none,2368.499736462432,26666.75007056399,1768.7395318804888,1768.7395318804888,0.0,26066.989865982046,0.2154110468670722,0.5181811771623273,0.1728613500867164,0.0702933619006643,0.0232530639832198,0.0541144254230371,0.05875308624477426,0.0325354158032339,0.6258516107856175,24485.1515513263,0.0,0.03115,0.0438999999999999,0.0438999999999999,0.0175,0.017609093307503265,0.053565008463151154,301.23531411124793,fiscal_dominance,0.01948575984968157,-0.0032724530233344006,0.028304010139690826,0.05945401013969083,0.03115,0.0,0.0,0.03115,0.0438999999999999,0.0438999999999999,0.0175,0.05945401013969083,0.06512800760476802,0.058052005069845314,0.03165200506984542,283.0401013969083,212.28007604768118,141.52005069845416,212.2800760476812,0.4245601520953624,False,11067.005182169609,12264.541187634088,0.0,0.0,0.0,True,1.0,53498.71853809236,53498.71853809236,0.03240384825666467,432.8676984967409,416.6212706153943,16.24642788134662,16.24642788134662,0.0,1521.803522338625,0.10596583448218751,24291.6919540466,57633.66695535621,-0.0032724530233344006,21.21789011331413,0.0,0.0,0.0,0.0,2,True,0.0,fiscal_dominance
2040Q4,2040-12-31,2040,4,2041,58286.947884764646,29603.758616710733,0.02028453607288161,0.03885061067593786,0.03885061067593786,331.1140368848363,1434.8122788113571,173.83447429462697,866.4517774166908,279.40445102999814,95.75418820718252,19.36738786285895,5.957305368177581,92.37736430900947,0.0,1533.1469484885442,1864.2609853733807,0.0,0.0,106573.29688325209,108437.55786862546,1.8604089217882938,0.022723031409327552,0.10521374023698273,0.1279367716463103,107854.79383163083,582.7640369946275,22703.92719590086,54615.34072502593,18219.267602258977,72834.6083272849,9865.428235266721,2450.830073178328,0.21050457183519666,18.677536185075866,32660.75118322774,42447.664053899585,0.3028215067956418,0.39356307258964746,24617.1752965564,24617.1752965564,0,0.0,0.0,0.0,0.0,0.0,0.0,0.0,0.0,0.0,0.0,0.0,none,2409.6283499668993,27026.8036465233,1771.883621064371,1771.883621064371,0.0,26389.058917620772,0.2154110468670722,0.5181811771623273,0.1728613500867164,0.0702933619006643,0.0232530639832198,0.05300687507240317,0.057543380690120216,0.03256995566091761,0.6505354705618765,26018.298499814846,0.0,0.03115,0.0438999999999999,0.0438999999999999,0.0175,0.017609093307502377,0.053565008463151154,313.90226020595355,fiscal_dominance,0.01885061067593786,-0.0026179624186675205,0.02763547247213193,0.05878547247213193,0.03115,0.0,0.0,0.03115,0.0438999999999999,0.0438999999999999,0.0175,0.05878547247213193,0.06462660435409884,0.05771773623606586,0.031317736236065964,276.35472472131926,207.26604354098941,138.17736236065963,207.26604354098944,0.41453208708197886,False,10939.111669250646,12210.744516829398,0.0,0.0,0.0,True,1.0,53498.71853809236,53498.71853809236,0.03244176122226668,433.39108935858945,416.6212706153943,16.769818743195174,16.769818743195174,0.0,1516.377129745349,0.104062894680523,25808.06908379195,58439.94145524357,-0.0026179624186675205,17.21177667888275,0.0,0.0,0.0,0.0,2,True,0.0,fiscal_dominance
2041Q1,2041-03-31,2041,1,2041,59119.12752486712,29745.770385098454,0.01932685725245742,0.03827725128101904,0.03827725128101904,330.4351330168271,1430.15919800376,176.80683303807794,854.2214885491846,283.37737720935866,96.05495249396758,19.698546713170813,5.957305368177581,93.07976010955355,0.0,1529.196263481491,1859.6313964983183,0.0,0.0,108437.55786862546,110297.18926512379,1.865676877906051,0.022357240159055936,0.10346541483300946,0.1258226549920654,109714.42522812916,582.7640369946275,23084.4619332401,55530.7345314879,18524.636103123034,74055.37063461094,10082.684848869167,2491.9078114089375,0.21040498444247957,18.79537209112511,33080.63527334426,42695.10621450295,0.30151582350779954,0.3891476086733995,25247.050960461664,25247.050960461664,0,0.0,0.0,0.0,0.0,0.0,0.0,0.0,0.0,0.0,0.0,0.0,none,2450.830073178328,27697.88103363999,1766.5516363887648,1766.5516363887648,0.0,27013.60259685043,0.2154110468670722,0.5181811771623273,0.1728613500867164,0.0702933619006643,0.0232530639832198,0.051847083080942255,0.05640836232531709,0.03251044380038017,0.6765916210449073,27547.494763296338,1.4551915228366852e-11,0.03115,0.0438999999999999,0.0438999999999999,0.0175,0.017189212325988024,0.05495933695345423,316.47644950213635,fiscal_dominance,0.01827725128101904,-0.0020943699349340165,0.02700208221309674,0.05815208221309674,0.03115,0.0,0.0,0.03115,0.0438999999999999,0.0438999999999999,0.0175,0.05815208221309674,0.06415156165982244,0.05740104110654827,0.03100104110654837,270.0208221309674,202.51561659822545,135.01041106548374,202.51561659822556,0.4050312331964511,False,10941.352772881184,12310.914179627105,0.0,0.0,0.0,True,1.0,53498.71853809236,53498.71853809236,0.03245756618634612,433.89816312751105,416.6212706153943,17.276892512116774,17.276892512116774,0.0,1511.9193709693743,0.10229646033483289,27319.988454761326,59243.20471166434,-0.0020943699349340165,13.958683514690744,0.0,0.0,0.0,0.0,2,True,0.0,fiscal_dominance
2041Q2,2041-06-30,2041,2,2041,59949.3364605524,29885.320369624835,0.018898161276716285,0.0377546285102786,0.0377546285102786,330.3907615863172,1422.9716507885398,179.7702473051073,840.7245973698675,287.19592874032577,95.25216833903997,20.028709034199338,5.957305368177581,93.84855698411621,0.0,1522.7775131408337,1853.168274727151,0.0,0.0,110297.18926512379,112150.35753985094,1.870752274525134,0.022044665118435097,0.10160429476265147,0.12364895988108657,111567.59350285631,582.7640369946275,23463.43883541301,56442.38089383288,18828.754484766283,75271.13537859917,10300.201903471569,2532.817385372557,0.21030693679712925,18.85660328778195,33482.465642526935,42910.2380755174,0.3001092395317259,0.38461202512554715,25550.716650318132,25550.716650318132,0,0.0,0.0,0.0,0.0,0.0,0.0,0.0,0.0,0.0,0.0,0.0,none,2491.9078114089375,28042.62446172707,1759.3197177430347,1759.3197177430347,0.0,27310.036368061166,0.2154110468670722,0.5181811771623273,0.1728613500867164,0.0702933619006643,0.0232530639832198,0.05073056830957613,0.055224526510118034,0.032589862978118826,0.7010797799496927,29070.272276437172,0.0,0.03115,0.0438999999999999,0.0438999999999999,0.0175,0.017189212325988024,0.05495933695345423,319.07174871491617,fiscal_dominance,0.017754628510278602,-0.0016754959479472133,0.02639813850227052,0.057548138502270516,0.03115,0.0,0.0,0.03115,0.0438999999999999,0.0438999999999999,0.0175,0.057548138502270516,0.06369860387670279,0.05709906925113516,0.03069906925113526,263.9813850227051,197.9860387670289,131.9906925113526,197.9860387670289,0.3959720775340578,False,10814.011838191855,12252.039822718989,0.0,0.0,0.0,True,1.0,53498.71853809236,53498.71853809236,0.032487864212271046,434.1095494587087,416.6212706153943,17.488278843314447,17.488278843314447,0.0,1505.2892342975192,0.1004374242098925,28825.277689058843,60049.94990829814,-0.0016754959479472133,11.319012871401002,0.0,0.0,0.0,0.0,2,True,0.0,fiscal_dominance
2041Q3,2041-09-30,2041,3,2041,60779.05289547622,30023.001209591916,0.018555625502403306,0.03727387374397699,0.03727387374397699,330.86578750762607,1415.8411232412504,182.72152993077881,826.3255315418884,290.98894970301495,95.44759233063587,20.357519734931923,5.957305368177581,94.66894049216685,0.0,1516.467369101595,1847.333156609221,0.0,0.0,112150.35753985094,113997.69069646015,1.8756082114755195,0.02177498804245121,0.09980197432227284,0.12157696236472404,113414.92665946552,582.7640369946275,23840.98206901324,57350.5785005107,19131.722387412945,76482.30088792364,10518.071503997597,2573.572198531026,0.2102102674773761,18.947803267539122,33781.049460474525,43092.858259623994,0.2978536463891033,0.37995755522562424,26076.71651572688,26076.71651572688,0,0.0,0.0,0.0,0.0,0.0,0.0,0.0,0.0,0.0,0.0,0.0,none,2532.817385372557,28609.533901099436,1752.6642161170541,1752.6642161170541,0.0,27829.380731843932,0.2154110468670722,0.5181811771623273,0.1728613500867164,0.0702933619006643,0.0232530639832198,0.04959250034426189,0.054086938369777064,0.03253849647925272,0.7260234934340347,30586.739645538768,-1.4551915228366852e-11,0.03115,0.0438999999999999,0.0438999999999999,0.0175,0.017189212325988024,0.05495933695345512,321.688330958438,fiscal_dominance,0.01727387374397699,-0.0013403967583577707,0.02581937536952856,0.05696937536952856,0.03115,0.0,0.0,0.03115,0.0438999999999999,0.0438999999999999,0.0175,0.05696937536952856,0.06326453152714631,0.056809687684764174,0.03040968768476428,258.19375369528564,193.64531527146414,129.09687684764276,193.64531527146417,0.38729063054292834,False,10778.058411255057,12300.593567029084,0.0,0.0,0.0,True,1.0,53498.71853809236,53498.71853809236,0.03249950574228406,434.5147758490131,416.6212706153943,17.89350523361884,17.89350523361884,0.0,1498.5738638679761,0.0986243643147993,30323.85155292682,60860.63028702453,-0.0013403967583577707,9.177456549188074,0.0,0.0,0.0,0.0,2,True,0.0,fiscal_dominance
2041Q4,2041-12-31,2041,4,2042,61609.487481613876,30159.289504939457,0.01828186589207048,0.03682786651222062,0.03682786651222062,352.06947995195907,1406.9826454947297,185.66164786244062,811.2726497723036,294.90445878576924,94.45880252852348,20.685086545693125,5.987900480119798,95.53015908251626,0.0,1508.5007050573658,1860.5701850093249,0.0,0.0,113997.69069646015,115858.26088146948,1.8805262893323869,0.022858133988342442,0.09793950683375172,0.12079764082209415,115275.49684447485,582.7640369946275,24221.19118876042,58265.189018884084,19436.82958925175,77702.01860813584,10737.672260391742,2614.614787186846,0.21011569545814834,18.94684219043887,34033.17643448757,43497.40160507736,0.29523339622126105,0.3773343233884503,26188.115215538346,26188.11521553835,0,0.0,0.0,0.0,0.0,0.0,0.0,0.0,0.0,0.0,0.0,0.0,none,2573.572198531026,28761.687414069376,1765.0400259268085,1765.0400259268085,0.0,27953.15524146516,0.2154110468670722,0.5181811771623273,0.1728613500867164,0.0702933619006643,0.0232530639832198,0.0486026725112228,0.05293092152450796,0.03249305828411186,0.7478435910576161,32095.240350596134,0.0,0.03115,0.0438999999999999,0.0438999999999999,0.0175,0.017189212325988024,0.05495933695345423,344.6291974501222,fiscal_dominance,0.01682786651222062,-0.0010723174066862165,0.02526250821725819,0.05641250821725819,0.03115,0.0,0.0,0.03115,0.0438999999999999,0.0438999999999999,0.0175,0.05641250821725819,0.06284688116294354,0.05653125410862899,0.030131254108629095,252.6250821725819,189.46881162943643,126.31254108629093,189.46881162943643,0.37893762325887287,False,10592.502209787111,12153.758980101687,0.0,0.0,0.0,True,1.0,53498.71853809236,53498.71853809236,0.03249804101836542,434.6704775833928,416.6212706153943,18.049206967998543,18.049206967998543,0.0,1490.4514980893673,0.09676766089210938,31814.303051016184,61675.62332607462,-0.0010723174066862165,7.4402825018368794,0.0,0.0,0.0,0.0,2,True,0.0,fiscal_dominance
2042Q1,2042-03-31,2042,1,2042,62440.08348489858,30293.816736990226,0.017961963094390798,0.036410885376474744,0.036410885376474744,353.48654312920223,1401.5158492934997,188.62252638247176,798.526247198834,298.80795349459135,94.54415586558854,21.014966352014273,5.987900480119798,96.43511593462075,0.0,1503.9388657082404,1857.4254088374428,0.0,0.0,115858.26088146948,117715.68629030693,1.8852583103732876,0.022644847565887354,0.0963444493838305,0.11898929694971785,117132.9222533123,582.7640369946275,24600.527951277367,59177.7010418319,19741.23674877253,78918.93779060442,10957.893304288937,2655.5632071415453,0.21002231890088194,18.999566704758234,34240.23585704521,43738.50625257131,0.2923194879659631,0.37340916124317447,26807.05908848554,26807.059088485545,0,0.0,0.0,0.0,0.0,0.0,0.0,0.0,0.0,0.0,0.0,0.0,none,2614.614787186846,29421.67387567239,1760.990292902822,1760.990292902822,0.0,28568.049381388366,0.2154110468670722,0.5181811771623273,0.1728613500867164,0.0702933619006643,0.0232530639832198,0.047564069455889965,0.051923405522092805,0.032424291721262495,0.7709278791219116,33599.17921630437,0.0,0.03115,0.0438999999999999,0.0438999999999999,0.0175,0.017088232020256333,0.05252445248941795,347.45536630486725,fiscal_dominance,0.016410885376474744,-0.0008578539253489732,0.024724954659647913,0.05587495465964791,0.03115,0.0,0.0,0.03115,0.0438999999999999,0.0438999999999999,0.0175,0.05587495465964791,0.06244371599473583,0.056262477329823854,0.029862477329823958,247.2495465964791,185.43715994735936,123.62477329823956,185.43715994735936,0.37087431989471875,False,10595.155885041151,12243.725174954763,0.0,0.0,0.0,True,1.0,53498.71853809236,53498.71853809236,0.032481162742581456,434.650887370228,416.6212706153943,18.02961675483374,18.02961675483374,0.0,1485.9092489534066,0.09518944665170286,33300.21229996959,62493.69394555931,-0.0008578539253489732,6.031176824334985,0.0,0.0,0.0,0.0,2,True,0.0,fiscal_dominance
2042Q2,2042-06-30,2042,2,2042,63273.165435874784,30427.636613791445,0.01778702179775582,0.03601832862454407,0.03601832862454407,355.1931883414429,1393.6532571602513,191.5766114205725,784.6854741810926,302.5275638984414,93.51951838274513,21.344089277400162,5.987900480119798,97.36583705014097,0.0,1497.006994690512,1852.200183031955,0.0,0.0,117715.68629030693,119567.88647333888,1.8897092574658192,0.022454586293863817,0.0946377178620961,0.11709230415595992,118985.12243634425,582.7640369946275,24978.538654823602,60087.02316895764,20044.579782997487,80131.60295195512,11178.612347096896,2696.3684824686115,0.20992993193906953,18.993770364764273,34431.535337232046,44006.478318569905,0.28937681142155014,0.3698485778515116,27088.188798309442,27088.188798309442,0,0.0,0.0,0.0,0.0,0.0,0.0,0.0,0.0,0.0,0.0,0.0,none,2655.5632071415453,29743.752005450988,1754.834345981814,1754.834345981814,0.0,28843.023144291255,0.2154110468670722,0.5181811771623273,0.1728613500867164,0.0702933619006643,0.0232530639832198,0.04656493232643627,0.05086856448336505,0.03248412923453975,0.7924119771362179,35096.186210994885,0.0,0.03115,0.0438999999999999,0.0438999999999999,0.0175,0.017088232020256333,0.05252445248941706,350.3047114617209,fiscal_dominance,0.01601832862454407,-0.0006862831402791787,0.024204653013162214,0.05535465301316221,0.03115,0.0,0.0,0.03115,0.0438999999999999,0.0438999999999999,0.0175,0.05535465301316221,0.06205348975987156,0.056002326506581004,0.02960232650658111,242.0465301316221,181.5348975987166,121.02326506581107,181.5348975987166,0.3630697951974332,False,10472.030505872652,12179.534369960922,0.0,0.0,0.0,True,1.0,53498.71853809236,53498.71853809236,0.03248183809503384,434.42514583883434,416.6212706153943,17.80387522344006,17.80387522344006,0.0,1479.203119467072,0.09351219331463316,34779.415419436664,63316.6185636945,-0.0006862831402791787,4.888476879722011,0.0,0.0,0.0,0.0,2,True,0.0,fiscal_dominance
2042Q3,2042-09-30,2042,3,2042,64109.405620200014,30560.997474577944,0.01764713905074955,0.035646490816532254,0.035646490816532254,357.1393465604713,1385.9469941826999,194.52036977443882,770.3032595883169,306.14683393459484,93.30446920750784,21.672061677841466,5.987900480119798,98.31494674166584,0.0,1490.2498414044856,1847.3891879649568,0.0,0.0,119567.88647333888,121415.27566130384,1.8938761713156098,0.02228311700010156,0.09298166638655765,0.11526478338665921,120832.5116243092,582.7640369946275,25355.30856817374,60993.360518219044,20346.92711773724,81340.28763595628,11399.875602468,2737.0398177111783,0.20983846340137427,18.989393126717193,34692.71863702328,44367.014469168455,0.287114106714006,0.3671777890963135,27513.860280907087,27513.86028090709,0,0.0,0.0,0.0,0.0,0.0,0.0,0.0,0.0,0.0,0.0,0.0,none,2696.3684824686115,30210.2287633757,1749.074241223291,1749.074241223291,0.0,29262.93452213038,0.2154110468670722,0.5181811771623273,0.1728613500867164,0.0702933619006643,0.0232530639832198,0.04557169960988881,0.0498545181439426,0.032413058262487825,0.8136024152875878,36586.43605239937,0.0,0.03115,0.0438999999999999,0.0438999999999999,0.0175,0.017088232020256333,0.05252445248941906,353.1774229804449,fiscal_dominance,0.015646490816532254,-0.0005490265122233429,0.02369993799092446,0.05484993799092446,0.03115,0.0,0.0,0.03115,0.0438999999999999,0.0438999999999999,0.0175,0.05484993799092446,0.06167495349319324,0.055749968995462126,0.02934996899546223,236.99937990924462,177.74953493193343,118.49968995462228,177.74953493193343,0.35549906986386687,False,10402.94600410459,12181.789878217822,0.0,0.0,0.0,True,1.0,53498.71853809236,53498.71853809236,0.032466176757887266,434.4341784615254,416.6212706153943,17.81290784613111,17.81290784613111,0.0,1472.4369335583544,0.09187025955482633,36251.85235299502,64144.622718689105,-0.0005490265122233429,3.9619235800264594,0.0,0.0,0.0,0.0,2,True,0.0,fiscal_dominance
2042Q4,2042-12-31,2042,4,2043,64949.35970352227,30694.099297935423,0.017535277809221705,0.03529238401178486,0.03529238401178486,371.3189403881627,1377.4309171613909,197.454465474653,756.1898246776201,309.6827641959173,92.10490527834791,21.99895753485359,6.009754131507097,99.27778455864883,0.0,1482.7184558515469,1854.0373962397096,0.0,0.0,121415.27566130384,123269.31305754354,1.897929611935166,0.02286821253254176,0.09131535476991855,0.1141835673024603,122686.5490205489,582.7640369946275,25733.303173126013,61902.643919436836,20650.257233290075,82552.9011527269,11622.501339459212,2777.8433552367674,0.20974836588496684,18.892892809686174,35223.49859714228,44758.902758555974,0.28710155170509083,0.3648232272884231,27572.47820631823,27572.47820631823,0,0.0,0.0,0.0,0.0,0.0,0.0,0.0,0.0,0.0,0.0,0.0,none,2737.0398177111783,30309.518024029407,1754.7596116810607,1754.7596116810607,0.0,29327.23781799929,0.2154110468670722,0.5181811771623273,0.1728613500867164,0.0702933619006643,0.0232530639832198,0.044736773764895335,0.04884783888273468,0.032344976342598135,0.831567509741361,38069.15450825091,-1.4551915228366852e-11,0.03115,0.0438999999999999,0.0438999999999999,0.0175,0.017088232020256333,0.05252445248941795,368.108227336267,fiscal_dominance,0.01529238401178486,-0.00043922120977867436,0.023209451701856208,0.05435945170185621,0.03115,0.0,0.0,0.03115,0.0438999999999999,0.0438999999999999,0.0175,0.05435945170185621,0.06130708877639206,0.055504725850928,0.029104725850928104,232.09451701856207,174.0708877639216,116.04725850928102,174.07088776392158,0.34814177552784314,False,10210.036645285581,12023.259784660173,0.0,0.0,0.0,True,1.0,53498.71853809236,53498.71853809236,0.032438938272202934,434.2247130945417,416.6212706153943,17.603442479147418,17.603442479147418,0.0,1465.1150133723995,0.09023122137371554,37716.96736636742,64977.89937509466,-0.00043922120977867436,3.2107130518956803,0.0,0.0,0.0,0.0,2,True,0.0,fiscal_dominance
2043Q1,2043-03-31,2043,1,2043,65792.37786372319,30826.58269712083,0.01737710116652713,0.03495359474081576,0.03495359474081576,373.72861937728396,1372.9360802953313,200.39809846071884,745.0955973414855,313.2130165443433,91.90245198106872,22.32691596771552,6.009754131507097,100.25732359609468,0.0,1479.2031580229332,1852.931777400217,0.0,0.0,123269.31305754354,125122.24483494376,1.9017741704686748,0.022721697042255812,0.08993158211042808,0.11265327915268389,124539.48079794913,582.7640369946275,26110.84861203713,62810.846831091396,20953.226905637155,83764.07373672855,11845.960042730607,2818.5984064528297,0.2096592056168835,18.846737336037744,35635.392948874425,45153.91646187132,0.2861373174237712,0.3625670845306342,28150.0206772252,28150.020677225195,0,0.0,0.0,0.0,0.0,0.0,0.0,0.0,0.0,0.0,0.0,0.0,none,2777.8433552367674,30927.864032461963,1752.6744538041225,1752.6744538041225,0.0,29902.69513102932,0.2154110468670722,0.5181811771623273,0.1728613500867164,0.0702933619006643,0.0232530639832198,0.04387340106138701,0.04799907199393329,0.032271480707587855,0.8505666336590626,39548.35766627384,1.4551915228366852e-11,0.03115,0.0438999999999999,0.0438999999999999,0.0175,0.01701953976476145,0.05516540834182937,371.12693850459084,fiscal_dominance,0.01495359474081576,-0.0003513769678229395,0.02273207766458419,0.053882077664584194,0.03115,0.0,0.0,0.03115,0.0438999999999999,0.0438999999999999,0.0175,0.053882077664584194,0.06094905824843804,0.05526603883229199,0.028866038832292096,227.32077664584193,170.49058248438143,113.66038832292091,170.4905824843814,0.3409811649687628,False,10196.255821484128,12092.470784390416,0.0,0.0,0.0,True,1.0,53498.71853809236,53498.71853809236,0.03240108735234789,433.86040707478423,416.6212706153943,17.239136459389954,17.239136459389954,0.0,1461.9640215635432,0.08888348888023065,39178.93138793096,65815.5039159249,-0.0003513769678229395,2.6016808726931053,0.0,0.0,0.0,0.0,2,True,0.0,fiscal_dominance
2043Q2,2043-06-30,2043,2,2043,66639.92685500965,30959.093620116022,0.01730555620614127,0.03462816957341272,0.03462816957341272,376.2784136926672,1366.7602088615206,203.33823356623915,733.4760676980087,316.7174236310394,90.57399927436927,22.654484691864617,6.009754131507097,101.24557149113835,0.0,1474.0155344841662,1850.2939481768335,0.0,0.0,125122.24483494376,126972.53878312059,1.905352313176728,0.02258576390765534,0.08847641971103738,0.11106218361869273,126389.77474612596,582.7640369946275,26487.61295388015,63717.17077783625,21255.56976939803,84972.74054723428,12070.152104745885,2859.2691402656487,0.20957085339446763,18.749422347781692,36089.14747904647,45558.91468812714,0.2855385061927461,0.3604636117094084,28409.98186983759,28409.98186983759,0,0.0,0.0,0.0,0.0,0.0,0.0,0.0,0.0,0.0,0.0,0.0,none,2818.5984064528297,31228.58027629042,1749.048376685695,1749.048376685695,0.0,30159.030246523285,0.2154110468670722,0.5181811771623273,0.1728613500867164,0.0702933619006643,0.0232530639832198,0.04305514988141018,0.04712241333037553,0.032334676433582066,0.8680828493910783,41022.37320075801,-1.4551915228366852e-11,0.03115,0.0438999999999999,0.0438999999999999,0.0175,0.01701953976476145,0.05516540834182937,374.170404939005,fiscal_dominance,0.01462816957341272,-0.0002811015742583516,0.022266890618787047,0.053416890618787044,0.03115,0.0,0.0,0.03115,0.0438999999999999,0.0438999999999999,0.0175,0.053416890618787044,0.06060016796409018,0.05503344530939342,0.028633445309393525,222.66890618787045,167.0016796409028,111.33445309393524,167.0016796409028,0.33400335928180563,False,10073.21741502036,12025.479329951377,0.0,0.0,0.0,True,1.0,53498.71853809236,53498.71853809236,0.03238615945962962,433.354163147851,416.6212706153943,16.73289253245673,16.73289253245673,0.0,1457.2826419517094,0.08747204330655164,40636.21402988267,66658.66471059775,-0.0002811015742583516,2.1080087536622236,0.0,0.0,0.0,0.0,2,True,0.0,fiscal_dominance
2043Q3,2043-09-30,2043,3,2043,67492.32887330357,31091.736904852805,0.017248332006818412,0.034314523563875085,0.034314523563875085,378.94671170910283,1361.1905211865333,206.27228587834168,721.5190659790387,320.1898666203175,90.22792699395053,22.98137571488515,6.009754131507097,102.23902060448295,0.0,1469.4392959225233,1848.3860076316262,0.0,0.0,126972.53878312059,128820.92479075221,1.9086750589474326,0.022458653777999608,0.08708778140881468,0.1095464351868143,128238.16075375758,582.7640369946275,26863.75230433945,64621.99127907243,21557.411095025393,86179.40237409782,12295.133667441214,2899.8724078790974,0.20948329379055214,18.678209685621255,36565.282388797335,45925.58101901355,0.28513573630403083,0.3581272590707198,28908.546395163783,28908.546395163783,0,0.0,0.0,0.0,0.0,0.0,0.0,0.0,0.0,0.0,0.0,0.0,none,2859.2691402656487,31767.815535429432,1746.1469870271433,1746.1469870271433,0.0,30654.693382190926,0.2154110468670722,0.5181811771623273,0.1728613500867164,0.0702933619006643,0.0232530639832198,0.04221062299573709,0.04629156225449489,0.03228559376328872,0.8860202401563316,42491.81249668053,0.0,0.03115,0.0438999999999999,0.0438999999999999,0.0175,0.017019539764762337,0.05516540834182937,377.2388296477356,fiscal_dominance,0.014314523563875085,-0.0002248812594066813,0.021813117667448166,0.05296311766744817,0.03115,0.0,0.0,0.03115,0.0438999999999999,0.0438999999999999,0.0175,0.05296311766744817,0.06025983825058602,0.054806558833723984,0.028406558833724085,218.1311766744817,163.59838250586122,109.06558833724087,163.59838250586125,0.3271967650117225,False,10030.11650707913,12060.140116248002,0.0,0.0,0.0,True,1.0,53498.71853809236,53498.71853809236,0.03236348907757372,433.1545073651256,416.6212706153943,16.533236749731316,16.533236749731316,0.0,1452.906059172792,0.08610792268852857,42089.12008905546,67507.5100471824,-0.0002248812594066813,1.7078820613672014,0.0,0.0,0.0,0.0,2,True,0.0,fiscal_dominance
2043Q4,2043-12-31,2043,4,2044,68349.85592551705,31224.597242414835,0.017202560177472792,0.034011366998142084,0.034011366998142084,400.88013055566637,1353.9919370238308,209.20147107004348,709.2263542878183,323.5317877685318,88.72459941910962,23.307724478328247,6.019952502154488,103.23605057112249,0.0,1463.2479400971076,1864.128070652774,0.0,0.0,128820.92479075221,130685.05286140498,1.9120018775725953,0.023460481379361957,0.08563283244907811,0.10909331382844008,130102.28882441035,582.7640369946275,27243.06789780511,65534.452378894086,21861.80126697363,87396.25364586772,12522.148738047932,2940.8185426895975,0.2093972991864356,18.578402316560446,36805.912971624835,46501.463528859866,0.28289981140377257,0.3574223324511956,29231.95321227922,29231.95321227922,0,0.0,0.0,0.0,0.0,0.0,0.0,0.0,0.0,0.0,0.0,0.0,none,2899.8724078790974,32131.825620158317,1760.8920200816515,1760.8920200816515,0.0,30992.84523236087,0.2154110468670722,0.5181811771623273,0.1728613500867164,0.0702933619006643,0.0232530639832198,0.042104755616726816,0.045435101245357656,0.03232374055663515,0.8891530495594916,43955.06043677764,0.0,0.03115,0.0438999999999999,0.0438999999999999,0.0175,0.01701953976476145,0.05516540834182848,399.49652748727436,fiscal_dominance,0.014011366998142084,-0.00017990500752534505,0.021370107830449313,0.05252010783044932,0.03115,0.0,0.0,0.03115,0.0438999999999999,0.0438999999999999,0.0175,0.05252010783044932,0.05992758087283688,0.05458505391522456,0.028185053915224658,213.70107830449317,160.27580872836984,106.8505391522466,160.27580872836987,0.3205516174567397,False,9934.806668819681,12020.326862450944,0.0,0.0,0.0,True,1.0,53498.71853809236,53498.71853809236,0.03235455820545123,432.8512982679357,416.6212706153943,16.230027652541423,16.230027652541423,0.0,1447.0179124445663,0.08468301171089088,43536.138001500025,68362.1546194583,-0.00017990500752534505,1.3836030683920255,0.0,0.0,0.0,0.0,2,True,0.0,fiscal_dominance
2044Q1,2044-03-31,2044,1,2044,69209.81455333158,31356.41796753319,0.016994017416292584,0.03371764678261484,0.03371764678261484,403.89341039614686,1370.2099628353258,212.15539125415734,719.2406148583609,326.9163656072138,88.26076207872657,23.636829036867635,6.019952502154488,104.24536250097057,0.0,1480.4752778384507,1884.3686882345976,0.0,0.0,130685.05286140498,132569.42154963958,1.915471416954664,0.023343129179166654,0.08556447014881848,0.10890759932798513,131986.65751264495,582.7640369946275,27626.526126953886,66456.87877931686,22169.515788380802,88626.39456769766,12751.524953712511,2982.2118642809037,0.20931302184318998,18.502717845342747,37173.00981695759,47174.96959426641,0.2816421789709785,0.35742226133536886,29697.321609064405,29697.321609064405,0,0.0,0.0,0.0,0.0,0.0,0.0,0.0,0.0,0.0,0.0,0.0,none,2940.8185426895975,32638.140151754003,1780.123325733627,1780.123325733627,0.0,31477.444934798034,0.2154110468670722,0.5181811771623273,0.1728613500867164,0.0702933619006643,0.0232530639832198,0.04196627150181434,0.04531429556549316,0.03221281774011601,0.8933902130725825,45435.53571461609,0.0,0.03115,0.0438999999999999,0.0438999999999999,0.0175,0.016847634395924738,0.05292516736733344,402.7726417919155,fiscal_dominance,0.013717646782614838,-0.00014392400602027605,0.020937308000680714,0.05208730800068072,0.03115,0.0,0.0,0.03115,0.0438999999999999,0.0438999999999999,0.0175,0.05208730800068072,0.05960298100051043,0.05436865400034026,0.02796865400034036,209.37308000680719,157.02981000510533,104.6865400034036,157.02981000510536,0.3140596200102107,False,9885.794395115003,12037.342865102355,0.0,0.0,0.0,True,1.0,53498.71853809236,53498.71853809236,0.03232266625316298,432.73185071444055,416.6212706153943,16.110580099046274,16.110580099046274,0.0,1464.3646977394044,0.08463335480322645,45000.50269923943,69219.77694092473,-0.00014392400602027605,1.1207686042313791,0.0,0.0,0.0,0.0,2,True,0.0,fiscal_dominance
2044Q2,2044-06-30,2044,2,2044,70075.2551450119,31488.568534625872,0.01696473533357379,0.03343249954651102,0.03343249954651102,406.9834227781285,1385.456316768111,215.1415722136534,729.3642446030008,330.34649365108174,86.63447844121816,23.969527859157765,6.019952502154488,105.26811381047492,0.0,1496.7443830807404,1903.7278058588688,0.0,0.0,132569.42154963958,134473.14935549846,1.9189819441573668,0.023231220317981156,0.08543640005211063,0.10866762037009178,133890.38531850383,582.7640369946275,28013.93421196626,67388.80673962148,22480.399958824826,89869.2066984463,12983.212845519907,3024.031562571347,0.2092303651627082,18.38950954541634,37511.88409953739,47826.047789288874,0.280168617113937,0.35720300360267354,30000.8870347378,30000.8870347378,0,0.0,0.0,0.0,0.0,0.0,0.0,0.0,0.0,0.0,0.0,0.0,none,2982.2118642809037,32983.0988990187,1798.459692048394,1798.459692048394,0.0,31799.346726786192,0.2154110468670722,0.5181811771623273,0.1728613500867164,0.0702933619006643,0.0232530639832198,0.04186292122632476,0.0451610745701352,0.032293115928323755,0.8964607435802682,46932.28009769683,2.9103830456733704e-11,0.03115,0.0438999999999999,0.0438999999999999,0.0175,0.01684763439592385,0.05292516736733344,406.07562222479197,fiscal_dominance,0.013432499546511021,-0.00011513920481622084,0.02051424385901957,0.05166424385901957,0.03115,0.0,0.0,0.03115,0.0438999999999999,0.0438999999999999,0.0175,0.05166424385901957,0.05928568289426457,0.05415712192950968,0.027757121929509784,205.1424385901957,153.85682894264673,102.57121929509782,153.85682894264673,0.3077136578852935,False,9785.093299662114,11987.48519205828,0.0,0.0,0.0,True,1.0,53498.71853809236,53498.71853809236,0.0323160448967808,432.3053060696656,416.6212706153943,15.684035454271338,15.684035454271338,0.0,1481.060347626469,0.08454113193375329,46481.56304686589,70083.32448326374,-0.00011513920481622084,0.9078005533365189,0.0,0.0,0.0,0.0,2,True,0.0,fiscal_dominance
2044Q3,2044-09-30,2044,3,2044,70946.34936978418,31621.09396147464,0.01694131163999879,0.03315521411521958,0.03315521411521958,410.1409403920758,1401.9595587884521,218.1585126756873,739.5921539673441,333.845115810539,86.0581226507159,24.305653684167197,6.019952502154488,106.30259946212996,0.0,1514.2821107527366,1924.4230511448122,0.0,0.0,134473.14935549846,136397.57240664327,1.922545326408783,0.02312400533842005,0.08537618209839361,0.10850018743681365,135814.80836964864,582.7640369946275,28405.577441793663,68330.92253549732,22794.68271472297,91125.60525022028,13217.31724387116,3066.3084337635246,0.20914933933037622,18.308998156402723,37793.52147676914,48353.00278790399,0.27827246476618445,0.35602158091848934,30536.354087053223,30536.354087053223,0,0.0,0.0,0.0,0.0,0.0,0.0,0.0,0.0,0.0,0.0,0.0,none,3024.031562571347,33560.38564962457,1818.1204516826824,1818.1204516826824,0.0,32354.474538735907,0.2154110468670722,0.5181811771623273,0.1728613500867164,0.0702933619006643,0.0232530639832198,0.041724807632735846,0.04504340436764878,0.03225051065627539,0.9002318557893111,48446.56220844956,0.0,0.03115,0.0438999999999999,0.0438999999999999,0.0175,0.016847634395925626,0.05292516736733344,409.40568910448235,fiscal_dominance,0.013155214115219579,-9.211136385297668e-05,0.020100504674961224,0.05125050467496123,0.03115,0.0,0.0,0.03115,0.0438999999999999,0.0438999999999999,0.0175,0.05125050467496123,0.05897537850622082,0.053950252337480506,0.027550252337480614,201.00504674961226,150.7537850622092,100.50252337480609,150.75378506220918,0.30150757012441837,False,9755.119000826626,12028.554412391084,0.0,0.0,0.0,True,1.0,53498.71853809236,53498.71853809236,0.03230131029753554,432.21674754930797,416.6212706153943,15.595476933913687,15.595476933913687,0.0,1498.6866338188229,0.08449689925593881,47980.24968068472,70952.88493678499,-9.211136385297668e-05,0.7352512875934414,0.0,0.0,0.0,0.0,2,True,0.0,fiscal_dominance
2044Q4,2044-12-31,2044,4,2045,71823.24768078775,31754.030872960633,0.01692257394745944,0.03288520148062621,0.03288520148062621,431.1651113663594,1417.3897793176518,221.20843432796815,749.9318748270813,337.43585894838947,84.16815717783939,24.645454036374332,6.028693962709422,107.34864050906414,0.0,1530.7671137894254,1961.9322251557846,0.0,0.0,136397.57240664327,138359.50463179903,1.9263888657155404,0.024012565585039298,0.08525190175709058,0.10926446734212987,137776.7405948044,582.7640369946275,28805.0752332649,69291.93284053548,23115.26853701366,92407.20137754914,13455.030799470833,3109.4331845195447,0.2090706683066296,18.154013475480294,38533.16916726347,49946.690102478606,0.27967833322888586,0.36251902815272513,30633.134403332497,30633.134403332493,0,0.0,0.0,0.0,0.0,0.0,0.0,0.0,0.0,0.0,0.0,0.0,none,3066.3084337635246,33699.442837096016,1854.5835846467207,1854.5835846467207,0.0,32487.717987979213,0.2154110468670722,0.5181811771623273,0.1728613500867164,0.0702933619006643,0.0232530639832198,0.041624710294598945,0.044891330154344274,0.032219495743071966,0.9032105038245376,49977.32932223899,-2.9103830456733704e-11,0.03115,0.0438999999999999,0.0438999999999999,0.0175,0.01684763439592385,0.05292516736733255,430.56965113041537,fiscal_dominance,0.012885201480626208,-7.368909108238135e-05,0.019695731175179674,0.050845731175179674,0.03115,0.0,0.0,0.03115,0.0438999999999999,0.0438999999999999,0.0175,0.050845731175179674,0.05867179838138466,0.05374786558758973,0.027347865587589837,196.95731175179674,147.7179838138476,98.47865587589835,147.71798381384755,0.2954359676276951,False,9598.040399794314,11894.848348918193,0.0,0.0,0.0,True,1.0,53498.71853809236,53498.71853809236,0.03228311973625349,432.01967700485955,416.6212706153943,15.398406389465265,15.398406389465265,0.0,1515.36870739996,0.08439432948701434,49495.61838808468,71828.54066066281,-7.368909108238135e-05,0.5954602359440379,0.0,0.0,0.0,0.0,2,True,0.0,fiscal_dominance
2045Q1,2045-03-31,2045,1,2045,72695.09946847019,31882.591776326957,0.01629320827399172,0.0326219707691825,0.0326219707691825,434.5827275779917,1434.396883715298,224.31952337905042,760.4789629248752,341.0781317615615,83.52819642923522,24.992069220575836,6.028693962709422,108.41500821895622,0.0,1548.8405858969636,1983.4233134749552,0.0,0.0,138359.50463179903,140342.92794527402,1.9305693089552,0.023912628540606475,0.08522393378490319,0.10913656232550965,139760.16390827938,582.7640369946275,29208.97273518455,70263.52685134218,23439.385004084026,93702.91185542621,13695.2464450579,3153.0328726107305,0.20899354950924046,18.051014427479075,39247.45922612152,51513.67885604241,0.2808200715325328,0.3685862796343697,31246.300657777494,31246.300657777494,0,0.0,0.0,0.0,0.0,0.0,0.0,0.0,0.0,0.0,0.0,0.0,none,3109.4331845195447,34355.733842297035,1875.008305255999,1875.008305255999,0.0,33121.308963033494,0.2154110468670722,0.5181811771623273,0.1728613500867164,0.0702933619006643,0.0232530639832198,0.04149017375458156,0.04477728046276902,0.03215010280825788,0.9073443065053346,51526.169908135955,2.9103830456733704e-11,0.03115,0.0438999999999999,0.0438999999999999,0.0175,0.01623329428827147,0.054489465960201544,434.1005839324724,fiscal_dominance,0.012621970769182502,-5.895127286590508e-05,0.019299605846260236,0.05044960584626024,0.03115,0.0,0.0,0.03115,0.0438999999999999,0.0438999999999999,0.0175,0.05044960584626024,0.058374704384695074,0.05354980292313002,0.02714980292313012,192.99605846260238,144.74704384695175,96.4980292313012,144.74704384695178,0.28949408769390356,False,9588.423121481292,11960.754749429861,0.0,0.0,0.0,True,1.0,53498.71853809236,53498.71853809236,0.03225338102667776,431.77638407534,416.6212706153943,15.15511345994571,15.15511345994571,0.0,1533.6854724370178,0.08439003364193584,51029.3038605217,72699.38518976369,-5.895127286590508e-05,0.4821436455193461,0.0,0.0,0.0,0.0,2,True,0.0,fiscal_dominance
2045Q2,2045-06-30,2045,2,2045,73572.74169023448,32011.578810007304,0.016281224558460483,0.032365110008333906,0.032365110008333906,438.0508395487849,1450.3154674755187,227.46487517524966,771.1422071934785,344.7800251837166,81.58585820946469,25.34250171360874,6.028693962709422,109.49196293658567,0.0,1565.8361243748138,2003.8869639235986,0.0,0.0,140342.92794527402,142346.8149091976,1.9347765441245162,0.02381593125307867,0.08513131838786166,0.10894724964094032,141764.05087220296,582.7640369946275,29617.046345526913,71245.16668296406,23766.85268155217,95012.01936451622,13937.901801381675,3197.083360778173,0.2089178897139868,17.90506733594167,39973.01349847585,53163.0774990422,0.2819686179432796,0.37501099306881047,31532.834985552607,31532.834985552607,0,0.0,0.0,0.0,0.0,0.0,0.0,0.0,0.0,0.0,0.0,0.0,none,3153.0328726107305,34685.867858163336,1894.3950009870132,1894.3950009870132,0.0,33427.22998653962,0.2154110468670722,0.5181811771623273,0.1728613500867164,0.0702933619006643,0.0232530639832198,0.04138946441068212,0.044628857251300995,0.032226924339015625,0.9102674898666947,53092.00603251077,-2.9103830456733704e-11,0.03115,0.0438999999999999,0.0438999999999999,0.0175,0.01623329428827147,0.054489465960201544,437.6604725293001,fiscal_dominance,0.012365110008333905,-4.716101829272407e-05,0.018911845174807367,0.05006184517480737,0.03115,0.0,0.0,0.03115,0.0438999999999999,0.0438999999999999,0.0175,0.05006184517480737,0.05808388388110542,0.053355922587403584,0.026955922587403685,189.1184517480737,141.83883881105524,94.55922587403687,141.83883881105524,0.2836776776221105,False,9482.558971921731,11899.81700735225,0.0,0.0,0.0,True,1.0,53498.71853809236,53498.71853809236,0.032247496217650495,431.3786383620205,416.6212706153943,14.757367746626244,14.757367746626244,0.0,1551.0787566281874,0.08432899038389738,52580.38261714989,73576.21161929656,-4.716101829272407e-05,0.3903670194847855,0.0,0.0,0.0,0.0,2,True,0.0,fiscal_dominance
2045Q3,2045-09-30,2045,3,2045,74456.28057100784,32141.0118875711,0.01627163791667363,0.03211427073179527,0.03211427073179527,441.5655953607659,1467.5207301986886,230.64274841579083,781.9157043455288,348.4400299497633,80.8256899753512,25.69655751225456,6.028693962709422,110.57847713280314,0.0,1584.1279012942011,2025.693496654967,0.0,0.0,142346.8149091976,144372.50840585257,1.9390239117325592,0.02372214093824638,0.08510378918449692,0.10882593012274329,143789.74436885794,582.7640369946275,30029.583276753034,72237.54323818132,24097.90204939812,96335.44528757944,14183.100151663146,3241.6156528623474,0.20884370723769682,17.77190238460409,40633.70744753691,54792.80091615881,0.2825911376773918,0.38106195373434343,32030.013477725708,32030.013477725708,0,0.0,0.0,0.0,0.0,0.0,0.0,0.0,0.0,0.0,0.0,0.0,none,3197.083360778173,35227.09683850388,1915.115019522164,1915.115019522164,0.0,33945.128497247875,0.2154110468670722,0.5181811771623273,0.1728613500867164,0.0702933619006643,0.0232530639832198,0.04126319426266149,0.04451460054950184,0.03218285457280151,0.9135996130232968,54676.13393380497,0.0,0.03115,0.0438999999999999,0.0438999999999999,0.0175,0.01623329428827036,0.054489465960201544,441.24955437601255,fiscal_dominance,0.01211427073179527,-3.772881463417926e-05,0.01853219343259159,0.04968219343259159,0.03115,0.0,0.0,0.03115,0.0438999999999999,0.0438999999999999,0.0175,0.04968219343259159,0.057799145074443586,0.05316609671629569,0.026766096716295797,185.32193432591586,138.9914507444369,92.66096716295795,138.9914507444369,0.2779829014888738,False,9436.165311077619,11917.155033118464,0.0,0.0,0.0,True,1.0,53498.71853809236,53498.71853809236,0.03223309691007246,431.2999309265705,416.6212706153943,14.678660311176202,14.678660311176202,0.0,1569.449240983025,0.08431521042667528,54149.831858132915,74459.08982420563,-3.772881463417926e-05,0.3160409847533052,0.0,0.0,0.0,0.0,2,True,0.0,fiscal_dominance
2045Q4,2045-12-31,2045,4,2046,75345.81365966506,32270.907422706925,0.016263968814845597,0.031869155656061805,0.031869155656061805,462.25616027701363,1483.9233252532738,233.85537976771425,792.8070370390379,352.19164382605953,79.01477881058109,26.05448580988111,6.044719973726774,111.67495927344652,0.0,1601.6430045004472,2063.899164777461,0.0,0.0,144372.50840585257,146436.40757063002,1.943524138342698,0.02454050930367608,0.08502890481666435,0.10956941412034044,145853.6435336354,582.7640369946275,30450.11393657989,73249.14907507417,24435.36616123351,97684.51523630768,14432.00351352533,3287.010847222522,0.20877170565545572,17.687789689737315,41908.74358112036,56308.97614259323,0.28733422467746417,0.386064926308185,32600.125334124998,32600.125334125,0,0.0,0.0,0.0,0.0,0.0,0.0,0.0,0.0,0.0,0.0,0.0,none,3241.6156528623474,35841.74098698735,1952.2242055040142,1952.2242055040142,0.0,34552.34953962902,0.2154110468670722,0.5181811771623273,0.1728613500867164,0.0702933619006643,0.0232530639832198,0.04111729880259904,0.04437529061967922,0.03217475650617973,0.9177030954258145,56277.77693830542,0.0,0.03115,0.0438999999999999,0.0438999999999999,0.0175,0.01623329428827236,0.054489465960201544,462.00030881330326,fiscal_dominance,0.011869155656061805,-3.018305170734341e-05,0.018160417695415314,0.04931041769541532,0.03115,0.0,0.0,0.03115,0.0438999999999999,0.0438999999999999,0.0175,0.04931041769541532,0.05752031327156138,0.05298020884770756,0.02658020884770766,181.60417695415316,136.20313271561483,90.80208847707661,136.20313271561486,0.2724062654312297,False,9412.27649996481,11957.637034653082,0.0,0.0,0.0,True,1.0,53498.71853809236,53498.71853809236,0.03222005709541395,431.10734480075524,416.6212706153943,14.486074185360962,14.486074185360962,0.0,1587.1569303150861,0.08425986014215626,55736.988788448,75348.08789489804,-3.018305170734341e-05,0.2558514637103809,0.0,0.0,0.0,0.0,2,True,0.0,fiscal_dominance
2046Q1,2046-03-31,2046,1,2046,76237.58420170115,32399.6439210093,0.016052711400053044,0.03162950881406252,0.03162950881406252,465.996094575108,1499.8686930989547,237.1302622811159,803.909411098937,356.1031368058092,76.30653322854155,26.419349684551015,6.044719973726774,112.79016283211197,0.0,1618.7035759047935,2084.6996704799017,0.0,0.0,146436.40757063002,148521.10724110994,1.9481350149838021,0.024449677909112438,0.08492942649505802,0.10937910440417047,147938.3432041153,582.7640369946275,30874.885027949436,74270.95546500468,24776.233100974336,99047.18856597901,14683.405825013882,3332.8637851729754,0.20870103287117633,17.64613430607676,43185.30202419436,57843.76775965686,0.2919141926891137,0.39099915888504944,33207.77622863923,33207.77622863923,0,0.0,0.0,0.0,0.0,0.0,0.0,0.0,0.0,0.0,0.0,0.0,none,3287.010847222522,36494.78707586175,1971.9095076477895,1971.9095076477895,0.0,35179.68573628702,0.2154110468670722,0.5181811771623273,0.1728613500867164,0.0702933619006643,0.0232530639832198,0.04094663386357097,0.04421587780686443,0.03211621216715244,0.9227689320163015,57896.48051421021,2.9103830456733704e-11,0.03115,0.0438999999999999,0.0438999999999999,0.0175,0.01602817697257164,0.05376022781086065,465.7889921091802,fiscal_dominance,0.011629508814062519,-2.4146441365874728e-05,0.017796303847913076,0.04894630384791308,0.03115,0.0,0.0,0.03115,0.0438999999999999,0.0438999999999999,0.0175,0.04894630384791308,0.057247227885934705,0.052798151923956434,0.026398151923956538,177.96303847913077,133.47227885934808,88.98151923956536,133.47227885934805,0.26694455771869613,False,9391.025649555862,12008.8777206375,0.0,0.0,0.0,True,1.0,53498.71853809236,53498.71853809236,0.03219674698482666,430.93294145720415,416.6212706153943,14.311670841809871,14.311670841809871,0.0,1604.3919050629836,0.08417852805084994,57341.38069351098,76239.4251125094,-2.4146441365874728e-05,0.20710246592781062,0.0,0.0,0.0,0.0,2,True,0.0,fiscal_dominance
2046Q2,2046-06-30,2046,2,2046,77135.43414209464,32528.85470576512,0.016047804360523,0.03139510765467883,0.03139510765467883,469.7763773100932,1514.952485160827,240.43816715515624,815.1237362284244,360.09428915668997,72.5083999472287,26.787892673327793,6.044719973726774,113.91428181773392,0.0,1634.9114869522878,2104.687864262381,0.0,0.0,148521.10724110994,150625.79510537232,1.9527445042689173,0.024361119246166272,0.0847813462197176,0.10914246546588387,150043.0310683777,582.7640369946275,31303.71964941915,75302.53686341949,25120.36091015268,100422.89777357217,14937.258274724683,3379.1553706616655,0.2086316133879847,17.560658401134663,44537.715408191354,59541.874266182225,0.2968329491284044,0.3968319877452207,33517.398279918954,33517.398279918954,0,0.0,0.0,0.0,0.0,0.0,0.0,0.0,0.0,0.0,0.0,0.0,none,3332.8637851729754,36850.26206509193,1990.7735824446472,1990.7735824446472,0.0,35508.171862363604,0.2154110468670722,0.5181811771623273,0.1728613500867164,0.0702933619006643,0.0232530639832198,0.04080017677638523,0.04403176133876147,0.03215859513733588,0.9268399492804915,59531.3920011625,0.0,0.03115,0.0438999999999999,0.0438999999999999,0.0175,0.01602817697257164,0.05376022781085976,469.60874491051555,fiscal_dominance,0.01139510765467883,-1.9317153092699784e-05,0.017439653376692486,0.048589653376692486,0.03115,0.0,0.0,0.03115,0.0438999999999999,0.0438999999999999,0.0175,0.048589653376692486,0.056979740032519266,0.05261982668834614,0.026219826688346243,174.39653376692485,130.79740032519368,87.19826688346241,130.79740032519362,0.26159480065038726,False,9288.753139794697,11950.823999878778,0.0,0.0,0.0,True,1.0,53498.71853809236,53498.71853809236,0.03218822442527586,430.6211761958539,416.6212706153943,13.999905580459597,13.999905580459597,0.0,1620.911581371828,0.08405535533181153,58962.29227488281,77136.9242078687,-1.9317153092699784e-05,0.1676323995776302,0.0,0.0,0.0,0.0,2,True,0.0,fiscal_dominance
2046Q3,2046-09-30,2046,3,2046,78039.44367457957,32658.54924237878,0.016043878784353538,0.031165756715103302,0.031165756715103302,473.59549909211717,1530.9764841496933,243.77771676985162,826.4453420760271,364.12767678679245,69.46578722532928,27.15996129169313,6.044719973726774,115.04676621276937,0.0,1652.0679703361895,2125.6634694283066,0.0,0.0,150625.79510537232,152751.4585748006,1.9573622181593997,0.024274673257128065,0.08467861340607333,0.10895328666320139,152168.69453780598,582.7640369946275,31736.82869830723,76344.40059351397,25467.918827977417,101812.31942149138,15193.638048500101,3425.908369507267,0.208563455148932,17.475131454374562,45939.74811835688,61243.382953948654,0.30190012642149106,0.4024703184841536,33964.82987737934,33964.82987737934,0,0.0,0.0,0.0,0.0,0.0,0.0,0.0,0.0,0.0,0.0,0.0,none,3379.1553706616655,37343.98524804101,2010.6167032155372,2010.6167032155372,0.0,35975.44658059488,0.2154110468670722,0.5181811771623273,0.1728613500867164,0.0702933619006643,0.0232530639832198,0.04065422219009178,0.04387211285239591,0.032149990334338,0.9309329528292554,61183.45997149869,-2.9103830456733704e-11,0.03115,0.0438999999999999,0.0438999999999999,0.0175,0.016028176972572528,0.05376022781086176,473.45982200613537,fiscal_dominance,0.011165756715103302,-1.545372247415983e-05,0.01709028079405518,0.04824028079405518,0.03115,0.0,0.0,0.03115,0.0438999999999999,0.0438999999999999,0.0175,0.04824028079405518,0.05671771059554128,0.05244514039702749,0.026045140397027593,170.90280794055178,128.17710595541382,85.4514039702759,128.17710595541385,0.2563542119108277,False,9222.45725630848,11941.187241720467,0.0,0.0,0.0,True,1.0,53498.71853809236,53498.71853809236,0.032179690380884106,430.5071896921957,416.6212706153943,13.885919076801429,13.885919076801429,0.0,1638.1820512593881,0.08396687490959173,60600.474326142205,78040.64969312167,-1.545372247415983e-05,0.1356770859818207,0.0,0.0,0.0,0.0,2,True,0.0,fiscal_dominance
