quarter,quarter_end,calendar_year,calendar_quarter,fiscal_year,nominal_gdp_billions_saar,real_gdp_billions_chained_saar,annual_real_gdp_growth_rate,annual_inflation_rate,annual_tips_reference_inflation_rate,primary_deficit_billions,marketable_interest_excluding_tips_inflation_billions,bills_interest_cost_billions,notes_interest_cost_billions,bonds_interest_cost_billions,tips_real_interest_cost_billions,frns_interest_cost_billions,other_public_debt_interest_billions,tips_inflation_compensation_billions,tips_deflation_floor_cost_billions,modeled_debt_interest_cost_billions,modeled_total_deficit_billions,other_financing_adjustment_billions,treasury_debt_management_adjustment_billions,beginning_debt_held_by_public_billions,debt_held_by_public_billions,debt_held_by_public_gdp_ratio,primary_deficit_gdp_ratio_annualized,modeled_interest_gdp_ratio_annualized,modeled_total_deficit_gdp_ratio_annualized,marketable_debt_billions,other_public_debt_billions,bills_outstanding_billions,notes_outstanding_billions,bonds_outstanding_billions,nominal_fixed_rate_debt_outstanding_billions,tips_outstanding_billions,frns_outstanding_billions,bill_share_of_marketable_debt,weighted_average_remaining_maturity_quarters,principal_maturing_next_four_quarters_billions,principal_maturing_next_eight_quarters_billions,share_marketable_debt_maturing_next_four_quarters,share_marketable_debt_maturing_next_eight_quarters,principal_maturing_billions,principal_refinanced_billions,treasury_buyback_operation_count,treasury_buyback_cash_limit_billions,treasury_buyback_face_value_limit_billions,treasury_buyback_cash_spent_billions,treasury_buyback_face_value_retired_billions,treasury_buyback_premium_or_discount_billions,treasury_buyback_unfilled_cash_limit_billions,treasury_buyback_unfilled_face_value_limit_billions,treasury_buyback_weighted_price_per_dollar_face,treasury_buyback_notes_retired_billions,treasury_buyback_bonds_retired_billions,treasury_buyback_financing_issuance_billions,treasury_buyback_financing_instrument,frn_principal_reset_billions,principal_repriced_or_reset_billions,net_new_borrowing_requirement_billions,genuinely_new_borrowing_billions,debt_repayment_billions,gross_treasury_issuance_billions,new_borrowing_bill_share,new_borrowing_note_share,new_borrowing_bond_share,new_borrowing_tips_share,new_borrowing_frn_share,average_effective_marketable_rate_excluding_tips_inflation,average_effective_debt_cost_rate_including_tips_inflation,average_new_issuance_stated_rate,share_marketable_debt_repriced_since_scenario_start,cumulative_modeled_interest_billions,debt_identity_residual_billions,scenario
2026Q4,2026-12-31,2026,4,2027,32494.749328920883,24334.483486635447,-0.02,0.02374108660242924,0.02771554138299126,194.872,262.77373580186674,55.91196830625741,138.7066086465815,45.90202768161394,6.830451248587104,15.422679918826764,4.968063415379199,15.669722733652822,0.0,283.41152195089876,478.2835219508988,5.538,0.0,32215.665354410852,32699.486876361752,1.0063006347692809,0.023988121653434096,0.03488705440772952,0.05887517606116361,32116.722839367125,582.7640369946275,6900.719597135018,16599.998264328406,5537.634784657662,22137.633048986067,2333.4554051875534,744.9147880584759,0.21486375280719644,24.389899668742217,10389.974586384971,13385.224783509682,0.3235066864807714,0.416768075947734,7665.516018009889,7665.51601800989,0,0.0,0.0,0.0,0.0,0.0,0.0,0.0,0.0,0.0,0.0,0.0,none,734.0288243174178,8399.544842327308,468.151799217246,468.151799217246,0.0,8133.667817227136,0.2154110468670722,0.5181811771623273,0.1728613500867164,0.0702933619006643,0.0232530639832198,0.04609959276180814,0.03518928059787473,0.08383483966658266,0.2734150701709626,283.41152195089876,0.0,pre_backstop_500bp_stress
2027Q1,2027-03-31,2027,1,2027,32517.71732280901,24211.887731116716,-0.02,0.023296209984862815,0.026152401325720165,194.872,370.1700505911899,142.81039206270918,155.50621409485328,47.832561402724565,8.418975029950598,15.601908000952285,4.968063415379199,15.10898639416756,0.0,390.2471004007367,585.1191004007367,5.538,0.0,32699.486876361752,33290.14397676248,1.0237540244994894,0.02397117830448822,0.04800424292107422,0.07197542122556243,32707.37993976786,582.7640369946275,7024.699018895542,16898.236463557885,5637.124808684701,22535.361272242586,2389.0216034508285,758.2980451788922,0.21477412840257606,24.52427012331927,10399.249675416351,13227.409126301465,0.3179481112387188,0.4044166530813641,7820.433550822089,7820.43355082209,0,0.0,0.0,0.0,0.0,0.0,0.0,0.0,0.0,0.0,0.0,0.0,none,744.9147880584759,8565.348338880565,575.5481140065692,575.5481140065692,0.0,8395.98166482866,0.2154110468670722,0.5181811771623273,0.1728613500867164,0.0702933619006643,0.0232530639832198,0.04834168757309773,0.04773739745535198,0.08374712192371968,0.3114431881838891,673.6586223516355,-7.275957614183426e-12,pre_backstop_500bp_stress
2027Q2,2027-06-30,2027,2,2027,32535.292940369363,24089.909606100784,-0.02,0.022616048740021766,0.02507028033791192,194.872,395.32328562167703,145.13028173038174,173.8470840941636,50.18875277293736,10.297711636625886,15.859455387568357,4.968063415379199,14.834614291626274,0.0,415.12596332868253,609.9979633286825,5.538,0.0,33290.14397676248,33905.67994009117,1.042120014171486,0.023958229035424532,0.05103700330462981,0.07499523234005434,33322.915903096546,582.7640369946275,7154.096725346078,17209.50859572491,5740.962854878158,22950.47145060307,2446.0815350645357,772.2661920828573,0.21468999730246535,24.60515694854736,10443.072487729813,13086.637169371503,0.31339011622207363,0.39272184965528245,7926.909522083838,7926.909522083837,0,0.0,0.0,0.0,0.0,0.0,0.0,0.0,0.0,0.0,0.0,0.0,none,758.2980451788922,8685.207567262729,600.7013490370563,600.7013490370563,0.0,8527.610871120893,0.2154110468670722,0.5181811771623273,0.1728613500867164,0.0702933619006643,0.0232530639832198,0.050517801842078006,0.04987974382068793,0.0837547021761706,0.3481871603542527,1088.784585680318,0.0,pre_backstop_500bp_stress
2027Q3,2027-09-30,2027,3,2027,32549.94864533719,23968.546000000006,-0.02,0.022248000239960097,0.024382592342289344,194.872,420.90213948143173,147.5890154438896,192.72536974768812,52.5894884009301,11.879668641530317,16.118597247393637,4.968063415379199,14.776026093081922,0.0,440.64622898989285,635.5182289898928,5.538,0.0,33905.67994009117,34546.736169081065,1.0613453356102274,0.023947441776122815,0.05415015965661326,0.07809760143273607,33963.972132086434,582.7640369946275,7289.004399484202,17534.035208495443,5849.222496283483,23383.257704778927,2504.8809021110633,786.8291257122407,0.21460989224514573,24.71815207985729,10426.018560899307,12884.956837322397,0.3069728864560468,0.37937131697118914,8091.143309867532,8091.143309867531,0,0.0,0.0,0.0,0.0,0.0,0.0,0.0,0.0,0.0,0.0,0.0,none,772.2661920828573,8863.409501950387,626.280202896811,626.280202896811,0.0,8717.423512764342,0.2154110468670722,0.5181811771623273,0.1728613500867164,0.0702933619006643,0.0232530639832198,0.052751478619923575,0.05198494526798839,0.08371227776251552,0.38510409986146427,1529.430814670211,0.0,pre_backstop_500bp_stress
2027Q4,2027-12-31,2027,4,2028,32727.07720050504,23968.546000000006,0.0,0.021945305341696475,0.024162847358085493,215.4585,447.9770905266481,150.18993565137197,212.72345057038578,55.16176617923632,13.508353291439573,16.393584834214533,5.137064986107641,14.996059284267206,0.0,468.110214797023,683.568714797023,2.14175,0.0,34546.736169081065,35232.44663387809,1.0765534122715483,0.026333973997124935,0.05721381251727535,0.08354778651440029,34649.68259688346,582.7640369946275,7433.48369172453,17881.58678868377,5965.163093943028,23846.7498826268,2567.023731834027,802.4252906980962,0.21453251904804257,24.673518017902758,10435.005812470443,12867.082813526165,0.3011573275828221,0.3713477829861416,8022.48153738188,8022.48153738188,0,0.0,0.0,0.0,0.0,0.0,0.0,0.0,0.0,0.0,0.0,0.0,none,786.8291257122407,8809.31066309412,670.7144055127557,670.7144055127557,0.0,8693.195942894636,0.2154110468670722,0.5181811771623273,0.1728613500867164,0.0702933619006643,0.0232530639832198,0.05458754633131724,0.05420022458920172,0.08346877322722825,0.41551256317749463,1997.541029467234,0.0,pre_backstop_500bp_stress
2028Q1,2028-03-31,2028,1,2028,32903.007321605444,23968.546000000006,0.0,0.0216767083117837,0.023850744937782276,215.4585,472.9322887597373,153.01826179414945,230.1945377928837,58.03091127043561,14.986095476387613,16.702482425880866,5.137064986107641,15.171330566627459,0.0,493.24068431247235,708.6991843124723,2.14175,0.0,35232.44663387809,35943.28756819056,1.0924012877263272,0.026193168046195123,0.05996299116264556,0.08615615920884068,35360.52353119593,582.7640369946275,7583.338609341024,18242.069682868845,6085.417480860826,24327.48716372967,2631.0960176200533,818.6017405051794,0.21445775831488506,24.65283259406407,10417.482561687226,12803.257588723132,0.294607701509189,0.36207771577329106,8238.952199457772,8238.952199457772,0,0.0,0.0,0.0,0.0,0.0,0.0,0.0,0.0,0.0,0.0,0.0,none,802.4252906980962,9041.377490155868,695.6696037458448,695.6696037458448,0.0,8934.621803203616,0.2154110468670722,0.5181811771623273,0.1728613500867164,0.0702933619006643,0.0232530639832198,0.056494803453966035,0.055998459537941046,0.08338325426793425,0.4470109931586839,2490.7817137797065,-7.275957614183426e-12,pre_backstop_500bp_stress
2028Q2,2028-06-30,2028,2,2028,33078.45806907888,23968.546000000006,0.0,0.02150065998978512,0.023590801926968608,215.4585,499.5061216761336,155.95135850109816,248.67473069587598,60.823819406601466,17.0313433744015,17.024869698156447,5.137064986107641,15.381999625291852,0.0,520.0251862875331,735.483686287533,2.14175,0.0,35943.28756819056,36680.91300447809,1.1089063742897594,0.026054237419416662,0.06288384847946016,0.0889380858988768,36098.14896748346,582.7640369946275,7738.9178241253085,18616.32263707625,6210.265456413531,24826.58809348978,2697.2469365190236,835.3961133493469,0.21438544760553738,24.630444567578948,10388.585332181938,12788.184361812735,0.2877872032036818,0.35426149892982306,8400.526250303397,8400.526250303397,0,0.0,0.0,0.0,0.0,0.0,0.0,0.0,0.0,0.0,0.0,0.0,none,818.6017405051794,9219.127990808576,722.2434366622412,722.2434366622412,0.0,9122.76968696564,0.2154110468670722,0.5181811771623273,0.1728613500867164,0.0702933619006643,0.0232530639832198,0.058343454692066574,0.05787174423607818,0.08333390834604508,0.4778886523206932,3010.8069000672394,0.0,pre_backstop_500bp_stress
2028Q3,2028-09-30,2028,3,2028,33251.27226160394,23968.546000000006,0.0,0.02106182624872388,0.023346411992499982,215.4585,526.6187050010525,159.01541399121461,267.6453101405641,63.72653483820185,18.869826305389015,17.361619725682807,5.137064986107641,15.606780611821467,0.0,547.3625505989816,762.8210505989815,2.14175,0.0,36680.91300447809,37445.87580507707,1.1261486631390265,0.025918827803626053,0.06584560690401427,0.09176443470764031,36863.111768082446,582.7640369946275,7900.337388866886,19004.624821626872,6339.800149724121,25344.424971350993,2765.5284710362434,852.8209368283193,0.21431553143344,24.580214529833956,10365.430078275222,12812.135923802063,0.28118706156678897,0.3475598046200571,8523.637098463598,8523.637098463598,0,0.0,0.0,0.0,0.0,0.0,0.0,0.0,0.0,0.0,0.0,0.0,none,835.3961133493469,9359.033211812945,749.35601998716,749.35601998716,0.0,9272.993118450759,0.2154110468670722,0.5181811771623273,0.1728613500867164,0.0702933619006643,0.0232530639832198,0.06010149629126543,0.059689086859114796,0.08334083267083622,0.5070301345345619,3558.169450666221,-7.275957614183426e-12,pre_backstop_500bp_stress
2028Q4,2028-12-31,2028,4,2029,33567.27804848896,24072.26500958159,0.01742186418178404,0.020775810233577552,0.02309377715644856,173.80475,553.988726194189,162.21367743690934,286.59483450091807,66.85005478322783,20.617068615209455,17.713090857924193,5.268186894431433,15.830184595065484,0.0,575.0870976836859,748.8918476836859,-2.42575,0.0,37445.87580507707,38192.34190276076,1.1377848941934092,0.020711211644737323,0.06852948837292736,0.08924070001766467,37609.57786576613,582.7640369946275,8057.7244357839845,19383.226599148205,6466.098860082461,25849.325459230666,2832.71751028767,869.8104604638072,0.2142466066634179,24.371818341277233,10496.006789426774,12739.021564232473,0.27907802706237483,0.338717483341606,8497.898389356065,8497.898389356065,0,0.0,0.0,0.0,0.0,0.0,0.0,0.0,0.0,0.0,0.0,0.0,none,852.8209368283193,9350.719326184384,730.6359130886204,730.6359130886204,0.0,9228.534302444685,0.2154110468670722,0.5181811771623273,0.1728613500867164,0.0702933619006643,0.0232530639832198,0.06146337849396614,0.06143128826013071,0.08308291358251661,0.5298238246294465,4133.2565483499075,7.275957614183426e-12,pre_backstop_500bp_stress
2029Q1,2029-03-31,2029,1,2029,33886.340980372326,24177.969524360276,0.017680562926939647,0.020522825130940392,0.02297286568423096,173.80475,578.017590020644,165.34450542228737,302.5465573271736,69.90091586195312,22.170520776152063,18.05509063307746,5.268186894431433,16.130604933886623,0.0,599.416381848962,773.221131848962,-2.42575,0.0,38192.34190276076,38963.13728460972,1.1498183680314726,0.020516201510298364,0.07075610579450363,0.09127230730480199,38380.37324761509,582.7640369946275,8220.287565412966,19774.279681613003,6596.551232282892,26370.830913895894,2901.8960394989326,887.3587288072958,0.21417945866182436,24.19568172020491,10611.847201024373,12727.807050044281,0.2764915060247305,0.3316228054357228,8695.970981528808,8695.970981528808,0,0.0,0.0,0.0,0.0,0.0,0.0,0.0,0.0,0.0,0.0,0.0,none,869.8104604638072,9565.781441992614,754.6647769150754,754.6647769150754,0.0,9450.635758443883,0.2154110468670722,0.5181811771623273,0.1728613500867164,0.0702933619006643,0.0232530639832198,0.06282365452972132,0.06277869876375744,0.08300931783622405,0.5529126810882604,4732.67293019887,0.0,pre_backstop_500bp_stress
2029Q2,2029-06-30,2029,2,2029,34205.573087708595,24282.728560473675,0.01744428695602207,0.020418069374665837,0.022841686194156274,173.80475,602.9240918868302,168.57754724770624,318.6651012306089,73.05472931974312,24.2184572596648,18.40825682910735,5.268186894431433,16.430970230481215,0.0,624.6232490117428,798.4279990117428,-2.42575,0.0,38963.13728460972,39759.13953362146,1.1623585265381355,0.02032472890360137,0.07304344790950974,0.09336817681311112,39176.37549662683,582.7640369946275,8388.215830682739,20178.23884453382,6731.308976021849,26909.54782055567,2973.125695756148,905.4861496322769,0.21411413701109183,24.003678660970373,10792.830074379966,12668.953262071469,0.2754933282510847,0.32338247480710136,8853.593815690789,8853.593815690789,0,0.0,0.0,0.0,0.0,0.0,0.0,0.0,0.0,0.0,0.0,0.0,none,887.3587288072958,9740.952544498085,779.5712787812616,779.5712787812616,0.0,9633.16509447205,0.2154110468670722,0.5181811771623273,0.1728613500867164,0.0702933619006643,0.0232530639832198,0.06404699120035827,0.06412453334536451,0.08291900017647245,0.5752977744119095,5357.2961792106125,0.0,pre_backstop_500bp_stress
2029Q3,2029-09-30,2029,3,2029,34528.19057048822,24389.00036245153,0.017620997896754975,0.020285549943514614,0.02275805762511629,173.80475,627.4198893390029,171.91648344984276,334.3812100974148,76.19694300937624,26.14999746974394,18.775255312625237,5.268186894431433,16.773165807478307,0.0,649.4612420409127,823.2659920409127,-2.42575,0.0,39759.13953362146,40579.979775662374,1.1752709628041358,0.02013482283645105,0.0752383755198591,0.09537319835631014,39997.21573866774,582.7640369946275,8561.42076132553,20594.89126861393,6870.301096379837,27465.192364993767,3046.419439545713,924.1831728027333,0.21405041834071173,23.788576586173214,11013.225929693634,12707.558398011366,0.275349814388367,0.3177110747167882,8988.098523174607,8988.098523174607,0,0.0,0.0,0.0,0.0,0.0,0.0,0.0,0.0,0.0,0.0,0.0,none,905.4861496322769,9893.584672806885,804.0670762334344,804.0670762334344,0.0,9792.165599408041,0.2154110468670722,0.5181811771623273,0.1728613500867164,0.0702933619006643,0.0232530639832198,0.06528657254136118,0.06533956716962748,0.08294513729181593,0.5962036875718207,6006.757421251526,0.0,pre_backstop_500bp_stress
2029Q4,2029-12-31,2029,4,2030,34855.54358176037,24497.541313226066,0.017920813193843088,0.020183196343088072,0.022686563355431177,192.2015,652.9708960484521,175.38070429575325,350.73543702299884,79.52818396993084,28.170564045500736,19.15600671426866,5.3789120614604125,17.13311876928073,0.0,675.4829268791932,867.6844268791932,-5.94,0.0,40579.979775662374,41441.72420254156,1.1889564741784056,0.02205692182641243,0.07751799082343597,0.0995749126498484,40858.96016554694,582.7640369946275,8743.359367401254,21032.552950494937,7016.301747398224,28048.854697893163,3122.923126661356,943.8229735911642,0.21398878806450447,23.538181728258596,10990.296834477447,12725.628026956796,0.2689813149906022,0.31145256696197793,9131.835157386198,9131.835157386198,0,0.0,0.0,0.0,0.0,0.0,0.0,0.0,0.0,0.0,0.0,0.0,none,924.1831728027333,10056.018330188932,844.6113081099124,844.6113081099124,0.0,9976.44646549611,0.2154110468670722,0.5181811771623273,0.1728613500867164,0.0702933619006643,0.0232530639832198,0.06639072599898342,0.0665828746700668,0.08290291240637933,0.6158946107226043,6682.240348130719,0.0,pre_backstop_500bp_stress
2030Q1,2030-03-31,2030,1,2030,35185.787659983565,24607.027742665883,0.017997333864965714,0.02008187040489151,0.022638322874940497,192.2015,678.32190970274,179.04214144595917,366.80577659951706,82.93547416307244,29.984865038816302,19.55365245537492,5.3789120614604125,17.52634179296895,0.0,701.2271635571693,893.4286635571693,-5.94,0.0,41441.72420254156,42329.21286609874,1.2030201874445834,0.021849901654307863,0.07971709149540146,0.10156699314970931,41746.44882910411,582.7640369946275,8930.758861867389,21483.351050473586,7166.684608862957,28650.035659336543,3201.6020447780375,964.0522631221374,0.21392858823577796,23.299004663024494,11050.694077721248,12800.988350223844,0.264709798980964,0.3066365812964541,9334.623186069008,9334.623186069008,0,0.0,0.0,0.0,0.0,0.0,0.0,0.0,0.0,0.0,0.0,0.0,none,943.8229735911642,10278.446159660172,869.9623217642003,869.9623217642003,0.0,10204.585507833208,0.2154110468670722,0.5181811771623273,0.1728613500867164,0.0702933619006643,0.0232530639832198,0.06752541384929575,0.06768320353950563,0.08287035844019143,0.6353446976731126,7383.467511687889,7.275957614183426e-12,pre_backstop_500bp_stress
2030Q2,2030-06-30,2030,2,2030,35516.65777720346,24716.041432773058,0.017838848225115722,0.01995316485744958,0.022612820884429397,192.2015,704.910984697248,182.79030700527056,383.55266644762145,86.44616206396665,32.15391668047188,19.96793249991728,5.3789120614604125,17.947828255418436,0.0,728.2377250141268,920.4392250141268,-5.94,0.0,42329.21286609874,43243.71209111286,1.2175614147699745,0.02164634985709331,0.08201647008368561,0.10366281994077892,42660.948054118235,582.7640369946275,9123.885936813318,21947.927108632546,7321.663693728799,29269.590802361345,3282.5714848283637,984.8998301152128,0.21386974160159464,23.11391916850594,11002.679828120068,12774.296274069726,0.2579098761275169,0.2994377025532739,9576.995388257443,9576.995388257443,0,0.0,0.0,0.0,0.0,0.0,0.0,0.0,0.0,0.0,0.0,0.0,none,964.0522631221374,10541.04765137958,896.5513967587083,896.5513967587083,0.0,10473.546785016151,0.2154110468670722,0.5181811771623273,0.1728613500867164,0.0702933619006643,0.0232530639832198,0.06870188701134823,0.0688165619632742,0.08289934409226295,0.6553947338309116,8111.705236702016,0.0,pre_backstop_500bp_stress
2030Q3,2030-09-30,2030,3,2030,35850.49897484923,24825.52786221287,0.017837173553037378,0.019938881222312688,0.022609552821165613,192.2015,732.9049311586692,186.69751598204252,401.45157736619603,90.20220822607521,34.16127860181982,20.392350982535483,5.3789120614604125,18.39909670027135,0.0,756.6829399204009,948.884439920401,-5.94,0.0,43243.71209111286,44186.656531033266,1.2325255657398864,0.02144477823138118,0.08442648906518693,0.10587126729656811,43603.892494038635,582.7640369946275,9323.043217072443,22427.0091029223,7481.481849974218,29908.490952896518,3365.959981933181,1006.3983421364986,0.21381217785423756,22.906065232995743,11020.109622546712,12788.496930383022,0.25273224458236937,0.2932879657964348,9771.050731642572,9771.050731642572,0,0.0,0.0,0.0,0.0,0.0,0.0,0.0,0.0,0.0,0.0,0.0,none,984.8998301152128,10755.950561757785,924.5453432201296,924.5453432201296,0.0,10695.596074862702,0.2154110468670722,0.5181811771623273,0.1728613500867164,0.0702933619006643,0.0232530639832198,0.06989610139484778,0.06999241307740638,0.0828694867383901,0.6748302631549313,8868.388176622417,7.275957614183426e-12,pre_backstop_500bp_stress
2030Q4,2030-12-31,2030,4,2031,36186.034286952054,24935.10883951922,0.01777342391157455,0.019839987430776862,0.02260563078501021,184.328,762.1346173198476,190.70284900521685,420.03527483422704,93.93556035596818,36.62848744221008,20.832445682225526,5.499835599136797,18.863250950212453,0.0,786.4977038691968,970.8257038691968,-9.2495,0.0,44186.656531033266,45148.232734902456,1.2476700921930532,0.0203755955724018,0.0869393642455915,0.10731495981799329,44565.46869790783,582.7640369946275,9526.114001155871,22915.505210592033,7644.440483760029,30559.945694352064,3451.089695651372,1028.3193067485338,0.21375549903288873,22.500601221162427,11264.192049171756,13746.814037879813,0.2527560548174054,0.3084633560361314,9687.309795364654,9687.309795364654,0,0.0,0.0,0.0,0.0,0.0,0.0,0.0,0.0,0.0,0.0,0.0,none,1006.3983421364986,10693.708137501153,942.7129529189843,942.7129529189843,0.0,10630.022748283638,0.2154110468670722,0.5181811771623273,0.1728613500867164,0.0702933619006643,0.0232530639832198,0.07066091816483919,0.07119775657312492,0.08271235664659557,0.687267350173289,9654.885880491613,-7.275957614183426e-12,pre_backstop_500bp_stress
2031Q1,2031-03-31,2031,1,2031,36524.98226400305,25045.446199757793,0.01781775002184327,0.01982598390139856,0.02258993228072148,184.328,787.4680549909518,194.80903132363758,435.67417035101624,97.74308883437365,37.9581256304965,21.28363885142778,5.499835599136797,19.327009134786657,0.0,812.2948997248752,996.6228997248752,-9.2495,0.0,45148.232734902456,46135.606134627335,1.2631246690596198,0.020186512197889632,0.0889577324203579,0.10914424461824752,45552.84209763271,582.7640369946275,9734.641887568772,23417.128628815746,7811.778289784004,31228.90691859975,3538.4639400565407,1050.8293514076502,0.2136999897109529,22.193983276862408,11487.832890220694,14726.868257919828,0.2521869626838869,0.32329197432634293,9990.736867437596,9990.736867437594,0,0.0,0.0,0.0,0.0,0.0,0.0,0.0,0.0,0.0,0.0,0.0,none,1028.3193067485338,11019.056174186127,968.0463905900885,968.0463905900885,0.0,10958.783258027683,0.2154110468670722,0.5181811771623273,0.1728613500867164,0.0702933619006643,0.0232530639832198,0.0715348176759273,0.07196692765313221,0.0826495086538845,0.7013970679735119,10467.180780216488,0.0,pre_backstop_500bp_stress
2031Q2,2031-06-30,2031,2,2031,36866.39910685036,25155.878107862893,0.017754036595319045,0.019811706497828263,0.02259593162071094,184.328,814.8711852978527,199.0490899960625,451.78670351391185,101.81232818253363,40.48140432472022,21.741659280624276,5.499835599136797,19.82154678903462,0.0,840.1925676860241,1024.5205676860242,-9.2495,0.0,46135.606134627335,47150.877202313364,1.2789661682350741,0.019999566485000043,0.09116079552558232,0.11116036201058237,46568.11316531873,582.7640369946275,9949.072710968518,23932.951833359824,7983.853037909433,31916.804871269258,3628.25898027183,1073.9766028091333,0.21364560500119248,21.819491493501886,11723.833675149504,15749.11571568187,0.25175668237897914,0.33819527236956876,10138.734410788853,10138.734410788851,0,0.0,0.0,0.0,0.0,0.0,0.0,0.0,0.0,0.0,0.0,0.0,none,1050.8293514076502,11189.563762196502,995.4495208969894,995.4495208969894,0.0,11134.18393168584,0.2154110468670722,0.5181811771623273,0.1728613500867164,0.0702933619006643,0.0232530639832198,0.07227637531301251,0.07284547776260061,0.08270885515571809,0.7138319260187848,11307.373347902512,7.275957614183426e-12,pre_backstop_500bp_stress
2031Q3,2031-09-30,2031,3,2031,37209.60057628394,25265.93182450188,0.017614655473791707,0.019797160110517797,0.022579104221777335,184.328,841.6553350567997,203.35904621219652,468.36677143141213,105.83500560683584,41.89541542629034,22.199096380064788,5.499835599136797,20.309545076390307,0.0,867.4647157323268,1051.7927157323268,-9.2495,0.0,47150.877202313364,48193.42041804569,1.29518779217325,0.019815101172301647,0.0932517094833012,0.11306681065560285,47610.65638105106,582.7640369946275,10169.273136107282,24462.654080155287,8160.5577303231175,32623.211810478406,3720.4247667066807,1097.7466677586976,0.2135923742516314,21.501898217419342,11940.755909356441,16789.29363645875,0.2508000690809387,0.35263730670054055,10415.262520414395,10415.262520414397,0,0.0,0.0,0.0,0.0,0.0,0.0,0.0,0.0,0.0,0.0,0.0,none,1073.9766028091333,11489.23912322353,1022.2336706559364,1022.2336706559364,0.0,11437.496191070333,0.2154110468670722,0.5181811771623273,0.1728613500867164,0.0702933619006643,0.0232530639832198,0.07310480081463262,0.07359054738347616,0.08254488342244097,0.727172312269992,12174.83806363484,-7.275957614183426e-12,pre_backstop_500bp_stress
2031Q4,2031-12-31,2031,4,2032,37555.06036168092,25376.26918474045,0.017582923791722438,0.019727225080271582,0.0225727995952707,192.24275,870.3709469684553,207.65655743931072,485.46338523264956,109.9663613154678,44.613429925140714,22.671213055886497,5.6120176762582625,20.819685743618763,0.0,896.8026503883323,1089.0454003883324,-11.316,0.0,48193.42041804569,49271.149818434016,1.3119709925618317,0.020475829158421884,0.09551870152799749,0.11599453068641939,48688.38578143939,582.7640369946275,10396.943164182878,25010.32480024418,8343.256570516369,33353.58137076055,3815.5381895181495,1122.3230569778177,0.21354051890022444,21.13595934462524,12882.676834801441,17841.1251288579,0.2645944536471463,0.3664349278069341,10573.859203739079,10573.859203739079,0,0.0,0.0,0.0,0.0,0.0,0.0,0.0,0.0,0.0,0.0,0.0,none,1097.7466677586976,11671.605871497777,1056.9097146447136,1056.9097146447136,0.0,11630.768918383792,0.2154110468670722,0.5181811771623273,0.1728613500867164,0.0702933619006643,0.0232530639832198,0.07379307082221434,0.07443361708790695,0.08256956569998616,0.7388137814369933,13071.640714023171,-7.275957614183426e-12,pre_backstop_500bp_stress
2032Q1,2032-03-31,2032,1,2032,37903.323994075035,25487.079284311665,0.017581469158450158,0.01968526656714742,0.02257678241908323,192.24275,898.456259937482,212.1236329072412,502.8080547742394,114.23877369338697,46.1238564742343,23.16194208837968,5.6120176762582625,21.355681358176327,0.0,925.4239589719165,1117.6667089719165,-11.316,0.0,49271.149818434016,50377.50052740594,1.3291050815300747,0.02028769297701183,0.09766150948835799,0.11794920246536982,49794.736490411306,582.7640369946275,10630.663078926722,25572.54880086834,8530.810275827054,34103.35907669539,3913.1618190127992,1147.552515776395,0.21348969445744148,20.830994084787463,13872.700004641978,18975.11603690962,0.2785977190041635,0.381066702513097,10877.49959949374,10877.49959949374,0,0.0,0.0,0.0,0.0,0.0,0.0,0.0,0.0,0.0,0.0,0.0,none,1122.3230569778177,11999.822656471557,1084.9950276137404,1084.9950276137404,0.0,11962.49462710748,0.2154110468670722,0.5181811771623273,0.1728613500867164,0.0702933619006643,0.0232530639832198,0.07454014983118974,0.07512907349490625,0.08242738179622762,0.7514748971367103,13997.064672995088,0.0,pre_backstop_500bp_stress
2032Q2,2032-06-30,2032,2,2032,38254.66436095058,25598.362123215524,0.017579698909776065,0.01967074272996472,0.02256916678199805,192.24275,928.1816206762704,216.73264352161826,520.2627026088271,118.6256548606039,48.8952179286225,23.665401756598715,5.6120176762582625,21.8947571178946,0.0,955.6883954704233,1147.9311454704234,-11.316,0.0,50377.50052740594,51514.11567287636,1.3466100548371482,0.02010136575096831,0.09992908435458307,0.1200304501055514,50931.35163588173,582.7640369946275,10870.786164745808,26150.1759239117,8723.502347126861,34873.67827103856,4013.4140198072078,1173.473180290156,0.2134399699906494,20.48253807635586,14898.848614946448,20164.58027659202,0.2925280428734987,0.3959168494241539,11055.828550711669,11055.828550711667,0,0.0,0.0,0.0,0.0,0.0,0.0,0.0,0.0,0.0,0.0,0.0,none,1147.552515776395,12203.381066488062,1114.7203883525287,1114.7203883525287,0.0,12170.548939064196,0.2154110468670722,0.5181811771623273,0.1728613500867164,0.0702933619006643,0.0232530639832198,0.07515261674599776,0.07588216052525415,0.08244239520959983,0.7625455555599516,14952.75306846551,0.0,pre_backstop_500bp_stress
2032Q3,2032-09-30,2032,3,2032,38609.61597939811,25710.11770145202,0.017577617243731636,0.01971028327301072,0.022571739816290792,192.24275,957.1729191394415,221.465091141284,537.8016687231042,123.13368586866288,50.58719116061032,24.185282245780122,5.6120176762582625,22.458222788345992,0.0,985.2431596040458,1177.485909604046,-11.316,0.0,51514.11567287636,52680.2855824804,1.3644343318667123,0.019916566909402023,0.10207230863210516,0.12198887554150718,52097.521545485775,582.7640369946275,11117.154296516883,26742.82579212017,8921.20589341978,35664.03168553995,4116.267582106908,1200.0679813220377,0.21339123180381273,20.170419494943545,15968.398460087588,21420.816576402412,0.3065097529859603,0.4111676705714327,11334.29295494356,11334.29295494356,0,0.0,0.0,0.0,0.0,0.0,0.0,0.0,0.0,0.0,0.0,0.0,none,1173.473180290156,12507.766135233716,1143.7116868156997,1143.7116868156997,0.0,12478.004641759258,0.2154110468670722,0.5181811771623273,0.1728613500867164,0.0702933619006643,0.0232530639832198,0.07578885132566447,0.076502771850769,0.08231934054956976,0.7739744686420469,15937.996228069556,-7.275957614183426e-12,pre_backstop_500bp_stress
2032Q4,2032-12-31,2032,4,2033,38969.17761522756,25822.818758353802,0.017649746885700424,0.0197758101815233,0.02257356533731114,249.09275,987.3864901146524,226.3452614770838,555.4319341482349,127.75994885191716,53.1279452221822,24.72140041523398,5.6542680689403735,23.03561713817706,0.0,1016.0763753217698,1265.1691253217698,-14.7595,0.0,52680.2855824804,53930.69520780217,1.3839320844874143,0.025568181341621612,0.10429538804788414,0.12986356938950575,53347.93117080755,582.7640369946275,11381.544216517144,27378.82790049919,9133.37142153574,36512.199322034925,4225.579444589805,1228.6081876656715,0.2133455593634196,20.202893636648273,16342.714115479163,21796.292774318168,0.306342040952884,0.40856866041405726,12235.207212712856,12235.207212712856,0,0.0,0.0,0.0,0.0,0.0,0.0,0.0,0.0,0.0,0.0,0.0,none,1200.0679813220377,13435.275194034894,1227.3740081835929,1227.3740081835929,0.0,13462.581220896449,0.2154110468670722,0.5181811771623273,0.1728613500867164,0.0702933619006643,0.0232530639832198,0.0770474311513673,0.07715040752624021,0.08298418821276109,0.7975412039301084,16954.072603391327,0.0,pre_backstop_500bp_stress
2033Q1,2033-03-31,2033,1,2033,39332.32559763485,25936.27619818781,0.017690923464234398,0.019759214646802636,0.022564008293708637,249.09275,1027.876384983983,231.6144248061239,583.3469701157866,132.7256830374712,54.88919292009554,25.300114104505347,5.6542680689403735,23.637424018094077,0.0,1057.1680770710175,1306.2608270710175,-14.7595,0.0,53930.69520780217,55222.19653487319,1.403990119978917,0.025332115120594703,0.10751137249149463,0.13284348761208933,54639.43249787856,582.7640369946275,11654.656107158748,28035.81111026477,9352.536087543682,37388.347197808456,4338.339284785986,1258.0899081253763,0.21330119246043144,20.296518788582983,16759.802136729435,22207.215715906434,0.30673455727015747,0.406432034534192,12619.035046411924,12619.035046411926,0,0.0,0.0,0.0,0.0,0.0,0.0,0.0,0.0,0.0,0.0,0.0,none,1228.6081876656715,13847.643234077597,1267.8639030529234,1267.8639030529234,0.0,13886.898949464849,0.2154110468670722,0.5181811771623273,0.1728613500867164,0.0702933619006643,0.0232530639832198,0.07837645590460579,0.07840937877752976,0.08291276635929196,0.822209469022225,18011.240680462346,0.0,pre_backstop_500bp_stress
2033Q2,2033-06-30,2033,2,2033,39698.94284544474,26050.395473087516,0.017716447921211298,0.01974238719039123,0.022564493843014066,249.09275,1070.9190793160153,237.08484185987678,612.488702745499,137.85632786871713,57.59457130793186,25.894635533990552,5.6542680689403735,24.268707971410187,0.0,1100.8420553563658,1349.9348053563658,-14.7595,0.0,55222.19653487319,56557.37184022956,1.424656874628067,0.025098174625935377,0.11091902972249368,0.13601720434842907,55974.60780323493,582.7640369946275,11937.039869646393,28715.098234047568,9579.14117180523,38294.2394058528,4454.756024625344,1288.5725031103937,0.21325812431965832,20.349127788294318,17205.5166612608,22605.037144206337,0.3073807452433181,0.4038444936259103,12865.086583304934,12865.086583304934,0,0.0,0.0,0.0,0.0,0.0,0.0,0.0,0.0,0.0,0.0,0.0,none,1258.0899081253763,14123.17649143031,1310.9065973849558,1310.9065973849558,0.0,14175.99318068989,0.2154110468670722,0.5181811771623273,0.1728613500867164,0.0702933619006643,0.0232530639832198,0.07961577316812787,0.07973909945151686,0.08296707610022726,0.8453925761201389,19112.082735818713,7.275957614183426e-12,pre_backstop_500bp_stress
2033Q3,2033-09-30,2033,3,2033,40068.93751717752,26165.27113091945,0.017756007302464516,0.019698696995388953,0.022564267205522626,249.09275,1114.4398565602294,242.70986314958526,642.5722240647689,143.1617194039906,59.48044925913072,26.515600682754123,5.6542680689403735,24.91969601929894,0.0,1145.0138206484687,1394.1065706484687,-14.7595,0.0,56557.37184022956,57936.71891087803,1.445926009044802,0.024866419269861016,0.11430438555128669,0.13917080482114771,57353.9548738834,582.7640369946275,12228.798488320683,29416.937005413794,9813.269316378035,39230.20632179183,4574.882974257618,1320.0670895132703,0.21321630766720095,20.438682328077732,17684.13978058775,22946.273304053913,0.30833339774865937,0.400081796530176,13224.35493711374,13224.354937113738,0,0.0,0.0,0.0,0.0,0.0,0.0,0.0,0.0,0.0,0.0,0.0,none,1288.5725031103937,14512.927440224132,1354.42737462917,1354.42737462917,0.0,14578.782311742907,0.2154110468670722,0.5181811771623273,0.1728613500867164,0.0702933619006643,0.0232530639832198,0.080850770733648,0.08098069506362841,0.08288555662931495,0.8689062709458697,20257.096556467182,0.0,pre_backstop_500bp_stress
2033Q4,2033-12-31,2033,4,2034,40442.305229569334,26280.714075950556,0.017765412373738743,0.019681678339410258,0.022563340221916306,228.68725,1159.6137536130875,248.58090127133866,673.0713727025766,148.64441522952424,62.163284378359904,27.153780031287965,5.687777001067564,25.590637919076865,0.0,1190.892168533232,1419.579418533232,-17.2085,0.0,57936.71891087803,59339.089829411256,1.4672529049117002,0.022618616688822736,0.11778677419827324,0.14040539088709597,58756.32579241663,582.7640369946275,12525.372169873719,30130.358631916315,10051.261414457766,40181.62004637408,4697.252126699606,1352.0814494692263,0.2131748709768762,20.467564734373696,17981.89003047504,23108.713600605966,0.30604177146821976,0.393297458425974,13456.091010176056,13456.091010176056,0,0.0,0.0,0.0,0.0,0.0,0.0,0.0,0.0,0.0,0.0,0.0,none,1320.0670895132703,14776.158099689326,1376.7802806141551,1376.7802806141551,0.0,14832.871290790212,0.2154110468670722,0.5181811771623273,0.1728613500867164,0.0702933619006643,0.0232530639832198,0.08114845525038175,0.08222020100000062,0.08290074936103256,0.873875050814249,21447.988725000414,-7.275957614183426e-12,pre_backstop_500bp_stress
2034Q1,2034-03-31,2034,1,2034,40816.72980870861,26395.211542316374,0.01754105922100746,0.019664438509282567,0.022572136924965847,228.68725,1192.3465057729625,254.515562491834,691.6531836955462,154.21878514679673,64.15341943045125,27.80555500833461,5.687777001067564,26.285295944555912,0.0,1224.319578718586,1453.006828718586,-17.2085,0.0,59339.089829411256,60774.88815812985,1.4889700483835182,0.022411129071022006,0.11998213325334717,0.14239326232436916,60192.12412113522,582.7640369946275,12828.996847836355,30860.7417544648,10294.911740267906,41155.65349473271,4822.616832360648,1384.856946205503,0.21313414396239455,20.565006582835295,18279.514789791254,23237.183952630294,0.3036861558998012,0.38605023982649317,13907.59437987497,13907.59437987497,0,0.0,0.0,0.0,0.0,0.0,0.0,0.0,0.0,0.0,0.0,0.0,none,1352.0814494692263,15259.675829344196,1409.51303277403,1409.51303277403,0.0,15317.107412649,0.2154110468670722,0.5181811771623273,0.1728613500867164,0.0702933619006643,0.0232530639832198,0.08149542833980616,0.0825303914999893,0.08285932473624806,0.8799053842694805,22672.308303719,7.275957614183426e-12,pre_backstop_500bp_stress
2034Q2,2034-06-30,2034,2,2034,41196.0201454162,26511.221774546648,0.017696739357757174,0.019646981729401825,0.022559374014152977,228.68725,1226.7113286038289,260.6210709637952,710.7108013030919,159.9269031547138,66.97989436824248,28.47265881398515,5.687777001067564,26.971690504025396,0.0,1259.370796108922,1488.0580461089219,-17.2085,0.0,60774.88815812985,62245.73770423877,1.510964833120287,0.02220479057858171,0.12228082146416268,0.14448561204274438,61662.973667244136,582.7640369946275,13140.02408826039,31608.932081360763,10544.50241574808,42153.43449710884,4951.083551509063,1418.4315303658382,0.2130942331644391,20.62683135164868,18542.66612274993,23317.05311104881,0.30070989152765987,0.3781370200677658,14202.06616903083,14202.06616903083,0,0.0,0.0,0.0,0.0,0.0,0.0,0.0,0.0,0.0,0.0,0.0,none,1384.856946205503,15586.923115236332,1443.8778556048965,1443.8778556048965,0.0,15645.944024635726,0.2154110468670722,0.5181811771623273,0.1728613500867164,0.0702933619006643,0.0232530639832198,0.08178229955105047,0.08288757638399412,0.08292648955590533,0.8848199441576307,23931.67909982792,0.0,pre_backstop_500bp_stress
2034Q3,2034-09-30,2034,3,2034,41579.86765924117,26628.177485442204,0.01776333439337474,0.01968155262857385,0.022566712808094413,228.68725,1261.1157044459449,266.87388923256856,730.2300447843644,165.77543665790301,69.07692758561372,29.159406185495712,5.687777001067564,27.69910575437956,0.0,1294.502587201392,1523.189837201392,-17.2085,0.0,62245.73770423877,63751.719041440156,1.533235256155782,0.02199980547068182,0.12453166977925072,0.14653147524993254,63168.95500444553,582.7640369946275,13458.462411301383,32374.95010823013,10800.040278085215,43174.990386315345,5082.69608514987,1452.806121678932,0.21305501112618122,20.730817653530096,18723.374519579833,23310.53197549359,0.2964015237906369,0.3690188000395623,14615.035762761741,14615.03576276174,0,0.0,0.0,0.0,0.0,0.0,0.0,0.0,0.0,0.0,0.0,0.0,none,1418.4315303658382,16033.467293127578,1478.2822314470125,1478.2822314470125,0.0,16093.317994208752,0.2154110468670722,0.5181811771623273,0.1728613500867164,0.0702933619006643,0.0232530639832198,0.08212067528243495,0.08318658497404167,0.08285528836590943,0.890598888604003,25226.18168702931,0.0,pre_backstop_500bp_stress
2034Q4,2034-12-31,2034,4,2035,41967.153813296354,26745.511387803872,0.0177423648279893,0.01968916041410429,0.02257322550837304,189.9905,1297.263172227691,273.3077254175028,750.2521020286684,171.7646053064296,72.07994165928395,29.85879781580626,5.709630652454863,28.44355736572332,0.0,1331.4163602458693,1521.4068602458692,-17.416,0.0,63751.719041440156,65255.70990168603,1.554923409674049,0.01810849511932408,0.1269008011521658,0.14500929627148987,64672.9458646914,582.7640369946275,13776.311600516681,33139.55094659526,11055.10537697789,44194.656323573145,5214.860823078497,1487.1171175230716,0.21301506242408458,20.691002942284246,18907.993274270608,23549.405412200085,0.2923632598061927,0.3641307056194734,14686.190563506147,14686.190563506148,0,0.0,0.0,0.0,0.0,0.0,0.0,0.0,0.0,0.0,0.0,0.0,none,1452.806121678932,16138.99668518508,1475.547302880146,1475.547302880146,0.0,16161.737866386295,0.2154110468670722,0.5181811771623273,0.1728613500867164,0.0702933619006643,0.0232530639832198,0.08238089641438319,0.08353759743359494,0.08275278238679,0.8951997960729997,26557.59804727518,0.0,pre_backstop_500bp_stress
2035Q1,2035-03-31,2035,1,2035,42358.31906225067,26863.318029498183,0.017735654711652504,0.019722056747187633,0.02256874260208286,189.9905,1332.3631798406914,279.6935662694899,770.1220672271514,177.74396888722111,74.24332069172998,30.56025676509912,5.709630652454863,29.177424371852776,0.0,1367.2502348649991,1557.240734864999,-17.416,0.0,65255.70990168603,66795.53463655103,1.5769165565419845,0.017941269078292365,0.12911279438220005,0.1470540634604924,66212.7705995564,582.7640369946275,14101.721719116937,33922.3399482237,11316.237910574602,45238.5778587983,5350.22672555111,1522.2442960900476,0.21297585936105523,20.71455863915618,19066.016374378032,23745.24750557575,0.2879507412502954,0.35862035813578885,15153.417929021402,15153.4179290214,0,0.0,0.0,0.0,0.0,0.0,0.0,0.0,0.0,0.0,0.0,0.0,none,1487.1171175230716,16640.53504654447,1510.6473104931463,1510.6473104931463,0.0,16664.065239514544,0.2154110468670722,0.5181811771623273,0.1728613500867164,0.0702933619006643,0.0232530639832198,0.08268481181783059,0.08380877240780263,0.08270684933752355,0.9007551973474877,27924.848282140178,0.0,pre_backstop_500bp_stress
2035Q2,2035-06-30,2035,2,2035,42752.9723378467,26981.50286265861,0.017714424126451522,0.01972826196496369,0.022573755489187608,189.9905,1369.12409394174,286.26495089807383,790.3969080878315,183.86687396873003,77.31704631319427,31.27831467391026,5.709630652454863,29.941397525582737,0.0,1404.7751221197777,1594.7656221197776,-17.416,0.0,66795.53463655103,68372.8842586708,1.5992545200920287,0.017775652976699592,0.13143180885940065,0.14920746183610023,67790.12022167617,582.7640369946275,14435.05054470749,34724.177763594584,11583.724985413244,46307.90274900783,5488.940649416156,1558.2262785446972,0.2129373793335127,20.690027735454052,19218.35920736982,24015.6614767289,0.28349793663921946,0.35426491940413746,15426.128388697587,15426.128388697587,0,0.0,0.0,0.0,0.0,0.0,0.0,0.0,0.0,0.0,0.0,0.0,none,1522.2442960900476,16948.372684787635,1547.4082245941952,1547.4082245941952,0.0,16973.53661329178,0.2154110468670722,0.5181811771623273,0.1728613500867164,0.0702933619006643,0.0232530639832198,0.0829305063605123,0.08412389419523106,0.08276519286965664,0.9050476974729974,29329.623404259954,-1.4551915228366852e-11,pre_backstop_500bp_stress
2035Q3,2035-09-30,2035,3,2035,43151.28712883536,27100.16043515168,0.017707331988727093,0.01973390522034224,0.022567910616891007,189.9905,1405.9062002207872,292.9954384312002,811.1614588797489,190.14011459138328,79.59542942575376,32.0137588927008,5.709630652454863,30.709792885829124,0.0,1442.3256237590713,1632.3161237590712,-17.416,0.0,68372.8842586708,69987.78438242988,1.6219164951782243,0.017611571996242123,0.13369943004970097,0.15131100204594308,69405.02034543524,582.7640369946275,14776.302642317589,35545.075374095664,11857.570264802314,47402.64563889798,5631.008506549593,1595.063557670091,0.21289962266093368,20.668093143646587,19373.525021311292,24301.087409164964,0.27913722847263,0.35013443246923914,15772.734901116548,15772.734901116546,0,0.0,0.0,0.0,0.0,0.0,0.0,0.0,0.0,0.0,0.0,0.0,none,1558.2262785446972,17330.961179661244,1584.1903308732424,1584.1903308732424,0.0,17356.92523198979,0.2154110468670722,0.5181811771623273,0.1728613500867164,0.0702933619006643,0.0232530639832198,0.0831754666287585,0.0843799783728539,0.082665307570315,0.9093265633204344,30771.949028019026,0.0,pre_backstop_500bp_stress
2035Q4,2035-12-31,2035,4,2036,43553.56087408408,27219.290746977385,0.01769999094559438,0.019764486694536787,0.022571471840996393,242.76275,1443.6543556482127,299.8850621258354,831.8449240002474,196.56315561945394,82.5946207692373,32.766593133437844,5.7387688543045945,31.509571163647994,0.0,1480.9026956661653,1723.6654456661654,-16.55475,0.0,69987.78438242988,71694.89507809604,1.646131651218375,0.02229555931849903,0.13600749660378333,0.15830305592228236,71112.13104110141,582.7640369946275,15137.24563467832,36413.340337244896,12147.21693739064,48560.55727463553,5780.301713959055,1634.0264178285026,0.21286446367258055,20.553824879135018,19788.82994342528,24641.18854591901,0.278276429825844,0.34651174399030293,15872.206215784441,15872.206215784443,0,0.0,0.0,0.0,0.0,0.0,0.0,0.0,0.0,0.0,0.0,0.0,none,1595.063557670091,17467.269773454533,1675.6011245025175,1675.6011245025175,0.0,17547.80734028696,0.2154110468670722,0.5181811771623273,0.1728613500867164,0.0702933619006643,0.0232530639832198,0.08337430093418503,0.08463778122045763,0.08244412573606782,0.9127717980181712,32252.85172368519,0.0,pre_backstop_500bp_stress
2036Q1,2036-03-31,2036,1,2036,43959.12371141258,27338.799250269203,0.017678326506116004,0.019743412449576114,0.022574269177581208,242.76275,1482.707014162033,307.17255704170987,852.355809582659,203.35826655837604,86.25747835709024,33.56290262219746,5.7387688543045945,32.348950043846344,0.0,1520.794733060184,1763.557483060184,-16.55475,0.0,71694.89507809604,73441.89781115623,1.670686119525385,0.022089862536270204,0.13838262500809206,0.16047248754436227,72859.1337741616,582.7640369946275,15506.601001092455,37301.84165295414,12443.61430525414,49745.45595820828,5933.179442906812,1673.8973719540513,0.21282988415917234,20.503421196260714,20195.894454312554,24977.053845978982,0.277190976726582,0.3428129398765474,16349.179915912771,16349.179915912771,0,0.0,0.0,0.0,0.0,0.0,0.0,0.0,0.0,0.0,0.0,0.0,none,1634.0264178285026,17983.206333741273,1714.6537830163377,1714.6537830163377,0.0,18063.83369892911,0.2154110468670722,0.5181811771623273,0.1728613500867164,0.0702933619006643,0.0232530639832198,0.08362477031977883,0.08484814610042223,0.08240461899749202,0.9173007090880897,33773.64645674537,0.0,pre_backstop_500bp_stress
2036Q2,2036-06-30,2036,2,2036,44368.391695384074,27458.59139716061,0.017642589134278408,0.019772661061247865,0.022576315037704076,242.76275,1523.7121651594723,314.62893431216594,873.3367024073548,210.61643799742146,90.74823842259397,34.381852019936225,5.7387688543045945,33.207501032818094,0.0,1562.658435046595,1805.4211850465952,-16.55475,0.0,73441.89781115623,75230.76424620283,1.6955936731425305,0.021886098704385192,0.14088033172580997,0.16276643043019515,74648.0002092082,582.7640369946275,15884.789330009891,38211.59106607696,12747.099878879566,50958.69094495653,6089.798112762394,1714.7218214793852,0.21279591262312778,20.389360925620682,20692.322843412872,25437.444159465966,0.2771986226746952,0.3407652460638608,16650.650800017695,16650.650800017695,0,0.0,0.0,0.0,0.0,0.0,0.0,0.0,0.0,0.0,0.0,0.0,none,1673.8973719540513,18324.548171971746,1755.658934013777,1755.658934013777,0.0,18406.30973403147,0.2154110468670722,0.5181811771623273,0.1728613500867164,0.0702933619006643,0.0232530639832198,0.08381805174051861,0.08510991581751955,0.08242393716041527,0.920629550375012,35336.304891791966,0.0,pre_backstop_500bp_stress
2036Q3,2036-09-30,2036,3,2036,44780.96019760952,27578.572639785074,0.01759302613883751,0.01977588746711989,0.022577621701592054,242.76275,1564.7351143023964,322.3023755059007,894.8127890350723,217.73848569647615,94.66536465631472,35.21609940863288,5.7387688543045945,34.08603871270013,0.0,1604.5599218694013,1847.3226718694013,-16.55475,0.0,75230.76424620283,77061.53216807223,1.7208548416115894,0.02168446133613357,0.14332519131245025,0.16500965264858383,76478.7681310776,582.7640369946275,16271.81445534778,39142.59779927733,13057.676734878378,52200.27453415571,6250.178961308194,1756.50018026592,0.21276250720277531,20.27058337233633,21209.90699875407,25852.49758035177,0.2773306568223253,0.3380349633252847,17036.46522923479,17036.46522923479,0,0.0,0.0,0.0,0.0,0.0,0.0,0.0,0.0,0.0,0.0,0.0,none,1714.7218214793852,18751.187050714176,1796.6818831567011,1796.6818831567011,0.0,18833.14711239149,0.2154110468670722,0.5181811771623273,0.1728613500867164,0.0702933619006643,0.0232530639832198,0.08400380370768994,0.08531403012832688,0.08240741468032482,0.9238693327341557,36940.86481366137,-1.4551915228366852e-11,pre_backstop_500bp_stress
2036Q4,2036-12-31,2036,4,2037,45196.81654860328,27698.55388240954,0.017515988152144724,0.01980359078796723,0.022578201318361746,245.031015,1606.6760774817585,330.1144357628681,916.7886883253786,225.02850094890826,98.67032999239234,36.07412245221134,5.894658234200658,34.984618848701245,0.0,1647.5553545646605,1892.5863695646606,0.0,0.0,77061.53216807223,78954.1185376369,1.746895568468457,0.021685687949858246,0.14581162837368686,0.16749731632354511,78371.35450064226,582.7640369946275,16671.96239313161,40105.17206116212,13378.784281430586,53483.956342592704,6415.740652287283,1799.6951126306597,0.21273030815098365,20.146158085627505,21535.22649648132,26298.098424314117,0.27478441113716917,0.3355575336406697,17421.739362036373,17421.739362036373,0,0.0,0.0,0.0,0.0,0.0,0.0,0.0,0.0,0.0,0.0,0.0,none,1756.50018026592,19178.239542302294,1857.6017507159593,1857.6017507159593,0.0,19279.341112752332,0.2154110468670722,0.5181811771623273,0.1728613500867164,0.0702933619006643,0.0232530639832198,0.08411931046612522,0.08551895132172148,0.08241070226869592,0.26587128879995947,1647.5553545646605,1.4551915228366852e-11,continued_500bp_stress
2037Q1,2037-03-31,2037,1,2037,45606.30594456347,27818.71239056672,0.01746555549210771,0.01893970235169573,0.022578065905819455,245.031015,1648.7007008293056,338.23243705065755,939.502081107448,232.56650060422135,101.43844369132711,36.961238375652165,5.894658234200658,35.91111675193057,0.0,1690.506475815437,1935.537490815437,0.0,0.0,78954.1185376369,80889.65602845233,1.773650690472001,0.021490976734475822,0.14826953780210342,0.16976051453657925,80306.8919914577,582.7640369946275,17081.16289902493,41089.522691842954,13707.156261111539,54796.67895295449,6585.182893227303,1843.8672462509699,0.21269859255469462,20.066225204739116,21873.414749089847,26736.035269331547,0.27237282139391644,0.3329232971956564,17922.380727712814,17922.380727712814,0,0.0,0.0,0.0,0.0,0.0,0.0,0.0,0.0,0.0,0.0,0.0,none,1799.6951126306597,19722.075840343474,1899.6263740635063,1899.6263740635063,0.0,19822.007101776322,0.2154110468670722,0.5181811771623273,0.1728613500867164,0.0702933619006643,0.0232530639832198,0.08424092248834907,0.08564500533355122,0.08238301245104958,0.29610776590753285,3338.0618303800975,0.0,continued_500bp_stress
2037Q2,2037-06-30,2037,2,2037,46019.50537096849,27939.39215579544,0.01746555549210771,0.01893970235169662,0.022399155671420257,245.031015,1691.8575034402816,346.53409231396824,962.7232558952196,240.46411269208386,104.26761896913041,37.86842356987929,5.894658234200658,36.569876405328145,0.0,1734.3220380798105,1979.3530530798105,0.0,0.0,80889.65602845233,82869.00908153213,1.8007366314243403,0.021298013790002915,0.15074669091718762,0.17204470470719052,82286.2450445375,582.7640369946275,17499.659856948118,42096.2363653033,14042.988383957247,56139.22474926055,6758.317530565135,1889.042907763705,0.21266810567764285,19.97867694993601,22257.02634651143,27222.654628549026,0.2704829505157854,0.33082873831239645,18343.373291652893,18343.373291652897,0,0.0,0.0,0.0,0.0,0.0,0.0,0.0,0.0,0.0,0.0,0.0,none,1843.8672462509699,20187.24053790387,1942.7831766744823,1942.7831766744823,0.0,20286.15646832738,0.2154110468670722,0.5181811771623273,0.1728613500867164,0.0702933619006643,0.0232530639832198,0.08436149982209298,0.08576236434828086,0.08242997634083836,0.3254202634494835,5072.383868459908,-1.4551915228366852e-11,continued_500bp_stress
2037Q3,2037-09-30,2037,3,2037,46436.448441206194,28060.59543934993,0.017465555492108598,0.01893970235169573,0.022399155671420257,245.031015,1736.0395949418582,355.0243493478349,986.4684263905378,248.58661790492644,107.16398258036222,38.79621871819709,5.894658234200658,37.53135498406852,0.0,1779.4656081601274,2024.4966231601275,0.0,0.0,82869.00908153213,84893.50570469226,1.8281653432685976,0.021106783419084,0.15328180064529548,0.1743885840643795,84310.74166769763,582.7640369946275,17927.674125454436,43125.84436694743,14386.457882789575,57512.302249737004,6935.519354229152,1935.245938277038,0.21263807874107635,19.87652882102824,22582.71016722843,27665.212549843567,0.2678509252858423,0.3281339008839851,18781.928491632716,18781.928491632716,0,0.0,0.0,0.0,0.0,0.0,0.0,0.0,0.0,0.0,0.0,0.0,none,1889.042907763705,20670.97139939642,1986.965268176059,1986.965268176059,0.0,20768.893759808776,0.2154110468670722,0.5181811771623273,0.1728613500867164,0.0702933619006643,0.0232530639832198,0.08446709903108411,0.08589293526651774,0.08241792796140092,0.35390170292493756,6851.849476620035,0.0,continued_500bp_stress
2037Q4,2037-12-31,2037,4,2038,46857.169073206394,28182.3245122939,0.01746555549210682,0.01893970235169573,0.022399155671420257,254.402365,1780.9791503160895,363.7076888201568,1010.747653050518,256.6495643900153,110.12913059803402,39.745113457364674,5.91068424521801,38.51542010348333,0.0,1825.4052546647908,2079.8076196647908,0.0,0.0,84893.50570469226,86973.31332435705,1.8561367458728881,0.021717262910402407,0.1558271906536141,0.17754445356401652,86390.54928736242,582.7640369946275,18367.391015123525,44183.60356184838,14739.318408327224,58922.92197017561,7117.524065661403,1982.7122364018844,0.21260879999764495,19.699186370957644,23142.85676540635,29100.003473344983,0.26788644077751905,0.3368424406765736,19002.669213941015,19002.66921394101,0,0.0,0.0,0.0,0.0,0.0,0.0,0.0,0.0,0.0,0.0,0.0,none,1935.245938277038,20937.91515221805,2041.2921995613074,2041.2921995613074,0.0,21043.96141350232,0.2154110468670722,0.5181811771623273,0.1728613500867164,0.0702933619006643,0.0232530639832198,0.08456904895883498,0.08600918242272078,0.08229574909349142,0.378978216431524,8677.254731284826,0.0,continued_500bp_stress
2038Q1,2038-03-31,2038,1,2038,47300.82735847604,28304.416431579815,0.017441798459170377,0.020613213981166334,0.022399155671420257,254.402365,1827.116681325289,372.6284452193185,1035.6597726752589,264.93296522701166,113.17554564859641,40.71995255510371,5.91068424521801,39.526157376871666,0.0,1872.5535229473785,2126.9558879473784,0.0,0.0,86973.31332435705,89100.26921230444,1.8836936727775477,0.02151356576255849,0.15835270776605792,0.17986627352861642,88517.50517530981,582.7640369946275,18817.04643864717,45265.27035687904,15100.154329764793,60365.42468664383,7303.782676531472,2031.2513734873157,0.2125799456432919,19.568265206054832,23692.176444796103,30556.695770344395,0.26765526658115263,0.34520511744910287,19547.562253225566,19547.56225322557,0,0.0,0.0,0.0,0.0,0.0,0.0,0.0,0.0,0.0,0.0,0.0,none,1982.7122364018844,21530.274489627453,2087.4297305705068,2087.4297305705068,0.0,21634.991983796077,0.2154110468670722,0.5181811771623273,0.1728613500867164,0.0702933619006643,0.0232530639832198,0.08468063596671697,0.08612083184477076,0.08228422092047223,0.40427964197488614,10549.808254232204,1.4551915228366852e-11,continued_500bp_stress
2038Q2,2038-06-30,2038,2,2038,47748.68633870831,28427.0372794411,0.017441798459170377,0.020613213981166334,0.022624692238107036,254.402365,1874.578326071689,381.7508296240544,1061.1324818324435,273.67786576731106,116.30032376488414,41.716825082995754,5.91068424521801,40.965516684253224,0.0,1921.4545270011602,2175.8568920011603,0.0,0.0,89100.26921230444,91276.1261043056,1.911594498261851,0.021311779192866656,0.16096396984588868,0.18227574903875535,90693.36206731097,582.7640369946275,19276.925624751668,46371.53088285445,15469.194535190562,61840.72541804501,7494.816885279485,2080.8941392347842,0.21255056803875771,19.447041459775534,24255.443528655414,32077.456792749887,0.2674445292992167,0.35369134037552363,20045.234024562415,20045.23402456242,0,0.0,0.0,0.0,0.0,0.0,0.0,0.0,0.0,0.0,0.0,0.0,none,2031.2513734873157,22076.485398049736,2134.8913753169068,2134.8913753169068,0.0,22180.125399879325,0.2154110468670722,0.5181811771623273,0.1728613500867164,0.0702933619006643,0.0232530639832198,0.08479049435882087,0.08626032419375963,0.08229063869265166,0.4291527798749918,12471.262781233365,0.0,continued_500bp_stress
2038Q3,2038-09-30,2038,3,2038,48200.78578739272,28550.18934731063,0.01744179845916949,0.020613213981166334,0.022624692238107036,254.402365,1923.1502612030824,391.08062861214944,1087.1799259900467,282.65410025751663,119.49924295883504,42.73636338453438,5.91068424521801,42.03699093428463,0.0,1971.097936382585,2225.500301382585,0.0,0.0,91276.1261043056,93501.62640568818,1.9398361432967393,0.021111885281052067,0.16357392554360725,0.18468581082465932,92918.86236869355,582.7640369946275,19747.26774225118,47502.960471353304,15846.630950899465,63349.59142225277,7690.336852891935,2131.6663512976515,0.21252162627536084,19.285161945771765,24842.931054985424,33719.09156134054,0.2673615498692929,0.3628874773299125,20456.627638641407,20456.627638641407,0,0.0,0.0,0.0,0.0,0.0,0.0,0.0,0.0,0.0,0.0,0.0,none,2080.8941392347842,22537.52177787619,2183.4633104483005,2183.4633104483005,0.0,22640.090949089707,0.2154110468670722,0.5181811771623273,0.1728613500867164,0.0702933619006643,0.0232530639832198,0.08488363344334215,0.0863795614695618,0.08229815952410116,0.45259977323492223,14442.36071761595,-1.4551915228366852e-11,continued_500bp_stress
2038Q4,2038-12-31,2038,4,2039,48657.16585460666,28673.874936548265,0.017441798459170377,0.020613213981167222,0.022624692238107036,260.45804,1972.5074386163374,400.6226943209208,1113.817183001877,291.51442011628313,122.7740434874806,43.77909768977551,5.922339525957902,43.1336249457359,0.0,2021.563403088031,2282.021443088031,0.0,0.0,93501.62640568818,95783.6478487762,1.9685414505026664,0.021411690173511484,0.1661883397918161,0.1876000299653276,95200.88381178158,582.7640369946275,20229.548910975147,48663.10999649268,16233.648121836246,64896.75811832893,7890.849429493336,2183.727352984166,0.21249328893805544,19.123153837174485,26200.248152748743,35306.88960738144,0.27521013570155883,0.3708672461191168,20942.297345334315,20942.297345334315,0,0.0,0.0,0.0,0.0,0.0,0.0,0.0,0.0,0.0,0.0,0.0,none,2131.6663512976515,23073.963696631967,2238.887818142295,2238.887818142295,0.0,23181.18516347661,0.2154110468670722,0.5181811771623273,0.1728613500867164,0.0702933619006643,0.0232530639832198,0.08497446185880488,0.08648249151589299,0.0823032260130788,0.47540687660761477,16463.92412070398,0.0,continued_500bp_stress
2039Q1,2039-03-31,2039,1,2039,49107.149616826704,28796.577412871466,0.017227156981449054,0.019937887724799763,0.022624692238107036,260.45804,2023.1144793714104,410.40697353140825,1141.1262320531723,300.59964820402405,126.13332507089315,44.8483005119123,5.922339525957902,44.258261543777195,0.0,2073.2950804411453,2333.7531204411453,0.0,0.0,95783.6478487762,98117.40096921736,1.9980267992503713,0.021215488337832853,0.16887928512395065,0.1900947734617835,97534.63693222273,582.7640369946275,20722.73139532701,49849.483137583215,16629.41329416184,66478.89643174506,8096.043981723296,2236.965123427359,0.21246535638131644,18.997155969734354,27601.291991782335,37054.96316727579,0.28298964203827,0.37991593891947795,21509.709882758714,21509.709882758718,0,0.0,0.0,0.0,0.0,0.0,0.0,0.0,0.0,0.0,0.0,0.0,none,2183.727352984166,23693.437235742884,2289.4948588973684,2289.4948588973684,0.0,23799.204741656085,0.2154110468670722,0.5181811771623273,0.1728613500867164,0.0702933619006643,0.0232530639832198,0.08507815977188718,0.08658242307557448,0.0822925280424873,0.49818485969975385,18537.219201145126,0.0,continued_500bp_stress
2039Q2,2039-06-30,2039,2,2039,49561.294850079954,28919.80496289779,0.017227156981449054,0.019937887724799763,0.022796693476643037,260.45804,2075.2449941080836,420.4124131826967,1169.0479857376527,310.26566093420206,129.57726303114308,45.94167122238938,5.922339525957902,45.75147653110815,0.0,2126.9188101651494,2387.3768501651493,0.0,0.0,98117.40096921736,100504.7778193825,2.02788845859261,0.02102108435930663,0.17165966438923402,0.19268074874854066,99922.01378238788,582.7640369946275,21227.143368432018,51062.869330166075,17034.189817645532,68097.05914781161,8306.396178079038,2291.4150880652023,0.21243710534758545,18.889171451336274,29062.56294977887,38705.699309192416,0.29085245432574935,0.38735907978682704,22055.16212053697,22055.162120536974,0,0.0,0.0,0.0,0.0,0.0,0.0,0.0,0.0,0.0,0.0,0.0,none,2236.965123427359,24292.127243964333,2341.6253736340414,2341.6253736340414,0.0,24396.787494171014,0.2154110468670722,0.5181811771623273,0.1728613500867164,0.0702933619006643,0.0232530639832198,0.08518284281927577,0.08670913779432186,0.08228126647015235,0.5206618334549276,20664.138011310275,0.0,continued_500bp_stress
2039Q3,2039-09-30,2039,3,2039,50019.640039846585,29043.55983354516,0.017227156981449054,0.019937887724799763,0.02279669347664215,260.45804,2128.658248060219,430.64567108706456,1197.6006847172148,320.2491051990609,133.1028496857395,47.05993737113909,5.922339525957902,46.94019581135754,0.0,2181.5207833975346,2441.9788233975346,0.0,0.0,100504.7778193825,102946.75664278005,2.0581266990480285,0.02082846176362039,0.17445313734042822,0.1952815991040486,102363.99260578542,582.7640369946275,21743.06114648743,52303.93326555792,17448.199428319916,69752.13269387784,8521.691690905382,2347.1070745147467,0.21240927198123527,18.76025820440072,30633.032037139314,40538.55193724876,0.29925593226038344,0.39602355188867067,22523.81101158804,22523.81101158804,0,0.0,0.0,0.0,0.0,0.0,0.0,0.0,0.0,0.0,0.0,0.0,none,2291.4150880652023,24815.226099653242,2395.038627586177,2395.038627586177,0.0,24918.84963917422,0.2154110468670722,0.5181811771623273,0.1728613500867164,0.0702933619006643,0.0232530639832198,0.08528597316907144,0.08682257025901607,0.08229942249300404,0.541947462147025,22845.658794707808,0.0,continued_500bp_stress
2039Q4,2039-12-31,2039,4,2040,50482.224027522294,29167.84428134662,0.017227156981449054,0.019937887724799763,0.022796693476643037,264.33496,2183.321412676975,441.1123530093638,1226.79882822274,330.4944432786927,136.71207662333146,48.20371154284661,5.935451716790281,48.15685021992778,0.0,2237.413714613693,2501.7486746136933,0.0,0.0,102946.75664278005,105448.50531739373,2.0888244792841237,0.020944795130728618,0.1772832919083662,0.19822808703909484,104865.7412803991,582.7640369946275,22271.591929964583,53575.33836539815,17872.330623646354,71447.6689890445,8742.319759193935,2404.1606021960797,0.21238196247917487,18.83286133867909,31390.82339718734,41358.7643714584,0.299342979069321,0.39439729187504385,23812.900328486536,23812.900328486536,0,0.0,0.0,0.0,0.0,0.0,0.0,0.0,0.0,0.0,0.0,0.0,none,2347.1070745147467,26160.007403001284,2453.5918243937654,2453.5918243937654,0.0,26266.492152880302,0.2154110468670722,0.5181811771623273,0.1728613500867164,0.0702933619006643,0.0232530639832198,0.08538849471964456,0.08693479183136983,0.08262957616966114,0.5697985025003186,25083.0725093215,-1.4551915228366852e-11,continued_500bp_stress
2040Q1,2040-03-31,2040,1,2040,50950.92867546139,29295.409800174013,0.017609093307503265,0.01970258122673907,0.022796693476643926,264.33496,2239.37096843013,451.83492127915645,1256.7583059986773,340.99074482456774,140.4115479601268,49.37544836760198,5.935451716790281,49.40363938154916,0.0,2294.710059528469,2559.0450195284693,0.0,0.0,105448.50531739373,108007.5503369222,2.1198347732754868,0.020752121060145234,0.18015059738321357,0.20090271844335883,107424.78629992757,582.7640369946275,22812.196406922954,54875.78729001798,18306.15062085204,73181.93791087002,8968.13452835103,2462.517453783572,0.21235505503573282,18.923888931086072,32279.16291624037,42289.988787834125,0.3004815185400293,0.3936706810824965,24460.179337297475,24460.179337297475,0,0.0,0.0,0.0,0.0,0.0,0.0,0.0,0.0,0.0,0.0,0.0,none,2404.1606021960797,26864.339939493555,2509.6413801469203,2509.6413801469203,0.0,26969.820717444396,0.2154110468670722,0.5181811771623273,0.1728613500867164,0.0702933619006643,0.0232530639832198,0.0855009395105058,0.08704571212731857,0.0826203624294901,0.5975796060979293,27377.78256884997,0.0,continued_500bp_stress
2040Q2,2040-06-30,2040,2,2040,51423.98503434888,29423.53322658747,0.017609093307503265,0.01970258122673907,0.022246337554163054,264.33496,2297.022988295098,462.8024346054495,1287.3959491086555,351.69755111349235,144.55310126042053,50.57395220708011,5.935451716790281,49.46626238346431,0.0,2352.4247023953526,2616.7596623953527,0.0,0.0,108007.5503369222,110624.30999931756,2.1512200955531853,0.020561219425016267,0.18298268411707416,0.20354390354209045,110041.54596232293,582.7640369946275,23365.21976583444,56206.110406157204,18749.936424046813,74956.04683020402,9198.06447480672,2522.2148914777467,0.21233089340488226,19.047691071815592,33020.15008898897,43056.368514507565,0.3000698490758638,0.3912737515451629,25101.290781280375,25101.290781280375,0,0.0,0.0,0.0,0.0,0.0,0.0,0.0,0.0,0.0,0.0,0.0,none,2462.517453783572,27563.808235063945,2567.2934000118885,2567.2934000118885,0.0,27668.584181292263,0.2154110468670722,0.5181811771623273,0.1728613500867164,0.0702933619006643,0.0232530639832198,0.08564227746226136,0.08712075017189536,0.08266788501847207,0.6251136604075073,29730.207271245323,0.0,continued_500bp_stress
2040Q3,2040-09-30,2040,3,2040,51901.4335078553,29552.2170005949,0.017609093307503265,0.01970258122673907,0.022246337554163054,264.33496,2356.8662734536015,474.0218959993662,1318.7344362701876,363.8974063879441,148.4125464623802,51.79998833372421,5.935451716790281,50.73450551978615,0.0,2413.536230690178,2677.871190690178,0.0,0.0,110624.30999931756,113302.18119000773,2.1830260463395375,0.02037207392046255,0.18600921535817608,0.20638128927863864,112719.4171530131,582.7640369946275,23931.134029449884,57567.44318624514,19204.066818307707,76771.51000455284,9433.469250099695,2583.303868910678,0.21230711295254584,19.176413374248437,33848.65324876357,43811.05159477172,0.30029123733682084,0.38867351075191936,25716.484513654043,25716.484513654043,0,0.0,0.0,0.0,0.0,0.0,0.0,0.0,0.0,0.0,0.0,0.0,none,2522.2148914777467,28238.69940513179,2627.136685170392,2627.136685170392,0.0,28343.621198824436,0.2154110468670722,0.5181811771623273,0.1728613500867164,0.0702933619006643,0.0232530639832198,0.0857910613458872,0.08726965097292148,0.08267042538758,0.6520730312609886,32143.7435019355,0.0,continued_500bp_stress
2040Q4,2040-12-31,2040,4,2041,52383.31487478102,29681.46357287557,0.017609093307502377,0.01970258122673907,0.022246337554162166,273.20975999999996,2418.4154078918223,485.50288162246454,1350.7942893245888,376.6989765420896,152.36465719492557,53.05460320775304,5.957305368177581,52.03294661075482,0.0,2476.4056598707543,2749.6154198707545,0.0,0.0,113302.18119000773,116051.79660987848,2.2154343780513495,0.02086234982670268,0.1890988125352849,0.2099611623619876,115469.03257288385,582.7640369946275,24512.223094025085,58965.27964773146,19670.374566605693,78635.65421433715,9675.12433776021,2646.0309267614048,0.21228395655391857,19.27102026992917,34492.33224930618,44331.574324147754,0.2987150015960745,0.38392609114626247,26228.532729151342,26228.532729151342,0,0.0,0.0,0.0,0.0,0.0,0.0,0.0,0.0,0.0,0.0,0.0,none,2583.303868910678,28811.836598062022,2697.58247326,2697.58247326,0.0,28926.115202411343,0.2154110468670722,0.5181811771623273,0.1728613500867164,0.0702933619006643,0.0232530639832198,0.08593679290693562,0.08742658380840251,0.08270182107435634,0.6774922896127538,34620.14916180626,0.0,continued_500bp_stress
2041Q1,2041-03-31,2041,1,2041,52881.69770188122,29808.19978253751,0.017189212325988024,0.02105209487726678,0.022246337554163942,273.20975999999996,2481.6176446650566,497.29172602003393,1383.7025850623581,389.85788277913633,156.42259064516526,54.34286015836235,5.957305368177581,53.36586305338428,0.0,2540.940813086618,2814.1505730866184,0.0,0.0,116051.79660987848,118865.9471829651,2.247771012441164,0.0206657328998937,0.19219812702769765,0.21286385992759135,118283.18314597047,582.7640369946275,25106.92661858795,60395.866318668246,20147.6075388808,80543.47385754905,9922.555039565783,2710.2276302677024,0.21226116807834033,19.417852695832405,35130.16970247725,44808.730785804044,0.2970005436793491,0.37882587865856343,27049.95882072067,27049.95882072067,0,0.0,0.0,0.0,0.0,0.0,0.0,0.0,0.0,0.0,0.0,0.0,none,2646.0309267614048,29695.989747482075,2760.784710033234,2760.784710033234,0.0,29810.7435307539,0.2154110468670722,0.5181811771623273,0.1728613500867164,0.0702933619006643,0.0232530639832198,0.08609420783443125,0.08757954249095459,0.08265641003652194,0.7038288754526097,37161.08997489288,0.0,continued_500bp_stress
2041Q2,2041-06-30,2041,2,2041,53384.82221902036,29935.477140273233,0.017189212325988024,0.02105209487726678,0.0228385780169158,273.20975999999996,2546.781968562724,509.356773774603,1417.3754131103804,403.14363368517985,161.24484803593757,55.66129995662294,5.957305368177581,56.175412775628544,0.0,2608.91468670653,2882.12444670653,0.0,0.0,118865.9471829651,121748.07162967164,2.280574638427742,0.020470968986586503,0.19547988197866514,0.21595085096525163,121165.30759267701,582.7640369946275,25715.667258379995,61860.2199156713,20636.104904162345,82496.32481983365,10177.375910496343,2775.939603967016,0.21223622313433715,19.514897999148857,35764.92414549954,45270.39770182576,0.2951746242887523,0.37362507966398967,27582.61028604386,27582.610286043855,0,0.0,0.0,0.0,0.0,0.0,0.0,0.0,0.0,0.0,0.0,0.0,none,2710.2276302677024,30292.837916311557,2825.949033930902,2825.949033930902,0.0,30408.559319974756,0.2154110468670722,0.5181811771623273,0.1728613500867164,0.0702933619006643,0.0232530639832198,0.08621983547246793,0.08779351020324577,0.08272435721372612,0.7285565204895516,39770.00466159941,1.4551915228366852e-11,continued_500bp_stress
2041Q3,2041-09-30,2041,3,2041,53892.73353935886,30063.29795671865,0.017189212325988024,0.02105209487726767,0.0228385780169158,273.20975999999996,2612.6450684751467,521.7065995043841,1451.8343717850016,416.5644003547345,165.52883721455322,57.0108596164726,5.957305368177581,57.618052050622794,0.0,2676.220425893947,2949.430185893947,0.0,0.0,121748.07162967164,124697.50181556559,2.31380918402472,0.020278040623081018,0.1986331180577028,0.21891115868078384,124114.73777857095,582.7640369946275,26338.595537474088,63358.70253131854,21135.987453815647,84494.68998513419,10438.269159419944,2843.1830965427266,0.2122116680813838,19.63433163494605,36314.29550059154,45717.594751558405,0.29258649013446486,0.3683494447945551,28330.34565680672,28330.34565680672,0,0.0,0.0,0.0,0.0,0.0,0.0,0.0,0.0,0.0,0.0,0.0,none,2775.939603967016,31106.285260773737,2891.8121338433243,2891.8121338433243,0.0,31222.157790650042,0.2154110468670722,0.5181811771623273,0.1728613500867164,0.0702933619006643,0.0232530639832198,0.08634544636352566,0.08792649904252663,0.08268418339437146,0.7533446231772699,42446.22508749335,0.0,continued_500bp_stress
2041Q4,2041-12-31,2041,4,2042,54405.47720527058,30191.66455237581,0.017189212325988024,0.02105209487726678,0.02283857801691669,290.3126875,2680.142151139856,534.3442569665056,1487.0865380995658,430.40383437256,169.9156488559793,58.39187284524623,5.987900480119798,59.09506940051323,0.0,2745.225121020489,3035.537808520489,0.0,0.0,124697.50181556559,127733.03962408607,2.3477974311695187,0.021344372104643586,0.20183446682493525,0.22317883892957882,127150.27558709144,582.7640369946275,26979.754183847817,64901.03913363198,21650.499364155734,86551.53849778771,10706.588395458028,2912.3945099978732,0.21218793320953572,19.67010387472642,36832.738611147994,46412.96620996531,0.28967879496194604,0.36502450345201803,28697.639739700415,28697.639739700415,0,0.0,0.0,0.0,0.0,0.0,0.0,0.0,0.0,0.0,0.0,0.0,none,2843.1830965427266,31540.82283624314,2976.4427391199756,2976.4427391199756,0.0,31674.08247882039,0.2154110468670722,0.5181811771623273,0.1728613500867164,0.0702933619006643,0.0232530639832198,0.08646249839287,0.08806030854028903,0.08264193706892443,0.7750596577386958,45191.450208513845,0.0,continued_500bp_stress
2042Q1,2042-03-31,2042,1,2042,54890.01822881207,30319.82671935733,0.017088232020256333,0.018695469559396827,0.0228385780169158,290.3126875,2749.4145711181495,547.3517630048126,1523.3522833197571,444.4689694088284,174.4282531356703,59.81330224908131,5.987900480119798,60.614128128830224,0.0,2816.016599727099,3106.329287227099,0.0,0.0,127733.03962408607,130839.36891131317,2.3836641548542037,0.021155954898015555,0.20521156236373458,0.22636751726175014,130256.60487431854,582.7640369946275,27635.834874728087,66479.27140007466,22176.98579853704,88656.25719861171,10981.29608151169,2983.216719467047,0.21216455704026094,19.747209146529837,37328.43931875046,47085.56950099364,0.28657617289171455,0.3614831627649544,29562.66572458606,29562.665724586055,0,0.0,0.0,0.0,0.0,0.0,0.0,0.0,0.0,0.0,0.0,0.0,none,2912.3945099978732,32475.06023458393,3045.715159098269,3045.715159098269,0.0,32608.380883684324,0.2154110468670722,0.5181811771623273,0.1728613500867164,0.0702933619006643,0.0232530639832198,0.08658849939884361,0.0881844386703562,0.08258916230887192,0.7975033902584276,48007.46680824094,0.0,continued_500bp_stress
2042Q2,2042-06-30,2042,2,2042,55378.874626752506,30448.53292858657,0.017088232020256333,0.01869546955939594,0.02271549749328483,290.3126875,2820.687674597904,560.6620000210461,1560.453883793574,458.5256791783478,179.7782982288812,61.267813376054484,5.987900480119798,61.837117932817996,0.0,2888.5126930108413,3178.825380510841,0.0,0.0,130839.36891131317,134018.194291824,2.4200237941831038,0.020969200942176986,0.208636431309166,0.22960563225134298,133435.43025482938,582.7640369946275,28307.268579442396,68094.4360471785,22715.792597810727,90810.22864498923,11262.236783426033,3055.696246971719,0.2121420714527046,19.7738749271835,37826.87435775511,47814.696542069796,0.2834844859833324,0.358335836672129,30136.78584903462,30136.785849034623,0,0.0,0.0,0.0,0.0,0.0,0.0,0.0,0.0,0.0,0.0,0.0,none,2983.216719467047,33120.002568501666,3116.9882625780233,3116.9882625780233,0.0,33253.77411161264,0.2154110468670722,0.5181811771623273,0.1728613500867164,0.0702933619006643,0.0232530639832198,0.08667960406412702,0.08830714232407408,0.08263632883284634,0.8183206564392769,50895.97950125178,0.0,continued_500bp_stress
2042Q3,2042-09-30,2042,3,2042,55872.08483227983,30577.785489496757,0.017088232020256333,0.018695469559397715,0.02271549749328483,290.3126875,2892.5657412128303,574.2837113054376,1598.4138046045211,472.60301686305155,184.50884676763908,62.75636167218169,5.987900480119798,63.41913185790057,0.0,2961.9727735508504,3252.2854610508502,0.0,0.0,134018.194291824,137270.47975287485,2.456870549308149,0.020784095554800076,0.21205385712326846,0.23283795267806853,136687.71571588021,582.7640369946275,28994.185613733007,69746.84655545301,23267.02433672109,93013.8708921741,11549.812050214732,3129.8471597583784,0.21211990749776277,19.79713080147164,38411.91917252925,48665.144749087216,0.28101954130517814,0.3560315899216784,30849.013648683052,30849.013648683056,0,0.0,0.0,0.0,0.0,0.0,0.0,0.0,0.0,0.0,0.0,0.0,none,3055.696246971719,33904.70989565478,3188.8663291929497,3188.8663291929497,0.0,34037.87997787601,0.2154110468670722,0.5181811771623273,0.1728613500867164,0.0702933619006643,0.0232530639832198,0.08676194553930118,0.08840509422477871,0.08257917343300314,0.8385131661439136,53857.95227480263,0.0,continued_500bp_stress
2042Q4,2042-12-31,2042,4,2043,56369.68762087199,30707.586721324555,0.017088232020256333,0.018695469559396827,0.022715497493283943,300.12464,2965.883330726617,588.2195406386084,1637.2426997595326,486.79007872189436,189.35177556304296,64.2792360435377,6.009754131507097,65.0385058876095,0.0,3036.9315907457335,3337.0562307457335,0.0,0.0,137270.47975287485,140607.5359836206,2.4943820325794723,0.02129688154517095,0.21550104099716527,0.2367979225423362,140024.77194662596,582.7640369946275,29699.014377212312,71442.344551816,23832.629738147734,95274.97428996373,11844.851682181185,3205.9315972687336,0.21209828778391338,19.739876868950024,39293.97104024254,49580.83095522739,0.2806215678410135,0.35408613965910546,31229.49737873027,31229.497378730273,0,0.0,0.0,0.0,0.0,0.0,0.0,0.0,0.0,0.0,0.0,0.0,none,3129.8471597583784,34359.34453848865,3272.017724858124,3272.017724858124,0.0,34501.5151035884,0.2154110468670722,0.5181811771623273,0.1728613500867164,0.0702933619006643,0.0232530639832198,0.08684069989750683,0.08849481975186675,0.08251868943541482,0.855635648195867,56894.88386554836,0.0,continued_500bp_stress
2043Q1,2043-03-31,2043,1,2043,56906.402826720565,30837.418255642995,0.01701953976476145,0.021251542965382564,0.02271549749328572,300.12464,3041.050420316123,602.5187541776947,1677.0698339418122,501.29884684440714,194.32116517330283,65.84182017890662,6.009754131507097,66.69991273625453,0.0,3113.760087183885,3413.884727183885,0.0,0.0,140607.5359836206,144021.42071080446,2.5308473837179317,0.021096019083397456,0.2188688746793751,0.23996489376277255,143438.65667380983,582.7640369946275,30420.034962150043,73176.79271914634,24411.228624162908,97588.02134330924,12146.83646842781,3283.763899922746,0.21207696493789302,19.7202936697243,40192.149638287134,50531.394338105085,0.28020444816132845,0.35228574716101274,32123.372659199184,32123.372659199184,0,0.0,0.0,0.0,0.0,0.0,0.0,0.0,0.0,0.0,0.0,0.0,none,3205.9315972687336,35329.30425646792,3347.1848144476303,3347.1848144476303,0.0,35470.55747364681,0.2154110468670722,0.5181811771623273,0.1728613500867164,0.0702933619006643,0.0232530639832198,0.0869360513988184,0.08858017645787086,0.08246319527055594,0.8732603130514229,60008.64395273225,0.0,continued_500bp_stress
2043Q2,2043-06-30,2043,2,2043,57448.22828285342,30967.798717086724,0.01701953976476145,0.021251542965382564,0.02231557677676199,300.12464,3118.598497077522,617.1464592946189,1717.807613335156,516.1283097866134,200.07581356646944,67.44030109466341,6.009754131507097,67.20609777752077,0.0,3191.81434898655,3491.93898898655,0.0,0.0,144021.42071080446,147513.35969979104,2.567761689246374,0.02089705106464202,0.22223935841998535,0.24313640948462736,146930.5956627964,582.7640369946275,31157.760259485476,74951.42484017958,25003.232575423684,99954.65741560326,12454.778554740198,3363.3994329674665,0.2120576733452581,19.65943618609408,41160.78149586883,51528.182000635716,0.28013757999274863,0.3506974280489011,32746.993457416436,32746.993457416436,0,0.0,0.0,0.0,0.0,0.0,0.0,0.0,0.0,0.0,0.0,0.0,none,3283.763899922746,36030.757357339186,3424.7328912090293,3424.7328912090293,0.0,36171.72634862547,0.2154110468670722,0.5181811771623273,0.1728613500867164,0.0702933619006643,0.0232530639832198,0.08700784014553475,0.08864832281847088,0.08250985195316665,0.8894379609222809,63200.4583017188,2.9103830456733704e-11,continued_500bp_stress
2043Q3,2043-09-30,2043,3,2043,57995.21264572316,31098.73042651709,0.017019539764762337,0.021251542965382564,0.02231557677676199,300.12464,3197.1579023574914,632.1130612643116,1759.4802526107726,531.221081876549,205.26769075128928,69.07581585456936,6.009754131507097,68.90988180526455,0.0,3272.077538294263,3572.202178294263,0.0,0.0,147513.35969979104,151085.56187808528,2.60513851032887,0.02069995962138317,0.22567914757257548,0.24637910719395864,150502.79784109065,582.7640369946275,31912.408120553522,76766.76496631795,25608.816411543165,102375.58137786112,12769.946629786375,3444.8617128896462,0.21203863701091089,19.616433157776815,42181.23051814493,52525.10657167541,0.28026874664936297,0.34899754240538694,33598.34592003941,33598.34592003941,0,0.0,0.0,0.0,0.0,0.0,0.0,0.0,0.0,0.0,0.0,0.0,none,3363.3994329674665,36961.74535300688,3503.2922964889985,3503.2922964889985,0.0,37101.638216528416,0.2154110468670722,0.5181811771623273,0.1728613500867164,0.0702933619006643,0.0232530639832198,0.08707422953836352,0.08872626980914457,0.08247274939140518,0.9056243045909128,66472.53584001306,-2.9103830456733704e-11,continued_500bp_stress
2043Q4,2043-12-31,2043,4,2044,58547.40503505716,31230.21571460801,0.01701953976476145,0.021251542965381676,0.02231557677676199,315.2472575,3277.387489963037,647.4229797457295,1802.0998075843117,546.53385882452,210.581996380004,70.74884742847112,6.019952502154488,70.65364583163971,0.0,3354.061088296831,3669.308345796831,0.0,0.0,151085.56187808528,154754.8702238821,2.6432404669552407,0.021537914946784434,0.22915181885779412,0.2506897338045786,154172.10618688748,582.7640369946275,32687.598096786132,78631.52009494665,26230.884721475057,104862.40481642171,13093.561812798194,3528.5414608814517,0.2120201825430225,19.551705488995395,42990.20055580273,53739.24098281066,0.2788455163458038,0.3485665618245361,34323.945533211554,34323.945533211554,0,0.0,0.0,0.0,0.0,0.0,0.0,0.0,0.0,0.0,0.0,0.0,none,3444.8617128896462,37768.8072461012,3598.6546999651914,3598.6546999651914,0.0,37922.600233176745,0.2154110468670722,0.5181811771623273,0.1728613500867164,0.0702933619006643,0.0232530639832198,0.08713829879653223,0.08879898374414642,0.08250194634913059,0.9090968486497716,69826.5969283099,0.0,continued_500bp_stress
2044Q1,2044-03-31,2044,1,2044,59070.961946551535,31360.93155843563,0.016847634395924738,0.019083305138657858,0.02231557677676199,315.2472575,3359.7624912594692,663.1496463885486,1845.8749342288706,562.2310405607323,216.0394498284634,72.46742025285282,6.019952502154488,72.44414607327174,0.0,3438.2265898348955,3753.4738473348957,0.0,0.0,154754.8702238821,158508.34407121703,2.6833547118233527,0.021347020404728898,0.23282008462607157,0.2541671050308005,157925.5800342224,582.7640369946275,33480.53255828368,80538.96039871589,26867.19248534444,107406.15288406033,13424.757911829343,3614.136680049021,0.21200196036024352,19.52040828779909,43835.8427250701,54964.30003188602,0.2775727827978906,0.34803924747324205,35290.93649347098,35290.93649347098,0,0.0,0.0,0.0,0.0,0.0,0.0,0.0,0.0,0.0,0.0,0.0,none,3528.5414608814517,38819.477954352435,3681.029701261624,3681.029701261624,0.0,38971.9661947326,0.2154110468670722,0.5181811771623273,0.1728613500867164,0.0702933619006643,0.0232530639832198,0.08721747952016332,0.0888689728435907,0.08245053842132692,0.9133051113645617,73264.8235181448,2.9103830456733704e-11,continued_500bp_stress
2044Q2,2044-06-30,2044,2,2044,59599.20073659217,31492.19452086094,0.01684763439592385,0.019083305138657858,0.023076797027411944,315.2472575,3444.732309887336,679.2363042761802,1890.6520953598535,578.2764777335369,222.3421004512578,74.22533206650677,6.019952502154488,76.78874742064441,0.0,3527.541009810135,3842.7882673101353,0.0,0.0,158508.34407121703,162351.13233852715,2.7240488183065232,0.021157817796469032,0.23675089371756142,0.25790871151403044,161768.36830153252,582.7640369946275,34291.77045736397,82490.43046312498,27518.188246778467,110008.61870990344,13766.271426419304,3701.7077078457864,0.2119806907704286,19.460283189072268,44675.59722859394,56197.46383488927,0.27617016662565114,0.34739463854972247,36037.45773571752,36037.457735717515,0,0.0,0.0,0.0,0.0,0.0,0.0,0.0,0.0,0.0,0.0,0.0,none,3614.136680049021,39651.594415766536,3765.999519889491,3765.999519889491,0.0,39803.457255607005,0.2154110468670722,0.5181811771623273,0.1728613500867164,0.0702933619006643,0.0232530639832198,0.08727812302568094,0.08901843068211547,0.08250640386585575,0.9165905867312296,76792.36452795494,0.0,continued_500bp_stress
2044Q3,2044-09-30,2044,3,2044,60132.16327261746,31624.006891879962,0.016847634395925626,0.019083305138657858,0.023076797027411944,315.2472575,3531.0072222819913,695.6942931537715,1936.4628551218575,594.7195863484538,228.106665608026,76.02382204988284,6.019952502154488,78.74218264717302,0.0,3615.769357431319,3931.016614931319,0.0,0.0,162351.13233852715,166282.14895345847,2.765278012693397,0.020970292126081216,0.24052148871070742,0.26149178083678865,165699.38491646384,582.7640369946275,35121.592925641555,84486.60656319831,28184.09760604764,112670.70416924595,14115.802929875705,3791.2848917006113,0.21195970608670547,19.421733755240236,45481.81084054849,57351.62508732533,0.27448388455683054,0.3461185152632808,36999.15929194334,36999.15929194334,0,0.0,0.0,0.0,0.0,0.0,0.0,0.0,0.0,0.0,0.0,0.0,none,3701.7077078457864,40700.86699978913,3852.274432284146,3852.274432284146,0.0,40851.433724227485,0.2154110468670722,0.5181811771623273,0.1728613500867164,0.0702933619006643,0.0232530639832198,0.08733781261213282,0.08908516510724131,0.08247503518225197,0.9203089205710933,80408.13388538625,0.0,continued_500bp_stress
2044Q4,2044-12-31,2044,4,2045,60669.89179646295,31756.370971073586,0.01684763439592385,0.01908330513865697,0.023076797027411944,328.847015,3619.286350470207,712.5293164789531,1983.323089071079,611.563303034932,234.007128421942,77.8635134633013,6.028693962709422,80.7414802516997,0.0,3706.056524684616,4034.9035396846157,0.0,0.0,166282.14895345847,170317.0524931431,2.8072747033162266,0.02168106817155535,0.24434238565104405,0.2660234538225994,169734.28845614847,582.7640369946275,35973.36311434606,86535.57891384586,28867.61939810289,115403.19831194876,14474.495754784999,3883.231275068625,0.21193928134114115,19.32355276904791,46741.91049258318,59592.1012863708,0.2753828405429062,0.3510905299595176,37565.89340970868,37565.89340970868,0,0.0,0.0,0.0,0.0,0.0,0.0,0.0,0.0,0.0,0.0,0.0,none,3791.2848917006113,41357.178301409294,3954.162059432916,3954.162059432916,0.0,41520.0554691416,0.2154110468670722,0.5181811771623273,0.1728613500867164,0.0702933619006643,0.0232530639832198,0.08739495311483965,0.08915103751087369,0.08244546248626762,0.9233948765908213,84114.19041007086,2.9103830456733704e-11,continued_500bp_stress
2045Q1,2045-03-31,2045,1,2045,61225.900553589374,31884.47140650104,0.01623329428827147,0.020597325915870046,0.023076797027411944,328.847015,3709.845379999105,729.8096041822957,2031.4227150025301,628.7983065418546,240.06289196070222,79.75186231172188,6.028693962709422,82.79318002270912,0.0,3798.6672539845235,4127.514268984523,0.0,0.0,170317.0524931431,174444.56676212762,2.84919560488034,0.02148417660020658,0.2481738754114137,0.26965805201162024,173861.802725133,582.7640369946275,36844.64071840465,88631.4772490174,29566.79534626504,118198.27259528244,14841.605978101356,3977.283433344532,0.21191912277968394,19.261123918382868,47995.29623110924,61871.62907619457,0.2760542883993183,0.3558667177402422,38631.62760182325,38631.62760182325,0,0.0,0.0,0.0,0.0,0.0,0.0,0.0,0.0,0.0,0.0,0.0,none,3883.231275068625,42514.85887689188,4044.721088961814,4044.721088961814,0.0,42676.34869078507,0.2154110468670722,0.5181811771623273,0.1728613500867164,0.0702933619006643,0.0232530639832198,0.08746712084915265,0.08921402051946517,0.08239737201960262,0.927221768189976,87912.85766405538,0.0,continued_500bp_stress
2045Q2,2045-06-30,2045,2,2045,61787.004848697616,32013.088579863437,0.01623329428827147,0.020597325915870046,0.02213343204113838,328.847015,3803.1454907251846,747.4856485746343,2080.6239284206818,646.440008543304,246.912446674252,81.68345851231334,6.028693962709422,81.4509566818288,0.0,3890.6251413697228,4219.472156369723,0.0,0.0,174444.56676212762,178664.03891849733,2.8916119070022104,0.021289073053809414,0.2518733608076315,0.2731624338614409,178081.2748815027,582.7640369946275,37736.016196987555,90775.72194539431,30282.099277530542,121057.82122292486,15213.932356525464,4073.505105064795,0.21190333583414386,19.168308349033044,49283.16919120261,64262.57759997952,0.2767453749643032,0.36086094757992143,39428.91011540672,39428.910115406725,0,0.0,0.0,0.0,0.0,0.0,0.0,0.0,0.0,0.0,0.0,0.0,none,3977.283433344532,43406.19354875126,4138.021199687894,4138.021199687894,0.0,43566.93131509462,0.2154110468670722,0.5181811771623273,0.1728613500867164,0.0702933619006643,0.0232530639832198,0.0875196230587187,0.08921172412724035,0.08244916323589865,0.9301445838925605,91803.4828054251,0.0,continued_500bp_stress
2045Q3,2045-09-30,2045,3,2045,62353.25137980633,32142.224575604054,0.01623329428827036,0.020597325915870046,0.022133432041139267,328.847015,3897.783510126401,765.569428596385,2130.96007266813,664.3914310853603,253.2029666812572,83.65961109526825,6.028693962709422,83.4942894428063,0.0,3987.3064935319167,4316.1535085319165,0.0,0.0,178664.03891849733,182980.19242702925,2.934573392371469,0.021095741294831667,0.2557882006341207,0.2768839419289524,182397.42839003462,582.7640369946275,38647.777750403104,92969.0062820689,31013.762464599273,123982.76874666818,15594.954492257884,4171.927400705439,0.2118877337884367,19.08240429406182,50544.465117664964,66681.582805004,0.27711172007086526,0.36558400737105556,40420.10045049836,40420.10045049836,0,0.0,0.0,0.0,0.0,0.0,0.0,0.0,0.0,0.0,0.0,0.0,none,4073.505105064795,44493.605555563154,4232.659219089111,4232.659219089111,0.0,44652.75966958747,0.2154110468670722,0.5181811771623273,0.1728613500867164,0.0702933619006643,0.0232530639832198,0.08756706920413838,0.08926936875866417,0.08241842801880254,0.9332739171576593,95790.78929895701,0.0,continued_500bp_stress
2045Q4,2045-12-31,2045,4,2046,62924.68727289787,32271.88148657454,0.01623329428827236,0.020597325915870046,0.02213343204113838,341.5111875,3994.4191944379345,784.066791111303,2182.4474224715655,682.5831369595081,259.6408849035702,85.68095899198796,6.044719973726774,85.58534465058511,0.0,4086.0492590622466,4427.560446562246,0.0,0.0,182980.19242702925,187407.7528735915,2.9782865993568377,0.02170920205094711,0.2597422052391916,0.2814514072901387,186824.98883659687,582.7640369946275,39583.087152576656,95218.93605158699,31764.322142758632,126983.25819434563,15985.751864110816,4272.891625563739,0.21187255194859023,19.03152256851069,52460.35728882429,69034.77757121931,0.2807994670065673,0.36951575911292756,41502.03318891198,41502.03318891198,0,0.0,0.0,0.0,0.0,0.0,0.0,0.0,0.0,0.0,0.0,0.0,none,4171.927400705439,45673.96058961742,4341.975101911661,4341.975101911661,0.0,45844.008290823636,0.2154110468670722,0.5181811771623273,0.1728613500867164,0.0702933619006643,0.0232530639832198,0.0876282922514724,0.08932222017837749,0.08241373029630364,0.936892265713593,99876.83855801926,0.0,continued_500bp_stress
2046Q1,2046-03-31,2046,1,2046,63487.17457712225,32400.426276002614,0.01602817697257164,0.01989152606750877,0.02213343204113749,341.5111875,4094.24185925493,803.041880607899,2235.264523811003,701.9364263713175,266.2445167046972,87.75451176001528,6.044719973726774,87.7300465011179,0.0,4188.016625729774,4529.527813229774,0.0,0.0,187407.7528735915,191937.28068682126,3.0232449619200144,0.021516861619673613,0.2638653651623637,0.28538222678203734,191354.51664982663,582.7640369946275,40539.8994594795,97520.59204706745,32532.137301527513,130052.72934859496,16385.710808518157,4376.177033234003,0.21185755198904646,19.007882527117548,54443.14822386863,71450.92156492455,0.284514571053988,0.3733955321037847,42626.922836846265,42626.92283684626,0,0.0,0.0,0.0,0.0,0.0,0.0,0.0,0.0,0.0,0.0,0.0,none,4272.891625563739,46899.814462409995,4441.797766728657,4441.797766728657,0.0,47068.72060357491,0.2154110468670722,0.5181811771623273,0.1728613500867164,0.0702933619006643,0.0232530639832198,0.08770407177813097,0.0893883323718125,0.08237582446189368,0.9410787275573247,104064.85518374902,0.0,continued_500bp_stress
2046Q2,2046-06-30,2046,2,2046,64054.68998686649,32529.483082769868,0.01602817697257164,0.01989152606750788,0.023159436985126236,341.5111875,4197.204816845096,822.4532102841903,2289.2958983049066,721.8601350643218,273.7198373716328,89.87573582004335,6.044719973726774,94.05798185465241,0.0,4297.307518673474,4638.818706173474,0.0,0.0,191937.28068682126,196576.09939299474,3.0688791005514178,0.02132622529716541,0.26835240445654024,0.2896786297537057,195993.3353560001,582.7640369946275,41518.89112486537,99875.6015091161,33317.750776154346,133193.35228527043,16799.235300719276,4481.856645145013,0.21183828036525282,18.954411925916038,56526.09375863424,74049.96140016672,0.2884082443719878,0.3778187725907271,43521.5087605904,43521.50876059039,0,0.0,0.0,0.0,0.0,0.0,0.0,0.0,0.0,0.0,0.0,0.0,none,4376.177033234003,47897.68579382439,4544.760724318822,4544.760724318822,0.0,48066.269484909215,0.2154110468670722,0.5181811771623273,0.1728613500867164,0.0702933619006643,0.0232530639832198,0.08776068470093852,0.08955649477362913,0.08240516531954103,0.9445215238936746,108362.1627024225,0.0,continued_500bp_stress
2046Q3,2046-09-30,2046,3,2046,64627.27844864755,32659.05394633475,0.016028176972572528,0.019891526067509657,0.023159436985126236,341.5111875,4301.729491273252,842.3145036957062,2344.5797454264984,742.0761122102086,280.71299909117516,92.04613084966572,6.044719973726774,96.4317134332475,0.0,4404.205924680226,4745.717112180227,0.0,0.0,196576.09939299474,201321.81650517497,3.1151213750265545,0.021137277985262076,0.2725911429601531,0.2937284209454152,200739.05246818034,582.7640369946275,42520.39855979325,102284.77369000245,34121.43252712021,136406.20621712267,17222.48091526612,4589.966775998327,0.21181926504576515,18.900903696396476,58686.37018893009,76693.09653974035,0.292351535325856,0.38205369407079953,44552.72675147666,44552.726751476665,0,0.0,0.0,0.0,0.0,0.0,0.0,0.0,0.0,0.0,0.0,0.0,none,4481.856645145013,49034.583396621674,4649.285398746979,4649.285398746979,0.0,49202.01215022364,0.2154110468670722,0.5181811771623273,0.1728613500867164,0.0702933619006643,0.0232530639832198,0.08781740917392088,0.08961833993613522,0.08240124100470318,0.9479149532345595,112766.36862710273,0.0,continued_500bp_stress
2036Q4,2036-12-31,2036,4,2037,45196.81654860328,27698.55388240954,0.017515988152144724,0.01980359078796723,0.022578201318361746,245.031015,1584.719825228435,330.1144357628681,916.7886883253786,225.02850094890826,98.67032999239234,14.117870198887333,5.894658234200658,34.984618848701245,0.0,1625.599102311337,1870.630117311337,0.0,0.0,77061.53216807223,78932.16228538357,1.7464097764607454,0.021685687949858246,0.14386846034284004,0.1655541482926983,78349.39824838894,582.7640369946275,16667.232773848446,40093.794744523424,13374.988894023232,53468.78363854666,6414.197273501659,1799.1845624921814,0.21272955691387413,20.142962006180532,21530.496877198155,26292.85825489247,0.2748010496384492,0.3355846865796843,17421.739362036373,17421.739362036373,0,0.0,0.0,0.0,0.0,0.0,0.0,0.0,0.0,0.0,0.0,0.0,none,1756.50018026592,19178.239542302294,1835.6454984626357,1835.6454984626357,0.0,19257.38486049901,0.2154110468670722,0.5181811771623273,0.1728613500867164,0.0702933619006643,0.0232530639832198,0.07083465784035169,0.08437927752414182,0.03240316151950665,0.2656655601596652,1625.599102311337,1.4551915228366852e-11,rate_cap_only
2037Q1,2037-03-31,2037,1,2037,45606.30594456347,27818.71239056672,0.01746555549210771,0.01893970235169573,0.022578065905819455,245.031015,1388.0116492212517,129.79607522634478,916.7121291179786,228.51100189552304,98.53149706037496,14.460945921030905,5.894658234200658,35.90247792770638,0.0,1429.8087853831587,1674.8398003831587,0.0,0.0,78932.16228538357,80607.00208576673,1.7674529961656658,0.021490976734475822,0.12540448131196208,0.1468954580464379,80024.2380487721,582.7640369946275,17020.277978228092,40943.06121556866,13658.297812290391,54601.35902785906,6565.306165769228,1837.2948769157244,0.21268903513776416,20.025873714325993,21812.529828293005,26668.577979199465,0.2725740395678494,0.3332562562225942,17917.65110842965,17917.65110842965,0,0.0,0.0,0.0,0.0,0.0,0.0,0.0,0.0,0.0,0.0,0.0,none,1799.1845624921814,19716.83567092183,1638.9373224554524,1638.9373224554524,0.0,19556.588430885102,0.2154110468670722,0.5181811771623273,0.1728613500867164,0.0702933619006643,0.0232530639832198,0.06954295131199242,0.07245760126087039,0.0322947791644364,0.29362154523185763,3055.407887694496,0.0,rate_cap_only
2037Q2,2037-06-30,2037,2,2037,46019.50537096849,27939.39215579544,0.01746555549210771,0.01893970235169662,0.022399155671420257,245.031015,1391.819857090304,132.54541475545128,915.2287057799351,231.6024085937132,97.67607038799429,14.767257573210138,5.894658234200658,36.45949382700498,0.0,1434.1740091515096,1679.2050241515096,0.0,0.0,80607.00208576673,82286.20710991824,1.7880723933601572,0.021298013790002915,0.12465792472913119,0.1459559385191341,81703.4430729236,582.7640369946275,17374.1435126515,41794.30102825037,13942.265022511203,55736.56605076157,6717.239765670033,1875.4937438405088,0.21264885369817743,19.899043304790663,22131.51000221481,27083.58912032921,0.27087609982925137,0.33148650903433796,18282.488370856056,18282.48837085606,0,0.0,0.0,0.0,0.0,0.0,0.0,0.0,0.0,0.0,0.0,0.0,none,1837.2948769157244,20119.783247771782,1642.7455303245047,1642.7455303245047,0.0,19925.233901180563,0.2154110468670722,0.5181811771623273,0.1728613500867164,0.0702933619006643,0.0232530639832198,0.06829784942082646,0.07116870604494299,0.032334585422003216,0.32060839279035436,4489.581896846005,0.0,rate_cap_only
2037Q3,2037-09-30,2037,3,2037,46436.448441206194,28060.59543934993,0.017465555492108598,0.01893970235169573,0.022399155671420257,245.031015,1395.5798121012822,135.30114260477353,913.1972000577517,234.69062183726066,97.31656663537771,15.07428096611809,5.894658234200658,37.30323546034719,0.0,1438.7777057958301,1683.8087207958301,0.0,0.0,82286.20710991824,83970.01583071407,1.8082781661700424,0.021106783419084,0.12393520642453833,0.14504198984362232,83387.25179371944,582.7640369946275,17728.81898291999,42647.48917884574,14226.882183631478,56874.37136247722,6870.281407082495,1913.7800412397366,0.21260826567083593,19.755556233650776,22383.85502469399,27444.89151027182,0.26843257864003495,0.3291257466808484,18656.412147336097,18656.412147336097,0,0.0,0.0,0.0,0.0,0.0,0.0,0.0,0.0,0.0,0.0,0.0,none,1875.4937438405088,20531.905891176608,1646.505485335483,1646.505485335483,0.0,20302.91763267158,0.2154110468670722,0.5181811771623273,0.1728613500867164,0.0702933619006643,0.0232530639832198,0.06707939878877575,0.06994016403618677,0.03231498018017792,0.34674634977312263,5928.359602641835,0.0,rate_cap_only
2037Q4,2037-12-31,2037,4,2038,46857.169073206394,28182.3245122939,0.01746555549210682,0.01893970235169573,0.022399155671420257,254.402365,1398.9266305483618,138.06317782948946,910.8028556379877,237.8142951805557,96.86429481886441,15.38200708146439,5.91068424521801,38.15313044459712,0.0,1442.9904452381768,1697.3928102381767,0.0,0.0,83970.01583071407,85667.40864095224,1.8282668444419128,0.021717262910402407,0.1231820422598513,0.1448993051702537,85084.64460395761,582.7640369946275,18086.237539347712,43507.27594931562,14513.700594798047,58020.97654411367,7025.068072818767,1952.362447677474,0.21256758635513479,19.533922396262835,22861.19273949206,28788.500208844758,0.2686876444733801,0.33835130114071954,18803.81407140657,18803.814071406567,0,0.0,0.0,0.0,0.0,0.0,0.0,0.0,0.0,0.0,0.0,0.0,none,1913.7800412397366,20717.594112646304,1659.2396797935796,1659.2396797935796,0.0,20463.053751200147,0.2154110468670722,0.5181811771623273,0.1728613500867164,0.0702933619006643,0.0232530639832198,0.06602851482290023,0.06873836718798702,0.03218125426820728,0.3694465875526186,7371.350047880012,0.0,rate_cap_only
2038Q1,2038-03-31,2038,1,2038,47300.82735847604,28304.416431579815,0.017441798459170377,0.020613213981166334,0.022399155671420257,254.402365,1405.035812775501,140.84657483767032,911.0904056454885,240.96212724310877,96.44459187602604,15.692113173207701,5.91068424521801,39.01271617318629,0.0,1449.9592131939053,1704.3615781939052,0.0,0.0,85667.40864095224,87371.77021914614,1.8471509928777095,0.02151356576255849,0.12261597051613354,0.14412953627869202,86789.00618215151,582.7640369946275,18444.972081114483,44370.22838302345,14801.575047452325,59171.803430475775,7181.143759240835,1991.086911320424,0.21252659631108625,19.357701049920088,23313.52971792817,30144.456950644817,0.2686230750124972,0.347330362181796,19266.408777449753,19266.408777449757,0,0.0,0.0,0.0,0.0,0.0,0.0,0.0,0.0,0.0,0.0,0.0,none,1952.362447677474,21218.77122512723,1665.3488620207188,1665.3488620207188,0.0,20931.757639470474,0.2154110468670722,0.5181811771623273,0.1728613500867164,0.0702933619006643,0.0232530639832198,0.06497366495548931,0.06770178933605657,0.032163539704914965,0.3924152125460116,8821.309261073919,0.0,rate_cap_only
2038Q2,2038-06-30,2038,2,2038,47748.68633870831,28427.0372794411,0.017441798459170377,0.020613213981166334,0.022624692238107036,254.402365,1410.2824677590806,143.64022008167905,911.0488964350026,244.11477778249878,95.47521241016315,16.00336104973791,5.91068424521801,40.277658510631575,0.0,1456.4708105149302,1710.8731755149302,0.0,0.0,87371.77021914614,89082.64339466108,1.8656564237756772,0.021311779192866656,0.1220113826950851,0.14332316188795174,88499.87935766645,582.7640369946275,18804.836810323817,45235.899534586846,15090.356443970506,60326.255978557354,7338.853193017876,2029.9333757674056,0.21248432141161802,19.189867624920563,23769.80555030437,31554.40721485466,0.2685857395832175,0.35654746022115574,19673.15966702973,19673.159667029733,0,0.0,0.0,0.0,0.0,0.0,0.0,0.0,0.0,0.0,0.0,0.0,none,1991.086911320424,21664.246578350158,1670.5955170042985,1670.5955170042985,0.0,21343.75518403403,0.2154110468670722,0.5181811771623273,0.1728613500867164,0.0702933619006643,0.0232530639832198,0.06393580528387349,0.06667924007316348,0.032164038641654624,0.41500424638228073,10277.780071588848,0.0,rate_cap_only
2038Q3,2038-09-30,2038,3,2038,48200.78578739272,28550.18934731063,0.01744179845916949,0.020613213981166334,0.022624692238107036,254.402365,1415.1044873645933,146.44266666039672,910.6303963605872,247.27900132112475,94.43683351475445,16.31558950773052,5.91068424521801,41.16222048718329,0.0,1462.1773920969945,1716.5797570969944,0.0,0.0,89082.64339466108,90799.22315175808,1.8837705997628633,0.021111885281052067,0.12134054399415521,0.14245242927520727,90216.45911476345,582.7640369946275,19165.74025582439,46104.069365945725,15379.971381307838,61484.04074725356,7497.786144740695,2068.891966944802,0.21244172564391875,18.978781910232303,24239.937671521333,33074.789690560894,0.268686422736742,0.36661591482422057,19984.538824213556,19984.538824213556,0,0.0,0.0,0.0,0.0,0.0,0.0,0.0,0.0,0.0,0.0,0.0,none,2029.9333757674056,22014.472199980963,1675.4175366098111,1675.4175366098111,0.0,21659.956360823366,0.2154110468670722,0.5181811771623273,0.1728613500867164,0.0702933619006643,0.0232530639832198,0.06295012924971966,0.0656548722120487,0.03216541334894503,0.43620258619690927,11739.957463685842,1.4551915228366852e-11,rate_cap_only
2038Q4,2038-12-31,2038,4,2039,48657.16585460666,28673.874936548265,0.017441798459170377,0.020613213981167222,0.022624692238107036,260.45804,1420.3079337662948,149.25320224223242,910.1108469158504,250.45752525840197,93.85764016549112,16.628719184318847,5.922339525957902,42.05364494130889,0.0,1468.2839182335615,1728.7419582335615,0.0,0.0,90799.22315175808,92527.96510999164,1.901630797537121,0.021411690173511484,0.12070443417283831,0.1421161243463498,91945.201072997,582.7640369946275,19529.071551129127,46978.079501633445,15671.534600319023,62649.614101952466,7658.402781701875,2108.112638213536,0.21239903032703833,18.76595298242601,25469.931554316794,34530.79753276479,0.2770120817300268,0.3755584536201095,20360.259308769044,20360.259308769044,0,0.0,0.0,0.0,0.0,0.0,0.0,0.0,0.0,0.0,0.0,0.0,none,2068.891966944802,22429.151275713844,1686.6883132922526,1686.6883132922526,0.0,22046.947622061296,0.2154110468670722,0.5181811771623273,0.1728613500867164,0.0702933619006643,0.0232530639832198,0.06199037841254056,0.06468266433423256,0.03216530234453096,0.45683158657852735,13208.241381919403,0.0,rate_cap_only
2039Q1,2039-03-31,2039,1,2039,49107.149616826704,28796.577412871466,0.017227156981449054,0.019937887724799763,0.022624692238107036,260.45804,1425.4500637881204,152.08264470441807,909.4250153468921,253.65743158704973,93.34101682011962,16.94395532964129,5.922339525957902,42.95451286312479,0.0,1474.326916177203,1734.784956177203,0.0,0.0,92527.96510999164,94262.75006616884,1.9195321007568609,0.021215488337832853,0.12009061227793362,0.14130610061576646,93679.98602917421,582.7640369946275,19893.510518044997,47854.754192308996,15963.986694868103,63818.7408871771,7820.2817441914385,2147.4528797606777,0.2123560363453692,18.58862028098824,26738.479021668674,36136.230046327095,0.28542360172152104,0.38574119807269613,20803.17070371593,20803.17070371593,0,0.0,0.0,0.0,0.0,0.0,0.0,0.0,0.0,0.0,0.0,0.0,none,2108.112638213536,22911.283341929466,1691.8304433140781,1691.8304433140781,0.0,22495.001147030005,0.2154110468670722,0.5181811771623273,0.1728613500867164,0.0702933619006643,0.0232530639832198,0.061040132255250394,0.06373540861617837,0.03214928263871806,0.4775366693475545,14682.568298096605,0.0,rate_cap_only
2039Q2,2039-06-30,2039,2,2039,49561.294850079954,28919.80496289779,0.017227156981449054,0.019937887724799763,0.022796693476643037,260.45804,1430.078891215241,154.9207131592754,908.5822528950343,256.91925444475123,92.39651819510374,17.26015252107644,5.922339525957902,44.193119194230164,0.0,1480.1943499354288,1740.6523899354288,0.0,0.0,94262.75006616884,96003.40245610426,1.9370640485989923,0.02102108435930663,0.11946373511127431,0.14048481947058095,95420.63841910963,582.7640369946275,20258.94658552271,48733.82745422961,16257.23893477555,64991.066389005166,7983.724688853616,2186.900755728149,0.21231200001555958,18.42896334120858,28056.954567325378,37632.988193946054,0.2940344461341027,0.3943904465263921,21218.964448667008,21218.96444866701,0,0.0,0.0,0.0,0.0,0.0,0.0,0.0,0.0,0.0,0.0,0.0,none,2147.4528797606777,23366.417328427688,1696.4592707411987,1696.4592707411987,0.0,22915.42371940821,0.2154110468670722,0.5181811771623273,0.1728613500867164,0.0702933619006643,0.0232530639832198,0.06010065584925402,0.06281142228065228,0.032132390912357034,0.4980495239031102,16162.762648032034,0.0,rate_cap_only
2039Q3,2039-09-30,2039,3,2039,50019.640039846585,29043.55983354516,0.017227156981449054,0.019937887724799763,0.02279669347664215,260.45804,1434.2228951108264,157.76654653475808,907.6019605720712,260.13516595675446,91.14200722307824,17.577214824164994,5.922339525957902,45.11675005193716,0.0,1485.2619846887212,1745.7200246887212,0.0,0.0,96003.40245610426,97749.122480793,1.954214832472289,0.02082846176362039,0.11877430413377894,0.13960276589739934,97166.35844379837,582.7640369946275,20625.27531721779,49615.048060967005,16551.207512791156,66166.25557375816,8148.382560339052,2226.444992483351,0.21226765773204911,18.246333025356556,29473.93772055412,39300.10402594772,0.30333479809889174,0.4044620448411592,21547.697495564626,21547.69749556463,0,0.0,0.0,0.0,0.0,0.0,0.0,0.0,0.0,0.0,0.0,0.0,none,2186.900755728149,23734.598251292777,1700.6032746367841,1700.6032746367841,0.0,23248.300770201415,0.2154110468670722,0.5181811771623273,0.1728613500867164,0.0702933619006643,0.0232530639832198,0.059215620393036766,0.06188372273025757,0.0321464603514112,0.5174452624468422,17648.024632720757,1.4551915228366852e-11,rate_cap_only
2039Q4,2039-12-31,2039,4,2040,50482.224027522294,29167.84428134662,0.017227156981449054,0.019937887724799763,0.022796693476643037,264.33496,1438.9496570241915,160.61933153283354,906.6429206529707,263.3709999940168,90.42135321728578,17.895051627084932,5.935451716790281,46.04724657097157,0.0,1490.9323553119534,1755.2673153119536,0.0,0.0,97749.122480793,99504.38979610494,1.971077774660965,0.020944795130728618,0.1181352354443905,0.13908003057511914,98921.6257591103,582.7640369946275,20993.460201551494,50500.73372821668,16846.66560146903,67347.39932968571,8314.576631769913,2266.1895961031887,0.21222316192693666,18.27635012542503,30066.916192589557,39942.66163695242,0.3039468464237256,0.40378088542761187,22686.230607529786,22686.230607529786,0,0.0,0.0,0.0,0.0,0.0,0.0,0.0,0.0,0.0,0.0,0.0,none,2226.444992483351,24912.675600013135,1709.2200687409818,1709.2200687409818,0.0,24395.450676270768,0.2154110468670722,0.5181811771623273,0.1728613500867164,0.0702933619006643,0.0232530639832198,0.05797492429349014,0.06101056735746803,0.03250241634040961,0.5439480640451658,19138.95698803271,-1.4551915228366852e-11,rate_cap_only
2040Q1,2040-03-31,2040,1,2040,50950.92867546139,29295.409800174013,0.017609093307503265,0.01970258122673907,0.022796693476643926,264.33496,1434.2474637713815,163.48657131958225,896.2545894103641,266.59744100712606,89.69436315562996,18.214498878679375,5.935451716790281,46.98642429479049,0.0,1487.1693397829624,1751.5042997829623,0.0,0.0,99504.38979610494,101255.89409588791,1.9873218551294831,0.020752121060145234,0.11675307033209793,0.13750519139224315,100673.13005889328,582.7640369946275,21360.63218151404,51383.98280743138,17141.310862672857,68525.29367010423,8481.379347952541,2305.8248593224566,0.21217808733093108,18.326643877909973,30771.678539996417,40681.73196796409,0.30565930076868714,0.4040972198258411,23172.232935441905,23172.232935441905,0,0.0,0.0,0.0,0.0,0.0,0.0,0.0,0.0,0.0,0.0,0.0,none,2266.1895961031887,25438.422531545093,1704.5178754881717,1704.5178754881717,0.0,24876.750810930076,0.2154110468670722,0.5181811771623273,0.1728613500867164,0.0702933619006643,0.0232530639832198,0.05673786329623792,0.059783064559476434,0.03248882510334902,0.5705912313208764,20626.126327815673,1.4551915228366852e-11,rate_cap_only
2040Q2,2040-06-30,2040,2,2040,51423.98503434888,29423.53322658747,0.017609093307503265,0.01970258122673907,0.022246337554163054,264.33496,1428.4818463606,166.34592311354058,884.9800440961887,269.793801083407,88.8290107606594,18.533067306804245,5.935451716790281,46.7814276060662,0.0,1481.1987256834566,1745.5336856834565,0.0,0.0,101255.89409588791,103001.42778157136,2.00298416610014,0.020561219425016267,0.11521462015781805,0.13577583958283432,102418.66374457673,582.7640369946275,21726.562183794293,52264.24425222908,17434.959471466973,69699.20372369606,8647.571782815217,2345.326054271169,0.21213479447435923,18.413264212938426,31314.389774155952,41240.82209526084,0.30574886089366804,0.4026690115593763,23638.930254570972,23638.930254570972,0,0.0,0.0,0.0,0.0,0.0,0.0,0.0,0.0,0.0,0.0,0.0,none,2305.8248593224566,25944.75511389343,1698.7522580773903,1698.7522580773903,0.0,25337.682512648364,0.2154110468670722,0.5181811771623273,0.1728613500867164,0.0702933619006643,0.0232530639832198,0.055533283971691084,0.05851308662706715,0.032537165947392595,0.5972113786624295,22107.32505349913,-1.4551915228366852e-11,rate_cap_only
2040Q3,2040-09-30,2040,3,2040,51901.4335078553,29552.2170005949,0.017609093307503265,0.01970258122673907,0.022246337554163054,264.33496,1422.3934748216466,169.19560300629806,872.919663430311,273.5070759200202,87.92057430381298,18.850558161204525,5.935451716790281,47.69810861292152,0.0,1476.0270351513584,1740.3619951513583,0.0,0.0,103001.42778157136,104741.78977672273,2.0180904976520546,0.02037207392046255,0.11375616705677012,0.13412824097723267,104159.0257397281,582.7640369946275,22091.180683587623,53141.350817495724,17727.555636137036,70868.90645363276,8814.252926580766,2384.6856759269335,0.21209089204414147,18.50710650183265,31929.346308185464,41772.48005592572,0.30654421046497027,0.40104522636671475,24066.013310728424,24066.013310728424,0,0.0,0.0,0.0,0.0,0.0,0.0,0.0,0.0,0.0,0.0,0.0,none,2345.326054271169,26411.339364999592,1692.663886538437,1692.663886538437,0.0,25758.67719726686,0.2154110468670722,0.5181811771623273,0.1728613500867164,0.0702933619006643,0.0232530639832198,0.05435528114070578,0.05732064368200705,0.03253687258987381,0.6234783798182407,23583.35208865049,1.4551915228366852e-11,rate_cap_only
2040Q4,2040-12-31,2040,4,2041,52383.31487478102,29681.46357287557,0.017609093307502377,0.01970258122673907,0.022246337554162166,273.20975999999996,1415.8752608895772,172.03506957343862,860.3515084091682,277.3694470912076,86.95232469549843,19.16691112026273,5.957305368177581,48.61748523085707,0.0,1470.450051488612,1743.659811488612,0.0,0.0,104741.78977672273,106485.44958821133,2.03281235337546,0.02086234982670268,0.11228384877922516,0.13314619860592783,105902.6855512167,582.7640369946275,22456.311525570803,54019.68984545593,18020.56294110808,72040.252786564,8982.020635488205,2424.1006035936703,0.21204666726520804,18.566122954504067,32344.225150943705,42053.732432525736,0.3054145887103248,0.3970978848519162,24375.22850273282,24375.22850273282,0,0.0,0.0,0.0,0.0,0.0,0.0,0.0,0.0,0.0,0.0,0.0,none,2384.6856759269335,26759.914178659754,1695.042326257755,1695.042326257755,0.0,26070.27082899058,0.2154110468670722,0.5181811771623273,0.1728613500867164,0.0702933619006643,0.0232530639832198,0.0532444026745506,0.05615523869214605,0.03256848395609171,0.6483596886907909,25053.8021401391,-1.4551915228366852e-11,rate_cap_only
2041Q1,2041-03-31,2041,1,2041,52881.69770188122,29808.19978253751,0.017189212325988024,0.02105209487726678,0.022246337554163942,273.20975999999996,1410.158082929094,174.87852600538264,847.6842201459037,281.1965935532276,86.915034623195,19.483708601384123,5.957305368177581,49.54285510372065,0.0,1465.6582434009924,1738.8680034009924,0.0,0.0,106485.44958821133,108224.31759161233,2.0465363688156017,0.0206657328998937,0.11086317626666158,0.13152890916655527,107641.5535546177,582.7640369946275,22820.21082426439,54895.06633941053,18312.58196697819,73207.64830638871,9150.31183460908,2463.382589355489,0.21200187168132367,18.68442095092572,32742.681464527614,42275.16995056827,0.30418254273814305,0.39274024347035924,24974.087904173568,24974.087904173568,0,0.0,0.0,0.0,0.0,0.0,0.0,0.0,0.0,0.0,0.0,0.0,none,2424.1006035936703,27398.188507767238,1689.3251482972717,1689.3251482972717,0.0,26663.413052470838,0.2154110468670722,0.5181811771623273,0.1728613500867164,0.0702933619006643,0.0232530639832198,0.05208227228411658,0.05505571884492474,0.032517041484647485,0.6745488873902994,26519.460383540092,1.4551915228366852e-11,rate_cap_only
2041Q2,2041-06-30,2041,2,2041,53384.82221902036,29935.477140273233,0.017189212325988024,0.02105209487726678,0.0228385780169158,273.20975999999996,1402.0378024568092,177.71239179395894,833.7481389618185,284.86863459613613,85.90919954294984,19.79943756194475,5.957305368177581,51.80344601619646,0.0,1459.7985538411833,1733.0083138411833,0.0,0.0,108224.31759161233,109957.3259054535,2.059711381155018,0.020470968986586503,0.10937929495032203,0.12985026393690854,109374.56186845887,582.7640369946275,23182.36092484059,55766.23505687111,18603.19731020278,74369.4323670739,9320.292822828455,2502.4757537159244,0.21195386320926468,18.750805320764794,33121.83170754643,42463.62751803526,0.30282938867797204,0.3882404353683706,25273.915608461975,25273.915608461975,0,0.0,0.0,0.0,0.0,0.0,0.0,0.0,0.0,0.0,0.0,0.0,none,2463.382589355489,27737.298197817465,1681.2048678249869,1681.2048678249869,0.0,26955.120476286964,0.2154110468670722,0.5181811771623273,0.1728613500867164,0.0702933619006643,0.0232530639832198,0.05095874358190104,0.05395454871241698,0.03259082535722066,0.6992944965716512,27979.258937381277,-1.4551915228366852e-11,rate_cap_only
2041Q3,2041-09-30,2041,3,2041,53892.73353935886,30063.29795671865,0.017189212325988024,0.02105209487726767,0.0228385780169158,273.20975999999996,1393.8806661302672,180.53263570219607,818.904830981233,288.5134597121805,85.81609086416513,20.113648870491744,5.957305368177581,52.76577397902035,0.0,1452.6037454774653,1725.8135054774652,0.0,0.0,109957.3259054535,111683.13941093098,2.072322780386835,0.020278040623081018,0.1078144417682285,0.12809248239130952,111100.37537393635,582.7640369946275,23542.753888141247,56633.17689982775,18892.402599829114,75525.57949965686,9490.662746474782,2541.379239663438,0.21190525962583087,18.845089185514343,33399.18925299081,42619.94924534627,0.30062174984177514,0.38361660887191495,25772.974840458864,25772.974840458868,0,0.0,0.0,0.0,0.0,0.0,0.0,0.0,0.0,0.0,0.0,0.0,none,2502.4757537159244,28275.450594174792,1673.0477314984448,1673.0477314984448,0.0,27446.022571957314,0.2154110468670722,0.5181811771623273,0.1728613500867164,0.0702933619006643,0.0232530639832198,0.04981588381779215,0.05284245441641542,0.032544709973231,0.7244512692869842,29431.862682858744,1.4551915228366852e-11,rate_cap_only
2041Q4,2041-12-31,2041,4,2042,54405.47720527058,30191.66455237581,0.017189212325988024,0.02105209487726678,0.02283857801691669,290.3126875,1384.1175265759566,183.33919590389996,803.3991672048084,292.27792411703666,84.67490371141685,20.426335638794885,5.987900480119798,53.73030385537209,0.0,1443.8357309114485,1734.1484184114486,0.0,0.0,111683.13941093098,113417.28782934241,2.0846667220916317,0.021344372104643586,0.1061537040076969,0.12749807611234049,112834.52379234778,582.7640369946275,23904.734513372165,57503.93793655331,19182.881943821452,76686.81988037477,9662.515289001076,2580.454109599772,0.2118565640190466,18.848763285167173,33627.984147412804,42994.62882245285,0.29802921142556715,0.3810414346373008,25875.605274618967,25875.605274618967,0,0.0,0.0,0.0,0.0,0.0,0.0,0.0,0.0,0.0,0.0,0.0,none,2541.379239663438,28416.984514282405,1680.4181145560765,1680.4181145560765,0.0,27556.023389175043,0.2154110468670722,0.5181811771623273,0.1728613500867164,0.0702933619006643,0.0232530639832198,0.048819161780379754,0.05171186048411291,0.032493588134134214,0.7465206078078102,30875.69841377019,-1.4551915228366852e-11,rate_cap_only
2042Q1,2042-03-31,2042,1,2042,54890.01822881207,30319.82671935733,0.017088232020256333,0.018695469559396827,0.0228385780169158,290.3126875,1377.5974486589628,186.15812002288573,790.171516570254,296.02087808599384,84.50653407392122,20.740399905908166,5.987900480119798,54.70322740927943,0.0,1438.288576548362,1728.601264048362,0.0,0.0,113417.28782934241,115145.88909339078,2.0977564374892133,0.021155954898015555,0.10481239562011269,0.12596835051812824,114563.12505639615,582.7640369946275,24265.310641793327,58371.32039162866,19472.234218342393,77843.55460997105,9834.882436884638,2619.3773677471268,0.211807338791153,18.902054980304623,33811.84248852957,43204.744440064664,0.29513722213744575,0.37712609898513333,26459.1097922997,26459.1097922997,0,0.0,0.0,0.0,0.0,0.0,0.0,0.0,0.0,0.0,0.0,0.0,none,2580.454109599772,29039.56390189947,1673.8980366390826,1673.8980366390826,0.0,28133.007828938782,0.2154110468670722,0.5181811771623273,0.1728613500867164,0.0702933619006643,0.0232530639832198,0.047775325639763326,0.050725550013593586,0.03243311151959089,0.7697643035617904,32313.986990318554,0.0,rate_cap_only
2042Q2,2042-06-30,2042,2,2042,55378.874626752506,30448.53292858657,0.017088232020256333,0.01869546955939594,0.02271549749328483,290.3126875,1368.7894305203542,188.96610662296553,775.8354465451122,299.57526112697053,83.35937063203802,21.053245593267533,5.987900480119798,55.38151239988381,0.0,1430.158843400358,1720.471530900358,0.0,0.0,115145.88909339078,116866.36062429113,2.110305805453027,0.020969200942176986,0.10329995710743278,0.12426915804960978,116283.5965872965,582.7640369946275,24623.989425806427,59234.138697496484,19760.0639269563,78994.20262445278,10007.308724552155,2658.0958124851395,0.21175806518265616,18.90096465901868,33979.91745828175,43431.88161689431,0.2922159139855321,0.37349964132119956,26735.26907205391,26735.26907205391,0,0.0,0.0,0.0,0.0,0.0,0.0,0.0,0.0,0.0,0.0,0.0,none,2619.3773677471268,29354.646439801036,1665.0900185004741,1665.0900185004741,0.0,28400.359090554382,0.2154110468670722,0.5181811771623273,0.1728613500867164,0.0702933619006643,0.0232530639832198,0.046767387622695396,0.049681629267386396,0.03248667389547675,0.7915229483099042,33744.14583371891,0.0,rate_cap_only
2042Q3,2042-09-30,2042,3,2042,55872.08483227983,30577.785489496757,0.017088232020256333,0.018695469559397715,0.02271549749328483,290.3126875,1360.0344596850398,191.75931765346755,760.9428525140307,303.02427241454274,82.94357201014893,21.3644450928493,5.987900480119798,56.352467431609654,0.0,1422.3748275967694,1712.6875150967694,0.0,0.0,116866.36062429113,118579.0481393879,2.1223308293460965,0.020784095554800076,0.10183080383461898,0.12261489938941907,117996.28410239327,582.7640369946275,24980.7822923866,60092.42034227083,20046.380239491642,80138.80058176248,10180.09055091805,2696.6106773261463,0.2117082116815569,18.89879736171654,34215.97659257145,43740.14975720688,0.28997503483143555,0.37069090853107395,27132.191518384447,27132.191518384447,0,0.0,0.0,0.0,0.0,0.0,0.0,0.0,0.0,0.0,0.0,0.0,none,2658.0958124851395,29790.287330869585,1656.3350476651597,1656.3350476651597,0.0,28788.526566049608,0.2154110468670722,0.5181811771623273,0.1728613500867164,0.0702933619006643,0.0232530639832198,0.04576786417287823,0.048683806700184795,0.032419412328835995,0.812932529139444,35166.52066131568,0.0,rate_cap_only
2042Q4,2042-12-31,2042,4,2043,56369.68762087199,30707.586721324555,0.017088232020256333,0.018695469559396827,0.022715497493283943,300.12464,1350.5667877244034,194.53784210196065,746.3020062465887,306.3842622071718,81.66866884967357,21.674008319008898,6.009754131507097,57.32542454835638,0.0,1413.901966404267,1714.0266064042669,0.0,0.0,118579.0481393879,120293.07474579218,2.1340028625819687,0.02129688154517095,0.10033065827249621,0.12162753981766716,119710.31070879755,582.7640369946275,25337.654028316098,60950.89171089115,20332.759842477517,81283.65155336866,10353.871071203861,2735.1340559089176,0.2116580758858061,18.80553482886139,34719.02776756907,44072.34545243859,0.29002537510762266,0.368158308098015,27179.431046643615,27179.431046643618,0,0.0,0.0,0.0,0.0,0.0,0.0,0.0,0.0,0.0,0.0,0.0,none,2696.6106773261463,29876.041723969764,1656.7011818559106,1656.7011818559106,0.0,28836.13222849953,0.2154110468670722,0.5181811771623273,0.1728613500867164,0.0702933619006643,0.0232530639832198,0.044925421185007385,0.04769483272431893,0.03234521299755578,0.831137474133123,36580.42262771994,1.4551915228366852e-11,rate_cap_only
2043Q1,2043-03-31,2043,1,2043,56906.402826720565,30837.418255642995,0.01701953976476145,0.021251542965382564,0.02271549749328572,300.12464,1344.964195463412,197.31698074551161,734.6501168526964,309.72848268017543,81.28497521065975,21.98363997436792,6.009754131507097,58.30400544150639,0.0,1409.2779550364255,1709.4025950364255,0.0,0.0,120293.07474579218,122002.4773408286,2.1439147667148273,0.021096019083397456,0.09905935958227147,0.12015537866566893,121419.71330383397,582.7640369946275,25693.318903981486,61806.459921658505,20618.170973801167,82424.63089545968,10528.23634733744,2773.5271570553728,0.2116074746420126,18.75824693560836,35101.2053494105,44399.399563213556,0.28908983882687306,0.36566878931851005,27717.138244465674,27717.13824446567,0,0.0,0.0,0.0,0.0,0.0,0.0,0.0,0.0,0.0,0.0,0.0,none,2735.1340559089176,30452.27230037459,1651.098589594919,1651.098589594919,0.0,29368.23683406059,0.2154110468670722,0.5181811771623273,0.1728613500867164,0.0702933619006643,0.0232530639832198,0.044056984758139225,0.046861482525558995,0.03227975777532974,0.8502766153163939,37989.70058275637,-1.4551915228366852e-11,rate_cap_only
2043Q2,2043-06-30,2043,2,2043,57448.22828285342,30967.798717086724,0.01701953976476145,0.021251542965382564,0.02231557677676199,300.12464,1337.786331982821,200.0867209647558,722.4529213669825,313.04018477913945,79.9142803471107,22.292224524832555,6.009754131507097,58.25069623873763,0.0,1402.0467823530657,1702.1714223530657,0.0,0.0,122002.4773408286,123704.64876318167,2.1533240007699908,0.02089705106464202,0.09762158550477246,0.11851863656941448,123121.88472618704,582.7640369946275,26047.43758856025,62658.308698677974,20902.341329952826,83560.6500286308,10702.043758112935,2811.7533508830497,0.21155814538160791,18.664324756677065,35514.600799241474,44730.581899358454,0.2884507565671451,0.36330325838363825,27971.679706650677,27971.679706650677,0,0.0,0.0,0.0,0.0,0.0,0.0,0.0,0.0,0.0,0.0,0.0,none,2773.5271570553728,30745.20686370605,1643.920726114328,1643.920726114328,0.0,29615.600432765004,0.2154110468670722,0.5181811771623273,0.1728613500867164,0.0702933619006643,0.0232530639832198,0.04322984143408455,0.04596781353664744,0.03233574387471073,0.8680580118188568,39391.74736510943,0.0,rate_cap_only
2043Q3,2043-09-30,2043,3,2043,57995.21264572316,31098.73042651709,0.017019539764762337,0.021251542965382564,0.02231557677676199,300.12464,1331.0718681955907,202.84442022091295,709.8980546602764,316.31318449740644,79.41674125927214,22.599467557722512,6.009754131507097,59.21233903959327,0.0,1396.293961366691,1696.418601366691,0.0,0.0,123704.64876318167,125401.06736454836,2.162265843054824,0.02069995962138317,0.09630408426269718,0.11700404388408035,124818.30332755373,582.7640369946275,26400.109903465454,63506.678166948164,21185.351014829113,84692.02918177728,10876.340829456323,2849.82341285467,0.21150832209427742,18.593856315418726,35939.87988913432,45018.878949144775,0.287937577510722,0.3606752996073359,28435.61875967754,28435.61875967754,0,0.0,0.0,0.0,0.0,0.0,0.0,0.0,0.0,0.0,0.0,0.0,none,2811.7533508830497,31247.37211056059,1637.2062623270979,1637.2062623270979,0.0,30072.82502200464,0.2154110468670722,0.5181811771623273,0.1728613500867164,0.0702933619006643,0.0232530639832198,0.042379048816952265,0.04514928017102204,0.03229153539164226,0.8862041397086454,40788.04132647612,0.0,rate_cap_only
2043Q4,2043-12-31,2043,4,2044,58547.40503505716,31230.21571460801,0.01701953976476145,0.021251542965381676,0.02231557677676199,315.2472575,1322.8489780740451,205.59085587323725,696.9857928822544,319.44842838837764,77.9184452493561,22.90545568081941,6.019952502154488,60.17669103770287,0.0,1389.0456216139023,1704.2928791139022,0.0,0.0,125401.06736454836,127105.36024366226,2.170981961840218,0.021537914946784434,0.09490057643252786,0.1164384913793123,126522.59620666763,582.7640369946275,26754.270692710048,64358.62822867714,21469.55515879939,85828.18338747653,11052.087974709206,2888.054151771854,0.21145843900490655,18.49691253355719,36123.33092161132,45491.77309140444,0.2855089288762765,0.3595545337774776,28743.940640217366,28743.94064021737,0,0.0,0.0,0.0,0.0,0.0,0.0,0.0,0.0,0.0,0.0,0.0,none,2849.82341285467,31593.76405307204,1644.1161880761995,1644.1161880761995,0.0,30388.05682829357,0.2154110468670722,0.5181811771623273,0.1728613500867164,0.0702933619006643,0.0232530639832198,0.04228243406840408,0.044307298201086726,0.03232404141845521,0.8892314043271933,42177.08694809002,0.0,rate_cap_only
2044Q1,2044-03-31,2044,1,2044,59070.961946551535,31360.93155843563,0.016847634395924738,0.019083305138657858,0.02231557677676199,315.2472575,1337.8463712176401,208.3488830194795,706.3359448097298,322.6114645700015,77.3373435735635,23.21273524486627,6.019952502154488,61.149066014404546,0.0,1405.015389734199,1720.262647234199,0.0,0.0,127105.36024366226,128825.62289089645,2.1808621130541295,0.021347020404728898,0.09514085049134512,0.11648787089607401,128242.85885390182,582.7640369946275,27111.66208611198,65218.34965723962,21756.35177239625,86974.70142963587,11229.8617121226,2926.6336260313865,0.21140874687610023,18.41854225813051,36425.921766883504,46059.65903669675,0.2840385974893232,0.35915964014159507,29162.08971662678,29162.089716626782,0,0.0,0.0,0.0,0.0,0.0,0.0,0.0,0.0,0.0,0.0,0.0,none,2888.054151771854,32050.143868398634,1659.1135812197945,1659.1135812197945,0.0,30821.203297846576,0.2154110468670722,0.5181811771623273,0.1728613500867164,0.0702933619006643,0.0232530639832198,0.04215684348351437,0.044215771452620733,0.03222004647570758,0.8932389631975415,43582.102337824224,0.0,rate_cap_only
2044Q2,2044-06-30,2044,2,2044,59599.20073659217,31492.19452086094,0.01684763439592385,0.019083305138657858,0.023076797027411944,315.2472575,1352.009473447021,211.13206849559705,715.771387488203,325.81201857565117,75.77118111834285,23.52281776922726,6.019952502154488,64.23408304600426,0.0,1422.2635089951798,1737.5107664951797,0.0,0.0,128825.62289089645,130563.13365739163,2.190685983096241,0.021157817796469032,0.0954552068764205,0.11661302467288955,129980.369620397,582.7640369946275,27472.10436819203,66085.41013878759,22045.596638965897,88131.00677775349,11411.716038638242,2965.5424358132595,0.21135579509754684,18.305710398854306,36704.5117347721,46614.52593480128,0.2823850389252339,0.3586274302107105,29448.35977595457,29448.35977595457,0,0.0,0.0,0.0,0.0,0.0,0.0,0.0,0.0,0.0,0.0,0.0,none,2926.6336260313865,32374.993401985957,1673.2766834491754,1673.2766834491754,0.0,31121.636459403744,0.2154110468670722,0.5181811771623273,0.1728613500867164,0.0702933619006643,0.0232530639832198,0.04206280679281125,0.044160889024373894,0.032289505836395664,0.8961919809515622,45004.365846819404,0.0,rate_cap_only
2044Q3,2044-09-30,2044,3,2044,60132.16327261746,31624.006891879962,0.016847634395925626,0.019083305138657858,0.023076797027411944,315.2472575,1367.262071049977,213.93901276729545,725.2873762731921,329.0731493750871,75.12698530655389,23.835547327849067,6.019952502154488,65.27427803781522,0.0,1438.5563015899468,1753.8035590899467,0.0,0.0,130563.13365739163,132316.93721648157,2.200435341343109,0.020970292126081216,0.09569296850792168,0.1166632606340029,131734.17317948694,582.7640369946275,27835.832228289175,66960.37422931624,22337.47809014952,89297.85231946576,11595.682716508922,3004.805915223105,0.211303047314557,18.22088784318573,36931.17314967608,47068.85539700622,0.28034618700917946,0.35730178632445825,29933.89432711435,29933.89432711435,0,0.0,0.0,0.0,0.0,0.0,0.0,0.0,0.0,0.0,0.0,0.0,none,2965.5424358132595,32899.43676292761,1688.5292810521314,1688.5292810521314,0.0,31622.423608166482,0.2154110468670722,0.5181811771623273,0.1728613500867164,0.0702933619006643,0.0232530639832198,0.041938120899796046,0.044072358292650556,0.032249617017105346,0.8997620547046096,46442.92214840935,0.0,rate_cap_only
2044Q4,2044-12-31,2044,4,2045,60669.89179646295,31756.370971073586,0.01684763439592385,0.01908330513865697,0.023076797027411944,328.847015,1381.5881330385807,216.77154347780197,734.8901071667439,332.41803819369574,73.35731665673336,24.1511275436057,6.028693962709422,66.32655554282555,0.0,1453.9433825441158,1782.7903975441159,0.0,0.0,132316.93721648157,134099.7276140257,2.2103175668073916,0.02168106817155535,0.09585930282663735,0.11754037099819271,133516.96357703107,582.7640369946275,28205.57750140415,67849.81348352104,22634.188347252897,90484.00183077394,11782.665286086949,3044.7189587660446,0.21125089086624763,18.06170967263994,37593.52662242646,48585.68065262454,0.2815636726245449,0.3638914438358508,30007.936218257397,30007.9362182574,0,0.0,0.0,0.0,0.0,0.0,0.0,0.0,0.0,0.0,0.0,0.0,none,3004.805915223105,33012.742133480504,1716.4638420012902,1716.4638420012902,0.0,31724.40006025869,0.2154110468670722,0.5181811771623273,0.1728613500867164,0.0702933619006643,0.0232530639832198,0.041847469888980415,0.04395335663386292,0.03220812735988664,0.9026152500356202,47896.865530953466,0.0,rate_cap_only
2045Q1,2045-03-31,2045,1,2045,61225.900553589374,31884.47140650104,0.01623329428827147,0.020597325915870046,0.023076797027411944,328.847015,1397.2501232771094,219.6509347921848,744.6517029816415,335.798276678937,72.67728019326397,24.47192863108208,6.028693962709422,67.39608375344133,0.0,1470.6749009932603,1799.5219159932603,0.0,0.0,134099.7276140257,135899.24953001895,2.219636596624169,0.02148417660020658,0.09608187957683159,0.11756605617703818,135316.48549302432,582.7640369946275,28578.696540232428,68747.36848626433,22933.605957133954,91680.97444339829,11971.818317823518,3084.9961915701047,0.21119892699035317,17.94831091366561,38234.632015934345,50092.862274606174,0.2825570873838973,0.3701903880528179,30560.814360213666,30560.814360213666,0,0.0,0.0,0.0,0.0,0.0,0.0,0.0,0.0,0.0,0.0,0.0,none,3044.7189587660446,33605.53331897971,1732.125832239819,1732.125832239819,0.0,32292.940192453483,0.2154110468670722,0.5181811771623273,0.1728613500867164,0.0702933619006643,0.0232530639832198,0.041726379556550015,0.04386809510087148,0.0321455654630347,0.9064906649360868,49367.54043194673,0.0,rate_cap_only
2045Q2,2045-06-30,2045,2,2045,61787.004848697616,32013.088579863437,0.01623329428827147,0.020597325915870046,0.02213343204113838,328.847015,1411.9535704296127,222.55659930706003,754.5023691367493,339.22910014343955,70.86984495261876,24.795656889744716,6.028693962709422,65.70151886841253,0.0,1483.6837832607346,1812.5307982607346,0.0,0.0,135899.24953001895,137711.78032827968,2.228814629637812,0.021289073053809414,0.09605151030666984,0.11734058336047926,137129.01629128505,582.7640369946275,28954.98286400438,69652.54253856148,23235.565224740716,92888.10776330219,12160.31033940693,3125.6153245715764,0.21115139338926736,17.796277910337572,38890.28345195328,51678.29323237538,0.2836036055953598,0.3768589218389929,30832.369531008233,30832.369531008233,0,0.0,0.0,0.0,0.0,0.0,0.0,0.0,0.0,0.0,0.0,0.0,none,3084.9961915701047,33917.36572257834,1746.8292793923222,1746.8292793923222,0.0,32579.198810400554,0.2154110468670722,0.5181811771623273,0.1728613500867164,0.0702933619006643,0.0232530639832198,0.041635584420655875,0.04367010968468967,0.03221244157640898,0.9092829373809104,50851.22421520746,0.0,rate_cap_only
2045Q3,2045-09-30,2045,3,2045,62353.25137980633,32142.224575604054,0.01623329428827036,0.020597325915870046,0.022133432041139267,328.847015,1427.7442356380918,225.48692905343412,764.4366543607101,342.6091501112575,70.08936894144502,25.12213317124404,6.028693962709422,66.7359659159592,0.0,1500.5088955167605,1829.3559105167606,0.0,0.0,137711.78032827968,139541.13623879646,2.2379127495505093,0.021095741294831667,0.09625858233931416,0.11735432363414583,138958.37220180183,582.7640369946275,29334.67067149962,70565.8990163445,23540.254088054186,94106.15310439869,12350.946786982042,3166.6016389214783,0.21110401774783635,17.653430274722496,39499.22603931478,53257.933249162386,0.2842522218233253,0.3832653794462901,31280.01065298801,31280.01065298801,0,0.0,0.0,0.0,0.0,0.0,0.0,0.0,0.0,0.0,0.0,0.0,none,3125.6153245715764,34405.62597755959,1762.6199446008013,1762.6199446008013,0.0,33042.63059758881,0.2154110468670722,0.5181811771623273,0.1728613500867164,0.0702933619006643,0.0232530639832198,0.04152244984683624,0.043584038836469094,0.032170984920930276,0.9124150223974374,52351.73311072422,2.9103830456733704e-11,rate_cap_only
2045Q4,2045-12-31,2045,4,2046,62924.68727289787,32271.88148657454,0.01623329428827236,0.020597325915870046,0.02213343204113838,341.5111875,1442.846444877048,228.4437478543033,774.460741704379,346.07145745030977,68.41893719522491,25.451560672831373,6.044719973726774,67.78218160557459,0.0,1516.6733464563495,1858.1845339563495,0.0,0.0,139541.13623879646,141399.3207727528,2.24711996039835,0.02170920205094711,0.09641197515237183,0.11812117720331895,140816.55673575817,582.7640369946275,29720.34311653277,71493.65181487982,23849.745455879976,95343.3972707598,12544.582369089205,3208.2339793763977,0.2110571640542447,17.557499005045205,40739.53520282441,54736.25934217286,0.2893092697847457,0.3887061337885521,31801.0083522148,31801.008352214805,0,0.0,0.0,0.0,0.0,0.0,0.0,0.0,0.0,0.0,0.0,0.0,none,3166.6016389214783,34967.60999113628,1790.402352350775,1790.402352350775,0.0,33591.410704565584,0.2154110468670722,0.5181811771623273,0.1728613500867164,0.0702933619006643,0.0232530639832198,0.04139248197696825,0.04347602111712404,0.03216490059260602,0.916273327321268,53868.40645718057,0.0,rate_cap_only
2046Q1,2046-03-31,2046,1,2046,63487.17457712225,32400.426276002614,0.01602817697257164,0.01989152606750877,0.02213343204113749,341.5111875,1457.5469001696486,231.44717201999896,784.6428286683041,349.6759495645541,65.99476930755341,25.786180609237796,6.044719973726774,68.84485659057962,0.0,1532.436476733955,1873.947664233955,0.0,0.0,141399.3207727528,143273.26843698675,2.2567277468450393,0.021516861619673613,0.09655093249565855,0.11806779411533216,142690.50439999212,582.7640369946275,30109.182202029922,72429.02211264349,24161.777964254532,96590.80007689803,12740.313970605364,3250.208150458819,0.21101041256135322,17.49930530422247,41993.80220473856,56241.524474172926,0.2942999072105101,0.3941504356625992,32347.02939234683,32347.029392346834,0,0.0,0.0,0.0,0.0,0.0,0.0,0.0,0.0,0.0,0.0,0.0,none,3208.2339793763977,35555.26337172323,1805.1028076433754,1805.1028076433754,0.0,34152.13219999021,0.2154110468670722,0.5181811771623273,0.1728613500867164,0.0702933619006643,0.0232530639832198,0.04124098624621757,0.04335060361985135,0.03211272526780216,0.9209838688560869,55400.84293391453,0.0,rate_cap_only
2046Q2,2046-06-30,2046,2,2046,64054.68998686649,32529.483082769868,0.01602817697257164,0.01989152606750788,0.023159436985126236,341.5111875,1471.5319932309033,234.47525639830803,794.9085176862603,353.35064403119003,62.6740271058315,26.123548009312756,6.044719973726774,73.13251370497893,0.0,1550.709226909609,1892.220414409609,0.0,0.0,143273.26843698675,145165.48885139637,2.2662741616759132,0.02132622529716541,0.0968365768206862,0.11816280211785161,144582.72481440174,582.7640369946275,30501.03383106393,73371.63922239238,24476.22795469674,97847.86717708912,12941.316288443695,3292.5075178050038,0.210959046941587,17.402441781404928,43315.73790331516,57891.30111884244,0.29959137897642196,0.40040261513369924,32643.06272765107,32643.06272765107,0,0.0,0.0,0.0,0.0,0.0,0.0,0.0,0.0,0.0,0.0,0.0,none,3250.208150458819,35893.27087810989,1819.08790070463,1819.08790070463,0.0,34462.1506283557,0.2154110468670722,0.5181811771623273,0.1728613500867164,0.0702933619006643,0.0232530639832198,0.041110643875405986,0.0432937488989198,0.03215085995904415,0.9247945313902136,56951.55216082414,0.0,rate_cap_only
2046Q3,2046-09-30,2046,3,2046,64627.27844864755,32659.05394633475,0.016028176972572528,0.019891526067509657,0.023159436985126236,341.5111875,1486.3147470462172,237.52680095941037,805.2537404657542,357.0583176006634,60.012358846030956,26.463529174357728,6.044719973726774,74.28631609932806,0.0,1566.6457831192722,1908.1569706192722,0.0,0.0,145165.48885139637,147073.64582201565,2.275720862033197,0.021137277985262076,0.09696498572899799,0.11810226371426007,146490.88178502102,582.7640369946275,30896.069828572876,74321.91647691496,24793.233311921467,99115.14978883642,13144.511538140205,3335.1506294715055,0.21090780157848746,17.306582659067576,44681.864218436196,59547.017280833716,0.3050146444200393,0.40648958184455763,33055.5333999675,33055.5333999675,0,0.0,0.0,0.0,0.0,0.0,0.0,0.0,0.0,0.0,0.0,0.0,none,3292.5075178050038,36348.0409177725,1833.870654519944,1833.870654519944,0.0,34889.404054487444,0.2154110468670722,0.5181811771623273,0.1728613500867164,0.0702933619006643,0.0232530639832198,0.040980871557366454,0.043168546340184834,0.0321441695005387,0.9286269369939414,58518.197943943414,0.0,rate_cap_only
2036Q4,2036-12-31,2036,4,2037,49432.82254147957,27698.55388240954,0.017515988152144724,0.45930740721769814,0.022578201318361746,245.031015,1584.719825228435,330.1144357628681,916.7886883253786,225.02850094890826,98.67032999239234,14.117870198887333,5.894658234200658,34.984618848701245,0.0,1625.599102311337,1870.630117311337,0.0,0.0,77061.53216807223,78932.16228538357,1.5967561273514337,0.019827394221270053,0.1315400593156323,0.15136745353690237,78349.39824838894,582.7640369946275,16667.232773848446,40093.794744523424,13374.988894023232,53468.78363854666,6414.197273501659,1799.1845624921814,0.21272955691387413,20.142962006180532,21530.496877198155,26292.85825489247,0.2748010496384492,0.3355846865796843,17421.739362036373,17421.739362036373,0,0.0,0.0,0.0,0.0,0.0,0.0,0.0,0.0,0.0,0.0,0.0,none,1756.50018026592,19178.239542302294,1835.6454984626357,1835.6454984626357,0.0,19257.38486049901,0.2154110468670722,0.5181811771623273,0.1728613500867164,0.0702933619006643,0.0232530639832198,0.07083465784035169,0.08437927752414182,0.03240316151950665,0.2656655601596652,1625.599102311337,1.4551915228366852e-11,rate_cap_plus_inflation_fixed_nominal_deficits
2037Q1,2037-03-31,2037,1,2037,54555.686035245046,27818.71239056672,0.01746555549210771,0.45807120957586855,0.4632775953276398,245.031015,1397.2463706885483,129.79607522634478,916.7121291179786,228.51100189552304,107.7662185276708,14.460945921030905,5.894658234200658,640.4287098211108,0.0,2043.5697387438597,2288.6007537438595,0.0,0.0,78932.16228538357,81220.76303912743,1.4887680632712734,0.017965571166437218,0.14983367544300596,0.16779924660944318,80637.9990021328,582.7640369946275,17022.26723924689,40947.84647440935,13659.894138710903,54607.74061312025,7170.481537280783,1837.5096124848708,0.21109486160236524,20.05391293986745,21861.60553951796,26770.211175722994,0.27110798643378714,0.3319801025198424,17931.888759215868,17931.888759215868,0,0.0,0.0,0.0,0.0,0.0,0.0,0.0,0.0,0.0,0.0,0.0,none,1799.1845624921814,19731.07332170805,1648.172043922749,1648.172043922749,0.0,19580.06080313862,0.2154110468670722,0.5181811771623273,0.1728613500867164,0.0702933619006643,0.0232530639832198,0.06946736208511733,0.10356081372027899,0.03228719515202914,0.2919456419028002,3669.168841055197,0.0,rate_cap_plus_inflation_fixed_nominal_deficits
2037Q2,2037-06-30,2037,2,2037,60209.446391186146,27939.39215579544,0.01746555549210771,0.45807120957586966,0.46302158031392104,245.031015,1411.025374439516,132.56090612563514,915.2812239957117,231.61992827617829,116.79433253164405,14.76898351034715,5.894658234200658,715.5953127656221,0.0,2132.5153454393385,2377.5463604393385,0.0,0.0,81220.76303912743,83598.30939956677,1.3884583634338887,0.01627857618274791,0.1416731408944833,0.1579517170772312,83015.54536257214,582.7640369946275,17380.26985426811,41809.03822467908,13947.181240589813,55756.21946526889,8002.9009765017245,1876.1550665334073,0.20936162954009896,19.957322700729033,22246.676496135988,27312.054909483508,0.26798205563756955,0.3289992830884569,18306.489309757904,18306.489309757908,0,0.0,0.0,0.0,0.0,0.0,0.0,0.0,0.0,0.0,0.0,0.0,none,1837.5096124848708,20143.99892224278,1661.9510476737169,1661.9510476737169,0.0,19968.440357431624,0.2154110468670722,0.5181811771623273,0.1728613500867164,0.0702933619006643,0.0232530639832198,0.06813953217378789,0.10502316233655756,0.03232454925964283,0.3171891915234126,5801.684186494535,0.0,rate_cap_plus_inflation_fixed_nominal_deficits
2037Q3,2037-09-30,2037,3,2037,66449.12195570442,28060.59543934993,0.017465555492108598,0.45807120957586855,0.46302158031392104,245.031015,1425.6994921512983,135.3488514901129,913.3589407885569,234.7445773306734,127.16752619469274,15.07959634726226,5.894658234200658,798.6685967374805,0.0,2230.2627471229794,2475.2937621229794,0.0,0.0,83598.30939956677,86073.60316168974,1.2953309333277145,0.01474999264329421,0.13425385807864804,0.14900385072194225,85490.8391246951,582.7640369946275,17741.433436347477,42677.833826538525,14237.004930267714,56914.83875680624,8919.425192761411,1915.1417387799922,0.20752438060024422,19.847340533653323,22570.949171352135,27813.612902806235,0.26401599753197685,0.3253402725669577,18699.38163666725,18699.381636667247,0,0.0,0.0,0.0,0.0,0.0,0.0,0.0,0.0,0.0,0.0,0.0,none,1876.1550665334073,20575.536703200654,1676.625165385499,1676.625165385499,0.0,20376.006802052747,0.2154110468670722,0.5181811771623273,0.1728613500867164,0.0702933619006643,0.0232530639832198,0.06683030304729831,0.10671329423484907,0.032297760037336164,0.341529418516442,8031.946933617515,-1.4551915228366852e-11,rate_cap_plus_inflation_fixed_nominal_deficits
2037Q4,2037-12-31,2037,4,2038,73335.43278236229,28182.3245122939,0.01746555549210682,0.45807120957586855,0.46302158031392104,254.402365,1440.8920997925484,138.161412885556,911.135888146416,237.92539232488835,138.2764547102434,15.392951725444188,5.91068424521801,890.1353175959982,0.0,2336.9381016337643,2591.340466633764,0.0,0.0,86073.60316168974,88664.94362832351,1.2090327998943518,0.013876095379704946,0.12746570180169797,0.1413417971814029,88082.17959132888,582.7640369946275,18107.891818437354,43559.366313261526,14531.077549104857,58090.44386236638,9929.143939565995,1954.6999709591505,0.2055795156574436,19.663803919273253,23130.102094597885,29318.54913103456,0.2625968408356109,0.33285449187409505,18866.8556335454,18866.8556335454,0,0.0,0.0,0.0,0.0,0.0,0.0,0.0,0.0,0.0,0.0,0.0,none,1915.1417387799922,20781.997372325393,1701.2051490377662,1701.2051490377662,0.0,20568.06078258317,0.2154110468670722,0.5181811771623273,0.1728613500867164,0.0702933619006643,0.0232530639832198,0.06567719996242061,0.10860184845492354,0.03215858999351749,0.36243476409289144,10368.88503525128,1.4551915228366852e-11,rate_cap_plus_inflation_fixed_nominal_deficits
2038Q1,2038-03-31,2038,1,2038,80968.13059738131,28304.416431579815,0.017441798459170377,0.46046595297451165,0.46302158031392104,254.402365,1459.890700356412,141.0152075360809,911.6620973897949,241.15283931662597,150.34965509732572,15.710901016584174,5.91068424521801,990.902608979185,0.0,2456.7039935808148,2711.1063585808147,0.0,0.0,88664.94362832351,91376.04998690433,1.128543407297829,0.012568024635027349,0.12136646729795043,0.13393449193297777,90793.2859499097,582.7640369946275,18478.442708963703,44450.74351718914,14828.434291685227,59279.17780887437,11040.965453258803,1994.6999788128119,0.20352212738680026,19.538006260980783,23669.872572654887,30854.899291179703,0.26070069306350985,0.3398367948506923,19379.111533983087,19379.11153398309,0,0.0,0.0,0.0,0.0,0.0,0.0,0.0,0.0,0.0,0.0,0.0,none,1954.6999709591505,21333.81150494224,1720.2037496016299,1720.2037496016299,0.0,21099.31528358472,0.2154110468670722,0.5181811771623273,0.1728613500867164,0.0702933619006643,0.0232530639832198,0.06449824523351835,0.11083090534085828,0.03211706042473594,0.3837979904526001,12825.589028832095,0.0,rate_cap_plus_inflation_fixed_nominal_deficits
2038Q2,2038-06-30,2038,2,2038,89395.2339776922,28427.0372794411,0.017441798459170377,0.46046595297451165,0.4633443161675086,254.402365,1478.7535858564734,143.90087259605485,911.9325500324711,244.40955798795483,162.47820416028443,16.032401079707974,5.91068424521801,1102.5290970759334,0.0,2587.1933671776246,2841.5957321776245,0.0,0.0,91376.04998690433,94217.64571908195,1.05394484165222,0.011383263007667004,0.11576426402433204,0.12714752703199905,93634.88168208732,582.7640369946275,18853.056873402555,45351.89511332986,15129.05169811967,60480.94681144953,12265.739390685309,2035.1386065499144,0.20134651248252936,19.428694049046857,24236.421865951157,32446.528401752195,0.25883966990250035,0.3465218070325103,19825.00426828135,19825.004268281355,0,0.0,0.0,0.0,0.0,0.0,0.0,0.0,0.0,0.0,0.0,0.0,none,1994.6999788128119,21819.704247094167,1739.0666351016912,1739.0666351016912,0.0,21564.070903383046,0.2154110468670722,0.5181811771623273,0.1728613500867164,0.0702933619006643,0.0232530639832198,0.06331987369895029,0.11325476938643819,0.032103751566182344,0.40485471646472,15412.78239600972,0.0,rate_cap_plus_inflation_fixed_nominal_deficits
2038Q3,2038-09-30,2038,3,2038,98699.42406926208,28550.18934731063,0.01744179845916949,0.46046595297451165,0.4633443161675086,254.402365,1498.160031667339,146.8181804016224,911.9034478372919,247.70368173541178,175.37729514286846,16.357426550144936,5.91068424521801,1224.8326138353682,0.0,2728.903329747925,2983.305694747925,0.0,0.0,94217.64571908195,97200.95141382987,0.9848178176360921,0.010310186402768623,0.1105944986196849,0.12090468502245352,96618.18737683524,582.7640369946275,19231.851400649495,46263.1027644054,15433.023728977363,61696.12649338276,13614.180989189845,2076.0284936131443,0.199050012454078,19.27292915305803,24828.797331427522,34199.81137020023,0.2569785048294165,0.3539686708964262,20145.652213236608,20145.652213236608,0,0.0,0.0,0.0,0.0,0.0,0.0,0.0,0.0,0.0,0.0,0.0,none,2035.1386065499144,22180.79081978652,1758.4730809125567,1758.4730809125567,0.0,21904.125294149166,0.2154110468670722,0.5181811771623273,0.1728613500867164,0.0702933619006643,0.0232530639832198,0.0621928090380029,0.1158552969104911,0.03211360109906487,0.4242937210629346,18141.685725757645,0.0,rate_cap_plus_inflation_fixed_nominal_deficits
2038Q4,2038-12-31,2038,4,2039,108971.9874108161,28673.874936548265,0.017441798459170377,0.46046595297451276,0.4633443161675086,260.45804,1519.5034732456345,149.76804278255793,911.8562384639454,251.03977477407494,190.15333820764053,16.686079017415643,5.922339525957902,1359.4853400260859,0.0,2884.9111527976784,3145.3691927976784,0.0,0.0,97200.95141382987,100346.32060662755,0.9208450996523496,0.00956055023638664,0.1058955139332013,0.11545606416958794,99763.55656963291,582.7640369946275,19616.550510958023,47188.514161509775,15741.734022865527,62930.248184375305,15099.202109191358,2117.555765108241,0.19663042483119647,19.117231863521557,26203.086421191965,35850.75342148988,0.26265188734428035,0.3593572107312232,20556.780393805682,20556.780393805682,0,0.0,0.0,0.0,0.0,0.0,0.0,0.0,0.0,0.0,0.0,0.0,none,2076.0284936131443,22632.808887418825,1785.8838527715923,1785.8838527715923,0.0,22342.664246577275,0.2154110468670722,0.5181811771623273,0.1728613500867164,0.0702933619006643,0.0232530639832198,0.06108293186974317,0.11871946152112292,0.03210715269329152,0.4430744726277893,21026.596878555323,0.0,rate_cap_plus_inflation_fixed_nominal_deficits
2039Q1,2039-03-31,2039,1,2039,120287.45928373598,28796.577412871466,0.017227156981449054,0.45949958198199203,0.4633443161675086,260.45804,1542.1876596502414,152.76388710408563,911.7345357390349,254.42787024949754,206.24151209556643,17.019854462057484,5.922339525957902,1507.7766286371473,0.0,3055.8866278133464,3316.3446678133464,0.0,0.0,100346.32060662755,103662.6652744409,0.8617911284493901,0.008661186845276277,0.10161945878680743,0.11028064563208372,103079.90123744626,582.7640369946275,20006.136045607294,48125.68007702826,16054.36553584121,64180.045612869464,16734.10906552829,2159.610513441212,0.1940837719617409,19.013179467219313,27641.21755670642,37770.671828477134,0.2681533182015223,0.3664213040083514,21087.611758271003,21087.611758271003,0,0.0,0.0,0.0,0.0,0.0,0.0,0.0,0.0,0.0,0.0,0.0,none,2117.555765108241,23205.167523379245,1808.5680391761991,1808.5680391761991,0.0,22896.179797447203,0.2154110468670722,0.5181811771623273,0.1728613500867164,0.0702933619006643,0.0232530639832198,0.05995259317555798,0.12181359951573612,0.03205463704177961,0.46222910904936937,24082.48350636867,0.0,rate_cap_plus_inflation_fixed_nominal_deficits
2039Q2,2039-06-30,2039,2,2039,132777.91113774167,28919.80496289779,0.017227156981449054,0.45949958198199203,0.46359044462176624,260.45804,1565.192912699561,155.7977844551668,911.5556644798284,257.911162224431,222.57043203835184,17.357869501783735,5.922339525957902,1671.8090905546997,0.0,3242.9243427802185,3503.3823827802184,0.0,0.0,103662.6652744409,107166.0476572211,0.8071074980690784,0.007846426796993515,0.09769469379333919,0.1055411205903327,106583.28362022647,582.7640369946275,20400.677165899364,49074.76688165276,16370.973767918083,65445.74064957084,18534.665600360993,2202.200204395288,0.19140597355388567,18.94411998679091,29079.930884582893,39421.17398110269,0.2728376336030273,0.36986263363368244,21597.395976386117,21597.395976386117,0,0.0,0.0,0.0,0.0,0.0,0.0,0.0,0.0,0.0,0.0,0.0,none,2159.610513441212,23757.006489827327,1831.5732922255188,1831.5732922255188,0.0,23428.969268611636,0.2154110468670722,0.5181811771623273,0.1728613500867164,0.0702933619006643,0.0232530639832198,0.058801939812786815,0.1251337435399626,0.03200168729674238,0.481515631606109,27325.407849148887,0.0,rate_cap_plus_inflation_fixed_nominal_deficits
2039Q3,2039-09-30,2039,3,2039,146565.35096078602,29043.55983354516,0.017227156981449054,0.45949958198199203,0.4635904446217638,260.45804,1588.557967259426,158.87027342944128,911.3437707880404,261.3834057504937,239.2603331486238,17.700184142827123,5.922339525957902,1851.6923918528692,0.0,3446.1726986382528,3706.6307386382528,0.0,0.0,107166.0476572211,110872.67839585936,0.756472642879446,0.007108311433571671,0.09405149787579156,0.10115980930936323,110289.91435886473,582.7640369946275,20800.25137705428,50035.96101775355,16691.620914871026,66727.58193262457,20516.747844727863,2245.3332044580166,0.18859613318198598,18.837000674134558,30698.917374932906,41432.79340372623,0.2783474586356448,0.37567164363652444,21925.433141824065,21925.433141824065,0,0.0,0.0,0.0,0.0,0.0,0.0,0.0,0.0,0.0,0.0,0.0,none,2202.200204395288,24127.633346219354,1854.9383467853838,1854.9383467853838,0.0,23780.37148860945,0.2154110468670722,0.5181811771623273,0.1728613500867164,0.0702933619006643,0.0232530639832198,0.057714834062227445,0.12862927294514406,0.03204023500515689,0.49920286676626946,30771.58054778714,0.0,rate_cap_plus_inflation_fixed_nominal_deficits
2039Q4,2039-12-31,2039,4,2040,161784.455849542,29167.84428134662,0.017227156981449054,0.45949958198199203,0.46359044462176624,264.33496,1614.8322913086427,161.98195759881023,911.2624403537031,264.9120370818433,258.6289906434557,18.046865630831306,5.935451716790281,2049.7108881698177,0.0,3670.4786311952507,3934.813591195251,0.0,0.0,110872.67839585936,114807.49198705461,0.7096324018533925,0.006535484725326864,0.09074984644034681,0.09728533116567367,114224.72795005998,582.7640369946275,21206.323323764937,51012.785755479155,17017.482313168122,68030.26806864727,22698.968939421356,2289.1676182264077,0.18565439992149965,18.917300259054073,31379.174514008933,42320.05052710282,0.274714372948458,0.37049815120247437,23133.431970613703,23133.431970613703,0,0.0,0.0,0.0,0.0,0.0,0.0,0.0,0.0,0.0,0.0,0.0,none,2245.3332044580166,25378.76517507172,1885.1027030254331,1885.1027030254331,0.0,25018.534673639137,0.2154110468670722,0.5181811771623273,0.1728613500867164,0.0702933619006643,0.0232530639832198,0.056308346556119986,0.13242139305375808,0.03237613981917185,0.5229662987613267,34442.05917898239,0.0,rate_cap_plus_inflation_fixed_nominal_deficits
2040Q1,2040-03-31,2040,1,2040,178590.34634374833,29295.409800174013,0.017609093307503265,0.45916286565868414,0.46359044462176735,264.33496,1633.3332174225654,165.14424288381943,901.8743604095699,268.47215441802354,279.44327497965907,18.39918473149475,5.935451716790281,2267.7241119048176,0.0,3906.992781044173,4171.327741044173,0.0,0.0,114807.49198705461,118978.8197280988,0.6662108124203419,0.005920475891596326,0.08750736780641089,0.09342784369800722,118396.05569110416,582.7640369946275,21616.380574337803,51999.19732487707,17346.541806531124,69345.73913140819,25100.5037501447,2333.432235213474,0.18257686413756077,19.040124169994705,32351.356843737347,43510.89820304254,0.27324691396934864,0.3675029370620476,23782.96549274798,23782.965492747982,0,0.0,0.0,0.0,0.0,0.0,0.0,0.0,0.0,0.0,0.0,0.0,none,2289.1676182264077,26072.13311097439,1903.6036291393557,1903.6036291393557,0.0,25686.56912188734,0.2154110468670722,0.5181811771623273,0.1728613500867164,0.0702933619006643,0.0232530639832198,0.05489658056140772,0.1361232690801996,0.032296945556579984,0.547252869558759,38349.05196002656,1.4551915228366852e-11,rate_cap_plus_inflation_fixed_nominal_deficits
2040Q2,2040-06-30,2040,2,2040,197142.00378336455,29423.53322658747,0.017609093307503265,0.45916286565868414,0.46280290231309396,264.33496,1652.2192608513897,168.33756372265566,891.7320234251554,272.0462106922514,301.34850142079983,18.7549615905283,5.935451716790281,2503.9330520454278,0.0,4162.087764613608,4426.422724613608,0.0,0.0,118978.8197280988,123405.2424527124,0.6259713307384254,0.005363341244932714,0.08444852308972661,0.08981186433465932,122822.47841571776,582.7640369946275,22030.50608729685,52995.395286490864,17678.86596685903,70674.26125334989,27739.575064494245,2378.1360105767812,0.17936868211313978,19.171366942183944,32962.55281957635,44369.586124991794,0.2683755713510996,0.3612497215274705,24279.68812401104,24279.68812401104,0,0.0,0.0,0.0,0.0,0.0,0.0,0.0,0.0,0.0,0.0,0.0,none,2333.432235213474,26613.120359224515,1922.4896725681801,1922.4896725681801,0.0,26202.17779657922,0.2154110468670722,0.5181811771623273,0.1728613500867164,0.0702933619006643,0.0232530639832198,0.05350938089412784,0.13992701471153232,0.03235895850223531,0.5707509229324991,42511.13972464017,-1.4551915228366852e-11,rate_cap_plus_inflation_fixed_nominal_deficits
2040Q3,2040-09-30,2040,3,2040,217620.77543045548,29552.2170005949,0.017609093307503265,0.45916286565868414,0.46280290231309396,264.33496,1672.4901290899625,171.56256615482422,880.9440460313342,276.1839497069479,324.68529901184525,19.114268185010882,5.935451716790281,2767.1970070832513,0.0,4445.622587890004,4709.957547890004,0.0,0.0,123405.2424527124,128115.2000006024,0.5887084987505885,0.004858634649695435,0.08171320185945538,0.08657183650915082,127532.43596360777,582.7640369946275,22448.99816920407,54002.09723047063,18014.694176838086,72016.79140730872,30643.335241358756,2423.311145736235,0.17602579296462306,19.306240447105004,33844.036797752065,45384.74138071176,0.2653759143078682,0.35586822315275624,24817.51633496048,24817.51633496048,0,0.0,0.0,0.0,0.0,0.0,0.0,0.0,0.0,0.0,0.0,0.0,none,2378.1360105767812,27195.652345537263,1942.760540806753,1942.760540806753,0.0,26760.276875767235,0.2154110468670722,0.5181811771623273,0.1728613500867164,0.0702933619006643,0.0232530639832198,0.052139349571163514,0.1440983381105068,0.03233132227562257,0.593700791564817,46956.762312530176,0.0,rate_cap_plus_inflation_fixed_nominal_deficits
2040Q4,2040-12-31,2040,4,2041,240226.84658818005,29681.46357287557,0.017609093307502377,0.45916286565868414,0.46280290231309285,273.20975999999996,1694.0617896218405,174.82157324267672,869.7982002915678,280.52079257540146,349.44386017833995,19.477363333854992,5.957305368177581,3056.8653402147015,0.0,4756.88443520472,5030.09419520472,0.0,0.0,128115.2000006024,133145.29419580713,0.5542481870232331,0.004549196126582178,0.07920654169613987,0.08375573782272204,132562.5301588125,582.7640369946275,22874.053462565786,55024.58728136003,18355.789180741725,73380.37646210176,33838.9054715901,2469.1947625548537,0.17255293358660417,19.33480812664964,34552.42847187643,46224.95562777338,0.26065003761230227,0.3487030277137512,24999.81848128741,24999.818481287406,0,0.0,0.0,0.0,0.0,0.0,0.0,0.0,0.0,0.0,0.0,0.0,none,2423.311145736235,27423.12962702364,1973.2288549900181,1973.2288549900181,0.0,26973.047336277425,0.2154110468670722,0.5181811771623273,0.1728613500867164,0.0702933619006643,0.0232530639832198,0.050912608167485676,0.14851897152507595,0.03246847168844421,0.6133965976477065,51713.64674773489,0.0,rate_cap_plus_inflation_fixed_nominal_deficits
2041Q1,2041-03-31,2041,1,2041,265241.5239762735,29808.19978253751,0.017189212325988024,0.4610939779671186,0.46280290231309507,273.20975999999996,1721.7627373211633,178.13169133973108,858.7129695049512,284.8757015332068,380.1962220392394,19.84615290403464,5.957305368177581,3375.6435607339986,0.0,5103.36360342334,5376.573363423339,0.0,0.0,133145.29419580713,138521.86755923045,0.5222480457909809,0.004120165740330149,0.0769617596357929,0.08108192537612303,137939.10352223582,582.7640369946275,23305.07584607062,56061.431441936766,18701.672607863347,74763.10404980011,37355.20111508237,2515.7225112827205,0.16895191610632612,19.525833539132396,35292.483059392995,47063.44645539822,0.25585553449463905,0.34119002700210804,26154.59701332709,26154.59701332709,0,0.0,0.0,0.0,0.0,0.0,0.0,0.0,0.0,0.0,0.0,0.0,none,2469.1947625548537,28623.791775881942,2000.929802689341,2000.929802689341,0.0,28155.52681601643,0.2154110468670722,0.5181811771623273,0.1728613500867164,0.0702933619006643,0.0232530639832198,0.04955794941627126,0.15331713025976548,0.032163473377591414,0.6368490195147983,56817.010351158235,-2.9103830456733704e-11,rate_cap_plus_inflation_fixed_nominal_deficits
2041Q2,2041-06-30,2041,2,2041,292860.9647108345,29935.477140273233,0.017189212325988024,0.4610939779671186,0.46365038010387205,273.20975999999996,1746.1232411030435,181.48827815127495,846.5489959620439,289.13890437985066,408.72694292543844,20.220119684434867,5.957305368177581,3732.365044604139,0.0,5484.44559107536,5757.65535107536,0.0,0.0,138521.86755923045,144279.52291030582,0.49265535628063223,0.0037315968042345585,0.07490852318253613,0.07864011998677069,143696.7588733112,582.7640369946275,23741.34575119732,57110.898757039475,19051.767024557506,76162.66578159698,41229.93062415319,2562.816716363691,0.16521838027069657,19.537133414219515,36093.284321441686,47961.61605062116,0.25117674611758617,0.33376964398275705,26113.583045709864,26113.583045709864,0,0.0,0.0,0.0,0.0,0.0,0.0,0.0,0.0,0.0,0.0,0.0,none,2515.7225112827205,28629.305556992585,2025.2903064712211,2025.2903064712211,0.0,28138.873352181086,0.2154110468670722,0.5181811771623273,0.1728613500867164,0.0702933619006643,0.0232530639832198,0.04833650485430894,0.15837053564789028,0.032456258875675936,0.6555271694827068,62301.455942233595,0.0,rate_cap_plus_inflation_fixed_nominal_deficits
2041Q3,2041-09-30,2041,3,2041,323356.4012361534,30063.29795671865,0.017189212325988024,0.4610939779671197,0.46365038010387205,273.20975999999996,1776.8022970385223,184.88573003744912,833.6625150905807,293.4365123272237,444.218900225495,20.598639357773163,5.957305368177581,4119.510731021364,0.0,5902.270333428065,6175.480093428065,0.0,0.0,144279.52291030582,150455.00300373387,0.46529155578353215,0.0033796734371801676,0.07301256830994385,0.07639224174712402,149872.23896673924,582.7640369946275,24184.224263879976,58176.26338146107,19407.16466428005,77583.42804574112,45493.96235362291,2610.6243034952736,0.16136560333396446,19.648385343108533,36772.8073048428,48880.08000090456,0.24536103255922995,0.3261449908128242,27101.492649202577,27101.492649202577,0,0.0,0.0,0.0,0.0,0.0,0.0,0.0,0.0,0.0,0.0,0.0,none,2562.816716363691,29664.309365566267,2055.9693624067,2055.9693624067,0.0,29157.462011609277,0.2154110468670722,0.5181811771623273,0.1728613500867164,0.0702933619006643,0.0232530639832198,0.046992899502696195,0.16363431800636952,0.03220816082694243,0.6763384297250937,68203.72627566165,0.0,rate_cap_plus_inflation_fixed_nominal_deficits
2041Q4,2041-12-31,2041,4,2042,326432.8632316237,30191.66455237581,0.017189212325988024,0.02105209487726678,0.46365038010387316,290.3126875,1804.01150609742,188.3346464549653,820.3345413407338,297.9274377743856,476.43198768799084,20.982892839343258,5.987900480119798,4545.553758527118,0.0,6355.553165104658,6645.865852604657,0.0,0.0,150455.00300373387,157100.86885633855,0.4812654807517528,0.0035573953507739287,0.07787883979800173,0.08143623514877565,156518.10481934392,582.7640369946275,24636.654690812793,59264.605574778434,19770.227448465757,79034.8330232442,50187.15411028338,2659.4629950035887,0.15740450422172486,19.58571610070523,37486.05692676663,50140.177090934434,0.2394998135840817,0.32034745851802354,26986.495379431653,26986.495379431653,0,0.0,0.0,0.0,0.0,0.0,0.0,0.0,0.0,0.0,0.0,0.0,none,2610.6243034952736,29597.11968292693,2100.3120940775393,2100.3120940775393,0.0,29086.807473509194,0.2154110468670722,0.5181811771623273,0.1728613500867164,0.0702933619006643,0.0232530639832198,0.045881153895404675,0.16896887543040176,0.03231881340994307,0.6920797429776028,74559.27944076632,2.9103830456733704e-11,rate_cap_plus_inflation_fixed_nominal_deficits
2042Q1,2042-03-31,2042,1,2042,329340.1093728726,30319.82671935733,0.017088232020256333,0.018695469559396827,0.0228385780169158,290.3126875,1797.9693024413518,191.85794840470462,809.4948438997745,302.466994999465,472.77408131506496,21.375433822341343,5.987900480119798,284.12884453021195,0.0,2088.0860474516835,2378.3987349516833,0.0,0.0,157100.86885633855,159479.26759129023,0.4842388250097131,0.0035259924830025905,0.02536084719747988,0.02888683968048247,158896.5035542956,582.7640369946275,25087.78356033067,60349.81681189265,20132.24576916997,80482.06258106262,50618.49622613864,2708.16118676369,0.15788757461084138,19.66637558639625,37812.50634116448,50563.783061337424,0.23796940458317756,0.3182183492417728,28340.635693282056,28340.635693282056,0,0.0,0.0,0.0,0.0,0.0,0.0,0.0,0.0,0.0,0.0,0.0,none,2659.4629950035887,31000.098688285645,2094.2698904214712,2094.2698904214712,0.0,30434.905583703527,0.2154110468670722,0.5181811771623273,0.1728613500867164,0.0702933619006643,0.0232530639832198,0.04486321748594443,0.05316548692957621,0.03193207603910458,0.7171893902097597,76647.365488218,0.0,rate_cap_plus_inflation_fixed_nominal_deficits
2042Q2,2042-06-30,2042,2,2042,332273.24776051525,30448.53292858657,0.017088232020256333,0.01869546955939594,0.02271549749328483,290.3126875,1784.7460561073358,195.3711144760751,797.549444757509,306.8188878973031,463.2397634378347,21.766845538613158,5.987900480119798,285.0393885643,0.0,2075.773345151755,2366.086032651755,0.0,0.0,159479.26759129023,161845.35362394198,0.4870851165863086,0.003494866823696162,0.024988750784388895,0.028483617608085054,161262.58958694735,582.7640369946275,25536.063996512756,61428.1760116556,20491.978301660354,81920.15431331596,51049.81937958794,2756.5518975307205,0.1583508243413428,19.557527096559053,38099.05041123866,50986.2384072428,0.2362547352664019,0.3161690416719542,28121.464837862142,28121.464837862146,0,0.0,0.0,0.0,0.0,0.0,0.0,0.0,0.0,0.0,0.0,0.0,none,2708.16118676369,30829.626024625835,2081.046644087455,2081.046644087455,0.0,30202.5114819496,0.2154110468670722,0.5181811771623273,0.1728613500867164,0.0702933619006643,0.0232530639832198,0.04396861458963657,0.05206377923609479,0.03226388790392422,0.7373777171282193,78723.13883336975,0.0,rate_cap_plus_inflation_fixed_nominal_deficits
2042Q3,2042-09-30,2042,3,2042,335232.50899367913,30577.785489496757,0.017088232020256333,0.018695469559397715,0.02271549749328483,290.3126875,1775.1882880079409,198.8620983728431,785.0224120369267,311.0570326769198,458.09095904484695,22.15578587640316,5.987900480119798,287.468225789798,0.0,2068.6444142778582,2358.957101777858,0.0,0.0,161845.35362394198,164204.31072571984,0.4898221572204859,0.003464015925800011,0.02468310034116486,0.028147116266964867,163621.5466887252,582.7640369946275,25982.28558386284,62501.582555893765,20850.05866545326,83351.64122134703,51482.89952261076,2804.720360904598,0.15879501269653515,19.53007060558816,38501.9941986416,51584.46022471348,0.23531127151540784,0.3152669148327275,28948.650260298156,28948.650260298156,0,0.0,0.0,0.0,0.0,0.0,0.0,0.0,0.0,0.0,0.0,0.0,none,2756.5518975307205,31705.202157828877,2071.4888759880605,2071.4888759880605,0.0,31020.139136286216,0.2154110468670722,0.5181811771623273,0.1728613500867164,0.0702933619006643,0.0232530639832198,0.042979807236718265,0.051126445534778485,0.03203917406368849,0.7592781005163702,80791.78324764762,0.0,rate_cap_plus_inflation_fixed_nominal_deficits
2042Q4,2042-12-31,2042,4,2043,338218.1257252321,30707.586721324555,0.017088232020256333,0.018695469559396827,0.022715497493283943,300.12464,1760.6130554480096,202.33704898433186,772.7425615410999,315.2046329321005,447.78587208970646,22.542939900770712,6.009754131507097,289.9069568539243,0.0,2056.529766433441,2356.654406433441,0.0,0.0,164204.31072571984,166560.96513215327,0.49246611125586787,0.0035494802575284897,0.024321934396906483,0.027871414654434972,165978.20109515864,582.7640369946275,26427.485815586613,63572.53218221411,21207.319419875857,84779.85160208997,51918.08510589524,2852.7785715868267,0.15922263069013023,19.347697844045083,39169.98036503195,52154.77002662238,0.23599472766050172,0.314226625439331,28729.048807925636,28729.04880792564,0,0.0,0.0,0.0,0.0,0.0,0.0,0.0,0.0,0.0,0.0,0.0,none,2804.720360904598,31533.769168830237,2066.747449579517,2066.747449579517,0.0,30795.796257505157,0.2154110468670722,0.5181811771623273,0.1728613500867164,0.0702933619006643,0.0232530639832198,0.042217930196632864,0.05009685208249092,0.03213523322359362,0.7765563994263143,82848.31301408105,0.0,rate_cap_plus_inflation_fixed_nominal_deficits
2043Q1,2043-03-31,2043,1,2043,341438.41696032364,30837.418255642995,0.01701953976476145,0.021251542965382564,0.02271549749328572,300.12464,1754.293590720595,205.80404578888076,763.4226210254658,319.32677404212217,442.81094209499577,22.92920776912912,6.009754131507097,292.3575439282299,0.0,2052.660888780332,2352.785528780332,0.0,0.0,166560.96513215327,168913.7506609336,0.49471220070869176,0.00351600318056624,0.02404721656167775,0.02756321974224399,168330.98662393898,582.7640369946275,26871.324764797817,64640.20718086298,21563.487783093846,86203.69496395682,52355.277059832944,2900.6898353514102,0.15963385769745345,19.354917005398466,39712.508448334265,52757.91152022087,0.2359191806856944,0.3134177050722399,30017.747710094456,30017.747710094452,0,0.0,0.0,0.0,0.0,0.0,0.0,0.0,0.0,0.0,0.0,0.0,none,2852.7785715868267,32870.526281681276,2060.427984852102,2060.427984852102,0.0,32078.175694946556,0.2154110468670722,0.5181811771623273,0.1728613500867164,0.0702933619006643,0.0232530639832198,0.04132521566198499,0.049295124752710306,0.03177423199133484,0.798338028265294,84900.97390286138,0.0,rate_cap_plus_inflation_fixed_nominal_deficits
2043Q2,2043-06-30,2043,2,2043,344689.3696971208,30967.798717086724,0.01701953976476145,0.021251542965382564,0.02231557677676199,300.12464,1741.4551181442148,209.260441605863,753.5532975367514,323.41503676112654,431.9120476888355,23.314294551636955,6.009754131507097,289.6716258918847,0.0,2037.1364981676065,2337.2611381676065,0.0,0.0,168913.7506609336,171251.01179910122,0.49682707636031775,0.003482841844107001,0.023640259053624338,0.027123100897731338,170668.2477621066,582.7640369946275,27312.398165191167,65701.22952467923,21917.43687060923,87618.66639528846,52788.88063633522,2948.3025652917277,0.1600321004248063,19.17762452541615,40290.780473607316,53333.735691955044,0.23607660476932055,0.3124994625028119,29737.306796238543,29737.306796238543,0,0.0,0.0,0.0,0.0,0.0,0.0,0.0,0.0,0.0,0.0,0.0,none,2900.6898353514102,32637.996631589955,2047.589512275722,2047.589512275722,0.0,31784.896308514264,0.2154110468670722,0.5181811771623273,0.1728613500867164,0.0702933619006643,0.0232530639832198,0.04057090987324704,0.04824086825842428,0.032107812743622885,0.8152981788078968,86938.11040102899,0.0,rate_cap_plus_inflation_fixed_nominal_deficits
2043Q3,2043-09-30,2043,3,2043,347971.27587433916,31098.73042651709,0.017019539764762337,0.021251542965382564,0.02231557677676199,300.12464,1733.38688833515,212.69530071142623,743.2941107256403,327.4538580561104,426.2466369734403,23.69698186853226,6.009754131507097,292.0706706501509,0.0,2031.4673131168079,2331.591953116808,0.0,0.0,171251.01179910122,173582.60375221804,0.4988417601885706,0.0034499932702305265,0.02335212649966453,0.026802119769895053,172999.8397152234,582.7640369946275,27751.733579754982,66758.07106367542,22269.991273027008,89028.06233670242,53224.316114597896,2995.727684168063,0.1604147935942447,19.1080325728505,40927.78053202751,53817.1408222137,0.23657698527003895,0.31108202707472205,30685.983494007884,30685.98349400788,0,0.0,0.0,0.0,0.0,0.0,0.0,0.0,0.0,0.0,0.0,0.0,none,2948.3025652917277,33634.28605929961,2039.521282466657,2039.521282466657,0.0,32725.504776474536,0.2154110468670722,0.5181811771623273,0.1728613500867164,0.0702933619006643,0.0232530639832198,0.03968807528877888,0.04745005105137649,0.0318906991744793,0.8347171054271925,88969.5777141458,0.0,rate_cap_plus_inflation_fixed_nominal_deficits
2043Q4,2043-12-31,2043,4,2044,351284.4302103432,31230.21571460801,0.01701953976476145,0.021251542965381676,0.02231557677676199,315.2472575,1718.7887905922926,216.11662525234195,732.6698299238361,331.35235522209945,414.57181893251345,24.078161261500806,6.019952502154488,294.4798509666873,0.0,2019.2885940611343,2334.535851561134,0.0,0.0,173582.60375221804,175917.13960377916,0.5007826264843077,0.003589652491130737,0.022993203460250352,0.026582855951381087,175334.37556678453,582.7640369946275,28191.184178510484,67815.18968354052,22622.638107542272,90437.82779108279,53662.198360312024,3043.165236879237,0.1607852657950267,18.932404112114856,41270.429104291405,55146.1526688238,0.23538127632348727,0.314519913682407,30715.297999045037,30715.297999045037,0,0.0,0.0,0.0,0.0,0.0,0.0,0.0,0.0,0.0,0.0,0.0,none,2995.727684168063,33711.0256832131,2040.056000594447,2040.056000594447,0.0,32755.353999639483,0.2154110468670722,0.5181811771623273,0.1728613500867164,0.0702933619006643,0.0232530639832198,0.039459739244696895,0.0465320498808414,0.03208275036424607,0.8409920944778307,90988.86630820693,-2.9103830456733704e-11,rate_cap_plus_inflation_fixed_nominal_deficits
2044Q1,2044-03-31,2044,1,2044,354425.77167930943,31360.93155843563,0.016847634395924738,0.019083305138657858,0.02231557677676199,315.2472575,1731.9091997780167,219.5388467901504,744.2717067768556,335.2665499324545,408.3726556871396,24.459440591416868,6.019952502154488,296.90256877448735,0.0,2034.8317210546584,2350.0789785546585,0.0,0.0,175917.13960377916,178267.21858233382,0.5029747631998756,0.003557836734121481,0.022964827996715873,0.026522664730837357,177684.4545453392,582.7640369946275,28633.461058344008,68879.10705248234,22977.55295370307,91856.66000618541,54103.42560150509,3090.9078793046933,0.1611478118984106,18.920025335693502,41775.25693204141,56501.4460454263,0.23510923923500437,0.31798755940694295,31891.067816656112,31891.067816656112,0,0.0,0.0,0.0,0.0,0.0,0.0,0.0,0.0,0.0,0.0,0.0,none,3043.165236879237,34934.23305353535,2053.176409780171,2053.176409780171,0.0,33944.24422643628,0.2154110468670722,0.5181811771623273,0.1728613500867164,0.0702933619006643,0.0232530639832198,0.0391018834353881,0.046267958327147446,0.03170392431428892,0.8516399534412475,93023.69802926158,0.0,rate_cap_plus_inflation_fixed_nominal_deficits
2044Q2,2044-06-30,2044,2,2044,357595.2044195532,31492.19452086094,0.01684763439592385,0.019083305138657858,0.023076797027411944,315.2472575,1739.2026335309106,222.98307799185395,755.9481999009919,339.21470154049354,396.21348201766057,24.84317207991147,6.019952502154488,309.46809695873947,0.0,2054.6906829918044,2369.9379404918045,0.0,0.0,178267.21858233382,180637.15652282562,0.5051442365286608,0.0035263029660781695,0.022983425477721024,0.026509728443799195,180054.392485831,582.7640369946275,29077.309024377497,69946.80374151179,23333.728552669163,93280.53229418094,54557.731050860704,3138.8201164118627,0.1614918060200374,18.73756521527964,42218.82184150376,57986.01505204259,0.23447815550973625,0.3220472116869111,31631.002446191567,31631.002446191564,0,0.0,0.0,0.0,0.0,0.0,0.0,0.0,0.0,0.0,0.0,0.0,none,3090.9078793046933,34721.910325496254,2060.469843533065,2060.469843533065,0.0,33691.47228972463,0.2154110468670722,0.5181811771623273,0.1728613500867164,0.0702933619006643,0.0232530639832198,0.0388743674379601,0.046103612303634675,0.03204030573869846,0.8578152737260495,95078.38871225338,0.0,rate_cap_plus_inflation_fixed_nominal_deficits
2044Q3,2044-09-30,2044,3,2044,360792.979635705,31624.006891879962,0.016847634395925626,0.019083305138657858,0.023076797027411944,315.2472575,1752.0906600677413,226.43954402733976,767.6661710630899,343.21039712798046,389.546281163671,25.228266685660344,6.019952502154488,312.06669476076365,0.0,2070.1773073306595,2385.4245648306596,0.0,0.0,180637.15652282562,183022.5810876563,0.5072786651016751,0.0034950486876802003,0.022951414513895818,0.02644646320157602,182439.81705066166,582.7640369946275,29523.933213699336,71021.17876330337,23692.131993302362,94713.31075660573,55015.54104073186,3187.0320396247103,0.16182834257886175,18.673314301649764,42511.3446721442,58955.669104838074,0.23301571641205515,0.32315132769765215,32654.57107395491,32654.57107395491,0,0.0,0.0,0.0,0.0,0.0,0.0,0.0,0.0,0.0,0.0,0.0,none,3138.8201164118627,35793.391190366776,2073.357870069896,2073.357870069896,0.0,34727.9289440248,0.2154110468670722,0.5181811771623273,0.1728613500867164,0.0702933619006643,0.0232530639832198,0.03850525997289906,0.04584167171761405,0.03181930746931267,0.8668079386809001,97148.56601958403,0.0,rate_cap_plus_inflation_fixed_nominal_deficits
2044Q4,2044-12-31,2044,4,2045,364019.35077877797,31756.370971073586,0.01684763439592385,0.01908330513865697,0.023076797027411944,328.847015,1758.362098585559,229.9176299016836,779.4574369272526,347.2853647807982,376.08589695734116,25.615770018483605,6.028693962709422,314.6853383079879,0.0,2079.076130856256,2407.923145856256,0.0,0.0,183022.5810876563,185430.50423351253,0.5093973818611705,0.0036135113619258892,0.022845775933705823,0.02645928729563171,184847.7401965179,582.7640369946275,29974.839761165043,72105.85519449943,24053.971906767714,96159.82710126715,55477.367101790005,3235.706232295725,0.16215962245087645,18.458870939222106,43967.60503307259,61408.70254517271,0.23785849362469424,0.332212352068178,32384.59366640119,32384.59366640119,0,0.0,0.0,0.0,0.0,0.0,0.0,0.0,0.0,0.0,0.0,0.0,none,3187.0320396247103,35571.6257060259,2093.2378075482684,2093.2378075482684,0.0,34477.83147394946,0.2154110468670722,0.5181811771623273,0.1728613500867164,0.0702933619006643,0.0232530639832198,0.038284056745294184,0.04543868015631382,0.03196150440606245,0.8728020732082586,99227.64215044028,0.0,rate_cap_plus_inflation_fixed_nominal_deficits
2045Q1,2045-03-31,2045,1,2045,367355.40332153655,31884.47140650104,0.01623329428827147,0.020597325915870046,0.023076797027411944,328.847015,1771.2795721796579,233.4290646400728,791.3617607596292,351.38040124461213,369.1013566932668,26.006988842076883,6.028693962709422,317.32695352278586,0.0,2094.6352196651533,2423.482234665153,0.0,0.0,185430.50423351253,187853.9864681777,0.5113685133515078,0.0035806961000344273,0.0228077246255368,0.026388420725571227,187271.22243118307,582.7640369946275,30428.528875140535,73197.22521736844,24418.044752158254,97615.2699695267,55942.74279070912,3284.6807958067243,0.16248374138916175,18.432011329815452,45287.90722385743,63492.63380341298,0.24183057405149086,0.33904106022880665,33750.58464536236,33750.58464536236,0,0.0,0.0,0.0,0.0,0.0,0.0,0.0,0.0,0.0,0.0,0.0,none,3235.706232295725,36986.29087765809,2106.155281142367,2106.155281142367,0.0,35856.73992650473,0.2154110468670722,0.5181811771623273,0.1728613500867164,0.0702933619006643,0.0232530639832198,0.037925968486875294,0.04518426411713534,0.031616970239882504,0.8833199654677584,101322.27737010544,0.0,rate_cap_plus_inflation_fixed_nominal_deficits
2045Q2,2045-06-30,2045,2,2045,370722.02909218596,32013.088579863437,0.01623329428827147,0.020597325915870046,0.02213343204113838,328.847015,1777.5500158358695,236.96216861515688,803.3395467606164,355.5208159188312,355.32686264496874,26.400621896296542,6.028693962709422,307.01461327244135,0.0,2090.59332307102,2419.44033807102,0.0,0.0,187853.9864681777,190273.42680624872,0.5132509316270877,0.0035481788423015665,0.022556990510549463,0.026105169352851027,189690.6627692541,582.7640369946275,30883.56871194833,74291.84446611254,24783.201514904846,99075.04598101738,56398.24690994312,3333.801166345265,0.16281016820272334,18.227739473685816,46802.48025000547,65858.46445770266,0.24673054312081524,0.34718875191982984,33418.75289716495,33418.75289716495,0,0.0,0.0,0.0,0.0,0.0,0.0,0.0,0.0,0.0,0.0,0.0,none,3284.6807958067243,36703.433692971674,2112.425724798579,2112.425724798579,0.0,35531.17862196353,0.2154110468670722,0.5181811771623273,0.1728613500867164,0.0702933619006643,0.0232530639832198,0.03770399087956869,0.04451528258465071,0.031957247630600906,0.8892524252364502,103412.87069317646,0.0,rate_cap_plus_inflation_fixed_nominal_deficits
2045Q3,2045-09-30,2045,3,2045,374119.50827883824,32142.224575604054,0.01623329428827036,0.020597325915870046,0.022133432041139267,328.847015,1789.9213736120585,240.50579134429762,815.3529930155829,359.59445839580894,347.6727039818684,26.79542687450006,6.028693962709422,309.51442672518033,0.0,2105.4644942999485,2434.3115092999483,0.0,0.0,190273.42680624872,192707.73831554866,0.5150967379437481,0.003515956882471942,0.022511143607413346,0.026027100489885286,192124.97427855403,582.7640369946275,31341.27347588586,75392.87431959221,25150.496807259035,100543.37112685124,56857.12046695921,3383.2092088577347,0.1631296170296187,18.10382117844454,47946.83663148982,67861.82138286588,0.24956066649603656,0.35321707465514524,34308.5550543712,34308.55505437121,0,0.0,0.0,0.0,0.0,0.0,0.0,0.0,0.0,0.0,0.0,0.0,none,3333.801166345265,37642.35622071647,2124.797082574768,2124.797082574768,0.0,36433.35213694598,0.2154110468670722,0.5181811771623273,0.1728613500867164,0.0702933619006643,0.0232530639832198,0.037376794943328996,0.04426187155275018,0.03178239042381245,0.8971963260699574,105518.3351874764,0.0,rate_cap_plus_inflation_fixed_nominal_deficits
2045Q4,2045-12-31,2045,4,2046,377548.12363738747,32271.88148657454,0.01623329428827236,0.020597325915870046,0.02213343204113838,341.5111875,1797.0804111508326,244.07016719346115,827.4367956575222,363.7438712935831,334.63703299007227,27.192544016194038,6.044719973726774,312.03273170308586,0.0,2115.157862827645,2456.669050327645,0.0,0.0,192707.73831554866,195164.4073658763,0.5169259099624611,0.003618200341824516,0.022409411997069053,0.026027612338893568,194581.64332888168,582.7640369946275,31803.25183042992,76504.18449176215,25521.221536741483,102025.40602850364,57319.90689555267,3433.0785743954493,0.16344425551323,18.073721733161427,49406.57767909136,69407.23436517695,0.2539118122030885,0.35669980568447,35217.04068871971,35217.04068871972,0,0.0,0.0,0.0,0.0,0.0,0.0,0.0,0.0,0.0,0.0,0.0,none,3383.2092088577347,38600.24989757745,2144.6363186245594,2144.6363186245594,0.0,37361.677007344275,0.2154110468670722,0.5181811771623273,0.1728613500867164,0.0702933619006643,0.0232530639832198,0.03696549554581017,0.04390395282132754,0.03166795812171256,0.9070919611655002,107633.49305030405,0.0,rate_cap_plus_inflation_fixed_nominal_deficits
2046Q1,2046-03-31,2046,1,2046,380923.04746273375,32400.426276002614,0.01602817697257164,0.01989152606750877,0.02213343204113749,341.5111875,1799.9320155933253,247.66782362947302,839.6334247970874,368.02039955200917,317.01699857305226,27.59336904170341,6.044719973726774,314.57251057902005,0.0,2120.549246146072,2462.060433646072,0.0,0.0,195164.4073658763,197626.46779952236,0.5188094265124675,0.003586143603278933,0.02226748168976075,0.02585362529303968,197043.70376252773,582.7640369946275,32265.844452072186,77616.97231167891,25892.43919841777,103509.41151009669,57785.433551885144,3483.014248473719,0.16374968515085464,18.193235291975736,50627.43573361982,70780.12234906427,0.2569350594152187,0.35921027161754304,36466.38816538622,36466.38816538621,0,0.0,0.0,0.0,0.0,0.0,0.0,0.0,0.0,0.0,0.0,0.0,none,3433.0785743954493,39899.46673978166,2147.487923067052,2147.487923067052,0.0,38613.87608845327,0.2154110468670722,0.5181811771623273,0.1728613500867164,0.0702933619006643,0.0232530639832198,0.03645347313412583,0.04346180279010939,0.031402205221892014,0.920594559642419,109754.04229645012,-2.9103830456733704e-11,rate_cap_plus_inflation_fixed_nominal_deficits
2046Q2,2046-06-30,2046,2,2046,384328.13992119924,32529.483082769868,0.01602817697257164,0.01989152606750788,0.023159436985126236,341.5111875,1797.4095755438789,251.27026367051215,851.8462711206739,372.3446510761316,293.95366265445335,27.99472702210751,6.044719973726774,331.702501283065,0.0,2135.1567968006707,2476.6679843006705,0.0,0.0,197626.46779952236,200103.13578382303,0.5206569985347709,0.003554370882860899,0.022222227050441353,0.02577659793330225,199520.3717468284,582.7640369946275,32727.893712262743,78728.45305064155,26263.2208277016,104991.67387834315,58267.91288813038,3532.891268092125,0.1640328424898446,18.173842446939325,51939.682645461624,72621.50247964435,0.26032270384584055,0.36398038878853856,36320.65619902706,36320.65619902705,0,0.0,0.0,0.0,0.0,0.0,0.0,0.0,0.0,0.0,0.0,0.0,none,3483.014248473719,39803.67044750077,2144.9654830176055,2144.9654830176055,0.0,38465.62168204466,0.2154110468670722,0.5181811771623273,0.1728613500867164,0.0702933619006643,0.0232530639832198,0.036030627036492305,0.043216008879268776,0.031631435382165424,0.9306108539648461,111889.19909325079,0.0,rate_cap_plus_inflation_fixed_nominal_deficits
2046Q3,2046-09-30,2046,3,2046,387763.6706918856,32659.05394633475,0.016028176972572528,0.019891526067509657,0.023159436985126236,341.5111875,1798.7794412776868,254.8684722842461,864.0447722307886,376.67056438189167,274.8000188134699,28.395613567290457,6.044719973726774,334.47205050702746,0.0,2139.296211758441,2480.8073992584414,0.0,0.0,200103.13578382303,202583.9431830815,0.5224417821855554,0.0035228796642103434,0.022068041680555595,0.02559092134476594,202001.17914608686,582.7640369946275,33190.23805666509,79840.64362824267,26634.23925382561,106474.88288206828,58753.2580660674,3582.8001412860876,0.1643071500719408,18.157383071992214,53259.141418244864,74189.71935784473,0.26365757686853875,0.3672736944975498,36840.83367255452,36840.83367255452,0,0.0,0.0,0.0,0.0,0.0,0.0,0.0,0.0,0.0,0.0,0.0,none,3532.891268092125,40373.72494064665,2146.3353487514137,2146.3353487514137,0.0,38987.169021305934,0.2154110468670722,0.5181811771623273,0.1728613500867164,0.0702933619006643,0.0232530639832198,0.035607567781597696,0.04276387180797771,0.03162120882044172,0.9406361058615149,114028.49530500923,0.0,rate_cap_plus_inflation_fixed_nominal_deficits
2036Q4,2036-12-31,2036,4,2037,49432.82254147957,27698.55388240954,0.017515988152144724,0.45930740721769814,0.022578201318361746,267.99619102881115,1584.719825228435,330.1144357628681,916.7886883253786,225.02850094890826,98.67032999239234,14.117870198887333,5.894658234200658,34.984618848701245,0.0,1625.599102311337,1893.5952933401481,0.0,0.0,77061.53216807223,78955.12746141238,1.5972207007835808,0.021685687949858246,0.1315400593156323,0.15322574726549054,78372.36342441775,582.7640369946275,16672.179726458296,40105.69486647177,13378.958685356552,53484.65355182832,6415.811572931364,1799.7185731997652,0.21273034266137622,20.146304907389798,21535.443829808006,26298.33921820991,0.2747836467963196,0.3355562862867088,17421.739362036373,17421.739362036373,0,0.0,0.0,0.0,0.0,0.0,0.0,0.0,0.0,0.0,0.0,0.0,none,1756.50018026592,19178.239542302294,1858.6106744914468,1858.6106744914468,0.0,19280.35003652782,0.2154110468670722,0.5181811771623273,0.1728613500867164,0.0702933619006643,0.0232530639832198,0.07082533663446744,0.08437927752414182,0.032411048365059626,0.26588073957927294,1625.599102311337,1.4551915228366852e-11,rate_cap_plus_inflation_deficits_scale_with_gdp
2037Q1,2037-03-31,2037,1,2037,54555.686035245046,27818.71239056672,0.01746555549210771,0.45807120957586855,0.4632775953276398,293.1137448292048,1397.4711272161392,129.834599619794,916.8427329563618,228.5545703554062,107.77398625248425,14.46523803209311,5.894658234200658,640.5898903487666,0.0,2043.9556757991065,2337.0694206283115,0.0,0.0,78955.12746141238,81292.19688204069,1.4900774381156685,0.02149097673447583,0.14986197218589706,0.17135294892037292,80709.43284504606,582.7640369946275,17037.620158064372,40984.778626503816,13672.214427355155,54656.99305385897,7175.652712859135,1839.1669202635776,0.21109825156094056,20.063880477183954,21876.958458335448,26787.221402319185,0.27105826031929864,0.33189703431255596,17936.83571182572,17936.83571182572,0,0.0,0.0,0.0,0.0,0.0,0.0,0.0,0.0,0.0,0.0,0.0,none,1799.7185731997652,19736.554285025486,1696.4795302795446,1696.4795302795446,0.0,19633.315242105265,0.2154110468670722,0.5181811771623273,0.1728613500867164,0.0702933619006643,0.0232530639832198,0.0694403749416484,0.10355024386721665,0.03230348575721532,0.2925723226017895,3669.5547781104433,0.0,rate_cap_plus_inflation_deficits_scale_with_gdp
2037Q2,2037-06-30,2037,2,2037,60209.446391186146,27939.39215579544,0.01746555549210771,0.45807120957586966,0.46302158031392104,320.585404881981,1411.7236831417365,132.6804669809263,915.6865543649485,231.75514344404894,116.81921423019418,14.782304121618505,5.894658234200658,716.1113825701557,0.0,2133.7297239460927,2454.3151288280737,0.0,0.0,81292.19688204069,83746.51201086876,1.3909198145879003,0.02129801379000292,0.1417538178366936,0.16305183162669654,83163.74797387412,582.7640369946275,17412.048446714056,41885.48308988771,13972.682673659085,55858.1657635468,8013.948280422092,1879.5854831911859,0.2093706557355261,19.977151100351843,22278.455088581934,27347.263918587232,0.26788661684151976,0.3288363570047176,18321.842228575388,18321.84222857539,0,0.0,0.0,0.0,0.0,0.0,0.0,0.0,0.0,0.0,0.0,0.0,none,1839.1669202635776,20161.00914883897,1738.2037462579183,1738.2037462579183,0.0,20060.04597483331,0.2154110468670722,0.5181811771623273,0.1728613500867164,0.0702933619006643,0.0232530639832198,0.06808747228780047,0.10499062915188517,0.03234911847967289,0.31840599989613344,5803.284502056536,-1.4551915228366852e-11,rate_cap_plus_inflation_deficits_scale_with_gdp
2037Q3,2037-09-30,2037,3,2037,66449.12195570442,28060.59543934993,0.017465555492108598,0.45807120957586855,0.46302158031392104,350.63180637683814,1427.1465558948375,135.5963272787857,914.1979231842216,235.02445555860865,127.22068155207201,15.107168321149153,5.894658234200658,799.7710887895146,0.0,2232.8123029185526,2583.4441092953907,0.0,0.0,83746.51201086876,86329.95612016415,1.2991888166364707,0.021106783419083997,0.13440733223875947,0.15551411565784345,85747.19208316952,582.7640369946275,17796.27131932978,42809.74887532613,14281.010800096981,57090.759675423105,8939.099742354478,1921.0613460621514,0.20754348786218546,19.880252406389044,22625.787054334436,27874.370393070694,0.2638662153786775,0.32507618868772126,18731.160229113197,18731.160229113193,0,0.0,0.0,0.0,0.0,0.0,0.0,0.0,0.0,0.0,0.0,0.0,none,1879.5854831911859,20610.74571230438,1783.6730205058764,1783.6730205058764,0.0,20514.83324961907,0.2154110468670722,0.5181811771623273,0.1728613500867164,0.0702933619006643,0.0232530639832198,0.06674672716156219,0.10664622319452659,0.03233108291430349,0.3434980063795634,8036.096804975089,0.0,rate_cap_plus_inflation_deficits_scale_with_gdp
2037Q4,2037-12-31,2037,4,2038,73335.43278236229,28182.3245122939,0.01746555549210682,0.45807120957586855,0.46302158031392104,398.16121859567636,1443.3921270612943,138.58846289928064,912.5836558068601,238.40835674626456,138.37112103991385,15.440530568974543,5.91068424521801,892.0987862133251,0.0,2341.401597519837,2739.5628161155137,0.0,0.0,86329.95612016415,89069.51893627967,1.2145495779729214,0.021717262910402407,0.12770915824378754,0.14942642115418994,88486.75489928504,582.7640369946275,18194.23548006027,43767.0699611059,14600.36592654252,58367.43588764842,9961.062986220177,1964.0205453561643,0.2056153545326508,19.71400556584488,23216.979766928383,29414.213367054486,0.26237802248883213,0.3324137426051337,18921.693516527703,18921.693516527703,0,0.0,0.0,0.0,0.0,0.0,0.0,0.0,0.0,0.0,0.0,0.0,none,1921.0613460621514,20842.754862589853,1847.4640299021885,1847.4640299021885,0.0,20769.15754642989,0.2154110468670722,0.5181811771623273,0.1728613500867164,0.0702933619006643,0.0232530639832198,0.0655544292871923,0.10848617109272245,0.032204277805022226,0.36534981224843566,10377.498402494926,0.0,rate_cap_plus_inflation_deficits_scale_with_gdp
2038Q1,2038-03-31,2038,1,2038,80968.13059738131,28304.416431579815,0.017441798459170377,0.46046595297451165,0.46302158031392104,435.4783005695466,1463.8315853332906,141.68760880096934,913.941644924887,241.91327925900433,150.50323721512916,15.785815133300172,5.91068424521801,994.0880463943606,0.0,2463.830315972869,2899.3086165424156,0.0,0.0,89069.51893627967,91968.82755282208,1.1358645293435559,0.02151356576255848,0.12171852296921153,0.14323208873177,91386.06351582745,582.7640369946275,18604.641037588543,44754.3193988991,14929.704926511296,59684.02432541039,11089.075391652537,2008.3227611759635,0.20358291321265135,19.608641291934962,23797.728209058434,30994.72040216769,0.2604087241917016,0.3391624412928084,19465.455195606002,19465.455195606006,0,0.0,0.0,0.0,0.0,0.0,0.0,0.0,0.0,0.0,0.0,0.0,none,1964.0205453561643,21429.47574096217,1905.2205701480552,1905.2205701480552,0.0,21370.675765754062,0.2154110468670722,0.5181811771623273,0.1728613500867164,0.0702933619006643,0.0232530639832198,0.06433137759701721,0.11064751872009068,0.03217295479840368,0.3877949973624106,12841.328718467796,0.0,rate_cap_plus_inflation_deficits_scale_with_gdp
2038Q2,2038-06-30,2038,2,2038,89395.2339776922,28427.0372794411,0.017441798459170377,0.46046595297451165,0.4633443161675086,476.29287185680647,1484.520538170118,144.88364208022077,915.2642953342379,245.52100320517096,162.7097033575366,16.14189419295181,5.91068424521801,1107.3332609112592,0.0,2597.7644833265954,3074.057355183402,0.0,0.0,91968.82755282208,95042.88490800548,1.0631761971977454,0.021311779192866642,0.11623726982916538,0.13754904902203202,94460.12087101085,582.7640369946275,19028.295133634398,45773.43880522255,15269.675508695254,61043.1143139178,12334.656301081228,2054.0551223774137,0.20144262952636183,19.522899976867908,24415.09054284078,32640.683177811537,0.25846982110239497,0.3455498773115453,19951.20259690619,19951.202596906194,0,0.0,0.0,0.0,0.0,0.0,0.0,0.0,0.0,0.0,0.0,0.0,none,2008.3227611759635,21959.52535808216,1966.7240942721423,1966.7240942721423,0.0,21917.926691178338,0.2154110468670722,0.5181811771623273,0.1728613500867164,0.0702933619006643,0.0232530639832198,0.06310494697700142,0.11298456455083437,0.03217014504770612,0.4100541297890688,15439.09320179439,0.0,rate_cap_plus_inflation_deficits_scale_with_gdp
2038Q3,2038-09-30,2038,3,2038,98699.42406926208,28550.18934731063,0.01744179845916949,0.46046595297451165,0.4633443161675086,520.9327295640422,1506.1781492811697,148.1828483531779,916.5298898558141,249.24702805647883,175.7089149695908,16.509468046108466,5.91068424521801,1231.714520975984,0.0,2743.8033545023713,3264.7360840664137,0.0,0.0,95042.88490800548,98307.6209920719,0.9960303407959581,0.021111885281052054,0.11119835319715397,0.13231023847820603,97724.85695507727,582.7640369946275,19466.230436843038,46826.91231198114,15621.106360846472,62448.01867282762,13709.278742543385,2101.329102863221,0.1991942586909223,19.394387395956183,25069.095974903226,34459.49101564385,0.25652732330349826,0.3526174618140847,20320.89047346845,20320.89047346845,0,0.0,0.0,0.0,0.0,0.0,0.0,0.0,0.0,0.0,0.0,0.0,none,2054.0551223774137,22374.945595845864,2033.02156309043,2033.02156309043,0.0,22353.912036558882,0.2154110468670722,0.5181811771623273,0.1728613500867164,0.0702933619006643,0.0232530639832198,0.06192634366130136,0.11547643391330856,0.032190926636036406,0.4308132151277398,18182.89655629676,0.0,rate_cap_plus_inflation_deficits_scale_with_gdp
2038Q4,2038-12-31,2038,4,2039,108971.9874108161,28673.874936548265,0.017441798459170377,0.46046595297451276,0.4633443161675086,583.3186080080467,1530.24166917868,151.59326952691518,918.0440482485892,253.10398165883845,190.6109370800742,16.88943266426314,5.922339525957902,1368.9816146573849,0.0,2905.145623362023,3488.4642313700697,0.0,0.0,98307.6209920719,101796.08522344196,0.9341491115480758,0.02141169017351147,0.10663825419315681,0.12804994436666828,101213.32118644733,582.7640369946275,19922.790406125678,47925.18830928441,15987.482987456753,63912.67129674116,15227.245915819523,2150.613567760963,0.19683960740133663,19.2702456149583,26518.11288004905,36190.05111931026,0.26200220059175255,0.3575621340657694,20791.693440706807,20791.693440706807,0,0.0,0.0,0.0,0.0,0.0,0.0,0.0,0.0,0.0,0.0,0.0,none,2101.329102863221,22893.022543570027,2119.4826167126844,2119.4826167126844,0.0,22911.176057419492,0.2154110468670722,0.5181811771623273,0.1728613500867164,0.0702933619006643,0.0232530639832198,0.060760992518327145,0.11820632394700349,0.03219808292333449,0.4510517913672622,21088.042179658783,-1.4551915228366852e-11,rate_cap_plus_inflation_deficits_scale_with_gdp
2039Q1,2039-03-31,2039,1,2039,120287.45928373598,28796.577412871466,0.017227156981449054,0.45949958198199203,0.4633443161675086,637.9892974054109,1556.236429871794,155.14873028770373,919.8195345108616,257.12496513588627,206.85764338646385,17.28555655087874,5.922339525957902,1520.5628313569691,0.0,3082.721600754721,3720.710898160132,0.0,0.0,101796.08522344196,105516.79612160209,0.8772052943001097,0.021215488337832843,0.10251182023832253,0.12372730857615537,104934.03208460746,582.7640369946275,20396.726604458312,49065.26362447189,16367.803552675026,65433.06717714691,16902.464551471334,2201.7737515308945,0.19437665930927533,19.200270610899395,28043.77359014188,38203.42562541783,0.267251462971807,0.3640708821196799,21394.97495050978,21394.97495050978,0,0.0,0.0,0.0,0.0,0.0,0.0,0.0,0.0,0.0,0.0,0.0,none,2150.613567760963,23545.588518270742,2200.1480668031627,2200.1480668031627,0.0,23595.12301731294,0.2154110468670722,0.5181811771623273,0.1728613500867164,0.0702933619006643,0.0232530639832198,0.05957441614473985,0.12113320837390398,0.032158571499348136,0.47173124651429565,24170.763780413505,0.0,rate_cap_plus_inflation_deficits_scale_with_gdp
2039Q2,2039-06-30,2039,2,2039,132777.91113774167,28919.80496289779,0.017227156981449054,0.45949958198199203,0.46359044462176624,697.7839177697465,1583.1355756425455,158.8395084322191,921.8675939130222,261.35114445918214,223.38057231019226,17.696756527929566,5.922339525957902,1688.6285238894645,0.0,3277.6864390579676,3975.470356827714,0.0,0.0,105516.79612160209,109492.26647842981,0.8246271201302775,0.02102108435930662,0.09874191907290207,0.11976300343220869,108909.50244143518,582.7640369946275,20889.337597710954,50250.26201744789,16763.110119351513,67013.3721367994,18751.842875933107,2254.949830991711,0.1918045453283009,19.16755163349555,29584.077415564203,39962.58403951071,0.27163908338919,0.36693385924703975,21989.759644116206,21989.759644116206,0,0.0,0.0,0.0,0.0,0.0,0.0,0.0,0.0,0.0,0.0,0.0,none,2201.7737515308945,24191.5333956471,2286.84183293825,2286.84183293825,0.0,24276.601477054457,0.2154110468670722,0.5181811771623273,0.1728613500867164,0.0702933619006643,0.0232530639832198,0.05836810364147897,0.12425268998048883,0.032119697483220196,0.49259003805571094,27448.450219471473,0.0,rate_cap_plus_inflation_deficits_scale_with_gdp
2039Q3,2039-09-30,2039,3,2039,146565.35096078602,29043.55983354516,0.017227156981449054,0.45949958198199203,0.4635904446217638,763.1827020895834,1611.0372157570014,162.67571654217406,924.244829903392,265.68710220747556,240.3054078373635,18.124159266595882,5.922339525957902,1873.3893308498368,0.0,3490.348886132796,4253.5315882223795,0.0,0.0,109492.26647842981,113745.79806665219,0.7760756367109249,0.02082846176362038,0.0952571358306002,0.11608559759422059,113163.03402965756,582.7640369946275,21402.04653306413,51483.60693418699,17174.544723359377,68658.15165754636,20792.540407855486,2310.29543119156,0.18912577518428078,19.1003593605979,31320.093532910672,42099.55078646963,0.27676965186972946,0.3720256455428391,22416.582764260038,22416.582764260038,0,0.0,0.0,0.0,0.0,0.0,0.0,0.0,0.0,0.0,0.0,0.0,none,2254.949830991711,24671.53259525175,2380.1422573725426,2380.1422573725426,0.0,24796.72502163258,0.2154110468670722,0.5181811771623273,0.1728613500867164,0.0702933619006643,0.0232530639832198,0.05722519722951211,0.12751033468908607,0.032170632683398384,0.5119177087366023,30938.79910560427,0.0,rate_cap_plus_inflation_deficits_scale_with_gdp
2039Q4,2039-12-31,2039,4,2040,161784.455849542,29167.84428134662,0.017227156981449054,0.45949958198199203,0.46359044462176624,847.1355707762663,1642.5560439275268,166.6684373762369,927.1503542865602,270.21212588000293,259.95612685652435,18.568999528202166,5.935451716790281,2077.2637451721625,0.0,3725.7552408164797,4572.890811592746,0.0,0.0,113745.79806665219,118318.68887824494,0.7313353329091158,0.02094479513072861,0.09211651938382502,0.11306131451455365,117735.92484125031,582.7640369946275,21939.63217203159,52776.79390522297,17605.942187373792,70382.73609259677,23045.230169576647,2368.3264070452933,0.18634611484654304,19.218692610095125,32136.75460123888,43132.51816418836,0.2729562335758656,0.3663496780812336,23738.62809373841,23738.62809373841,0,0.0,0.0,0.0,0.0,0.0,0.0,0.0,0.0,0.0,0.0,0.0,none,2310.29543119156,26048.92352492997,2495.6270664205836,2495.6270664205836,0.0,26234.255160158995,0.2154110468670722,0.5181811771623273,0.1728613500867164,0.0702933619006643,0.0232530639832198,0.055773342070465214,0.131020408811349,0.03250270551418328,0.5371927063004077,34664.55434642075,0.0,rate_cap_plus_inflation_deficits_scale_with_gdp
2040Q1,2040-03-31,2040,1,2040,178590.34634374833,29295.409800174013,0.017609093307503265,0.45916286565868414,0.46359044462176735,926.5321218746824,1667.1646725685448,170.854885539696,921.2343498530083,274.9305015374307,281.10951214178345,19.035423496626542,5.935451716790281,2302.3170902350917,0.0,3975.4172145204266,4901.949336395109,0.0,0.0,118318.68887824494,123220.63821464004,0.689962479704623,0.020752121060145224,0.08903991275919464,0.10979203381933986,122637.87417764541,582.7640369946275,22499.621675646318,54123.87440272732,18055.318127173974,72179.1925299013,25530.28415009972,2428.7758219980938,0.18346389177502212,19.378989222297545,33264.7957085511,44489.482891135674,0.271244066579023,0.36277115197456083,24520.57654898077,24520.57654898077,0,0.0,0.0,0.0,0.0,0.0,0.0,0.0,0.0,0.0,0.0,0.0,none,2368.3264070452933,26888.902956026064,2599.6322461600175,2599.6322461600175,0.0,27120.20879514079,0.2154110468670722,0.5181811771623273,0.1728613500867164,0.0702933619006643,0.0232530639832198,0.054322750389193576,0.13439693263035743,0.03243857062273797,0.5629125600133758,38639.97156094118,0.0,rate_cap_plus_inflation_deficits_scale_with_gdp
2040Q2,2040-06-30,2040,2,2040,197142.00378336455,29423.53322658747,0.017609093307503265,0.45916286565868414,0.46280290231309396,1013.3699994192862,1693.0288359786312,175.21580379909568,915.0503543545618,279.82503081130665,303.41636134435737,19.521285669309677,5.935451716790281,2546.806348903561,0.0,4245.7706365989825,5259.140636018268,0.0,0.0,123220.63821464004,128479.77885065832,0.6517118441782818,0.020561219425016264,0.08614644378403652,0.10670766320905278,127897.01481366369,582.7640369946275,23083.88844388715,55529.35497648216,18524.175893931115,74053.53087041328,28267.749594643003,2491.8459047202527,0.1804880940928812,19.547524076208017,34053.19870359335,45536.67837572557,0.2662548359960261,0.35604176095954293,25168.222958783907,25168.222958783903,0,0.0,0.0,0.0,0.0,0.0,0.0,0.0,0.0,0.0,0.0,0.0,none,2428.7758219980938,27596.998780781996,2712.334287114708,2712.334287114708,0.0,27880.55724589861,0.2154110468670722,0.5181811771623273,0.1728613500867164,0.0702933619006643,0.0232530639832198,0.05290363042277798,0.13782660755913972,0.032509452852485375,0.5877821262685368,42885.74219754016,0.0,rate_cap_plus_inflation_deficits_scale_with_gdp
2040Q3,2040-09-30,2040,3,2040,217620.77543045548,29552.2170005949,0.017609093307503265,0.45916286565868414,0.46280290231309396,1108.3466309244045,1721.2360482762183,179.7657812567712,908.7542536289886,285.46122615656407,327.22657577470534,20.028211459189027,5.935451716790281,2819.8857370168244,0.0,4547.0572370098325,5655.4038679342375,0.0,0.0,128479.77885065832,134135.18271859255,0.6163712193988473,0.020372073920462544,0.08357763137302898,0.10394970529349153,133552.41868159792,582.7640369946275,23694.690372878635,56998.667099426064,19014.327386236862,76012.99448566293,31286.953433812298,2557.7803892440556,0.1774186540894411,19.71921075577895,35135.310226192254,46764.90282789414,0.26308254521363844,0.35016140695576814,25877.282784973362,25877.28278497336,0,0.0,0.0,0.0,0.0,0.0,0.0,0.0,0.0,0.0,0.0,0.0,none,2491.8459047202527,28369.12868969361,2835.518130917413,2835.518130917413,0.0,28712.80091589077,0.2154110468670722,0.5181811771623273,0.1728613500867164,0.0702933619006643,0.0232530639832198,0.051509972339777534,0.14156491481185435,0.0324960529864629,0.6120150552618616,47432.79943454999,0.0,rate_cap_plus_inflation_deficits_scale_with_gdp
2040Q4,2040-12-31,2040,4,2041,240226.84658818005,29681.46357287557,0.017609093307502377,0.45916286565868414,0.46280290231309285,1252.924127822062,1751.7984692840566,184.52240127879236,902.6855546033538,291.4917670485531,352.540586474808,20.55815987854909,5.957305368177581,3121.070301239553,0.0,4878.826075891788,6131.750203713849,0.0,0.0,134135.18271859255,140266.9329223064,0.5838936609893792,0.020862349826702674,0.08123698321288028,0.10209933303958295,139684.16888531178,582.7640369946275,24343.224082452278,58558.74475534915,19534.75757885751,78093.50233420666,34619.654547003534,2627.787921649284,0.17427332157045924,19.791936922571526,36076.48664161852,47852.7194067543,0.25827183516579644,0.3425779727840451,26253.8018890722,26253.8018890722,0,0.0,0.0,0.0,0.0,0.0,0.0,0.0,0.0,0.0,0.0,0.0,none,2557.7803892440556,28811.58227831626,3010.6799024742963,3010.6799024742963,0.0,29264.481791546496,0.2154110468670722,0.5181811771623273,0.1728613500867164,0.0702933619006643,0.0232530639832198,0.05026007586378563,0.1454898253242706,0.032644676771696246,0.6331071330932017,52311.62551044178,0.0,rate_cap_plus_inflation_deficits_scale_with_gdp
2041Q1,2041-03-31,2041,1,2041,265241.5239762735,29808.19978253751,0.017189212325988024,0.4610939779671186,0.46280290231309507,1370.3526221136046,1789.961674941689,189.5728575420971,897.5003477819819,297.81487970252755,383.9527444948261,21.120845420256114,5.957305368177581,3453.52818945466,0.0,5249.447169764527,6619.799791878131,0.0,0.0,140266.9329223064,146886.73271418453,0.553784831696729,0.0206657328998937,0.07916478673579183,0.09983051963568552,146303.9686771899,582.7640369946275,25025.2739629958,60199.447101508595,20082.083562793658,80281.53066430225,38295.75061208313,2701.4134378086883,0.17104986412373013,20.017896530977904,37077.82699959756,48969.33549884937,0.25343008350926793,0.3347095498612002,27633.996365721665,27633.99636572167,0,0.0,0.0,0.0,0.0,0.0,0.0,0.0,0.0,0.0,0.0,0.0,none,2627.787921649284,30261.784287370952,3166.271602423471,3166.271602423471,0.0,30800.26796814514,0.2154110468670722,0.5181811771623273,0.1728613500867164,0.0702933619006643,0.0232530639832198,0.048899916104602335,0.14969877961678069,0.032374717826870236,0.6576120173344306,57561.07268020631,0.0,rate_cap_plus_inflation_deficits_scale_with_gdp
2041Q2,2041-06-30,2041,2,2041,292860.9647108345,29935.477140273233,0.017189212325988024,0.4610939779671186,0.46365038010387205,1498.7869314943248,1826.102553759097,194.8843209868298,891.9637178258445,304.28891461021084,413.2529898298234,21.71261050638734,5.957305368177581,3826.3405543199274,0.0,5658.4004134472025,7157.187344941527,0.0,0.0,146886.73271418453,154043.92005912605,0.5259967650903089,0.02047096898658651,0.0772844604815695,0.097755429468156,153461.1560221314,582.7640369946275,25742.775157117427,61925.429212420255,20657.858235952517,82583.28744837278,42356.22758529189,2778.8658313493156,0.1677478250809275,20.073227257693304,38171.16009407856,50179.0945715269,0.24873499642198513,0.3269823835048546,27846.140660020854,27846.140660020854,0,0.0,0.0,0.0,0.0,0.0,0.0,0.0,0.0,0.0,0.0,0.0,none,2701.4134378086883,30547.554097829543,3330.846790621599,3330.846790621599,0.0,31176.987450642453,0.2154110468670722,0.5181811771623273,0.1728613500867164,0.0702933619006643,0.0232530639832198,0.04767763560184362,0.15408880867293695,0.03265911535525253,0.6774452210036014,63219.47309365351,0.0,rate_cap_plus_inflation_deficits_scale_with_gdp
2041Q3,2041-09-30,2041,3,2041,323356.4012361534,30063.29795671865,0.017189212325988024,0.4610939779671197,0.46365038010387205,1639.2585600000011,1870.0111340302112,200.47186153605196,886.5019868383846,311.06336337228385,449.63878816401984,22.335134119470123,5.957305368177581,4232.045298688319,0.0,6108.013738086708,7747.272298086709,0.0,0.0,154043.92005912605,161791.19235721277,0.5003494340569852,0.02027804062308102,0.07555766596531248,0.09583570658839351,161208.42832021814,582.7640369946275,26499.99388503323,63746.953676961304,21265.505120929796,85012.4587978911,46835.37000761193,2860.605629681868,0.1643834268540518,20.221104513662855,39177.46494473825,51445.83094824442,0.24302367657178356,0.3191261864178368,29117.623845884184,29117.623845884184,0,0.0,0.0,0.0,0.0,0.0,0.0,0.0,0.0,0.0,0.0,0.0,none,2778.8658313493156,31896.489677233498,3515.2269993983896,3515.2269993983896,0.0,32632.850845282574,0.2154110468670722,0.5181811771623273,0.1728613500867164,0.0702933619006643,0.0232530639832198,0.046354358448706875,0.15860447424974108,0.03244804686836305,0.6990983367926852,69327.48683174021,2.9103830456733704e-11,rate_cap_plus_inflation_deficits_scale_with_gdp
2041Q4,2041-12-31,2041,4,2042,326432.8632316237,30191.66455237581,0.017189212325988024,0.02105209487726678,0.46365038010387316,1741.8761250000018,1912.0434280968248,206.3687023796963,881.472867333849,318.32272428611657,482.88701634859336,22.992117748568013,5.987900480119798,4679.581226961536,0.0,6597.612555538481,8339.488680538483,0.0,0.0,161791.19235721277,170130.68103775126,0.5211812295903349,0.021344372104643596,0.08084495525632268,0.1021893273609663,169547.91700075663,582.7640369946275,27288.37838104484,65643.44882956099,21898.161664547548,87541.61049410854,51772.218433730675,2945.7096918725556,0.1609478834288661,20.201849057427815,40241.48622623752,53090.0475999838,0.2373458013409739,0.3131271002270519,29319.8625297851,29319.862529785103,0,0.0,0.0,0.0,0.0,0.0,0.0,0.0,0.0,0.0,0.0,0.0,none,2860.605629681868,32180.46815946697,3659.907453576946,3659.907453576946,0.0,32979.76998336205,0.2154110468670722,0.5181811771623273,0.1728613500867164,0.0702933619006643,0.0232530639832198,0.04526284705394222,0.16311425756655173,0.03255376193103652,0.7157435141806205,75925.0993872787,0.0,rate_cap_plus_inflation_deficits_scale_with_gdp
2042Q1,2042-03-31,2042,1,2042,329340.1093728726,30319.82671935733,0.017088232020256333,0.018695469559396827,0.0228385780169158,1741.8761250000016,1921.2561074286946,212.5082466423867,879.5026486210129,325.8210730209626,479.7479974959051,23.676141648425663,5.987900480119798,293.1025052749016,0.0,2220.3465131837156,3962.222638183717,0.0,0.0,170130.68103775126,174092.90367593497,0.5286113009661702,0.021155954898015566,0.02696721656419785,0.04812317146221341,173510.13963894034,582.7640369946275,28078.74738995578,67544.71781918168,22532.410724352518,90077.1285435342,52323.23572836516,3031.0279770852044,0.16182770325921722,20.311992707606606,40924.01527403618,53914.54583337851,0.23585950284632087,0.31072850235479055,31012.846389445975,31012.84638944598,0,0.0,0.0,0.0,0.0,0.0,0.0,0.0,0.0,0.0,0.0,0.0,none,2945.7096918725556,33958.55608131854,3669.120132908816,3669.120132908816,0.0,34681.96652235479,0.2154110468670722,0.5181811771623273,0.1728613500867164,0.0702933619006643,0.0232530639832198,0.04428106299922146,0.052203318052692224,0.03219446557355048,0.7410086974903096,78145.44590046241,0.0,rate_cap_plus_inflation_deficits_scale_with_gdp
2042Q2,2042-06-30,2042,2,2042,332273.24776051525,30448.53292858657,0.017088232020256333,0.01869546955939594,0.02271549749328483,1741.8761250000016,1923.439311319026,218.66324529928065,876.513483312506,333.1606982804316,470.73999706098397,24.361887365822327,5.987900480119798,294.63900020043417,0.0,2224.06621199958,3965.9423369995816,0.0,0.0,174092.90367593497,178058.84601293455,0.5358807764784899,0.020969200942176993,0.026773942554684002,0.047743143496861,177476.08197593992,582.7640369946275,28869.586685102262,69447.11810396423,23167.037175729485,92614.15527969372,52875.94298266634,3116.3970284776033,0.1626674781394828,20.24134304469255,41572.175848097024,54756.05109198783,0.23424100523997865,0.30852636863716093,31136.088708310454,31136.088708310454,0,0.0,0.0,0.0,0.0,0.0,0.0,0.0,0.0,0.0,0.0,0.0,none,3031.0279770852044,34167.11668539566,3671.3033367991475,3671.3033367991475,0.0,34807.3920451096,0.2154110468670722,0.5181811771623273,0.1728613500867164,0.0702933619006643,0.0232530639832198,0.043427399465058365,0.05110067475557913,0.03247697139594586,0.7613698198223655,80369.51211246199,0.0,rate_cap_plus_inflation_deficits_scale_with_gdp
2042Q3,2042-09-30,2042,3,2042,335232.50899367913,30577.785489496757,0.017088232020256333,0.018695469559397715,0.02271549749328483,1741.876125000002,1929.4412912985028,224.82190631023386,873.0303015000138,340.41580381982834,466.1252385520363,25.04804111638873,5.987900480119798,297.7513672118363,0.0,2233.180558990459,3975.056683990461,0.0,0.0,178058.84601293455,182033.902696925,0.5430079058960159,0.02078409555480009,0.02664634841882314,0.047430443973623226,181451.13865993038,582.7640369946275,29661.718873039397,71352.62850179787,23802.701137468895,95155.32963926677,53432.18450332974,3201.905644294491,0.16346945570085616,20.23858139371086,42342.520795262564,55792.99384606755,0.2333549467254625,0.3074821919449781,32309.316391674587,32309.31639167459,0,0.0,0.0,0.0,0.0,0.0,0.0,0.0,0.0,0.0,0.0,0.0,none,3116.3970284776033,35425.71342015219,3677.3053167786247,3677.3053167786247,0.0,35986.62170845322,0.2154110468670722,0.5181811771623273,0.1728613500867164,0.0702933619006643,0.0232530639832198,0.042502355487760046,0.05016724771603285,0.03226859663227419,0.7829317037840272,82602.69267145245,0.0,rate_cap_plus_inflation_deficits_scale_with_gdp
2042Q4,2042-12-31,2042,4,2043,338218.1257252321,30707.586721324555,0.017088232020256333,0.018695469559396827,0.022715497493283943,1800.7478400000023,1930.580644051912,230.9906357237943,869.8827907973977,347.609884062472,456.3620168522305,25.735316616016963,6.009754131507097,300.8836361404725,0.0,2237.474034323892,4038.221874323894,0.0,0.0,182033.902696925,186072.12457124892,0.5501542064673779,0.021296881545170964,0.026461905665477105,0.047758787210648065,185489.3605342543,582.7640369946275,30466.782815422826,73289.24682951353,24448.742471051995,97737.98930056553,53995.77820879199,3288.8102094739043,0.16425083750179045,20.09397059530601,43403.71857444664,56837.80231219005,0.2339957313423984,0.3064208219192918,32440.897216799036,32440.897216799036,0,0.0,0.0,0.0,0.0,0.0,0.0,0.0,0.0,0.0,0.0,0.0,none,3201.905644294491,35642.80286109353,3737.3382381834217,3737.3382381834217,0.0,36178.23545498246,0.2154110468670722,0.5181811771623273,0.1728613500867164,0.0702933619006643,0.0232530639832198,0.04179388229403711,0.049166094912531655,0.03235317068199451,0.8000598699428006,84840.16670577634,0.0,rate_cap_plus_inflation_deficits_scale_with_gdp
2043Q1,2043-03-31,2043,1,2043,341438.41696032364,30837.418255642995,0.01701953976476145,0.021251542965382564,0.02271549749328572,1800.7478400000023,1940.6108754221552,237.26007117510525,870.0635642795767,354.9013920287802,451.9520358800453,26.433812058646502,6.009754131507097,304.0573061856509,0.0,2250.6779357393134,4051.4257757393157,0.0,0.0,186072.12457124892,190123.55034698822,0.5568311616471713,0.021096019083397467,0.026367014652611282,0.04746303373600875,189540.7863099936,582.7640369946275,31274.00738044604,75231.06263432784,25096.517643971434,100327.58027829928,54563.25064298315,3375.9480082651353,0.16499882684509634,20.11362549164481,44354.44490315188,57939.42819049278,0.23401002901090784,0.3056831688760273,34094.37120987029,34094.37120987029,0,0.0,0.0,0.0,0.0,0.0,0.0,0.0,0.0,0.0,0.0,0.0,none,3288.8102094739043,37383.1814193442,3747.368469553665,3747.368469553665,0.0,37841.739679423954,0.2154110468670722,0.5181811771623273,0.1728613500867164,0.0702933619006643,0.0232530639832198,0.04098018000657007,0.04838291476330203,0.032031181259412345,0.82090420047581,87090.84464151565,0.0,rate_cap_plus_inflation_deficits_scale_with_gdp
2043Q2,2043-06-30,2043,2,2043,344689.3696971208,30967.798717086724,0.01701953976476145,0.021251542965382564,0.02231557677676199,1800.7478400000023,1944.2838686025004,243.54633247522352,869.7879361385284,362.190039484258,441.6253783880595,27.134182116431024,6.009754131507097,301.8879168500342,0.0,2252.1815395840417,4052.929379584044,0.0,0.0,190123.55034698822,194176.47972657226,0.5633375926191037,0.02089705106464203,0.026135781809146455,0.04703283287378849,193593.71568957763,582.7640369946275,32082.023148775366,77174.78171507205,25744.927735450885,102919.70945052293,55128.81187487754,3463.1712154018,0.16571830875036273,19.964330143919167,45357.092705078176,59039.77301754201,0.2342901087647239,0.3049674045835801,34182.70709773224,34182.70709773223,0,0.0,0.0,0.0,0.0,0.0,0.0,0.0,0.0,0.0,0.0,0.0,none,3375.9480082651353,37558.655105997364,3751.0414627340097,3751.0414627340097,0.0,37933.748560466236,0.2154110468670722,0.5181811771623273,0.1728613500867164,0.0702933619006643,0.0232530639832198,0.04030067557993784,0.047383536347257546,0.03230729660631722,0.8371706639906016,89343.02618109969,0.0,rate_cap_plus_inflation_deficits_scale_with_gdp
2043Q3,2043-09-30,2043,3,2043,347971.27587433916,31098.73042651709,0.017019539764762337,0.021251542965382564,0.02231557677676199,1800.7478400000025,1952.8913868136879,249.8387552710882,869.2163460152012,369.46057029774755,436.54047658585927,27.835238643791964,6.009754131507097,305.01705780362045,0.0,2263.9181987488155,4064.666038748818,0.0,0.0,194176.47972657226,198241.1457653211,0.5697054886705958,0.020699959621383185,0.02602419631402416,0.04672415593540735,197658.38172832647,582.7640369946275,32891.89307161349,79122.96104973537,26394.82573414922,105517.7867838846,55698.107299118165,3550.594573710166,0.16640778288280272,19.905663766245954,46435.94704861912,60075.976751190065,0.2349303209030795,0.30393842257477394,35504.24247955455,35504.242479554545,0,0.0,0.0,0.0,0.0,0.0,0.0,0.0,0.0,0.0,0.0,0.0,none,3463.1712154018,38967.41369495635,3759.6489809451978,3759.6489809451978,0.0,39263.89146049974,0.2154110468670722,0.5181811771623273,0.1728613500867164,0.0702933619006643,0.0232530639832198,0.039518566239863204,0.04663630120263237,0.03211357245488994,0.85533669749424,91606.9443798485,2.9103830456733704e-11,rate_cap_plus_inflation_deficits_scale_with_gdp
2043Q4,2043-12-31,2043,4,2044,351284.4302103432,31230.21571460801,0.01701953976476145,0.021251542965381676,0.02231557677676199,1891.4835450000026,1955.134968161487,256.14561729519005,868.374497520844,376.6224134329157,425.45453602634205,28.537903886195455,6.019952502154488,308.1668593215102,0.0,2269.321779985152,4160.805324985155,0.0,0.0,198241.1457653211,202401.95109030625,0.5761768347350645,0.02153791494678445,0.025840277391472433,0.04737819233825689,201819.18705331162,582.7640369946275,33721.79395670245,81119.3257850538,27060.798020719853,108180.12380577366,56277.08906837902,3640.1802224564562,0.16708913780231738,19.75609030244921,47250.33295863635,61998.55145841928,0.2341221052790928,0.30719849962551893,35921.220512734464,35921.220512734464,0,0.0,0.0,0.0,0.0,0.0,0.0,0.0,0.0,0.0,0.0,0.0,none,3550.594573710166,39471.81508644463,3852.6384656636437,3852.6384656636437,0.0,39773.85897839811,0.2154110468670722,0.5181811771623273,0.1728613500867164,0.0702933619006643,0.0232530639832198,0.03931622540533843,0.04578911751592854,0.03228218615781677,0.8618587646101888,93876.26615983366,0.0,rate_cap_plus_inflation_deficits_scale_with_gdp
2044Q1,2044-03-31,2044,1,2044,354425.77167930943,31360.93155843563,0.016847634395924738,0.019083305138657858,0.02231557677676199,1891.4835450000026,1986.0024731020221,262.60847043782036,890.2846004909641,383.97535497957847,419.87609865566685,29.257948537993766,6.019952502154488,311.37025351369147,0.0,2303.392679117868,4194.87622411787,0.0,0.0,202401.95109030625,206596.82731442412,0.5829057699036528,0.021347020404728915,0.025995769643997756,0.04734279004872667,206014.0632774295,582.7640369946275,34558.34404334482,83131.68548041844,27732.106105868315,110863.79158628675,56861.4440125278,3730.483635270132,0.16774749982386744,19.74528780710177,48239.72013249651,63968.55618174173,0.23415741316423794,0.3105057740431937,37503.816724378616,37503.81672437862,0,0.0,0.0,0.0,0.0,0.0,0.0,0.0,0.0,0.0,0.0,0.0,none,3640.1802224564562,41143.996946835076,3883.5059706041793,3883.5059706041793,0.0,41387.3226949828,0.2154110468670722,0.5181811771623273,0.1728613500867164,0.0702933619006643,0.0232530639832198,0.03900509298332519,0.04552115563530624,0.031961644979290244,0.8720413862542308,96179.65883895152,0.0,rate_cap_plus_inflation_deficits_scale_with_gdp
2044Q2,2044-06-30,2044,2,2044,357595.2044195532,31492.19452086094,0.01684763439592385,0.019083305138657858,0.023076797027411944,1891.4835450000026,2011.221868185728,269.1231042375478,912.3702481475905,391.395922385507,408.3488311966004,29.98376221848368,6.019952502154488,325.2437839794263,0.0,2342.4856046673085,4233.969149667311,0.0,0.0,206596.82731442412,210830.79646409143,0.5895794850110223,0.02115781779646905,0.02620265121809583,0.04736046901456488,210248.0324270968,582.7640369946275,35400.32666628352,85157.11339161482,28407.773649699317,113564.88704131414,57461.44524320783,3821.3734762913064,0.1683741163121635,19.58509479207149,49181.564577525896,66090.63632441456,0.23392164012083932,0.31434603958698826,37656.03652575511,37656.03652575511,0,0.0,0.0,0.0,0.0,0.0,0.0,0.0,0.0,0.0,0.0,0.0,none,3730.483635270132,41386.52016102524,3908.7253656878847,3908.7253656878847,0.0,41564.76189144299,0.2154110468670722,0.5181811771623273,0.1728613500867164,0.0702933619006643,0.0232530639832198,0.03880989886063718,0.04535375755993057,0.032235397780277154,0.8782343681675241,98522.14444361883,0.0,rate_cap_plus_inflation_deficits_scale_with_gdp
2044Q3,2044-09-30,2044,3,2044,360792.979635705,31624.006891879962,0.016847634395925626,0.019083305138657858,0.023076797027411944,1891.4835450000026,2042.2143901518577,275.680043913683,934.5993194729707,398.8980420678863,402.3226953816272,30.71428931569137,6.019952502154488,328.6757522322141,0.0,2376.910094886226,4268.393639886229,0.0,0.0,210830.79646409143,215099.19010397766,0.5961845219969765,0.02097029212608123,0.0263520659108856,0.047322358036966834,214516.42606698303,582.7640369946275,36248.98542082401,87198.60104432686,29088.798602719977,116287.39964704684,58067.057010703415,3912.9839884087605,0.16897999880673573,19.524077771377282,49987.066291653624,67722.40412839263,0.23302209163248458,0.3156979881216473,39097.542494669855,39097.542494669855,0,0.0,0.0,0.0,0.0,0.0,0.0,0.0,0.0,0.0,0.0,0.0,none,3821.3734762913064,42918.91597096116,3939.7178876540147,3939.7178876540147,0.0,43037.26038232387,0.2154110468670722,0.5181811771623273,0.1728613500867164,0.0702933619006643,0.0232530639832198,0.03849691839232598,0.04509607011404636,0.03204950239894334,0.8867241276336129,100899.05453850506,0.0,rate_cap_plus_inflation_deficits_scale_with_gdp
2044Q4,2044-12-31,2044,4,2045,364019.35077877797,31756.370971073586,0.01684763439592385,0.01908330513865697,0.023076797027411944,1973.0820900000026,2066.7706527022315,282.2889739646669,957.0046464614852,406.5137808191564,389.5126426500881,31.45060880683541,6.028693962709422,332.1398123928975,0.0,2404.9391590578384,4378.0212490578415,0.0,0.0,215099.19010397766,219477.2113530355,0.602927319340274,0.021681068171555365,0.026426497975041655,0.048107566146597024,218894.44731604087,582.7640369946275,37120.51297659606,89295.1006498371,29788.175130152667,119083.27577998977,58683.59543113099,4007.0631283240514,0.16958179356190467,19.337960684554496,51985.773183754136,70893.62010872616,0.23749242532724837,0.32387125839866376,39256.69594677666,39256.69594677666,0,0.0,0.0,0.0,0.0,0.0,0.0,0.0,0.0,0.0,0.0,0.0,none,3912.9839884087605,43169.67993518542,4045.8814366649435,4045.8814366649435,0.0,43302.5773834416,0.2154110468670722,0.5181811771623273,0.1728613500867164,0.0702933619006643,0.0232530639832198,0.03831324510686062,0.04472242146323852,0.0321751733975408,0.8925863601684312,103303.99369756291,0.0,rate_cap_plus_inflation_deficits_scale_with_gdp
2045Q1,2045-03-31,2045,1,2045,367355.40332153655,31884.47140650104,0.01623329428827147,0.020597325915870046,0.023076797027411944,1973.0820900000026,2098.818616543659,289.0759948052418,980.01372963196,414.3132816212618,383.20884059129276,32.206769893904564,6.028693962709422,335.66637230200547,0.0,2440.513682808374,4413.595772808377,0.0,0.0,219477.2113530355,223890.80712584386,0.6094664869537202,0.021484176600206593,0.02657386999882788,0.048058046599034475,223308.04308884923,582.7640369946275,37998.944017809146,91408.20690697637,30493.091511882514,121901.29841885887,59305.91317058812,4101.887481593079,0.17016379478409663,19.30859125615873,53860.969302386366,73735.28572626124,0.24119583225650454,0.33019538708206597,41068.68312962523,41068.68312962523,0,0.0,0.0,0.0,0.0,0.0,0.0,0.0,0.0,0.0,0.0,0.0,none,4007.0631283240514,45075.74625794928,4077.929400506371,4077.929400506371,0.0,45146.6125301316,0.2154110468670722,0.5181811771623273,0.1728613500867164,0.0702933619006643,0.0232530639832198,0.03801719866517117,0.04447867125271127,0.03189357229749526,0.9021494595630325,105744.50738037129,-2.9103830456733704e-11,rate_cap_plus_inflation_deficits_scale_with_gdp
2045Q2,2045-06-30,2045,2,2045,370722.02909218596,32013.088579863437,0.01623329428827147,0.020597325915870046,0.02213343204113838,1973.0820900000026,2124.406705081774,295.91677653868874,1003.2050708040636,422.19445410680487,370.1214829989145,32.96892063330438,6.028693962709422,325.4717428667266,0.0,2455.9071419112097,4428.989231911212,0.0,0.0,223890.80712584386,228319.79635775508,0.6158786865643199,0.021289073053809428,0.0264986372450018,0.04778771029881122,227737.03232076045,582.7640369946275,38882.88701596156,93534.57242995563,31202.431085143195,124737.00351509883,59919.83495337799,4197.306836322092,0.17073589929456987,19.129086460161655,55943.67709036855,76899.97199145771,0.24565032976970402,0.3376700363915629,41189.46401305811,41189.46401305811,0,0.0,0.0,0.0,0.0,0.0,0.0,0.0,0.0,0.0,0.0,0.0,none,4101.887481593079,45291.351494651186,4103.517489044486,4103.517489044486,0.0,45292.98150210259,0.2154110468670722,0.5181811771623273,0.1728613500867164,0.0702933619006643,0.0232530639832198,0.0378384803303323,0.04387687325689618,0.03216445763781181,0.9077542170331067,108200.4145222825,0.0,rate_cap_plus_inflation_deficits_scale_with_gdp
2045Q3,2045-09-30,2045,3,2045,374119.50827883824,32142.224575604054,0.01623329428827036,0.020597325915870046,0.022133432041139267,1973.0820900000026,2156.287976914064,302.80048263680067,1026.5419324187608,430.0455029291746,363.1642052323901,33.73585369693881,6.028693962709422,328.8409548381285,0.0,2491.1576257149018,4464.239715714904,0.0,0.0,228319.79635775508,232784.03607347,0.6222183845595448,0.02109574129483168,0.02663488613224837,0.04773062742708005,232201.27203647536,582.7640369946275,39773.69759225482,95677.4582279024,31917.28169809529,127594.7399259977,60539.366989917995,4293.467528304887,0.1712897489467972,19.015986425812937,57670.27415190393,79745.16221669888,0.2483632998480938,0.34343120309940467,42538.771455461996,42538.771455461996,0,0.0,0.0,0.0,0.0,0.0,0.0,0.0,0.0,0.0,0.0,0.0,none,4197.306836322092,46736.078291784084,4135.398760876777,4135.398760876777,0.0,46674.170216338774,0.2154110468670722,0.5181811771623273,0.1728613500867164,0.0702933619006643,0.0232530639832198,0.03757492330343796,0.043643304968816604,0.03202361360370067,0.9149395133096095,110691.5721479974,0.0,rate_cap_plus_inflation_deficits_scale_with_gdp
2045Q4,2045-12-31,2045,4,2046,377548.12363738747,32271.88148657454,0.01623329428827236,0.020597325915870046,0.02213343204113838,2049.0671250000028,2183.151127289341,309.73766999968444,1050.0601040512263,438.00933547051073,350.835272509169,34.50874525875053,6.044719973726774,332.2409559664075,0.0,2521.436803229475,4570.503928229478,0.0,0.0,232784.03607347,237354.54000169947,0.6286736051419617,0.021709202050947125,0.026713805688529022,0.04842300773947615,236771.77596470484,582.7640369946275,40686.66625600796,97873.64632399318,32649.91355750323,130523.5598814964,61169.529698823855,4392.020128376632,0.17183917335684912,18.98316291660717,59757.000618774735,82207.11163989537,0.252382279835932,0.3471997931550332,43918.34040120525,43918.340401205256,0,0.0,0.0,0.0,0.0,0.0,0.0,0.0,0.0,0.0,0.0,0.0,none,4293.467528304887,48211.80792951014,4238.26297226307,4238.26297226307,0.0,48156.60337346833,0.2154110468670722,0.5181811771623273,0.1728613500867164,0.0702933619006643,0.0232530639832198,0.037245961928357864,0.043326627474294215,0.03194196132471056,0.9236471543061981,113213.00895122688,0.0,rate_cap_plus_inflation_deficits_scale_with_gdp
2046Q1,2046-03-31,2046,1,2046,380923.04746273375,32400.426276002614,0.01602817697257164,0.01989152606750877,0.02213343204113749,2049.0671250000028,2206.5208661701927,316.847413468662,1074.1632684058225,446.2577944798691,333.95152803401265,35.30086178182717,6.044719973726774,335.6992983844135,0.0,2548.264884528333,4597.332009528336,0.0,0.0,237354.54000169947,241951.8720112278,0.6351725725781879,0.021516861619673627,0.026758841729340448,0.04827570334901408,241369.10797423316,582.7640369946275,41604.669019678426,100081.94417888722,33386.58514152528,133468.5293204125,61804.79348766044,4491.116146481844,0.17236948575921257,19.07086145939183,61636.6011085091,84546.0131906214,0.25536242655828595,0.35027685978624457,45652.37986040589,45652.37986040588,0,0.0,0.0,0.0,0.0,0.0,0.0,0.0,0.0,0.0,0.0,0.0,none,4392.020128376632,50044.39998878251,4261.632711143922,4261.632711143922,0.0,49914.01257154981,0.2154110468670722,0.5181811771623273,0.1728613500867164,0.0702933619006643,0.0232530639832198,0.036838957429282955,0.04294444731514446,0.031732467768056806,0.9351767001242655,115761.27383575522,0.0,rate_cap_plus_inflation_deficits_scale_with_gdp
2046Q2,2046-06-30,2046,2,2046,384328.13992119924,32529.483082769868,0.01602817697257164,0.01989152606750788,0.023159436985126236,2049.0671250000028,2224.7252490276087,323.99635999074576,1098.3993373632845,454.59290280173616,311.6393028444952,36.097346027347825,6.044719973726774,354.7746089459156,0.0,2585.544577947251,4634.611702947253,0.0,0.0,241951.8720112278,246586.48371417503,0.641604030776237,0.02132622529716542,0.02690976079427729,0.04823598609144271,246003.7196771804,582.7640369946275,42526.593208517785,102299.67520231984,34126.40355974556,136426.0787620654,62460.41223433088,4590.6354722664155,0.1728697162153626,19.04306671506074,63640.17655499825,87405.85807814472,0.25869599304640756,0.35530299376303537,45999.00834034737,45999.00834034737,0,0.0,0.0,0.0,0.0,0.0,0.0,0.0,0.0,0.0,0.0,0.0,none,4491.116146481844,50490.12448682921,4279.837094001337,4279.837094001337,0.0,50278.84543434871,0.2154110468670722,0.5181811771623273,0.1728613500867164,0.0702933619006643,0.0232530639832198,0.036509282017380226,0.042744774924944884,0.03191456277961189,0.9437221996874826,118346.81841370247,-2.9103830456733704e-11,rate_cap_plus_inflation_deficits_scale_with_gdp
2046Q3,2046-09-30,2046,3,2046,387763.6706918856,32659.05394633475,0.016028176972572528,0.019891526067509657,0.023159436985126236,2049.0671250000028,2247.028499503768,331.17584461133225,1122.7389353454573,462.9689948660739,293.2474920725636,36.897232608341305,6.044719973726774,358.53802067083456,0.0,2611.6112401483297,4660.678365148333,0.0,0.0,246586.48371417503,251247.16207932337,0.6479388892492786,0.021137277985262087,0.026940236412435845,0.04807751439769794,250664.39804232874,582.7640369946275,43453.32176389075,104528.96335033873,34870.07734795448,139399.04069829322,63121.36216318349,4690.673416961341,0.17335258657894032,19.016701866896824,65684.57193173264,90048.22781511747,0.2620418872593177,0.35923820262625156,47019.56613358242,47019.566133582426,0,0.0,0.0,0.0,0.0,0.0,0.0,0.0,0.0,0.0,0.0,0.0,none,4590.6354722664155,51610.201605848844,4302.140344477497,4302.140344477497,0.0,51321.706478059925,0.2154110468670722,0.5181811771623273,0.1728613500867164,0.0702933619006643,0.0232530639832198,0.03618342406168182,0.0423642237126917,0.03190844861441721,0.9521608305434245,120958.42965385079,0.0,rate_cap_plus_inflation_deficits_scale_with_gdp
2036Q4,2036-12-31,2036,4,2037,45967.34873685144,27698.55388240954,0.017515988152144724,0.09114627507840711,0.022578201318361746,249.20839514741775,1584.719825228435,330.1144357628681,916.7886883253786,225.02850094890826,98.67032999239234,14.117870198887333,5.894658234200658,34.984618848701245,0.0,1625.599102311337,1874.8074974587548,0.0,0.0,77061.53216807223,78936.33966553098,1.7172262885426914,0.021685687949858246,0.14145685117646256,0.16314253912632082,78353.57562853635,582.7640369946275,16668.132627679162,40095.95938428566,13375.71100159534,53471.67038588101,6414.490915596158,1799.2816993800316,0.21272969987611687,20.14357022784557,21531.39673102887,26293.85524561104,0.27479788329132926,0.3355795193095799,17421.739362036373,17421.739362036373,0,0.0,0.0,0.0,0.0,0.0,0.0,0.0,0.0,0.0,0.0,0.0,none,1756.50018026592,19178.239542302294,1839.8228786100535,1839.8228786100535,0.0,19261.562240646424,0.2154110468670722,0.5181811771623273,0.1728613500867164,0.0702933619006643,0.0232530639832198,0.0708329619005054,0.08437927752414182,0.032404597541071896,0.2657047108185337,1625.599102311337,0.0,rate_cap_plus_five_year_inflation_endpoint_reset
2037Q1,2037-03-31,2037,1,2037,47174.58791405741,27818.71239056672,0.01746555549210771,0.09022195135780486,0.09411484492606093,253.45699282987303,1389.7322352390408,129.80308283805147,916.7358860393693,228.51892702612693,100.21261267672652,14.461726658767,5.894658234200658,145.87286232213512,0.0,1541.4997557953768,1794.95674862525,0.0,0.0,78936.33966553098,80731.29641415624,1.7113301882198184,0.021490976734475822,0.13070594351379847,0.15219692024827428,80148.53237716161,582.7640369946275,17023.363513999335,40950.48361372964,13660.773868587949,54611.25748231758,6676.283428342749,1837.6279525019343,0.2123976947436926,20.032784117631692,21824.18041934869,26690.082825357098,0.2722966943006371,0.333007754898859,17921.14080000712,17921.14080000712,0,0.0,0.0,0.0,0.0,0.0,0.0,0.0,0.0,0.0,0.0,0.0,none,1799.2816993800316,19720.422499387154,1649.0838863031147,1649.0838863031147,0.0,19570.224686310234,0.2154110468670722,0.5181811771623273,0.1728613500867164,0.0702933619006643,0.0232530639832198,0.06952429872780205,0.07811356656906154,0.032296257826337625,0.2934263319682399,3167.098858106714,1.4551915228366852e-11,rate_cap_plus_five_year_inflation_endpoint_reset
2037Q2,2037-06-30,2037,2,2037,48413.53277956237,27939.39215579544,0.01746555549210771,0.09022195135780597,0.0939234186184843,257.77802219046936,1395.3097708245032,132.56944336526982,915.3101665997519,231.62958331157887,101.03064287966812,14.769934668234297,5.894658234200658,151.52764250452776,0.0,1552.7320715632316,1810.5100937537009,0.0,0.0,80731.29641415624,82541.80650790993,1.7049325213208717,0.021298013790002915,0.12828909459123072,0.14958710838123365,81959.0424709153,582.7640369946275,17380.726660557022,41810.137093209574,13947.547814881049,55757.684908090625,6944.426524679784,1876.2043775878706,0.2120660043914605,19.91288341281861,22157.201256277116,27129.729593339776,0.27034480379806797,0.3310156972974308,18289.431214864573,18289.431214864577,0,0.0,0.0,0.0,0.0,0.0,0.0,0.0,0.0,0.0,0.0,0.0,none,1837.6279525019343,20127.05916736651,1658.9824512491732,1658.9824512491732,0.0,19948.41366611375,0.2154110468670722,0.5181811771623273,0.1728613500867164,0.0702933619006643,0.0232530639832198,0.06826055687574108,0.07693334013107511,0.03233697897717953,0.32021426075551934,4719.830929669945,-1.4551915228366852e-11,rate_cap_plus_five_year_inflation_endpoint_reset
2037Q3,2037-09-30,2037,3,2037,49685.016018959584,28060.59543934993,0.017465555492108598,0.09022195135780486,0.0939234186184843,262.1727180714749,1400.9141639436568,135.3524088690878,913.3710008706792,234.7486004835197,102.3621610355073,15.079992684862509,5.894658234200658,157.61352721537236,0.0,1564.42234939323,1826.595067464705,0.0,0.0,82541.80650790993,84368.40157537464,1.6980652988655578,0.02110678341908401,0.1259472150554407,0.14705399847452474,83785.63753838,582.7640369946275,17740.243721343948,42674.97191239817,14236.050217198355,56911.022129596524,7219.358375309434,1915.0133121301005,0.21173370809785397,19.777104991896405,22424.716754240184,27517.399650757852,0.2676439233868455,0.3284262131221816,18669.211212934428,18669.211212934428,0,0.0,0.0,0.0,0.0,0.0,0.0,0.0,0.0,0.0,0.0,0.0,none,1876.2043775878706,20545.415590522298,1668.9815402493325,1668.9815402493325,0.0,20338.19275318376,0.2154110468670722,0.5181811771623273,0.1728613500867164,0.0702933619006643,0.0232530639832198,0.06702187404861241,0.07581236299902461,0.03231749006497804,0.3461872994691516,6284.253279063176,0.0,rate_cap_plus_five_year_inflation_endpoint_reset
2037Q4,2037-12-31,2037,4,2038,50989.89218664047,28182.3245122939,0.01746555549210682,0.09022195135780486,0.0939234186184843,276.84022359758626,1406.1668517366422,138.152147979966,911.1044786387257,237.91491434895215,103.6033912727523,15.391919496245684,5.91068424521801,163.85349225317458,0.0,1575.9310282350348,1852.7712518326211,0.0,0.0,84368.40157537464,86221.17282720727,1.6909463646561211,0.021717262910402414,0.12362693550844057,0.145344198418843,85638.40879021263,582.7640369946275,18104.055264007347,43550.13730518741,14527.99882130469,58078.1361264921,7501.931574857184,1954.2858248559976,0.21140111685583313,19.564301501439136,22919.243409121318,28890.387294363838,0.26762808572572044,0.33735315383003284,18823.42441633037,18823.42441633037,0,0.0,0.0,0.0,0.0,0.0,0.0,0.0,0.0,0.0,0.0,0.0,none,1915.0133121301005,20738.43772846047,1688.9177595794463,1688.9177595794463,0.0,20512.342175909816,0.2154110468670722,0.5181811771623273,0.1728613500867164,0.0702933619006643,0.0232530639832198,0.06594847539887425,0.07471664740866756,0.03218472236684343,0.3687706119855185,7860.18430729821,1.4551915228366852e-11,rate_cap_plus_five_year_inflation_endpoint_reset
2038Q1,2038-03-31,2038,1,2038,52350.20583876496,28304.416431579815,0.017441798459170377,0.09201253730718917,0.0939234186184843,281.5598989989359,1414.2583187455261,140.98533036845723,911.5608090261816,241.11905027901918,104.88555675458818,15.707572317280084,5.91068424521801,170.26688845212243,0.0,1590.4358914428665,1871.9957904418025,0.0,0.0,86221.17282720727,88093.16861764906,1.682766422905193,0.021513565762558494,0.12152279945880633,0.14303636522136481,87510.40458065443,582.7640369946275,18470.626468268896,44431.94119083157,14822.161976784213,59254.10316761578,7791.818708873687,1993.856235896058,0.21106777596080412,19.399055331870255,23389.877509680533,30277.978370713598,0.26728110356435536,0.34599289668244804,19298.437333729908,19298.43733372991,0,0.0,0.0,0.0,0.0,0.0,0.0,0.0,0.0,0.0,0.0,0.0,none,1954.2858248559976,21252.723158585908,1701.72890198968,1701.72890198968,0.0,21000.166235719593,0.2154110468670722,0.5181811771623273,0.1728613500867164,0.0702933619006643,0.0232530639832198,0.0648677038274208,0.07378400637765396,0.03216464271677757,0.3916891643385358,9450.620198741077,0.0,rate_cap_plus_five_year_inflation_endpoint_reset
2038Q2,2038-06-30,2038,2,2038,53746.81008011806,28427.0372794411,0.017441798459170377,0.09201253730718917,0.09416473310968354,286.36003718710407,1421.4982324221403,143.84000362164406,911.7261945006968,244.34071933191623,105.56569547186871,16.025619496014567,5.91068424521801,177.28571107323228,0.0,1604.6946277405905,1891.0546649276946,0.0,0.0,88093.16861764906,89984.22328257676,1.6742244451055075,0.021311779192866663,0.11942622271710943,0.1407380019099761,89401.45924558213,582.7640369946275,18839.79123270697,45319.98400472412,15118.406391884197,60438.390396608316,8089.571001234334,2033.7066150324918,0.21073248011483617,19.2435160531668,23868.12194950234,31718.921398926544,0.2669768720881568,0.3547919873633827,19716.56762920864,19716.567629208643,0,0.0,0.0,0.0,0.0,0.0,0.0,0.0,0.0,0.0,0.0,0.0,none,1993.856235896058,21710.4238651047,1713.7689538544623,1713.7689538544623,0.0,21430.336583063105,0.2154110468670722,0.5181811771623273,0.1728613500867164,0.0702933619006643,0.0232530639832198,0.06380176907451246,0.07286352178818539,0.03216449770167597,0.41427001823087123,11055.314826481666,0.0,rate_cap_plus_five_year_inflation_endpoint_reset
2038Q3,2038-09-30,2038,3,2038,55180.67307481727,28550.18934731063,0.01744179845916949,0.09201253730718917,0.09416473310968354,291.2420099216952,1428.3543721605167,146.71487422470557,911.5532234203439,247.5868494994775,106.15350809766576,16.345916918323653,5.91068424521801,184.06041013222412,0.0,1618.3254665379588,1909.567476459654,0.0,0.0,89984.22328257676,91893.7907590364,1.6653256591205636,0.021111885281052067,0.11731103492295109,0.13842292020400315,91311.02672204177,582.7640369946275,19211.484516241093,46214.109287555584,15416.679872953726,61630.78916050931,8394.923104042065,2073.829941249301,0.21039610664681738,19.044307233694475,24362.007685304005,33276.953164580606,0.26680247238336224,0.3644352096256498,20035.752652885636,20035.752652885636,0,0.0,0.0,0.0,0.0,0.0,0.0,0.0,0.0,0.0,0.0,0.0,none,2033.7066150324918,22069.45926791813,1725.5070663274298,1725.5070663274298,0.0,21761.259719213067,0.2154110468670722,0.5181811771623273,0.1728613500867164,0.0702933619006643,0.0232530639832198,0.0627884633139563,0.07193818682885972,0.032168612905078206,0.43545320717077457,12673.640293019625,0.0,rate_cap_plus_five_year_inflation_endpoint_reset
2038Q4,2038-12-31,2038,4,2039,56652.78881576327,28673.874936548265,0.017441798459170377,0.09201253730719028,0.09416473310968354,303.25799039712496,1435.7056896017043,149.60943567022753,911.3185350555187,250.86040095421558,107.24890976895134,16.668408152791258,5.922339525957902,191.0080261762581,0.0,1632.6360553039203,1935.8940457010453,0.0,0.0,91893.7907590364,93829.68480473745,1.656223581682354,0.021411690173511487,0.11527312878547295,0.13668481895898443,93246.92076774282,582.7640369946275,19587.352240370645,47118.27637916703,15718.303226036218,62836.579605203246,8708.585034664193,2114.4038875047368,0.21005897116064937,18.84384225665621,25618.960275784968,34764.41636794909,0.2747432308204156,0.37282106563646705,20424.125878925894,20424.125878925894,0,0.0,0.0,0.0,0.0,0.0,0.0,0.0,0.0,0.0,0.0,0.0,none,2073.829941249301,22497.955820175193,1744.8860195247871,1744.8860195247871,0.0,22169.01189845068,0.2154110468670722,0.5181811771623273,0.1728613500867164,0.0702933619006643,0.0232530639832198,0.061800203843210354,0.07106621859076477,0.03216928996471295,0.4560849560458785,14306.276348323547,0.0,rate_cap_plus_five_year_inflation_endpoint_reset
2039Q1,2039-03-31,2039,1,2039,58151.48646688649,28796.577412871466,0.017227156981449054,0.09128996706351367,0.09416473310968354,308.42804574146885,1443.0815717226983,152.5365055718864,910.9636760778233,254.1707172542959,108.41615157287316,16.99452124581932,5.922339525957902,198.14471409016164,0.0,1647.1486253388177,1955.5766710802866,0.0,0.0,93829.68480473745,95785.26147581774,1.6471678936420868,0.021215488337832853,0.11330053454621576,0.13451602288404862,95202.4974388231,582.7640369946275,19965.922498023534,48028.94453942287,16022.09528680707,64051.03982622994,9030.26554932285,2155.2695652467837,0.20972057493400934,18.68118400529587,26917.617933447695,36416.58632257451,0.2827406702302625,0.38251713245207375,20887.769108271143,20887.769108271143,0,0.0,0.0,0.0,0.0,0.0,0.0,0.0,0.0,0.0,0.0,0.0,none,2114.4038875047368,23002.17299577588,1757.431956990125,1757.431956990125,0.0,22645.201065261266,0.2154110468670722,0.5181811771623273,0.1728613500867164,0.0702933619006643,0.0232530639832198,0.060817950206320165,0.07021865750765703,0.032149755556558565,0.4768564521156234,15953.424973662364,0.0,rate_cap_plus_five_year_inflation_endpoint_reset
2039Q2,2039-06-30,2039,2,2039,59689.8307920117,28919.80496289779,0.017227156981449054,0.09128996706351367,0.09434876708684614,313.68624211790416,1449.93628228538,155.4846214533583,910.4939919546091,257.55699624128135,109.0776935054598,17.32297913067102,5.922339525957902,205.85217562928514,0.0,1661.7107974406229,1975.397039558527,0.0,0.0,95785.26147581774,97760.65851537626,1.6378109506797192,0.021021084359306632,0.11135637514073904,0.13237745950004567,97177.89447838163,582.7640369946275,20347.10200964078,48945.889380055276,16327.981201024893,65273.87058108017,9360.504982471775,2196.4169051889085,0.20937994302981358,18.538492282959883,28259.568384556882,37937.91823830597,0.290802435432922,0.3903965859925655,21325.471175296545,21325.47117529655,0,0.0,0.0,0.0,0.0,0.0,0.0,0.0,0.0,0.0,0.0,0.0,none,2155.2695652467837,23480.740740543333,1769.544863929242,1769.544863929242,0.0,23095.01603922579,0.2154110468670722,0.5181811771623273,0.1728613500867164,0.0702933619006643,0.0232530639832198,0.059843226881326365,0.06939317267970893,0.032129759330069396,0.4974958921535308,17615.13577110299,0.0,rate_cap_plus_five_year_inflation_endpoint_reset
2039Q3,2039-09-30,2039,3,2039,61268.87060759514,29043.55983354516,0.017227156981449054,0.09128996706351367,0.09434876708684525,319.0340821876252,1456.296842751643,158.4530569000776,909.9293402080078,260.91156232884094,109.34918243926035,17.65370087545585,5.922339525957902,213.3802494628798,0.0,1675.5994317404807,1994.633513928106,0.0,0.0,97760.65851537626,99755.29202930437,1.6281562078759502,0.020828461763620392,0.10939319854430393,0.13022166030792431,99172.52799230974,582.7640369946275,20730.803640074624,49868.9012934601,16635.89104516672,66504.79233862682,9699.09551229045,2237.8365013178372,0.2090377653948902,18.3706787185717,29710.2668612061,39653.00388959597,0.2995816226799216,0.3998385913150347,21665.015173849046,21665.015173849046,0,0.0,0.0,0.0,0.0,0.0,0.0,0.0,0.0,0.0,0.0,0.0,none,2196.4169051889085,23861.432079037953,1781.253264465226,1781.253264465226,0.0,23446.268438314273,0.2154110468670722,0.5181811771623273,0.1728613500867164,0.0702933619006643,0.0232530639832198,0.05892536424576484,0.06855925306505313,0.032148482275538126,0.5169654768586566,19290.73520284347,1.4551915228366852e-11,rate_cap_plus_five_year_inflation_endpoint_reset
2039Q4,2039-12-31,2039,4,2040,62889.682475571986,29167.84428134662,0.017227156981449054,0.09128996706351367,0.09434876708684614,329.3028788218573,1463.401430445646,161.44113334708115,909.4289598795824,264.3004017618386,110.2443245778019,17.98661087934211,5.935451716790281,221.0986932705364,0.0,1690.4355754329727,2019.73845425483,0.0,0.0,99755.29202930437,101775.0304835592,1.618310452165048,0.02094479513072862,0.10751751377276121,0.12846230890348984,101192.26644656456,582.7640369946275,21118.25051392499,50800.92256209791,16946.806342570115,67747.72890466802,10046.626641208779,2279.660386762768,0.20869431287100051,18.411267012217056,30323.441978807325,40330.44976852671,0.29966165442909487,0.3985526877177274,22824.054251290116,22824.054251290116,0,0.0,0.0,0.0,0.0,0.0,0.0,0.0,0.0,0.0,0.0,0.0,none,2237.8365013178372,25061.890752607953,1798.6397609842936,1798.6397609842936,0.0,24622.69401227441,0.2154110468670722,0.5181811771623273,0.1728613500867164,0.0702933619006643,0.0232530639832198,0.05765944735358201,0.0677832941408817,0.03250103916979881,0.5433858333514883,20981.170778276442,0.0,rate_cap_plus_five_year_inflation_endpoint_reset
2040Q1,2040-03-31,2040,1,2040,64555.70612158392,29295.409800174013,0.017609093307503265,0.09103819916312572,0.09434876708684725,334.91695713956716,1461.1492072227684,164.4583758771909,899.5491618622107,267.6964856407104,111.1224134840506,18.322770358605744,5.935451716790281,229.02094523489018,0.0,1696.105604174449,2031.022561314016,0.0,0.0,101775.0304835592,103806.05304487322,1.6080073982827385,0.02075212106014524,0.10509407803424914,0.12584619909439437,103223.28900787859,582.7640369946275,21506.42156850075,51734.685880766214,17258.302774784,68992.98865555022,10402.316338188304,2321.5624456393216,0.20834854009407955,18.47473416563793,31069.45750525642,41127.054127230585,0.3009927101129768,0.3984280536158031,23342.079649408402,23342.079649408402,0,0.0,0.0,0.0,0.0,0.0,0.0,0.0,0.0,0.0,0.0,0.0,none,2279.660386762768,25621.74003617117,1802.0016160791258,1802.0016160791258,0.0,25144.08126548753,0.2154110468670722,0.5181811771623273,0.1728613500867164,0.0702933619006643,0.0232530639832198,0.05639758669405897,0.06666097160043352,0.03248115348585114,0.5699970363207884,22677.27638245089,0.0,rate_cap_plus_five_year_inflation_endpoint_reset
2040Q2,2040-06-30,2040,2,2040,66265.86474617757,29423.53322658747,0.017609093307503265,0.09103819916312572,0.0937599097615669,340.6267463586518,1457.8635096680682,167.4812579646996,888.8290103260385,271.0777873188267,111.81589590167721,18.65955815682604,5.935451716790281,235.69764657852267,0.0,1699.4966079633812,2040.123354322033,0.0,0.0,103806.05304487322,105846.17639919525,1.5972956333494583,0.020561219425016274,0.10258654977026697,0.12314776919528325,105263.41236220062,582.7640369946275,21895.114799199637,52669.7053181067,17570.218238755722,70239.92355686243,10764.853134064106,2363.5208720744477,0.20800308775722368,18.570482389155348,31631.526600191377,41725.16315340926,0.3004987762637842,0.3963880917126005,23826.591082220573,23826.59108222057,0,0.0,0.0,0.0,0.0,0.0,0.0,0.0,0.0,0.0,0.0,0.0,none,2321.5624456393216,26148.15352785989,1804.4257077435104,1804.4257077435104,0.0,25631.01678996408,0.2154110468670722,0.5181811771623273,0.1728613500867164,0.0702933619006643,0.0232530639832198,0.055168759421706084,0.06548737990177601,0.03253203110488692,0.5964841290907874,24376.772990414272,0.0,rate_cap_plus_five_year_inflation_endpoint_reset
2040Q3,2040-09-30,2040,3,2040,68021.32753824117,29552.2170005949,0.017609093307503265,0.09103819916312572,0.0937599097615669,346.43387819426096,1454.304163995083,170.50820649876718,877.369598628318,274.99154089101415,112.43801896768554,18.99679900929837,5.935451716790281,243.91207371263596,0.0,1704.1516894245092,2050.5855676187703,0.0,0.0,105846.17639919525,107896.76196681401,1.5862195854109893,0.020372073920462547,0.10021278625980627,0.12058486018026883,107313.99792981938,582.7640369946275,22284.292227868948,53605.88951592697,17882.522258078225,71488.41177400519,11135.762361520217,2405.5315664250347,0.20765503715966585,18.67273046517416,32287.381867101885,42313.979615027754,0.3008683162490788,0.3943006544467761,24281.1193826872,24281.119382687197,0,0.0,0.0,0.0,0.0,0.0,0.0,0.0,0.0,0.0,0.0,0.0,none,2363.5208720744477,26644.640254761645,1806.6734939061344,1806.6734939061344,0.0,26087.792876593332,0.2154110468670722,0.5181811771623273,0.1728613500867164,0.0702933619006643,0.0232530639832198,0.05396701019764192,0.06440106756421164,0.03253008552616117,0.6225907520486549,26080.924679838783,0.0,rate_cap_plus_five_year_inflation_endpoint_reset
2040Q4,2040-12-31,2040,4,2041,69823.29465988866,29681.46357287557,0.017609093307502377,0.09103819916312572,0.09375990976156601,364.1694998118844,1450.3567398538328,173.53892572452943,865.4498206244511,279.07020576701206,112.96332777269859,19.334459965141217,5.957305368177581,252.3162049814286,0.0,1708.6302502034391,2072.7997500153233,0.0,0.0,107896.76196681401,109969.56171682934,1.5749695320522232,0.02086234982670267,0.09788310669247148,0.11874545651917415,109386.79767983471,582.7640369946275,22676.44449410898,54549.22982229727,18197.213501483435,72746.4433237807,11516.046475166919,2447.863386778107,0.20730513165291561,18.732092914468026,32745.982170911426,42658.351358566455,0.2993595467229598,0.38997714773060277,24595.515652554725,24595.515652554725,0,0.0,0.0,0.0,0.0,0.0,0.0,0.0,0.0,0.0,0.0,0.0,none,2405.5315664250347,27001.04721897976,1820.4835450338949,1820.4835450338949,0.0,26415.99919758862,0.2154110468670722,0.5181811771623273,0.1728613500867164,0.0702933619006643,0.0232530639832198,0.0528423932188741,0.06334315206712006,0.03257407463545848,0.6471019624875385,27789.55493004222,0.0,rate_cap_plus_five_year_inflation_endpoint_reset
2041Q1,2041-03-31,2041,1,2041,71689.30307666982,29808.19978253751,0.017189212325988024,0.09248212111657073,0.09375990976156778,370.37799729049635,1447.6065286285655,176.59281149787367,853.4959213917373,283.1353334533471,114.7077603143777,19.674701971229027,5.957305368177581,260.93275419063946,0.0,1714.4965881873825,2084.874585477879,0.0,0.0,109969.56171682934,112054.43630230722,1.5630565718077627,0.02066573289989369,0.0956626171329228,0.1163283500328165,111471.67226531259,582.7640369946275,23069.341713411206,55494.36214750931,18512.50254891938,74006.86469642869,11905.190232589992,2490.2756228827,0.20695250411695718,18.86223760049192,33192.134746025535,42945.87662550063,0.297762956915415,0.38526269277889347,25266.527972628697,25266.527972628697,0,0.0,0.0,0.0,0.0,0.0,0.0,0.0,0.0,0.0,0.0,0.0,none,2447.863386778107,27714.391359406804,1823.9418312872394,1823.9418312872394,0.0,27090.469803915938,0.2154110468670722,0.5181811771623273,0.1728613500867164,0.0702933619006643,0.0232530639832198,0.05165965768519288,0.06236258693481733,0.032499140448040746,0.6731874469932696,29504.051518229604,0.0,rate_cap_plus_five_year_inflation_endpoint_reset
2041Q2,2041-06-30,2041,2,2041,73605.18005706515,29935.477140273233,0.017189212325988024,0.09248212111657073,0.09439358175558765,376.6923395500739,1442.2148856340893,179.6524985931898,840.3254104557024,287.0627629829407,115.15862328333664,20.015590318919696,5.957305368177581,271.5130579080676,0.0,1719.6852489103346,2096.3775884604083,0.0,0.0,112054.43630230722,114150.81389076762,1.550852994344528,0.020470968986586496,0.09345457738583533,0.11392554637242182,113568.04985377299,582.7640369946275,23462.437692328072,56439.97259811269,18827.951095396023,75267.92369350871,12304.979153363862,2532.7093145723416,0.2065936477956401,18.92608615742686,33625.35622920338,43206.01563268986,0.29608112732849107,0.3804416443561433,25556.22871831589,25556.228718315895,0,0.0,0.0,0.0,0.0,0.0,0.0,0.0,0.0,0.0,0.0,0.0,none,2490.2756228827,28046.504341198597,1824.864530552341,1824.864530552341,0.0,27381.093248868237,0.2154110468670722,0.5181811771623273,0.1728613500867164,0.0702933619006643,0.0232530639832198,0.05052785167298318,0.0613874936382122,0.03259429463355203,0.6974448130320523,31223.736767139937,-1.4551915228366852e-11,rate_cap_plus_five_year_inflation_endpoint_reset
2041Q3,2041-09-30,2041,3,2041,75572.25832477227,30063.29795671865,0.017189212325988024,0.09248212111657184,0.09439358175558765,383.114331071926,1437.192732752621,182.71373352900488,826.2991004963593,290.98013250467636,116.84311510670595,20.35665111587519,5.957305368177581,280.63075449891505,0.0,1723.7807926197136,2106.8951236916396,0.0,0.0,114150.81389076762,116257.70901445927,1.538364891979819,0.02027804062308101,0.0912388133334195,0.1115168539565005,115674.94497746463,582.7640369946275,23855.83521195191,57386.30841875059,19143.641619869937,76529.95003862053,12713.984170092735,2575.1755567994546,0.20623165385208886,19.02557438612414,33953.966582427296,43435.39616552725,0.29352913536325503,0.37549528269919796,26120.063574784832,26120.063574784832,0,0.0,0.0,0.0,0.0,0.0,0.0,0.0,0.0,0.0,0.0,0.0,none,2532.7093145723416,28652.772889357173,1826.2643691927246,1826.2643691927246,0.0,27946.327943977558,0.2154110468670722,0.5181811771623273,0.1728613500867164,0.0702933619006643,0.0232530639832198,0.04936730395480777,0.06040362688151209,0.03253143978934159,0.7222865484074533,32947.51755975965,1.4551915228366852e-11,rate_cap_plus_five_year_inflation_endpoint_reset
2041Q4,2041-12-31,2041,4,2042,76291.26428772592,30191.66455237581,0.017189212325988024,0.02105209487726678,0.09439358175558854,407.09728332273204,1430.2505556014003,185.7773167130755,811.6647856249864,295.0352723619847,117.07520736357864,20.697973537775617,5.987900480119798,289.9586359205687,0.0,1726.1970920020888,2133.294375324821,0.0,0.0,116257.70901445927,118391.00338978408,1.5518290920344775,0.021344372104643582,0.09050562253061559,0.11184999463525917,117808.23935278945,582.7640369946275,24252.91009330447,58341.490302100465,19462.283124446454,77803.77342654692,13133.517072247669,2618.0387606903773,0.20586768995567892,19.026352014481507,34240.07829467137,43892.201376907535,0.2906424752867732,0.3725732734657685,26228.81529423151,26228.815294231514,0,0.0,0.0,0.0,0.0,0.0,0.0,0.0,0.0,0.0,0.0,0.0,none,2575.1755567994546,28803.99085103097,1843.335739404252,1843.335739404252,0.0,28072.151033635764,0.2154110468670722,0.5181811771623273,0.1728613500867164,0.0702933619006643,0.0232530639832198,0.048362566480600055,0.05939209043891953,0.03249651820382822,0.7438410193231034,34673.714651761744,-1.4551915228366852e-11,rate_cap_plus_five_year_inflation_endpoint_reset
2042Q1,2042-03-31,2042,1,2042,76970.72248171945,30319.82671935733,0.017088232020256333,0.018695469559396827,0.0228385780169158,407.09728332273204,1425.034003169664,188.86953735160859,799.363653782134,299.08730604335324,116.6710194535196,21.042486539048912,5.987900480119798,74.35390781783587,0.0,1505.3758114676195,1912.4730947903515,0.0,0.0,118391.00338978408,120303.47648457444,1.5629770983784972,0.02115595489801555,0.0782310864666833,0.09938704136469884,119720.7124475798,582.7640369946275,24648.86127163667,59293.96906617054,19780.02288872682,79073.99195489736,13337.07855729192,2660.780663753834,0.20588635640160655,19.084551917724625,34464.93372945903,44155.48788278705,0.2878777867660088,0.36882079115692457,26902.413824145508,26902.413824145508,0,0.0,0.0,0.0,0.0,0.0,0.0,0.0,0.0,0.0,0.0,0.0,none,2618.0387606903773,29520.452584835886,1838.1191869725158,1838.1191869725158,0.0,28740.533011118023,0.2154110468670722,0.5181811771623273,0.1728613500867164,0.0702933619006643,0.0232530639832198,0.04732698347566402,0.05086115560694768,0.03240738972529024,0.7672095222269252,36179.09046322936,1.4551915228366852e-11,rate_cap_plus_five_year_inflation_endpoint_reset
2042Q2,2042-06-30,2042,2,2042,77656.2320033675,30448.53292858657,0.017088232020256333,0.01869546955939594,0.02271549749328483,407.0972833227321,1417.1484087247845,191.95300715287058,785.9615157482093,302.9532417844396,114.89461945434407,21.386024584921437,5.987900480119798,75.10283790772587,0.0,1498.2391471126302,1905.3364304353622,0.0,0.0,120303.47648457444,122208.8129150098,1.5737154605918853,0.020969200942176983,0.07717289950651535,0.09814210044869232,121626.04887801516,582.7640369946275,25043.11380581433,60242.36166362855,20096.39953850521,80338.76120213376,13540.834667481948,2703.339202585117,0.2059025516066161,19.073845402213014,34672.47561008992,44437.37907195492,0.2850744222141482,0.36536070588401165,27167.088137783663,27167.088137783667,0,0.0,0.0,0.0,0.0,0.0,0.0,0.0,0.0,0.0,0.0,0.0,none,2660.780663753834,29827.8688015375,1830.2335925276363,1830.2335925276363,0.0,28997.3217303113,0.2154110468670722,0.5181811771623273,0.1728613500867164,0.0702933619006643,0.0232530639832198,0.046338101814870185,0.04981532341020046,0.03248302966553617,0.788701644290392,37677.32961034199,0.0,rate_cap_plus_five_year_inflation_endpoint_reset
2042Q3,2042-09-30,2042,3,2042,78347.84674644421,30577.785489496757,0.017088232020256333,0.018695469559397715,0.02271549749328483,407.09728332273215,1409.6192209709268,195.02324876277908,772.0080995673302,306.71555575129213,114.14422804874792,21.728088840777872,5.987900480119798,76.25021527755801,0.0,1491.8573367286047,1898.9546200513369,0.0,0.0,122208.8129150098,124107.76753506112,1.5840609881303944,0.020784095554800076,0.0761658372849315,0.09694993283973156,123525.0034980665,582.7640369946275,25435.744469775873,61186.8527777132,20411.47468272341,81598.3274604366,13745.208903122199,2745.7226647318184,0.20591575591555447,19.07014226849583,34952.310964679586,44811.10101959023,0.2829573768457872,0.3627694778433392,27627.27008409497,27627.27008409497,0,0.0,0.0,0.0,0.0,0.0,0.0,0.0,0.0,0.0,0.0,0.0,none,2703.339202585117,30330.609286680086,1822.7044047737788,1822.7044047737788,0.0,29449.97448886875,0.2154110468670722,0.5181811771623273,0.1728613500867164,0.0702933619006643,0.0232530639832198,0.045348410112094464,0.04882977916710861,0.03240207985564942,0.8100282996842374,39169.1869470706,-1.4551915228366852e-11,rate_cap_plus_five_year_inflation_endpoint_reset
2042Q4,2042-12-31,2042,4,2043,79045.62108470727,30707.586721324555,0.017088232020256333,0.018695469559396827,0.022715497493283943,420.8563072263695,1401.0438465691893,198.0808600583796,758.3134022255686,310.39117372164037,112.18966464581945,22.068745917781985,6.009754131507097,77.40107339283625,0.0,1484.4546740935327,1905.310981319902,0.0,0.0,124107.76753506112,126013.07851638104,1.5941816483590188,0.02129688154517095,0.07511888217072792,0.09641576371589886,125430.3144793864,582.7640369946275,25829.496456621135,62134.041285549516,20727.449657244568,82861.49094279409,13951.099909194763,2788.2271707764075,0.20592706447264814,18.96968122561927,35502.273689657944,45209.07096353934,0.28304380673056906,0.3604317756132959,27682.152712889954,27682.152712889958,0,0.0,0.0,0.0,0.0,0.0,0.0,0.0,0.0,0.0,0.0,0.0,none,2745.7226647318184,30427.875377621778,1827.909907927066,1827.909907927066,0.0,29510.062620817025,0.2154110468670722,0.5181811771623273,0.1728613500867164,0.0702933619006643,0.0232530639832198,0.044522379777620094,0.0478440537148222,0.03234368008789273,0.8280158512492517,40653.64162116413,1.4551915228366852e-11,rate_cap_plus_five_year_inflation_endpoint_reset
2043Q1,2043-03-31,2043,1,2043,79798.24166116401,30837.418255642995,0.01701953976476145,0.021251542965382564,0.02271549749328572,420.85630722636955,1396.7382973705126,201.1472036559371,747.6351834345722,314.0602033972439,111.48533099764448,22.41037588511537,6.009754131507097,78.56047264128388,0.0,1481.3085241433037,1902.1648313696733,0.0,0.0,126013.07851638104,127915.2433477507,1.6029832322734519,0.02109601908339746,0.07425268994939385,0.09534870903279132,127332.47931075607,582.7640369946275,26222.32098060617,63078.998738833754,21042.68036871838,84121.67910755213,14157.847662987773,2830.631559609997,0.20593583917116984,18.92915358655624,35933.88746656323,45608.213231720496,0.28220519745685824,0.3581820873872505,28310.466008134797,28310.466008134794,0,0.0,0.0,0.0,0.0,0.0,0.0,0.0,0.0,0.0,0.0,0.0,none,2788.2271707764075,31098.693178911202,1823.6043587283893,1823.6043587283893,0.0,30134.070366863183,0.2154110468670722,0.5181811771623273,0.1728613500867164,0.0702933619006643,0.0232530639832198,0.0436611672106438,0.04702078678129402,0.03225253227401518,0.8472670823030937,42134.95014530743,-1.4551915228366852e-11,rate_cap_plus_five_year_inflation_endpoint_reset
2043Q2,2043-06-30,2043,2,2043,80558.0281972822,30967.798717086724,0.01701953976476145,0.021251542965382564,0.02231557677676199,420.8563072263696,1390.473111722118,204.20632463647058,736.4190348854809,317.69917538835597,109.39737565144544,22.751201160365348,6.009754131507097,78.33263391922091,0.0,1474.815499772846,1895.6718069992155,0.0,0.0,127915.2433477507,129810.91515474992,1.6113963817094692,0.020897051064642028,0.07322997013586795,0.09412702120050997,129228.15111775529,582.7640369946275,26613.79591439187,64020.70969084355,21356.828071742464,85377.53776258601,14363.927177096553,2872.8902636808375,0.20594425970035618,18.827530690342872,36400.0125777553,46012.232860832846,0.28167247045565846,0.35605425337166335,28552.443596838115,28552.443596838115,0,0.0,0.0,0.0,0.0,0.0,0.0,0.0,0.0,0.0,0.0,0.0,none,2830.631559609997,31383.07515644811,1817.3391730799947,1817.3391730799947,0.0,30369.78276991811,0.2154110468670722,0.5181811771623273,0.1728613500867164,0.0702933619006643,0.0232530639832198,0.042852404734636494,0.046118522270669766,0.03233061186272,0.8647809258496824,43609.76564508028,0.0,rate_cap_plus_five_year_inflation_endpoint_reset
2043Q3,2043-09-30,2043,3,2043,81325.04892263125,31098.73042651709,0.017019539764762337,0.021251542965382564,0.02231557677676199,420.8563072263696,1385.0314526211785,207.2549356833267,724.8504055492937,321.3011764885478,108.53407940567517,23.090855494334733,6.009754131507097,79.47283202850976,0.0,1470.5140387811955,1891.370346007565,0.0,0.0,129810.91515474992,131702.28550075748,1.619455349188326,0.020699959621383178,0.07232772968536039,0.09302768930674357,131119.52146376285,582.7640369946275,27004.098654693946,64959.60087753471,21670.03512222765,86629.63599976237,14570.764376802112,2915.0224325044296,0.2059502532745057,18.757367316549356,36884.759691289415,46372.687530064395,0.28130639343038755,0.3536673030253568,29086.15643779758,29086.15643779758,0,0.0,0.0,0.0,0.0,0.0,0.0,0.0,0.0,0.0,0.0,0.0,none,2872.8902636808375,31959.04670147842,1811.8975139790552,1811.8975139790552,0.0,30898.053951776637,0.2154110468670722,0.5181811771623273,0.1728613500867164,0.0702933619006643,0.0232530639832198,0.042010720921613454,0.0453124927754548,0.032271206028653736,0.8828431277373066,45080.27968386148,0.0,rate_cap_plus_five_year_inflation_endpoint_reset
2043Q4,2043-12-31,2043,4,2044,82099.37271641778,31230.21571460801,0.01701953976476145,0.021251542965381676,0.02231557677676199,442.0623266876404,1377.6911297185002,210.2944182734291,712.9316196309418,324.7678364670767,106.26776254579862,23.42949280125435,6.019952502154488,80.61722226571834,0.0,1464.3283044863729,1906.3906311740134,0.0,0.0,131702.28550075748,133608.67613193148,1.6274019119906522,0.021537914946784444,0.07134418965876188,0.09288210460554634,133025.91209493685,582.7640369946275,27397.390416048944,65905.68229179448,21985.640778643967,87891.32307043845,14779.721350048834,2957.477258400636,0.2059552908496218,18.653295734466123,37126.26301486052,46974.069322975876,0.27909046012302136,0.35311969362368895,29405.31893075642,29405.318930756424,0,0.0,0.0,0.0,0.0,0.0,0.0,0.0,0.0,0.0,0.0,0.0,none,2915.0224325044296,32320.341363260854,1825.773408908295,1825.773408908295,0.0,31231.09233966472,0.2154110468670722,0.5181811771623273,0.1728613500867164,0.0702933619006643,0.0232530639832198,0.04189941329356371,0.04447389197290584,0.03231797562080363,0.8862611404329728,46544.60798834785,0.0,rate_cap_plus_five_year_inflation_endpoint_reset
2044Q1,2044-03-31,2044,1,2044,82833.54178828861,31360.93155843563,0.016847634395924738,0.019083305138657858,0.02231557677676199,442.0623266876404,1394.0062501140858,213.35717786498117,723.3148631524427,328.27550424779577,105.28798138447162,23.77072346439511,6.019952502154488,81.77334080010507,0.0,1481.7995434163454,1923.861870103986,0.0,0.0,133608.67613193148,135532.5380020355,1.636203584635297,0.021347020404728908,0.07155553228442776,0.09290255268915668,134949.77396504086,582.7640369946275,27794.196634568118,66860.21789434638,22304.066688798684,89164.28458314507,14990.981286492353,3000.311460835294,0.20595956419881287,18.582769677436126,37491.05055037044,47665.662476460326,0.2778148450999452,0.3532103913624061,29919.704302088376,29919.704302088376,0,0.0,0.0,0.0,0.0,0.0,0.0,0.0,0.0,0.0,0.0,0.0,none,2957.477258400636,32877.181560489014,1842.0885293038805,1842.0885293038805,0.0,31761.792831392257,0.2154110468670722,0.5181811771623273,0.1728613500867164,0.0702933619006643,0.0232530639832198,0.04174930767939231,0.044362374849164644,0.032192084073807394,0.8909913561041685,48026.4075317642,2.9103830456733704e-11,rate_cap_plus_five_year_inflation_endpoint_reset
2044Q2,2044-06-30,2044,2,2044,83574.27612622976,31492.19452086094,0.01684763439592385,0.019083305138657858,0.023076797027411944,442.06232668764034,1409.1002783389456,216.44730629169925,733.79089139045,331.823189783168,102.92388750716592,24.11500336646368,6.019952502154488,85.74744387619324,0.0,1500.8676747172933,1942.9300014049336,0.0,0.0,135532.5380020355,137475.46800344042,1.6449495511728853,0.02115781779646904,0.07183395390468703,0.09299177170115605,136892.70396644578,582.7640369946275,28194.25427350865,67822.57493821197,22625.101773050606,90447.67671126258,15207.276336000521,3043.4966456740294,0.20595877980772032,18.464118698295074,37829.50864617369,48356.41066644102,0.27634422836330413,0.3532431551523288,30197.65146371843,30197.65146371843,0,0.0,0.0,0.0,0.0,0.0,0.0,0.0,0.0,0.0,0.0,0.0,none,3000.311460835294,33197.96292455372,1857.1825575287403,1857.1825575287403,0.0,32054.83402124717,0.2154110468670722,0.5181811771623273,0.1728613500867164,0.0702933619006643,0.0232530639832198,0.041640839572121974,0.044295420032487036,0.032283348864261784,0.8943176375533156,49527.27520648149,0.0,rate_cap_plus_five_year_inflation_endpoint_reset
2044Q3,2044-09-30,2044,3,2044,84321.63443976777,31624.006891879962,0.016847634395925626,0.019083305138657858,0.023076797027411944,442.06232668764034,1425.6610443654235,219.5627551549486,744.3527599468746,335.4332182216669,101.85020675232892,24.462104289605016,6.019952502154488,86.98463757712284,0.0,1518.6656344447008,1960.727961132341,0.0,0.0,137475.46800344042,139436.19596457275,1.653623022027332,0.020970292126081223,0.07204156534842819,0.09301185747450941,138853.43192757812,582.7640369946275,28597.879284395865,68793.51345931187,22948.99957367633,91742.51303298821,15425.972691129256,3087.06691906479,0.20595730971425813,18.38244818294035,38108.72285388891,48913.980974711754,0.2744528696544231,0.3522705942207021,30762.464264423634,30762.464264423637,0,0.0,0.0,0.0,0.0,0.0,0.0,0.0,0.0,0.0,0.0,0.0,none,3043.4966456740294,33805.96091009767,1873.7433235552182,1873.7433235552182,0.0,32636.207587978857,0.2154110468670722,0.5181811771623273,0.1728613500867164,0.0702933619006643,0.0232530639832198,0.04149089395760066,0.04418724755770084,0.03222850906779085,0.8984729050049595,51045.940840926196,0.0,rate_cap_plus_five_year_inflation_endpoint_reset
2044Q4,2044-12-31,2044,4,2045,85075.67596343574,31756.370971073586,0.01684763439592385,0.01908330513865697,0.023076797027411944,461.132882576101,1440.8524217323552,222.7059849272328,755.0088102159461,339.12948647540264,99.19583975179175,24.812300361983247,6.028693962709422,88.23556659097105,0.0,1535.1166822860357,1996.2495648621366,0.0,0.0,139436.19596457275,141432.4455294349,1.6624310524458301,0.021681068171555358,0.0721765258942312,0.09385759406578656,140849.68149244026,582.7640369946275,29008.886577200486,69782.2103989782,23278.821449401843,93061.03184838005,15648.328976212242,3131.434090647469,0.20595635197625536,18.220692924235927,38884.04693215307,50570.476150830356,0.27606769514945667,0.35903862625024535,30845.88502629441,30845.88502629441,0,0.0,0.0,0.0,0.0,0.0,0.0,0.0,0.0,0.0,0.0,0.0,none,3087.06691906479,33932.9519453592,1908.0139982711657,1908.0139982711657,0.0,32753.899024565577,0.2154110468670722,0.5181811771623273,0.1728613500867164,0.0702933619006643,0.0232530639832198,0.04138646696246552,0.04403782451655725,0.03220541836218057,0.9016819225791864,52581.05752321223,0.0,rate_cap_plus_five_year_inflation_endpoint_reset
2045Q1,2045-03-31,2045,1,2045,85855.3513420043,31884.47140650104,0.01623329428827147,0.020597325915870046,0.023076797027411944,461.13288257610094,1457.8754186612932,225.90670421994878,765.8597591287843,342.87312497502177,98.06692883395968,25.168901503579026,6.028693962709422,89.50743016756371,0.0,1553.4115427915663,2014.5444253676671,0.0,0.0,141432.4455294349,143446.98995480256,1.6707984733925587,0.021484176600206583,0.0723734289597656,0.09385760555997219,142864.22591780793,582.7640369946275,29423.560811594383,70779.72833523202,23611.58594335901,94391.31427859103,15873.153728555562,3176.1970990669224,0.20595471415301847,18.118710389238494,39629.3006549301,52191.865844466214,0.2773913511261348,0.3653249475799003,31502.29255609659,31502.29255609659,0,0.0,0.0,0.0,0.0,0.0,0.0,0.0,0.0,0.0,0.0,0.0,none,3131.434090647469,34633.72664674406,1925.0369952001035,1925.0369952001035,0.0,33427.329551296694,0.2154110468670722,0.5181811771623273,0.1728613500867164,0.0702933619006643,0.0232530639832198,0.0412413154749001,0.043933668458508573,0.032119593465852296,0.906251337386787,54134.469066003796,0.0,rate_cap_plus_five_year_inflation_endpoint_reset
2045Q2,2045-06-30,2045,2,2045,86642.17204958801,32013.088579863437,0.01623329428827147,0.020597325915870046,0.02213343204113838,461.132882576101,1473.497608912324,229.13597982029128,776.8075184791699,346.6699304922596,95.35549593685224,25.528684183750382,6.028693962709422,87.11210624080894,0.0,1566.6384091158425,2027.7712916919436,0.0,0.0,143446.98995480256,145474.7612464945,1.6790294818928913,0.02128907305380942,0.07232682985921482,0.09361590291302424,144891.99720949988,582.7640369946275,29841.60023834461,71785.34139641999,23947.05091021428,95732.39230663427,16096.681293245143,3221.323371275841,0.20595754640055466,17.964417861649185,40403.96064631043,53910.95442031579,0.27885570924866326,0.3720768259020251,31763.772095404587,31763.772095404587,0,0.0,0.0,0.0,0.0,0.0,0.0,0.0,0.0,0.0,0.0,0.0,none,3176.1970990669224,34939.96919447151,1940.6591854511344,1940.6591854511344,0.0,33704.43128085572,0.2154110468670722,0.5181811771623273,0.1728613500867164,0.0702933619006643,0.0232530639832198,0.04113720079498936,0.04368550109303683,0.032208840724158645,0.9093858752040835,55701.107475119636,0.0,rate_cap_plus_five_year_inflation_endpoint_reset
2045Q3,2045-09-30,2045,3,2045,87436.20356949972,32142.224575604054,0.01623329428827036,0.020597325915870046,0.022133432041139267,461.13288257610105,1490.6262989469874,232.39146185610866,787.8441218257075,350.41770550933006,94.08162315921162,25.891386596629566,6.028693962709422,88.33882887551869,0.0,1584.9938217852155,2046.1267043613166,0.0,0.0,145474.7612464945,147520.8879508558,1.6871831338559553,0.021095741294831678,0.07250972741630367,0.09360546871113534,146938.12391386117,582.7640369946275,30263.329374146666,72799.83022237335,24285.47676555416,97085.3069879275,16322.639613776917,3266.8479380100844,0.20595968267491827,17.826665060577355,41106.27091293537,55598.25294846133,0.27975225093409317,0.37837867714341056,32285.826102684296,32285.826102684296,0,0.0,0.0,0.0,0.0,0.0,0.0,0.0,0.0,0.0,0.0,0.0,none,3221.323371275841,35507.14947396013,1957.787875485798,1957.787875485798,0.0,34243.61397817009,0.2154110468670722,0.5181811771623273,0.1728613500867164,0.0702933619006643,0.0232530639832198,0.04100280773969579,0.04358127301819947,0.0321568414667778,0.9130208772924161,57286.10129690485,-2.9103830456733704e-11,rate_cap_plus_five_year_inflation_endpoint_reset
2045Q4,2045-12-31,2045,4,2046,88237.51198517364,32271.88148657454,0.01623329428827236,0.020597325915870046,0.02213343204113838,478.8914940397507,1506.7186362127593,235.67567750116717,798.9781366905457,354.2502763358722,91.55725538341785,26.25729030175605,6.044719973726774,89.57889153481804,0.0,1602.3422477213041,2081.2337417610547,0.0,0.0,147520.8879508558,149602.12169261687,1.6954480960178728,0.021709202050947122,0.07263768942127663,0.09434689147222373,149019.35765562224,582.7640369946275,30692.35383043178,73831.86827716464,24629.75691187103,98461.62518903567,16552.218620479904,3313.160015674884,0.20596219386048206,17.74016944023037,42416.708766624506,57160.25222516313,0.28463891828501786,0.3835760207560294,32877.931281787016,32877.931281787016,0,0.0,0.0,0.0,0.0,0.0,0.0,0.0,0.0,0.0,0.0,0.0,none,3266.8479380100844,36144.7792197971,1991.6548502262367,1991.6548502262367,0.0,34869.58613201325,0.2154110468670722,0.5181811771623273,0.1728613500867164,0.0702933619006643,0.0232530639832198,0.040845183881336664,0.04344719639309922,0.03214246959702783,0.9174871860507126,58888.443544626156,0.0,rate_cap_plus_five_year_inflation_endpoint_reset
2046Q1,2046-03-31,2046,1,2046,89026.27204738508,32400.426276002614,0.01602817697257164,0.01989152606750877,0.02213343204113749,478.8914940397506,1522.1609303690789,239.01670545448752,810.30475434188,358.2365752940561,87.97337165266842,26.629523625986884,6.044719973726774,90.83882457424514,0.0,1619.0444749170508,2097.9359689568014,0.0,0.0,149602.12169261687,151700.05766157366,1.7039920258688341,0.02151686161967362,0.0727445702345168,0.09426143185419042,151117.29362457903,582.7640369946275,31124.70472746714,74871.90823811994,24976.70643400419,99848.61467212412,16784.14305099402,3359.8311739937503,0.2059638839535487,17.702086029396565,43724.24081696472,58735.29364182571,0.28933975568401143,0.38867354114838704,33521.19545221325,33521.19545221325,0,0.0,0.0,0.0,0.0,0.0,0.0,0.0,0.0,0.0,0.0,0.0,none,3313.160015674884,36834.355467888134,2007.0971443825563,2007.0971443825563,0.0,35528.292596595806,0.2154110468670722,0.5181811771623273,0.1728613500867164,0.0702933619006643,0.0232530639832198,0.040658640955203246,0.043289345273956864,0.032072409004616644,0.9230626967826928,60507.488019543205,0.0,rate_cap_plus_five_year_inflation_endpoint_reset
2046Q2,2046-06-30,2046,2,2046,89822.08287997458,32529.483082769868,0.01602817697257164,0.01989152606750788,0.023159436985126236,478.8914940397507,1536.5303999775854,242.38363806515034,821.7191929133645,362.29448398669257,83.12844195140372,27.00464306097476,6.044719973726774,96.34508023390742,0.0,1638.9202001852195,2117.8116942249703,0.0,0.0,151700.05766157366,153817.86935579864,1.712472750841671,0.021326225297165418,0.07298517904000239,0.09431140433716781,153235.105318804,582.7640369946275,31560.150966993788,75919.39418775217,25326.139882053907,101245.53406980608,17022.583815495316,3406.8364665088266,0.20595901246867176,17.61575555303546,45104.43939373778,60482.77456466748,0.2943479517953701,0.39470573299005934,33822.71788132733,33822.71788132733,0,0.0,0.0,0.0,0.0,0.0,0.0,0.0,0.0,0.0,0.0,0.0,none,3359.8311739937503,37182.54905532108,2021.4666139910628,2021.4666139910628,0.0,35844.18449531839,0.2154110468670722,0.5181811771623273,0.1728613500867164,0.0702933619006643,0.0232530639832198,0.04050015881882269,0.043214754837904476,0.032126851279527496,0.9274810271274623,62146.40821972842,0.0,rate_cap_plus_five_year_inflation_endpoint_reset
2046Q3,2046-09-30,2046,3,2046,90625.00751017357,32659.05394633475,0.016028176972572528,0.019891526067509657,0.023159436985126236,478.8914940397507,1551.9635866715023,245.77467565546414,833.2153512105781,366.38610100340844,79.2050107024867,27.38244809956469,6.044719973726774,97.7137884555375,0.0,1655.7220951007666,2134.6135891405174,0.0,0.0,153817.86935579864,155952.48294493917,1.720854841611262,0.021137277985262083,0.07308014158961124,0.09421741957487333,155369.71890794454,582.7640369946275,31998.92168542267,76974.87732423285,25678.241131591676,102653.11845582453,17263.478138795792,3454.200627901562,0.20595339883688535,17.530542382229175,46528.58665001644,62215.34927992495,0.2994701089572306,0.4004342011894036,34285.26225520361,34285.262255203605,0,0.0,0.0,0.0,0.0,0.0,0.0,0.0,0.0,0.0,0.0,0.0,none,3406.8364665088266,37692.098721712435,2036.8998006849797,2036.8998006849797,0.0,36322.162055888584,0.2154110468670722,0.5181811771623273,0.1728613500867164,0.0702933619006643,0.0232530639832198,0.04034248804626453,0.043056690410160046,0.032120064894719746,0.9319102407961137,63802.13031482919,0.0,rate_cap_plus_five_year_inflation_endpoint_reset
2036Q4,2036-12-31,2036,4,2037,45567.45791099619,27698.55388240954,0.017515988152144724,0.05366937236414482,0.022578201318361746,247.04041823154074,1584.719825228435,330.1144357628681,916.7886883253786,225.02850094890826,98.67032999239234,14.117870198887333,5.894658234200658,34.984618848701245,0.0,1625.599102311337,1872.6395205428778,0.0,0.0,77061.53216807223,78934.17168861511,1.7322487430128721,0.021685687949858246,0.14269824798973943,0.16438393593959766,78351.40765162048,582.7640369946275,16667.66562150213,40094.83597945533,13375.336242178706,53470.17222163404,6414.338521210218,1799.2312872740924,0.21272962568346918,20.143254581036835,21530.929724851838,26293.33782732807,0.2747995265201407,0.33558220095084995,17421.739362036373,17421.739362036373,0,0.0,0.0,0.0,0.0,0.0,0.0,0.0,0.0,0.0,0.0,0.0,none,1756.50018026592,19178.239542302294,1837.6549016941765,1837.6549016941765,0.0,19259.394263730548,0.2154110468670722,0.5181811771623273,0.1728613500867164,0.0702933619006643,0.0232530639832198,0.07083384203686202,0.08437927752414182,0.03240385235229896,0.265684392929116,1625.599102311337,1.4551915228366852e-11,rate_cap_plus_persistent_inflation_deficits_scale_with_gdp
2037Q1,2037-03-31,2037,1,2037,46357.37181571065,27818.71239056672,0.01746555549210771,0.052776795798754605,0.056535982643295624,249.06629979072068,1388.8392799405997,129.79944602744783,916.7235566713564,228.51481404152935,99.34014172880052,14.461321471465515,5.894658234200658,88.79917111186377,0.0,1483.5331092866643,1732.599409077385,0.0,0.0,78934.17168861511,80666.77109769249,1.7401066526889317,0.021490976734475822,0.1280083879806051,0.14949936471508093,80084.00706069786,582.7640369946275,17021.758351602624,40946.62232178402,13659.485770586294,54606.10809237032,6618.685937341787,1837.4546793831362,0.21254878441211575,20.029197577329768,21818.130164218113,26678.917994982083,0.27244054044001015,0.33313665205040754,17919.32971973276,17919.32971973276,0,0.0,0.0,0.0,0.0,0.0,0.0,0.0,0.0,0.0,0.0,0.0,none,1799.2312872740924,19718.56100700685,1643.800237965521,1643.800237965521,0.0,19563.12995769828,0.2154110468670722,0.5181811771623273,0.1728613500867164,0.0702933619006643,0.0232530639832198,0.0695339794114523,0.0751782442280642,0.0322954845704566,0.29352740014718065,3109.132211598001,-1.4551915228366852e-11,rate_cap_plus_persistent_inflation_deficits_scale_with_gdp
2037Q2,2037-06-30,2037,2,2037,47160.97891301181,27939.39215579544,0.01746555549210771,0.052776795798755494,0.056351131132581944,251.10879480984056,1393.49132680953,132.55694316310544,915.2677889206486,231.6154464360107,99.28260630422308,14.768541985541958,5.894658234200658,91.33459871222479,0.0,1490.7205837559554,1741.829378565796,0.0,0.0,80666.77109769249,82408.60047625829,1.7473895236199517,0.021298013790002915,0.1264367804159097,0.14773479420591262,81825.83643926366,582.7640369946275,17377.29315997952,41801.877649708826,13944.792526542858,55746.67017625168,6826.039362929418,1875.833740103042,0.21236927010062465,19.905679719922535,22143.810712091392,27105.682831717062,0.270621256997818,0.33126068747047427,18285.81604760324,18285.81604760324,0,0.0,0.0,0.0,0.0,0.0,0.0,0.0,0.0,0.0,0.0,0.0,none,1837.4546793831362,20123.270726986375,1650.4947798535711,1650.4947798535711,0.0,19936.31082745681,0.2154110468670722,0.5181811771623273,0.1728613500867164,0.0702933619006643,0.0232530639832198,0.06827996657165997,0.07391993324986815,0.032335723271734076,0.32041920111760663,4599.852795353956,0.0,rate_cap_plus_persistent_inflation_deficits_scale_with_gdp
2037Q3,2037-09-30,2037,3,2037,47978.51657500072,28060.59543934993,0.017465555492108598,0.052776795798754605,0.056351131132581944,253.16803952936806,1398.1237318821056,135.32567048334053,913.2803534782582,234.71836119400805,99.72233304041976,15.077013686078198,5.894658234200658,94.19597362817336,0.0,1498.2143637444797,1751.3824032738478,0.0,0.0,82408.60047625829,84159.98287953214,1.7541180696566976,0.021106783419084004,0.12490710181941111,0.14601388523849512,83577.2188425375,582.7640369946275,17734.2694236434,42660.60046460006,14231.256010116795,56891.85647471686,7036.724541993545,1914.368402183716,0.21219023161150413,19.76585785357977,22403.341038444996,27479.46688632223,0.2680555939610015,0.32879135327647757,18662.525547526926,18662.525547526926,0,0.0,0.0,0.0,0.0,0.0,0.0,0.0,0.0,0.0,0.0,0.0,none,1875.833740103042,20538.359287629966,1657.1864296456745,1657.1864296456745,0.0,20319.7119771726,0.2154110468670722,0.5181811771623273,0.1728613500867164,0.0702933619006643,0.0232530639832198,0.06705189649774441,0.07272126234815074,0.03231616559204549,0.3464792586492195,6098.067159098436,0.0,rate_cap_plus_persistent_inflation_deficits_scale_with_gdp
2037Q4,2037-12-31,2037,4,2038,48810.226288634316,28182.3245122939,0.01746555549210682,0.052776795798754605,0.056351131132581944,265.00612925662665,1402.3647867262523,138.10562313662297,910.9467519991413,237.862297926232,100.06337763170441,15.386736032551621,5.91068424521801,97.10332509742335,0.0,1505.3787960688935,1770.3849253255203,0.0,0.0,84159.98287953214,85930.36780485765,1.7604992711305445,0.021717262910402407,0.12336585265284278,0.14508311556324519,85347.60376786302,582.7640369946275,18094.712764851945,43527.66349393032,14520.501726607485,58048.165220537805,7251.448456177525,1953.2773262957646,0.21201196010221635,19.548403074672617,22888.76682558441,28836.884331322028,0.26818288756928166,0.33787573473949517,18813.150151765625,18813.15015176562,0,0.0,0.0,0.0,0.0,0.0,0.0,0.0,0.0,0.0,0.0,0.0,none,1914.368402183716,20727.518553949336,1673.281600228097,1673.281600228097,0.0,20486.431751993718,0.2154110468670722,0.5181811771623273,0.1728613500867164,0.0702933619006643,0.0232530639832198,0.06599035931905549,0.07154843642131987,0.032182885886295004,0.36912529309697556,7603.445955167329,0.0,rate_cap_plus_persistent_inflation_deficits_scale_with_gdp
2038Q1,2038-03-31,2038,1,2038,49676.44016115621,28304.416431579815,0.017441798459170377,0.054505881638612586,0.056351131132581944,267.1793405642089,1409.396832702545,140.9125756562845,911.3141589476348,241.03676966471733,100.43386192380595,15.699466510102212,5.91068424521801,100.06640911766148,0.0,1515.3739260654245,1782.5532666296335,0.0,0.0,85930.36780485765,87712.92107148729,1.7656845133615908,0.021513565762558487,0.12201952645152296,0.14353309221408145,87130.15703449266,582.7640369946275,18457.139020168688,44399.49651431601,14811.338676300162,59210.83519061617,7469.782522863385,1992.400300844417,0.2118341071376925,19.377356833673513,23349.65592562452,30207.604733819397,0.26798592726489606,0.34669517147617396,19281.59980908759,19281.599809087595,0,0.0,0.0,0.0,0.0,0.0,0.0,0.0,0.0,0.0,0.0,0.0,none,1953.2773262957646,21234.877135383358,1682.4868575119717,1682.4868575119717,0.0,20964.086666599567,0.2154110468670722,0.5181811771623273,0.1728613500867164,0.0702933619006643,0.0232530639832198,0.06492329514644456,0.07053962247696839,0.032164041340889196,0.3920721990535314,9118.819881232754,0.0,rate_cap_plus_persistent_inflation_deficits_scale_with_gdp
2038Q2,2038-06-30,2038,2,2038,50558.02635480837,28427.0372794411,0.017441798459170377,0.054505881638612586,0.056584157349406805,269.37037352520224,1415.563878349623,143.73497011956368,911.3701141759384,244.22193360910376,100.22294302698008,16.013917418037003,5.91068424521801,103.49691156762572,0.0,1524.9714741624666,1794.3418476876689,0.0,0.0,87712.92107148729,89507.26291917496,1.770386808437238,0.021311779192866656,0.12065118709029138,0.14196296628315802,88924.49888218033,582.7640369946275,18821.365697948193,45275.66053371365,15103.620414745163,60379.280948458814,7692.134609443604,2031.7176263297197,0.2116555722499531,19.21529497000751,23816.150405001776,31631.8999281595,0.2678243982747292,0.3557163697944465,19693.67924201451,19693.679242014514,0,0.0,0.0,0.0,0.0,0.0,0.0,0.0,0.0,0.0,0.0,0.0,none,1992.400300844417,21686.07954285893,1690.8449361200433,1690.8449361200433,0.0,21384.524178134558,0.2154110468670722,0.5181811771623273,0.1728613500867164,0.0702933619006643,0.0232530639832198,0.06387226647893192,0.06954375503785094,0.03216423037204202,0.41465990103672806,10643.79135539522,0.0,rate_cap_plus_persistent_inflation_deficits_scale_with_gdp
2038Q3,2038-09-30,2038,3,2038,51455.2576754929,28550.18934731063,0.01744179845916949,0.054505881638612586,0.056584157349406805,271.57937428799494,1421.3179069320959,146.57138537277157,911.0667733260038,247.42457340037657,99.92524441131881,16.32993042162512,5.91068424521801,106.57769125180431,0.0,1533.806282429118,1805.3856567171129,0.0,0.0,89507.26291917496,91312.64857589208,1.774602882212024,0.02111188528105206,0.11923417366615492,0.14034605894720698,90729.88453889744,582.7640369946275,19187.307700215195,46155.9508450312,15397.278653193564,61553.22949822476,7918.127223811591,2071.220116645888,0.21147726350284585,19.009754308526286,24297.26452784171,33169.63452238054,0.2677978116176822,0.3655866497676425,20008.683126706776,20008.683126706776,0,0.0,0.0,0.0,0.0,0.0,0.0,0.0,0.0,0.0,0.0,0.0,none,2031.7176263297197,22040.400753036494,1698.8079654653088,1698.8079654653088,0.0,21707.491092172084,0.2154110468670722,0.5181811771623273,0.1728613500867164,0.0702933619006643,0.0232530639832198,0.06287369921158453,0.06854443907257649,0.03216688616193677,0.43585409293602023,12177.597637824338,0.0,rate_cap_plus_persistent_inflation_deficits_scale_with_gdp
2038Q4,2038-12-31,2038,4,2039,52368.41177047975,28673.874936548265,0.017441798459170377,0.054505881638613474,0.056584157349406805,280.32405192709604,1427.4988754476146,149.42115871542583,910.6802461488135,250.64747256734776,100.10256632848652,16.647431687541324,5.922339525957902,109.70891194699728,0.0,1543.1301269205696,1823.4541788476656,0.0,0.0,91312.64857589208,93136.10275473974,1.7784786592905777,0.021411690173511477,0.11786724666646753,0.139278936839979,92553.33871774511,582.7640369946275,19556.46736222176,47043.98138479016,15693.518973734734,62737.50035852489,8148.301052010387,2111.069944988069,0.2112994261812862,18.802672192715896,25539.65657157777,34639.97117455565,0.27594527572327426,0.37427035755236543,20390.277971583317,20390.277971583317,0,0.0,0.0,0.0,0.0,0.0,0.0,0.0,0.0,0.0,0.0,0.0,none,2071.220116645888,22461.498088229204,1713.7452669006684,1713.7452669006684,0.0,22104.023238483984,0.2154110468670722,0.5181811771623273,0.1728613500867164,0.0702933619006643,0.0232530639832198,0.061900708438404596,0.06759765053307103,0.032167131761135,0.45648784785011315,13720.727764744908,0.0,rate_cap_plus_persistent_inflation_deficits_scale_with_gdp
2039Q1,2039-03-31,2039,1,2039,53286.14171100381,28796.577412871466,0.017227156981449054,0.053808129052610454,0.056584157349406805,282.6228795094774,1433.650559375346,152.29598958330195,910.1482885145371,253.8987100852871,100.3398465093788,16.967724682841606,5.922339525957902,112.89806508088812,0.0,1552.4709639821917,1835.093843491669,0.0,0.0,93136.10275473974,94971.1965982314,1.7822869802303485,0.021215488337832843,0.11653844051250571,0.13775392885033855,94388.43256123677,582.7640369946275,19927.44735775928,47936.39082055105,15991.220061104465,63927.61088165552,8382.258048206902,2151.116273615086,0.21112171075444938,18.632140543737314,26821.976979976036,36266.72145070002,0.284165932754256,0.38422845328182675,20842.78570197579,20842.785701975787,0,0.0,0.0,0.0,0.0,0.0,0.0,0.0,0.0,0.0,0.0,0.0,none,2111.069944988069,22953.855646963857,1722.195778410781,1722.195778410781,0.0,22564.981480386567,0.2154110468670722,0.5181811771623273,0.1728613500867164,0.0702933619006643,0.0232530639832198,0.06093564911458226,0.06667536725561284,0.03214946201507351,0.47722794839707305,15273.1987287271,-1.4551915228366852e-11,rate_cap_plus_persistent_inflation_deficits_scale_with_gdp
2039Q2,2039-06-30,2039,2,2039,54219.95440476136,28919.80496289779,0.017227156981449054,0.053808129052610454,0.056761870429347994,284.9405588750618,1439.2773130123887,155.18499629855037,909.4782148899909,257.2181406391952,100.10636413547074,17.289597049181253,5.922339525957902,116.49696185222058,0.0,1561.696614390567,1846.637173265629,0.0,0.0,94971.1965982314,96817.83377149704,1.7856494870640267,0.02102108435930662,0.11521194597341274,0.13623303033271938,96235.06973450241,582.7640369946275,20300.13867192666,48832.91691195712,16290.294433888701,65123.211345845826,8620.372382078896,2191.347334651023,0.21094325309818535,18.48031967887058,28151.062024530485,37774.39192477236,0.2925239426977596,0.39252210269069304,21268.660718827246,21268.66071882725,0,0.0,0.0,0.0,0.0,0.0,0.0,0.0,0.0,0.0,0.0,0.0,none,2151.116273615086,23419.776992442337,1730.1402114134085,1730.1402114134085,0.0,22998.800930240657,0.2154110468670722,0.5181811771623273,0.1728613500867164,0.0702933619006643,0.0232530639832198,0.059979922860452846,0.06577558966629467,0.032131122869903786,0.49780414526972777,16834.895343117667,1.4551915228366852e-11,rate_cap_plus_persistent_inflation_deficits_scale_with_gdp
2039Q3,2039-09-30,2039,3,2039,55170.131693871896,29043.55983354516,0.017227156981449054,0.053808129052610454,0.056761870429347105,287.27724461992796,1444.407181305424,158.08732990762888,908.6894673706307,260.4979500595212,99.51947976538577,17.612954202257605,5.922339525957902,119.80628450847911,0.0,1570.135805339861,1857.413049959789,0.0,0.0,96817.83377149704,98675.24682145682,1.7885628290500768,0.02082846176362038,0.11383955463816782,0.13466801640178822,98092.48278446219,582.7640369946275,20674.438364315833,49733.3120311239,16590.65948528443,66323.97151640833,8862.320887792288,2231.7520159457385,0.2107647576801946,18.304487312301916,29583.298909227342,39463.11403129171,0.3015857899552862,0.4023051808975382,21602.31085004427,21602.31085004427,0,0.0,0.0,0.0,0.0,0.0,0.0,0.0,0.0,0.0,0.0,0.0,none,2191.347334651023,23793.65818469529,1737.60676545131,1737.60676545131,0.0,23339.91761549558,0.2154110468670722,0.5181811771623273,0.1728613500867164,0.0702933619006643,0.0232530639832198,0.059079845630627244,0.0648696936990179,0.03214734001095251,0.5172387752453451,18405.03114845753,-1.4551915228366852e-11,rate_cap_plus_persistent_inflation_deficits_scale_with_gdp
2039Q4,2039-12-31,2039,4,2040,56136.96035959558,29167.84428134662,0.017227156981449054,0.053808129052610454,0.056761870429347994,293.9442834983906,1450.1861031735955,161.00218876210954,907.9408677254427,263.80398539213036,99.50135446574883,17.937706828163876,5.935451716790281,123.1688946402848,0.0,1579.2904495306707,1873.2347330290613,0.0,0.0,98675.24682145682,100548.48155448589,1.7911280003477954,0.020944795130728607,0.11253124069520234,0.13347603582593096,99965.71751749126,582.7640369946275,21051.42187864946,50640.16320737178,16893.178228848952,67533.34143622073,9108.507793760426,2272.4464088606396,0.21058641303670972,18.33929336391672,30185.23816064119,40121.12677418654,0.30195589958487123,0.40134886009462634,22750.190708141865,22750.190708141865,0,0.0,0.0,0.0,0.0,0.0,0.0,0.0,0.0,0.0,0.0,0.0,none,2231.7520159457385,24981.942724087603,1750.0658383887765,1750.0658383887765,0.0,24500.25654653064,0.2154110468670722,0.5181811771623273,0.1728613500867164,0.0702933619006643,0.0232530639832198,0.05782772487553646,0.06401972127369458,0.032501710397413626,0.5437078909537734,19984.3215979882,0.0,rate_cap_plus_persistent_inflation_deficits_scale_with_gdp
2040Q1,2040-03-31,2040,1,2040,57122.79807889186,29295.409800174013,0.017609093307503265,0.053565008463151154,0.05676187042934888,296.3548052568487,1446.560928264473,163.93794787998266,897.7848279440914,267.1079170926206,99.4654473365606,18.26478801121739,5.935451716790281,126.59041023049483,0.0,1579.0867902117582,1875.441595468607,0.0,0.0,100548.48155448589,102423.92314995448,1.7930480752798137,0.020752121060145224,0.11057489081896119,0.13132701187910642,101841.15911295985,582.7640369946275,21428.143743276323,51546.38497322019,17195.487005829968,68741.87197905016,9358.030833265262,2313.1125573681115,0.21040750056181826,18.395554218498958,30908.51746382697,40885.87173337608,0.3034973063252742,0.4014670697927389,23250.742170298778,23250.74217029878,0,0.0,0.0,0.0,0.0,0.0,0.0,0.0,0.0,0.0,0.0,0.0,none,2272.4464088606396,25523.18857915942,1748.851185238112,1748.851185238112,0.0,24999.593355536894,0.2154110468670722,0.5181811771623273,0.1728613500867164,0.0702933619006643,0.0232530639832198,0.05657949459296636,0.06281892141179962,0.03248522519677702,0.5703411483773695,21563.408388199958,-1.4551915228366852e-11,rate_cap_plus_persistent_inflation_deficits_scale_with_gdp
2040Q2,2040-06-30,2040,2,2040,58125.948385164025,29423.53322658747,0.017609093307503265,0.053565008463151154,0.05619323820971811,298.7850947586317,1441.8778138154132,166.87166940076438,886.7624078657211,270.3883842545562,99.26371011452531,18.591642179846193,5.935451716790281,128.7816741813414,0.0,1576.594939713545,1875.3800344721767,0.0,0.0,102423.92314995448,104299.30318442667,1.7943673364828547,0.020561219425016257,0.10849508582751675,0.129056305252533,103716.53914743203,582.7640369946275,21804.380324522885,52451.43936758549,17497.406356449086,69948.84572403457,9609.58677808164,2353.726320792941,0.21023050425475703,18.486244346658616,31459.688465372696,41462.04520918102,0.30332373914495026,0.39976309998391996,23725.45241711728,23725.452417117285,0,0.0,0.0,0.0,0.0,0.0,0.0,0.0,0.0,0.0,0.0,0.0,none,2313.1125573681115,26038.564974485398,1746.5983602908352,1746.5983602908352,0.0,25472.05077740812,0.2154110468670722,0.5181811771623273,0.1728613500867164,0.0702933619006643,0.0232530639832198,0.05536406092928744,0.06157135525478046,0.03253472320810541,0.5969050518388217,23140.003327913502,0.0,rate_cap_plus_persistent_inflation_deficits_scale_with_gdp
2040Q3,2040-09-30,2040,3,2040,59146.71530985856,29552.2170005949,0.017609093307503265,0.053565008463151154,0.05619323820971811,301.23531411124793,1436.8861023723146,169.80161177722198,874.9741298213477,274.1924304826988,98.99985498767238,18.91807530337326,5.935451716790281,132.24349176892218,0.0,1575.0650458580271,1876.3003599692752,0.0,0.0,104299.30318442667,106175.60354439594,1.7951225691597892,0.020372073920462534,0.10651918961900464,0.12689126353946717,105592.83950740131,582.7640369946275,22180.06944029763,53355.17680858759,17798.88638131421,71154.06318990179,9864.425890462306,2394.2809867395777,0.21005277956127852,18.58380240493583,32092.803953973536,42018.868253900844,0.3039297371269579,0.39793293228898935,24164.870972042234,24164.87097204223,0,0.0,0.0,0.0,0.0,0.0,0.0,0.0,0.0,0.0,0.0,0.0,none,2353.726320792941,26518.59729283517,1744.0568682003527,1744.0568682003527,0.0,25908.927840242584,0.2154110468670722,0.5181811771623273,0.1728613500867164,0.0702933619006643,0.0232530639832198,0.054175495902531956,0.06040558269398702,0.03253367277795638,0.6231037017671691,24715.06837377153,0.0,rate_cap_plus_persistent_inflation_deficits_scale_with_gdp
2040Q4,2040-12-31,2040,4,2041,60185.408223607854,29681.46357287557,0.017609093307502377,0.053565008463151154,0.05619323820971722,313.90226020595355,1431.4753126588312,172.72729076631782,862.6982486614015,278.152302019527,98.65343778066635,19.244033430919355,5.957305368177581,135.7504910643924,0.0,1573.1831090914013,1887.0853692973549,0.0,0.0,106175.60354439594,108062.6889136933,1.7954964849985928,0.02086234982670266,0.10455578224187018,0.12541813206857283,107479.92487669867,582.7640369946275,22557.32631983261,54262.68557739579,18101.624492819516,72364.3100702153,10123.283597931586,2435.0048887191733,0.20987478680982005,18.642830192535634,32526.99297911622,42327.78291584916,0.3026331942121405,0.39382036193649866,24476.355641471586,24476.355641471586,0,0.0,0.0,0.0,0.0,0.0,0.0,0.0,0.0,0.0,0.0,0.0,none,2394.2809867395777,26870.636628211163,1751.3348782329624,1751.3348782329624,0.0,26227.69051970455,0.2154110468670722,0.5181811771623273,0.1728613500867164,0.0702933619006643,0.0232530639832198,0.053058690852385494,0.05926721606752517,0.03257087945681205,0.64782120764374,26288.251482862932,0.0,rate_cap_plus_persistent_inflation_deficits_scale_with_gdp
2041Q1,2041-03-31,2041,1,2041,61256.274052349625,29808.19978253751,0.017189212325988024,0.05495933695345423,0.056193238209719,316.47644950213635,1427.0348328376149,175.66517871569644,850.3510983039438,282.08624408326057,99.3609599416343,19.571351793080353,5.957305368177581,139.3127927426663,0.0,1572.3049309484588,1888.7813804505952,0.0,0.0,108062.6889136933,109951.47029414389,1.794942183394624,0.020665732899893683,0.10267062143575802,0.12333635433565171,109368.70625714926,582.7640369946275,22934.181179771833,55169.22726958279,18404.039994825005,73573.2672644078,10385.572419243847,2475.6853937257783,0.2096960087088226,18.76637868522939,32946.4141306183,42578.01164517108,0.3012416920536138,0.38930707971493284,25107.481781203955,25107.481781203955,0,0.0,0.0,0.0,0.0,0.0,0.0,0.0,0.0,0.0,0.0,0.0,none,2435.0048887191733,27542.486669923128,1749.468587707929,1749.468587707929,0.0,26856.950368911883,0.2154110468670722,0.5181811771623273,0.1728613500867164,0.0702933619006643,0.0232530639832198,0.05188754693057374,0.05819973375654998,0.03250881473961305,0.6739688163779405,27860.55641381139,-1.4551915228366852e-11,rate_cap_plus_persistent_inflation_deficits_scale_with_gdp
2041Q2,2041-06-30,2041,2,2041,62346.19356298895,29935.477140273233,0.017189212325988024,0.05495933695345423,0.05680514587734553,319.07174871491617,1420.0758031278758,178.59993593747313,836.7570551704591,285.87238645175495,98.94810421611817,19.898321352070948,5.957305368177581,144.44690704708114,0.0,1570.4800155431346,1889.5517642580508,0.0,0.0,109951.47029414389,111841.02205840194,1.793870895187978,0.020470968986586485,0.10075867832774514,0.12122964731433163,111258.25802140731,582.7640369946275,23310.09604395646,56073.50775876407,18705.701176485385,74779.20893524945,10652.688613573464,2516.264428627933,0.20951340114880587,18.831448543263164,33349.232595214504,42797.54520478331,0.299746132900964,0.38466848183573565,25402.699742984478,25402.699742984478,0,0.0,0.0,0.0,0.0,0.0,0.0,0.0,0.0,0.0,0.0,0.0,none,2475.6853937257783,27878.385136710254,1745.1048572109696,1745.1048572109696,0.0,27147.804600195446,0.2154110468670722,0.5181811771623273,0.1728613500867164,0.0702933619006643,0.0232530639832198,0.0507606671495494,0.05713357034123371,0.03259220537027844,0.6984982016170007,29431.036429354524,0.0,rate_cap_plus_persistent_inflation_deficits_scale_with_gdp
2041Q3,2041-09-30,2041,3,2041,63455.505773528006,30063.29795671865,0.017189212325988024,0.05495933695345512,0.05680514587734553,321.688330958438,1413.251913755657,181.52737294231096,822.277148884508,289.6384396446322,99.58447693910931,20.224475345097012,5.957305368177581,148.1620713669223,0.0,1567.3712904907568,1889.0596214491948,0.0,0.0,111841.02205840194,113730.08167985114,1.7922807531587965,0.020278040623081,0.09880127950344844,0.11907932012652944,113147.3176428565,582.7640369946275,23685.104607708003,56975.60810058471,19006.63507735526,75982.24317793996,10923.224226460305,2556.745630748227,0.20932979323883555,18.92792597415557,33648.85232005329,42985.32951137946,0.29738974834793785,0.3799058643799261,25930.45474975603,25930.45474975603,0,0.0,0.0,0.0,0.0,0.0,0.0,0.0,0.0,0.0,0.0,0.0,none,2516.264428627933,28446.719178383963,1740.8975500822726,1740.8975500822726,0.0,27671.352299838305,0.2154110468670722,0.5181811771623273,0.1728613500867164,0.0702933619006643,0.0232530639832198,0.04961022946149523,0.056057116133015866,0.032538575261181764,0.7235180964905636,30998.40771984528,0.0,rate_cap_plus_persistent_inflation_deficits_scale_with_gdp
2041Q4,2041-12-31,2041,4,2042,64584.55573404224,30191.66455237581,0.017189212325988024,0.05495933695345423,0.05680514587734642,344.6291974501222,1404.6739703128562,184.4477521325261,807.1573496331159,293.5316255578862,98.98739998218964,20.54984300713887,5.987900480119798,151.92479439749934,0.0,1562.5866651904755,1907.2158626405976,0.0,0.0,113730.08167985114,115637.29754249174,1.7904791049222906,0.021344372104643565,0.09677772943891866,0.11812210154356222,115054.53350549711,582.7640369946275,24063.21369427467,57885.16689258944,19310.057061206917,77195.22395379636,11198.534331158817,2597.5615262672577,0.20914615844429085,18.930466371870917,33903.10436005324,43396.06069318177,0.29466986938357725,0.3771781899503193,26035.711377785643,26035.711377785643,0,0.0,0.0,0.0,0.0,0.0,0.0,0.0,0.0,0.0,0.0,0.0,none,2556.745630748227,28592.45700853387,1755.2910682430982,1755.2910682430982,0.0,27791.002446028742,0.2154110468670722,0.5181811771623273,0.1728613500867164,0.0702933619006643,0.0232530639832198,0.04861008432077812,0.054957725945863255,0.03249539490502522,0.7453679039037495,32560.994385035756,0.0,rate_cap_plus_persistent_inflation_deficits_scale_with_gdp
2042Q1,2042-03-31,2042,1,2042,65694.10229503924,30319.82671935733,0.017088232020256333,0.05252445248941795,0.05680514587734553,347.45536630486725,1399.5678990290314,187.39227664416399,794.3555043627501,297.41662499929936,99.5255922554446,20.877900767373085,5.987900480119798,155.75392306726786,0.0,1561.309722576419,1908.7650888812864,0.0,0.0,115637.29754249174,117546.06263137302,1.78929399329427,0.021155954898015538,0.09506544228670089,0.11622139718471641,116963.29859437839,582.7640369946275,24440.831664672332,58793.54428206965,19613.08493804662,78406.62922011627,11477.513302520556,2638.32440706923,0.20896154570188424,18.98947734328202,34112.560911174514,43643.86613068364,0.29165183712435133,0.37314154658067494,26661.814871200164,26661.814871200164,0,0.0,0.0,0.0,0.0,0.0,0.0,0.0,0.0,0.0,0.0,0.0,none,2597.5615262672577,29259.376397467422,1753.0111658140186,1753.0111658140186,0.0,28414.826037014183,0.2154110468670722,0.5181811771623273,0.1728613500867164,0.0702933619006643,0.0232530639832198,0.04755907811468209,0.054007132845791554,0.03242180166778713,0.7685507785846972,34122.30410761217,-1.4551915228366852e-11,rate_cap_plus_persistent_inflation_deficits_scale_with_gdp
2042Q2,2042-06-30,2042,2,2042,66822.71058924825,30448.53292858657,0.017088232020256333,0.05252445248941706,0.05667797807831465,350.3047114617209,1392.0202837980341,190.3329765886358,780.4693537427017,301.1210977757245,98.89132326915302,21.205532421818937,5.987900480119798,159.2839828867659,0.0,1557.2921671649199,1907.5968786266408,0.0,0.0,117546.06263137302,119453.65950999966,1.7876206824992178,0.020969200942176972,0.09321933536862467,0.11418853631080164,118870.89547300503,582.7640369946275,24817.437575794862,59699.48711643221,19915.300665578234,79614.78778201045,11759.692076503161,2678.9780386965576,0.20877639961441002,18.987184427637043,34306.49915755621,43910.81467517365,0.28860301776179553,0.3693992082792509,26934.29772212093,26934.297722120933,0,0.0,0.0,0.0,0.0,0.0,0.0,0.0,0.0,0.0,0.0,0.0,none,2638.32440706923,29572.622129190164,1748.3128957398749,1748.3128957398749,0.0,28682.610617860806,0.2154110468670722,0.5181811771623273,0.1728613500867164,0.0702933619006643,0.0232530639832198,0.04654928316594725,0.05299342682531602,0.03248598992123336,0.7900635535174758,35679.59627477709,0.0,rate_cap_plus_persistent_inflation_deficits_scale_with_gdp
2042Q3,2042-09-30,2042,3,2042,67970.70809249219,30577.785489496757,0.017088232020256333,0.05252445248941906,0.05667797807831465,353.1774229804449,1384.6954849011277,193.2657951215025,766.0500514118502,304.7279956209185,99.11935676083245,21.532285986023577,5.987900480119798,163.20003663650851,0.0,1553.883422017756,1907.0608449982008,0.0,0.0,119453.65950999966,121360.72035499786,1.7854855975585011,0.020784095554800062,0.09144429802927961,0.11222839358407968,120777.95631800323,582.7640369946275,25193.084458114514,60603.12296291633,20216.746799274944,80819.86976219127,12045.473952046224,2719.528145651222,0.20859008734824253,18.987703155401842,34571.55612591808,44265.56653225131,0.2862406119448871,0.3665036889322912,27364.43595887087,27364.43595887087,0,0.0,0.0,0.0,0.0,0.0,0.0,0.0,0.0,0.0,0.0,0.0,none,2678.9780386965576,30043.413997567426,1743.8608083616923,1743.8608083616923,0.0,29108.29676723256,0.2154110468670722,0.5181811771623273,0.1728613500867164,0.0702933619006643,0.0232530639832198,0.04554344979441823,0.05203301191078798,0.032411827244092084,0.8113162147262868,37233.47969679485,0.0,rate_cap_plus_persistent_inflation_deficits_scale_with_gdp
2042Q4,2042-12-31,2042,4,2043,69138.42790654681,30707.586721324555,0.017088232020256333,0.05252445248941795,0.05667797807831354,368.108227336267,1376.506673249491,196.19114521756677,751.906967508173,308.2540352007935,98.2963178522871,21.85820747067169,6.009754131507097,167.16609393250155,0.0,1549.6825213134998,1917.7907486497668,0.0,0.0,121360.72035499786,123278.51110364763,1.7830678948945875,0.021296881545170936,0.0896567982950482,0.11095367984021913,122695.747066653,582.7640369946275,25570.188347658466,61510.26370726711,20519.362140584468,82029.62584785158,12335.697338384987,2760.2355327579644,0.20840321656599692,18.89401384625696,35106.38232367272,44645.85512645046,0.2861255028228615,0.36387451231049706,27417.07592809717,27417.075928097172,0,0.0,0.0,0.0,0.0,0.0,0.0,0.0,0.0,0.0,0.0,0.0,none,2719.528145651222,30136.604073748393,1750.6246547172652,1750.6246547172652,0.0,29167.70058281444,0.2154110468670722,0.5181811771623273,0.1728613500867164,0.0702933619006643,0.0232530639832198,0.044698314566126336,0.051076905831819445,0.032346120148075364,0.8292908163009233,38783.16221810835,0.0,rate_cap_plus_persistent_inflation_deficits_scale_with_gdp
2043Q1,2043-03-31,2043,1,2043,70369.0941949645,30837.418255642995,0.01701953976476145,0.05516540834182937,0.05667797807831554,371.12693850459084,1372.4221300596112,199.1278417573903,740.7892245129227,311.7764429018992,98.54322779285778,22.185393094542132,6.009754131507097,171.19379014896617,0.0,1549.6256743400845,1920.7526128446752,0.0,0.0,123278.51110364763,125199.2637164923,1.7791796974054463,0.021096019083397442,0.08808558314232064,0.10918160222571807,124616.49967949768,582.7640369946275,25947.06264521087,62416.8521575263,20821.793240731775,83238.64539825807,12629.873500024214,2800.9181360045145,0.20821530625514567,18.854113727777204,35522.75122990724,45025.69642499163,0.2850565641088342,0.3613140839358643,28006.28183437943,28006.281834379428,0,0.0,0.0,0.0,0.0,0.0,0.0,0.0,0.0,0.0,0.0,0.0,none,2760.2355327579644,30766.517367137392,1749.5588226957093,1749.5588226957093,0.0,29755.840657075136,0.2154110468670722,0.5181811771623273,0.1728613500867164,0.0702933619006643,0.0232530639832198,0.04382212740151649,0.05028047988143599,0.032266221045591084,0.8483856213576578,40332.78789244844,0.0,rate_cap_plus_persistent_inflation_deficits_scale_with_gdp
2043Q2,2043-06-30,2043,2,2043,71621.66638375203,30967.798717086724,0.01701953976476145,0.05516540834182937,0.05626477673819319,374.170404939005,1366.5660740102965,202.06275034957966,729.1519761556318,315.27493915870286,97.56402882824663,22.51237951813628,6.009754131507097,174.02433370663965,0.0,1546.6001618484433,1920.7705667874484,0.0,0.0,125199.2637164923,127120.03428327975,1.7748823882729148,0.020897051064642007,0.08637610599908088,0.1072731570637229,126537.27024628512,582.7640369946275,26323.331079889922,63321.98317678797,21123.73815284101,84445.72132962898,12926.682498841421,2841.535337924791,0.2080282831189234,18.759308714583348,35973.15223868192,45411.277304224466,0.28428898591431423,0.35887669471483363,28255.127760923922,28255.127760923922,0,0.0,0.0,0.0,0.0,0.0,0.0,0.0,0.0,0.0,0.0,0.0,none,2800.9181360045145,31056.045896928437,1746.7462330808087,1746.7462330808087,0.0,30001.87399400473,0.2154110468670722,0.5181811771623273,0.1728613500867164,0.0702933619006643,0.0232530639832198,0.04299372411242773,0.049412436333512146,0.0323351472380253,0.8659065583530933,41879.388054296884,-1.4551915228366852e-11,rate_cap_plus_persistent_inflation_deficits_scale_with_gdp
2043Q3,2043-09-30,2043,3,2043,72896.53439865576,31098.73042651709,0.017019539764762337,0.05516540834182937,0.05626477673819319,377.2388296477356,1361.404300584894,204.99294078464277,717.181882057534,318.74301462860427,97.64762283554326,22.8388402785705,6.009754131507097,178.1140016084758,0.0,1545.5280563248768,1922.7668859726125,0.0,0.0,127120.03428327975,129042.80116925236,1.7702186013884353,0.020699959621383157,0.08480666846918732,0.10550662809057047,128460.03713225773,582.7640369946275,26699.148584130457,64226.02946214744,21425.321205864875,85651.35066801231,13227.434017041536,2882.103863073419,0.2078401126152719,18.692745030789865,36440.36120144335,45754.47493623965,0.28367079766546927,0.35617672201925743,28762.170912998638,28762.170912998634,0,0.0,0.0,0.0,0.0,0.0,0.0,0.0,0.0,0.0,0.0,0.0,none,2841.535337924791,31603.706250923424,1744.6528843641368,1744.6528843641368,0.0,30506.82379736277,0.2154110468670722,0.5181811771623273,0.1728613500867164,0.0702933619006643,0.0232530639832198,0.04213610137927901,0.04863208431428694,0.03228165349493122,0.883902709551532,43424.91611062176,0.0,rate_cap_plus_persistent_inflation_deficits_scale_with_gdp
2043Q4,2043-12-31,2043,4,2044,74194.09510611308,31230.21571460801,0.01701953976476145,0.05516540834182848,0.05626477673819319,399.49652748727436,1354.5123933879386,207.91961959891594,704.8806733470666,322.08210123499504,96.46508940750839,23.1649097994526,6.019952502154488,182.2579926441686,0.0,1542.7903385342615,1942.2868660215358,0.0,0.0,129042.80116925236,130985.0880352739,1.7654381773635466,0.021537914946784417,0.08317590969080484,0.10471382463758924,130402.32399827927,582.7640369946275,27078.27824626095,65138.0432955938,21729.56217310849,86867.6054687023,13533.410356237646,2923.029927078377,0.20765180723786994,18.594927682284986,36665.91096126218,46319.11241276053,0.28117528765626915,0.35520158684726916,29078.122773053758,29078.122773053758,0,0.0,0.0,0.0,0.0,0.0,0.0,0.0,0.0,0.0,0.0,0.0,none,2882.103863073419,31960.226636127176,1760.0288733773673,1760.0288733773673,0.0,30838.151646431124,0.2154110468670722,0.5181811771623273,0.1728613500867164,0.0702933619006643,0.0232530639832198,0.042018470381656674,0.04782259295536339,0.03232327333169622,0.8870632300042757,44967.706449156016,1.4551915228366852e-11,rate_cap_plus_persistent_inflation_deficits_scale_with_gdp
2044Q1,2044-03-31,2044,1,2044,75471.44925250394,31360.93155843563,0.016847634395924738,0.05292516736733344,0.05626477673819319,402.7726417919155,1371.1369860488744,210.87209184275716,714.8900251691406,325.4650415520438,96.41597444604062,23.493853038892453,6.019952502154488,186.4739753742013,0.0,1563.63091392523,1966.4035557171455,0.0,0.0,130985.0880352739,132951.49159099103,1.7616130723311911,0.021347020404728884,0.08287271170287501,0.1042197321076039,132368.7275539964,582.7640369946275,27461.694740512292,66060.36930080196,22037.243203425856,88097.61250422781,13845.001565760584,2964.418743495717,0.20746361506957905,18.525507947752622,37014.32155107939,46979.317001965086,0.2796304099544989,0.3549125074334577,29559.85270342609,29559.85270342609,0,0.0,0.0,0.0,0.0,0.0,0.0,0.0,0.0,0.0,0.0,0.0,none,2923.029927078377,32482.882630504468,1779.9295803429443,1779.9295803429443,0.0,31339.782283769036,0.2154110468670722,0.5181811771623273,0.1728613500867164,0.0702933619006643,0.0232530639832198,0.0418642012662862,0.04774989084266291,0.03220422380592779,0.8914506146562988,46531.33736308125,-2.9103830456733704e-11,rate_cap_plus_persistent_inflation_deficits_scale_with_gdp
2044Q2,2044-06-30,2044,2,2044,76770.79482035451,31492.19452086094,0.01684763439592385,0.05292516736733344,0.05705127569836388,406.07562222479197,1386.6877134107506,213.8579477917395,725.0125530762999,328.8948020312011,95.09589486066359,23.82651565084682,6.019952502154488,193.37936732259567,0.0,1586.0870332355007,1992.1626554602926,0.0,0.0,132951.49159099103,134943.65424645133,1.7577472600384392,0.021157817796469015,0.08264012568565858,0.10379794348212759,134360.8902094567,582.7640369946275,27849.172531697026,66992.46494250906,22348.18331112676,89340.64825363582,14164.823457737111,3006.24596638673,0.20727142018992759,18.4123130002687,37338.25601242202,47638.37838607659,0.2778952711180686,0.35455539414641113,29841.154954183923,29841.154954183923,0,0.0,0.0,0.0,0.0,0.0,0.0,0.0,0.0,0.0,0.0,0.0,none,2964.418743495717,32805.57369767964,1798.783288137697,1798.783288137697,0.0,31639.93824232162,0.2154110468670722,0.5181811771623273,0.1728613500867164,0.0702933619006643,0.0232530639832198,0.041747182110285046,0.04771927006625554,0.03228860658897714,0.8945724636861774,48117.424396316754,0.0,rate_cap_plus_persistent_inflation_deficits_scale_with_gdp
2044Q3,2044-09-30,2044,3,2044,78092.51042245535,31624.006891879962,0.016847634395925626,0.05292516736733344,0.05705127569836388,409.40568910448235,1403.6048078999843,216.8754310905906,735.2423027440356,332.3940381020526,94.93033400847253,24.162701954833334,6.019952502154488,197.8464636123706,0.0,1607.4712240145093,2016.8769131189915,0.0,0.0,134943.65424645133,136960.53115957032,1.7538241557181082,0.0209702921260812,0.08233676778060314,0.10330705990668435,136377.7671225757,582.7640369946275,28241.011785108327,67935.05228212853,22662.623370477322,90597.67565260585,14490.53568704498,3048.5439978165314,0.20707929438179934,18.33338784262773,37605.985787420235,48177.6055134966,0.27574865449747504,0.3532658330605662,30382.646795710407,30382.646795710407,0,0.0,0.0,0.0,0.0,0.0,0.0,0.0,0.0,0.0,0.0,0.0,none,3006.24596638673,33388.89276209714,1819.0304495066212,1819.0304495066212,0.0,32201.677245217026,0.2154110468670722,0.5181811771623273,0.1728613500867164,0.0702933619006643,0.0232530639832198,0.04159056658524716,0.04764866441451897,0.03223761751240812,0.8984872420716459,49724.89562033126,0.0,rate_cap_plus_persistent_inflation_deficits_scale_with_gdp
2044Q4,2044-12-31,2044,4,2045,79436.98118994065,31756.370971073586,0.01684763439592385,0.05292516736733255,0.05705127569836388,430.56965113041537,1419.2922108408334,219.9268792765311,745.5871987963588,335.9865076452934,93.28895274019942,24.50267238245037,6.028693962709422,202.39583289439048,0.0,1627.7167376979332,2058.2863888283487,0.0,0.0,136960.53115957032,139018.81754839869,1.7500516191066318,0.021681068171555327,0.08196266843554503,0.10364373660710037,138436.05351140405,582.7640369946275,28640.791112632774,68896.73983508683,22983.435117589248,91880.17495267608,14823.388306435661,3091.699139659517,0.2068882374653465,18.175570057290383,38354.902969815055,49808.560557022894,0.27705862740919196,0.35979471599802415,30463.299888607347,30463.29988860735,0,0.0,0.0,0.0,0.0,0.0,0.0,0.0,0.0,0.0,0.0,0.0,none,3048.5439978165314,33511.843886423885,1855.8905559339582,1855.8905559339582,0.0,32319.19044454131,0.2154110468670722,0.5181811771623273,0.1728613500867164,0.0702933619006643,0.0232530639832198,0.04147523273404309,0.04753827176097934,0.03220926325881758,0.9015406194418695,51352.6123580292,0.0,rate_cap_plus_persistent_inflation_deficits_scale_with_gdp
2045Q1,2045-03-31,2045,1,2045,80822.3823534012,31884.47140650104,0.01623329428827147,0.054489465960201544,0.05705127569836388,434.1005839324724,1436.6984569151316,223.04016078962775,756.1417196900763,339.6312599833784,93.03578461703636,24.84953183501337,6.028693962709422,207.0449352179771,0.0,1649.7720860958182,2083.8726700282905,0.0,0.0,139018.81754839869,141102.69021842696,1.7458368104202389,0.021484176600206555,0.08164926784177584,0.1031334444419824,140519.92618143233,582.7640369946275,29045.08053977742,69869.27664004175,23307.86609370876,93177.1427337505,15162.361772841872,3135.341135062543,0.20669723738878043,18.07432483223022,39079.62154872703,51415.248263510744,0.2781073304740381,0.3658929353344944,31094.320354036383,31094.320354036383,0,0.0,0.0,0.0,0.0,0.0,0.0,0.0,0.0,0.0,0.0,0.0,none,3091.699139659517,34186.0194936959,1876.8277348103134,1876.8277348103134,0.0,32971.1480888467,0.2154110468670722,0.5181811771623273,0.1728613500867164,0.0702933619006643,0.0232530639832198,0.04132035469217464,0.04746902945053345,0.032128066752802865,0.9059039734735492,53002.38444412502,-2.9103830456733704e-11,rate_cap_plus_persistent_inflation_deficits_scale_with_gdp
2045Q2,2045-06-30,2045,2,2045,82231.94526564635,32013.088579863437,0.01623329428827147,0.054489465960201544,0.05607658331448184,437.6604725293001,1452.8199081359348,226.18856470351668,766.8153111244565,343.336605142348,91.2791227925479,25.20030437306519,6.028693962709422,208.2342331834252,0.0,1667.0828352820695,2104.7433078113695,0.0,0.0,141102.69021842696,143207.43352623834,1.7415060906514324,0.02128907305380939,0.08109173776184612,0.1023808108156555,142624.6694892437,582.7640369946275,29453.609544935927,70852.01194483148,23635.699212800653,94487.71115763213,15503.908004756013,3179.4407819196235,0.20651132549798634,17.923614076495443,39834.08241016583,53119.380629335945,0.2792930742824262,0.37244174391122453,31357.62202729514,31357.62202729514,0,0.0,0.0,0.0,0.0,0.0,0.0,0.0,0.0,0.0,0.0,0.0,none,3135.341135062543,34492.963162357686,1896.5090746279443,1896.5090746279443,0.0,33254.131101923085,0.2154110468670722,0.5181811771623273,0.1728613500867164,0.0702933619006643,0.0232530639832198,0.041203085853992696,0.04725871158661611,0.032212620502864935,0.9089330009386718,54669.46727940709,0.0,rate_cap_plus_persistent_inflation_deficits_scale_with_gdp
2045Q3,2045-09-30,2045,3,2045,83666.09131372247,32142.224575604054,0.01623329428827036,0.054489465960201544,0.05607658331448273,441.24955437601255,1470.374904817295,229.36998433118856,777.6008310945239,347.0006206302154,90.84871347668711,25.554755284678976,6.028693962709422,212.9249020096216,0.0,1689.3285007896259,2130.5780551656385,0.0,0.0,143207.43352623834,145338.01158140396,1.7371196538443572,0.021095741294831643,0.08076526460188782,0.10186100589671947,144755.24754440933,582.7640369946275,29866.693218185206,71845.70371312293,23967.18732585325,95812.89103897617,15851.631193860376,3224.032093387584,0.2063254612515683,17.787891379260138,40524.930871752775,54801.21219784277,0.2799548310628267,0.37857841513503926,31864.396299766013,31864.396299766013,0,0.0,0.0,0.0,0.0,0.0,0.0,0.0,0.0,0.0,0.0,0.0,none,3179.4407819196235,35043.83708168563,1917.653153156017,1917.653153156017,0.0,33782.04945292203,0.2154110468670722,0.5181811771623273,0.1728613500867164,0.0702933619006643,0.0232530639832198,0.041055797582485516,0.04718549754556166,0.032161844288677265,0.91245682992977,56358.79578019671,-2.9103830456733704e-11,rate_cap_plus_persistent_inflation_deficits_scale_with_gdp
2045Q4,2045-12-31,2045,4,2046,85125.24923377328,32271.88148657454,0.01623329428827236,0.054489465960201544,0.05607658331448184,462.00030881330326,1486.9690516168603,232.5868734366173,788.5065982515224,350.75704973515457,89.20537224296292,25.913157950602702,6.044719973726774,217.700402866809,0.0,1710.714174457396,2172.714483270699,0.0,0.0,145338.01158140396,147510.72606467467,1.7328668919321069,0.021709202050947087,0.08038574640806682,0.1020949484590139,146927.96202768004,582.7640369946275,30287.824847884876,72858.75521067555,24305.133699230406,97163.88890990595,16206.756109001908,3269.492160887311,0.2061406449112722,17.703058142238667,41829.90281765296,56364.55685115239,0.284696678837569,0.3836203543103236,32443.957787166364,32443.957787166364,0,0.0,0.0,0.0,0.0,0.0,0.0,0.0,0.0,0.0,0.0,0.0,none,3224.032093387584,35667.98988055395,1955.0140804038904,1955.0140804038904,0.0,34398.97186757025,0.2154110468670722,0.5181811771623273,0.1728613500867164,0.0702933619006643,0.0232530639832198,0.04088467121293668,0.04708236079036277,0.032147932776141044,0.9168302210091421,58069.50995465411,0.0,rate_cap_plus_persistent_inflation_deficits_scale_with_gdp
2046Q1,2046-03-31,2046,1,2046,86590.50754563458,32400.426276002614,0.01602817697257164,0.05376022781086065,0.05607658331448073,465.7889921091802,1502.9472687023356,235.86643600290347,799.6248384371622,354.67383553532505,86.50361548381268,26.27854324313176,6.044719973726774,222.57755627448103,0.0,1731.5695449505433,2197.3585370597234,0.0,0.0,147510.72606467467,149708.0846017344,1.7289202805842874,0.021516861619673585,0.07998888534233287,0.10150574696200644,149125.32056473976,582.7640369946275,30713.21448628901,73882.04954393662,24646.49700569451,98528.54654963114,16568.147659433274,3315.411869386356,0.20595573152820473,17.665913515608807,43136.34336159131,57944.87476066357,0.28926236804208266,0.3885649636240545,33073.99950432869,33073.99950432869,0,0.0,0.0,0.0,0.0,0.0,0.0,0.0,0.0,0.0,0.0,0.0,none,3269.492160887311,36343.491665216,1974.7809807852427,1974.7809807852427,0.0,35048.78048511394,0.2154110468670722,0.5181811771623273,0.1728613500867164,0.0702933619006643,0.0232530639832198,0.040683537608296454,0.04695440368699299,0.03207849699033364,0.9223249673077345,59801.07949960465,0.0,rate_cap_plus_persistent_inflation_deficits_scale_with_gdp
2046Q2,2046-06-30,2046,2,2046,88080.98730400913,32529.483082769868,0.01602817697257164,0.05376022781085976,0.05713665997545747,469.60874491051555,1517.8747858300414,239.17915781197564,810.8554937447025,358.6704355109937,82.52207586217567,26.647622900192832,6.044719973726774,231.7540139722181,0.0,1755.6735197759863,2225.282264686502,0.0,0.0,149708.0846017344,151933.3668664209,1.7249280635561794,0.02132622529716538,0.0797299655016957,0.10105619079886109,151350.60282942627,582.7640369946275,31142.642493734456,74915.05835959809,24991.100990548995,99906.15935014708,16940.033476192155,3361.767509352572,0.20576490553415597,17.58188189761938,44516.45438337509,59696.56056509747,0.2941280282414574,0.394425654401761,33374.73049345485,33374.73049345485,0,0.0,0.0,0.0,0.0,0.0,0.0,0.0,0.0,0.0,0.0,0.0,none,3315.411869386356,36690.14236284121,1993.5282507142838,1993.5282507142838,0.0,35368.258744169136,0.2154110468670722,0.5181811771623273,0.1728613500867164,0.0702933619006643,0.0232530639832198,0.04050780201471969,0.046909250744783,0.032130490938079494,0.9267287082634642,61556.75301938064,0.0,rate_cap_plus_persistent_inflation_deficits_scale_with_gdp
2046Q3,2046-09-30,2046,3,2046,89597.12264488456,32659.05394633475,0.016028176972572528,0.05376022781086176,0.05713665997545747,473.45982200613537,1533.814964419789,242.5233284199571,822.1927654965872,362.7090491691418,79.36961497768134,27.02020635642129,6.044719973726774,236.9559250454897,0.0,1776.8156094390056,2250.275431445141,0.0,0.0,151933.3668664209,154183.64229786606,1.7208548416110212,0.02113727798526204,0.07932467280144072,0.10046195078670275,153600.87826087142,582.7640369946275,31576.3337562859,75958.32263142813,25339.126118581156,101297.4487500093,17318.51239792266,3408.583356653547,0.2055739141195374,17.49920809623001,45942.376868595355,61437.864830292274,0.2991023058511951,0.3999838121104225,33832.06040875614,33832.060408756144,0,0.0,0.0,0.0,0.0,0.0,0.0,0.0,0.0,0.0,0.0,0.0,none,3361.767509352572,37193.82791810871,2013.3195063996513,2013.3195063996513,0.0,35845.3799151558,0.2154110468670722,0.5181811771623273,0.1728613500867164,0.0702933619006643,0.0232530639832198,0.040331026128529714,0.04677881221446698,0.03212260451743958,0.9311804962065476,63333.568628819645,2.9103830456733704e-11,rate_cap_plus_persistent_inflation_deficits_scale_with_gdp
2036Q4,2036-12-31,2036,4,2037,46073.92809633922,27698.55388240954,0.017515988152144724,0.10130120074451043,0.022578201318361746,249.78620683035467,1641.7687580412824,330.1144357628681,916.7886883253786,225.02850094890826,98.67032999239234,71.16680301173496,5.894658234200658,34.984618848701245,0.0,1682.6480351241844,1932.4342419545392,0.0,0.0,77061.53216807223,78993.96641002677,1.714504703068788,0.021685687949858243,0.146082446593728,0.16776813454358624,78411.20237303214,582.7640369946275,16680.54606503854,40125.82047858452,13385.672438449985,53511.492917034506,6418.541693202157,1800.6216977569368,0.21273167047844502,20.151954001116557,21543.81016838825,26307.608681347323,0.2747542381239875,0.33550829326901466,17421.739362036373,17421.739362036373,0,0.0,0.0,0.0,0.0,0.0,0.0,0.0,0.0,0.0,0.0,0.0,none,1756.50018026592,19178.239542302294,1897.4496231058376,1897.4496231058376,0.0,19319.18898514221,0.2154110468670722,0.5181811771623273,0.1728613500867164,0.0702933619006643,0.0232530639832198,0.10516072264463903,0.08734049208646963,0.1613733712919053,0.2662443664510644,1682.6480351241844,0.0,continued_stress_plus_inflation_and_full_pass_through
2037Q1,2037-03-31,2037,1,2037,47393.59841802959,27818.71239056672,0.01746555549210771,0.10036827465877263,0.10429739805772598,254.63368024124105,2063.9790529541187,671.6630625210731,976.6249418296862,239.28114473531974,103.45546235837661,72.95444150966362,5.894658234200658,161.18537037152072,0.0,2231.05908155984,2485.692761801081,0.0,0.0,78993.96641002677,81479.65917182785,1.7192123386189464,0.021490976734475826,0.18830045879876423,0.20979143553324006,80896.89513483322,582.7640369946275,17181.27063567663,41330.336454998025,13787.489924419051,55117.82637941708,6743.124502880204,1854.6736168593152,0.2123847968088281,20.137292161702497,21983.272252216655,26867.537284066773,0.27174432610270755,0.33212074751800874,17933.91246152953,17933.91246152953,0,0.0,0.0,0.0,0.0,0.0,0.0,0.0,0.0,0.0,0.0,0.0,none,1800.6216977569368,19734.534159286468,2324.5073914295604,2324.5073914295604,0.0,20258.41985295909,0.2154110468670722,0.5181811771623273,0.1728613500867164,0.0702933619006643,0.0232530639832198,0.10764185893667043,0.1129736450998946,0.16117917087095018,0.29978584685440773,3913.707116684024,0.0,continued_stress_plus_inflation_and_full_pass_through
2037Q2,2037-06-30,2037,2,2037,48751.067334932195,27939.39215579544,0.01746555549210771,0.10036827465877352,0.10410419021089257,259.5752260941867,2179.635545429309,691.8253639998737,1046.528931239303,257.26153158725197,108.8752959463983,75.14442265648188,5.894658234200658,169.0340722972504,0.0,2354.56427596076,2614.1395020549467,0.0,0.0,81479.65917182785,84093.79867388279,1.7249632320075592,0.02129801379000292,0.19319078778598273,0.21448880157598563,83511.03463688816,582.7640369946275,17707.973356001097,42597.34406487587,14210.154150111326,56807.498214987194,7084.033256036686,1911.5298098631895,0.2120435153629291,20.11880624951861,22487.11639785572,27497.72665969737,0.2692711986581328,0.3292705781847802,18447.87700945749,18447.87700945749,0,0.0,0.0,0.0,0.0,0.0,0.0,0.0,0.0,0.0,0.0,0.0,none,1854.6736168593152,20302.550626316806,2445.105429757696,2445.105429757696,0.0,20892.982439215186,0.2154110468670722,0.5181811771623273,0.1728613500867164,0.0702933619006643,0.0232530639832198,0.11009839178178203,0.1155902859630452,0.1613909738156167,0.33250318248037747,6268.271392644784,-1.4551915228366852e-11,continued_stress_plus_inflation_and_full_pass_through
2037Q3,2037-09-30,2037,3,2037,50147.41749153521,28060.59543934993,0.017465555492108598,0.10036827465877263,0.10410419021089257,264.6126700050547,2301.409602518106,713.0337081866859,1120.0564939454655,276.2937466005858,114.57763131548273,77.44802246988543,5.894658234200658,177.57984285260733,0.0,2484.884103604914,2749.496773609969,0.0,0.0,84093.79867388279,86843.29544749277,1.7317600744275965,0.02110678341908401,0.19820634663983305,0.2193131300589171,86260.53141049814,582.7640369946275,18261.992674510686,43930.063007619436,14654.739183072927,58584.80219069236,7442.40178648147,1971.3347588136162,0.21170739822602289,20.089555463462105,22950.616036544427,28103.908336377666,0.2660616119709097,0.325802633914186,18997.334292252443,18997.334292252443,0,0.0,0.0,0.0,0.0,0.0,0.0,0.0,0.0,0.0,0.0,0.0,none,1911.5298098631895,20908.864102115633,2571.916930757361,2571.916930757361,0.0,21569.251223009804,0.2154110468670722,0.5181811771623273,0.1728613500867164,0.0702933619006643,0.0232530639832198,0.11247317296743857,0.11819583097875445,0.16135614343093208,0.36444386127074,8753.155496249698,1.4551915228366852e-11,continued_stress_plus_inflation_and_full_pass_through
2037Q4,2037-12-31,2037,4,2038,51583.76254192073,28182.3245122939,0.01746555549210682,0.10036827465877263,0.10410419021089257,280.0645332576652,2428.447582264026,735.3419893853405,1197.0447586439163,295.61263413042917,120.57710528359578,79.87109482074483,5.91068424521801,186.56328844350332,0.0,2620.9215549527476,2900.9860882104126,0.0,0.0,86843.29544749277,89744.28153570318,1.739777734568517,0.021717262910402418,0.20323616780166398,0.2249534307120664,89161.51749870855,582.7640369946275,18846.709331448325,45336.62580931891,15123.957972946799,60460.583782265705,7819.770979140404,2034.4534058541067,0.2113771710056562,19.990543360259313,23668.950410353296,29724.901611313304,0.2654615026117756,0.33338263462983175,19346.338509642374,19346.338509642374,0,0.0,0.0,0.0,0.0,0.0,0.0,0.0,0.0,0.0,0.0,0.0,none,1971.3347588136162,21317.67326845599,2714.422799766909,2714.422799766909,0.0,22060.76130940928,0.2154110468670722,0.5181811771623273,0.1728613500867164,0.0702933619006643,0.0232530639832198,0.11458360934976551,0.12071958077811132,0.16124350334340576,0.39306301749671774,11374.077051202445,0.0,continued_stress_plus_inflation_and_full_pass_through
2038Q1,2038-03-31,2038,1,2038,53082.711781906924,28304.416431579815,0.017441798459170377,0.10217552497995608,0.10410419021089257,285.4996026937484,2557.2154173590156,758.8863373326155,1272.9984536685854,316.00195081092454,126.90024975017103,82.42842579671876,5.91068424521801,196.02303538535787,0.0,2759.1491369895916,3044.64873968334,0.0,0.0,89744.28153570318,92788.93027538652,1.7480065950024304,0.0215135657625585,0.2079132014449977,0.22942676720755617,92206.16623839189,582.7640369946275,19460.334776543605,46812.730030066894,15616.375258083472,62429.105288150364,8216.033492077515,2100.6926816203922,0.21105242274394556,19.941356228737806,24403.868237754818,31389.625615655565,0.26466633668143746,0.3404287033743505,20043.133490948418,20043.133490948418,0,0.0,0.0,0.0,0.0,0.0,0.0,0.0,0.0,0.0,0.0,0.0,none,2034.4534058541067,22077.586896802524,2848.625704297982,2848.625704297982,0.0,22891.7591952464,0.2154110468670722,0.5181811771623273,0.1728613500867164,0.0702933619006643,0.0232530639832198,0.11668038776092615,0.12297827069424642,0.16107085471133475,0.42188635795899426,14133.226188192037,0.0,continued_stress_plus_inflation_and_full_pass_through
2038Q2,2038-06-30,2038,2,2038,54625.21831033693,28427.0372794411,0.017441798459170377,0.10217552497995608,0.10434775053363254,291.0401477480095,2692.9359634690363,783.5947338135552,1352.5537831082115,338.1228068544788,133.55244674189834,85.11219295089323,5.91068424521801,206.4208175442859,0.0,2905.26746525854,3196.3076130065497,0.0,0.0,92788.93027538652,95985.23788839307,1.757159803793945,0.021311779192866667,0.2127418474561055,0.23405362664897217,95402.47385139843,582.7640369946275,20104.389421168165,48362.03308932163,16133.211126153526,64495.244215475155,8632.623504177247,2170.2167105778603,0.2107323700272524,19.904537549552632,25177.13430884735,33138.27734957211,0.26390441769952383,0.3473523904756309,20708.851422618445,20708.851422618445,0,0.0,0.0,0.0,0.0,0.0,0.0,0.0,0.0,0.0,0.0,0.0,none,2100.6926816203922,22809.544104238837,2989.8867954622638,2989.8867954622638,0.0,23698.73821808071,0.2154110468670722,0.5181811771623273,0.1728613500867164,0.0702933619006643,0.0232530639832198,0.11873455853614874,0.12524198550995475,0.1610668554720722,0.45021184948017634,17038.493653450576,0.0,continued_stress_plus_inflation_and_full_pass_through
2038Q3,2038-09-30,2038,3,2038,56212.547838767845,28550.18934731063,0.01744179845916949,0.10217552497995608,0.10434775053363254,296.68821533192965,2835.3371504726224,809.5284000947889,1435.9333482483748,361.40280776600116,140.54354837207677,87.92904599138036,5.91068424521801,216.88728545259372,0.0,3058.135120170434,3354.823335502364,0.0,0.0,95985.23788839307,99340.06122389543,1.767222178023819,0.021111885281052078,0.21761227610190936,0.23872416138296146,98757.2971869008,582.7640369946275,20780.335510711313,49988.05248559653,16675.638988250907,66663.69147384743,9070.08686401713,2243.18333832492,0.21041822835009322,19.82969081187846,25998.17720779148,35037.34155449996,0.2632532273396389,0.3547823052325021,21302.731985337585,21302.731985337585,0,0.0,0.0,0.0,0.0,0.0,0.0,0.0,0.0,0.0,0.0,0.0,none,2170.2167105778603,23472.948695915446,3137.93605004977,3137.93605004977,0.0,24440.668035387356,0.2154110468670722,0.5181811771623273,0.1728613500867164,0.0702933619006643,0.0232530639832198,0.12068859591030144,0.12744189366811942,0.16122029030913537,0.4770032768425842,20096.62877362101,0.0,continued_stress_plus_inflation_and_full_pass_through
2038Q4,2038-12-31,2038,4,2039,57846.00285849685,28673.874936548265,0.017441798459170377,0.10217552497995697,0.10434775053363254,309.64517274554873,2983.3444374739324,836.7462153168738,1522.849184895193,384.973333276287,147.8903237554401,90.88538023013885,5.922339525957902,227.8781783781025,0.0,3217.1449553779926,3526.7901281235413,0.0,0.0,99340.06122389543,102866.85135201897,1.7782879761571826,0.021411690173511494,0.22246273183284845,0.24387442200635995,102284.08731502434,582.7640369946275,21490.957587328274,51697.486563070495,17245.893361701106,68943.37992477161,9529.856653957115,2319.893148967359,0.2101104692965423,19.756752994371258,27614.53899830938,36898.50210006459,0.26997883760021707,0.36074528373529935,21996.981631276463,21996.981631276463,0,0.0,0.0,0.0,0.0,0.0,0.0,0.0,0.0,0.0,0.0,0.0,none,2243.18333832492,24240.164969601385,3298.911949745439,3298.911949745439,0.0,25295.8935810219,0.2154110468670722,0.5181811771623273,0.1728613500867164,0.0702933619006643,0.0232530639832198,0.12258649175254978,0.12954068744238442,0.16124947508085966,0.503019244792145,23313.773728999004,0.0,continued_stress_plus_inflation_and_full_pass_through
2039Q1,2039-03-31,2039,1,2039,59513.935013155235,28796.577412871466,0.017227156981449054,0.10144623002183972,0.10434775053363254,315.65429855253444,3138.4757895415664,865.3603025544626,1613.7516599564913,409.7530250951908,155.61742772703502,93.99337420838683,5.922339525957902,239.4295012899543,0.0,3383.8276303574785,3699.481928910013,0.0,0.0,102866.85135201897,106566.33328092899,1.7906114468380065,0.021215488337832863,0.22743094568419994,0.24864643402203282,105983.56924393435,582.7640369946275,22236.291102976866,53490.42060305802,17844.00269571033,71334.42329876835,10012.50487273704,2400.3499694521033,0.20980885302888108,19.721878908236082,29293.340973514656,38961.901056603485,0.2763951165495511,0.367622088353411,22810.97239355226,22810.972393552256,0,0.0,0.0,0.0,0.0,0.0,0.0,0.0,0.0,0.0,0.0,0.0,none,2319.893148967359,25130.865542519616,3460.0524276200586,3460.0524276200586,0.0,26271.024821172316,0.2154110468670722,0.5181811771623273,0.1728613500867164,0.0702933619006643,0.0232530639832198,0.12445532152167058,0.1315808770612697,0.16112184738223256,0.5288614507700344,26697.601359356482,0.0,continued_stress_plus_inflation_and_full_pass_through
2039Q2,2039-06-30,2039,2,2039,61229.96033821553,28919.80496289779,0.017227156981449054,0.10144623002183972,0.10453349725215699,321.7800403966571,3301.574553264237,895.3720893250041,1708.572562727785,436.635217949886,163.7415002818937,97.2531829796683,5.922339525957902,251.98719106612867,0.0,3559.484083856323,3881.2641242529803,0.0,0.0,106566.33328092899,110447.59740518196,1.8038162493508618,0.02102108435930664,0.23253218288529498,0.25355326724460164,109864.83336818733,582.7640369946275,23018.077446525163,55371.04359654486,18471.364406219585,73842.40800276445,10519.606140705404,2484.741778192321,0.20951269610891088,19.70654824959995,31048.509264926197,40928.44018521358,0.2826064384121358,0.3725344947099778,23619.19874139158,23619.198741391585,0,0.0,0.0,0.0,0.0,0.0,0.0,0.0,0.0,0.0,0.0,0.0,none,2400.3499694521033,26019.548710843686,3629.2769331868517,3629.2769331868517,0.0,27248.475674578436,0.2154110468670722,0.5181811771623273,0.1728613500867164,0.0702933619006643,0.0232530639832198,0.12627076879893162,0.13360632666126743,0.1610320892961929,0.5542407151206061,30257.085443212804,0.0,continued_stress_plus_inflation_and_full_pass_through
2039Q3,2039-09-30,2039,3,2039,62995.46555257566,29043.55983354516,0.017227156981449054,0.10144623002183972,0.1045334972521561,328.024661385822,3472.4085125131983,926.8516948305681,1807.4574892484916,465.1510862085621,172.27581950093446,100.67242272464222,5.922339525957902,264.74953432843625,0.0,3743.0803863675924,4071.1050477534145,0.0,0.0,110447.59740518196,114518.70245293538,1.817888024930282,0.0208284617636204,0.23767300414621992,0.25850146590984036,113935.93841594075,582.7640369946275,23838.00847242029,57343.42537718973,19129.336159180242,76472.76153636997,11051.917200661612,2573.2512064888733,0.2092229089771127,19.669683857579482,32949.82968297735,43131.506186636325,0.2891961056456911,0.3785592745036961,24361.34152111302,24361.341521113016,0,0.0,0.0,0.0,0.0,0.0,0.0,0.0,0.0,0.0,0.0,0.0,none,2484.741778192321,26846.083299305337,3806.355513424978,3806.355513424978,0.0,28167.697034537992,0.2154110468670722,0.5181811771623273,0.1728613500867164,0.0702933619006643,0.0232530639832198,0.12801347996960583,0.13556040961709412,0.16121058866347962,0.5781998518618131,34000.16582958039,0.0,continued_stress_plus_inflation_and_full_pass_through
2039Q4,2039-12-31,2039,4,2040,64811.877359798425,29167.84428134662,0.017227156981449054,0.10144623002183972,0.10453349725215699,339.3678733347217,3650.7833334525285,959.8672437077742,1910.3222309241569,495.09510469996434,181.2402611416128,104.25849297902067,5.935451716790281,278.14633867227826,0.0,3934.865123841597,4274.232997176318,0.0,0.0,114518.70245293538,118792.9354501117,1.8328883576484192,0.020944795130728625,0.2428483965676525,0.2637931916983811,118210.17141311707,582.7640369946275,24698.809682900184,59414.12226593602,19820.105094032766,79234.22735996879,11610.961905006532,2666.1724652415587,0.20893980092951212,19.812124712813095,34050.19701075512,44335.81982259868,0.2880479454831141,0.3750592634508184,25959.95616339604,25959.95616339604,0,0.0,0.0,0.0,0.0,0.0,0.0,0.0,0.0,0.0,0.0,0.0,none,2573.2512064888733,28533.207369884913,3996.0866585040403,3996.0866585040403,0.0,29956.042821900082,0.2154110468670722,0.5181811771623273,0.1728613500867164,0.0702933619006643,0.0232530639832198,0.13020226984112385,0.1374400875859989,0.1615302109614847,0.6077030162660709,37935.03095342199,0.0,continued_stress_plus_inflation_and_full_pass_through
2040Q1,2040-03-31,2040,1,2040,66683.07522247371,29295.409800174013,0.017609093307503265,0.10119211900360181,0.1045334972521581,345.95381241988656,3852.488774413807,994.5284817151186,2032.735806174721,526.5401360562596,190.66103640210264,108.02331406560529,5.935451716790281,292.2159552686081,0.0,4150.640181399205,4496.593993819091,0.0,0.0,118792.9354501117,123289.52944393079,1.8488878779600648,0.020752121060145245,0.24897713055683102,0.26972925161697625,122706.76540693616,582.7640369946275,25604.479157609272,61592.75182718755,20546.879558051543,82139.6313852391,12198.717727306177,2763.937136781617,0.20866395648761796,19.97123129982601,35345.51777672986,45711.45267639215,0.28804864719163975,0.3725259363230534,26956.156878635276,26956.15687863528,0,0.0,0.0,0.0,0.0,0.0,0.0,0.0,0.0,0.0,0.0,0.0,none,2666.1724652415587,29622.329343876838,4204.378038550483,4204.378038550483,0.0,31160.534917185763,0.2154110468670722,0.5181811771623273,0.1728613500867164,0.0702933619006643,0.0232530639832198,0.13234313340617831,0.13976050564529768,0.1613938796016653,0.636813245410236,42085.6711348212,0.0,continued_stress_plus_inflation_and_full_pass_through
2040Q2,2040-06-30,2040,2,2040,68608.29684721104,29423.53322658747,0.017609093307503265,0.10119211900360181,0.10393915963289468,352.66756146303965,4064.758340793771,1030.996396532963,2161.2037021863534,559.5395481122513,201.03432187954428,111.98437208265884,5.935451716790281,305.32551290183,0.0,4376.019305412391,4728.6868668754305,0.0,0.0,123289.52944393079,128018.21631080622,1.8659290813748022,0.020561219425016278,0.2551306186864062,0.27569183811142245,127435.45227381159,582.7640369946275,26557.320057540077,63884.854420603944,21311.507773620826,85196.36219422477,12814.97618068028,2866.7938413664674,0.20839820931837894,20.1523280840235,36503.096936683374,46937.17587856113,0.2864438135963275,0.3683211778282116,27960.712746302615,27960.71274630262,0,0.0,0.0,0.0,0.0,0.0,0.0,0.0,0.0,0.0,0.0,0.0,none,2763.937136781617,30724.649883084236,4423.361353973601,4423.361353973601,0.0,32384.07410027622,0.2154110468670722,0.5181811771623273,0.1728613500867164,0.0702933619006643,0.0232530639832198,0.13447477152698284,0.1419753753672165,0.16153228013240314,0.665190492722176,46461.690440233586,0.0,continued_stress_plus_inflation_and_full_pass_through
2040Q3,2040-09-30,2040,3,2040,70589.10196584079,29552.2170005949,0.017609093307503265,0.10119211900360181,0.10393915963289468,359.5116008067944,4289.376411654105,1069.3637278210097,2295.8048447729425,596.6117042046169,211.44439466448318,116.15174019105156,5.935451716790281,320.75003804969487,0.0,4616.06190142059,4975.573502227385,0.0,0.0,128018.21631080622,132993.7898130336,1.8840555568675663,0.020372073920462558,0.261573629518867,0.2819457034393295,132411.02577603896,582.7640369946275,27560.020452940003,66296.89632275436,22116.146842053906,88413.04316480826,13462.92940908112,2975.0327492095835,0.2081399210633353,20.332835732025224,37810.308941239986,48210.903633091155,0.28555257177142207,0.364100371177816,28983.33145556053,28983.33145556053,0,0.0,0.0,0.0,0.0,0.0,0.0,0.0,0.0,0.0,0.0,0.0,none,2866.7938413664674,31850.125296926995,4654.82346417769,4654.82346417769,0.0,33638.15491973822,0.2154110468670722,0.5181811771623273,0.1728613500867164,0.0702933619006643,0.0232530639832198,0.13653536540618288,0.14423140813690408,0.16152432183569596,0.6925949903723425,51077.75234165417,0.0,continued_stress_plus_inflation_and_full_pass_through
2040Q4,2040-12-31,2040,4,2041,72627.09534155155,29681.46357287557,0.017609093307502377,0.10119211900360181,0.1039391596328938,378.7929674781843,4525.127455469266,1109.7387140918115,2436.3569229358172,636.0981865053351,222.39645693618166,120.53717500012183,5.957305368177581,336.96786161282245,0.0,4868.052622450266,5246.845589928451,0.0,0.0,132993.7898130336,138240.63540296204,1.903430596430194,0.020862349826702684,0.2681122024531881,0.28897455227989083,137657.8713659674,582.7640369946275,28617.662354385797,68841.10254373605,22964.874934931246,91805.9774786673,14145.029082738449,3089.202450175893,0.20788976373392348,20.471368081447384,38974.54718595426,49298.36869362532,0.28312617941286705,0.35812241032381065,29912.817564749836,29912.817564749832,0,0.0,0.0,0.0,0.0,0.0,0.0,0.0,0.0,0.0,0.0,0.0,none,2975.0327492095835,32887.85031395942,4909.877728315629,4909.877728315629,0.0,34822.69529306546,0.2154110468670722,0.5181811771623273,0.1728613500867164,0.0702933619006643,0.0232530639832198,0.1384960899387858,0.14641443421663256,0.16179280017422817,0.7180004408167503,55945.80496410444,0.0,continued_stress_plus_inflation_and_full_pass_through
2041Q1,2041-03-31,2041,1,2041,74740.92713983924,29808.19978253751,0.017189212325988024,0.10264947904544952,0.10393915963289668,386.14400924058367,4771.981436895196,1152.3259888612272,2582.8100634865373,677.7497214437185,233.9327597889229,125.16290331479127,5.957305368177581,354.04034721051113,0.0,5131.979089473884,5518.123098714468,0.0,0.0,138240.63540296204,143758.75850167652,1.923427551717493,0.02066573289989371,0.2746542910751975,0.2953200239750912,143175.9944646819,582.7640369946275,29730.062825995454,71517.03302287403,23857.54525131574,95374.57827418977,14862.070167685406,3209.283196811256,0.20764697976886867,20.661439445346016,40170.48136807611,50389.05789529953,0.28056715455875675,0.3519378935253654,31274.38417724668,31274.38417724668,0,0.0,0.0,0.0,0.0,0.0,0.0,0.0,0.0,0.0,0.0,0.0,none,3089.202450175893,34363.58662742257,5164.082751503957,5164.082751503957,0.0,36438.46692875064,0.2154110468670722,0.5181811771623273,0.1728613500867164,0.0702933619006643,0.0232530639832198,0.14042152914167672,0.148494082785847,0.1613467057076615,0.7439854273902031,61077.784053578325,0.0,continued_stress_plus_inflation_and_full_pass_through
2041Q2,2041-06-30,2041,2,2041,76916.28260020427,29935.477140273233,0.017189212325988024,0.10264947904544952,0.10457872899571252,393.63770891807644,5032.314478339878,1197.1181859870294,2736.951944507356,721.2044755487249,247.01174725452856,130.02812504224204,5.957305368177581,374.193383525011,0.0,5412.465167233067,5806.102876151144,0.0,0.0,143758.75850167652,149564.86137782768,1.9445149495229306,0.020470968986586516,0.28147305014029333,0.3019440191268799,148982.09734083305,582.7640369946275,30900.156136289235,74331.74627800226,24796.512459759946,99128.25873776221,15618.090730987244,3335.5917357943504,0.20740851879402367,20.790512272209163,41413.55782325758,51516.72318841611,0.2779767405778556,0.3457913676068003,32283.521035082696,32283.521035082696,0,0.0,0.0,0.0,0.0,0.0,0.0,0.0,0.0,0.0,0.0,0.0,none,3209.283196811256,35492.804231893955,5431.909492626133,5431.909492626133,0.0,37715.43052770883,0.2154110468670722,0.5181811771623273,0.1728613500867164,0.0702933619006643,0.0232530639832198,0.14223645874618016,0.15059855061755967,0.16179549490867084,0.7677620915036104,66490.2492208114,0.0,continued_stress_plus_inflation_and_full_pass_through
2041Q3,2041-09-30,2041,3,2041,79154.95238593333,30063.29795671865,0.017189212325988024,0.10264947904545041,0.10457872899571252,401.2768350000003,5304.052912480717,1244.233457463337,2898.483654853416,766.3536187841247,259.83650780927803,135.1456735705599,5.957305368177581,393.2282749906362,0.0,5703.238492839531,6104.515327839532,0.0,0.0,149564.86137782768,155669.3767056672,1.9666410251461575,0.020278040623081035,0.28820627495459433,0.3084843155776754,155086.61266867258,582.7640369946275,32130.430459301773,77291.22772615944,25783.773250448186,103075.00097660763,16412.78457370236,3468.396659060781,0.20717733082445552,20.940347828723414,42613.10339266934,52679.941173678315,0.2747697087414507,0.33968077751639253,33636.44846350748,33636.44846350748,0,0.0,0.0,0.0,0.0,0.0,0.0,0.0,0.0,0.0,0.0,0.0,none,3335.5917357943504,36972.040199301824,5711.287052848896,5711.287052848896,0.0,39347.73551635637,0.2154110468670722,0.5181811771623273,0.1728613500867164,0.0702933619006643,0.0232530639832198,0.14397008662814212,0.15252883438796838,0.16150715443779678,0.7912656523029147,72193.48771365093,0.0,continued_stress_plus_inflation_and_full_pass_through
2041Q4,2041-12-31,2041,4,2042,79908.04464524117,30191.66455237581,0.017189212325988024,0.02105209487726678,0.10457872899571363,426.39675976562546,5519.376699610993,1293.7719927315302,3067.2698733285642,813.778728630605,273.32390853483207,71.2321963854608,5.987900480119798,413.23687234732785,0.0,5938.60147243844,6364.998232204066,0.0,0.0,155669.3767056672,162034.37493787127,2.027760479651795,0.02134437210464361,0.29727177026059826,0.3186161423652419,161451.61090087664,582.7640369946275,33412.5056045315,80375.31843379926,26812.602754506977,107187.92118830624,17244.39076126448,3606.7933467743856,0.2069505867305662,21.003661472515013,43822.33817212002,54154.63543537639,0.2714270729638293,0.33542332054292523,34584.527937751096,34584.527937751096,0,0.0,0.0,0.0,0.0,0.0,0.0,0.0,0.0,0.0,0.0,0.0,none,3468.396659060781,38052.92459681188,5951.761359856738,5951.761359856738,0.0,40536.28929760783,0.2154110468670722,0.5181811771623273,0.1728613500867164,0.0702933619006643,0.0232530639832198,0.12417244656588043,0.15259523994027127,0.08288035813341778,0.8114719852195181,78132.08918608938,0.0,continued_stress_plus_inflation_and_full_pass_through
2042Q1,2042-03-31,2042,1,2042,80619.71427356773,30319.82671935733,0.017088232020256333,0.018695469559396827,0.0228385780169158,426.3967597656255,5013.547743284873,677.8562074519328,3139.7282961712926,839.91746917942,281.9712521228496,74.07451835937894,5.987900480119798,97.62714998461325,0.0,5117.162793749606,5543.5595535152315,0.0,0.0,162034.37493787127,167577.9344913865,2.0786222824201843,0.021155954898015583,0.2538913882222645,0.27504734312028006,166995.17045439186,582.7640369946275,34585.61960474334,83197.29809740723,27753.993982262276,110951.29207966951,17724.830808577033,3733.4279614019724,0.20710550796550753,21.052973916305195,44875.42538015224,55630.410169681214,0.2687228933510277,0.33312586237261554,36159.74705629971,36159.74705629971,0,0.0,0.0,0.0,0.0,0.0,0.0,0.0,0.0,0.0,0.0,0.0,none,3606.7933467743856,39766.5404030741,5445.932403530618,5445.932403530618,0.0,41605.67945983033,0.2154110468670722,0.5181811771623273,0.1728613500867164,0.0702933619006643,0.0232530639832198,0.12305927511221368,0.12632289403311306,0.08269841576240665,0.8316321150253109,83249.25197983898,0.0,continued_stress_plus_inflation_and_full_pass_through
2042Q2,2042-06-30,2042,2,2042,81337.72210804274,30448.53292858657,0.017088232020256333,0.01869546955939594,0.02271549749328483,426.3967597656255,5139.206391863847,701.6557577312306,3206.0268667935634,863.7140689733939,291.1344216083634,76.67527675729302,5.987900480119798,99.81084608897453,0.0,5245.005138432941,5671.401898198566,0.0,0.0,167577.9344913865,173249.33638958505,2.1299998561485904,0.020969200942177014,0.25793715400418427,0.2789063549463613,172666.57235259042,582.7640369946275,35785.80186599348,86084.39170745647,28717.10673366101,114801.49844111748,18216.287520854446,3862.9845246250115,0.20725379196685378,21.04210410832693,45944.0442066906,57213.72789379997,0.26608534344952106,0.33135381744283304,37201.82311885988,37201.82311885987,0,0.0,0.0,0.0,0.0,0.0,0.0,0.0,0.0,0.0,0.0,0.0,none,3733.4279614019724,40935.25108026185,5571.591052109592,5571.591052109592,0.0,42773.41417096947,0.2154110468670722,0.5181811771623273,0.1728613500867164,0.0702933619006643,0.0232530639832198,0.12196179452208895,0.12519560297367274,0.08274223342890366,0.8497673838832424,88494.25711827193,0.0,continued_stress_plus_inflation_and_full_pass_through
2042Q3,2042-09-30,2042,3,2042,82062.12459741099,30577.785489496757,0.017088232020256333,0.018695469559397715,0.02271549749328483,426.3967597656255,5266.357886902705,726.0044553563428,3273.8453200096546,887.7519888842331,299.42007797798755,79.33604467448619,5.987900480119798,102.57830326801749,0.0,5374.924090650842,5801.320850416468,0.0,0.0,173249.33638958505,179050.65724000154,2.18189156225734,0.020784095554800104,0.26199292874854074,0.28277702430334084,178467.8932030069,582.7640369946275,37013.37396390065,89037.37282888289,29702.1990641577,118739.57189304059,18719.449596367882,3995.4977496977513,0.20739514149919394,21.029386078428736,47119.13142081119,58982.73540906241,0.2640202143654672,0.3304949386160437,38480.95103399894,38480.95103399895,0,0.0,0.0,0.0,0.0,0.0,0.0,0.0,0.0,0.0,0.0,0.0,none,3862.9845246250115,42343.93555862396,5698.74254714845,5698.74254714845,0.0,44179.6935811474,0.2154110468670722,0.5181811771623273,0.1728613500867164,0.0702933619006643,0.0232530639832198,0.1209063485893106,0.12409684683730673,0.082674050530182,0.8672228619041962,93869.18120892276,2.9103830456733704e-11,continued_stress_plus_inflation_and_full_pass_through
2042Q4,2042-12-31,2042,4,2043,82792.97869315573,30707.586721324555,0.017088232020256333,0.018695469559396827,0.022715497493283943,440.80806500000057,5396.199466223192,750.9088242926346,3343.205110308407,912.123928130565,307.90406845716643,82.05753503441757,6.009754131507097,105.41167488206422,0.0,5507.620895236763,5948.4289602367635,0.0,0.0,179050.65724000154,184999.0862002383,2.2344779608168834,0.021296881545170978,0.2660912063883535,0.28738808793352444,184416.32216324366,582.7640369946275,38272.0244342013,92065.11440398781,30712.23092068414,122777.34532467194,19235.58659988122,4131.365804489163,0.20753056988265525,20.942267292801244,48625.955010520396,60871.94039571573,0.26367489840447605,0.3300789197055586,39376.26681426078,39376.26681426078,0,0.0,0.0,0.0,0.0,0.0,0.0,0.0,0.0,0.0,0.0,0.0,none,3995.4977496977513,43371.76456395853,5843.017285354699,5843.017285354699,0.0,45219.28409961548,0.2154110468670722,0.5181811771623273,0.1728613500867164,0.0702933619006643,0.0232530639832198,0.11989175110414968,0.12304050663951008,0.08262844297345526,0.8818089841936854,99376.80210415952,0.0,continued_stress_plus_inflation_and_full_pass_through
2043Q1,2043-03-31,2043,1,2043,83581.27915174582,30837.418255642995,0.01701953976476145,0.021251542965382564,0.02271549749328572,440.80806500000057,5529.271826574606,776.443695708859,3414.306662501653,937.0656072865454,316.6079358678518,84.84792520969621,6.009754131507097,108.31811001676317,0.0,5643.599690722876,6084.407755722877,0.0,0.0,184999.0862002383,191083.49395596117,2.286199683652124,0.021096019083397484,0.27008917537510524,0.2911851944585027,190500.72991896654,582.7640369946275,39559.34016095433,95161.8115714274,31745.265845080143,126907.07741650754,19763.984142114427,4270.328199390226,0.20765978260441165,20.8925603573811,50336.33342588999,62858.426161164316,0.26423170896668796,0.32996422737016523,40901.9220954381,40901.922095438094,0,0.0,0.0,0.0,0.0,0.0,0.0,0.0,0.0,0.0,0.0,0.0,none,4131.365804489163,45033.28789992726,5976.0896457061135,5976.0896457061135,0.0,46878.011741144204,0.2154110468670722,0.5181811771623273,0.1728613500867164,0.0702933619006643,0.0232530639832198,0.11894019695592423,0.12202437983103091,0.08255444893298983,0.8968114815230627,105020.4017948824,0.0,continued_stress_plus_inflation_and_full_pass_through
2043Q2,2043-06-30,2043,2,2043,84377.08529044095,30967.798717086724,0.01701953976476145,0.021251542965382564,0.02231557677676199,440.80806500000057,5666.345088805508,802.560113515361,3487.023237172562,962.5629562297418,326.4969164928616,87.70186539497675,6.009754131507097,109.35030319875791,0.0,5781.705146135772,6222.5132111357725,0.0,0.0,191083.49395596117,197306.00716709695,2.338383774314253,0.020897051064642052,0.27408887738817306,0.29498592845281507,196723.24313010232,582.7640369946275,40876.182982622,98329.53752324729,32801.995438646176,131131.53296189348,20303.04921795852,4412.47796762833,0.20778522320104625,20.79498556104036,52168.19027745722,64950.46500453909,0.26518569665383135,0.3301616218353227,42042.52057702995,42042.52057702994,0,0.0,0.0,0.0,0.0,0.0,0.0,0.0,0.0,0.0,0.0,0.0,none,4270.328199390226,46312.84877642017,6113.162907937015,6113.162907937015,0.0,48155.683484966954,0.2154110468670722,0.5181811771623273,0.1728613500867164,0.0702933619006643,0.0232530639832198,0.11800555961477009,0.12102992312812276,0.08259787526741612,0.9101415837635715,110802.10694101818,0.0,continued_stress_plus_inflation_and_full_pass_through
2043Q3,2043-09-30,2043,3,2043,85180.46857340589,31098.73042651709,0.017019539764762337,0.021251542965382564,0.02231557677676199,440.8080650000006,5805.455663813691,829.2755622599437,3561.3987541258944,988.5651627727932,335.59491839489306,90.62126626016683,6.009754131507097,112.33284604353807,0.0,5923.798263988736,6364.606328988737,0.0,0.0,197306.00716709695,203670.6134960857,2.391048287326204,0.0206999596213832,0.27817636428631715,0.29887632390770036,203087.84945909106,582.7640369946275,42222.99175888246,101569.34795658063,33882.771874019454,135452.1198306001,20854.87538664065,4557.862482967844,0.20790506114147236,20.714384908003534,54109.503578026546,67103.31741873261,0.26643397781867834,0.3304152247288903,43519.89420774705,43519.89420774705,0,0.0,0.0,0.0,0.0,0.0,0.0,0.0,0.0,0.0,0.0,0.0,none,4412.47796762833,47932.37217537538,6252.273482945199,6252.273482945199,0.0,49772.16769069225,0.2154110468670722,0.5181811771623273,0.1728613500867164,0.0702933619006643,0.0232530639832198,0.1171061344270811,0.12009362206538225,0.08254819083651864,0.9234179746377957,116725.90520500691,0.0,continued_stress_plus_inflation_and_full_pass_through
2043Q4,2043-12-31,2043,4,2044,85991.50114524021,31230.21571460801,0.01701953976476145,0.021251542965381676,0.02231557677676199,463.01940945312566,5947.6060654001885,856.5989453083279,3637.4577495608364,1015.0330859882473,344.9091837988261,93.60710074395209,6.019952502154488,115.38599354783189,0.0,6069.012011450175,6532.0314209033,0.0,0.0,203670.6134960857,210202.64491698897,2.444458372251873,0.021537914946784465,0.28230752716827556,0.30384544211506004,209619.88087999434,582.7640369946275,43605.20806776392,104894.33283756094,34991.96186561987,139886.2947031808,21421.308959401813,4707.069149647776,0.208020383776134,20.610346731916703,55874.315314505875,69585.22432420723,0.26655064910800835,0.33195908723965073,44832.59271430924,44832.59271430924,0,0.0,0.0,0.0,0.0,0.0,0.0,0.0,0.0,0.0,0.0,0.0,none,4557.862482967844,49390.455197277086,6416.645427355468,6416.645427355468,0.0,51249.23814166471,0.2154110468670722,0.5181811771623273,0.1728613500867164,0.0702933619006643,0.0232530639832198,0.11554002907234351,0.119192688768855,0.08257576926241024,0.9269412936592313,122794.91721645709,-2.9103830456733704e-11,continued_stress_plus_inflation_and_full_pass_through
2044Q1,2044-03-31,2044,1,2044,86760.47535899757,31360.93155843563,0.016847634395924738,0.019083305138657858,0.02231557677676199,463.01940945312566,6056.822211144068,884.6406586747604,3678.873630518601,1042.1654492016282,354.47104008818786,96.67143266089118,6.019952502154488,118.51996099478032,0.0,6181.362124641003,6644.381534094128,0.0,0.0,210202.64491698897,216847.0264510831,2.4993757301791315,0.02134702040472893,0.28498516630130283,0.30633218670603174,216264.26241408847,582.7640369946275,45010.950740934844,108275.91146950798,36120.031107624854,144395.94257713284,21998.55366966811,4858.815426352689,0.20812939798047103,20.562404370691528,57556.63963081911,71935.41814666174,0.26614031827696744,0.3326273945758295,46660.84462932923,46660.84462932924,0,0.0,0.0,0.0,0.0,0.0,0.0,0.0,0.0,0.0,0.0,0.0,none,4707.069149647776,51367.91377897702,6525.861573099348,6525.861573099348,0.0,53186.70620242859,0.2154110468670722,0.5181811771623273,0.1728613500867164,0.0702933619006643,0.0232530639832198,0.11398356405250737,0.11762672400401207,0.0825484521344947,0.9311992343922075,128976.2793410981,0.0,continued_stress_plus_inflation_and_full_pass_through
2044Q2,2044-06-30,2044,2,2044,87536.32608186975,31492.19452086094,0.01684763439592385,0.019083305138657858,0.023076797027411944,463.01940945312566,6164.720323864464,913.1596631567157,3716.7417557727867,1069.754987073666,365.2759960425781,99.78792181871837,6.019952502154488,125.83030490785586,0.0,6296.5705812744745,6759.5899907276,0.0,0.0,216847.0264510831,223606.6164418107,2.5544436972677955,0.021157817796469063,0.2877237765444031,0.3088815943408722,223023.85240481608,582.7640369946275,46439.93585952186,111713.40087251803,37266.75176306648,148980.15263558453,22590.693244933336,5013.070664776361,0.2082285610205835,20.480470906517457,59246.33666547138,74332.82168729609,0.26565022542042677,0.3332953891961868,48007.76474098177,48007.76474098177,0,0.0,0.0,0.0,0.0,0.0,0.0,0.0,0.0,0.0,0.0,0.0,none,4858.815426352689,52866.58016733446,6633.759685819744,6633.759685819744,0.0,54641.524426801516,0.2154110468670722,0.5181811771623273,0.1728613500867164,0.0702933619006643,0.0232530639832198,0.11245167007800774,0.11614769516232902,0.08259942621324368,0.9344100299752862,135272.84992237258,0.0,continued_stress_plus_inflation_and_full_pass_through
2044Q3,2044-09-30,2044,3,2044,88319.1148066569,31624.006891879962,0.016847634395925626,0.019083305138657858,0.023076797027411944,463.0194094531257,6271.985532616131,942.1501987500496,3753.764827455004,1097.8352375754114,375.27933005782205,102.95593877784452,6.019952502154488,129.21730499988308,0.0,6407.222790118169,6870.242199571294,0.0,0.0,223606.6164418107,230476.85864138202,2.6095920361739204,0.020970292126081248,0.2901850999817872,0.3111553921078684,229894.09460438738,582.7640369946275,47892.027089018484,115206.4730876676,38432.01442731026,153638.48751497787,23193.759852428702,5169.820147962307,0.20832212837582167,20.420259778958513,60909.84303862119,76638.2978175106,0.264947401730513,0.33336349047761926,49679.62331528131,49679.62331528131,0,0.0,0.0,0.0,0.0,0.0,0.0,0.0,0.0,0.0,0.0,0.0,none,5013.070664776361,54692.693980057666,6741.024894571412,6741.024894571412,0.0,56420.64820985272,0.2154110468670722,0.5181811771623273,0.1728613500867164,0.0702933619006643,0.0232530639832198,0.11096644637132155,0.11461597858014232,0.08255878079777731,0.9380371305889151,141680.07271249074,0.0,continued_stress_plus_inflation_and_full_pass_through
2044Q4,2044-12-31,2044,4,2045,89108.90357605497,31756.370971073586,0.01684763439592385,0.01908330513865697,0.023076797027411944,482.99405328125073,6379.824991295569,971.6094995684625,3790.1711890094784,1126.4012730961683,385.46784833268185,106.1751812887759,6.028693962709422,132.66680700989536,0.0,6518.520492268173,7001.514545549424,0.0,0.0,230476.85864138202,237478.37318693142,2.6650352956508128,0.02168106817155538,0.2926091661179324,0.3142902342894878,236895.6091499368,582.7640369946275,49371.652771147805,118765.78069457281,39619.3727209343,158385.1534155071,23809.26105936433,5329.541903917562,0.20841100832687587,20.30936862472681,63111.212615467026,80103.51173251089,0.2664093810853305,0.3381384400493953,50882.72976795699,50882.72976795699,0,0.0,0.0,0.0,0.0,0.0,0.0,0.0,0.0,0.0,0.0,0.0,none,5169.820147962307,56052.5499159193,6868.847738539529,6868.847738539529,0.0,57751.57750649652,0.2154110468670722,0.5181811771623273,0.1728613500867164,0.0702933619006643,0.0232530639832198,0.1096016078541689,0.11313101941242401,0.08254379145716037,0.9409537236561967,148198.59320475892,-2.9103830456733704e-11,continued_stress_plus_inflation_and_full_pass_through
2045Q1,2045-03-31,2045,1,2045,89925.54143808442,31884.47140650104,0.01623329428827147,0.020597325915870046,0.023076797027411944,482.9940532812508,6493.286370344338,1001.6274055946611,3830.872524351246,1155.4638384774182,395.86713506930676,109.45546685170693,6.028693962709422,136.18743412487936,0.0,6635.502498431927,7118.496551713178,0.0,0.0,237478.37318693142,244596.8697386446,2.719993294753244,0.02148417660020661,0.29515540934499046,0.3166395859451971,244014.10570164997,582.7640369946275,50875.719287717,122383.88185243597,40826.3441017234,163210.22595415937,24436.258475194132,5491.901984579462,0.20849499311290426,20.235044300003274,65287.10141845861,83670.12361148254,0.26755462038036254,0.34289052008240845,52707.12922591977,52707.129225919765,0,0.0,0.0,0.0,0.0,0.0,0.0,0.0,0.0,0.0,0.0,0.0,none,5329.541903917562,58036.67112983733,6982.309117588298,6982.309117588298,0.0,59689.43834350807,0.2154110468670722,0.5181811771623273,0.1728613500867164,0.0702933619006643,0.0232530639832198,0.10829087069267435,0.11176600899499647,0.08248679260933768,0.9446113320318641,154834.09570319083,0.0,continued_stress_plus_inflation_and_full_pass_through
2045Q2,2045-06-30,2045,2,2045,90749.66337152464,32013.088579863437,0.01623329428827147,0.020597325915870046,0.02213343204113838,482.9940532812507,6608.348645696781,1032.1411550495588,3870.9842473183558,1185.026038259785,407.407268060778,112.78993700830068,6.028693962709422,134.10655379652033,0.0,6748.483893456011,7231.477946737262,0.0,0.0,244596.8697386446,251828.34768538186,2.7749783120892584,0.021289073053809438,0.2974549389049765,0.31874401195878593,251245.58364838723,582.7640369946275,52404.57148947478,126061.60611558822,42053.205302773975,168114.8114183622,25069.263124858066,5656.937615692186,0.2085790752159602,20.127989909395303,67528.19589355658,87418.36465717791,0.26877366325396124,0.3479399056005618,54131.523263543546,54131.52326354355,0,0.0,0.0,0.0,0.0,0.0,0.0,0.0,0.0,0.0,0.0,0.0,none,5491.901984579462,59623.425248123014,7097.371392940741,7097.371392940741,0.0,61228.89465648429,0.2154110468670722,0.5181811771623273,0.1728613500867164,0.0702933619006643,0.0232530639832198,0.10699549931673,0.11036092000141894,0.08253573947761596,0.9472899133199344,161582.57959664686,0.0,continued_stress_plus_inflation_and_full_pass_through
2045Q3,2045-09-30,2045,3,2045,91581.33796409056,32142.224575604054,0.01623329428827036,0.020597325915870046,0.022133432041139267,482.99405328125073,6722.818728685386,1063.1577440927194,3910.387126882027,1214.9862677100461,418.10823371831447,116.17935628227829,6.028693962709422,137.58049282814068,0.0,6866.427915476236,7349.421968757487,0.0,0.0,251828.34768538186,259177.76965413935,2.8300282067921314,0.021095741294831695,0.29990511464982494,0.3210008559446566,258595.00561714472,582.7640369946275,53958.08181164409,129798.6466210934,43299.8539569145,173098.5005780079,25713.788200523926,5824.63502696881,0.20865863856446693,20.03111742429643,69726.00648624585,91213.91316457657,0.26963400286808575,0.3527288276387699,55856.12099316743,55856.120993167424,0,0.0,0.0,0.0,0.0,0.0,0.0,0.0,0.0,0.0,0.0,0.0,none,5656.937615692186,61513.05860885961,7211.841475929346,7211.841475929346,0.0,63067.96246909677,0.2154110468670722,0.5181811771623273,0.1728613500867164,0.0702933619006643,0.0232530639832198,0.10573559624843148,0.10906521014948976,0.08250182349738978,0.9501872181563606,168449.0075121231,0.0,continued_stress_plus_inflation_and_full_pass_through
2045Q4,2045-12-31,2045,4,2046,92420.63443206875,32271.88148657454,0.01623329428827236,0.020597325915870046,0.02213343204113838,501.59455664062574,6838.015808986161,1094.6745847537295,3949.4460688513145,1245.2672574237042,429.0044560910415,119.62344186637195,6.044719973726774,141.11765613080442,0.0,6985.178185090692,7486.772741731317,0.0,0.0,259177.76965413935,266664.54239587067,2.8853355534134004,0.021709202050947143,0.3023211527605323,0.3240303548114794,266081.77835887606,582.7640369946275,55540.41706355773,133605.0268203783,44569.63381228276,178174.66063266105,26371.25664798431,5995.444014672942,0.20873438762367244,19.963337618198413,72572.59901773412,94967.59208134536,0.2727454674474262,0.3569112949675886,57672.9158253692,57672.9158253692,0,0.0,0.0,0.0,0.0,0.0,0.0,0.0,0.0,0.0,0.0,0.0,none,5824.63502696881,63497.55085233801,7345.655085600512,7345.655085600512,0.0,65018.57091096971,0.2154110468670722,0.5181811771623273,0.1728613500867164,0.0702933619006643,0.0232530639832198,0.10451729050497979,0.10780520558398332,0.08248914940394783,0.9534744132610699,175434.18569721378,0.0,continued_stress_plus_inflation_and_full_pass_through
2046Q1,2046-03-31,2046,1,2046,93246.78766014831,32400.426276002614,0.01602817697257164,0.01989152606750877,0.02213343204113749,501.5945566406257,6954.938833984923,1126.7762111769275,3988.1018728855797,1276.8092404954928,440.1200779755784,123.13143145134555,6.044719973726774,144.72585285241854,0.0,7105.709406811068,7607.303963451694,0.0,0.0,266664.54239587067,274271.8463593223,2.9413543698571853,0.021516861619673637,0.3048130486900578,0.32632991030973146,273689.0823223277,582.7640369946275,57147.93882668922,137471.99433039443,45859.62513960853,183331.61947000294,27040.552204677064,6168.971820958482,0.208806059568665,19.92232510979907,75571.64357123931,98820.87349341475,0.27612224400766366,0.3610698412040855,59552.80217754184,59552.80217754183,0,0.0,0.0,0.0,0.0,0.0,0.0,0.0,0.0,0.0,0.0,0.0,none,5995.444014672942,65548.24619221478,7462.578110599275,7462.578110599275,0.0,67015.38028814111,0.2154110468670722,0.5181811771623273,0.1728613500867164,0.0702933619006643,0.0232530639832198,0.10334664746466916,0.10658649017179722,0.08244673444255711,0.9573067411386017,182539.89510402485,-5.820766091346741e-11,continued_stress_plus_inflation_and_full_pass_through
2046Q2,2046-06-30,2046,2,2046,94080.32591821019,32529.483082769868,0.01602817697257164,0.01989152606750788,0.023159436985126236,501.59455664062574,7073.794917753459,1159.3888089464576,4026.2188031980018,1308.9910347453697,452.5010120906931,126.69525877293482,6.044719973726774,155.21937365604612,0.0,7235.059011383231,7736.653568023857,0.0,0.0,274271.8463593223,282008.4999273462,2.9975289432193666,0.021326225297165435,0.30761198755510744,0.32893821285227287,281425.7358903516,582.7640369946275,58781.06350325181,141400.55082581067,47170.16209004055,188570.7129158512,27728.696075883876,6345.263395364687,0.20886882756932346,19.852967471479634,78714.35830412128,102945.39449604714,0.2796985075124394,0.36579950362519964,61117.22238404731,61117.22238404731,0,0.0,0.0,0.0,0.0,0.0,0.0,0.0,0.0,0.0,0.0,0.0,none,6168.971820958482,67286.19420500578,7581.434194367811,7581.434194367811,0.0,68698.65657841512,0.2154110468670722,0.5181811771623273,0.1728613500867164,0.0702933619006643,0.0232530639832198,0.10218870959785074,0.1055166121848994,0.08247627728743583,0.9603733624530605,189774.9541154081,0.0,continued_stress_plus_inflation_and_full_pass_through
2046Q3,2046-09-30,2046,3,2046,94921.31522145112,32659.05394633475,0.016028176972572528,0.019891526067509657,0.023159436985126236,501.5945566406257,7192.28228848247,1192.5208258222212,4063.772823287975,1341.5295904857835,464.14320190418823,130.31584698230228,6.044719973726774,159.1694875392789,0.0,7357.496495995475,7859.0910526361,0.0,0.0,282008.4999273462,289867.5909799823,3.05376711546529,0.021137277985262097,0.31004612520719754,0.33118340319245965,289284.8269429877,582.7640369946275,60439.711668383665,145390.50524647016,48501.180927345005,193891.68617381516,28429.118936605235,6524.310164183657,0.20892803921684816,19.784121487477815,81973.57262203668,107147.06819142403,0.28336630541010727,0.3703860631879618,62877.231996293274,62877.231996293274,0,0.0,0.0,0.0,0.0,0.0,0.0,0.0,0.0,0.0,0.0,0.0,none,6345.263395364687,69222.49539165795,7699.921565096822,7699.921565096822,0.0,70577.15356139009,0.2154110468670722,0.5181811771623273,0.1728613500867164,0.0702933619006643,0.0232530639832198,0.1010636501150551,0.10435850689452249,0.08247120458082366,0.9633596066724529,197132.45061140356,0.0,continued_stress_plus_inflation_and_full_pass_through
