quarter,quarter_end,calendar_year,calendar_quarter,fiscal_year,nominal_gdp_billions_saar,real_gdp_billions_chained_saar,annual_real_gdp_growth_rate,annual_inflation_rate,annual_tips_reference_inflation_rate,primary_deficit_billions,marketable_interest_excluding_tips_inflation_billions,bills_interest_cost_billions,notes_interest_cost_billions,bonds_interest_cost_billions,tips_real_interest_cost_billions,frns_interest_cost_billions,other_public_debt_interest_billions,tips_inflation_compensation_billions,tips_deflation_floor_cost_billions,modeled_debt_interest_cost_billions,modeled_total_deficit_billions,other_financing_adjustment_billions,beginning_debt_held_by_public_billions,debt_held_by_public_billions,debt_held_by_public_gdp_ratio,primary_deficit_gdp_ratio_annualized,modeled_interest_gdp_ratio_annualized,modeled_total_deficit_gdp_ratio_annualized,marketable_debt_billions,other_public_debt_billions,bills_outstanding_billions,notes_outstanding_billions,bonds_outstanding_billions,nominal_fixed_rate_debt_outstanding_billions,tips_outstanding_billions,frns_outstanding_billions,principal_maturing_billions,principal_refinanced_billions,frn_principal_reset_billions,principal_repriced_or_reset_billions,net_new_borrowing_requirement_billions,genuinely_new_borrowing_billions,debt_repayment_billions,gross_treasury_issuance_billions,average_effective_marketable_rate_excluding_tips_inflation,average_effective_debt_cost_rate_including_tips_inflation,average_new_issuance_stated_rate,share_marketable_debt_repriced_since_scenario_start,cumulative_modeled_interest_billions,debt_identity_residual_billions,scenario
2025Q4,2025-12-31,2025,4,2026,31324.77532798175,24037.6,0.012257322464116038,0.03416889228732933,0.03138521050212062,203.43175,239.03865259628913,65.01368874582066,119.6877543737386,42.71050255977236,4.964461483838189,6.6622454331192795,4.95932195482428,16.18876413444616,0.0,260.1867386855596,463.61848868555956,17.515,30277.7664202628,30758.89990894836,0.9819352122047653,0.025977105708819403,0.03322440285190366,0.059201508560723065,30176.13587195373,582.7640369946275,6496.785779950878,15628.316895483313,5213.4891756015995,20841.806071084913,2136.2328410892824,701.3111798286476,5437.953890766519,5437.953890766519,690.4997903999999,6128.453681166519,464.9447245511134,464.9447245511134,0.0,5902.898615317633,0.03191801122214894,0.03437330681188355,0.03728955310952268,0.2159123202980333,260.1867386855596,0.0,baseline
2026Q1,2026-03-31,2026,1,2026,31720.36011381085,24212.4,0.029406590218133966,0.021441816030615124,0.033142739611773386,203.43175,240.44945621086,60.93064490474254,124.12698071778895,43.5306883372127,5.495856886635115,6.365285364480696,4.95932195482428,17.484323876921767,0.0,262.8931020426061,466.32485204260604,17.515,30758.89990894836,31242.739760990964,0.9849427827708699,0.025653145080333065,0.033151338900234494,0.058804483980567555,30659.975723996336,582.7640369946275,6597.2439124852945,15869.973552044366,5294.104021820724,21164.077573865092,2186.4988628819306,712.1553747640124,7048.973836554221,7048.973836554221,701.3111798286476,7750.285016382868,466.3555281656843,466.3555281656843,0.0,7515.329364719905,0.03167264828825653,0.034187581847311174,0.03521065832892457,0.2987558061381062,523.0798407281657,0.0,baseline
2026Q2,2026-06-30,2026,2,2026,32094.798708229428,24331.8,0.01987181994496834,0.02763904405751516,0.030772192830818668,203.43175,242.47997851847242,57.50032222679604,128.76641191949622,44.28274287826491,5.833621243500796,6.096880250414424,4.95932195482428,16.630148070113112,0.0,264.06944854340986,467.5011985434098,17.515,31242.739760990964,31727.755959534374,0.9885637934036664,0.025353858966292636,0.032911183016792044,0.05826504198308467,31144.991922539746,582.7640369946275,6698.139441955681,16112.682387045035,5375.069866867322,21487.752253912357,2236.0534411071853,723.0467855645156,7294.65052613453,7294.650526134531,712.1553747640124,8006.805900898544,468.3860504732967,468.3860504732967,0.0,7763.036576607828,0.03163504775739422,0.03380874411956937,0.033746168375763635,0.3386780984951124,787.1492892715755,0.0,baseline
2026Q3,2026-09-30,2026,3,2026,32468.269249181518,24457.7,0.020858389667526733,0.02596472248620807,0.02824698150314875,203.43175,246.3774413416258,55.138128411680306,133.50109328427993,45.11122588770424,6.434567199764894,6.1924265581965034,4.95932195482428,15.625881580025593,0.0,266.9626448764757,470.39439487647564,17.515,31727.755959534374,32215.665354410852,0.9922199765921605,0.02506222286611452,0.03288905150165409,0.057951274367768604,31632.901317416225,582.7640369946275,6799.874527972928,16357.410813919352,5456.709432599443,21814.120246518796,2284.877718607075,734.0288243174178,7560.870539253156,7560.870539253156,723.0467855645156,8283.91732481767,472.2835132964501,472.2835132964501,0.0,8033.154052549606,0.03206434142500246,0.03365666897046992,0.03387420938607825,0.3779019415086418,1054.1119341480512,3.637978807091713e-12,baseline
2026Q4,2026-12-31,2026,4,2027,32813.516450759125,24573.2,0.01902398695529306,0.02374108660242924,0.02771554138299126,194.872,253.59837549789904,55.91196830625741,138.7066086465815,45.90202768161394,6.830451248587104,6.247319614859042,4.968063415379199,15.669722733652822,0.0,274.23616164693107,469.1081616469311,5.538,32215.665354410852,32690.311516057784,0.996245299253854,0.023755088887523573,0.0334296584224318,0.057184747309955375,32107.547479063156,582.7640369946275,6898.743123166559,16595.24376532521,5536.048719487986,22131.292484813195,2332.8104382651377,744.7014328182587,7665.516018009889,7665.51601800989,734.0288243174178,8399.544842327308,458.9764389132783,458.9764389132783,0.0,8124.492456923168,0.03242722436592475,0.034050038530013926,0.033830045581091525,0.4109562752171501,1328.3480957949823,0.0,baseline
2027Q1,2027-03-31,2027,1,2027,33147.220203151985,24680.599999999995,0.017597408546793147,0.023296209984862815,0.026152401325720165,194.872,260.31127901663695,56.535199894349944,143.40677427048297,46.66884903955689,7.411776979595989,6.288678832651108,4.968063415379199,15.104810271309676,0.0,280.38415270332587,475.2561527033259,5.538,32690.311516057784,33171.10566876111,1.0007205872909626,0.023515938749092396,0.033835012527133605,0.057350951276226,32588.34163176648,582.7640369946275,6999.057751934678,16836.555216978573,5616.548407941779,22453.103624920353,2380.6501180173027,755.5301368941339,7818.45707685363,7818.4570768536305,744.7014328182587,8563.15850967189,465.6893424320162,465.6893424320162,0.0,8284.146419285647,0.03274957978431627,0.03430792056730308,0.03368771382636251,0.44471885813106954,1608.7322484983083,0.0,baseline
2027Q2,2027-06-30,2027,2,2027,33480.81936295423,24789.999999999996,0.01784876327045648,0.022616048740021766,0.02507028033791192,194.872,266.8386349235212,57.11231125578679,148.1810139507879,47.461975490152746,7.725799475387829,6.357534751405928,4.968063415379199,14.782631606632997,0.0,286.58932994553345,481.46132994553346,5.538,33171.10566876111,33658.104998706636,1.005295140296016,0.023281628551256005,0.03423922537124501,0.05752085392250102,33075.34096171201,582.7640369946275,7100.778445271973,17081.24902159954,5698.1764239501335,22779.42544554967,2428.62644889581,766.5106219945532,7901.268255122974,7901.268255122973,755.5301368941339,8656.798392017106,472.21669833890047,472.21669833890047,0.0,8373.484953461873,0.033069696559558555,0.03455891194069288,0.033687661368326086,0.47717029735788935,1895.3215784438416,-7.275957614183426e-12,baseline
2027Q3,2027-09-30,2027,3,2027,33819.64204625321,24903.499999999993,0.01843999428756682,0.022248000239960097,0.024382592342289344,194.872,273.4775029553267,57.72932876006114,152.8758790192545,48.328865020161466,8.126248097579449,6.417182058270145,4.968063415379199,14.670585287046285,0.0,293.1161516577522,487.9881516577522,5.538,33658.104998706636,34151.631150364396,1.0098164582480542,0.023048381142944635,0.034668155417715396,0.05771653656066004,33568.867113369764,582.7640369946275,7203.929224122012,17329.382962672247,5780.952043649513,23110.33500632176,2476.9574018078993,777.6454811180921,8037.825029793427,8037.825029793427,766.5106219945532,8804.33565178798,478.85556637070596,478.85556637070596,0.0,8516.680596164133,0.03343936643839879,0.03483454005138027,0.03363811794499859,0.5098289514958444,2188.437730101594,7.275957614183426e-12,baseline
2027Q4,2027-12-31,2027,4,2028,34158.5183188548,25016.899999999994,0.01833909570101455,0.021945305341696475,0.024162847358085493,215.4585,280.66536432293407,58.387846361508906,158.14773727280496,49.161424920357696,8.486680683143282,6.481675085119298,5.137064986107641,14.828888675230425,0.0,300.63131798427213,516.0898179842721,2.14175,34151.631150364396,34669.86271834867,1.0149697476547632,0.025230426915920565,0.035204257418663246,0.060434684334583814,34087.09868135404,582.7640369946275,7312.3677222676615,17590.236755623275,5867.970910432145,23458.20766605542,2527.1721572015626,789.3511358293897,7937.40636201969,7937.40636201969,777.6454811180921,8715.051843137782,503.40267930904173,503.40267930904173,0.0,8440.809041328732,0.03373662156122221,0.03521135686440727,0.03337959989297992,0.5358888135784936,2489.069048085866,0.0,baseline
2028Q1,2028-03-31,2028,1,2028,34499.59871590287,25131.59999999999,0.018466116274653555,0.0216767083117837,0.023850744937782276,215.4585,287.53125850548395,59.12049303453405,163.14286721490578,49.997159553107,8.707284008515929,6.563454694421373,5.137064986107641,14.935804340339798,0.0,307.6041278319314,523.0626278319314,2.14175,34669.86271834867,35195.0670961806,1.0201587382509802,0.024980986216594184,0.0356646615359197,0.06064564775251389,34612.30305918597,582.7640369946275,7422.285209866853,17854.648325704093,5956.176624952724,23810.824950656817,2577.9764550448845,801.2164436174157,8117.836230000904,8117.836230000904,789.3511358293897,8907.187365830294,510.26857349159155,510.26857349159155,0.0,8628.104803492495,0.03405206613831439,0.035489512067682354,0.03328695823761664,0.563172199458663,2796.6731759177974,0.0,baseline
2028Q2,2028-06-30,2028,2,2028,34836.751701773224,25242.599999999988,0.017784392025415263,0.02150065998978512,0.023590801926968608,215.4585,294.6936241022778,59.86073021757616,168.2026013866305,50.94316584134021,9.039033215815342,6.6480934409154875,5.137064986107641,15.071450300540866,0.0,314.9021393889263,530.3606393889263,2.14175,35195.0670961806,35727.56948556952,1.0255712068513825,0.024739218150357335,0.03615746290982663,0.06089668106018397,35144.805448574894,582.7640369946275,7533.745550137294,18122.77129882112,6045.620435660179,24168.3917344813,2629.4198656053645,813.2482983509353,8239.472850829226,8239.472850829226,801.2164436174157,9040.689294446642,517.4309390883853,517.4309390883853,0.0,8756.903789917611,0.034340738124234924,0.03578934951632466,0.033230591206071684,0.589963994360488,3111.5753153067235,-1.4551915228366852e-11,baseline
2028Q3,2028-09-30,2028,3,2028,35168.71769035311,25350.699999999986,0.01724012308766243,0.02106182624872388,0.023346411992499982,215.4585,301.7647701156699,60.62781731472968,173.4004739328124,51.90468680644536,9.096063030590862,6.7357290310916245,5.137064986107641,15.214320358753913,0.0,322.11615546053144,537.5746554605314,2.14175,35727.56948556952,36267.28589103006,1.031237084341528,0.024505698717482777,0.036636667654094075,0.06114236637157685,35684.521854035425,582.7640369946275,7646.72909337303,18394.558406703254,6136.286574214171,24530.844980917427,2681.5032008498306,825.4445788951392,8318.464824475584,8318.464824475584,813.2482983509353,9131.71312282652,524.5020851017774,524.5020851017774,0.0,8842.966909577362,0.03462711807773135,0.03606359571597897,0.03323286533680406,0.6151400638616836,3433.691470767255,7.275957614183426e-12,baseline
2028Q4,2028-12-31,2028,4,2029,35502.9460537084,25460.399999999983,0.01742186418178404,0.020775810233577552,0.02309377715644856,173.80475,308.956314157713,61.42235144251887,178.44756356328975,52.84347574023483,9.416496744206636,6.826426667462803,5.268186894431433,15.349214844932058,0.0,329.5737158970765,503.3784658970765,-2.42575,36267.28589103006,36768.23860692713,1.0356390861565294,0.019582008742268366,0.0371319850919979,0.056713993834266264,36185.47456993251,582.7640369946275,7751.333451896988,18646.1890005126,6220.2286510128815,24866.41765152548,2730.987118334451,836.7363481755804,8244.076738621992,8244.076738621994,825.4445788951392,9069.521317517134,485.60350105214445,485.60350105214445,0.0,8729.680239674139,0.03483344025259421,0.03634942155719346,0.03295359219110845,0.6340510791101076,3763.2651866643314,0.0,baseline
2029Q1,2029-03-31,2029,1,2029,35840.4078533226,25572.199999999983,0.017680562926939647,0.020522825130940392,0.02297286568423096,173.80475,315.1599190974638,62.165694284213835,182.783965402459,53.72209313197324,9.578815883757908,6.9093503950598345,5.268186894431433,15.551312167697551,0.0,335.9794181595928,509.7841681595928,-2.42575,36768.23860692713,37275.597025086725,1.040043885037181,0.01939763082064228,0.037497276206743355,0.05689490702738564,36692.8329880921,582.7640369946275,7857.274135455367,18901.034185632278,6305.243091336882,25206.27727696916,2781.109205388956,848.1723702786121,8387.02544459727,8387.02544459727,836.7363481755804,9223.76179277285,491.80710599189524,491.80710599189524,0.0,8878.832550589164,0.03502427810972454,0.036551048501550394,0.032872924104032926,0.6534458571840225,4099.244604823924,7.275957614183426e-12,baseline
2029Q2,2029-06-30,2029,2,2029,36178.04858394721,25682.99999999998,0.01744428695602207,0.020418069374665837,0.022841686194156274,173.80475,321.33001155023743,62.91712263965866,186.92872467703955,54.61278917208582,9.878193868506312,6.993181192947158,5.268186894431433,15.747057075605499,0.0,342.34525552027435,516.1500055202744,-2.42575,37275.597025086725,37789.32128060699,1.0445373025833884,0.019216597556024072,0.03785115769590497,0.057067755251929045,37206.55724361237,582.7640369946275,7964.5439250882655,19159.076596522333,6391.324102172428,25550.40069869476,2831.860753893111,859.7518659362305,8487.592723929645,8487.592723929643,848.1723702786121,9335.765094208255,497.9771984446689,497.9771984446689,0.0,8985.569922374312,0.03510954244291749,0.03673666235739953,0.032773012317655954,0.6722960388226492,4441.589860344198,-7.275957614183426e-12,baseline
2029Q3,2029-09-30,2029,3,2029,36519.26990879109,25795.399999999983,0.017620997896754975,0.020285549943514614,0.02275805762511629,173.80475,326.62268538340226,63.67652868108068,190.52118947393177,55.54397050679934,9.800940105605696,7.080056615984836,5.268186894431433,15.976206467335123,0.0,347.86707874516884,521.6718287451688,-2.42575,37789.32128060699,38308.567359352164,1.0489959808898137,0.019037045421125567,0.038102303755139275,0.057139349176264835,37725.80332235754,582.7640369946275,8072.953815132291,19419.861571369598,6478.320011752342,25898.18158312194,2883.213491626174,871.454432477134,8560.998543074289,8560.998543074289,859.7518659362305,9420.75040901052,503.2698722778337,503.2698722778337,0.0,9064.268415352122,0.03529068228896329,0.03682173343755606,0.0327976487527179,0.689789686489633,4789.456939089368,7.275957614183426e-12,baseline
2029Q4,2029-12-31,2029,4,2030,36865.49983791807,25910.199999999983,0.017920813193843088,0.020183196343088072,0.022686563355431177,192.2015,332.8929965122523,64.46253621383114,194.59778355322345,56.43534456629354,10.227440835698735,7.169891343205619,5.3789120614604125,16.215245526594412,0.0,354.4871541003071,546.6886541003071,-5.94,38308.567359352164,38849.31601345248,1.0538122684964644,0.020854349008696836,0.038462753051914274,0.05931710206061111,38266.55197645785,582.7640369946275,8185.9441057899085,19691.66491048529,6568.991564923981,26260.656475409272,2936.2999538706285,883.6514413880349,8639.477700918402,8639.477700918402,871.454432477134,9510.932133395536,524.5334085737127,524.5334085737127,0.0,9164.011109492114,0.03539385585438404,0.03701387742068795,0.03274895964436569,0.7061635191454839,5143.944093189674,1.4551915228366852e-11,baseline
2030Q1,2030-03-31,2030,1,2030,37214.787548312044,26025.99999999998,0.017997333864965714,0.02008187040489151,0.022638322874940497,192.2015,338.64957264314876,65.303369103939,198.2377256742229,57.41799752379118,10.429074621589582,7.261405719606153,5.3789120614604125,16.478982834660115,0.0,360.50746753926927,552.7089675392692,-5.94,38849.31601345248,39396.08498099174,1.0586137279394099,0.020658615852688668,0.038748840586152515,0.059407456438841176,38813.32094399712,582.7640369946275,8300.174426538251,19966.451198996918,6660.658207617484,26627.1094066144,2990.054802512427,895.9823083320317,8772.896782438605,8772.896782438605,883.6514413880349,9656.54822382664,530.2899847046091,530.2899847046091,0.0,9303.186767143214,0.035543904166776275,0.037118539478474745,0.032712444914313785,0.7224979702786669,5504.451560728943,-7.275957614183426e-12,baseline
2030Q2,2030-06-30,2030,2,2030,37564.73739844506,26141.29999999998,0.017838848225115722,0.01995316485744958,0.022612820884429397,192.2015,344.9504698781064,66.13163974344332,202.15810083666332,58.41212226380222,10.890352327020773,7.358254707176812,5.3789120614604125,16.761917727192944,0.0,367.09129966675977,559.2927996667597,-5.94,39396.08498099174,39949.43778065851,1.0634824185490557,0.020466161971142215,0.03908892488964451,0.05955508686078672,39366.67374366388,582.7640369946275,8415.762030156178,20244.502493854936,6753.41403191378,26997.916525768716,3044.535497296396,908.4596904425849,8941.648434817656,8941.648434817656,895.9823083320317,9837.630743149688,536.5908819395668,536.5908819395668,0.0,9478.239316757223,0.03570805231425164,0.03727185580433975,0.032743076232891376,0.7397128850110214,5871.5428603957025,1.4551915228366852e-11,baseline
2030Q3,2030-09-30,2030,3,2030,37917.82965732295,26257.099999999977,0.017837173553037378,0.019938881222312688,0.022609552821165613,192.2015,351.48202524486857,67.01050516511857,206.54632208431295,59.343002443329155,11.12828379202657,7.453911760081408,5.3789120614604125,17.064884430108336,0.0,373.92582173643734,566.1273217364374,-5.94,39949.43778065851,40509.625102394944,1.068352948164359,0.020275580299504905,0.03944590975968185,0.059721490059186755,39926.86106540031,582.7640369946275,8532.75660295333,20525.9383177616,6847.29890968894,27373.23722745054,3099.7782837684467,921.0889512279912,9057.698282050664,9057.698282050664,908.4596904425849,9966.157972493249,543.122437306329,543.122437306329,0.0,9600.820719356992,0.03592729248282809,0.03743990829502719,0.0327086673499954,0.7565086919129799,6245.46868213214,0.0,baseline
2030Q4,2030-12-31,2030,4,2031,38272.713722319015,26372.999999999978,0.01777342391157455,0.019839987430776862,0.02260563078501021,184.328,358.6769749279593,67.87807877649375,211.11631894805117,60.362592215967396,11.767055587377271,7.5529294000695275,5.499835599136797,17.371536194901743,0.0,381.54834672199786,565.8763467219978,-9.2495,40509.625102394944,41066.25194911694,1.0729903358059727,0.019264690906148917,0.03987680094913104,0.059141491855279955,40483.48791212231,582.7640369946275,8648.9181539226,20805.370269361567,6940.515310708085,27745.88558006965,3155.0558886630856,933.6282894669688,8891.112071650277,8891.112071650276,921.0889512279912,9812.201022878267,539.2553105270961,539.2553105270961,0.0,9430.367382177372,0.03606179736556742,0.03767483364830652,0.032525077829539915,0.7658806233639127,6627.017028854138,-7.275957614183426e-12,baseline
2031Q1,2031-03-31,2031,1,2031,38631.20724469732,26489.69999999998,0.01781775002184327,0.01982598390139856,0.02258993228072148,184.328,365.04132770943073,68.75889932368467,215.25390008629537,61.37538841304041,11.999721983505005,7.653417902905477,5.499835599136797,17.66914202716621,0.0,388.2103053357338,572.5383053357338,-9.2495,41066.25194911694,41629.54075445267,1.0776142845022507,0.019085916609587875,0.04019654916572882,0.05928246577531669,41046.776717458044,582.7640369946275,8766.450656787158,21088.10010877771,7034.8318623414625,28122.931971119175,3211.0784711433207,946.3156184083858,9104.874220919326,9104.874220919324,933.6282894669688,10038.502510386294,545.6196633085675,545.6196633085675,0.0,9650.493884227892,0.03622517129563148,0.03781307393883864,0.032454475780835386,0.7773075497842334,7015.227334189872,-7.275957614183426e-12,baseline
2031Q2,2031-06-30,2031,2,2031,38992.312000821,26606.499999999975,0.017754036595319045,0.019811706497828263,0.02259593162071094,184.328,371.79485952377104,69.67136659481594,219.39406673328338,62.354194502999576,12.624906777907418,7.750324914764679,5.499835599136797,17.987619271319204,0.0,395.28231439422706,579.6103143942271,-9.2495,41629.54075445267,42199.90156884689,1.08226210253853,0.018909163426484573,0.04054976933769962,0.059458932764184194,41617.13753185227,582.7640369946275,8885.437945009893,21374.329501259417,7130.315838602121,28504.645339861538,3267.8942593236407,959.1599876571943,9161.00759303633,9161.00759303633,946.3156184083858,10107.323211444715,552.3731951229078,552.3731951229078,0.0,9713.380788159237,0.036338203938366266,0.037980944034502515,0.032520945440814214,0.78704465017882,7410.509648584099,0.0,baseline
2031Q3,2031-09-30,2031,3,2031,39355.30429460343,26722.899999999972,0.017614655473791707,0.019797160110517797,0.022579104221777335,184.328,378.12544461093876,70.55037728337855,223.47950868692098,63.3928214547749,12.866400086705209,7.836337099159278,5.499835599136797,18.292367255338057,0.0,401.9176474654136,586.2456474654136,-9.2495,42199.90156884689,42776.897716312305,1.0869410993775002,0.018734755408843413,0.04085016286056528,0.0595849182694087,42194.13367931768,582.7640369946275,9005.788911193536,21663.83928377372,7226.894128347787,28890.733412121506,3325.459793596554,972.151562406086,9341.205223320374,9341.205223320374,959.1599876571943,10300.365210977568,558.7037802100755,558.7037802100755,0.0,9899.909003530449,0.03650154149675535,0.038096548335280485,0.032340647732791855,0.7979939884752,7812.427296049512,-7.275957614183426e-12,baseline
2031Q4,2031-12-31,2031,4,2032,39720.68513087373,26839.599999999966,0.017582923791722438,0.019727225080271582,0.0225727995952707,192.24275,385.09619523571445,71.32584817665281,227.8381677110595,64.44359324720774,13.563120488278805,7.925465612515615,5.6120176762582625,18.60944171624964,0.0,409.3176546282224,601.5604046282224,-11.316,42776.897716312305,43367.14212094054,1.0918024696213642,0.019359459623275763,0.04121959661869696,0.060579056241972726,42784.37808394591,582.7640369946275,9128.925396980225,21960.049761762588,7325.7077197935205,29285.75748155611,3384.2513786358486,985.4438267737236,9399.041676673247,9399.041676673245,972.151562406086,10371.193239079332,571.6349629119726,571.6349629119726,0.0,9970.676639585217,0.036604605568437136,0.03827464603372913,0.032374091811304344,0.8072108258136032,8221.744950677734,7.275957614183426e-12,baseline
2032Q1,2032-03-31,2032,1,2032,40089.031498890115,26956.799999999967,0.017581469158450158,0.01968526656714742,0.02257678241908323,192.24275,391.5884365374138,72.14133294963622,232.0930607606108,65.51917919009456,13.81581449670112,8.01904914037115,5.6120176762582625,18.941756179157295,0.0,416.14221039282944,608.3849603928295,-11.316,43367.14212094054,43964.21108133337,1.096664335294569,0.01918158087758467,0.0415218023318274,0.06070338320941208,43381.44704433874,582.7640369946275,9253.460383262225,22259.624396991592,7425.643568835754,29685.26796582735,3443.8316396054165,998.8870556437441,9597.272267685054,9597.272267685054,985.4438267737236,10582.716094458778,578.127204213672,578.127204213672,0.0,10175.399471898725,0.03671816585815356,0.03838318044867322,0.0322148941492938,0.8177902119241499,8637.887161070563,0.0,baseline
2032Q2,2032-06-30,2032,2,2032,40460.63202228239,27074.499999999967,0.017579698909776065,0.01967074272996472,0.02256916678199805,192.24275,398.2870860121586,72.98666877298058,236.15154562664335,66.60748058616448,14.427930916904021,8.113460109466311,5.6120176762582625,19.26878079452984,0.0,423.16788448294676,615.4106344829468,-11.316,43964.21108133337,44568.305715816314,1.101522726863776,0.019005412460599082,0.04183502464814694,0.060840437108746016,43985.54167882168,582.7640369946275,9379.438332640177,22562.67014629082,7526.737355469951,30089.407501760772,3504.2097957821316,1012.486048638602,9665.493152054001,9665.493152054001,998.8870556437441,10664.380207697744,584.8258536884168,584.8258536884168,0.0,10250.319005742418,0.03676995110376133,0.03850112389826263,0.03223726518601278,0.8267431035839452,9061.05504555351,-7.275957614183426e-12,baseline
2032Q3,2032-09-30,2032,3,2032,40836.05204124299,27192.699999999968,0.017577617243731636,0.01971028327301072,0.022571739816290792,192.24275,404.40538258037236,73.83962827370978,240.0023681927564,67.70889739154406,14.643226867902882,8.211261854459064,5.6120176762582625,19.608822788375058,0.0,429.6262230450057,621.8689730450058,-11.316,44568.305715816314,45178.85868886132,1.1063473678413438,0.018830689098529065,0.042083032180593574,0.060913721279122646,44596.09465186669,582.7640369946275,9506.73423068693,22868.886281707993,7628.888759109159,30497.775040817152,3565.3580695875758,1026.2273107750289,9828.84732866728,9828.84732866728,1012.486048638602,10841.333377305882,590.9441502566306,590.9441502566306,0.0,10419.791478923911,0.03682916628612905,0.0385589010975161,0.03209665104529116,0.8363103412024749,9490.681268598517,0.0,baseline
2032Q4,2032-12-31,2032,4,2033,41216.34791573707,27311.899999999965,0.017649746885700424,0.0197758101815233,0.02257356533731114,249.09275,410.68251003075045,74.72293105319928,243.81590223021706,68.82234769121143,15.008887838844982,8.312441217277733,5.6542680689403735,19.952595843997877,0.0,436.2893739436887,685.3821239436887,-14.7595,45178.85868886132,45849.481312805,1.1124100904461487,0.02417416996860048,0.04234139083216603,0.06651556080076651,45266.71727581038,582.7640369946275,9646.895742604913,23206.051242812937,7741.364458627433,30947.415701440368,3631.0484491947,1041.357382570394,10609.494410914582,10609.494410914582,1026.2273107750289,11635.72172168961,650.6700280996909,650.6700280996909,0.0,11260.164439014272,0.03690757200523714,0.038627746393359357,0.032909040536293004,0.8410872592609694,9926.970642542206,-7.275957614183426e-12,baseline
2033Q1,2033-03-31,2033,1,2033,41600.43694465073,27431.899999999965,0.017690923464234398,0.019759214646802636,0.022564008293708637,249.09275,417.748424055428,75.72813157944856,248.2501446088852,70.04889519445821,15.294068054185129,8.427184618450916,5.6542680689403735,20.311683391433622,0.0,443.71437551580203,692.807125515802,-14.7595,45849.481312805,46527.528938320815,1.1184384673705607,0.02395097439302546,0.04266439567508993,0.06661537006811538,45944.76490132618,582.7640369946275,9788.579330460023,23546.877627564914,7855.06158158361,31401.939209148524,3697.5946032009565,1056.6517585166755,10865.897057496995,10865.897057496997,1041.357382570394,11907.25444006739,657.7359421243684,657.7359421243684,0.0,11523.632999621366,0.03700490038936854,0.03871052520647643,0.03282900936657372,0.8472219142165096,10370.685018058008,1.4551915228366852e-11,baseline
2033Q2,2033-06-30,2033,2,2033,41988.19529528469,27552.599999999962,0.017716447921211298,0.01974238719039123,0.022564493843014066,249.09275,425.12191306230386,76.76693339913274,252.86479771461472,71.2893308059101,15.660463304435368,8.540387838211029,5.6542680689403735,20.68437660844986,0.0,451.4605577396941,700.5533077396941,-14.7595,46527.528938320815,47213.3227460605,1.1244427728800859,0.02372978864637922,0.04300833170511555,0.06673812035149478,46630.558709065874,582.7640369946275,9931.851249301168,23891.52481553027,7970.033295804365,31861.558111334634,3765.031757755461,1072.1175906746134,10979.171337482625,10979.171337482627,1056.6517585166755,12035.823095999302,665.1094311312443,665.1094311312443,0.0,11644.280768613871,0.0370857010812182,0.03881233910686918,0.03290176334016603,0.8516986907330069,10822.145575797702,-1.4551915228366852e-11,baseline
2033Q3,2033-09-30,2033,3,2033,42379.52583009044,27674.099999999962,0.017756007302464516,0.019698696995388953,0.022564267205522626,249.09275,432.4151278982493,77.79122491015139,257.46615870158075,72.54395963734409,15.9537548104988,8.66002983867419,5.6542680689403735,21.06141085788498,0.0,459.13080682507467,708.2235568250746,-14.7595,47213.3227460605,47906.786802885574,1.1304229073953125,0.02351066890164575,0.04333515279673858,0.06684582169838432,47324.02276589095,582.7640369946275,10076.69420718515,24239.95121014461,8086.265724988133,32326.216935132743,3833.358611149281,1087.7530124237749,11197.965295432443,11197.965295432443,1072.1175906746134,12270.082886107057,672.4026459671896,672.4026459671896,0.0,11870.367941399632,0.037141509671601736,0.03889841088241431,0.03280694983444911,0.8576312975970518,11281.276382622777,0.0,baseline
2033Q4,2033-12-31,2033,4,2034,42774.423913041785,27796.199999999968,0.017765412373738743,0.019681678339410258,0.022563340221916306,228.68725,439.5035194057765,78.87532390674176,261.80996209941856,73.81292718295788,16.227139406398464,8.778166810259863,5.687777001067564,21.44275444506103,0.0,466.6340508519051,695.3213008519051,-17.2085,47906.786802885574,48584.89960373749,1.135839951988789,0.021385419517505087,0.043636735054625,0.06502215457213009,48002.13556674286,582.7640369946275,10218.148189327898,24580.22526779895,8199.778595771528,32780.00386357048,3900.9609108157456,1103.0226030287372,11276.614803033754,11276.614803033754,1087.7530124237749,12364.367815457528,656.6700464068442,656.6700464068442,0.0,11933.284849440597,0.037185979214486325,0.038961832507940046,0.0328272673473917,0.8619454096179423,11747.91043347468,7.275957614183426e-12,baseline
2034Q1,2034-03-31,2034,1,2034,43170.439807305294,27917.299999999963,0.01754105922100746,0.019664438509282567,0.022572136924965847,228.68725,446.33802407605197,79.90591884054416,265.9624336811459,75.0527715140895,16.52102274684572,8.895877293426738,5.687777001067564,21.82933963159045,0.0,473.85514070871,702.54239070871,-17.2085,48584.89960373749,49270.23349444619,1.1412956114037247,0.021189244401564014,0.04390551894525979,0.0650947633468238,48687.46945745157,582.7640369946275,10361.074399276487,24924.04083712865,8314.472888259399,33238.51372538805,3969.4302159789354,1118.4511168080908,11519.44785721845,11519.44785721845,1103.0226030287372,12622.470460247188,663.5045510771197,663.5045510771197,0.0,12182.95240829557,0.03722469625295677,0.03901254460324193,0.03274159867022558,0.8676749332432926,12221.765574183391,-7.275957614183426e-12,baseline
2034Q2,2034-06-30,2034,2,2034,43571.60204462971,28039.99999999996,0.017696739357757174,0.019646981729401825,0.022559374014152977,228.68725,453.18180846025876,80.97179643034549,270.10725348274235,76.30609339525071,16.781949150447073,9.01471600147321,5.687777001067564,22.200031017248385,0.0,481.0696164785747,709.7568664785747,-17.2085,49270.23349444619,49962.78186092478,1.1466822314623337,0.020994155759134974,0.044163592239351,0.06515774799848598,49380.017823930146,582.7640369946275,10505.47483598381,25271.402726706812,8430.350206555628,33701.75293326244,4038.751285140276,1134.038769543618,11642.111018412828,11642.111018412828,1118.4511168080908,12760.56213522092,670.3483354613264,670.3483354613264,0.0,12312.459353874154,0.03725891626155001,0.039055598673613065,0.03283045302211096,0.8721405665313514,12702.835190661966,1.4551915228366852e-11,baseline
2034Q3,2034-09-30,2034,3,2034,43977.58425017203,28163.69999999996,0.01776333439337474,0.01968155262857385,0.022566712808094413,228.68725,460.0536930454889,82.04775846903357,274.2123504525082,77.57292217752422,17.083144560825186,9.137517385597702,5.687777001067564,22.5950133539232,0.0,488.33648340047966,717.0237334004796,-17.2085,49962.78186092478,50662.59709432525,1.1520095511869108,0.02080034671291481,0.04441685387924139,0.0652172005921562,50079.83305733062,582.7640369946275,10651.355552543588,25622.32549752866,8547.4154080989,34169.740905627565,4108.95038450838,1149.7862146510906,11877.142505721233,11877.142505721231,1134.038769543618,13011.18127526485,677.2202200465565,677.2202200465565,0.0,12554.362725767787,0.03730378441901439,0.03909602029445051,0.03274315722955823,0.8778025206375938,13191.171674062447,-7.275957614183426e-12,baseline
2034Q4,2034-12-31,2034,4,2035,44387.20338625174,28287.799999999956,0.0177423648279893,0.01968916041410429,0.02257322550837304,189.9905,467.13274474597466,83.16045847648407,278.48934364112586,78.85332281940374,17.37096631548301,9.258653493477908,5.709630652454863,22.9943250622723,0.0,495.8367004607018,685.8272004607018,-17.416,50662.59709432525,51331.00829478595,1.1564370894942424,0.017121195795709594,0.04468285114932739,0.06180404694503698,50748.244257791324,582.7640369946275,10790.385477338838,25956.768373783052,8658.983040549021,34615.75141433207,4177.313231569828,1164.79413455058,11763.68304699446,11763.68304699446,1149.7862146510906,12913.46926164555,645.4168753984295,645.4168753984295,0.0,12409.099922392888,0.037325509499468765,0.03914814706696044,0.032611553476163936,0.8820822666344748,13687.00837452315,0.0,baseline
2035Q1,2035-03-31,2035,1,2035,44800.92530649948,28412.399999999954,0.017735654711652504,0.019722056747187633,0.02256874260208286,189.9905,473.64640832577754,84.19198268693629,282.3359255892643,80.07415163748921,17.667755628955234,9.376592783132173,5.709630652454863,23.372290273265083,0.0,502.7283292514975,692.7188292514975,-17.416,51331.00829478595,52006.31112403744,1.160831183022299,0.0169630871416343,0.04488553089581517,0.06184861803744947,51423.54708704282,582.7640369946275,10930.818517224754,26294.586507898865,8771.676633679559,35066.26314157843,4246.511911153587,1179.953517086056,12038.743622223179,12038.74362222318,1164.79413455058,13203.537756773761,651.9305389782323,651.9305389782323,0.0,12690.674161201414,0.037341936312490144,0.03917541041581785,0.032555639893990955,0.8876945530937553,14189.736703774646,-7.275957614183426e-12,baseline
2035Q2,2035-06-30,2035,2,2035,45218.33639157957,28537.399999999954,0.017714424126451522,0.01972826196496369,0.022573755489187608,189.9905,480.160351472469,85.26038443435307,286.1999752998175,81.30786474828577,17.896451061262617,9.495675928750034,5.709630652454863,23.764694049647908,0.0,509.6346761745718,699.6251761745718,-17.416,52006.31112403744,52688.520300212025,1.1652025373941783,0.016806500650950927,0.045082125247710304,0.06188862589866124,52105.756263217394,582.7640369946275,11072.65473242313,26635.780044742405,8885.496235816821,35521.27628055923,4316.5608814767365,1195.2643687583052,12114.239973764365,12114.239973764365,1179.953517086056,13294.19349085042,658.4444821249238,658.4444821249238,0.0,12772.684455889288,0.03736516278847409,0.03919791003511629,0.032634062681467964,0.8917936142489139,14699.371379949218,7.275957614183426e-12,baseline
2035Q3,2035-09-30,2035,3,2035,45639.620134528195,28662.899999999958,0.017707331988727093,0.01973390522034224,0.022567910616891007,189.9905,486.83328894602835,86.33902527606936,290.12368225361274,82.55447394069414,18.20020562899155,9.615901846660563,5.709630652454863,24.15050537362299,0.0,516.6934249721062,706.6839249721062,-17.416,52688.520300212025,53377.78822518412,1.1695493535626886,0.016651365584549604,0.04528463851794481,0.06193600410249441,52795.0241881895,582.7640369946275,11215.928372068365,26980.431372181116,9000.469330934808,35980.90070311593,4387.464726332632,1210.7303866725824,12256.763826173914,12256.763826173912,1195.2643687583052,13452.028194932218,665.1174195984831,665.1174195984831,0.0,12921.881245772394,0.0373890022345888,0.039226261965836756,0.032503730292093996,0.8959750021485873,15216.064804921323,-1.4551915228366852e-11,baseline
2035Q4,2035-12-31,2035,4,2036,46065.09112612179,28788.899999999954,0.01769999094559438,0.019764486694536787,0.022571471840996393,242.76275,493.5881922398168,87.4281616602729,294.11683561602854,83.81400419771168,18.491891630989606,9.737299134814242,5.7387688543045945,24.55104300793973,0.0,523.8780041020611,766.6407541020611,-16.55475,53377.78822518412,54127.874229286186,1.1750302214987325,0.021079975666201456,0.04549023925017177,0.06657021491637322,53545.110192291555,582.7640369946275,11372.21661757631,27356.389932393293,9125.886283844651,36482.276216237944,4463.016060932345,1227.6012975449667,12145.498565468668,12145.498565468668,1210.7303866725824,13356.22895214125,725.5349610941214,725.5349610941214,0.0,12871.03352656279,0.03740781557768157,0.039258127511165086,0.0322019722593386,0.8973788772048817,15739.942809023385,7.275957614183426e-12,baseline
2036Q1,2036-03-31,2036,1,2036,46494.040876359606,28915.29999999995,0.017678326506116004,0.019743412449576114,0.022574269177581208,242.76275,500.85306973806405,88.61799799246339,298.35682845369416,85.18857400160356,18.81975485804156,9.869914432261535,5.7387688543045945,24.976876769482605,0.0,531.5687153618512,774.3314653618512,-16.55475,54127.874229286186,54885.650944648034,1.180487862747917,0.020885493747086658,0.045732201834246936,0.0666176955813336,54302.88690765341,582.7640369946275,11530.069797951513,27736.113015379447,9252.559053287056,36988.67206866651,4539.503901956749,1244.6411390786486,12406.600223974126,12406.600223974128,1227.6012975449667,13634.201521519095,732.7998385923686,732.7998385923686,0.0,13139.400062566498,0.03742381264418497,0.03928243796237932,0.032151104680632765,0.8992432220637132,16271.511524385236,0.0,baseline
2036Q2,2036-06-30,2036,2,2036,46926.90943172654,29041.99999999995,0.017642589134278408,0.019772661061247865,0.022576315037704076,242.76275,508.16186030928066,89.8192437260423,302.63218019222234,86.55181241448275,19.151709218341033,10.006914758192334,5.7387688543045945,25.407217489929266,0.0,539.3078466535145,782.0705966535145,-16.55475,54885.650944648034,55651.166791301555,1.1859116115939372,0.020692839391282986,0.04597002898204049,0.06666286837332347,55068.402754306924,582.7640369946275,11689.497372554995,28119.623376067433,9380.495230135102,37500.11860620254,4616.93584316228,1261.8509323871224,12484.761538909113,12484.761538909113,1244.6411390786486,13729.402677987762,740.1086291635852,740.1086291635852,0.0,13224.870168072699,0.03744315759312348,0.03930410497981736,0.03217310398203478,0.9005913849909178,16810.81937103875,7.275957614183426e-12,baseline
2036Q3,2036-09-30,2036,3,2036,47363.26883080593,29168.899999999947,0.01759302613883751,0.01977588746711989,0.022577621701592054,242.76275,515.5890366730866,91.06118453220341,306.942984835521,87.9549524340637,19.48778800223724,10.142126869061498,5.7387688543045945,25.84208063552641,0.0,547.1698861629176,789.9326361629176,-16.55475,55651.166791301555,56424.544677464466,1.1913144103087099,0.020502195561477185,0.04621048332770718,0.06671267888918436,55841.78064046984,582.7640369946275,11850.524842994271,28506.9823597466,9509.715278716729,38016.69763846333,4695.32472870945,1279.2334303027988,12639.727343275317,12639.727343275319,1261.8509323871224,13901.578275662441,747.5358055273912,747.5358055273912,0.0,13387.263148802711,0.037459537919662625,0.03932854728562075,0.03215061170646742,0.9019160983544977,17357.98925720167,-7.275957614183426e-12,baseline
2025Q4,2025-12-31,2025,4,2026,31324.77532798175,24037.6,0.012257322464116038,0.03416889228732933,0.03138521050212062,203.43175,239.03865259628913,65.01368874582066,119.6877543737386,42.71050255977236,4.964461483838189,6.6622454331192795,4.95932195482428,16.18876413444616,0.0,260.1867386855596,463.61848868555956,17.515,30277.7664202628,30758.89990894836,0.9819352122047653,0.025977105708819403,0.03322440285190366,0.059201508560723065,30176.13587195373,582.7640369946275,6496.785779950878,15628.316895483313,5213.4891756015995,20841.806071084913,2136.2328410892824,701.3111798286476,5437.953890766519,5437.953890766519,690.4997903999999,6128.453681166519,464.9447245511134,464.9447245511134,0.0,5902.898615317633,0.03191801122214894,0.03437330681188355,0.03728955310952268,0.2159123202980333,260.1867386855596,0.0,inflation_no_rate_response
2026Q1,2026-03-31,2026,1,2026,31720.36011381085,24212.4,0.029406590218133966,0.021441816030615124,0.033142739611773386,203.43175,240.44945621086,60.93064490474254,124.12698071778895,43.5306883372127,5.495856886635115,6.365285364480696,4.95932195482428,17.484323876921767,0.0,262.8931020426061,466.32485204260604,17.515,30758.89990894836,31242.739760990964,0.9849427827708699,0.025653145080333065,0.033151338900234494,0.058804483980567555,30659.975723996336,582.7640369946275,6597.2439124852945,15869.973552044366,5294.104021820724,21164.077573865092,2186.4988628819306,712.1553747640124,7048.973836554221,7048.973836554221,701.3111798286476,7750.285016382868,466.3555281656843,466.3555281656843,0.0,7515.329364719905,0.03167264828825653,0.034187581847311174,0.03521065832892457,0.2987558061381062,523.0798407281657,0.0,inflation_no_rate_response
2026Q2,2026-06-30,2026,2,2026,32094.798708229428,24331.8,0.01987181994496834,0.02763904405751516,0.030772192830818668,203.43175,242.47997851847242,57.50032222679604,128.76641191949622,44.28274287826491,5.833621243500796,6.096880250414424,4.95932195482428,16.630148070113112,0.0,264.06944854340986,467.5011985434098,17.515,31242.739760990964,31727.755959534374,0.9885637934036664,0.025353858966292636,0.032911183016792044,0.05826504198308467,31144.991922539746,582.7640369946275,6698.139441955681,16112.682387045035,5375.069866867322,21487.752253912357,2236.0534411071853,723.0467855645156,7294.65052613453,7294.650526134531,712.1553747640124,8006.805900898544,468.3860504732967,468.3860504732967,0.0,7763.036576607828,0.03163504775739422,0.03380874411956937,0.033746168375763635,0.3386780984951124,787.1492892715755,0.0,inflation_no_rate_response
2026Q3,2026-09-30,2026,3,2026,32468.269249181518,24457.7,0.020858389667526733,0.02596472248620807,0.02824698150314875,203.43175,246.3774413416258,55.138128411680306,133.50109328427993,45.11122588770424,6.434567199764894,6.1924265581965034,4.95932195482428,15.625881580025593,0.0,266.9626448764757,470.39439487647564,17.515,31727.755959534374,32215.665354410852,0.9922199765921605,0.02506222286611452,0.03288905150165409,0.057951274367768604,31632.901317416225,582.7640369946275,6799.874527972928,16357.410813919352,5456.709432599443,21814.120246518796,2284.877718607075,734.0288243174178,7560.870539253156,7560.870539253156,723.0467855645156,8283.91732481767,472.2835132964501,472.2835132964501,0.0,8033.154052549606,0.03206434142500246,0.03365666897046992,0.03387420938607825,0.3779019415086418,1054.1119341480512,3.637978807091713e-12,inflation_no_rate_response
2026Q4,2026-12-31,2026,4,2027,32813.516450759125,24573.2,0.01902398695529306,0.02374108660242924,0.02771554138299126,194.872,253.59837549789904,55.91196830625741,138.7066086465815,45.90202768161394,6.830451248587104,6.247319614859042,4.968063415379199,15.669722733652822,0.0,274.23616164693107,469.1081616469311,5.538,32215.665354410852,32690.311516057784,0.996245299253854,0.023755088887523573,0.0334296584224318,0.057184747309955375,32107.547479063156,582.7640369946275,6898.743123166559,16595.24376532521,5536.048719487986,22131.292484813195,2332.8104382651377,744.7014328182587,7665.516018009889,7665.51601800989,734.0288243174178,8399.544842327308,458.9764389132783,458.9764389132783,0.0,8124.492456923168,0.03242722436592475,0.034050038530013926,0.033830045581091525,0.4109562752171501,1328.3480957949823,0.0,inflation_no_rate_response
2027Q1,2027-03-31,2027,1,2027,33751.64490686526,24680.599999999995,0.017597408546793147,0.1,0.026152401325720165,194.872,260.31127901663695,56.535199894349944,143.40677427048297,46.66884903955689,7.411776979595989,6.288678832651108,4.968063415379199,15.104810271309676,0.0,280.38415270332587,475.2561527033259,5.538,32690.311516057784,33171.10566876111,0.9827996756985891,0.0230948151460745,0.03322909487546716,0.056323910021541655,32588.34163176648,582.7640369946275,6999.057751934678,16836.555216978573,5616.548407941779,22453.103624920353,2380.6501180173027,755.5301368941339,7818.45707685363,7818.4570768536305,744.7014328182587,8563.15850967189,465.6893424320162,465.6893424320162,0.0,8284.146419285647,0.03274957978431627,0.03430792056730308,0.03368771382636251,0.44471885813106954,1608.7322484983083,0.0,inflation_no_rate_response
2027Q2,2027-06-30,2027,2,2027,34718.7377909986,24789.999999999996,0.01784876327045648,0.1,0.1,194.872,266.97610552499697,57.11231125578679,148.1810139507879,47.461975490152746,7.863270076863552,6.357534751405928,4.968063415379199,57.406256764716794,0.0,329.35042570509296,524.222425705093,5.538,33171.10566876111,33700.8660944662,0.9706823530665246,0.022451507445126504,0.03794497688109876,0.06039648432622526,33118.10205747157,582.7640369946275,7100.80805795815,17081.32025627764,5698.200187303902,22779.52044358154,2471.2597373246326,766.5138186072451,7902.110454651883,7902.110454651883,755.5301368941339,8657.640591546016,472.3541689403762,472.3541689403762,0.0,8374.46462359226,0.03304420456549333,0.039715338884860715,0.03368611028108774,0.4768915918987657,1938.0826742034012,-7.275957614183426e-12,inflation_no_rate_response
2027Q3,2027-09-30,2027,3,2027,35718.726030442376,24903.499999999993,0.01843999428756682,0.1,0.1,194.872,273.7693537045326,57.72956951119976,152.8766355315359,48.32911738697849,8.416822508849274,6.417208765969186,4.968063415379199,59.59118895275369,0.0,338.3286060726655,533.2006060726656,5.538,33700.8660944662,34239.60470053887,0.9585897512514058,0.021822950777574138,0.037888093296979806,0.05971104407455395,33656.84066354424,582.7640369946275,7204.021704683604,17329.60542891512,5781.026256717812,23110.631685632936,2564.5318090727656,777.6554641549288,8039.70972969322,8039.709729693219,766.5138186072451,8806.223548300464,479.14741711991184,479.14741711991184,0.0,8518.85714681313,0.033387677692656506,0.04015666601852945,0.03363476476081337,0.5092509344278818,2276.4112802760665,7.275957614183426e-12,inflation_no_rate_response
2027Q4,2027-12-31,2027,4,2028,36746.60628923767,25016.899999999994,0.01833909570101455,0.1,0.1,215.4585,281.1259617589226,58.3885959164606,158.1501062916458,49.16221520725591,8.943286049829172,6.481758293731334,5.137064986107641,61.84032269115021,0.0,348.10334943618045,563.5618494361804,2.14175,34239.60470053887,34805.30829997505,0.947170686349036,0.023453431133650386,0.03789229913600296,0.06134573026965335,34222.544262980424,582.7640369946275,7312.559420605125,17590.69789478773,5868.124742995075,23458.822637782803,2661.790375424608,789.371829167876,7940.036738555835,7940.036738555835,777.6554641549288,8717.692202710763,503.8632767450302,503.8632767450302,0.0,8443.900015300866,0.03365754685304765,0.040666748635763535,0.033375097310029356,0.5350085047676296,2624.514629712247,0.0,inflation_no_rate_response
2028Q1,2028-03-31,2028,1,2028,37113.52931986526,25131.59999999999,0.018466116274653555,0.0216767083117837,0.1,215.4585,288.1656985959913,59.12204291559243,163.1477894373252,49.99880156954903,9.333437913993885,6.563626759530886,5.137064986107641,64.18558552095742,0.0,357.48834910305635,572.9468491030564,2.14175,34805.30829997505,35380.3968990781,0.9533018698962836,0.023221558709014982,0.03852916773525049,0.06175072644426547,34797.632862083476,582.7640369946275,7422.613573608386,17855.438219781485,5956.440127686249,23811.878347467733,2761.8890513754313,801.2518896319202,8123.927393351704,8123.927393351704,789.371829167876,8913.29922251958,510.90301358209894,510.90301358209894,0.0,8634.830406933803,0.03394537746649793,0.041084347941639995,0.03327653977329363,0.5620430194211151,2982.0029788153033,-7.275957614183426e-12,inflation_no_rate_response
2028Q2,2028-06-30,2028,2,2028,37476.22737120844,25242.599999999988,0.017784392025415263,0.02150065998978512,0.023590801926968608,215.4585,295.34692541813286,59.86337847115163,168.2110495054912,50.94598407036187,9.678125816907363,6.648387554220837,5.137064986107641,16.14664613866227,0.0,316.6306365429028,532.0891365429028,2.14175,35380.3968990781,35914.62778562101,0.9583309288280402,0.022996818528807257,0.03379535868502687,0.05679217721383413,35331.863748626376,582.7640369946275,7534.214642199196,18123.899721343405,6045.996868941177,24169.89659028458,2814.45358051986,813.2989356227379,8245.871154509492,8245.871154509492,801.2518896319202,9047.123044141412,518.0842404042404,518.0842404042404,0.0,8763.955394913732,0.03423231205597022,0.03579729616330598,0.033220061212038104,0.588883314489939,3298.633615358206,0.0,inflation_no_rate_response
2028Q3,2028-09-30,2028,3,2028,37833.3454221114,25350.699999999986,0.01724012308766243,0.02106182624872388,0.023346411992499982,215.4585,302.41660871159047,60.631592333097835,173.41256123245566,51.90871903885234,9.72758767288934,6.736148434295325,5.137064986107641,16.28496040856251,0.0,323.8386341062606,539.2971341062606,2.14175,35914.62778562101,36456.06666972727,0.963596167956662,0.022779746025216895,0.03423843495658681,0.0570181809818037,35873.30263273264,582.7640369946275,7647.338598669267,18396.024599716493,6136.775685194899,24532.80028491139,2867.6533757404595,825.5103734115194,8322.68751350676,8322.68751350676,813.2989356227379,9135.986449129497,525.153923697698,525.153923697698,0.0,8847.841437204459,0.03451914870196741,0.0360676029877625,0.03322653454389815,0.6140490003405618,3622.4722494644666,0.0,inflation_no_rate_response
2028Q4,2028-12-31,2028,4,2029,38192.89726110712,25460.399999999983,0.01742186418178404,0.020775810233577552,0.02309377715644856,173.80475,309.6259030579065,61.427247293810886,178.46328865112062,52.84872151146789,10.059674813393876,6.826970788113264,5.268186894431433,16.41475861415535,0.0,331.3088485664933,505.1135985664933,-2.42575,36456.06666972727,36958.75451829376,0.9676865901432903,0.01820283481630394,0.03469847770924404,0.05290131252554798,36375.99048129913,582.7640369946275,7752.087194039186,18648.00216189036,6220.833508034899,24868.835669925258,2918.2499046491885,836.817712685499,8248.24503547171,8248.24503547171,825.5103734115194,9073.75540888323,486.27308995233795,486.27308995233795,0.0,8734.518125424047,0.034725010154615585,0.03635157369751122,0.032947677503284485,0.6329746479740264,3953.78109803096,0.0,inflation_no_rate_response
2029Q1,2029-03-31,2029,1,2029,38555.92752408067,25572.199999999983,0.017680562926939647,0.020522825130940392,0.02297286568423096,173.80475,315.83658251610876,62.171739296194275,182.80343341152206,53.72858751362673,10.222800032265226,6.910022262500486,5.268186894431433,16.6176599464265,0.0,337.7224293569667,511.5271793569667,-2.42575,36958.75451829376,37467.85594765072,0.9717793956389618,0.018031442754574918,0.03503714744209302,0.05306859019666794,36885.0919106561,582.7640369946275,7858.173638372952,18903.197981256853,6305.964917311,25209.162898567854,2969.4859044289947,848.2694692862995,8393.23633029479,8393.23633029479,836.817712685499,9230.05404298029,492.4837694105402,492.4837694105402,0.0,8885.720099705331,0.03491654989251828,0.03655127817576229,0.03286385949739049,0.6524316249225631,4291.503527387927,-7.275957614183426e-12,inflation_no_rate_response
2029Q2,2029-06-30,2029,2,2029,38919.15027512794,25682.99999999998,0.01744428695602207,0.020418069374665837,0.022841686194156274,173.80475,322.02373772101726,62.92432540927122,186.95198041255387,54.620547110844385,10.532903014082441,6.99398177426554,5.268186894431433,16.813674174189636,0.0,344.10559878963835,517.9103487896384,-2.42575,37467.85594765072,37983.34054644036,0.9759550318526449,0.017863159783431694,0.03536619852767401,0.053229358311105715,37400.57650944574,582.7640369946275,7965.5928642865365,19161.599867990713,6392.165846589018,25553.76571457973,3021.352834376516,859.8650962029539,8495.261568967655,8495.261568967655,848.2694692862995,9343.531038253954,498.6709246154487,498.6709246154487,0.0,8993.932493583103,0.035000067019019164,0.03673608644918623,0.0327619070722755,0.6713794692997075,4635.609126177565,7.275957614183426e-12,inflation_no_rate_response
2029Q3,2029-09-30,2029,3,2029,39286.22491122564,25795.399999999983,0.017620997896754975,0.020285549943514614,0.02275805762511629,173.80475,327.30563110396866,63.68491494997087,190.5483338393864,55.55302566330934,10.438367584070742,7.080989067231305,5.268186894431433,17.0452437063893,0.0,349.6190617047894,523.4238117047894,-2.42575,37983.34054644036,38504.33860814516,0.9800976982429008,0.01769625362505493,0.03559711450971094,0.053293368134765866,37921.57457115053,582.7640369946275,8074.149868383183,19422.7387324554,6479.279811088226,25902.018543543625,3073.8226158993252,871.5835433243947,8566.157720448293,8566.157720448293,859.8650962029539,9426.022816651246,503.9528179984001,503.9528179984001,0.0,9070.110538446694,0.035182899342086266,0.03681814781691751,0.0327910811512724,0.6889041881613049,4985.228187882354,1.4551915228366852e-11,inflation_no_rate_response
2029Q4,2029-12-31,2029,4,2030,39658.68763845573,25910.199999999983,0.017920813193843088,0.020183196343088072,0.022686563355431177,192.2015,333.60207118323433,64.47208669903951,194.62875965851072,56.44567796244219,10.884593260540614,7.170953602701459,5.3789120614604125,17.287234735397355,0.0,356.2682179800921,548.4697179800921,-5.94,38504.33860814516,39046.868326125244,0.9845728805272611,0.019385563309828588,0.035933434936422905,0.05531899824625149,38464.10428913062,582.7640369946275,8187.292901557984,19694.9095007188,6570.073935864803,26264.983436583603,3128.0309105950464,883.7970403939888,8644.600420608016,8644.600420608018,871.5835433243947,9516.183963932413,525.2424832446947,525.2424832446947,0.0,9169.842903852712,0.035286388755190225,0.03701070901186471,0.03274280828466381,0.7053087970804541,5341.496405862446,-7.275957614183426e-12,inflation_no_rate_response
2030Q1,2030-03-31,2030,1,2030,40034.43982582248,26025.99999999998,0.017997333864965714,0.02008187040489151,0.022638322874940497,192.2015,339.3678811375926,65.31412912217881,198.27268379289842,57.42965928970835,11.08880675336946,7.262602179437581,5.3789120614604125,17.5550074896242,0.0,362.3018006886772,554.5033006886772,-5.94,39046.868326125244,39595.43162681392,0.9890342364994102,0.019203615770442602,0.036199012876407484,0.05540262864685009,39012.6675898193,582.7640369946275,8301.677953891089,19970.06800317164,6661.864746334435,26631.932749506075,3182.912276210767,896.1446102113667,8778.51537413587,8778.515374135872,883.7970403939888,9662.31241452986,531.0082931990529,531.0082931990529,0.0,9309.523667334925,0.035438442459420086,0.03711455655420852,0.032705842618794605,0.721681303900083,5703.798206551123,0.0,inflation_no_rate_response
2030Q2,2030-06-30,2030,2,2030,40410.90432126043,26141.29999999998,0.017838848225115722,0.01995316485744958,0.022612820884429397,192.2015,345.69707087345813,66.14361909762704,202.1970956155313,58.4251306292515,11.571637919687593,7.3595876113608485,5.3789120614604125,17.843055472390596,0.0,368.91903840730913,561.1205384073091,-5.94,39595.43162681392,40150.61216522123,0.9935588633708883,0.019024716544032556,0.036516781260271726,0.05554149780430428,39567.84812822661,582.7640369946275,8417.426383611017,20248.506172612302,6754.749629086764,27003.255801699066,3238.5265898338935,908.6393530826348,8947.553377640825,8947.553377640825,896.1446102113667,9843.69798785219,537.3374829349184,537.3374829349184,0.0,9484.890860575742,0.03560279136501625,0.03726884877875438,0.03273636671774333,0.738931472117254,6072.717244958432,0.0,inflation_no_rate_response
2030Q3,2030-09-30,2030,3,2030,40790.749316281814,26257.099999999977,0.017837173553037378,0.019938881222312688,0.022609552821165613,192.2015,352.24049740224115,67.02375757950273,206.58951541958902,59.35741141567253,11.814427095433704,7.455385892043019,5.3789120614604125,18.15222125950727,0.0,375.77163072320883,567.9731307232089,-5.94,40150.61216522123,40712.64529594444,0.9980852516404695,0.018847557666540036,0.0368487107515054,0.055696268418045446,40129.88125894981,582.7640369946275,8534.584339689607,20530.33502251432,6848.76561738305,27379.10063989737,3294.910028693195,921.2862506696459,9063.868218611646,9063.868218611646,908.6393530826348,9972.507571694281,543.8809094637015,543.8809094637015,0.0,9607.749128075347,0.03582485780143312,0.03743620437734746,0.03270189155199047,0.7557654888439858,6448.488875681641,7.275957614183426e-12,inflation_no_rate_response
2030Q4,2030-12-31,2030,4,2031,41172.52187716998,26372.999999999978,0.01777342391157455,0.019839987430776862,0.02260563078501021,184.328,359.4768071101813,67.89261842223084,211.16378054563683,60.3784250485702,12.487435838252358,7.554547255491098,5.499835599136797,18.465078332248936,0.0,383.44172104156706,567.7697210415671,-9.2495,40712.64529594444,41271.165516986,1.0023958610092019,0.017907865886855886,0.03725219671367123,0.05516006260052712,40688.40147999138,582.7640369946275,8650.918183346568,20810.181432096,6942.120278473057,27752.301710569056,3351.3373986182237,933.8441874575326,8892.955378380093,8892.955378380093,921.2862506696459,9814.241629049739,540.055142709318,540.055142709318,0.0,9433.01052108941,0.035959577438771456,0.03767298521177284,0.03252547625931279,0.7651008375111219,6831.930596723208,-7.275957614183426e-12,inflation_no_rate_response
2031Q1,2031-03-31,2031,1,2031,41558.177373146405,26489.69999999998,0.01781775002184327,0.01982598390139856,0.02258993228072148,184.328,365.8529594012149,68.77479955760522,215.30586476985238,61.39272344131312,12.724383905761126,7.655187726683125,5.499835599136797,18.768370059596904,0.0,390.1211650599486,574.4491650599487,-9.2495,41271.165516986,41836.36518204596,1.0066939367047245,0.017741682783144093,0.037549400837009056,0.055291083620153156,41253.60114505133,582.7640369946275,8768.625520643523,21093.331843777614,7036.577129856449,28129.90897363406,3408.5162614511296,946.5503893226096,9111.393396002579,9111.393396002577,933.8441874575326,10045.23758346011,546.4312950003516,546.4312950003516,0.0,9657.824691002928,0.036125789234225165,0.037810530444010476,0.03244790608554085,0.7765903473848065,7222.0517617831565,7.275957614183426e-12,inflation_no_rate_response
2031Q2,2031-06-30,2031,2,2031,41946.641948178156,26606.499999999975,0.017754036595319045,0.019811706497828263,0.02259593162071094,184.328,372.64717421486137,69.6886513253144,219.45060303736605,62.37305458955496,13.382617574073713,7.752247688552171,5.499835599136797,19.093613981116196,0.0,397.2406237951144,581.5686237951144,-9.2495,41836.36518204596,42408.684305841074,1.0110150023030147,0.01757737844452226,0.03788056496020583,0.055457943404728094,41825.92026884644,582.7640369946275,8887.796406866126,21380.00288968926,7132.208438385308,28512.21132807457,3466.4979564062814,959.4145774994638,9163.201784764422,9163.201784764422,946.5503893226096,10109.752174087032,553.2255098139981,553.2255098139981,0.0,9716.42729457842,0.036239116086594046,0.03798041460500396,0.03252133520933929,0.7862889521552914,7619.292385578271,-7.275957614183426e-12,inflation_no_rate_response
2031Q3,2031-09-30,2031,3,2031,42337.137073907536,26722.899999999972,0.017614655473791707,0.019797160110517797,0.022579104221777335,184.328,378.9902696208234,70.56910347051704,223.54084907618784,63.41328414807763,13.628615827870082,7.838417098170619,5.499835599136797,19.404071452907637,0.0,403.8941766728679,588.2221766728679,-9.2495,42408.684305841074,42987.656982513945,1.0153652314154074,0.017415254099796156,0.03815980055220018,0.05557505465199634,42404.892945519314,582.7640369946275,9008.333665910504,21669.960808245225,7228.936222949771,28898.897031194996,3525.2359863341644,972.4262620796446,9348.357518810408,9348.357518810408,959.4145774994638,10307.77209630987,559.5686052199602,559.5686052199602,0.0,9907.926124030368,0.036405619461981106,0.03809542156602471,0.03233391626032325,0.7973065874825268,8023.186562251139,0.0,inflation_no_rate_response
2031Q4,2031-12-31,2031,4,2032,42730.20171478939,26839.599999999966,0.017582923791722438,0.019727225080271582,0.0225727995952707,192.24275,386.0070116290635,71.3460026340112,227.90438382045966,64.46568244413899,14.363237628849356,7.927705101604304,5.6120176762582625,19.727399426098827,0.0,411.34642873142064,603.5891787314206,-11.316,42987.656982513945,43579.93016124536,1.0198858983191241,0.01799595998007776,0.03850638772800823,0.05650234770808599,42997.16612425073,582.7640369946275,9131.666351609987,21966.64325414498,7327.90725934694,29294.55051349192,3585.2095534296704,985.7397057191536,9401.613629850557,9401.613629850557,972.4262620796446,10374.039891930202,572.5457793053217,572.5457793053217,0.0,9974.159409155878,0.03650900584367368,0.0382757710101524,0.03237449211911767,0.8064874771246995,8434.53299098256,-7.275957614183426e-12,inflation_no_rate_response
2032Q1,2032-03-31,2032,1,2032,43126.456576818855,26956.799999999967,0.017581469158450158,0.01968526656714742,0.02257678241908323,192.24275,392.51253820604705,72.16299334359792,232.16441424072093,65.54298217532218,14.620691591116454,8.021456855289589,5.6120176762582625,20.066525093541912,0.0,418.1910809758472,610.4338309758473,-11.316,43579.93016124536,44179.04799222121,1.0244070925123985,0.017830609352991314,0.03878742787327735,0.056618037226268667,43596.28395522658,582.7640369946275,9256.40039959984,22266.696741464457,7428.002849851231,29694.699591315686,3645.9795415266503,999.2044227844018,9605.114088251366,9605.114088251366,985.7397057191536,10590.85379397052,579.0513058823052,579.0513058823052,0.0,10184.165394133672,0.036625229533399625,0.038383822959655416,0.03220799679107044,0.8171407514631275,8852.724071958406,7.275957614183426e-12,inflation_no_rate_response
2032Q2,2032-06-30,2032,2,2032,43526.21215176817,27074.499999999967,0.017579698909776065,0.01967074272996472,0.02256916678199805,192.24275,399.25091724819106,73.00985815184349,236.2281138060187,66.63302315591392,15.263884210348616,8.116037924066301,5.6120176762582625,20.39983016564268,0.0,425.26276509009205,617.5055150900921,-11.316,44179.04799222121,44785.23750731129,1.0289256816364614,0.017666848595019817,0.03908107267476217,0.05674792126978199,44202.47347031667,582.7640369946275,9382.585968873347,22570.241929968157,7529.263245654143,30099.5051756223,3707.556498012363,1012.82582780866,9669.25860315973,9669.258603159727,999.2044227844018,10668.46302594413,585.7896849244493,585.7896849244493,0.0,10255.048288084177,0.03667725170724394,0.03850356985193251,0.032236537075890366,0.8260766457378685,9277.986837048498,-1.4551915228366852e-11,inflation_no_rate_response
2032Q3,2032-09-30,2032,3,2032,43930.07661395207,27192.699999999968,0.017577617243731636,0.01971028327301072,0.022571739816290792,192.24275,405.3797959759274,73.86440803995542,240.08437776226447,67.73625516818664,15.480737541992413,8.214017463528236,5.6120176762582625,20.746708269270776,0.0,431.7385219214564,623.9812719214565,-11.316,44785.23750731129,45397.902779232754,1.0334127840973195,0.017504431115783144,0.03931142899799428,0.05681586011377743,44815.13874223812,582.7640369946275,9510.091766329719,22876.96298806568,7631.58308770845,30508.54607577413,3769.9111520921583,1026.58974804212,9836.682401122778,9836.682401122778,1012.82582780866,10849.508228931438,591.9185636521855,591.9185636521855,0.0,10428.600964774963,0.036737630885654925,0.03856078886271166,0.03209057335907044,0.8357098904487802,9709.725358969954,7.275957614183426e-12,inflation_no_rate_response
2032Q4,2032-12-31,2032,4,2033,44339.18636054613,27311.899999999965,0.017649746885700424,0.0197758101815233,0.02257356533731114,249.09275,411.67849636707655,74.74932128335159,243.90341545694096,68.8515414465786,15.85884122106411,8.315376959141172,5.6542680689403735,21.09732377992995,0.0,438.43008821594685,687.5228382159469,-14.7595,45397.902779232754,46070.666117448694,1.039050778758612,0.022471567067062607,0.03955238011368386,0.06202394718074647,45487.90208045407,582.7640369946275,9650.467824707073,23214.644050542818,7744.2309547694895,30958.875005312308,3836.816270863202,1041.7429795714907,10612.886115099816,10612.886115099816,1026.58974804212,11639.475863141935,651.6660144360169,651.6660144360169,0.0,11264.552129535834,0.036816540142921676,0.038629986089710425,0.03290911809068491,0.8404724430834947,10148.155447185902,-7.275957614183426e-12,inflation_no_rate_response
2033Q1,2033-03-31,2033,1,2033,44752.376657436595,27431.899999999965,0.017690923464234398,0.019759214646802636,0.022564008293708637,249.09275,418.758813838221,75.75617242395053,248.3432859210729,70.07996643687923,16.149083994136173,8.43030506218229,5.6542680689403735,21.462725825693177,0.0,445.8758077328545,694.9685577328545,-14.7595,46070.666117448694,46750.87517518156,1.0446568130457685,0.022264091304621942,0.039852704239229486,0.062116795543851425,46168.11113818693,582.7640369946275,9792.369061683039,23555.99400026184,7858.102735067633,31414.096735329473,3904.584490998381,1057.0608501760391,10874.25303132375,10874.253031323751,1041.7429795714907,11915.996010895242,658.7463319071613,658.7463319071613,0.0,11532.999363230912,0.03691476436087946,0.03871233870126176,0.03282277525590648,0.8466891406450756,10594.031254918757,7.275957614183426e-12,inflation_no_rate_response
2033Q2,2033-06-30,2033,2,2033,45169.51428949382,27552.599999999962,0.017716447921211298,0.01974238719039123,0.022564493843014066,249.09275,426.1525992470578,76.79665436624924,252.96365112059286,71.32230755993199,16.526291878736043,8.543694321547836,5.6542680689403735,21.84227985442393,0.0,453.6491471704221,702.7418971704221,-14.7595,46750.87517518156,47438.857572351975,1.050240595201308,0.022058483817519164,0.04017303743962892,0.06223152125714808,46856.09353535735,582.7640369946275,9935.863001714233,23901.17527040769,7973.2526150938,31874.42788550149,3973.2519991958507,1072.5506489457775,10983.000215505415,10983.000215505415,1057.0608501760391,12040.061065681455,666.1401173159982,666.1401173159982,0.0,11649.140332821413,0.036996034286282835,0.038814173678720684,0.03290178033152603,0.8511523172355783,11047.68040208918,-7.275957614183426e-12,inflation_no_rate_response
2033Q3,2033-09-30,2033,3,2033,45590.49475935003,27674.099999999962,0.017756007302464516,0.019698696995388953,0.022564267205522626,249.09275,433.4606412656495,77.82264696092672,257.5708402793536,72.57888062571753,16.824745532792168,8.66352786685952,5.6542680689403735,22.226185111082362,0.0,461.34109444567224,710.4338444456722,-14.7595,47438.857572351975,48134.531916797656,1.055801920353713,0.021854796822437576,0.04047695440734887,0.062331751229786445,47551.767879803025,582.7640369946275,10080.9311747272,24250.14343036949,8089.665773129792,32339.809203499284,4042.817119492374,1088.2103820841664,11206.474044587247,11206.474044587247,1072.5506489457775,12279.024693533025,673.4481593345898,673.4481593345898,0.0,11879.922203921837,0.03705227767000031,0.0388998486097227,0.03280123996157354,0.8571581216369019,11509.021496534851,7.275957614183426e-12,inflation_no_rate_response
2033Q4,2033-12-31,2033,4,2034,46015.31307972133,27796.199999999968,0.017765412373738743,0.019681678339410258,0.022563340221916306,228.68725,440.56229456294244,78.90848877017716,261.9205584003723,73.84982127857546,17.101568330398553,8.781857783419225,5.687777001067564,22.614407769580826,0.0,468.86447933359085,697.5517293335909,-17.2085,48134.531916797656,48814.875146131235,1.0608397917788732,0.0198792301687745,0.040757256482969934,0.06063648665174443,48232.11110913661,582.7640369946275,10222.61322873495,24590.96612538112,8203.361665216291,32794.32779059741,4111.665497348651,1103.5045924556018,11280.90014830802,11280.90014830802,1088.2103820841664,12369.110530392185,657.7288215640101,657.7288215640101,0.0,11938.62896987203,0.037097330911409425,0.03896283692082355,0.032827255497101845,0.8614585517879155,11977.885975868443,-1.4551915228366852e-11,inflation_no_rate_response
2034Q1,2034-03-31,2034,1,2034,46441.333904598534,27917.299999999963,0.01754105922100746,0.019664438509282567,0.022572136924965847,228.68725,447.4119594282499,79.9408354487073,266.0790224736347,75.09166465989026,17.400672307863488,8.899764538154406,5.687777001067564,23.008418860148705,0.0,476.10815528946614,704.7954052894661,-17.2085,48814.875146131235,49502.462051420705,1.0659138721792627,0.019696871796988227,0.041007276515140995,0.06070414831212922,48919.69801442608,582.7640369946275,10365.770776222023,24935.33818779582,8318.241599619048,33253.57978741487,4181.389372266773,1118.9580785224143,11528.800222288311,11528.800222288313,1103.5045924556018,12632.304814743915,664.5784864293175,664.5784864293175,0.0,12193.378708717632,0.03713643005015654,0.039013366631724306,0.03273555523118727,0.8672665826536661,12453.99413115791,7.275957614183426e-12,inflation_no_rate_response
2034Q2,2034-06-30,2034,2,2034,46872.89099543795,28039.99999999996,0.017696739357757174,0.019646981729401825,0.022559374014152977,228.68725,454.26838275473364,81.00849861617485,270.22992335341735,76.3470151430764,17.66414352917449,9.018802112890661,5.687777001067564,23.38546559801965,0.0,483.34162535382086,712.0288753538209,-17.2085,49502.462051420705,50197.28242677453,1.0709235415340637,0.019515523377660465,0.04124700781958285,0.060762531197243314,49614.5183897799,582.7640369946275,10510.405273035618,25283.263119720963,8434.306744614789,33717.569864335754,4251.972254968996,1134.5709974395334,11646.933594083876,11646.933594083874,1118.9580785224143,12765.891672606289,671.4349097558013,671.4349097558013,0.0,12318.368503839674,0.03717126760468328,0.03905596653772489,0.0328304449555733,0.8717171718424012,12937.335756511731,7.275957614183426e-12,inflation_no_rate_response
2034Q3,2034-09-30,2034,3,2034,47309.63324895852,28163.69999999996,0.01776333439337474,0.01968155262857385,0.022566712808094413,228.68725,461.15577683081756,82.08626518240818,274.3411980444785,77.61589734074234,17.970610451319562,9.141805811869043,5.687777001067564,23.787889646737362,0.0,490.6314434786225,719.3186934786224,-17.2085,50197.28242677453,50899.392620253144,1.075877979277585,0.01933536443172781,0.04148258270333755,0.060817947135065366,50316.62858325852,582.7640369946275,10656.523390617329,25634.756969616028,8551.562453849101,34186.31942346513,4323.44169980428,1150.3440693717812,11887.391712952522,11887.391712952522,1134.5709974395334,13021.962710392056,678.3223038318852,678.3223038318852,0.0,12565.714016784406,0.03721659541222183,0.03909625539544559,0.032737035864506145,0.8774601488418203,13427.967199990353,-7.275957614183426e-12,inflation_no_rate_response
2034Q4,2034-12-31,2034,4,2035,47750.28799228063,28287.799999999956,0.0177423648279893,0.01968916041410429,0.02257322550837304,189.9905,468.249281273242,83.2008063722448,278.6244789991398,78.89838166049262,18.262468622748724,9.263145618616269,5.709630652454863,24.194651803997694,0.0,498.15356372969455,688.1440637296946,-17.416,50899.392620253144,51570.12068398284,1.0799960136851892,0.015915338565557057,0.041729889780788475,0.057645228346345535,50987.35664698821,582.7640369946275,10795.793829714783,25969.77841408247,8663.323092310748,34633.101506393214,4393.083358713644,1165.377952166579,11769.146886266233,11769.146886266233,1150.3440693717812,12919.490955638015,646.5334119256968,646.5334119256968,0.0,12415.68029819193,0.037238914951650715,0.03914809494457319,0.032611752677164124,0.8817248142112031,13926.120763720048,0.0,inflation_no_rate_response
2035Q1,2035-03-31,2035,1,2035,48195.35637536033,28412.399999999954,0.017735654711652504,0.019722056747187633,0.02256874260208286,189.9905,474.7788379556471,84.23418135634961,282.4774504048043,80.12132244685918,18.564591232692884,9.381292514940963,5.709630652454863,24.57953563992605,0.0,505.068004248028,695.0585042480279,-17.416,51570.12068398284,52247.76318823088,1.0840829307560078,0.015768365609358317,0.04191839564910796,0.05768676125846627,51664.99915123625,582.7640369946275,10936.470807452772,26308.18335191694,8776.212438755983,35084.39579067293,4463.5688859498605,1180.5636671606944,12049.990208332114,12049.990208332116,1165.377952166579,13215.368160498694,653.0629686081019,653.0629686081019,0.0,12703.053176940217,0.03725554716692209,0.03917524314849215,0.0325494618478782,0.8874213872088901,14431.188767968075,7.275957614183426e-12,inflation_no_rate_response
2035Q2,2035-06-30,2035,2,2035,48644.39344017164,28537.399999999954,0.017714424126451522,0.01972826196496369,0.022573755489187608,189.9905,481.3035894633801,85.30447229813163,286.3479972970356,81.35717856706839,18.79335518966871,9.50058611147569,5.709630652454863,24.979406902289906,0.0,511.99262701812484,701.9831270181248,-17.416,52247.76318823088,52932.330315249,1.0881486348545213,0.015622807609569373,0.042100854039660796,0.05772366164923017,52349.566278254366,582.7640369946275,11078.55328874359,26649.96929316838,8890.229662555827,35540.198955724205,4534.912931167485,1195.9011026190942,12120.293905848848,12120.293905848848,1180.5636671606944,13300.857573009544,659.5877201158348,659.5877201158348,0.0,12779.881625964683,0.037279349716417734,0.039197285837756536,0.03263428480669527,0.8915055807508845,14943.181394986199,-7.275957614183426e-12,inflation_no_rate_response
2035Q3,2035-09-30,2035,3,2035,49097.596582464976,28662.899999999958,0.017707331988727093,0.01973390522034224,0.022567910616891007,189.9905,487.99273831376007,86.38501926897814,290.2782611121185,82.60595221073616,19.102481351356545,9.621024370570613,5.709630652454863,25.372152072046052,0.0,519.074521038261,709.065021038261,-17.416,52932.330315249,53623.97933628726,1.0921915341868051,0.01547859880928301,0.0422892000561711,0.05776779886545411,53041.21529929263,582.7640369946275,11222.076686590917,26995.221425445317,9005.403181656877,36000.624607102196,4607.119924315816,1211.394081283705,12267.061260759483,12267.061260759483,1195.9011026190942,13462.962363378578,666.2768689662148,666.2768689662148,0.0,12933.338129725698,0.03730366643000956,0.039225518162288316,0.03249936730763248,0.8957471011941187,15462.25591602446,0.0,inflation_no_rate_response
2035Q4,2035-12-31,2035,4,2036,49555.30422861166,28788.899999999954,0.01769999094559438,0.019764486694536787,0.022571471840996393,242.76275,494.76286625578837,87.4760877719762,294.2780587790779,83.86767811248816,19.39840469352193,9.742636898724196,5.7387688543045945,25.780172938087418,0.0,526.2818080481803,769.0445580481803,-16.55475,53623.97933628726,54376.46914433544,1.0972885746696757,0.019595298931478378,0.042480361385356755,0.06207566031683513,53793.70510734081,582.7640369946275,11378.617969858371,27371.78867962187,9131.023190303033,36502.8118699249,4683.982960631399,1228.2923069261424,12159.126671355763,12159.126671355763,1211.394081283705,13370.520752639468,726.7096351100929,726.7096351100929,0.0,12885.836306465857,0.03732314543418679,0.039257199078625356,0.032194356815789076,0.8971484035341555,15988.537724072641,0.0,inflation_no_rate_response
2036Q1,2036-03-31,2036,1,2036,50016.75420845916,28915.29999999995,0.017678326506116004,0.019743412449576114,0.022574269177581208,242.76275,502.04431125415016,88.66788053012135,298.5247827546361,85.24447340725003,19.731704414456708,9.875470147686183,5.7387688543045945,26.213498584992045,0.0,533.9965786934467,776.7593286934467,-16.55475,54376.46914433544,55136.673723028885,1.1023640897054414,0.019414514503537487,0.04270541638650624,0.06211993089004372,54553.909686034254,582.7640369946275,11536.727756815626,27752.129041539116,9257.901879362189,37010.03092090131,4761.7911598423125,1245.3598484750169,12424.958650484145,12424.958650484145,1228.2923069261424,13653.250957410288,733.9910801084548,733.9910801084548,0.0,13158.9497305926,0.037339810348826476,0.03928144560295157,0.03213871784942032,0.8990080596201158,16522.53430276609,0.0,inflation_no_rate_response
2036Q2,2036-06-30,2036,2,2036,50482.41990948812,29041.99999999995,0.017642589134278408,0.019772661061247865,0.022576315037704076,242.76275,509.36986041212987,89.87110922559374,302.8069575149258,86.60996921392784,20.069131275943477,10.012693181739136,5.7387688543045945,26.651340378314423,0.0,541.7599696447488,784.5227196447488,-16.55475,55136.673723028885,55904.64169267363,1.107408119359318,0.01923542892240576,0.042926624406364924,0.06216205332877068,55321.877655679,582.7640369946275,11696.415547985878,28136.265365142404,9386.046872738918,37522.31223788132,4840.552138324632,1262.5977314871739,12499.583153466616,12499.583153466616,1245.3598484750169,13744.943001941632,741.3166292664345,741.3166292664345,0.0,13240.89978273305,0.03735979879751863,0.0393030578787688,0.032164976026538485,0.9003539192672841,17064.29427241084,-7.275957614183426e-12,inflation_no_rate_response
2036Q3,2036-09-30,2036,3,2036,50951.84094493531,29168.899999999947,0.01759302613883751,0.01977588746711989,0.022577621701592054,242.76275,516.8140058099563,91.11507711880999,307.12468132787467,88.01539942878712,20.410718667656198,10.14812926682816,5.7387688543045945,27.09371386745908,0.0,549.6464885317199,792.4092385317199,-16.55475,55904.64169267363,56680.49618120535,1.1124327429593979,0.019058212264585976,0.04315027510984217,0.06220848737442815,56097.73214421073,582.7640369946275,11857.706890309306,28524.259104770907,9515.478671139357,38039.73777591027,4920.278764302586,1280.0087136885672,12654.904094398,12654.904094398,1262.5977314871739,13917.501825885174,748.7607746642608,748.7607746642608,0.0,13403.66486906226,0.03737682482471565,0.03932743127508511,0.032142481336589986,0.901676436535901,17613.940760942558,7.275957614183426e-12,inflation_no_rate_response
2025Q4,2025-12-31,2025,4,2026,31324.77532798175,24037.6,0.012257322464116038,0.03416889228732933,0.03138521050212062,203.43175,239.03865259628913,65.01368874582066,119.6877543737386,42.71050255977236,4.964461483838189,6.6622454331192795,4.95932195482428,16.18876413444616,0.0,260.1867386855596,463.61848868555956,17.515,30277.7664202628,30758.89990894836,0.9819352122047653,0.025977105708819403,0.03322440285190366,0.059201508560723065,30176.13587195373,582.7640369946275,6496.785779950878,15628.316895483313,5213.4891756015995,20841.806071084913,2136.2328410892824,701.3111798286476,5437.953890766519,5437.953890766519,690.4997903999999,6128.453681166519,464.9447245511134,464.9447245511134,0.0,5902.898615317633,0.03191801122214894,0.03437330681188355,0.03728955310952268,0.2159123202980333,260.1867386855596,0.0,inflation_immediate_rate_response
2026Q1,2026-03-31,2026,1,2026,31720.36011381085,24212.4,0.029406590218133966,0.021441816030615124,0.033142739611773386,203.43175,240.44945621086,60.93064490474254,124.12698071778895,43.5306883372127,5.495856886635115,6.365285364480696,4.95932195482428,17.484323876921767,0.0,262.8931020426061,466.32485204260604,17.515,30758.89990894836,31242.739760990964,0.9849427827708699,0.025653145080333065,0.033151338900234494,0.058804483980567555,30659.975723996336,582.7640369946275,6597.2439124852945,15869.973552044366,5294.104021820724,21164.077573865092,2186.4988628819306,712.1553747640124,7048.973836554221,7048.973836554221,701.3111798286476,7750.285016382868,466.3555281656843,466.3555281656843,0.0,7515.329364719905,0.03167264828825653,0.034187581847311174,0.03521065832892457,0.2987558061381062,523.0798407281657,0.0,inflation_immediate_rate_response
2026Q2,2026-06-30,2026,2,2026,32094.798708229428,24331.8,0.01987181994496834,0.02763904405751516,0.030772192830818668,203.43175,242.47997851847242,57.50032222679604,128.76641191949622,44.28274287826491,5.833621243500796,6.096880250414424,4.95932195482428,16.630148070113112,0.0,264.06944854340986,467.5011985434098,17.515,31242.739760990964,31727.755959534374,0.9885637934036664,0.025353858966292636,0.032911183016792044,0.05826504198308467,31144.991922539746,582.7640369946275,6698.139441955681,16112.682387045035,5375.069866867322,21487.752253912357,2236.0534411071853,723.0467855645156,7294.65052613453,7294.650526134531,712.1553747640124,8006.805900898544,468.3860504732967,468.3860504732967,0.0,7763.036576607828,0.03163504775739422,0.03380874411956937,0.033746168375763635,0.3386780984951124,787.1492892715755,0.0,inflation_immediate_rate_response
2026Q3,2026-09-30,2026,3,2026,32468.269249181518,24457.7,0.020858389667526733,0.02596472248620807,0.02824698150314875,203.43175,246.3774413416258,55.138128411680306,133.50109328427993,45.11122588770424,6.434567199764894,6.1924265581965034,4.95932195482428,15.625881580025593,0.0,266.9626448764757,470.39439487647564,17.515,31727.755959534374,32215.665354410852,0.9922199765921605,0.02506222286611452,0.03288905150165409,0.057951274367768604,31632.901317416225,582.7640369946275,6799.874527972928,16357.410813919352,5456.709432599443,21814.120246518796,2284.877718607075,734.0288243174178,7560.870539253156,7560.870539253156,723.0467855645156,8283.91732481767,472.2835132964501,472.2835132964501,0.0,8033.154052549606,0.03206434142500246,0.03365666897046992,0.03387420938607825,0.3779019415086418,1054.1119341480512,3.637978807091713e-12,inflation_immediate_rate_response
2026Q4,2026-12-31,2026,4,2027,32813.516450759125,24573.2,0.01902398695529306,0.02374108660242924,0.02771554138299126,194.872,253.59837549789904,55.91196830625741,138.7066086465815,45.90202768161394,6.830451248587104,6.247319614859042,4.968063415379199,15.669722733652822,0.0,274.23616164693107,469.1081616469311,5.538,32215.665354410852,32690.311516057784,0.996245299253854,0.023755088887523573,0.0334296584224318,0.057184747309955375,32107.547479063156,582.7640369946275,6898.743123166559,16595.24376532521,5536.048719487986,22131.292484813195,2332.8104382651377,744.7014328182587,7665.516018009889,7665.51601800989,734.0288243174178,8399.544842327308,458.9764389132783,458.9764389132783,0.0,8124.492456923168,0.03242722436592475,0.034050038530013926,0.033830045581091525,0.4109562752171501,1328.3480957949823,0.0,inflation_immediate_rate_response
2027Q1,2027-03-31,2027,1,2027,33751.64490686526,24680.599999999995,0.017597408546793147,0.1,0.026152401325720165,194.872,269.62004692686514,56.535199894349944,143.40677427048297,46.66884903955689,7.411776979595989,15.597446742879342,4.968063415379199,15.104810271309676,0.0,289.69292061355407,484.5649206135541,5.538,32690.311516057784,33180.41443667134,0.9830754776020493,0.0230948151460745,0.03433230248930819,0.05742711763538269,32597.65039967671,582.7640369946275,7001.062963375262,16841.378845292227,5618.157534130385,22459.536379422614,2381.304462608866,755.7465942699554,7818.45707685363,7818.4570768536305,744.7014328182587,8563.15850967189,474.9981103422444,474.9981103422444,0.0,8293.455187195876,0.046475562559313774,0.03544694524813619,0.08369283109688093,0.4448774273288862,1618.0410164085365,0.0,inflation_immediate_rate_response
2027Q2,2027-06-30,2027,2,2027,34718.7377909986,24789.999999999996,0.01784876327045648,0.1,0.1,194.872,378.9454827683054,144.64196082333274,160.54588582400476,48.62414281531298,9.32731221306517,15.806181092589757,4.968063415379199,57.42203542675183,0.0,441.33558161043646,636.2075816104365,5.538,33180.41443667134,33822.16001828178,0.9741759686623954,0.022451507445126504,0.050846961576449926,0.07329846902157643,33239.39598128715,582.7640369946275,7126.93271016777,17144.16430829736,5719.164491211154,22863.328799508516,2479.8005645345866,769.3339070762665,7904.115666092467,7904.115666092467,755.7465942699554,8659.862260362423,584.3235461836846,584.3235461836846,0.0,8488.439212276151,0.04863209851339039,0.05320434830044411,0.08374762214388778,0.47880046748228217,2059.376598018973,7.275957614183426e-12,inflation_immediate_rate_response
2027Q3,2027-09-30,2027,3,2027,35718.726030442376,24903.499999999993,0.01843999428756682,0.1,0.1,194.872,404.36737827381023,147.0286218107611,179.2279596865063,50.959423663020374,11.093928669941267,16.057444443581186,4.968063415379199,59.79713980461848,0.0,469.13258149380795,664.004581493808,5.538,33822.16001828178,34491.702599775585,0.9656476149339418,0.021822950777574138,0.05253631734726209,0.07435926812483623,33908.93856278095,582.7640369946275,7258.278614084464,17460.12291904123,5824.565911470769,23284.688830512,2582.4587613391445,783.5123568453419,8065.83438190284,8065.83438190284,769.3339070762665,8835.168288979106,609.7454416891894,609.7454416891894,0.0,8675.579823592028,0.05084697411536723,0.05548227330723163,0.08370380136047317,0.5128994357884907,2528.509179512781,0.0,inflation_immediate_rate_response
2027Q4,2027-12-31,2027,4,2028,36746.60628923767,25016.899999999994,0.01833909570101455,0.1,0.1,215.4585,431.3311384685051,149.55683084321038,199.0275841622614,53.46549789403905,12.956745614121768,16.324479954872697,5.137064986107641,62.27260764433337,0.0,498.74081109894615,714.1993110989462,2.14175,34491.702599775585,35208.04366087452,0.9581304837716738,0.023453431133650386,0.054289727565401555,0.07774315869905195,34625.2796238799,582.7640369946275,7399.172184365849,17799.048880197086,5937.629067384064,23736.67794758115,2690.7080394899704,798.7214524429276,7994.293647956694,7994.293647956694,783.5123568453419,8777.806004802036,654.0684534546127,654.0684534546127,0.0,8648.362101411307,0.05266429802924243,0.05783893209170731,0.08345833368887456,0.5404169381342862,3027.2499906117273,-1.4551915228366852e-11,inflation_immediate_rate_response
2028Q1,2028-03-31,2028,1,2028,37113.52931986526,25131.59999999999,0.018466116274653555,0.0216767083117837,0.1,215.4585,446.22527250715245,152.31195941517097,216.29857858725344,56.267893530329715,14.705472097335383,6.641368877062942,5.137064986107641,64.88289708127797,0.0,516.245234574538,731.703734574538,2.14175,35208.04366087452,35941.889145449066,0.9684309146586858,0.023221558709014982,0.05563957338848013,0.07886113209749511,35359.125108454435,582.7640369946275,7543.274115652677,18145.6927012619,6053.266843415652,24198.959544677553,2802.614565831917,814.2768822922885,8210.540157112428,8210.540157112428,798.7214524429276,9009.261609555355,668.96258749326,668.96258749326,0.0,8879.502744605688,0.040996274215375356,0.058650828719372834,0.03336135624526219,0.5689976442339413,3543.495225186265,0.0,inflation_immediate_rate_response
2028Q2,2028-06-30,2028,2,2028,37476.22737120844,25242.599999999988,0.017784392025415263,0.02150065998978512,0.023590801926968608,215.4585,362.47178944948456,60.83650574273884,222.24025365078154,57.5081086782685,15.130458946875292,6.756462430820244,5.137064986107641,16.384736973779766,0.0,383.99359140937196,599.452091409372,2.14175,35941.889145449066,36543.482986858435,0.9751110383894565,0.022996818528807257,0.040985298504660005,0.06398211703346726,35960.71894986381,582.7640369946275,7669.33462147529,18448.93704388445,6154.426879291427,24603.363923175875,2860.1356181713513,827.884787041292,8366.531696553784,8366.531696553784,814.2768822922885,9180.808578846072,585.2091044355922,585.2091044355922,0.0,8951.740800989377,0.041172058542571145,0.042734936926151296,0.03324689965122706,0.5960726275389616,3927.488816595637,-7.275957614183426e-12,inflation_immediate_rate_response
2028Q3,2028-09-30,2028,3,2028,37833.3454221114,25350.699999999986,0.01724012308766243,0.02106182624872388,0.023346411992499982,215.4585,370.2194177177207,61.718970366322196,227.81568091914775,58.59557906393308,15.232231619648017,6.856955748669502,5.137064986107641,16.54928531329218,0.0,391.9057680171205,607.3642680171205,2.14175,36543.482986858435,37152.98900487556,0.9820170167442235,0.022779746025216895,0.041434957828294434,0.06421470385351133,36570.22496788093,582.7640369946275,7797.0640520139,18756.19606164324,6256.92618064962,25013.122242292862,2918.3658256880285,841.6728478861353,8457.807492782855,8457.807492782855,827.884787041292,9285.692279824147,592.9567327038283,592.9567327038283,0.0,9050.764225486682,0.04134900480704965,0.042897472926492035,0.0332511065082154,0.6214041060904364,4319.394584612758,7.275957614183426e-12,inflation_immediate_rate_response
2028Q4,2028-12-31,2028,4,2029,38192.89726110712,25460.399999999983,0.01742186418178404,0.020775810233577552,0.02309377715644856,173.80475,378.1139645577763,62.62991699780165,233.2448030189968,59.661811161123794,15.616798927835626,6.960634452018338,5.268186894431433,16.70504217201628,0.0,400.087193624224,573.891943624224,-2.42575,37152.98900487556,37724.45519849978,0.9877348382500333,0.01820283481630394,0.04190173800002796,0.0601045728163319,37141.69116150516,582.7640369946275,7916.565732409403,19043.662848146672,6352.822942265309,25396.48579041198,2974.0668942475045,854.5727444362582,8397.970488816341,8397.970488816341,841.6728478861353,9239.643336702477,554.7611514522077,554.7611514522077,0.0,8952.73164026855,0.04145621189839376,0.04307456324138237,0.03297738737530583,0.6405411198526793,4719.481778236982,0.0,inflation_immediate_rate_response
2029Q1,2029-03-31,2029,1,2029,38555.92752408067,25572.199999999983,0.017680562926939647,0.020522825130940392,0.02297286568423096,173.80475,385.01742001287107,63.4908571739234,237.96778778685348,60.66938971532538,15.832750899586305,7.05663443718238,5.268186894431433,16.935503785263037,0.0,407.22111069256556,581.0258606925656,-2.42575,37724.45519849978,38303.05530919235,0.9934414179316428,0.018031442754574918,0.042247315714371514,0.06027875846894644,37720.29127219772,582.7640369946275,8037.554493371487,19334.70687532432,6449.9130445112305,25784.61991983555,3030.483691512899,867.6331674777837,8557.931326040829,8557.931326040829,854.5727444362582,9412.504070477087,561.6646069073025,561.6646069073025,0.0,9119.595932948132,0.04155048963075163,0.04317847492294705,0.03289353493205784,0.6601274532199097,5126.702888929547,7.275957614183426e-12,inflation_immediate_rate_response
2029Q2,2029-06-30,2029,2,2029,38919.15027512794,25682.99999999998,0.01744428695602207,0.020418069374665837,0.022841686194156274,173.80475,391.90448536835095,64.36071760567198,242.5035850527652,61.69053309334951,16.196014150709704,7.153635465854326,5.268186894431433,17.159052785297263,0.0,414.33172504807965,588.1364750480797,-2.42575,38303.05530919235,38888.76603424043,0.9992192984514636,0.017863159783431694,0.042583840820683755,0.06044700060411545,38306.0019972458,582.7640369946275,8160.026804291638,19629.319650135058,6548.193654172635,26177.513304307693,3087.60815275579,880.8537358906767,8677.24605505939,8677.246055059391,867.6331674777837,9544.879222537174,568.5516722627824,568.5516722627824,0.0,9245.797727322173,0.04154041421080317,0.04326879113986964,0.03279233883386219,0.6791469571292078,5541.034613977627,0.0,inflation_immediate_rate_response
2029Q3,2029-09-30,2029,3,2029,39286.22491122564,25795.399999999983,0.017620997896754975,0.020285549943514614,0.02275805762511629,173.80475,397.8936177648704,65.23941430031164,246.4916497613694,62.75368358836175,16.155039599767658,7.2538305150597004,5.268186894431433,17.419029262240215,0.0,420.580833921542,594.3855839215421,-2.42575,38888.76603424043,39480.72586816197,1.0049508690991777,0.01769625362505493,0.042822219225382006,0.06051847285043694,38897.96183116734,582.7640369946275,8283.789240491147,19927.035880621206,6647.509553345949,26574.545433967156,3145.413586726645,894.2135699823899,8763.628464674784,8763.628464674784,880.8537358906767,9644.48220056546,574.5408046593019,574.5408046593019,0.0,9338.169269334086,0.041628769916439684,0.04325987958077485,0.03281887136811254,0.6967130802735007,5961.615447899168,7.275957614183426e-12,inflation_immediate_rate_response
2029Q4,2029-12-31,2029,4,2030,39658.68763845573,25910.199999999983,0.017920813193843088,0.020183196343088072,0.022686563355431177,192.2015,404.90501477784875,66.1460570853216,250.96811701109112,63.778452335178486,16.65524619922732,7.357142147030115,5.3789120614604125,17.68986366760226,0.0,427.9737905069114,620.1752905069114,-5.94,39480.72586816197,40094.961158668884,1.0110007049196987,0.019385563309828588,0.04316570375787415,0.06255126706770274,39512.19712167425,582.7640369946275,8412.291715390367,20236.154492131605,6750.629201217448,26986.783693349054,3205.036633973249,908.0850789615816,8857.73252330062,8857.73252330062,894.2135699823899,9751.94609328301,596.5454268393091,596.5454268393091,0.0,9454.277950139929,0.04163861641884932,0.04336027578986716,0.03277028087331349,0.7131257184387506,6389.58923840608,7.275957614183426e-12,inflation_immediate_rate_response
2030Q1,2030-03-31,2030,1,2030,40034.43982582248,26025.99999999998,0.017997333864965714,0.02008187040489151,0.022638322874940497,192.2015,411.3936178311397,67.10905715952666,255.01246339666815,64.89601151898586,16.913896619592062,7.462189136366773,5.3789120614604125,17.98717586944085,0.0,434.759705762041,626.961205762041,-5.94,40094.961158668884,40715.98236443092,1.0170239059563122,0.019203615770442602,0.04343857015644995,0.06264218592689255,40133.21832743629,582.7640369946275,8542.191907066002,20548.635375610294,6854.870477772916,27403.505853383213,3265.4130991443485,922.1074678427332,9007.189557353571,9007.18955735357,908.0850789615816,9915.274636315151,603.0340298926001,603.0340298926001,0.0,9610.22358724617,0.04169711421933645,0.0433730018135251,0.032732287740167135,0.729452178831241,6824.348944168121,0.0,inflation_immediate_rate_response
2030Q2,2030-06-30,2030,2,2030,40410.90432126043,26141.29999999998,0.017838848225115722,0.01995316485744958,0.022612820884429397,192.2015,418.45252329792265,68.05991401954815,259.34163644152636,66.0265081632299,17.45165709395953,7.572807579658447,5.3789120614604125,18.305545994395892,0.0,442.136981353779,634.338481353779,-5.94,40715.98236443092,41344.380845784704,1.0230996197734967,0.019024716544032556,0.043764126418835717,0.06278884296286827,40761.61680879007,582.7640369946275,8673.612664957973,20864.774051033244,6960.331966257508,27825.106017290753,3326.6041286369987,936.2939979043553,9189.628189573925,9189.628189573925,922.1074678427332,10111.735657416659,610.092935359383,610.092935359383,0.0,9799.721124933309,0.04176894200006645,0.04343620914228762,0.03276004207060379,0.7465772785515077,7266.4859255219,7.275957614183426e-12,inflation_immediate_rate_response
2030Q3,2030-09-30,2030,3,2030,40790.749316281814,26257.099999999977,0.017837173553037378,0.019938881222312688,0.022609552821165613,192.2015,425.7343150809297,69.06364084472786,264.1432009867569,67.09527656336031,17.74990443327906,7.682292252805237,5.3789120614604125,18.645903472080633,0.0,449.7591306144708,641.9606306144708,-5.94,41344.380845784704,41980.40147639917,1.0291647537752513,0.018847557666540036,0.04410403222820399,0.06295158989474403,41397.63743940454,582.7640369946275,8806.602001240988,21184.686013894163,7067.0521951007595,28251.738208994924,3388.647377232423,950.6498519362202,9321.631123014664,9321.631123014664,936.2939979043553,10257.925120919019,617.37472714239,617.37472714239,0.0,9939.005850157055,0.04189783365516899,0.04351344694623248,0.03272476337436236,0.763244896610953,7716.24505613637,0.0,inflation_immediate_rate_response
2030Q4,2030-12-31,2030,4,2031,41172.52187716998,26372.999999999978,0.01777342391157455,0.019839987430776862,0.02260563078501021,184.328,433.71605946131615,70.05651891987206,269.13104871953834,68.25425824859803,18.47890478743067,7.795328785877004,5.499835599136797,18.990393885135404,0.0,458.20628894558837,642.5342889455884,-9.2495,41980.40147639917,42613.68626534476,1.0350030632681235,0.017907865886855886,0.044515737006594405,0.062423602893450295,42030.92222835013,582.7640369946275,8938.927799965535,21503.001806650806,7173.239953581612,28676.241760232417,3450.8185893430914,964.9340788090942,9166.565597207617,9166.565597207617,950.6498519362202,10117.215449143836,614.2943950604529,614.2943950604529,0.0,9780.85999226807,0.041944722979434,0.04365906688178634,0.03255354376124743,0.7726038134796269,8174.451345081959,0.0,inflation_immediate_rate_response
2031Q1,2031-03-31,2031,1,2031,41558.177373146405,26489.69999999998,0.01781775002184327,0.01982598390139856,0.02258993228072148,184.328,440.8459797265527,71.06447600972601,273.6911027919498,69.4079882444925,18.7723655693468,7.9100471110375485,5.499835599136797,19.32549086822199,0.0,465.6713061939115,649.9993061939115,-9.2495,42613.68626534476,43254.43607153867,1.0408164843987682,0.017741682783144093,0.044821148147350054,0.06256283093049414,42671.67203454404,582.7640369946275,9072.789462278495,21825.012189883564,7280.660199705523,29105.672389589086,3513.826084502376,979.384098174091,9401.228136438092,9401.22813643809,964.9340788090942,10366.162215247185,621.4243153256895,621.4243153256895,0.0,10022.65245176378,0.04202329726049749,0.04371096208802898,0.03247724280963795,0.7840147277687957,8640.12265127587,0.0,inflation_immediate_rate_response
2031Q2,2031-06-30,2031,2,2031,41946.641948178156,26606.499999999975,0.017754036595319045,0.019811706497828263,0.02259593162071094,184.328,448.4023009587347,72.10599425145834,278.2582489502244,70.52923149356378,19.48767049944197,8.021155764045805,5.499835599136797,19.683531985175836,0.0,473.58566854304735,657.9136685430474,-9.2495,43254.43607153867,43903.10024008172,1.0466415951560704,0.01757737844452226,0.04516077059309071,0.06273814903761298,43320.33620308709,582.7640369946275,9208.278839658544,22150.938116547437,7389.386641719319,29540.324758266757,3577.7227800016253,994.0098251601776,9471.594298988834,9471.594298988834,979.384098174091,10450.978397162924,628.9806365578714,628.9806365578714,0.0,10100.574935546705,0.042051674643587805,0.04379533861079888,0.03254635378289802,0.7936613140345983,9113.708319818918,0.0,inflation_immediate_rate_response
2031Q3,2031-09-30,2031,3,2031,42337.137073907536,26722.899999999972,0.017614655473791707,0.019797160110517797,0.022579104221777335,184.328,455.51345762606576,73.11373398688883,282.7754899544285,71.71190336656885,19.79127004662069,8.121060271558651,5.499835599136797,20.026663605426464,0.0,481.039956830629,665.367956830629,-9.2495,43903.10024008172,44559.21869691234,1.0524854011532652,0.017415254099796156,0.045448510700275474,0.06286376480007164,43976.45465991772,582.7640369946275,9345.300038740737,22480.548910744164,7499.342327875308,29979.89123861947,3642.4624742302726,1008.8009083272441,9673.51814279449,9673.51814279449,994.0098251601776,10667.527967954667,636.0917932252025,636.0917932252025,0.0,10309.609936019693,0.04213207705826454,0.043827424869778045,0.0323623967920602,0.8045501274480976,9594.748276649547,-1.4551915228366852e-11,inflation_immediate_rate_response
2031Q4,2031-12-31,2031,4,2032,42730.20171478939,26839.599999999966,0.017582923791722438,0.019727225080271582,0.0225727995952707,192.24275,463.30173843781836,74.01477630682665,287.57044798567193,72.908221231946,20.584043508235748,8.224249405137858,5.6120176762582625,20.383404799642655,0.0,489.2971609137193,681.5399109137193,-11.316,44559.21869691234,45229.44260782607,1.0584888625080295,0.01799595998007776,0.04580340286522618,0.06379936284530394,44646.67857083144,582.7640369946275,9485.282862459399,22817.28402917012,7611.6746351032225,30428.958664273345,3708.5253529039023,1023.9116911948026,9743.730745175026,9743.730745175026,1008.8009083272441,10752.53165350227,649.8405061140766,649.8405061140766,0.0,10393.571251289102,0.042151954348457726,0.04392331600263219,0.03239824482369628,0.8136369745849781,10084.045437563265,7.275957614183426e-12,inflation_immediate_rate_response
2032Q1,2032-03-31,2032,1,2032,43126.456576818855,26956.799999999967,0.017581469158450158,0.01968526656714742,0.02257678241908323,192.24275,470.58715861728746,74.95744782058539,292.2664517463808,74.13095839612186,20.90021926710147,8.332081387097682,5.6120176762582625,20.756727311209403,0.0,496.9559036047552,689.1986536047552,-11.316,45229.44260782607,45907.325261430815,1.0644817336119081,0.017830609352991314,0.04609290380437856,0.06392351315736988,45324.56122443619,582.7640369946275,9626.835046165786,23157.79431520079,7725.266309899309,30883.0606251001,3775.4736707663737,1039.191882403939,9964.080787549869,9964.080787549869,1023.9116911948026,10987.99247874467,657.1259262935456,657.1259262935456,0.0,10621.206713843414,0.04218545211129007,0.04394977032228707,0.03223534394825355,0.8241133833910159,10581.001341168021,-1.4551915228366852e-11,inflation_immediate_rate_response
2032Q2,2032-06-30,2032,2,2032,43526.21215176817,27074.499999999967,0.017579698909776065,0.01967074272996472,0.02256916678199805,192.24275,478.1138868100079,75.93166142663239,296.77072584964355,75.36797173465123,21.602691734254485,8.440836064825994,5.6120176762582625,21.124370227881226,0.0,504.8502747141474,697.0930247141474,-11.316,45907.325261430815,46593.102286144975,1.07046076335986,0.017666848595019817,0.04639505711673914,0.06406190571175896,46010.33824915034,582.7640369946275,9770.008570271651,23502.20481010655,7840.1590650925245,31342.363875199073,3843.3187105742945,1054.647093105325,10042.945895674216,10042.945895674215,1039.191882403939,11082.137778078153,664.6526544862661,664.6526544862661,0.0,10707.598550160481,0.04215838272139351,0.0439886464165926,0.032259750825485115,0.8329105426043608,11085.85161588217,1.4551915228366852e-11,inflation_immediate_rate_response
2032Q3,2032-09-30,2032,3,2032,43930.07661395207,27192.699999999968,0.017577617243731636,0.01971028327301072,0.022571739816290792,192.24275,485.0389304354783,76.91439246946356,301.0722173191398,76.61972830248132,21.879404419309388,8.553187925084188,5.6120176762582625,21.506405126088247,0.0,512.1573532378247,704.4001032378247,-11.316,46593.102286144975,47286.1863893828,1.076396629237037,0.017504431115783144,0.04663386843037419,0.06413829954615734,46703.42235238817,582.7640369946275,9914.67382527448,23850.203732270053,7956.248892676249,31806.4526249463,3912.032569878168,1070.263332289221,10227.390582021999,10227.390582021999,1054.647093105325,11282.037675127323,671.5776981117365,671.5776981117365,0.0,10898.968280133735,0.04214074157715451,0.04396851277191053,0.03211722305205755,0.8423523655726498,11598.008969119994,0.0,inflation_immediate_rate_response
2032Q4,2032-12-31,2032,4,2033,44339.18636054613,27311.899999999965,0.017649746885700424,0.0197758101815233,0.02257356533731114,249.09275,492.14271192585164,77.9293362666574,305.34118373213545,77.88510742314391,22.31795151237203,8.66913299154269,5.6542680689403735,21.892669199524292,0.0,519.6896491943163,768.7823991943163,-14.7595,47286.1863893828,48040.20928857711,1.0834707001147008,0.022471567067062607,0.04688310200087444,0.06935466906793705,47457.44525158248,582.7640369946275,10072.382764560689,24229.57983668488,8082.8059126724465,32312.385749357327,3985.389134293131,1087.2876033713392,11020.78702140571,11020.78702140571,1070.263332289221,12091.05035369493,732.130229994792,732.130229994792,0.0,11752.9172514005,0.042136215976032065,0.04396122325576271,0.03289797640710776,0.8470930356726253,12117.69861831431,0.0,inflation_immediate_rate_response
2033Q1,2033-03-31,2033,1,2033,44752.376657436595,27431.899999999965,0.017690923464234398,0.019759214646802636,0.022564008293708637,249.09275,500.0372396825776,79.06820470180139,310.23573862859786,79.26521172620245,22.66920969569316,8.798874930282562,5.6542680689403735,22.293825989949234,0.0,527.9853337414672,777.0780837414673,-14.7595,48040.20928857711,48802.52787231858,1.0905013659025182,0.022264091304621942,0.047191713439758136,0.06945580474438008,48219.76383532395,582.7640369946275,10231.792272335495,24613.04673678582,8210.727591394969,32823.774328180785,4059.7017883951603,1104.495446412502,11299.736912493832,11299.736912493832,1087.2876033713392,12387.02451586517,740.024757751518,740.024757751518,0.0,12039.76167024535,0.04215175159318208,0.043961951170517516,0.032812739381874956,0.853212205319762,12645.683952055779,0.0,inflation_immediate_rate_response
2033Q2,2033-06-30,2033,2,2033,45169.51428949382,27552.599999999962,0.017716447921211298,0.01974238719039123,0.022564493843014066,249.09275,508.2543792221754,80.24283089579113,315.3155997567847,80.66083724106517,23.108026882905087,8.927084445629047,5.6542680689403735,22.71000737519173,0.0,536.6186546663075,785.7114046663075,-14.7595,48802.52787231858,49573.47977698488,1.097498623945031,0.022058483817519164,0.04752042727110945,0.06957891108862861,48990.71573999026,582.7640369946275,10392.971842740779,25000.771603926303,8340.069695952157,33340.84129987846,4135.0082342458745,1121.8943631251377,11428.413537556542,11428.413537556542,1104.495446412502,12532.908983969044,748.2418972911157,748.2418972911157,0.0,12176.655434847658,0.042152323804719255,0.043982857287250036,0.032885185532681334,0.8576379046359217,13182.302606722085,0.0,inflation_immediate_rate_response
2033Q3,2033-09-30,2033,3,2033,45590.49475935003,27674.099999999962,0.017756007302464516,0.019698696995388953,0.022564267205522626,249.09275,516.3930712910185,81.40295195826714,320.38704591774933,82.07228295704549,23.468688739813242,9.062101718143301,5.6542680689403735,23.13104189434736,0.0,545.1783812543063,794.2711312543063,-14.7595,49573.47977698488,50352.99140823919,1.1044624910088836,0.021854796822437576,0.047832635651974105,0.06968743247441168,49770.22737124457,582.7640369946275,10555.90457732474,25392.713788103578,8470.818665808307,33863.53245391189,4211.307810642739,1139.4825293651907,11670.040475392343,11670.040475392343,1121.8943631251377,12791.934838517482,756.3805893599589,756.3805893599589,0.0,12426.421064752301,0.04213057447155705,0.043989518888477325,0.032786856728494476,0.8635251594739249,13727.480987976392,7.275957614183426e-12,inflation_immediate_rate_response
2033Q4,2033-12-31,2033,4,2034,46015.31307972133,27796.199999999968,0.017765412373738743,0.019681678339410258,0.022563340221916306,228.68725,524.3359579663204,82.6263430790094,325.20593294814046,83.49973483544998,23.80832309174335,9.195624011977088,5.687777001067564,23.556898385018638,0.0,553.5806333524066,782.2678833524067,-17.2085,50352.99140823919,51118.050791591595,1.1108921654630448,0.0198792301687745,0.048121427090441,0.06800065725921552,50535.28675459697,582.7640369946275,10715.6324038661,25776.946418632768,8598.995786452424,34375.94220508519,4286.987411553813,1156.7247340918539,11762.821632627843,11762.821632627843,1139.4825293651907,12902.304161993034,741.502484967388,741.502484967388,0.0,12504.324117595232,0.04210172333469882,0.04397598775129177,0.03280893413597846,0.8677726604019297,14281.0616213288,0.0,inflation_immediate_rate_response
2034Q1,2034-03-31,2034,1,2034,46441.333904598534,27917.299999999963,0.01754105922100746,0.019664438509282567,0.022572136924965847,228.68725,532.034386545349,83.79624539823291,329.83854204209354,84.89974943568537,24.170864688886212,9.328984980450773,5.687777001067564,23.989500623730056,0.0,561.7116641701466,790.3989141701466,-17.2085,51118.050791591595,51891.24120576175,1.1173503610460158,0.019696871796988227,0.04838032131669904,0.06807719311368726,51308.47716876712,582.7640369946275,10877.018556966901,26165.168229945346,8728.503667854258,34893.671897799606,4363.64076312977,1174.1459508708351,12033.808688326093,12033.808688326095,1156.7247340918539,13190.53342241795,749.2009135464166,749.2009135464166,0.0,12783.00960187251,0.04110875479772842,0.04395407535864357,0.032723457299033684,0.873446279225023,14842.773285498946,7.275957614183426e-12,inflation_immediate_rate_response
2034Q2,2034-06-30,2034,2,2034,46872.89099543795,28039.99999999996,0.017696739357757174,0.019646981729401825,0.022559374014152977,228.68725,527.4372822531578,85.00390002269606,322.1564493781383,86.31494680970391,24.49836967860058,9.463616364018932,5.687777001067564,24.4047520723877,0.0,557.5298113266132,786.2170613266132,-17.2085,51891.24120576175,52660.24976708836,1.1234692089338736,0.019515523377660465,0.047578017868014716,0.06709354124567518,52077.48573009373,582.7640369946275,11037.414443019563,26551.007908344258,8857.216887601655,35408.22479594591,4440.386220238676,1191.460270889573,12221.28825016049,12221.28825016049,1174.1459508708351,13395.434201031327,744.6038092542256,744.6038092542256,0.0,12965.892059414717,0.04006222010561558,0.042976795187139046,0.03285068831653524,0.8777842162022765,15400.303096825559,0.0,inflation_immediate_rate_response
2034Q3,2034-09-30,2034,3,2034,47309.63324895852,28163.69999999996,0.01776333439337474,0.01968155262857385,0.022566712808094413,228.68725,521.7202838754359,86.20220679998279,313.3300830354369,87.72210408459233,24.865698822731353,9.600191132692736,5.687777001067564,24.841981805617642,0.0,552.2500426821211,780.9372926821211,-17.2085,52660.24976708836,53423.978559770476,1.129241021139105,0.01933536443172781,0.04669239685507631,0.06602776128680413,52841.21452277585,582.7640369946275,11196.578824466744,26933.885145793964,8984.941859291035,35918.827005085,4517.167040044863,1208.6416531792418,12487.2122194942,12487.2122194942,1191.460270889573,13678.672490383773,738.8868108765037,738.8868108765037,0.0,13226.099030370704,0.039024100104534554,0.041948152173578696,0.03276154319946651,0.8833147149803625,15952.55313950768,-7.275957614183426e-12,inflation_immediate_rate_response
2034Q4,2034-12-31,2034,4,2035,47750.28799228063,28287.799999999956,0.0177423648279893,0.01968916041410429,0.02257322550837304,189.9905,515.6544891764246,87.4172891720241,304.17064430512033,89.11909596244493,25.214872824609454,9.732586912225843,5.709630652454863,25.278768921372986,0.0,546.6428887502524,736.6333887502524,-17.416,53423.978559770476,54143.19594852073,1.1338820816593522,0.015915338565557057,0.0457917982684103,0.06170713683396736,53560.4319115261,582.7640369946275,11346.060869025574,27293.471076695296,9104.897025991968,36398.368102687265,4591.225087506717,1224.77785230655,12392.225702312771,12392.225702312771,1208.6416531792418,13600.867355492013,693.9386198288794,693.9386198288794,0.0,13086.16432214165,0.03817153277025724,0.040928654397288745,0.03264306788162596,0.8874068250557849,16499.19602825793,0.0,inflation_immediate_rate_response
2035Q1,2035-03-31,2035,1,2035,48195.35637536033,28412.399999999954,0.017735654711652504,0.019722056747187633,0.02256874260208286,189.9905,511.26015612497457,88.52763993057205,296.8707943464231,90.43170537406988,25.570554762841738,9.859461711067725,5.709630652454863,25.688149177833523,0.0,542.6579359552629,732.6484359552629,-17.416,54143.19594852073,54858.42838447599,1.138251327725883,0.015768365609358317,0.04503819261995909,0.0608065582293174,54275.66434748137,582.7640369946275,11494.596325701508,27650.77994692318,9224.092582348896,36874.87252927208,4665.383622781532,1240.8118697262491,12687.619657467047,12687.619657467048,1224.77785230655,13912.397509773598,689.5442867774293,689.5442867774293,0.0,13377.163944244478,0.038179575150400206,0.04009057289275803,0.03258011475447807,0.8928364303924001,17041.853964213195,-7.275957614183426e-12,inflation_immediate_rate_response
2035Q2,2035-06-30,2035,2,2035,48644.39344017164,28537.399999999954,0.017714424126451522,0.01972826196496369,0.022573755489187608,189.9905,518.1962072613335,89.65785134047175,300.96651556640705,91.73659872728734,25.849808105545193,9.985433521621989,5.709630652454863,26.10881983597739,0.0,550.0146577497658,740.0051577497658,-17.416,54858.42838447599,55581.01754222576,1.142598634940028,0.015622807609569373,0.04522738337163035,0.06085019098119972,54998.253505231136,582.7640369946275,11644.62588441385,28011.682948293765,9344.487113869525,37356.17006216329,4740.45038706718,1257.0071715868128,12721.10149449978,12721.10149449978,1240.8118697262491,13961.91336422603,696.4803379137883,696.4803379137883,0.0,13417.581832413569,0.03819373333017943,0.040104295653166075,0.032620342830365454,0.8967306154410507,17591.86862196296,0.0,inflation_immediate_rate_response
2035Q3,2035-09-30,2035,3,2035,49097.596582464976,28662.899999999958,0.017707331988727093,0.01973390522034224,0.022567910616891007,189.9905,525.2898386167609,90.798970333717,305.11320250775964,93.05521983376704,26.20982324610135,10.112622695415908,5.709630652454863,26.52210305605445,0.0,557.5215723252702,747.5120723252702,-17.416,55581.01754222576,56311.113614551025,1.1469219989204589,0.01547859880928301,0.045421496051347404,0.060900094860630416,55728.3495775564,582.7640369946275,11796.183489682553,28376.261735910455,9466.107860083272,37842.369595993725,4816.429069768965,1273.367422111158,12876.654018695666,12876.654018695666,1257.0071715868128,14133.661190282479,703.5739692692157,703.5739692692157,0.0,13580.227987964881,0.03820845702065679,0.04012316412895553,0.03249125109459444,0.9007740137101583,18149.39019428823,-7.275957614183426e-12,inflation_immediate_rate_response
2035Q4,2035-12-31,2035,4,2036,49555.30422861166,28788.899999999954,0.01769999094559438,0.019764486694536787,0.022571471840996393,242.76275,532.4681580065426,91.95125030207551,309.3312234997524,94.38757510853863,26.557051603847068,10.241057492328984,5.7387688543045945,26.951409210628505,0.0,565.1583360714757,807.9210860714757,-16.55475,56311.113614551025,57102.47995062251,1.152298040330733,0.019595298931478378,0.045618393015145385,0.06521369194662376,56519.71591362788,582.7640369946275,11960.846909318465,28772.36716255166,9598.245656366877,38370.61281891854,4897.113774075689,1291.1424113151816,12777.61877485448,12777.61877485448,1273.367422111158,14050.986196965638,764.4149268608471,764.4149268608471,0.0,13542.033701715327,0.03821781843854449,0.04014542066704477,0.03220034843065693,0.9021090541474428,18714.548530359705,1.4551915228366852e-11,inflation_immediate_rate_response
2036Q1,2036-03-31,2036,1,2036,50016.75420845916,28915.29999999995,0.017678326506116004,0.019743412449576114,0.022574269177581208,242.76275,540.1617722155693,93.20489954086413,313.79820773672,95.83580535580694,26.942074595204076,10.380784986974062,5.7387688543045945,27.406266433124244,0.0,573.3068075029981,816.0695575029981,-16.55475,57102.47995062251,57901.99475812551,1.1576519843091446,0.019414514503537487,0.045849181265427794,0.06526369576896528,57319.23072113088,582.7640369946275,12127.167618445334,29172.45927526033,9731.7133811897,38904.17265645003,4978.794145612835,1309.0963006226698,13052.169191060533,13052.169191060533,1291.1424113151816,14343.311602375714,772.1085410698738,772.1085410698738,0.0,13824.277732130407,0.03822462145174284,0.04015985351240411,0.03214677823606297,0.9038803360549905,19287.855337862704,7.275957614183426e-12,inflation_immediate_rate_response
2036Q2,2036-06-30,2036,2,2036,50482.41990948812,29041.99999999995,0.017642589134278408,0.019772661061247865,0.022576315037704076,242.76275,547.9035955396122,94.47063574768914,318.3026467783105,97.27353346704399,27.331645289562385,10.525134257006266,5.7387688543045945,27.865887644825044,0.0,581.5082520387418,824.2710020387418,-16.55475,57901.99475812551,58709.71101016425,1.162973389853877,0.01923542892240576,0.04607609960705929,0.06531152852946503,58126.946973169615,582.7640369946275,12295.156001839096,29576.56305509244,9866.51936804445,39443.08242313689,5061.478337150367,1327.2302110432586,13133.021755900489,13133.021755900489,1309.0963006226698,14442.118056523159,779.8503643939167,779.8503643939167,0.0,13912.872120294405,0.038234830066351505,0.04017189766728287,0.03217173634160022,0.9051626040206835,19869.363589901444,0.0,inflation_immediate_rate_response
2036Q3,2036-09-30,2036,3,2036,50951.84094493531,29168.899999999947,0.01759302613883751,0.01977588746711989,0.022577621701592054,242.76275,555.769490934438,95.77926525432655,322.8447953006604,98.75201812787346,27.725799430317196,10.66761282126019,5.7387688543045945,28.330289994677784,0.0,589.8385497834203,832.6012997834202,-16.55475,58709.71101016425,59525.75755994767,1.1682749132514831,0.019058212264585976,0.046305573172193776,0.06536378543677974,58942.99352295304,582.7640369946275,12464.838785994403,29984.742793859677,10002.68506419679,39987.42785805647,5145.179851269409,1345.547027632749,13296.768123081452,13296.768123081454,1327.2302110432586,14623.998334124713,787.7162597887425,787.7162597887425,0.0,14084.484382870196,0.038242242061039926,0.040186779300024365,0.032149817675632165,0.9064226535334442,20459.202139684865,7.275957614183426e-12,inflation_immediate_rate_response
2025Q4,2025-12-31,2025,4,2026,31324.77532798175,24037.6,0.012257322464116038,0.03416889228732933,0.03138521050212062,203.43175,239.03865259628913,65.01368874582066,119.6877543737386,42.71050255977236,4.964461483838189,6.6622454331192795,4.95932195482428,16.18876413444616,0.0,260.1867386855596,463.61848868555956,17.515,30277.7664202628,30758.89990894836,0.9819352122047653,0.025977105708819403,0.03322440285190366,0.059201508560723065,30176.13587195373,582.7640369946275,6496.785779950878,15628.316895483313,5213.4891756015995,20841.806071084913,2136.2328410892824,701.3111798286476,5437.953890766519,5437.953890766519,690.4997903999999,6128.453681166519,464.9447245511134,464.9447245511134,0.0,5902.898615317633,0.03191801122214894,0.03437330681188355,0.03728955310952268,0.2159123202980333,260.1867386855596,0.0,inflation_delayed_rate_response
2026Q1,2026-03-31,2026,1,2026,31720.36011381085,24212.4,0.029406590218133966,0.021441816030615124,0.033142739611773386,203.43175,240.44945621086,60.93064490474254,124.12698071778895,43.5306883372127,5.495856886635115,6.365285364480696,4.95932195482428,17.484323876921767,0.0,262.8931020426061,466.32485204260604,17.515,30758.89990894836,31242.739760990964,0.9849427827708699,0.025653145080333065,0.033151338900234494,0.058804483980567555,30659.975723996336,582.7640369946275,6597.2439124852945,15869.973552044366,5294.104021820724,21164.077573865092,2186.4988628819306,712.1553747640124,7048.973836554221,7048.973836554221,701.3111798286476,7750.285016382868,466.3555281656843,466.3555281656843,0.0,7515.329364719905,0.03167264828825653,0.034187581847311174,0.03521065832892457,0.2987558061381062,523.0798407281657,0.0,inflation_delayed_rate_response
2026Q2,2026-06-30,2026,2,2026,32094.798708229428,24331.8,0.01987181994496834,0.02763904405751516,0.030772192830818668,203.43175,242.47997851847242,57.50032222679604,128.76641191949622,44.28274287826491,5.833621243500796,6.096880250414424,4.95932195482428,16.630148070113112,0.0,264.06944854340986,467.5011985434098,17.515,31242.739760990964,31727.755959534374,0.9885637934036664,0.025353858966292636,0.032911183016792044,0.05826504198308467,31144.991922539746,582.7640369946275,6698.139441955681,16112.682387045035,5375.069866867322,21487.752253912357,2236.0534411071853,723.0467855645156,7294.65052613453,7294.650526134531,712.1553747640124,8006.805900898544,468.3860504732967,468.3860504732967,0.0,7763.036576607828,0.03163504775739422,0.03380874411956937,0.033746168375763635,0.3386780984951124,787.1492892715755,0.0,inflation_delayed_rate_response
2026Q3,2026-09-30,2026,3,2026,32468.269249181518,24457.7,0.020858389667526733,0.02596472248620807,0.02824698150314875,203.43175,246.3774413416258,55.138128411680306,133.50109328427993,45.11122588770424,6.434567199764894,6.1924265581965034,4.95932195482428,15.625881580025593,0.0,266.9626448764757,470.39439487647564,17.515,31727.755959534374,32215.665354410852,0.9922199765921605,0.02506222286611452,0.03288905150165409,0.057951274367768604,31632.901317416225,582.7640369946275,6799.874527972928,16357.410813919352,5456.709432599443,21814.120246518796,2284.877718607075,734.0288243174178,7560.870539253156,7560.870539253156,723.0467855645156,8283.91732481767,472.2835132964501,472.2835132964501,0.0,8033.154052549606,0.03206434142500246,0.03365666897046992,0.03387420938607825,0.3779019415086418,1054.1119341480512,3.637978807091713e-12,inflation_delayed_rate_response
2026Q4,2026-12-31,2026,4,2027,32813.516450759125,24573.2,0.01902398695529306,0.02374108660242924,0.02771554138299126,194.872,253.59837549789904,55.91196830625741,138.7066086465815,45.90202768161394,6.830451248587104,6.247319614859042,4.968063415379199,15.669722733652822,0.0,274.23616164693107,469.1081616469311,5.538,32215.665354410852,32690.311516057784,0.996245299253854,0.023755088887523573,0.0334296584224318,0.057184747309955375,32107.547479063156,582.7640369946275,6898.743123166559,16595.24376532521,5536.048719487986,22131.292484813195,2332.8104382651377,744.7014328182587,7665.516018009889,7665.51601800989,734.0288243174178,8399.544842327308,458.9764389132783,458.9764389132783,0.0,8124.492456923168,0.03242722436592475,0.034050038530013926,0.033830045581091525,0.4109562752171501,1328.3480957949823,0.0,inflation_delayed_rate_response
2027Q1,2027-03-31,2027,1,2027,33751.64490686526,24680.599999999995,0.017597408546793147,0.1,0.026152401325720165,194.872,260.31127901663695,56.535199894349944,143.40677427048297,46.66884903955689,7.411776979595989,6.288678832651108,4.968063415379199,15.104810271309676,0.0,280.38415270332587,475.2561527033259,5.538,32690.311516057784,33171.10566876111,0.9827996756985891,0.0230948151460745,0.03322909487546716,0.056323910021541655,32588.34163176648,582.7640369946275,6999.057751934678,16836.555216978573,5616.548407941779,22453.103624920353,2380.6501180173027,755.5301368941339,7818.45707685363,7818.4570768536305,744.7014328182587,8563.15850967189,465.6893424320162,465.6893424320162,0.0,8284.146419285647,0.03274957978431627,0.03430792056730308,0.03368771382636251,0.44471885813106954,1608.7322484983083,0.0,inflation_delayed_rate_response
2027Q2,2027-06-30,2027,2,2027,34718.7377909986,24789.999999999996,0.01784876327045648,0.1,0.1,194.872,266.97610552499697,57.11231125578679,148.1810139507879,47.461975490152746,7.863270076863552,6.357534751405928,4.968063415379199,57.406256764716794,0.0,329.35042570509296,524.222425705093,5.538,33171.10566876111,33700.8660944662,0.9706823530665246,0.022451507445126504,0.03794497688109876,0.06039648432622526,33118.10205747157,582.7640369946275,7100.80805795815,17081.32025627764,5698.200187303902,22779.52044358154,2471.2597373246326,766.5138186072451,7902.110454651883,7902.110454651883,755.5301368941339,8657.640591546016,472.3541689403762,472.3541689403762,0.0,8374.46462359226,0.03304420456549333,0.039715338884860715,0.03368611028108774,0.4768915918987657,1938.0826742034012,-7.275957614183426e-12,inflation_delayed_rate_response
2027Q3,2027-09-30,2027,3,2027,35718.726030442376,24903.499999999993,0.01843999428756682,0.1,0.1,194.872,273.7693537045326,57.72956951119976,152.8766355315359,48.32911738697849,8.416822508849274,6.417208765969186,4.968063415379199,59.59118895275369,0.0,338.3286060726655,533.2006060726656,5.538,33700.8660944662,34239.60470053887,0.9585897512514058,0.021822950777574138,0.037888093296979806,0.05971104407455395,33656.84066354424,582.7640369946275,7204.021704683604,17329.60542891512,5781.026256717812,23110.631685632936,2564.5318090727656,777.6554641549288,8039.70972969322,8039.709729693219,766.5138186072451,8806.223548300464,479.14741711991184,479.14741711991184,0.0,8518.85714681313,0.033387677692656506,0.04015666601852945,0.03363476476081337,0.5092509344278818,2276.4112802760665,7.275957614183426e-12,inflation_delayed_rate_response
2027Q4,2027-12-31,2027,4,2028,36746.60628923767,25016.899999999994,0.01833909570101455,0.1,0.1,215.4585,281.1259617589226,58.3885959164606,158.1501062916458,49.16221520725591,8.943286049829172,6.481758293731334,5.137064986107641,61.84032269115021,0.0,348.10334943618045,563.5618494361804,2.14175,34239.60470053887,34805.30829997505,0.947170686349036,0.023453431133650386,0.03789229913600296,0.06134573026965335,34222.544262980424,582.7640369946275,7312.559420605125,17590.69789478773,5868.124742995075,23458.822637782803,2661.790375424608,789.371829167876,7940.036738555835,7940.036738555835,777.6554641549288,8717.692202710763,503.8632767450302,503.8632767450302,0.0,8443.900015300866,0.03365754685304765,0.040666748635763535,0.033375097310029356,0.5350085047676296,2624.514629712247,0.0,inflation_delayed_rate_response
2028Q1,2028-03-31,2028,1,2028,37113.52931986526,25131.59999999999,0.018466116274653555,0.0216767083117837,0.1,215.4585,298.0328464605897,59.12204291559243,163.1477894373252,49.99880156954903,9.333437913993885,16.430774624129334,5.137064986107641,64.18558552095742,0.0,367.3554969676548,582.8139969676548,2.14175,34805.30829997505,35390.2640469427,0.9535677338021267,0.023221558709014982,0.03959262335862253,0.06281418206763752,34807.500009948075,582.7640369946275,7424.739066259492,17860.551190077196,5958.145776187629,23818.696966264826,2762.582646371205,801.4813310525476,8123.927393351704,8123.927393351704,789.371829167876,8913.29922251958,520.7701614466973,520.7701614466973,0.0,8644.697554798402,0.04736223452068614,0.04221832989399702,0.08328261421773749,0.562167170431227,2991.8701266799017,-7.275957614183426e-12,inflation_delayed_rate_response
2028Q2,2028-06-30,2028,2,2028,37476.22737120844,25242.599999999988,0.017784392025415263,0.02150065998978512,0.023590801926968608,215.4585,412.19143345106363,152.68975889762643,179.52310990596706,52.08954006544608,11.220216599458787,16.66880798256534,5.137064986107641,16.150701056420367,0.0,433.47919949359164,648.9376994935916,2.14175,35390.2640469427,36041.3434964363,0.9617121579352325,0.022996818528807257,0.046267111702563445,0.0692639302313707,35458.579459441666,582.7640369946275,7561.509732646343,18189.55931635657,6067.9004168513475,24257.45973320792,2823.364623722656,816.2453698647428,8247.996647160599,8247.996647160599,801.4813310525476,9049.477978213146,634.9287484371712,634.9287484371712,0.0,8882.92539559777,0.0493353220992309,0.04899417522498413,0.0832912499409696,0.5903524918745552,3425.3493261734934,7.275957614183426e-12,inflation_delayed_rate_response
2028Q3,2028-09-30,2028,3,2028,37833.3454221114,25350.699999999986,0.01724012308766243,0.02106182624872388,0.023346411992499982,215.4585,437.4025717569083,155.37012123155054,197.4417471013285,54.641335460877535,12.985748563937843,16.963619399214018,5.137064986107641,16.33652138891086,0.0,458.8761581319268,674.3346581319267,2.14175,36041.3434964363,36717.81990456823,0.9705147534510333,0.022779746025216895,0.04851552544584019,0.07129527147105708,36135.055867573596,582.7640369946275,7703.711156728366,18531.631379960872,6182.013088919838,24713.64446888071,2886.1045970754576,831.5956448890536,8349.982603953908,8349.982603953908,816.2453698647428,9166.22797381865,660.1398867430158,660.1398867430158,0.0,9010.122490696924,0.05122395286075071,0.05092775281002492,0.08330509074416219,0.6168447320815388,3884.22548430542,0.0,inflation_delayed_rate_response
2028Q4,2028-12-31,2028,4,2029,38192.89726110712,25460.399999999983,0.01742186418178404,0.020775810233577552,0.02309377715644856,173.80475,462.81807361036806,158.1764493255252,215.31549654726155,57.40598497159988,14.647901221635856,17.272241544345647,5.268186894431433,16.52037540414557,0.0,484.60663590894507,658.411385908945,-2.42575,36717.81990456823,37373.80554047717,0.9785538207528431,0.01820283481630394,0.050753587254291216,0.06895642207059514,36791.04150348254,582.7640369946275,7841.45903792883,18862.990241403666,6292.551917184252,25155.542158587916,2947.5751354591694,846.465171506618,8304.617593530807,8304.61759353081,831.5956448890536,9136.213238419863,639.4652605047995,639.4652605047995,0.0,8944.082854035609,0.05270346276047733,0.052792528224003085,0.08304121645502574,0.6371151735286286,4368.832120214365,0.0,inflation_delayed_rate_response
2029Q1,2029-03-31,2029,1,2029,38555.92752408067,25572.199999999983,0.017680562926939647,0.020522825130940392,0.02297286568423096,173.80475,474.25358815951216,160.9067394582996,230.16704996533804,60.08983779606287,16.100274786095838,6.989686153715876,5.268186894431433,16.784649316553562,0.0,496.30642437049715,670.1111743704971,-2.42575,37373.80554047717,38041.49096484766,0.9866573937584122,0.018031442754574918,0.05148950693099231,0.06952094968556723,37458.72692785304,582.7640369946275,7981.670255289789,19200.27477123699,6405.067503932566,25605.342275169554,3010.1137885180137,861.6006088756747,8482.608174184435,8482.608174184435,846.465171506618,9329.073345691053,650.9007750539437,650.9007750539437,0.0,9133.50894923838,0.04099527042371986,0.05311810421156919,0.03295792720899779,0.6577542134664468,4865.138544584863,-7.275957614183426e-12,inflation_delayed_rate_response
2029Q2,2029-06-30,2029,2,2029,38919.15027512794,25682.99999999998,0.01744428695602207,0.020418069374665837,0.022841686194156274,173.80475,383.98974811296154,63.91322456923278,235.20236026118778,61.27761497042412,16.492651291937072,7.103897020179937,5.268186894431433,17.043715342070136,0.0,406.3016503494631,580.1064003494631,-2.42575,38041.49096484766,38619.17161519712,0.9922922608070781,0.017863159783431694,0.041758532493872895,0.05962169227730459,38036.407578202496,582.7640369946275,8102.437644372078,19490.786278179803,6501.979961426423,25992.766239606226,3066.5665588274373,874.637135396758,8618.758185884491,8618.758185884491,861.6006088756747,9480.358794760166,560.6369350073929,560.6369350073929,0.0,9179.395120891884,0.04099451402230712,0.04272194806716774,0.03279206212600287,0.6768728151899835,5271.4401949343255,0.0,inflation_delayed_rate_response
2029Q3,2029-09-30,2029,3,2029,39286.22491122564,25795.399999999983,0.017620997896754975,0.020285549943514614,0.02275805762511629,173.80475,389.9045532294052,64.77898896675477,239.14605950463064,62.32596547936391,16.45090246866359,7.202636809992279,5.268186894431433,17.30032114831228,0.0,412.4730612721489,586.2778112721489,-2.42575,38619.17161519712,39203.02367646928,0.9978821779149214,0.01769625362505493,0.041996711285363426,0.05969296491041836,38620.25963947465,582.7640369946275,8224.479147816515,19784.362725800536,6599.914860118206,26384.277585918742,3123.691706479725,887.811199259662,8703.002500533834,8703.002500533834,874.637135396758,9577.639635930593,566.5517401238367,566.5517401238367,0.0,9269.55424065767,0.04109268930138584,0.04272210345494161,0.03281913233991692,0.6945322704315675,5683.913256206474,1.4551915228366852e-11,inflation_delayed_rate_response
2029Q4,2029-12-31,2029,4,2030,39658.68763845573,25910.199999999983,0.017920813193843088,0.020183196343088072,0.022686563355431177,192.2015,396.8407196200664,65.67246599531465,243.57770325537712,63.33578144346687,16.950302283999072,7.304466641908871,5.3789120614604125,17.567699414928633,0.0,419.7873310964555,611.9888310964554,-5.94,39203.02367646928,39809.072507565725,1.0037919779514886,0.019385563309828588,0.04234001234971794,0.061725575659546526,39226.3084705711,582.7640369946275,8351.244484453553,20089.302571353088,6701.640503041233,26790.943074394323,3182.6257230556553,901.49518866757,8794.929700041348,8794.92970004135,887.811199259662,9682.740899301012,588.4811316815267,588.4811316815267,0.0,9383.410831722877,0.04111181444883458,0.042832138108614644,0.032770462195682366,0.711034925178068,6103.700587302929,-7.275957614183426e-12,inflation_delayed_rate_response
2030Q1,2030-03-31,2030,1,2030,40034.43982582248,26025.99999999998,0.017997333864965714,0.02008187040489151,0.022638322874940497,192.2015,403.25319959826163,66.62205287472821,247.576762264886,64.43823309864518,17.208114647126628,7.408036712875734,5.3789120614604125,17.861402269290313,0.0,426.49351392901235,618.6950139290124,-5.94,39809.072507565725,40421.82752149475,1.0096763610870458,0.019203615770442602,0.04261266207640764,0.061816277846850246,39839.06348450012,582.7640369946275,8479.391140115707,20397.56524332927,6804.474615910695,27202.039859239965,3242.3041972617375,915.3282878827023,8942.696398452066,8942.696398452068,901.49518866757,9844.191587119638,594.893611659722,594.893611659722,0.0,9537.59001011179,0.04117978346707501,0.0428539010898038,0.03273254677002347,0.7274545678212938,6530.194101231942,1.4551915228366852e-11,inflation_delayed_rate_response
2030Q2,2030-06-30,2030,2,2030,40410.90432126043,26141.29999999998,0.017838848225115722,0.01995316485744958,0.022612820884429397,192.2015,410.23534732211516,67.55954890887168,251.86018880599954,65.5534690527145,17.745006990292882,7.517133564236694,5.3789120614604125,18.17600003697845,0.0,433.79025942055404,625.991759420554,-5.94,40421.82752149475,41041.879280915295,1.0156139777184572,0.019024716544032556,0.04293794130138624,0.061962657845418795,40459.11524392067,582.7640369946275,8609.041827528437,20709.445932832128,6908.515672262209,27617.961605094337,3302.788067872303,929.3237434255979,9127.983556686822,9127.98355668682,915.3282878827023,10043.311844569524,601.8757593835755,601.8757593835755,0.0,9729.859316070397,0.04126098379725844,0.04292633817111622,0.03276078087650828,0.7446825072657428,6963.984360652496,-7.275957614183426e-12,inflation_delayed_rate_response
2030Q3,2030-09-30,2030,3,2030,40790.749316281814,26257.099999999977,0.017837173553037378,0.019938881222312688,0.022609552821165613,192.2015,417.43931999885865,68.54949555169519,256.61554355903223,66.6068222131207,18.042357360203436,7.62510131480703,5.3789120614604125,18.512412394413474,0.0,441.3306444547325,633.5321444547326,-5.94,41041.879280915295,41669.47142537004,1.021542190908895,0.018847557666540036,0.043277522659145994,0.06212508032568603,41086.707388375406,582.7640369946275,8740.244330237067,21025.05958537686,7013.802017056611,28038.86160243347,3364.1147422987906,943.4867134060787,9258.622499764595,9258.622499764595,929.3237434255979,10187.946243190192,609.079732060319,609.079732060319,0.0,9867.702231824915,0.04139954243340128,0.04301271308109458,0.03272553598419803,0.7614532155282534,7405.315005107229,1.4551915228366852e-11,inflation_delayed_rate_response
2030Q4,2030-12-31,2030,4,2031,41172.52187716998,26372.999999999978,0.01777342391157455,0.019839987430776862,0.02260563078501021,184.328,425.3426096280434,69.52864364703588,261.55671164177994,67.7502319175879,18.7704313717102,7.736591049929846,5.499835599136797,18.8529100018727,0.0,449.69535522905295,634.023355229053,-9.2495,41669.47142537004,42294.245280599076,1.0272444667532277,0.017907865886855886,0.043688881295212326,0.061596747182068215,41711.48124360445,582.7640369946275,8870.76639536714,21339.036414041988,7118.5423296944,28457.578743736387,3425.5598725867085,957.5762319142194,9102.177556271137,9102.177556271137,943.4867134060787,10045.664269677216,605.9209452271801,605.9209452271801,0.0,9708.098501498318,0.041455190338544376,0.04316784829243219,0.03255329152851918,0.7708623346449327,7855.010360336282,-1.4551915228366852e-11,inflation_delayed_rate_response
2031Q1,2031-03-31,2031,1,2031,41558.177373146405,26489.69999999998,0.01781775002184327,0.01982598390139856,0.02258993228072148,184.328,432.39311752981104,70.52259284316877,266.069622869337,68.88823541439749,19.062935241790978,7.849731161116811,5.499835599136797,19.184035417180333,0.0,457.0769885461282,641.4049885461282,-9.2495,42294.245280599076,42926.40076914521,1.0329230847569102,0.017741682783144093,0.04399393981522173,0.061735622598365826,42343.63673215058,582.7640369946275,9002.807217785277,21656.666683191248,7224.501402646885,28881.168085838133,3487.831732193459,971.829696333714,9334.925288791406,9334.925288791406,957.5762319142194,10292.501520705626,612.9714531289478,612.9714531289478,0.0,9947.896741920355,0.04154260286157762,0.04322829127354547,0.03247656362202075,0.7823414942074681,8312.08734888241,7.275957614183426e-12,inflation_delayed_rate_response
2031Q2,2031-06-30,2031,2,2031,41946.641948178156,26606.499999999975,0.017754036595319045,0.019811706497828263,0.02259593162071094,184.328,439.8691022420366,71.54981036334848,270.58915718752394,69.99359571109534,19.777253767095814,7.959285212973117,5.499835599136797,19.53791844233056,0.0,464.906856283504,649.234856283504,-9.2495,42926.40076914521,43566.38612542872,1.0386143944311832,0.01757737844452226,0.04433316563055137,0.061910544075073626,42983.62208843409,582.7640369946275,9136.458449896638,21978.170866899134,7331.752784409955,29309.923651309087,3550.9829869243,986.2570003040595,9398.824381510605,9398.824381510605,971.829696333714,10370.65407784432,620.4474378411734,620.4474378411734,0.0,10019.27181935178,0.04157932613661247,0.043321298590462895,0.03254637504347883,0.7920449507644075,8776.994205165915,0.0,inflation_delayed_rate_response
2031Q3,2031-09-30,2031,3,2031,42337.137073907536,26722.899999999972,0.017614655473791707,0.019797160110517797,0.022579104221777335,184.328,446.89955843581015,72.5434800921793,275.0583006827244,71.16022261622312,20.07983535219917,8.057719692484167,5.499835599136797,19.8769849204731,0.0,472.27637895542006,656.6043789554201,-9.2495,43566.38612542872,44213.74100438414,1.0443252439861634,0.017415254099796156,0.04462053049368659,0.062035784593482746,43630.976967389506,582.7640369946275,9271.624119936652,22303.318100673503,7440.219460322405,29743.53756099591,3614.9675025348392,1000.8477839221101,9598.475178582383,9598.475178582383,986.2570003040595,10584.732178886443,627.4778940349469,627.4778940349469,0.0,10225.953072617329,0.04166843537875372,0.04336153819100116,0.03236159215836461,0.803002521236469,9249.270584121334,0.0,inflation_delayed_rate_response
2031Q4,2031-12-31,2031,4,2032,42730.20171478939,26839.599999999966,0.017582923791722438,0.019727225080271582,0.0225727995952707,192.24275,454.60726956845633,73.43126302989828,279.8046951765725,72.34034005015059,20.871559753410025,8.159411558425003,5.6120176762582625,20.229541543126558,0.0,480.4488287878412,672.6915787878412,-11.316,44213.74100438414,44875.116583171985,1.0501966941953427,0.01799595998007776,0.0449751051487831,0.06297106512886086,44292.35254617735,582.7640369946275,9409.73405901421,22635.54790898593,7551.048829923275,30186.596738909204,3680.265354505184,1015.7563937487494,9666.37457621502,9666.374576215017,1000.8477839221101,10667.222360137128,641.1460372447145,641.1460372447145,0.0,10307.520613459732,0.0416964519467797,0.04346601919436774,0.03239833133017735,0.812146124220483,9729.719412909175,7.275957614183426e-12,inflation_delayed_rate_response
2032Q1,2032-03-31,2032,1,2032,43126.456576818855,26956.799999999967,0.017581469158450158,0.01968526656714742,0.02257678241908323,192.24275,461.81117337409813,74.3604234013598,284.4516586366957,73.54671773825605,21.186655943656252,8.265717654130421,5.6120176762582625,20.598555254998963,0.0,488.0217463053554,680.2644963053554,-11.316,44875.116583171985,45544.06507947734,1.0560585936002447,0.017830609352991314,0.04526425633286781,0.06309486568585912,44961.30104248271,582.7640369946275,9549.395798552072,22971.51064465253,7663.123476061883,30634.634120714414,3746.43860680471,1030.8325164115101,9884.896766473972,9884.896766473972,1015.7563937487494,10900.653160222722,648.3499410503563,648.3499410503563,0.0,10533.246707524328,0.04173803695177205,0.04350043261956555,0.03223461058762395,0.8226923256620102,10217.74115921453,0.0,inflation_delayed_rate_response
2032Q2,2032-06-30,2032,2,2032,43526.21215176817,27074.499999999967,0.017579698909776065,0.01967074272996472,0.02256916678199805,192.24275,469.25543408607604,75.32085936107923,288.90640991649366,74.76721063470549,21.888017059245225,8.372937114552489,5.6120176762582625,20.961914468895113,0.0,495.8293662312294,688.0721162312294,-11.316,45544.06507947734,46220.82119570856,1.0619077312435266,0.017666848595019817,0.04556604783364658,0.06323289642866639,45638.057158713935,582.7640369946275,9690.661114083052,23311.330856097968,7776.48494715756,31087.81580325553,3813.4985004304413,1046.081740944914,9966.471707604967,9966.471707604966,1030.8325164115101,10997.304224016476,655.7942017623342,655.7942017623342,0.0,10622.2659093673,0.04171842418512881,0.04354722094885251,0.03225985867736189,0.8315475519497992,10713.57052544576,-1.4551915228366852e-11,inflation_delayed_rate_response
2032Q3,2032-09-30,2032,3,2032,43930.07661395207,27192.699999999968,0.017577617243731636,0.01971028327301072,0.022571739816290792,192.24275,476.09721349957,76.28972962061883,293.15789024768964,76.0022838622929,22.1635868499056,8.483722919063256,5.6120176762582625,21.33953748679142,0.0,503.0487686626197,695.2915186626196,-11.316,46220.82119570856,46904.79671437119,1.0677148853292542,0.017504431115783144,0.04580449727718916,0.0633089283929723,46322.032677376556,582.7640369946275,9833.400224479927,23654.69634885377,7891.02909747965,31545.725446333417,3881.4169487504296,1061.4900578127792,10149.412455961483,10149.412455961483,1046.081740944914,11195.494196906397,662.6359811758282,662.6359811758282,0.0,10812.048437137311,0.04170814898517599,0.043534386075280374,0.03211663569678052,0.8410543832392889,11216.619294108381,7.275957614183426e-12,inflation_delayed_rate_response
2032Q4,2032-12-31,2032,4,2033,44339.18636054613,27311.899999999965,0.017649746885700424,0.0197758101815233,0.02257356533731114,249.09275,483.11672164330525,77.29052576441222,297.37635228014136,77.25081510080368,22.60095902966453,8.598069468283512,5.6542680689403735,21.721336866851914,0.0,510.49232657909755,759.5850765790975,-14.7595,46904.79671437119,47649.62229095028,1.0746616300868759,0.022471567067062607,0.0460533779242592,0.0685249449913218,47066.85825395565,582.7640369946275,9989.16486575036,24029.39535499893,8016.025872609737,32045.42122760867,3953.967713631277,1078.3044469653455,10941.288342313865,10941.288342313863,1061.4900578127792,12002.778400126643,723.1042397122457,723.1042397122457,0.0,11664.392582026108,0.041711418569656225,0.04353433868930403,0.03290370080865327,0.8458241285407616,11727.111620687478,0.0,inflation_delayed_rate_response
2033Q1,2033-03-31,2033,1,2033,44752.376657436595,27431.899999999965,0.017690923464234398,0.019759214646802636,0.022564008293708637,249.09275,490.92594029102054,78.41494419614031,302.21990341997315,78.61390493359728,22.95100900424276,8.72617873706706,5.6542680689403735,22.11805803831694,0.0,518.6982663982778,767.7910163982779,-14.7595,47649.62229095028,48402.65380734856,1.081566107155683,0.022264091304621942,0.04636162860075362,0.06862571990537557,47819.889770353926,582.7640369946275,10146.61169898491,24408.140951255682,8142.372559818391,32550.513511074074,4027.464135916158,1095.3004243787864,11218.18101568971,11218.181015689712,1078.3044469653455,12296.485462655057,730.9134583599609,730.9134583599609,0.0,11949.094474049672,0.041734734437608806,0.043542697000289975,0.032818085976203434,0.8519847530519159,12245.809887085756,0.0,inflation_delayed_rate_response
2033Q2,2033-06-30,2033,2,2033,45169.51428949382,27552.599999999962,0.017716447921211298,0.01974238719039123,0.022564493843014066,249.09275,499.05675521886116,79.57480224928916,307.2482551232198,79.9923472910437,23.388584875267103,8.85276568004154,5.6542680689403735,22.52966966475943,0.0,527.240692952561,776.333442952561,-14.7595,48402.65380734856,49164.227750301114,1.088438264693416,0.022058483817519164,0.04668995903506487,0.06874844285258404,48581.46371330649,582.7640369946275,10305.80999957495,24791.099782763027,8270.124750672776,33061.2245334358,4101.9437121437495,1112.4854681519798,11340.246868205208,11340.246868205208,1095.3004243787864,12435.547292583993,739.0442732878015,739.0442732878015,0.0,12079.29114149301,0.04174282803172981,0.043571221945893766,0.03289171371476544,0.8564386411391585,12773.050580038316,-7.275957614183426e-12,inflation_delayed_rate_response
2033Q3,2033-09-30,2033,3,2033,45590.49475935003,27674.099999999962,0.017756007302464516,0.019698696995388953,0.022564267205522626,249.09275,507.10846494511304,80.7202568216708,312.2676919203378,81.38644307374219,23.747971760364727,8.986101368997614,5.6542680689403735,22.946080510322357,0.0,535.7088135243757,784.8015635243758,-14.7595,49164.227750301114,49934.26981382549,1.0952780854299593,0.021854796822437576,0.04700179862948371,0.0688565954519213,49351.50577683087,582.7640369946275,10466.742727386192,25178.230858694493,8399.268770940947,33577.49962963544,4177.405680962611,1129.8577388466122,11579.455758227297,11579.455758227297,1112.4854681519798,12691.941226379276,747.0959830140534,747.0959830140534,0.0,12326.55174124135,0.04172821780849233,0.04358525196369791,0.03279282469776197,0.862367242163745,13308.759393562692,0.0,inflation_delayed_rate_response
2033Q4,2033-12-31,2033,4,2034,46015.31307972133,27796.199999999968,0.017765412373738743,0.019681678339410258,0.022563340221916306,228.68725,514.963104288318,81.92842869861542,317.03405367645536,82.79637291501996,24.08629704573527,9.117951952492161,5.687777001067564,23.36725918982796,0.0,544.0181404792136,772.7053904792135,-17.2085,49934.26981382549,50689.76670430471,1.1015847402034387,0.0198792301687745,0.04729018268650738,0.06716941285528187,50107.00266731008,582.7640369946275,10624.451537704643,25557.606652871455,8525.825687444121,34083.43234031557,4252.236793282865,1146.8819960069952,11669.777359492455,11669.777359492455,1129.8577388466122,12799.635098339068,732.1296312893858,732.1296312893858,0.0,12401.906990781841,0.04170613105042318,0.04357874001222216,0.03281548051168846,0.8666424617781935,13852.777534041905,7.275957614183426e-12,inflation_delayed_rate_response
2034Q1,2034-03-31,2034,1,2034,46441.333904598534,27917.299999999963,0.01754105922100746,0.019664438509282567,0.022572136924965847,228.68725,522.572614691401,83.08321102485031,321.6136139753511,84.17869083552587,24.4474955578776,9.249603297796389,5.687777001067564,23.795040062348622,0.0,552.0554317548173,780.7426817548173,-17.2085,50689.76670430471,51453.30088605953,1.1079203924623862,0.019696871796988227,0.04754862837392823,0.06724550017091646,50870.5368490649,582.7640369946275,10783.799520625167,25940.92555210671,8653.69799418907,34594.62354629578,4328.03058454429,1164.083197599662,11933.964907673899,11933.964907673899,1146.8819960069952,13080.846903680895,739.7391416924686,739.7391416924686,0.0,12673.704049366368,0.04167958259958684,0.043563462027765475,0.032725319276198546,0.8723567885223763,14404.832965796722,0.0,inflation_delayed_rate_response
2034Q2,2034-06-30,2034,2,2034,46872.89099543795,28039.99999999996,0.017696739357757174,0.019646981729401825,0.022559374014152977,228.68725,530.197647297939,84.27539325368541,326.19010641449034,85.5760154674813,24.77362158962885,9.38251057265328,5.687777001067564,24.205593244517367,0.0,560.091017543524,788.778267543524,-17.2085,51453.30088605953,52224.87065360305,1.1141807032701696,0.019515523377660465,0.047796583965604905,0.06731210734326537,51642.10661660842,582.7640369946275,10944.790019801861,26328.195599713912,8782.88837436484,35111.08397407875,4404.770918164397,1181.4617045634031,12070.80786348917,12070.807863489168,1164.083197599662,13234.89106108883,747.3641742990067,747.3641742990067,0.0,12818.172037788176,0.041650102877930896,0.04354169764803346,0.032814430266803835,0.8767538515814295,14964.923983340246,0.0,inflation_delayed_rate_response
2034Q3,2034-09-30,2034,3,2034,47309.63324895852,28163.69999999996,0.01776333439337474,0.01968155262857385,0.022566712808094413,228.68725,537.8616929200427,85.47881005465254,330.7315215827457,86.9883892987529,25.14334429937239,9.519627684519623,5.687777001067564,24.64273006438436,0.0,568.1921999854948,796.8794499854948,-17.2085,52224.87065360305,53004.54160358854,1.1203752378434553,0.01933536443172781,0.048040296317283585,0.0673756607490114,52421.77756659392,582.7640369946275,11107.43143906925,26719.437011503407,8913.403571813973,35632.84058331738,4482.48712013691,1199.0184240703652,12328.07576598217,12328.075765982168,1181.4617045634031,13509.537470545572,755.0282199211103,755.0282199211103,0.0,13083.103985903279,0.041631931555259044,0.04351889763436261,0.03272312287910544,0.8823810930573422,15533.116183325741,0.0,inflation_delayed_rate_response
2034Q4,2034-12-31,2034,4,2035,47750.28799228063,28287.799999999956,0.0177423648279893,0.01968916041410429,0.02257322550837304,189.9905,545.7408714381276,86.72127096053318,335.4495414956272,88.4158992708528,25.49906385128787,9.655095859826618,5.709630652454863,25.08469469879207,0.0,576.5351967893745,766.5256967893745,-17.416,53004.54160358854,53753.651300377926,1.1257241277595604,0.015915338565557057,0.04829585085497937,0.06421118942053643,53170.887263383294,582.7640369946275,11263.394422727517,27094.61313938167,9038.559511171889,36133.172650553555,4558.465966332786,1215.8542237694287,12226.809861405189,12226.809861405189,1199.0184240703652,13425.828285475554,724.0250020905823,724.0250020905823,0.0,12950.834863495771,0.041595871651131974,0.04350836206460781,0.032600657635860966,0.8865819362684364,16109.651380115116,7.275957614183426e-12,inflation_delayed_rate_response
2035Q1,2035-03-31,2035,1,2035,48195.35637536033,28412.399999999954,0.017735654711652504,0.019722056747187633,0.02256874260208286,189.9905,553.0632253377491,87.88263498333146,339.74190552452563,89.78541813727679,25.865640191271126,9.787626501343901,5.709630652454863,25.504860148084035,0.0,584.277716138288,774.268216138288,-17.416,53753.651300377926,54510.50351651621,1.1310322739803305,0.015768365609358317,0.048492449072292575,0.06426081468165089,53927.73947952158,582.7640369946275,11420.934722304832,27473.58357322323,9164.981202510706,36638.56477573393,4635.379690850581,1232.8602906322278,12529.612821772125,12529.612821772127,1215.8542237694287,13745.467045541556,731.3473559902039,731.3473559902039,0.0,13260.96017776233,0.04072053378354049,0.04347817884022923,0.03254387627539221,0.8921450446386919,16693.929096253403,-7.275957614183426e-12,inflation_delayed_rate_response
2035Q2,2035-06-30,2035,2,2035,48644.39344017164,28537.399999999954,0.017714424126451522,0.01972826196496369,0.022573755489187608,189.9905,549.1340833559404,89.08329083397768,332.80045702613097,91.1694196032085,26.15947270376049,9.921443188862849,5.709630652454863,25.940909259592896,0.0,580.7846232679882,770.7751232679882,-17.416,54510.50351651621,55263.86263978419,1.136078769442442,0.015622807609569373,0.0477575796258866,0.06338038723545597,54681.09860278956,582.7640369946275,11577.628641294556,27850.51799964742,9290.723697061865,37141.24169670929,4712.453271880602,1249.7749929051245,12670.00370581974,12670.003705819741,1232.8602906322278,13902.86399645197,727.4182140083952,727.4182140083952,0.0,13397.421919828137,0.03981819136600558,0.04261818077626199,0.03266449534207921,0.8961316444543318,17274.71371952139,-1.4551915228366852e-11,inflation_delayed_rate_response
2035Q3,2035-09-30,2035,3,2035,49097.596582464976,28662.899999999958,0.017707331988727093,0.01973390522034224,0.022567910616891007,189.9905,544.4700975218378,90.27655933049431,325.0616960638894,92.54661427478007,26.53078803475233,10.054439817921725,5.709630652454863,26.36546343036056,0.0,576.5451916046533,766.5356916046533,-17.416,55263.86263978419,56012.98233138885,1.1408497814614753,0.01547859880928301,0.0469713576008781,0.062449956410161114,55430.21829439422,582.7640369946275,11733.317886213183,28225.035636401823,9415.659968724956,37640.69560512678,4789.623559837254,1266.5812432170035,12840.83105187724,12840.83105187724,1249.7749929051245,14090.606044782364,722.7542281742926,722.7542281742926,0.0,13563.585280051531,0.038941043310650465,0.04173035789138642,0.032536059173798,0.9002403270041361,17851.258911126046,7.275957614183426e-12,inflation_delayed_rate_response
2035Q4,2035-12-31,2035,4,2036,49555.30422861166,28788.899999999954,0.01769999094559438,0.019764486694536787,0.022571471840996393,242.76275,539.7740744228915,91.46121292303175,317.3253467193393,93.91529113084923,26.885744001098615,10.186479648572753,5.7387688543045945,26.80141296718672,0.0,572.3142562443828,815.0770062443828,-16.55475,56012.98233138885,56811.50458763323,1.1464263104015426,0.019595298931478378,0.04619600385090133,0.06579130278237971,56228.7405506386,582.7640369946275,11899.555080952663,28624.926851411903,9549.060675583913,38173.987526995814,4870.671825327208,1284.5261173629124,12754.544875561347,12754.544875561345,1266.5812432170035,14021.12611877835,771.7208432771961,771.7208432771961,0.0,13526.265718838542,0.03825409052723035,0.0408701149214593,0.032246582573817524,0.9016024830732222,18423.57316737043,0.0,inflation_delayed_rate_response
2036Q1,2036-03-31,2036,1,2036,50016.75420845916,28915.29999999995,0.017678326506116004,0.019743412449576114,0.022574269177581208,242.76275,537.8934133962686,92.72728296832362,312.1863116879453,95.37736287802338,27.274865878378613,10.327589983597816,5.7387688543045945,27.258286393075316,0.0,570.8904686436484,813.6532186436484,-16.55475,56811.50458763323,57608.60305627687,1.1517861158318372,0.019414514503537487,0.045655938909134226,0.06507045341267172,57025.83901928225,582.7640369946275,12065.387160531596,29023.843543277362,9682.13628883875,38705.979832116114,4952.0447662568995,1302.4272603776385,13033.058563987015,13033.058563987013,1284.5261173629124,14317.584681349927,769.8401822505731,769.8401822505731,0.0,13802.898746237586,0.03826115067498975,0.040195412727577734,0.03218923760407399,0.90338581090164,18994.463636014076,0.0,inflation_delayed_rate_response
2036Q2,2036-06-30,2036,2,2036,50482.41990948812,29041.99999999995,0.017642589134278408,0.019772661061247865,0.022576315037704076,242.76275,545.6225349557835,93.98936598054114,316.685263658967,96.81079246619638,27.665597676642964,10.471515173436217,5.7387688543045945,27.71617364221695,0.0,579.0774774523051,821.840227452305,-16.55475,57608.60305627687,58413.88853372919,1.157113479077701,0.01923542892240576,0.04588349595685432,0.06511892487926008,57831.124496734556,582.7640369946275,12232.884178277029,29426.765320450966,9816.54796848135,39243.31328893232,5034.418900374688,1320.5081291505223,13067.96329044031,13067.963290440308,1302.4272603776385,14370.390550817947,777.5693038100881,777.5693038100881,0.0,13845.532594250395,0.03827105698639984,0.04020770834429809,0.03217165894063544,0.9046774840514387,19573.54111346638,1.4551915228366852e-11,inflation_delayed_rate_response
2036Q3,2036-09-30,2036,3,2036,50951.84094493531,29168.899999999947,0.01759302613883751,0.01977588746711989,0.022577621701592054,242.76275,553.467453375359,95.29416774877805,321.21383337697966,98.2849525626766,28.06091559887747,10.613584088047324,5.7387688543045945,28.178831934426732,0.0,587.3850541640903,830.1478041640903,-16.55475,58413.88853372919,59227.48158789327,1.1624208368035536,0.019058212264585976,0.04611296025977858,0.06517117252436455,58644.71755089865,582.7640369946275,12402.071078111809,29833.75218668597,9952.31573131328,39786.06791799925,5117.80713847423,1338.7714163133596,13231.89326168332,13231.89326168332,1320.5081291505223,14552.401390833844,785.4142222296636,785.4142222296636,0.0,14017.307483912984,0.03827817016112011,0.04022228746678448,0.032149664221157934,0.9059467048863158,20160.92616763047,0.0,inflation_delayed_rate_response
2025Q4,2025-12-31,2025,4,2026,31324.77532798175,24037.6,0.012257322464116038,0.03416889228732933,0.03138521050212062,203.43175,239.03865259628913,65.01368874582066,119.6877543737386,42.71050255977236,4.964461483838189,6.6622454331192795,4.95932195482428,16.18876413444616,0.0,260.1867386855596,463.61848868555956,17.515,30277.7664202628,30758.89990894836,0.9819352122047653,0.025977105708819403,0.03322440285190366,0.059201508560723065,30176.13587195373,582.7640369946275,6496.785779950878,15628.316895483313,5213.4891756015995,20841.806071084913,2136.2328410892824,701.3111798286476,5437.953890766519,5437.953890766519,690.4997903999999,6128.453681166519,464.9447245511134,464.9447245511134,0.0,5902.898615317633,0.03191801122214894,0.03437330681188355,0.03728955310952268,0.2159123202980333,260.1867386855596,0.0,persistent_financial_repression
2026Q1,2026-03-31,2026,1,2026,31720.36011381085,24212.4,0.029406590218133966,0.021441816030615124,0.033142739611773386,203.43175,240.44945621086,60.93064490474254,124.12698071778895,43.5306883372127,5.495856886635115,6.365285364480696,4.95932195482428,17.484323876921767,0.0,262.8931020426061,466.32485204260604,17.515,30758.89990894836,31242.739760990964,0.9849427827708699,0.025653145080333065,0.033151338900234494,0.058804483980567555,30659.975723996336,582.7640369946275,6597.2439124852945,15869.973552044366,5294.104021820724,21164.077573865092,2186.4988628819306,712.1553747640124,7048.973836554221,7048.973836554221,701.3111798286476,7750.285016382868,466.3555281656843,466.3555281656843,0.0,7515.329364719905,0.03167264828825653,0.034187581847311174,0.03521065832892457,0.2987558061381062,523.0798407281657,0.0,persistent_financial_repression
2026Q2,2026-06-30,2026,2,2026,32094.798708229428,24331.8,0.01987181994496834,0.02763904405751516,0.030772192830818668,203.43175,242.47997851847242,57.50032222679604,128.76641191949622,44.28274287826491,5.833621243500796,6.096880250414424,4.95932195482428,16.630148070113112,0.0,264.06944854340986,467.5011985434098,17.515,31242.739760990964,31727.755959534374,0.9885637934036664,0.025353858966292636,0.032911183016792044,0.05826504198308467,31144.991922539746,582.7640369946275,6698.139441955681,16112.682387045035,5375.069866867322,21487.752253912357,2236.0534411071853,723.0467855645156,7294.65052613453,7294.650526134531,712.1553747640124,8006.805900898544,468.3860504732967,468.3860504732967,0.0,7763.036576607828,0.03163504775739422,0.03380874411956937,0.033746168375763635,0.3386780984951124,787.1492892715755,0.0,persistent_financial_repression
2026Q3,2026-09-30,2026,3,2026,32468.269249181518,24457.7,0.020858389667526733,0.02596472248620807,0.02824698150314875,203.43175,246.3774413416258,55.138128411680306,133.50109328427993,45.11122588770424,6.434567199764894,6.1924265581965034,4.95932195482428,15.625881580025593,0.0,266.9626448764757,470.39439487647564,17.515,31727.755959534374,32215.665354410852,0.9922199765921605,0.02506222286611452,0.03288905150165409,0.057951274367768604,31632.901317416225,582.7640369946275,6799.874527972928,16357.410813919352,5456.709432599443,21814.120246518796,2284.877718607075,734.0288243174178,7560.870539253156,7560.870539253156,723.0467855645156,8283.91732481767,472.2835132964501,472.2835132964501,0.0,8033.154052549606,0.03206434142500246,0.03365666897046992,0.03387420938607825,0.3779019415086418,1054.1119341480512,3.637978807091713e-12,persistent_financial_repression
2026Q4,2026-12-31,2026,4,2027,32813.516450759125,24573.2,0.01902398695529306,0.02374108660242924,0.02771554138299126,194.872,253.59837549789904,55.91196830625741,138.7066086465815,45.90202768161394,6.830451248587104,6.247319614859042,4.968063415379199,15.669722733652822,0.0,274.23616164693107,469.1081616469311,5.538,32215.665354410852,32690.311516057784,0.996245299253854,0.023755088887523573,0.0334296584224318,0.057184747309955375,32107.547479063156,582.7640369946275,6898.743123166559,16595.24376532521,5536.048719487986,22131.292484813195,2332.8104382651377,744.7014328182587,7665.516018009889,7665.51601800989,734.0288243174178,8399.544842327308,458.9764389132783,458.9764389132783,0.0,8124.492456923168,0.03242722436592475,0.034050038530013926,0.033830045581091525,0.4109562752171501,1328.3480957949823,0.0,persistent_financial_repression
2027Q1,2027-03-31,2027,1,2027,33440.53664860632,24680.599999999995,0.017597408546793147,0.06,0.026152401325720165,194.872,260.31127901663695,56.535199894349944,143.40677427048297,46.66884903955689,7.411776979595989,6.288678832651108,4.968063415379199,15.104810271309676,0.0,280.38415270332587,475.2561527033259,5.538,32690.311516057784,33171.10566876111,0.9919429827733809,0.023309673770815106,0.03353823602170108,0.05684790979251618,32588.34163176648,582.7640369946275,6999.057751934678,16836.555216978573,5616.548407941779,22453.103624920353,2380.6501180173027,755.5301368941339,7818.45707685363,7818.4570768536305,744.7014328182587,8563.15850967189,465.6893424320162,465.6893424320162,0.0,8284.146419285647,0.03274957978431627,0.03430792056730308,0.03368771382636251,0.44471885813106954,1608.7322484983083,0.0,persistent_financial_repression
2027Q2,2027-06-30,2027,2,2027,34081.64260643606,24789.999999999996,0.01784876327045648,0.06,0.06,194.872,266.90362525730677,57.11231125578679,148.1810139507879,47.461975490152746,7.7907898091734005,6.357534751405928,4.968063415379199,34.93329361318652,0.0,306.8049822858725,501.6769822858725,5.538,33171.10566876111,33678.320651046975,0.9881660059626083,0.02287119811099714,0.03600823890195184,0.058879437012948975,33095.55661405235,582.7640369946275,7100.79244490781,17081.282698367206,5698.187658266974,22779.470356634178,2448.7816792914155,766.512133218943,7901.666411731807,7901.666411731806,755.5301368941339,8657.19654862594,472.281688672686,472.281688672686,0.0,8373.948100404492,0.03305763680431214,0.036996654299022186,0.03368692803411368,0.47703844734983314,1915.5372307841808,-7.275957614183426e-12,persistent_financial_repression
2027Q3,2027-09-30,2027,3,2027,34740.08252003173,24903.499999999993,0.01843999428756682,0.06,0.06,194.872,273.61556655314644,57.72944257710049,152.8762366665271,48.32898432860632,8.263708296362722,6.417194684549922,4.968063415379199,35.9330456625534,0.0,314.51667563107907,509.3886756310791,5.538,33678.320651046975,34193.24732667806,0.9842592431080625,0.022437712966010773,0.03621369355697107,0.05865140652298184,33610.483289683434,582.7640369946275,7203.9729641819895,17329.48818139755,5780.98714382627,23110.475325223822,2518.384797533458,777.6502027441558,8038.7165269945945,8038.7165269945945,766.512133218943,8805.228660213537,478.9936299685257,478.9936299685257,0.0,8517.71015696312,0.03341488147899215,0.03735538703249463,0.03363653160835933,0.5095551992247582,2230.05390641526,0.0,persistent_financial_repression
2027Q4,2027-12-31,2027,4,2028,35410.36606053813,25016.899999999994,0.01833909570101455,0.06,0.06,215.4585,280.88287545878353,58.388200874695016,158.1488577362009,49.161798698533914,8.702303709481173,6.4817144398725395,5.137064986107641,36.9543911124962,0.0,322.97433155738736,538.4328315573873,2.14175,34193.24732667806,34733.82190823545,0.9808941779605991,0.024338466270769264,0.03648359138736101,0.060822057658130264,34151.057871240824,582.7640369946275,7312.458316629118,17590.454684525,5868.043609877503,23458.498294402503,2590.7403449533795,789.3609152558123,7938.648351289412,7938.648351289412,777.6502027441558,8716.298554033569,503.6201904448912,503.6201904448912,0.0,8442.268541734304,0.03369920456771746,0.037782235594265794,0.03337747363738297,0.5354724417670023,2553.0282379726473,0.0,persistent_financial_repression
2028Q1,2028-03-31,2028,1,2028,36094.70767681505,25131.59999999999,0.018466116274653555,0.06,0.06,215.4585,287.8302733387802,59.12122548994642,163.14519339541397,49.99793554945908,9.002382893608749,6.5635360103520775,5.137064986107641,38.01612528478524,0.0,330.9834636096731,546.441963609673,2.14175,34733.82190823545,35282.405621845115,0.9774952587996243,0.02387701841823164,0.03667944526086586,0.0605564636790975,34699.64158485049,582.7640369946275,7422.440215326578,17855.021198464125,5956.301012505862,23811.322210969985,2664.6459824990357,801.233176054889,8120.706261114035,8120.706261114036,789.3609152558123,8910.067176369848,510.5675883248878,510.5675883248878,0.0,8631.273849438923,0.03400164924370289,0.038116561371692455,0.03328204775919012,0.5626389970639578,2884.0117015823203,-7.275957614183426e-12,persistent_financial_repression
2028Q2,2028-06-30,2028,2,2028,36786.11649683969,25242.599999999988,0.017784392025415263,0.06,0.06,215.4585,295.0834993985938,59.86198033660885,168.20658934001904,50.94449619264823,9.422201251002337,6.648232278315421,5.137064986107641,39.10060524112688,0.0,339.3211696258283,554.7796696258283,2.14175,35282.405621845115,35839.327041470955,0.9742623156361158,0.023428240925460028,0.03689665579730108,0.06032489672276112,35256.563004476324,582.7640369946275,7533.984539042746,18123.346197621144,6045.812217583404,24169.158415204547,2740.1459536454036,813.2740965836193,8243.234209340324,8243.234209340324,801.233176054889,9044.467385395214,517.8208143847014,517.8208143847014,0.0,8761.055023725025,0.034275775048130744,0.03846916485940941,0.03322433874537239,0.5893277658816662,3223.3328712081484,7.275957614183426e-12,persistent_financial_repression
2028Q3,2028-09-30,2028,3,2028,37485.75640118868,25350.699999999986,0.01724012308766243,0.06,0.06,215.4585,302.2375377853227,60.629740577946315,173.40663366613083,51.90674164723181,9.558479189060003,6.735942704953829,5.137064986107641,40.20848020346686,0.0,347.5830829748972,563.0415829748972,2.14175,35839.327041470955,36404.51037444585,0.9711558167542127,0.022990972645083697,0.037089616573816854,0.06008058921890055,35821.74633745122,582.7640369946275,7647.069921657127,18395.378284810864,6136.56007939505,24531.938364205915,2817.256681163479,825.4813704246948,8321.402888611903,8321.402888611903,813.2740965836193,9134.676985195523,524.9748527714303,524.9748527714303,0.0,8846.377741383334,0.034548396979933095,0.03879348321163469,0.03322832709934481,0.6143702814640968,3570.9159541830454,-7.275957614183426e-12,persistent_financial_repression
2028Q4,2028-12-31,2028,4,2029,38200.40888721577,25460.399999999983,0.01742186418178404,0.06,0.06,173.80475,309.5299192955937,61.42508914571088,178.45636172375092,52.84641074050621,9.975326752213396,6.826730933412226,5.268186894431433,41.339991157020535,0.0,356.1380973470457,529.9428473470457,-2.42575,36404.51037444585,36932.0274717929,0.9667966534293471,0.018199255459610104,0.03729154820290226,0.05549080366251236,36349.26343479827,582.7640369946275,7751.7978410643245,18647.306110005786,6220.60131035231,24867.907420358097,2892.771695593733,836.7864777821081,8247.42825564861,8247.428255648612,825.4813704246948,9072.909626073308,486.17710619002514,486.17710619002514,0.0,8733.605361838638,0.034739930255511677,0.03913120585157348,0.03294861013101735,0.6331660905114908,3927.054051530091,7.275957614183426e-12,persistent_financial_repression
2029Q1,2029-03-31,2029,1,2029,38931.16031897025,25572.199999999983,0.017680562926939647,0.06,0.06,173.80475,315.83018647918675,62.16941868533588,182.79596994649202,53.72609775772999,10.228935749343183,6.909764340285737,5.268186894431433,42.448086862194174,0.0,363.54646023581233,537.3512102358123,-2.42575,36932.0274717929,37466.95293202871,0.9623898343911402,0.017857649099177655,0.03735274851889422,0.05521039761807187,36884.18889503408,582.7640369946275,7857.882907621081,18902.49861506634,6305.731614000833,25208.230229067172,2969.8376726903684,848.2380856554528,8392.807641524218,8392.807641524218,836.7864777821081,9229.594119306326,492.4773733736182,492.4773733736182,0.0,8885.285014897836,0.034916685858287215,0.039374655021414524,0.03286412334011416,0.6524951350469892,4290.600511765903,0.0,persistent_financial_repression
2029Q2,2029-06-30,2029,2,2029,39673.58749842068,25682.99999999998,0.01744428695602207,0.06,0.06,173.80475,322.1115816609096,62.921997382775615,186.94448114473389,54.61804541140574,10.633334705765403,6.993723016229211,5.268186894431433,43.578941154947586,0.0,370.95870971028864,544.7634597102887,-2.42575,37466.95293202871,38009.29064173899,0.9580502555573542,0.01752347200836514,0.03740107543589857,0.05492454744426372,37426.526604744366,582.7640369946275,7965.321056089719,19160.946020876378,6391.947728100898,25552.893748977276,3048.476044464506,859.8357552128621,8495.676655231553,8495.676655231553,848.2380856554528,9343.914740887005,498.7587685553411,498.7587685553411,0.0,8994.435423786894,0.03498504369892219,0.039603830114850226,0.03276079065011827,0.6713339102040642,4661.559221476192,-7.275957614183426e-12,persistent_financial_repression
2029Q3,2029-09-30,2029,3,2029,40431.92832984872,25795.399999999983,0.017620997896754975,0.06,0.06,173.80475,327.4873223382766,63.682741843437306,190.541326974173,55.55068822568318,10.631817850805286,7.0807474441778995,5.268186894431433,44.73286852531514,0.0,377.4883777580232,551.2931277580233,-2.42575,38009.29064173899,38558.158019497016,0.9536561725410361,0.01719480194781502,0.037345572506799665,0.05454037445461469,37975.39398250239,582.7640369946275,8073.917198485354,19422.179034318735,6479.093099992166,25901.2721343109,3128.6462224939305,871.5584272121995,8566.85128744356,8566.85128744356,859.8357552128621,9426.687042656422,504.13450923270807,504.13450923270807,0.0,9070.985796676268,0.035152755204054593,0.03972590610186168,0.032789593686732905,0.6887586612820925,5039.047599234215,7.275957614183426e-12,persistent_financial_repression
2029Q4,2029-12-31,2029,4,2030,41207.79910804664,25910.199999999983,0.017920813193843088,0.06,0.06,192.2015,333.8901153951413,64.47022882990535,194.62277219135308,56.44368058835357,11.182686825640891,7.170746959888373,5.3789120614604125,45.909273385032925,0.0,385.17830084163467,577.3798008416347,-5.94,38558.158019497016,39129.59782033865,0.9495677679300717,0.01865680809557906,0.037388873871346456,0.05604568196692552,38546.833783344024,582.7640369946275,8187.122279565385,19694.499061670936,6569.9370164800985,26264.436078151033,3211.496803435316,883.7786221922833,8645.807629438044,8645.807629438044,871.5584272121995,9517.366056650244,525.5305274566017,525.5305274566017,0.0,9171.338156894646,0.035240786901458925,0.039958164043714786,0.03274061787961221,0.7050705416812132,5424.22590007585,0.0,persistent_financial_repression
2030Q1,2030-03-31,2030,1,2030,41598.22858449769,26025.99999999998,0.017997333864965714,0.02008187040489151,0.06,192.2015,339.76252666860523,65.31276798523285,198.26831392111566,57.42820153329154,11.49079240110022,7.262450827865066,5.3789120614604125,47.125010064750924,0.0,392.2664487948166,584.4679487948166,-5.94,39129.59782033865,39708.12576913346,0.9545629013618958,0.018481700451218473,0.03771953394582784,0.05620123439704631,39125.36173213884,582.7640369946275,8301.592342905467,19969.8620620096,6661.796045909026,26631.65810791863,3295.975912587296,896.1353687274445,8780.479456913805,8780.479456913805,883.7786221922833,9664.258079106088,531.4029387300656,531.4029387300656,0.0,9311.88239564387,0.03537800920797193,0.04009920578237333,0.03270261903812844,0.721361005139887,5816.492348870667,0.0,persistent_financial_repression
2030Q2,2030-06-30,2030,2,2030,41989.39819254787,26141.29999999998,0.017838848225115722,0.01995316485744958,0.022612820884429397,192.2015,346.1066825956551,66.1429369920991,202.19494352332035,58.42441270744826,11.984877657113435,7.359511715674138,5.3789120614604125,18.476877758620354,0.0,369.9624724157359,562.1639724157359,-5.94,39708.12576913346,40264.3497415492,0.9589170475107017,0.018309526525589617,0.03524341746640184,0.05355294399199146,39681.58570455458,582.7640369946275,8417.429007515284,20248.51248453465,6754.751734696665,27003.264219231314,3352.252841481681,908.6396363262969,8949.670198021422,8949.670198021422,896.1353687274445,9845.805566748866,537.7470946571154,537.7470946571154,0.0,9487.417292678538,0.035542476402906614,0.03726818783306271,0.032733091879976195,0.7386229936893686,6186.454821286403,7.275957614183426e-12,persistent_financial_repression
2030Q3,2030-09-30,2030,3,2030,42384.08034617164,26257.099999999977,0.017837173553037378,0.019938881222312688,0.022609552821165613,192.2015,352.6568120842684,67.02377847234045,206.58966680397637,59.3574619163675,12.2305166755269,7.455388216057266,5.3789120614604125,18.78966672294906,0.0,376.82539086867786,569.0268908686778,-5.94,40264.3497415492,40827.436632417885,0.9632729151832509,0.018139027524504085,0.035562917755058925,0.053701945279563006,40244.67259542325,582.7640369946275,8534.676642375356,20530.557060868672,6848.839687710948,27379.39674857962,3409.3029899630333,921.2962145052466,9066.127703134414,9066.127703134414,908.6396363262969,9974.767339460712,544.2972241457287,544.2972241457287,0.0,9610.424927280143,0.03576595451784261,0.03743513984827405,0.03269858179080028,0.7554704875827863,6563.28021215508,7.275957614183426e-12,persistent_financial_repression
2030Q4,2030-12-31,2030,4,2031,42780.76535848126,26372.999999999978,0.01777342391157455,0.019839987430776862,0.02260563078501021,184.328,359.91468420352226,67.89335269009597,211.16627471907574,60.37925708610261,12.921170749305043,7.554628958943021,5.499835599136797,19.106150462325623,0.0,384.5206702649847,568.8486702649847,-9.2495,40827.436632417885,41387.03580268286,0.9674215843470858,0.017234661274095894,0.03595266863908537,0.05318732991318126,40804.27176568824,582.7640369946275,8651.104809595392,20810.630370118037,6942.270040826482,27752.90041094452,3466.4022118711287,933.8643332772012,8893.045449149275,8893.045449149275,921.2962145052466,9814.34166365452,540.493019802659,540.493019802659,0.0,9433.538468951934,0.03590080620871417,0.03767277125203269,0.032525763850621295,0.7647843497484564,6947.800882420065,-7.275957614183426e-12,persistent_financial_repression
2031Q1,2031-03-31,2031,1,2031,43181.484977546526,26489.69999999998,0.01781775002184327,0.01982598390139856,0.02258993228072148,184.328,366.29752145149297,68.77628323628338,215.31082420818058,61.39437787270289,13.160683262286375,7.655352872039857,5.499835599136797,19.412763249270768,0.0,391.21012029990055,575.5381202999006,-9.2495,41387.03580268286,41953.32442298277,0.9715581676914915,0.017074725438075762,0.03623869077252176,0.05331341621059752,41370.56038598814,582.7640369946275,8768.907910468995,21094.011145486187,7036.803739806083,28130.81488529227,3524.2567176547964,946.5808725720777,9113.847436463815,9113.847436463813,933.8643332772012,10047.711769741014,546.8758570506297,546.8758570506297,0.0,9660.723293514442,0.03606845011504683,0.037809919237998764,0.03244468111447147,0.7763012710848444,7339.011002719965,7.275957614183426e-12,persistent_financial_repression
2031Q2,2031-06-30,2031,2,2031,43585.12340135002,26606.499999999975,0.017754036595319045,0.019811706497828263,0.02259593162071094,184.328,373.11297274339813,69.69089561845234,219.4580665289669,62.37554435431551,13.835968895298032,7.752497346365317,5.499835599136797,19.741961655951783,0.0,398.35476999848674,582.6827699984867,-9.2495,41953.32442298277,42526.75769298125,0.9757172717254257,0.016916597739336955,0.03655878326467218,0.053475381004009136,41943.993655986626,582.7640369946275,8888.17913484026,21380.92355942767,7132.515566897454,28513.439126325124,3582.9195028293225,959.4558919919195,9163.484531842347,9163.484531842347,946.5808725720777,10110.065404414425,553.6913083425349,553.6913083425349,0.0,9717.175840184882,0.03618195487039613,0.03798075842402239,0.03252161888776496,0.7859773735841173,7737.365772718452,-7.275957614183426e-12,persistent_financial_repression
2031Q3,2031-09-30,2031,3,2031,43990.871691369684,26722.899999999972,0.017614655473791707,0.019797160110517797,0.022579104221777335,184.328,379.4631336494978,70.57214233063166,223.55093804853328,63.41664975350189,14.084648879257013,7.838754637573982,5.499835599136797,20.05575278486282,0.0,405.01872203349745,589.3467220334975,-9.2495,42526.75769298125,43106.854915014745,0.9799045405929437,0.01676056808268814,0.03682752411682315,0.05358809219951129,42524.09087802012,582.7640369946275,9008.818254020081,21671.12650722265,7229.325091376321,28900.45159859897,3642.3424532914587,972.4785721096144,9351.143279131082,9351.143279131084,959.4558919919195,10310.599171123004,560.0414692486346,560.0414692486346,0.0,9911.184748379717,0.03635005502789793,0.03809542452848156,0.03233060813854932,0.7970254804862866,8142.384494751949,-7.275957614183426e-12,persistent_financial_repression
2031Q4,2031-12-31,2031,4,2032,44399.28986459814,26839.599999999966,0.017582923791722438,0.019727225080271582,0.0225727995952707,192.24275,386.5038188935381,71.34984057183905,227.9171387109256,64.46993737983198,14.838770671817711,7.928131559123632,5.6120176762582625,20.382733156380077,0.0,412.49856972617647,604.7413197261765,-11.316,43106.854915014745,43700.28023474093,0.9842562880625132,0.01731944367455166,0.03716262768923996,0.05448207136379162,43117.5161977463,582.7640369946275,9132.257957492497,21968.06638929553,7328.38200654796,29296.44839584349,3703.0062763700826,985.8035680402318,9402.099263369333,9402.099263369331,972.4785721096144,10374.577835478945,573.0425865697963,573.0425865697963,0.0,9975.141849939127,0.03645363744618531,0.038276842097565995,0.03237477928533992,0.8061853422087791,8554.883064478126,7.275957614183426e-12,persistent_financial_repression
2032Q1,2032-03-31,2032,1,2032,44811.02287248172,26956.799999999967,0.017581469158450158,0.01968526656714742,0.02257678241908323,192.24275,393.0168281161641,72.16766850908445,232.1799713239313,65.54817190147527,15.099039846745658,8.02197653492736,5.6120176762582625,20.72583687479042,0.0,419.35468266721284,611.5974326672128,-11.316,43700.28023474093,44300.56166740814,0.9886085794888861,0.017160309020132235,0.03743317208898054,0.054593481109112774,43717.797630413515,582.7640369946275,9257.100635099812,22268.381190154258,7428.56476928695,29696.945959441207,3764.471024481464,999.2800113910258,9608.259626729283,9608.259626729285,985.8035680402318,10594.063194769516,579.5555957924223,579.5555957924223,0.0,10187.815222521707,0.036571222167481245,0.038384621829846616,0.03220460405080395,0.8168720425143717,8974.23774714534,-7.275957614183426e-12,persistent_financial_repression
2032Q2,2032-06-30,2032,2,2032,45226.39333493898,27074.499999999967,0.017579698909776065,0.01967074272996472,0.02256916678199805,192.24275,399.7760128496207,73.01538125934952,236.24651659367163,66.63916218770287,15.758300916372978,8.116651892523608,5.6120176762582625,21.062808687826433,0.0,426.4508392137054,618.6935892137054,-11.316,44300.56166740814,44907.939256621845,0.9929586673878964,0.01700270446739212,0.037716988489927376,0.054719692957319495,44325.17521962722,582.7640369946275,9383.39931576653,22572.198473314827,7529.91593382445,30102.114407139277,3826.7478702245044,1012.9136264969014,9670.361471189786,9670.361471189786,999.2800113910258,10669.641482580811,586.314780525879,586.314780525879,0.0,10256.676251715666,0.036623412071333454,0.03850523091922283,0.032236252932962964,0.8257965028659345,9400.688586359045,0.0,persistent_financial_repression
2032Q3,2032-09-30,2032,3,2032,45646.03318223478,27192.699999999968,0.017577617243731636,0.01971028327301072,0.022571739816290792,192.24275,405.91103076806615,73.870811113372,240.10574502120394,67.74338312533892,15.976361997261463,8.214729510889875,5.6120176762582625,21.413678180268782,0.0,432.93672662459323,625.1794766245932,-11.316,44907.939256621845,45521.80273324644,0.9972783955071766,0.016846392695943617,0.03793860683544262,0.054784999531386235,44939.03869625181,582.7640369946275,9511.019547065607,22879.19480728229,7632.327605842139,30511.52241312443,3889.8068364947944,1026.689899566973,9839.844975620272,9839.844975620272,1012.9136264969014,10852.758602117174,592.4497984443243,592.4497984443243,0.0,10432.294774064596,0.03668441870840758,0.038562154825285605,0.03208759097596712,0.8354596016756072,9833.625312983639,0.0,persistent_financial_repression
2032Q4,2032-12-31,2032,4,2033,46071.12320045426,27311.899999999965,0.017649746885700424,0.0197758101815233,0.02257356533731114,249.09275,412.2214124724089,74.75661363993568,243.9277832228628,68.85967035033173,16.36115707278613,8.316188186492482,5.6542680689403735,21.768288683772603,0.0,439.64396922512185,688.7367192251219,-14.7595,45521.80273324644,46195.77995247157,1.0027057458850075,0.02162680071125715,0.03817089219311996,0.05979769290437711,45613.015915476935,582.7640369946275,9651.512555569572,23217.157198665987,7745.06932211413,30962.226520780117,3957.4210835679573,1041.8557555592784,10613.821845903207,10613.821845903207,1026.689899566973,11640.51174547018,652.2089305413492,652.2089305413492,0.0,11266.030776444557,0.03676362724568208,0.03863150778991727,0.032909281708832894,0.8402132839667432,10273.269282208761,7.275957614183426e-12,persistent_financial_repression
2033Q1,2033-03-31,2033,1,2033,46500.45315970249,27431.899999999965,0.017690923464234398,0.019759214646802636,0.022564008293708637,249.09275,419.30980925210486,75.76437356122115,248.37072157872078,70.08911876627779,16.65437764402159,8.431217701863462,5.6542680689403735,22.137375807762535,0.0,447.10145312880775,696.1942031288078,-14.7595,46195.77995247157,46877.21465560037,1.0081023188011506,0.021427124518078024,0.03845996524750154,0.05988708976557957,46294.45061860574,582.7640369946275,9793.53248304446,23558.792663837183,7859.03634822341,31417.829012060593,4025.902685005239,1057.1864384954404,10877.699316164939,10877.699316164939,1041.8557555592784,11919.555071724217,659.2973273210453,659.2973273210453,0.0,11536.996643485983,0.0368623399632112,0.03871361874082933,0.03281975734327477,0.846468869571991,10720.370735337568,0.0,persistent_financial_repression
2033Q2,2033-06-30,2033,2,2033,46933.88464132197,27552.599999999962,0.017716447921211298,0.01974238719039123,0.022564493843014066,249.09275,426.7146499352677,76.8057784982762,252.99420175182405,71.33249902113003,17.037461274898135,8.544709389139397,5.6542680689403735,22.52093489468244,0.0,454.8898528988905,703.9826028988905,-14.7595,46877.21465560037,47566.43775849926,1.013477535942558,0.02122924636676602,0.03876856615430397,0.05999781252106999,46983.67372150463,582.7640369946275,9937.147495002793,23904.26517807028,7974.283385090358,31878.54856316064,4095.288356675398,1072.6893066657938,10984.174825362277,10984.174825362277,1057.1864384954404,12041.361263857718,666.702168004208,666.702168004208,0.0,11650.876993366484,0.036943889706780225,0.03881543357393529,0.0329019119359385,0.8509236862622617,11175.260588236459,0.0,persistent_financial_repression
2033Q3,2033-09-30,2033,3,2033,47371.30906616412,27674.099999999962,0.017756007302464516,0.019698696995388953,0.022564267205522626,249.09275,434.03100525468636,77.83270775460937,257.6045691116868,72.5901323109406,17.33894820285663,8.664647874592948,5.6542680689403735,22.90885076434868,0.0,462.59412408797544,711.6868740879754,-14.7595,47566.43775849926,48263.365132587234,1.0188311466161337,0.021033216511039534,0.039061122287489605,0.06009433879852914,47680.6010955926,582.7640369946275,10082.338530719733,24253.52888991533,8090.795137015535,32344.324026930866,4165.576235427485,1088.3623025145132,11210.012976369062,11210.012976369062,1072.6893066657938,12282.702283034856,674.0185233236267,674.0185233236267,0.0,11884.031499692688,0.03700040198209551,0.03890088439555836,0.03279848348408164,0.8569640661019148,11637.854712324433,0.0,persistent_financial_repression
2033Q4,2033-12-31,2033,4,2034,47812.72125213628,27796.199999999968,0.017765412373738743,0.019681678339410258,0.022563340221916306,228.68725,441.14019081711353,78.9195048492087,261.9575139203908,73.86214936258372,17.617938903638212,8.783083781292126,5.687777001067564,23.301088522911147,0.0,470.1290563410922,698.8163063410923,-17.2085,48263.365132587234,48944.97293892832,1.0236809714473518,0.019131916695896676,0.039330876304814945,0.05846279300071163,48362.20890193369,582.7640369946275,10224.145069964574,24594.651039888224,8204.59092502874,32799.24196491696,4235.15191630763,1103.669950744523,11282.320102000858,11282.320102000858,1088.3623025145132,12370.682404515372,658.3067178181811,658.3067178181811,0.0,11940.62681981904,0.037045797866734675,0.03896363670867724,0.032827366967035365,0.8612561990883346,12107.983768665526,-7.275957614183426e-12,persistent_financial_repression
2034Q1,2034-03-31,2034,1,2034,48255.38291374814,27917.299999999963,0.01754105922100746,0.019664438509282567,0.022572136924965847,228.68725,447.99835639735403,79.95281444712298,266.1192487904676,75.10508385715796,17.92011114985089,8.90109815275455,5.687777001067564,23.69943500744478,0.0,477.38556840586637,706.0728184058664,-17.2085,48944.97293892832,49633.83725733419,1.028565815052176,0.018956413663425407,0.03957159094637357,0.05852800460979898,49051.07322033956,582.7640369946275,10367.428933836642,24939.326962174655,8319.572224803265,33258.89918697792,4305.6080271874125,1119.1370723375774,11532.779380584887,11532.779380584887,1103.669950744523,12636.44933132941,665.1648833984217,665.1648833984217,0.0,12197.944263983309,0.03708513966665942,0.039014063323849824,0.03273262630311652,0.8671015773154906,12585.369337071394,7.275957614183426e-12,persistent_financial_repression
2034Q2,2034-06-30,2034,2,2034,48703.797093891604,28039.99999999996,0.017696739357757174,0.019646981729401825,0.022559374014152977,228.68725,454.86201982643877,81.0214571179331,270.2734700989987,76.36154201044408,18.185305796022107,9.020244803040873,5.687777001067564,24.080189485860757,0.0,484.62998631336706,713.3172363133671,-17.2085,49633.83725733419,50329.94599364756,1.0333885445650377,0.01878188261659638,0.03980223434153137,0.05858411695812775,49747.18195665293,582.7640369946275,10512.191306633313,25287.559505656423,8435.739986704682,33723.299492361104,4376.927362522994,1134.7637951355077,11648.569803135175,11648.569803135175,1119.1370723375774,12767.706875472752,672.0285468275065,672.0285468275065,0.0,12320.598349962682,0.037120336170114274,0.0390564190151754,0.03283049075431807,0.8715431739846109,13069.99932338476,7.275957614183426e-12,persistent_financial_repression
2034Q3,2034-09-30,2034,3,2034,49157.59897480961,28163.69999999996,0.01776333439337474,0.01968155262857385,0.022566712808094413,228.68725,461.75808744148554,82.10021410480617,274.3880960165556,77.63154606743133,18.494871973387962,9.143359279304354,5.687777001067564,24.486957780546767,0.0,491.9328222230999,720.6200722230999,-17.2085,50329.94599364756,51033.357565870654,1.0381580595916058,0.01860849632767368,0.040029035793647014,0.05863753212132069,50450.59352887603,582.7640369946275,10658.439168574207,25639.365461572746,8553.099812164326,34192.46527373707,4449.138213929824,1150.5508726349233,11891.689970279214,11891.689970279214,1134.7637951355077,13026.453765414723,678.9246144425532,678.9246144425532,0.0,12570.614584721767,0.03716593845497393,0.03909663024754206,0.032733928379461236,0.8773248103171591,13561.93214560786,-7.275957614183426e-12,persistent_financial_repression
2034Q4,2034-12-31,2034,4,2035,49615.46617163581,28287.799999999956,0.0177423648279893,0.01968916041410429,0.02257322550837304,189.9905,468.859722969088,83.21576380864312,278.67476871618237,78.91516915839618,18.789210383973685,9.26481090189272,5.709630652454863,24.898069035778903,0.0,499.4674226573218,689.4579226573218,-17.416,51033.357565870654,51705.39948852798,1.0421226177672587,0.015317038388212412,0.040267074861657356,0.05558411324986977,51122.63545153335,582.7640369946275,10797.841103556415,25974.703225435722,8664.965972401666,34639.669197837386,4519.52620007001,1165.5989500695325,11770.957276008388,11770.957276008388,1150.5508726349233,12921.508148643312,647.1438536215428,647.1438536215428,0.0,12418.101129629931,0.037188599572931275,0.03914830977073304,0.0326117340993784,0.8815805746906232,14061.399568265182,7.275957614183426e-12,persistent_financial_repression
2035Q1,2035-03-31,2035,1,2035,50077.91940978854,28412.399999999954,0.017735654711652504,0.019722056747187633,0.02256874260208286,189.9905,475.39813088509396,84.25015521049892,282.5311705859711,80.13926461679327,19.094468923770982,9.383071548059737,5.709630652454863,25.28699007949823,0.0,506.39475161704706,696.3852516170471,-17.416,51705.39948852798,52384.36874014503,1.0460572115922542,0.01517559053884042,0.04044854559337495,0.05562413613221537,51801.6047031504,582.7640369946275,10938.651483832653,26313.429069209385,8777.962370658784,35091.391439868166,4590.762713927814,1180.799065521761,12054.631555847753,12054.631555847753,1165.5989500695325,13220.230505917285,653.6822615375488,653.6822615375488,0.0,12708.313817385302,0.037205378709448615,0.03917538644910014,0.03254615194986254,0.8873175089233348,14567.794319882229,0.0,persistent_financial_repression
2035Q2,2035-06-30,2035,2,2035,50544.49635069741,28537.399999999954,0.017714424126451522,0.01972826196496369,0.022573755489187608,189.9905,481.92916742942344,85.32148157389469,286.405191923012,81.37629268671307,19.323720766017296,9.50248047978637,5.709630652454863,25.691219907914643,0.0,513.330017989793,703.320517989793,-17.416,52384.36874014503,53070.273258134825,1.0499713537535835,0.015035504453879361,0.04062400894673947,0.05565951340061883,52487.50922114019,582.7640369946275,11080.868721528033,26655.539173187673,8892.08773271042,35547.6269058981,4662.862546129429,1196.1510475846314,12122.362337719884,12122.362337719884,1180.799065521761,13303.161403241644,660.2132980818783,660.2132980818783,0.0,12782.575635801762,0.037229511882632974,0.03919719033257338,0.032634228390933696,0.8913929813057212,15081.124337872021,0.0,persistent_financial_repression
2035Q3,2035-09-30,2035,3,2035,51015.40210060553,28662.899999999958,0.017707331988727093,0.01973390522034224,0.022567910616891007,189.9905,488.62734594256915,86.40307385611483,290.33897848862375,82.62625071458363,19.636007705428742,9.623035177818359,5.709630652454863,26.088010818983072,0.0,520.4249874140071,710.4154874140071,-17.416,53070.273258134825,53763.27274554882,1.053863549669261,0.014896716848400172,0.040805322783711226,0.05570203963211139,53180.508708554196,582.7640369946275,11224.528820869033,27001.120147192752,9007.370950942963,36008.49109813572,4735.830006728413,1211.658782821039,12271.319882933585,12271.319882933587,1196.1510475846314,13467.470930518219,666.9114765950239,666.9114765950239,0.0,12938.23135952861,0.03725411020913295,0.03922534823837443,0.03249703563190784,0.895663234238404,15601.549325286029,-1.4551915228366852e-11,persistent_financial_repression
2035Q4,2035-12-31,2035,4,2036,51490.98830518635,28788.899999999954,0.01769999094559438,0.019764486694536787,0.022571471840996393,242.76275,495.4060313337572,87.4952021586741,294.342361450346,83.88917837032112,19.934523593577918,9.744765760838208,5.7387688543045945,26.500399074585236,0.0,527.645199262647,770.407949262647,-16.55475,53763.27274554882,54517.12594481147,1.0587702380402808,0.018858659193810665,0.04098932388986604,0.059847983083676705,53934.36190781685,582.7640369946275,11381.20864899924,27378.020677406515,9133.102137972824,36511.12281537934,4813.458479416077,1228.5719640221862,12165.109875940097,12165.109875940096,1211.658782821039,13376.768658761135,727.3528001880618,727.3528001880618,0.0,12892.462676128158,0.03727397312492022,0.03925692557890884,0.03219040431574941,0.8970627203165388,16129.194524548675,7.275957614183426e-12,persistent_financial_repression
2036Q1,2036-03-31,2036,1,2036,51970.463023092285,28915.29999999995,0.017678326506116004,0.019743412449576114,0.022574269177581208,242.76275,502.69673127837217,88.68806839732657,298.59272955164306,85.26719218016841,20.27102255849578,9.877718590738375,5.7387688543045945,26.938096935793006,0.0,535.3735970684697,778.1363470684697,-16.55475,54517.12594481147,55278.70754187995,1.0636562448427234,0.01868467093642264,0.04120599016642085,0.05989066110284349,54695.94350488532,582.7640369946275,11539.45897443691,27758.69911109992,9260.09360523819,37018.79271633811,4892.03713777467,1245.654676335628,12433.377610262922,12433.377610262922,1228.5719640221862,13661.949574285109,734.6435001326768,734.6435001326768,0.0,13168.021110395599,0.037291023835374526,0.03928113140890345,0.03213240877869509,0.8989193766311034,16664.568121617143,1.4551915228366852e-11,persistent_financial_repression
2036Q2,2036-06-30,2036,2,2036,52454.31813283379,29041.99999999995,0.017642589134278408,0.019772661061247865,0.022576315037704076,242.76275,510.03165292177425,89.89238541086353,302.87860989348997,86.63392431793181,20.61166970175058,10.015063597738447,5.7387688543045945,27.380316046137864,0.0,543.1507378222167,785.9134878222167,-16.55475,55278.70754187995,56048.066279702165,1.0685119600214357,0.018512317661644916,0.0414189532649539,0.05993127092659881,55465.302242707534,582.7640369946275,11699.289323024474,28143.178363124898,9388.352996961614,37531.53136008651,4971.573611545195,1262.9079480513553,12506.278475684048,12506.278475684048,1245.654676335628,13751.933152019676,741.9784217760788,741.9784217760788,0.0,13248.256897460127,0.03731138470353759,0.03930270890727449,0.03216084572447258,0.9002635816219204,17207.71885943936,0.0,persistent_financial_repression
2036Q3,2036-09-30,2036,3,2036,52942.07526443998,29168.899999999947,0.01759302613883751,0.01977588746711989,0.022577621701592054,242.76275,517.4852957289581,91.13746382636064,307.200101601765,88.04060919665847,20.95649847171112,10.150622632462767,5.7387688543045945,27.82707200605347,0.0,551.0511365893161,793.8138865893161,-16.55475,56048.066279702165,56825.32541629148,1.0733490353835788,0.01834176305234928,0.0416342679305165,0.05997603098286578,56242.56137929685,582.7640369946275,11860.725268612105,28531.519952553852,9517.900835443752,38049.4207879976,5052.08078288696,1280.3345398001863,12661.843245410008,12661.843245410008,1262.9079480513553,13924.751193461363,749.4320645832627,749.4320645832627,0.0,13411.27530999327,0.03732878506272068,0.03932704003305674,0.03213839428451168,0.9015845094309369,17758.769996028674,7.275957614183426e-12,persistent_financial_repression
