quarter,quarter_end,calendar_year,calendar_quarter,fiscal_year,nominal_gdp_billions_saar,real_gdp_billions_chained_saar,annual_real_gdp_growth_rate,annual_inflation_rate,annual_tips_reference_inflation_rate,primary_deficit_billions,marketable_interest_excluding_tips_inflation_billions,bills_interest_cost_billions,notes_interest_cost_billions,bonds_interest_cost_billions,tips_real_interest_cost_billions,frns_interest_cost_billions,other_public_debt_interest_billions,tips_inflation_compensation_billions,tips_deflation_floor_cost_billions,modeled_debt_interest_cost_billions,modeled_total_deficit_billions,other_financing_adjustment_billions,treasury_debt_management_adjustment_billions,beginning_debt_held_by_public_billions,debt_held_by_public_billions,debt_held_by_public_gdp_ratio,primary_deficit_gdp_ratio_annualized,modeled_interest_gdp_ratio_annualized,modeled_total_deficit_gdp_ratio_annualized,marketable_debt_billions,other_public_debt_billions,bills_outstanding_billions,notes_outstanding_billions,bonds_outstanding_billions,nominal_fixed_rate_debt_outstanding_billions,tips_outstanding_billions,frns_outstanding_billions,bill_share_of_marketable_debt,weighted_average_remaining_maturity_quarters,principal_maturing_next_four_quarters_billions,principal_maturing_next_eight_quarters_billions,share_marketable_debt_maturing_next_four_quarters,share_marketable_debt_maturing_next_eight_quarters,principal_maturing_billions,principal_refinanced_billions,treasury_buyback_operation_count,treasury_buyback_cash_limit_billions,treasury_buyback_face_value_limit_billions,treasury_buyback_cash_spent_billions,treasury_buyback_face_value_retired_billions,treasury_buyback_premium_or_discount_billions,treasury_buyback_unfilled_cash_limit_billions,treasury_buyback_unfilled_face_value_limit_billions,treasury_buyback_weighted_price_per_dollar_face,treasury_buyback_notes_retired_billions,treasury_buyback_bonds_retired_billions,treasury_buyback_financing_issuance_billions,treasury_buyback_financing_instrument,frn_principal_reset_billions,principal_repriced_or_reset_billions,net_new_borrowing_requirement_billions,genuinely_new_borrowing_billions,debt_repayment_billions,gross_treasury_issuance_billions,new_borrowing_bill_share,new_borrowing_note_share,new_borrowing_bond_share,new_borrowing_tips_share,new_borrowing_frn_share,average_effective_marketable_rate_excluding_tips_inflation,average_effective_debt_cost_rate_including_tips_inflation,average_new_issuance_stated_rate,share_marketable_debt_repriced_since_scenario_start,cumulative_modeled_interest_billions,debt_identity_residual_billions,short_issuance_rate,intermediate_issuance_rate,long_issuance_rate,tips_real_issuance_rate,policy_regime,inflation_gap_to_target,output_gap,policy_reaction_rate_adjustment,policy_rate_proxy,iorb_rate,fiscal_risk_premium_basis_points,liquidity_premium_basis_points,reference_short_issuance_rate,reference_intermediate_issuance_rate,reference_long_issuance_rate,reference_tips_real_issuance_rate,shadow_short_issuance_rate,shadow_intermediate_issuance_rate,shadow_long_issuance_rate,shadow_tips_real_issuance_rate,short_yield_suppression_basis_points,intermediate_yield_suppression_basis_points,long_yield_suppression_basis_points,average_nominal_yield_suppression_basis_points,required_fed_purchase_equivalent_gross_issuance_share,rate_bound_binding,required_total_fed_market_absorption_billions,fed_treasury_rollover_billions,required_fed_treasury_purchases_billions,fed_treasury_purchases_billions,unfilled_fed_treasury_purchases_billions,fed_purchase_requirement_covered,fed_purchase_requirement_coverage_ratio,fed_treasury_holdings_billions,fed_reserve_balances_billions,fed_average_treasury_yield,fed_treasury_interest_income_billions,fed_reserve_interest_expense_billions,fed_net_income_billions,fed_remittance_to_treasury_billions,fed_deferred_remittances_billions,consolidated_public_financing_cost_billions,consolidated_public_financing_cost_gdp_ratio_annualized,cumulative_consolidated_public_financing_cost_billions,scenario
2036Q4,2036-12-31,2036,4,2037,45567.45791099619,27698.55388240954,0.017515988152144724,0.05366937236414482,0.022578201318361746,247.04041823154074,1600.1998741716732,330.1144357628681,916.7886883253786,225.02850094890826,98.67032999239234,29.59791914212602,5.894658234200658,34.984618848701245,0.0,1641.0791512545752,1888.119569486116,0.0,0.0,77061.53216807223,78949.65173755835,1.73258846020696,0.021685687949858246,0.14405711676609068,0.16574280471594893,78366.88770056372,582.7640369946275,16671.000195050547,40102.857449439274,13378.012144338441,53480.869593777716,6415.4266658928245,1799.591245842633,0.21273015535272594,20.145508017406723,21534.264298400256,26297.032359445024,0.2747877953336834,0.3355630564266477,17421.739362036373,17421.739362036373,0,0.0,0.0,0.0,0.0,0.0,0.0,0.0,0.0,0.0,0.0,0.0,none,1756.50018026592,19178.239542302294,1853.1349506374147,1853.1349506374147,0.0,19274.874312673786,0.2154110468670722,0.5181811771623273,0.1728613500867164,0.0702933619006643,0.0232530639832198,0.07996397340927477,0.08518279380562327,0.06670732183860345,0.2658294445174944,1641.0791512545752,1.4551915228366852e-11,0.0664020292731086,0.07283902195483134,0.0665260146365542,0.04012601463655431,price_stability,0.033669372364144814,0.0,0.02525202927310861,0.05640202927310861,0.05640202927310861,0.0,100.0,0.03115,0.0438999999999999,0.0438999999999999,0.0175,0.0664020292731086,0.07283902195483134,0.0665260146365542,0.04012601463655431,0.0,0.0,0.0,0.0,0.0,False,0.0,0.0,0.0,0.0,0.0,True,1.0,0.0,0.0,0.0,0.0,0.0,0.0,0.0,0.0,1641.0791512545752,0.14405711676609068,1641.0791512545752,price_stability
2037Q1,2037-03-31,2037,1,2037,46357.37181571065,27818.71239056672,0.01746555549210771,0.052776795798754605,0.056535982643295624,249.06629979072068,1573.3857515173704,276.74706074093643,929.9129550467094,230.35616048349496,100.66630961829257,35.703265627937206,5.894658234200658,88.81423522884883,0.0,1668.09464498042,1917.1609447711407,0.0,0.0,78949.65173755835,80866.81268232949,1.7444218581633113,0.021490976734475822,0.1439334957651847,0.1654244724996605,80284.04864533486,582.7640369946275,17064.84627378902,41050.272299650765,13694.06262497653,54744.3349246273,6632.761538055415,1842.105908863129,0.2125558758150723,20.057756632271055,21861.218086404508,26726.65714664847,0.27229840118028004,0.33290121260223093,17922.664293281177,17922.664293281177,0,0.0,0.0,0.0,0.0,0.0,0.0,0.0,0.0,0.0,0.0,0.0,none,1799.591245842633,19722.25553912381,1828.3467095422918,1828.3467095422918,0.0,19751.01100282347,0.2154110468670722,0.5181811771623273,0.1728613500867164,0.0702933619006643,0.0232530639832198,0.08246305599510005,0.08451435102084764,0.07813059658160917,0.29528769874648886,3309.1737962349953,0.0,0.07835861148562025,0.08180645861421508,0.07250430574281001,0.04610430574281013,price_stability,0.0327767957987546,0.0,0.037208611485620255,0.06835861148562025,0.06835861148562025,0.0,100.0,0.03115,0.0438999999999999,0.0438999999999999,0.0175,0.07835861148562025,0.08180645861421508,0.07250430574281001,0.04610430574281013,0.0,0.0,0.0,0.0,0.0,False,0.0,0.0,0.0,0.0,0.0,True,1.0,0.0,0.0,0.0,0.0,0.0,0.0,0.0,0.0,1668.09464498042,0.1439334957651847,3309.1737962349953,price_stability
2037Q2,2037-06-30,2037,2,2037,47160.97891301181,27939.39215579544,0.01746555549210771,0.052776795798755494,0.056351131132581944,251.10879480984056,1659.2684433096078,334.294414807417,946.7619971579076,236.1854222456147,102.72670597152545,39.299903127143345,5.894658234200658,91.52883505384656,0.0,1756.691936597655,2007.8007314074957,0.0,0.0,80866.81268232949,82874.61341373698,1.7572708481433092,0.021298013790002915,0.14899537516707315,0.17029338895707608,82291.84937674235,582.7640369946275,17477.632409064507,42043.248326666384,14025.311972113452,56068.560298779834,6858.991567019722,1886.6651018782868,0.2123859475930566,19.96959109153904,22244.14996117638,27216.853442577296,0.2703080575980239,0.33073571257312673,18328.903969789633,18328.903969789633,0,0.0,0.0,0.0,0.0,0.0,0.0,0.0,0.0,0.0,0.0,0.0,none,1842.105908863129,20171.009878652763,1916.2718963536493,1916.2718963536493,0.0,20245.175866143283,0.2154110468670722,0.5181811771623273,0.1728613500867164,0.0702933619006643,0.0232530639832198,0.08368912626219784,0.08689309635578188,0.08394691216623361,0.32426761923847597,5065.86573283265,0.0,0.08433690259187673,0.08629017694390745,0.07549345129593826,0.049093451295938374,price_stability,0.03277679579875549,0.0,0.04318690259187674,0.07433690259187674,0.07433690259187674,0.0,100.0,0.03115,0.0438999999999999,0.0438999999999999,0.0175,0.08433690259187673,0.08629017694390745,0.07549345129593826,0.049093451295938374,0.0,0.0,0.0,0.0,0.0,False,0.0,0.0,0.0,0.0,0.0,True,1.0,0.0,0.0,0.0,0.0,0.0,0.0,0.0,0.0,1756.691936597655,0.14899537516707315,5065.86573283265,price_stability
2037Q3,2037-09-30,2037,3,2037,47978.51657500072,28060.59543934993,0.017465555492108598,0.052776795798754605,0.056351131132581944,253.16803952936806,1724.5762737692655,368.5023455049753,966.547389489008,242.577702825136,105.28841779464543,41.66041815550025,5.894658234200658,94.65069777821819,0.0,1825.1216297816845,2078.2896693110524,0.0,0.0,82874.61341373698,84952.90308304803,1.770644637381575,0.021106783419084004,0.15216157230944208,0.17326835572852609,84370.1390460534,582.7640369946275,17904.930156528717,43071.13270400034,14368.206482817242,57439.33918681758,7093.078916904162,1932.7907858029478,0.21221880583550204,19.8703348991333,22574.001771330317,27668.550002826778,0.26755913912869467,0.3279424487818363,18762.864796611913,18762.864796611913,0,0.0,0.0,0.0,0.0,0.0,0.0,0.0,0.0,0.0,0.0,0.0,none,1886.6651018782868,20649.5298984902,1983.6389715328344,1983.6389715328344,0.0,20746.503768144747,0.2154110468670722,0.5181811771623273,0.1728613500867164,0.0702933619006643,0.0232530639832198,0.0842674858418425,0.08809074598852533,0.08681887998253542,0.3526211212216027,6890.987362614334,0.0,0.08732604814500432,0.08853203610875314,0.07698802407250206,0.050588024072502166,price_stability,0.0327767957987546,0.0,0.046176048145004325,0.07732604814500432,0.07732604814500432,0.0,100.0,0.03115,0.0438999999999999,0.0438999999999999,0.0175,0.08732604814500432,0.08853203610875314,0.07698802407250206,0.050588024072502166,0.0,0.0,0.0,0.0,0.0,False,0.0,0.0,0.0,0.0,0.0,True,1.0,0.0,0.0,0.0,0.0,0.0,0.0,0.0,0.0,1825.1216297816845,0.15216157230944208,6890.987362614334,price_stability
2037Q4,2037-12-31,2037,4,2038,48810.226288634316,28182.3245122939,0.01746555549210682,0.052776795798754605,0.056351131132581944,265.00612925662665,1774.7751903052933,390.8916982204916,988.1326817065714,249.17739553623406,108.00427468342701,38.569140158569205,5.91068424521801,97.88098765262941,0.0,1878.5668622031408,2143.5729914597673,0.0,0.0,84952.90308304803,87096.4760745078,1.7843899259854201,0.021717262910402407,0.1539486296248189,0.1756658925352213,86513.71203751316,582.7640369946275,18345.594812636413,44131.17179464468,14721.827564456944,58852.999359101625,7334.758472917702,1980.359392857436,0.21205418633154463,19.69692642516962,23140.008831937415,29114.84844566817,0.26747215310682415,0.33653449563051574,18983.810884650942,18983.81088465094,0,0.0,0.0,0.0,0.0,0.0,0.0,0.0,0.0,0.0,0.0,0.0,none,1932.7907858029478,20916.601670453885,2045.692003807138,2045.692003807138,0.0,21029.502888458075,0.2154110468670722,0.5181811771623273,0.1728613500867164,0.0702933619006643,0.0232530639832198,0.08190974229013508,0.08845215614899923,0.0782462842534627,0.37762877994902205,8769.554224817475,0.0,0.07882062092156811,0.07965296569117598,0.06773531046078396,0.04133531046078406,price_stability,0.0327767957987546,0.0,0.04767062092156811,0.07882062092156811,0.07882062092156811,0.0,0.0,0.03115,0.0438999999999999,0.0438999999999999,0.0175,0.07882062092156811,0.07965296569117598,0.06773531046078396,0.04133531046078406,0.0,0.0,0.0,0.0,0.0,False,0.0,0.0,0.0,0.0,0.0,True,1.0,0.0,0.0,0.0,0.0,0.0,0.0,0.0,0.0,1878.5668622031408,0.1539486296248189,8769.554224817475,price_stability
2038Q1,2038-03-31,2038,1,2038,49676.44016115621,28304.416431579815,0.017441798459170377,0.054505881638612586,0.056351131132581944,267.1793405642089,1774.0909770102926,361.5027935768752,1006.6927638052463,255.16555397381993,110.19947301886555,40.530392635485846,5.91068424521801,101.21604622383434,0.0,1881.2177074793449,2148.3970480435537,0.0,0.0,87096.4760745078,89244.87312255136,1.7965231170557008,0.021513565762558487,0.15147765833271898,0.17299122409527745,88662.10908555673,582.7640369946275,18786.580215364782,45191.98245603197,15075.706036303378,60267.68849233535,7579.877754178611,2027.9626236779818,0.21188961563316974,19.564520607701905,23683.748350300604,30572.60825184905,0.26712367430202205,0.3448215767385732,19532.48185687206,19532.481856872062,0,0.0,0.0,0.0,0.0,0.0,0.0,0.0,0.0,0.0,0.0,0.0,none,1980.359392857436,21512.8412497295,2047.1810018197193,2047.1810018197193,0.0,21579.66285869178,0.2154110468670722,0.5181811771623273,0.1728613500867164,0.0702933619006643,0.0232530639832198,0.08207393837918803,0.08639696080792215,0.08013732559146433,0.40257630561228824,10650.77193229682,1.4551915228366852e-11,0.08086472168974349,0.08118604126730751,0.06875736084487163,0.042357360844871746,price_stability,0.03450588163861258,0.0,0.04971472168974349,0.08086472168974349,0.08086472168974349,0.0,0.0,0.03115,0.0438999999999999,0.0438999999999999,0.0175,0.08086472168974349,0.08118604126730751,0.06875736084487163,0.042357360844871746,0.0,0.0,0.0,0.0,0.0,False,0.0,0.0,0.0,0.0,0.0,True,1.0,0.0,0.0,0.0,0.0,0.0,0.0,0.0,0.0,1881.2177074793449,0.15147765833271898,10650.77193229682,price_stability
2038Q2,2038-06-30,2038,2,2038,50558.02635480837,28427.0372794411,0.017441798459170377,0.054505881638612586,0.056584157349406805,269.37037352520224,1821.2636446985719,379.7928951543785,1025.864801059721,261.3814425013976,112.20168704231276,42.0228189407614,5.91068424521801,105.02232631491896,0.0,1932.1966552587087,2201.567028783911,0.0,0.0,89244.87312255136,91446.44015133526,1.8087422857367565,0.021311779192866656,0.15286962680851923,0.1741814060013859,90863.67611434063,582.7640369946275,19238.19910452724,46278.37245793079,15438.117584089323,61716.490042020116,7832.273256005104,2076.7137117881744,0.21172596055125878,19.442803465692034,24243.81517335607,32093.729420197,0.26681525786881266,0.35320747291592114,20023.120437210604,20023.120437210608,0,0.0,0.0,0.0,0.0,0.0,0.0,0.0,0.0,0.0,0.0,0.0,none,2027.9626236779818,22051.083060888588,2096.544702468992,2096.544702468992,0.0,22119.6651396796,0.2154110468670722,0.5181811771623273,0.1728613500867164,0.0702933619006643,0.0232530639832198,0.08202189774324477,0.0866020237422674,0.0811159647229408,0.42715200174759616,12582.96858755553,-1.4551915228366852e-11,0.08188677207383117,0.08195257905537329,0.06926838603691549,0.04286838603691559,price_stability,0.03450588163861258,0.0,0.05073677207383118,0.08188677207383117,0.08188677207383117,0.0,0.0,0.03115,0.0438999999999999,0.0438999999999999,0.0175,0.08188677207383117,0.08195257905537329,0.06926838603691549,0.04286838603691559,0.0,0.0,0.0,0.0,0.0,False,0.0,0.0,0.0,0.0,0.0,True,1.0,0.0,0.0,0.0,0.0,0.0,0.0,0.0,0.0,1932.1966552587087,0.15286962680851923,12582.96858755553,price_stability
2038Q3,2038-09-30,2038,3,2038,51455.2576754929,28550.18934731063,0.01744179845916949,0.054505881638612586,0.056584157349406805,271.57937428799494,1865.0296827219074,393.8385062958513,1045.8120752603043,267.8136341129508,114.26712977405663,43.29833727874324,5.91068424521801,108.51936988381117,0.0,1979.4597368509365,2251.0391111389313,0.0,0.0,91446.44015133526,93697.4792624742,1.8209505402418849,0.02111188528105206,0.15387813228607836,0.17499001756713042,93114.71522547957,582.7640369946275,19699.721524924375,47388.58585954789,15808.476439150125,63197.062298698016,8091.397541440278,2126.533860416891,0.21156399906524995,19.27982784098395,24828.10073617012,33737.36209086072,0.26663992555900823,0.36232041315021873,20425.516533285823,20425.516533285823,0,0.0,0.0,0.0,0.0,0.0,0.0,0.0,0.0,0.0,0.0,0.0,none,2076.7137117881744,22502.230245074,2142.51974125512,2142.51974125512,0.0,22568.036274540944,0.2154110468670722,0.5181811771623273,0.1728613500867164,0.0702933619006643,0.0232530639832198,0.08187092078666874,0.08658444149712625,0.08169352083175808,0.4503028561376043,14562.428324406466,0.0,0.08239779726587503,0.08233584794940617,0.06952389863293741,0.043123898632937516,price_stability,0.03450588163861258,0.0,0.05124779726587503,0.08239779726587503,0.08239779726587503,0.0,0.0,0.03115,0.0438999999999999,0.0438999999999999,0.0175,0.08239779726587503,0.08233584794940617,0.06952389863293741,0.043123898632937516,0.0,0.0,0.0,0.0,0.0,False,0.0,0.0,0.0,0.0,0.0,True,1.0,0.0,0.0,0.0,0.0,0.0,0.0,0.0,0.0,1979.4597368509365,0.15387813228607836,14562.428324406466,price_stability
2038Q4,2038-12-31,2038,4,2039,52368.41177047975,28673.874936548265,0.017441798459170377,0.054505881638613474,0.056584157349406805,280.32405192709604,1907.576850467375,405.80341510122827,1066.3999508077493,274.2508319872153,116.64975358186345,44.47289898931788,5.922339525957902,112.10964351930504,0.0,2025.6088335126378,2305.932885439734,0.0,0.0,93697.4792624742,96003.41214791393,1.8332313106740306,0.021411690173511477,0.15471989812411918,0.17613158829763068,95420.6481109193,582.7640369946275,20172.29528610777,48525.383769532295,16187.703686600107,64713.0874561324,8357.718396049986,2177.5469726291412,0.21140388045424927,19.11638426448546,26182.20660345691,35322.27612608273,0.2743872224911119,0.3701743472232892,20903.051754861037,20903.051754861037,0,0.0,0.0,0.0,0.0,0.0,0.0,0.0,0.0,0.0,0.0,0.0,none,2126.533860416891,23029.585615277927,2193.8232419204287,2193.8232419204287,0.0,23096.874996781466,0.2154110468670722,0.5181811771623273,0.1728613500867164,0.0702933619006643,0.0232530639832198,0.08167232394047368,0.08647442170085758,0.0819520693565412,0.4728199261792412,16588.037157919105,0.0,0.08265330986189762,0.08252748239642312,0.06965165493094871,0.04325165493094881,price_stability,0.03450588163861347,0.0,0.05150330986189762,0.08265330986189762,0.08265330986189762,0.0,0.0,0.03115,0.0438999999999999,0.0438999999999999,0.0175,0.08265330986189762,0.08252748239642312,0.06965165493094871,0.04325165493094881,0.0,0.0,0.0,0.0,0.0,False,0.0,0.0,0.0,0.0,0.0,True,1.0,0.0,0.0,0.0,0.0,0.0,0.0,0.0,0.0,2025.6088335126378,0.15471989812411918,16588.037157919105,price_stability
2039Q1,2039-03-31,2039,1,2039,53286.14171100381,28796.577412871466,0.017227156981449054,0.053808129052610454,0.056584157349406805,282.6228795094774,1949.719357062274,416.8267432270905,1087.5740473945834,280.8542833321652,119.13986680676338,45.324416301670034,5.922339525957902,115.79962858296508,0.0,2071.4413251711967,2354.0642046806743,0.0,0.0,96003.41214791393,98357.4763525946,1.845835956486288,0.021215488337832843,0.15549568864682395,0.1767111769846568,97774.71231559997,582.7640369946275,20654.442201610458,49685.21034237534,16574.61312307563,66259.82346545097,8630.853166510024,2229.593482028516,0.21124523624208136,18.9893271636612,27579.882917180792,37072.19350296463,0.28207582782915963,0.37915932069737984,21462.904896773252,21462.904896773252,0,0.0,0.0,0.0,0.0,0.0,0.0,0.0,0.0,0.0,0.0,0.0,none,2177.5469726291412,23640.451869402394,2238.2645760977093,2238.2645760977093,0.0,23701.169472870963,0.2154110468670722,0.5181811771623273,0.1728613500867164,0.0702933619006643,0.0232530639832198,0.08132016599830029,0.08630698758830344,0.08150246793472041,0.49533337026500796,18659.4784830903,0.0,0.08225775172040664,0.08223081379030488,0.06945387586020321,0.043053875860203324,price_stability,0.03380812905261045,0.0,0.051107751720406644,0.08225775172040664,0.08225775172040664,0.0,0.0,0.03115,0.0438999999999999,0.0438999999999999,0.0175,0.08225775172040664,0.08223081379030488,0.06945387586020321,0.043053875860203324,0.0,0.0,0.0,0.0,0.0,False,0.0,0.0,0.0,0.0,0.0,True,1.0,0.0,0.0,0.0,0.0,0.0,0.0,0.0,0.0,2071.4413251711967,0.15549568864682395,18659.4784830903,price_stability
2039Q2,2039-06-30,2039,2,2039,54219.95440476136,28919.80496289779,0.017227156981449054,0.053808129052610454,0.056761870429347994,284.9405588750618,1989.3185542080687,424.7469946358906,1109.0301520915878,287.7897475042473,121.45416656705473,46.297493409287824,5.922339525957902,119.95194687499756,0.0,2115.192840609024,2400.133399484086,0.0,0.0,98357.4763525946,100757.60975207869,1.8583123290717964,0.02102108435930662,0.1560453426293016,0.17706642698860822,100174.84571508405,582.7640369946275,21145.618475363863,50866.757451632024,16968.768367416327,67835.52581904834,8911.086733432458,2282.6146872393856,0.21108710799022287,18.880385895984272,29030.706551650896,38711.139080797926,0.2898003620012517,0.38643572450213326,22001.835694973677,22001.83569497368,0,0.0,0.0,0.0,0.0,0.0,0.0,0.0,0.0,0.0,0.0,0.0,none,2229.593482028516,24231.429177002196,2280.1814526090884,2280.1814526090884,0.0,24282.01714758277,0.2154110468670722,0.5181811771623273,0.1728613500867164,0.0702933619006643,0.0232530639832198,0.0810120086861759,0.0860206226937512,0.08126999059628782,0.5175550034007335,20774.671323699324,0.0,0.08205997264966115,0.08208247948724576,0.06935498632483048,0.04295498632483058,price_stability,0.03380812905261045,0.0,0.050909972649661156,0.08205997264966115,0.08205997264966115,0.0,0.0,0.03115,0.0438999999999999,0.0438999999999999,0.0175,0.08205997264966115,0.08208247948724576,0.06935498632483048,0.04295498632483058,0.0,0.0,0.0,0.0,0.0,False,0.0,0.0,0.0,0.0,0.0,True,1.0,0.0,0.0,0.0,0.0,0.0,0.0,0.0,0.0,2115.192840609024,0.1560453426293016,20774.671323699324,price_stability
2039Q3,2039-09-30,2039,3,2039,55170.131693871896,29043.55983354516,0.017227156981449054,0.053808129052610454,0.056761870429347105,287.27724461992796,2030.479891425937,433.802218437132,1130.8165483412488,294.8677000542331,123.65137789683179,47.34204669649054,5.922339525957902,123.84664433810431,0.0,2160.248875289999,2447.526119909927,0.0,0.0,100757.60975207869,103205.13587198862,1.8706704643130712,0.02082846176362038,0.1566245219262329,0.1774529836898533,102622.37183499399,582.7640369946275,21646.16470378032,52070.84441763177,17370.442738732465,69441.28715636424,9198.272620088075,2336.6473547613523,0.21093027101912126,18.748516200899665,30591.9166088436,40539.73570957181,0.2981018277187375,0.3950379920545537,22455.38167532546,22455.38167532546,0,0.0,0.0,0.0,0.0,0.0,0.0,0.0,0.0,0.0,0.0,0.0,none,2282.6146872393856,24737.996362564845,2323.679475571823,2323.679475571823,0.0,24779.061150897283,0.2154110468670722,0.5181811771623273,0.1728613500867164,0.0702933619006643,0.0232530639832198,0.08074582990338877,0.0857602271671766,0.08125230034690636,0.5385485028119001,22934.920198989323,0.0,0.08196108311428842,0.0820083123357162,0.0693055415571441,0.04290554155714421,price_stability,0.03380812905261045,0.0,0.05081108311428842,0.08196108311428842,0.08196108311428842,0.0,0.0,0.03115,0.0438999999999999,0.0438999999999999,0.0175,0.08196108311428842,0.0820083123357162,0.0693055415571441,0.04290554155714421,0.0,0.0,0.0,0.0,0.0,False,0.0,0.0,0.0,0.0,0.0,True,1.0,0.0,0.0,0.0,0.0,0.0,0.0,0.0,0.0,2160.248875289999,0.1566245219262329,22934.920198989323,price_stability
2039Q4,2039-12-31,2039,4,2040,56136.96035959558,29167.84428134662,0.017227156981449054,0.053808129052610454,0.056761870429347994,293.9442834983906,2073.283021964203,443.53577609802875,1153.0234632222862,302.0994534548947,126.19051408361379,48.433815105379395,5.935451716790281,127.83796542244977,0.0,2207.056439103443,2501.000722601834,0.0,0.0,103205.13587198862,105706.13659459045,1.8830042794884234,0.020944795130728607,0.15726226891985168,0.1782070640505803,105123.37255759582,582.7640369946275,22157.370177690278,53300.57268874478,17780.670856914006,71081.24354565878,9492.928174050114,2391.8306601966387,0.21077491749563612,18.817109033726545,31330.94137932995,41346.45932456336,0.2980397281505034,0.39331366867924766,23730.576730548793,23730.576730548793,0,0.0,0.0,0.0,0.0,0.0,0.0,0.0,0.0,0.0,0.0,0.0,none,2336.6473547613523,26067.224085310147,2373.162757179384,2373.162757179384,0.0,26103.739487728177,0.2154110468670722,0.5181811771623273,0.1728613500867164,0.0702933619006643,0.0232530639832198,0.08041304596231813,0.08554056619201528,0.0812292742749861,0.5660948943263375,25141.976638092765,0.0,0.08191163834660205,0.08197122875995144,0.06928081917330092,0.04288081917330103,price_stability,0.03380812905261045,0.0,0.05076163834660205,0.08191163834660205,0.08191163834660205,0.0,0.0,0.03115,0.0438999999999999,0.0438999999999999,0.0175,0.08191163834660205,0.08197122875995144,0.06928081917330092,0.04288081917330103,0.0,0.0,0.0,0.0,0.0,False,0.0,0.0,0.0,0.0,0.0,True,1.0,0.0,0.0,0.0,0.0,0.0,0.0,0.0,0.0,2207.056439103443,0.15726226891985168,25141.976638092765,price_stability
2040Q1,2040-03-31,2040,1,2040,57122.79807889186,29295.409800174013,0.017609093307503265,0.053565008463151154,0.05676187042934888,296.3548052568487,2114.9642286059134,453.7366231766879,1173.512824479329,309.47072854892696,128.7902175337502,49.45383486721836,5.935451716790281,131.93310024555643,0.0,2252.83278056826,2549.1875858251087,0.0,0.0,105706.13659459045,108255.32418041556,1.8951334287039818,0.020752121060145224,0.15775367148205102,0.17850579254219623,107672.56014342092,582.7640369946275,22678.073496973095,54553.14846358332,18198.52073079446,72751.66919437778,9794.778218656515,2448.0392334135445,0.21062073258744543,18.90482035519443,32206.013332583603,42270.728163118285,0.29911068604373175,0.3925858928849955,24365.17072561149,24365.17072561149,0,0.0,0.0,0.0,0.0,0.0,0.0,0.0,0.0,0.0,0.0,0.0,none,2391.8306601966387,26757.00138580813,2417.2544855795522,2417.2544855795522,0.0,26782.425211191043,0.2154110468670722,0.5181811771623273,0.1728613500867164,0.0702933619006643,0.0232530639832198,0.08004704088990999,0.08524889294586327,0.08097511318433415,0.5936108938609129,27394.809418661025,-1.4551915228366852e-11,0.08170457552066439,0.08181593164049819,0.06917728776033209,0.0427772877603322,price_stability,0.03356500846315115,0.0,0.05055457552066439,0.08170457552066439,0.08170457552066439,0.0,0.0,0.03115,0.0438999999999999,0.0438999999999999,0.0175,0.08170457552066439,0.08181593164049819,0.06917728776033209,0.0427772877603322,0.0,0.0,0.0,0.0,0.0,False,0.0,0.0,0.0,0.0,0.0,True,1.0,0.0,0.0,0.0,0.0,0.0,0.0,0.0,0.0,2252.83278056826,0.15775367148205102,27394.809418661025,price_stability
2040Q2,2040-06-30,2040,2,2040,58125.948385164025,29423.53322658747,0.017609093307503265,0.053565008463151154,0.05619323820971811,298.7850947586317,2156.440136970614,463.225592174154,1194.1484789851443,316.94302091385896,131.57039572331712,50.55264917414038,5.935451716790281,134.79202619739516,0.0,2297.167614884799,2595.952709643431,0.0,0.0,108255.32418041556,110851.27689005899,1.9070876255733058,0.020561219425016257,0.15808207375218497,0.17864329317720123,110268.51285306436,582.7640369946275,23208.234696302283,55828.47560371702,18623.96028931528,74452.4358930323,10102.573503471069,2505.2687602587007,0.2104701885952507,19.02336744567969,32920.64546605725,43017.442020426184,0.2985498272741273,0.39011537298728277,24984.815933438946,24984.815933438946,0,0.0,0.0,0.0,0.0,0.0,0.0,0.0,0.0,0.0,0.0,0.0,none,2448.0392334135445,27432.85516685249,2461.160683446036,2461.160683446036,0.0,27445.976616884982,0.2154110468670722,0.5181811771623273,0.1728613500867164,0.0702933619006643,0.0232530639832198,0.07973227279372136,0.08487961704521427,0.08090019336275918,0.6208562907998889,29691.977033545823,0.0,0.08160104410769556,0.08173828308077156,0.06912552205384767,0.04272552205384778,price_stability,0.03356500846315115,0.0,0.05045104410769556,0.08160104410769556,0.08160104410769556,0.0,0.0,0.03115,0.0438999999999999,0.0438999999999999,0.0175,0.08160104410769556,0.08173828308077156,0.06912552205384767,0.04272552205384778,0.0,0.0,0.0,0.0,0.0,False,0.0,0.0,0.0,0.0,0.0,True,1.0,0.0,0.0,0.0,0.0,0.0,0.0,0.0,0.0,2297.167614884799,0.15808207375218497,29691.977033545823,price_stability
2040Q3,2040-09-30,2040,3,2040,59146.71530985856,29552.2170005949,0.017609093307503265,0.053565008463151154,0.05619323820971811,301.23531411124793,2199.778791811164,473.4540457786783,1215.0084903004258,325.4372615044386,134.1769621375083,51.70203209011314,5.935451716790281,139.02778827061215,0.0,2344.7420317985666,2645.9773459098146,0.0,0.0,110851.27689005899,113497.25423596881,1.9189105200750025,0.020372073920462534,0.15857124234303815,0.17894331626350068,112914.49019897418,582.7640369946275,23748.259324956285,57127.52967658108,19057.31497444809,76184.84465102917,10417.823204263525,2563.5630187251895,0.21032074167901646,19.146328320374856,33728.99781729603,43756.34017054512,0.29871274942533865,0.3875174930466333,25579.043002134178,25579.043002134178,0,0.0,0.0,0.0,0.0,0.0,0.0,0.0,0.0,0.0,0.0,0.0,none,2505.2687602587007,28084.311762392877,2506.9495576392023,2506.9495576392023,0.0,28085.99255977338,0.2154110468670722,0.5181811771623273,0.1728613500867164,0.0702933619006643,0.0232530639832198,0.07944252835635791,0.0846085709639251,0.08084360839123894,0.6475425761556106,32036.71906534439,0.0,0.08154927840121114,0.08169945880090826,0.06909963920060547,0.04269963920060557,price_stability,0.03356500846315115,0.0,0.05039927840121114,0.08154927840121114,0.08154927840121114,0.0,0.0,0.03115,0.0438999999999999,0.0438999999999999,0.0175,0.08154927840121114,0.08169945880090826,0.06909963920060547,0.04269963920060557,0.0,0.0,0.0,0.0,0.0,False,0.0,0.0,0.0,0.0,0.0,True,1.0,0.0,0.0,0.0,0.0,0.0,0.0,0.0,0.0,2344.7420317985666,0.15857124234303815,32036.71906534439,price_stability
2040Q4,2040-12-31,2040,4,2041,60185.408223607854,29681.46357287557,0.017609093307502377,0.053565008463151154,0.05619323820971722,313.90226020595355,2244.3937726147387,484.16335280875467,1236.2033590663448,334.3253664816428,136.81321300639465,52.88848125160103,5.957305368177581,143.3661351917274,0.0,2393.717213174644,2707.6194733805974,0.0,0.0,113497.25423596881,116204.8737093494,1.9307815156393304,0.02086234982670266,0.1590895390644341,0.17995188889113675,115622.10967235477,582.7640369946275,24300.627820967933,58456.277489906206,19500.575268451787,77956.852758358,10741.43932736155,2623.1897656672804,0.21017284574576664,19.2311957240119,34349.9238119396,44259.26929393259,0.2970878485895044,0.38279243839567284,26056.06876856885,26056.06876856885,0,0.0,0.0,0.0,0.0,0.0,0.0,0.0,0.0,0.0,0.0,0.0,none,2563.5630187251895,28619.631787294038,2564.2533381888697,2564.2533381888697,0.0,28620.322106757718,0.2154110468670722,0.5181811771623273,0.1728613500867164,0.0702933619006643,0.0232530639832198,0.07918527122022939,0.08436211886493523,0.08093186185263325,0.6726218691833148,34430.43627851903,-1.4551915228366852e-11,0.08152339554796893,0.0816800466609766,0.06908669777398437,0.04268669777398447,price_stability,0.03356500846315115,0.0,0.050373395547968935,0.08152339554796893,0.08152339554796893,0.0,0.0,0.03115,0.0438999999999999,0.0438999999999999,0.0175,0.08152339554796893,0.0816800466609766,0.06908669777398437,0.04268669777398447,0.0,0.0,0.0,0.0,0.0,False,0.0,0.0,0.0,0.0,0.0,True,1.0,0.0,0.0,0.0,0.0,0.0,0.0,0.0,0.0,2393.717213174644,0.1590895390644341,34430.43627851903,price_stability
2041Q1,2041-03-31,2041,1,2041,61256.274052349625,29808.19978253751,0.017189212325988024,0.05495933695345423,0.056193238209719,316.47644950213635,2291.4705243376334,495.2674234781868,1257.955671055135,343.39905338202107,140.05243392704276,54.79594249524633,5.957305368177581,147.81961764623452,0.0,2445.2474473520456,2761.723896854182,0.0,0.0,116204.8737093494,118966.59760620358,1.9421128602195865,0.020665732899893683,0.1596732733213474,0.18033900622124108,118383.83356920895,582.7640369946275,24863.691678162435,59810.753486295835,19952.418291153113,79763.17177744895,11072.999064479842,2683.971049117715,0.21002607305858828,19.373933880527055,34963.28518999448,44715.80779895362,0.2953383425411243,0.3777188696361323,26867.07473402309,26867.07473402309,0,0.0,0.0,0.0,0.0,0.0,0.0,0.0,0.0,0.0,0.0,0.0,none,2623.1897656672804,29490.26449969037,2613.904279207947,2613.904279207947,0.0,29480.979013231034,0.2154110468670722,0.5181811771623273,0.1728613500867164,0.0702933619006643,0.0232530639832198,0.0791877457417038,0.08417022003631541,0.08173180584352996,0.6987966373686847,36875.68372587108,0.0,0.08255620048907514,0.08245465036680626,0.06960310024453747,0.04320310024453757,price_stability,0.034959336953454226,0.0,0.05140620048907514,0.08255620048907514,0.08255620048907514,0.0,0.0,0.03115,0.0438999999999999,0.0438999999999999,0.0175,0.08255620048907514,0.08245465036680626,0.06960310024453747,0.04320310024453757,0.0,0.0,0.0,0.0,0.0,False,0.0,0.0,0.0,0.0,0.0,True,1.0,0.0,0.0,0.0,0.0,0.0,0.0,0.0,0.0,2445.2474473520456,0.1596732733213474,36875.68372587108,price_stability
2041Q2,2041-06-30,2041,2,2041,62346.19356298895,29935.477140273233,0.017189212325988024,0.05495933695345423,0.05680514587734553,319.07174871491617,2345.94889482331,513.1629787702318,1280.5563962257918,352.55910995952485,143.25830177585954,56.41210809190262,5.957305368177581,154.00792580634567,0.0,2505.9141259978333,2824.9858747127496,0.0,0.0,118966.59760620358,121791.58348091632,1.9534726423653936,0.020470968986586485,0.1607741536596671,0.1812451226462536,121208.81944392169,582.7640369946275,25439.049834295227,61194.80398403476,20414.127145452927,81608.9311294877,11414.75900987736,2746.0794702614044,0.20987787811979164,19.46103406284361,35572.62619611388,45156.314036755546,0.2934821604509717,0.37254973890449866,27351.180517845263,27351.180517845263,0,0.0,0.0,0.0,0.0,0.0,0.0,0.0,0.0,0.0,0.0,0.0,none,2683.971049117715,30035.151566962977,2670.977948906404,2670.977948906404,0.0,30022.158466751665,0.2154110468670722,0.5181811771623273,0.1728613500867164,0.0702933619006643,0.0232530639832198,0.0790857765381169,0.08425605763031963,0.08242192597504605,0.7232498011917875,39381.597851868915,0.0,0.08307260295962823,0.08284195221972107,0.06986130147981401,0.04346130147981412,price_stability,0.034959336953454226,0.0,0.051922602959628236,0.08307260295962823,0.08307260295962823,0.0,0.0,0.03115,0.0438999999999999,0.0438999999999999,0.0175,0.08307260295962823,0.08284195221972107,0.06986130147981401,0.04346130147981412,0.0,0.0,0.0,0.0,0.0,False,0.0,0.0,0.0,0.0,0.0,True,1.0,0.0,0.0,0.0,0.0,0.0,0.0,0.0,0.0,2505.9141259978333,0.1607741536596671,39381.597851868915,price_stability
2041Q3,2041-09-30,2041,3,2041,63455.505773528006,30063.29795671865,0.017189212325988024,0.05495933695345512,0.05680514587734553,321.688330958438,2398.663064242264,528.322021638651,1303.8883050648872,361.85611169992984,146.70185331122872,57.89477252756606,5.957305368177581,158.76126679444354,0.0,2563.3816364048853,2885.0699673633235,0.0,0.0,121791.58348091632,124676.65344827964,1.964788585772986,0.020278040623081,0.16158608178483777,0.18186412240791877,124093.88941128501,582.7640369946275,26026.326845567575,62607.52583580344,20885.400548186422,83492.92638398986,11765.161680813824,2809.474500913742,0.20973093009687518,19.574840320582993,36091.35261123463,45579.28061940455,0.2908390798487819,0.36729673665349394,28080.627548166038,28080.627548166038,0,0.0,0.0,0.0,0.0,0.0,0.0,0.0,0.0,0.0,0.0,0.0,none,2746.0794702614044,30826.70701842744,2726.30870056888,2726.30870056888,0.0,30806.936248734917,0.2154110468670722,0.5181811771623273,0.1728613500867164,0.0702933619006643,0.0232530639832198,0.07891925876444626,0.08418912253674884,0.08254951791496311,0.7479071217181229,41944.9794882738,0.0,0.08333080419490545,0.08303560314617899,0.06999040209745262,0.04359040209745273,price_stability,0.034959336953455114,0.0,0.05218080419490545,0.08333080419490545,0.08333080419490545,0.0,0.0,0.03115,0.0438999999999999,0.0438999999999999,0.0175,0.08333080419490545,0.08303560314617899,0.06999040209745262,0.04359040209745273,0.0,0.0,0.0,0.0,0.0,False,0.0,0.0,0.0,0.0,0.0,True,1.0,0.0,0.0,0.0,0.0,0.0,0.0,0.0,0.0,2563.3816364048853,0.16158608178483777,41944.9794882738,price_stability
2041Q4,2041-12-31,2041,4,2042,64584.55573404224,30191.66455237581,0.017189212325988024,0.05495933695345423,0.05680514587734642,344.6291974501222,2450.492993488292,542.1986865701507,1327.8371654534335,371.482852129173,149.65230210542387,59.321987230110615,5.987900480119798,163.6348144425298,0.0,2620.1157084109414,2964.7449058610637,0.0,0.0,124676.65344827964,127641.3983541407,1.9763455349877321,0.021344372104643565,0.1622750627379412,0.18361943484258478,127058.63431714608,582.7640369946275,26629.716902749962,64059.00836033598,21369.60422033056,85428.61258066654,12125.695940636035,2874.6088930935393,0.2095860469921357,19.600859190726403,36578.163113788585,46247.632738467284,0.2878841198819064,0.36398654044266193,28400.082211108038,28400.08221110804,0,0.0,0.0,0.0,0.0,0.0,0.0,0.0,0.0,0.0,0.0,0.0,none,2809.474500913742,31209.556712021782,2801.110091418534,2801.110091418534,0.0,31201.192302526575,0.2154110468670722,0.5181811771623273,0.1728613500867164,0.0702933619006643,0.0232530639832198,0.07876318316459083,0.08406114973234695,0.08278996357458755,0.7694247448091174,44565.09519668474,0.0,0.0834599048125434,0.08313242860940745,0.0700549524062716,0.0436549524062717,price_stability,0.034959336953454226,0.0,0.0523099048125434,0.0834599048125434,0.0834599048125434,0.0,0.0,0.03115,0.0438999999999999,0.0438999999999999,0.0175,0.0834599048125434,0.08313242860940745,0.0700549524062716,0.0436549524062717,0.0,0.0,0.0,0.0,0.0,False,0.0,0.0,0.0,0.0,0.0,True,1.0,0.0,0.0,0.0,0.0,0.0,0.0,0.0,0.0,2620.1157084109414,0.1622750627379412,44565.09519668474,price_stability
2042Q1,2042-03-31,2042,1,2042,65694.10229503924,30319.82671935733,0.017088232020256333,0.05252445248941795,0.05680514587734553,347.45536630486725,2502.7218833814395,555.6284094721225,1353.143463882638,381.26710239489523,153.2515963879653,59.43131124381838,5.987900480119798,168.64927648790558,0.0,2677.359060349465,3024.8144266543322,0.0,0.0,127641.3983541407,130666.21278079505,1.989009792598415,0.021155954898015538,0.1630197516559498,0.18417570655396537,130083.44874380041,582.7640369946275,27244.96642777256,65539.01938001924,21863.324784258955,87402.34416427818,12495.114667672657,2941.023484077002,0.20944222105789623,19.675521091111317,37037.6207686811,46854.349948658375,0.2847220082673758,0.36018686774624264,29252.340760656785,29252.340760656785,0,0.0,0.0,0.0,0.0,0.0,0.0,0.0,0.0,0.0,0.0,0.0,none,2874.6088930935393,32126.949653750326,2856.1651501664264,2856.1651501664264,0.0,32108.505910823213,0.2154110468670722,0.5181811771623273,0.1728613500867164,0.0702933619006643,0.0232530639832198,0.07811585869767865,0.0839025298961749,0.08091637085806587,0.7918946287536474,47242.45425703421,0.0,0.08169829177333515,0.08181121883000127,0.06917414588666748,0.04277414588666758,price_stability,0.032524452489417946,0.0,0.050548291773335155,0.08169829177333515,0.08169829177333515,0.0,0.0,0.03115,0.0438999999999999,0.0438999999999999,0.0175,0.08169829177333515,0.08181121883000127,0.06917414588666748,0.04277414588666758,0.0,0.0,0.0,0.0,0.0,False,0.0,0.0,0.0,0.0,0.0,True,1.0,0.0,0.0,0.0,0.0,0.0,0.0,0.0,0.0,2677.359060349465,0.1630197516559498,47242.45425703421,price_stability
2042Q2,2042-06-30,2042,2,2042,66822.71058924825,30448.53292858657,0.017088232020256333,0.05252445248941706,0.05667797807831465,350.3047114617209,2541.8928061477354,556.4668041427209,1377.6860205924802,390.8505985668193,156.73259646087848,60.156786384836195,5.987900480119798,173.4061706952385,0.0,2721.2868773230934,3071.591588784814,0.0,0.0,130666.21278079505,133737.80436957986,2.0013825118776043,0.020969200942176972,0.16289592884374537,0.18386512978592234,133155.04033258522,582.7640369946275,27869.26758269812,67040.80451159958,22364.309028431555,89405.11354003113,12872.244034816893,3008.415175039074,0.2092993814810783,19.691497399405385,37493.70439553233,47533.45249537698,0.2815793101176134,0.35697824413293927,29764.482011266377,29764.482011266377,0,0.0,0.0,0.0,0.0,0.0,0.0,0.0,0.0,0.0,0.0,0.0,none,2941.023484077002,32705.50549534338,2898.185418089576,2898.185418089576,0.0,32662.66742935595,0.2154110468670722,0.5181811771623273,0.1728613500867164,0.0702933619006643,0.0232530639832198,0.07765250375513716,0.0833049896957926,0.08024912476997681,0.8125843879175239,49963.741134357304,0.0,0.08081748525373036,0.08115061394029767,0.06873374262686507,0.042333742626865185,price_stability,0.03252445248941706,0.0,0.04966748525373037,0.08081748525373036,0.08081748525373036,0.0,0.0,0.03115,0.0438999999999999,0.0438999999999999,0.0175,0.08081748525373036,0.08115061394029767,0.06873374262686507,0.042333742626865185,0.0,0.0,0.0,0.0,0.0,False,0.0,0.0,0.0,0.0,0.0,True,1.0,0.0,0.0,0.0,0.0,0.0,0.0,0.0,0.0,2721.2868773230934,0.16289592884374537,49963.741134357304,price_stability
2042Q3,2042-09-30,2042,3,2042,67970.70809249219,30577.785489496757,0.017088232020256333,0.05252445248941906,0.05667797807831465,353.1774229804449,2586.817742712957,563.0810304742428,1401.9744286543653,400.31490667425095,160.2433648173646,61.20401209273409,5.987900480119798,178.63994094485432,0.0,2771.4455841379313,3124.6230071183763,0.0,0.0,133737.80436957986,136862.42737669824,2.0135501191257354,0.020784095554800062,0.16309646681135903,0.1838805623661591,136279.6633397036,582.7640369946275,28503.864879035227,68567.35748472965,22873.55563858291,91440.91312331257,13257.967029585512,3076.9183077702887,0.20915714186924422,19.707189125369258,38033.78736368254,48344.26935469137,0.27908630261931244,0.35474309350312866,30444.323216606528,30444.323216606528,0,0.0,0.0,0.0,0.0,0.0,0.0,0.0,0.0,0.0,0.0,0.0,none,3008.415175039074,33452.7383916456,2945.983066173522,2945.983066173522,0.0,33390.30628278005,0.2154110468670722,0.5181811771623273,0.1728613500867164,0.0702933619006643,0.0232530639832198,0.07727424690329904,0.08289191219198233,0.07973996193245966,0.8327788503637669,52735.186718495235,0.0,0.08037708199392947,0.080820311495447,0.06851354099696463,0.04211354099696474,price_stability,0.032524452489419056,0.0,0.04922708199392947,0.08037708199392947,0.08037708199392947,0.0,0.0,0.03115,0.0438999999999999,0.0438999999999999,0.0175,0.08037708199392947,0.080820311495447,0.06851354099696463,0.04211354099696474,0.0,0.0,0.0,0.0,0.0,False,0.0,0.0,0.0,0.0,0.0,True,1.0,0.0,0.0,0.0,0.0,0.0,0.0,0.0,0.0,2771.4455841379313,0.16309646681135903,52735.186718495235,price_stability
2042Q4,2042-12-31,2042,4,2043,69138.42790654681,30707.586721324555,0.017088232020256333,0.05252445248941795,0.05667797807831354,368.108227336267,2634.7927454293163,572.7643711315252,1426.5529485839463,409.7618062324352,163.2853467330092,62.428272748400346,6.009754131507097,183.99297284979056,0.0,2824.795472410614,3192.903699746881,0.0,0.0,136862.42737669824,140055.33107644512,2.025723397496909,0.021296881545170936,0.1634283889838421,0.18472527052901302,139472.56703945049,582.7640369946275,29152.01748864569,70126.51838716955,23393.68000912475,93520.19839629429,13653.466453087874,3146.884701422623,0.20901613921252274,19.637352019391248,38864.72475621011,49217.841736816714,0.2786549755352035,0.3528854654470883,30758.282436418987,30758.28243641899,0,0.0,0.0,0.0,0.0,0.0,0.0,0.0,0.0,0.0,0.0,0.0,none,3076.9183077702887,33835.20074418928,3008.9107268970906,3008.9107268970906,0.0,33767.19316331608,0.2154110468670722,0.5181811771623273,0.1728613500867164,0.0702933619006643,0.0232530639832198,0.07698980949776238,0.0825586839735258,0.07962034406256226,0.8498250138382251,55559.98219090585,0.0,0.0801568803640282,0.08065516027302105,0.068403440182014,0.0420034401820141,price_stability,0.032524452489417946,0.0,0.0490068803640282,0.0801568803640282,0.0801568803640282,0.0,0.0,0.03115,0.0438999999999999,0.0438999999999999,0.0175,0.0801568803640282,0.08065516027302105,0.068403440182014,0.0420034401820141,0.0,0.0,0.0,0.0,0.0,False,0.0,0.0,0.0,0.0,0.0,True,1.0,0.0,0.0,0.0,0.0,0.0,0.0,0.0,0.0,2824.795472410614,0.1634283889838421,55559.98219090585,price_stability
2043Q1,2043-03-31,2043,1,2043,70369.0941949645,30837.418255642995,0.01701953976476145,0.05516540834182937,0.05667797807831554,371.12693850459084,2688.24852013526,584.1836945518576,1452.42782112969,419.3623442226835,166.95517064618454,65.31948958484466,6.009754131507097,189.48168122629124,0.0,2883.7399554930585,3254.866893997649,0.0,0.0,140055.33107644512,143310.19797044276,2.036550272672087,0.021096019083397442,0.16392082282618975,0.18501684190958717,142727.43393344813,582.7640369946275,29812.335326379613,71714.9433051794,23923.566635540265,95638.50994071967,14058.424366440446,3218.1642999084106,0.20887599885163421,19.613265618244107,39673.44787154414,50100.70121178023,0.27796651826616126,0.3510236247583734,31624.503205494293,31624.50320549429,0,0.0,0.0,0.0,0.0,0.0,0.0,0.0,0.0,0.0,0.0,0.0,none,3146.884701422623,34771.38790691691,3065.385212771358,3065.385212771358,0.0,34689.88841826565,0.2154110468670722,0.5181811771623273,0.1728613500867164,0.0702933619006643,0.0232530639832198,0.07722810988309377,0.08236001966734285,0.08124325302114871,0.8676242356021021,58443.72214639891,0.0,0.08202749643838612,0.08205812232878949,0.06933874821919296,0.042938748219193065,price_stability,0.035165408341829366,0.0,0.05087749643838613,0.08202749643838612,0.08202749643838612,0.0,0.0,0.03115,0.0438999999999999,0.0438999999999999,0.0175,0.08202749643838612,0.08205812232878949,0.06933874821919296,0.042938748219193065,0.0,0.0,0.0,0.0,0.0,False,0.0,0.0,0.0,0.0,0.0,True,1.0,0.0,0.0,0.0,0.0,0.0,0.0,0.0,0.0,2883.7399554930585,0.16392082282618975,58443.72214639891,price_stability
2043Q2,2043-06-30,2043,2,2043,71621.66638375203,30967.798717086724,0.01701953976476145,0.05516540834182937,0.05626477673819319,374.170404939005,2758.713923166344,611.3578074511441,1479.9174779390678,429.27021519707284,170.6168976081961,67.55152497086344,6.009754131507097,193.70803146447173,0.0,2958.431708762323,3332.602113701328,0.0,0.0,143310.19797044276,146642.80008414408,2.047464230983199,0.020897051064642007,0.16522551669830837,0.18612256776295039,146060.03604714945,582.7640369946275,30488.48778663911,73341.45913570074,24466.160104374936,97807.61924007568,14472.77581559545,3291.153204839214,0.20873942395028003,19.540971140544457,40573.74152765832,51028.763802105226,0.2777881111473967,0.34936841851547057,32160.900104804383,32160.900104804383,0,0.0,0.0,0.0,0.0,0.0,0.0,0.0,0.0,0.0,0.0,0.0,none,3218.1642999084106,35379.06440471279,3138.8940822368563,3138.8940822368563,0.0,35299.79418704124,0.2154110468670722,0.5181811771623273,0.1728613500867164,0.0702933619006643,0.0232530639832198,0.07727568163233423,0.08257421315885669,0.08231571871243817,0.8838298379000008,61402.15385516123,0.0,0.08296280447556509,0.08275960335667372,0.06980640223778245,0.04340640223778255,price_stability,0.035165408341829366,0.0,0.05181280447556509,0.08296280447556509,0.08296280447556509,0.0,0.0,0.03115,0.0438999999999999,0.0438999999999999,0.0175,0.08296280447556509,0.08275960335667372,0.06980640223778245,0.04340640223778255,0.0,0.0,0.0,0.0,0.0,False,0.0,0.0,0.0,0.0,0.0,True,1.0,0.0,0.0,0.0,0.0,0.0,0.0,0.0,0.0,2958.431708762323,0.16522551669830837,61402.15385516123,price_stability
2043Q3,2043-09-30,2043,3,2043,72896.53439865576,31098.73042651709,0.017019539764762337,0.05516540834182937,0.05626477673819319,377.2388296477356,2824.47905271703,632.3526127496488,1508.6997851956621,439.43307019158675,174.52519106536187,69.46839351477028,6.009754131507097,199.41729172423916,0.0,3029.906098572776,3407.1449282205117,0.0,0.0,146642.80008414408,150049.9450123646,2.058396139818844,0.020699959621383157,0.16625789544412958,0.18695785506551274,149467.18097536996,582.7640369946275,31179.46775488121,75003.64321839651,25020.652234330155,100024.29545272666,14897.675066950678,3365.742700811405,0.20860410660999312,19.492274948140423,41537.15195686972,51951.06795924508,0.27790148770996387,0.3475750838426923,32971.46045635111,32971.4604563511,0,0.0,0.0,0.0,0.0,0.0,0.0,0.0,0.0,0.0,0.0,0.0,none,3291.153204839214,36262.61366119031,3207.7276364962727,3207.7276364962727,0.0,36179.18809284738,0.2154110468670722,0.5181811771623273,0.1728613500867164,0.0702933619006643,0.0232530639832198,0.07720985259173054,0.08264725160278463,0.08266107251988065,0.9002198198651897,64432.05995373401,0.0,0.08343045849415456,0.08311034387061582,0.07004022924707717,0.043640229247077285,price_stability,0.035165408341829366,0.0,0.052280458494154566,0.08343045849415456,0.08343045849415456,0.0,0.0,0.03115,0.0438999999999999,0.0438999999999999,0.0175,0.08343045849415456,0.08311034387061582,0.07004022924707717,0.043640229247077285,0.0,0.0,0.0,0.0,0.0,False,0.0,0.0,0.0,0.0,0.0,True,1.0,0.0,0.0,0.0,0.0,0.0,0.0,0.0,0.0,3029.906098572776,0.16625789544412958,64432.05995373401,price_stability
2043Q4,2043-12-31,2043,4,2044,74194.09510611308,31230.21571460801,0.01701953976476145,0.05516540834182848,0.05626477673819319,399.49652748727436,2887.7002205334616,650.329322598362,1538.4438483247104,449.72955718817855,177.95794218404967,71.23955023816129,6.019952502154488,205.27188790126354,0.0,3098.9920609368796,3498.488588424154,0.0,0.0,150049.9450123646,153548.43360078876,2.0695505940355816,0.021537914946784417,0.16707486257523177,0.1886127775220162,152965.66956379413,582.7640369946275,31888.863011900972,76710.12612492409,25589.922119310664,102300.04824423476,15334.438228199104,3442.3200794592717,0.20847071831762723,19.416934348079515,42290.13990473107,53122.36824553965,0.27646817763311277,0.3472829452322636,33613.93050591204,33613.930505912045,0,0.0,0.0,0.0,0.0,0.0,0.0,0.0,0.0,0.0,0.0,0.0,none,3365.742700811405,36979.67320672345,3293.2167005228903,3293.2167005228903,0.0,36907.14720643494,0.2154110468670722,0.5181811771623273,0.1728613500867164,0.0702933619006643,0.0232530639832198,0.07736251118930124,0.08261228114896044,0.08298695764788747,0.9037220749315936,67531.05201467089,0.0,0.08366428550344863,0.08328571412758637,0.07015714275172422,0.04375714275172432,price_stability,0.03516540834182848,0.0,0.05251428550344864,0.08366428550344863,0.08366428550344863,0.0,0.0,0.03115,0.0438999999999999,0.0438999999999999,0.0175,0.08366428550344863,0.08328571412758637,0.07015714275172422,0.04375714275172432,0.0,0.0,0.0,0.0,0.0,False,0.0,0.0,0.0,0.0,0.0,True,1.0,0.0,0.0,0.0,0.0,0.0,0.0,0.0,0.0,3098.9920609368796,0.16707486257523177,67531.05201467089,price_stability
2044Q1,2044-03-31,2044,1,2044,75471.44925250394,31360.93155843563,0.016847634395924738,0.05292516736733344,0.05626477673819319,402.7726417919155,2959.581264506484,666.9897348520115,1578.7047187123862,460.3095621079124,182.06217287437383,71.51507595980037,6.019952502154488,211.28995436279368,0.0,3176.891171371432,3579.663813163347,0.0,0.0,153548.43360078876,157128.0974139521,2.0819541557794987,0.021347020404728884,0.16837578728573474,0.18972280769046362,156545.33337695748,582.7640369946275,32614.447951064878,78455.55405620016,26172.18377213973,104627.73782833989,15782.502505235305,3520.645092317366,0.20833867894694794,19.378733508573315,43091.382906783685,54333.46610529688,0.2752645637990412,0.3470781589794387,34515.740368111736,34515.740368111736,0,0.0,0.0,0.0,0.0,0.0,0.0,0.0,0.0,0.0,0.0,0.0,none,3442.3200794592717,37958.060447571006,3368.3738588005535,3368.3738588005535,0.0,37884.11422691229,0.2154110468670722,0.5181811771623273,0.1728613500867164,0.0702933619006643,0.0232530639832198,0.07695450754614952,0.0827593247777713,0.08131345982856182,0.9082148045888084,70707.94318604232,0.0,0.0821010182772244,0.08211326370791819,0.0693755091386121,0.0429755091386122,price_stability,0.03292516736733343,0.0,0.0509510182772244,0.0821010182772244,0.0821010182772244,0.0,0.0,0.03115,0.0438999999999999,0.0438999999999999,0.0175,0.0821010182772244,0.08211326370791819,0.0693755091386121,0.0429755091386122,0.0,0.0,0.0,0.0,0.0,False,0.0,0.0,0.0,0.0,0.0,True,1.0,0.0,0.0,0.0,0.0,0.0,0.0,0.0,0.0,3176.891171371432,0.16837578728573474,70707.94318604232,price_stability
2044Q2,2044-06-30,2044,2,2044,76770.79482035451,31492.19452086094,0.01684763439592385,0.05292516736733344,0.05705127569836388,406.07562222479197,3013.5920609685295,669.4198468329904,1614.6750745532945,470.9988082370245,186.04399694014685,72.45433440507308,6.019952502154488,220.44131484805803,0.0,3240.053328318742,3646.128950543534,0.0,0.0,157128.0974139521,160774.22636449564,2.094210783419804,0.021157817796469015,0.16881697452269676,0.18997479231916578,160191.462327501,582.7640369946275,33352.378910909625,80230.68090785526,26764.35276182142,106995.03366967669,16243.746920817935,3600.302826096718,0.20820322398158062,19.30625846423726,43858.35960053898,55528.11148771652,0.2737871230045545,0.3466358985736263,35184.41644920729,35184.41644920728,0,0.0,0.0,0.0,0.0,0.0,0.0,0.0,0.0,0.0,0.0,0.0,none,3520.645092317366,38705.06154152465,3425.687635695476,3425.687635695476,0.0,38610.104084902756,0.2154110468670722,0.5181811771623273,0.1728613500867164,0.0702933619006643,0.0232530639832198,0.07666216301407414,0.08248183187206448,0.08073104453806035,0.9115724556983261,73947.99651436106,0.0,0.08131938466411227,0.0815270384980841,0.06898469233205604,0.04258469233205614,price_stability,0.03292516736733343,0.0,0.050169384664112276,0.08131938466411227,0.08131938466411227,0.0,0.0,0.03115,0.0438999999999999,0.0438999999999999,0.0175,0.08131938466411227,0.0815270384980841,0.06898469233205604,0.04258469233205614,0.0,0.0,0.0,0.0,0.0,False,0.0,0.0,0.0,0.0,0.0,True,1.0,0.0,0.0,0.0,0.0,0.0,0.0,0.0,0.0,3240.053328318742,0.16881697452269676,73947.99651436106,price_stability
2044Q3,2044-09-30,2044,3,2044,78092.51042245535,31624.006891879962,0.016847634395925626,0.05292516736733344,0.05705127569836388,409.40568910448235,3072.424498517529,678.0487325298715,1648.5786336782328,481.8371026039029,190.21811610661632,73.74191359890409,6.019952502154488,226.88372316724752,0.0,3305.328174186931,3714.7338632914134,0.0,0.0,160774.22636449564,164488.96022778706,2.1063346451273586,0.0209702921260812,0.16930321006745302,0.19027350219353423,163906.19619079243,582.7640369946275,34103.700360909235,82038.0191992306,27367.26724594343,109405.28644517403,16715.803356140215,3681.4060285689075,0.20806840225375836,19.263400912764066,44568.476630800214,56600.156267157465,0.2719145320102541,0.3453204185232445,36111.02501397468,36111.02501397468,0,0.0,0.0,0.0,0.0,0.0,0.0,0.0,0.0,0.0,0.0,0.0,none,3600.302826096718,39711.3278400714,3487.850140124166,3487.850140124166,0.0,39598.875154098845,0.2154110468670722,0.5181811771623273,0.1728613500867164,0.0702933619006643,0.0232530639832198,0.07640991736043683,0.08223527486783438,0.08024924128035316,0.9155365472296819,77253.32468854799,0.0,0.08092856785755621,0.08123392589316705,0.068789283928778,0.04238928392877811,price_stability,0.03292516736733343,0.0,0.049778567857556216,0.08092856785755621,0.08092856785755621,0.0,0.0,0.03115,0.0438999999999999,0.0438999999999999,0.0175,0.08092856785755621,0.08123392589316705,0.068789283928778,0.04238928392877811,0.0,0.0,0.0,0.0,0.0,False,0.0,0.0,0.0,0.0,0.0,True,1.0,0.0,0.0,0.0,0.0,0.0,0.0,0.0,0.0,3305.328174186931,0.16930321006745302,77253.32468854799,price_stability
2044Q4,2044-12-31,2044,4,2045,79436.98118994065,31756.370971073586,0.01684763439592385,0.05292516736733255,0.05705127569836388,430.56965113041537,3133.5035818689826,689.9909072129019,1681.6753546210002,492.87973936283606,193.73434418500395,75.22323648724026,6.028693962709422,233.47714783170832,0.0,3373.0094236634004,3803.579074793816,0.0,0.0,164488.96022778706,168292.53930258087,2.118566652226863,0.021681068171555327,0.16984580094242227,0.1915268691139776,167709.77526558624,582.7640369946275,34872.7397544183,83887.97881833333,27984.399884985287,111872.37870331862,17200.23497074613,3764.421837103174,0.20793504552250225,19.154730186905194,45765.87850091082,58771.82302375919,0.27288736406948066,0.35043767085542726,36578.649619669035,36578.649619669035,0,0.0,0.0,0.0,0.0,0.0,0.0,0.0,0.0,0.0,0.0,0.0,none,3681.4060285689075,40260.05564823794,3570.1019269621074,3570.1019269621074,0.0,40148.751546631145,0.2154110468670722,0.5181811771623273,0.1728613500867164,0.0702933619006643,0.0232530639832198,0.0763233859382672,0.08202397094595043,0.08016572816055484,0.9187266928593758,80626.33411221139,0.0,0.08073315945427752,0.08108736959070803,0.06869157972713866,0.04229157972713876,price_stability,0.032925167367332545,0.0,0.04958315945427752,0.08073315945427752,0.08073315945427752,0.0,0.0,0.03115,0.0438999999999999,0.0438999999999999,0.0175,0.08073315945427752,0.08108736959070803,0.06869157972713866,0.04229157972713876,0.0,0.0,0.0,0.0,0.0,False,0.0,0.0,0.0,0.0,0.0,True,1.0,0.0,0.0,0.0,0.0,0.0,0.0,0.0,0.0,3373.0094236634004,0.16984580094242227,80626.33411221139,price_stability
2045Q1,2045-03-31,2045,1,2045,80822.3823534012,31884.47140650104,0.01623329428827147,0.054489465960201544,0.05705127569836388,434.1005839324724,3203.7848613801402,703.8466148002437,1719.8223616623548,504.12983838029476,198.05434646925957,77.93170006798736,6.028693962709422,240.2434221942355,0.0,3450.056977537085,3884.1575614695575,0.0,0.0,168292.53930258087,172176.69686405043,2.130309598041746,0.021484176600206555,0.17074760120044385,0.19223177780065043,171593.9328270558,582.7640369946275,35657.67911385332,85776.18653650147,28614.291802700496,114390.47833920196,17696.6213682674,3849.154005733102,0.2078026800037947,19.088821372759107,46969.30787043043,60977.80008200816,0.2737235932331555,0.35536104964425397,37582.23586219038,37582.23586219038,0,0.0,0.0,0.0,0.0,0.0,0.0,0.0,0.0,0.0,0.0,0.0,none,3764.421837103174,41346.65769929355,3643.914139275322,3643.914139275322,0.0,41226.1500014657,0.2154110468670722,0.5181811771623273,0.1728613500867164,0.0702933619006643,0.0232530639832198,0.07652938426206203,0.08200142423031764,0.08102834677680998,0.9229438565593727,84076.39108974847,0.0,0.08180867919728992,0.08189400939796734,0.06922933959864486,0.04282933959864496,price_stability,0.03448946596020154,0.0,0.05065867919728992,0.08180867919728992,0.08180867919728992,0.0,0.0,0.03115,0.0438999999999999,0.0438999999999999,0.0175,0.08180867919728992,0.08189400939796734,0.06922933959864486,0.04282933959864496,0.0,0.0,0.0,0.0,0.0,False,0.0,0.0,0.0,0.0,0.0,True,1.0,0.0,0.0,0.0,0.0,0.0,0.0,0.0,0.0,3450.056977537085,0.17074760120044385,84076.39108974847,price_stability
2045Q2,2045-06-30,2045,2,2045,82231.94526564635,32013.088579863437,0.01623329428827147,0.054489465960201544,0.05607658331448184,437.6604725293001,3286.251875058607,729.2769078862829,1758.8041725227129,515.7253586300944,202.24211606820546,80.20331995131161,6.028693962709422,243.0388112199683,0.0,3535.3193802412848,3972.979852770585,0.0,0.0,172176.69686405043,176149.676716821,2.142107621895334,0.02128907305380939,0.17196817459786973,0.19325724765167912,175566.91267982638,582.7640369946275,36461.1496183662,87708.97177615826,29259.05444688679,116968.02622304505,18201.85027498922,3935.886563425916,0.20767665764481938,18.98342251165742,48211.25199711908,63308.870243139754,0.27460329091188046,0.3605968190520804,38253.31794959447,38253.31794959447,0,0.0,0.0,0.0,0.0,0.0,0.0,0.0,0.0,0.0,0.0,0.0,none,3849.154005733102,42102.47195532757,3729.9410415506163,3729.9410415506163,0.0,41983.258991145085,0.2154110468670722,0.5181811771623273,0.1728613500867164,0.0702933619006643,0.0232530639832198,0.07661762551752875,0.08213235460156955,0.08171751691803025,0.9260202253132653,87611.71046998976,0.0,0.08234643906879612,0.08229732930159699,0.06949821953439796,0.04309821953439806,price_stability,0.03448946596020154,0.0,0.05119643906879612,0.08234643906879612,0.08234643906879612,0.0,0.0,0.03115,0.0438999999999999,0.0438999999999999,0.0175,0.08234643906879612,0.08229732930159699,0.06949821953439796,0.04309821953439806,0.0,0.0,0.0,0.0,0.0,False,0.0,0.0,0.0,0.0,0.0,True,1.0,0.0,0.0,0.0,0.0,0.0,0.0,0.0,0.0,3535.3193802412848,0.17196817459786973,87611.71046998976,price_stability
2045Q3,2045-09-30,2045,3,2045,83666.09131372247,32142.224575604054,0.01623329428827036,0.054489465960201544,0.05607658331448273,441.24955437601255,3365.9458343860892,750.6114588567627,1798.7325025383195,527.5537619052128,206.7730084441495,82.27510264164422,6.028693962709422,249.97743697956602,0.0,3621.9519653283646,4063.201519704377,0.0,0.0,176149.676716821,180212.8782365254,2.153953595857392,0.021095741294831643,0.1731622409249235,0.19425798221975513,179630.11419953077,582.7640369946275,37282.560209964686,89684.91272012836,29918.21351000978,119603.12623013814,18719.872052424093,4024.555707003871,0.20755183715215872,18.890584109601086,49400.857773813135,65644.84130673576,0.27501434263377084,0.3654445224803361,39180.01327092268,39180.01327092268,0,0.0,0.0,0.0,0.0,0.0,0.0,0.0,0.0,0.0,0.0,0.0,none,3935.886563425916,43115.899834348595,3813.224082724811,3813.224082724811,0.0,42993.23735364749,0.2154110468670722,0.5181811771623273,0.1728613500867164,0.0702933619006643,0.0232530639832198,0.07663144667035048,0.08224714419773885,0.08189887306994638,0.9294531804379846,91233.66243531813,2.9103830456733704e-11,0.08261531900454921,0.08249898925341181,0.06963265950227451,0.04323265950227461,price_stability,0.03448946596020154,0.0,0.05146531900454922,0.08261531900454921,0.08261531900454921,0.0,0.0,0.03115,0.0438999999999999,0.0438999999999999,0.0175,0.08261531900454921,0.08249898925341181,0.06963265950227451,0.04323265950227461,0.0,0.0,0.0,0.0,0.0,False,0.0,0.0,0.0,0.0,0.0,True,1.0,0.0,0.0,0.0,0.0,0.0,0.0,0.0,0.0,3621.9519653283646,0.1731622409249235,91233.66243531813,price_stability
2045Q4,2045-12-31,2045,4,2046,85125.24923377328,32271.88148657454,0.01623329428827236,0.054489465960201544,0.05607658331448184,462.00030881330326,3444.3207350028697,770.0276512631365,1839.5641006365252,539.6087935639862,210.85629693105497,84.26389260816869,6.044719973726774,257.0917552640443,0.0,3707.457210240641,4169.457519053944,0.0,0.0,180212.8782365254,184382.33575557935,2.1660122867801954,0.021709202050947087,0.17421186985586948,0.19592107190681657,183799.57171858472,582.7640369946275,38125.32701486956,91712.22701709859,30594.510337971555,122306.73735507014,19251.977150209987,4115.530198435035,0.20742881312717745,18.83822021423423,51219.78709837557,67889.66204054425,0.2786719610903018,0.3693679011640464,40191.71055593779,40191.71055593779,0,0.0,0.0,0.0,0.0,0.0,0.0,0.0,0.0,0.0,0.0,0.0,none,4024.555707003871,44216.26626294166,3912.3657637899,3912.3657637899,0.0,44104.07631972769,0.2154110468670722,0.5181811771623273,0.1728613500867164,0.0702933619006643,0.0232530639832198,0.07661396789440593,0.08229061644250941,0.0819463329048831,0.9335147192392305,94941.11964555876,0.0,0.08274975897242576,0.08259981922931922,0.06969987948621278,0.04329987948621288,price_stability,0.03448946596020154,0.0,0.05159975897242576,0.08274975897242576,0.08274975897242576,0.0,0.0,0.03115,0.0438999999999999,0.0438999999999999,0.0175,0.08274975897242576,0.08259981922931922,0.06969987948621278,0.04329987948621288,0.0,0.0,0.0,0.0,0.0,False,0.0,0.0,0.0,0.0,0.0,True,1.0,0.0,0.0,0.0,0.0,0.0,0.0,0.0,0.0,3707.457210240641,0.17421186985586948,94941.11964555876,price_stability
2046Q1,2046-03-31,2046,1,2046,86590.50754563458,32400.426276002614,0.01602817697257164,0.05376022781086065,0.05607658331448073,465.7889921091802,3522.8170197250543,788.7154053063422,1881.4635848711955,552.3885216227036,214.5744062204602,85.67510170435315,6.044719973726774,264.39948862843596,0.0,3793.261228327217,4259.0502204363975,0.0,0.0,184382.33575557935,188641.38597601574,2.178545793562865,0.021516861619673585,0.17522757798032804,0.19674443960000165,188058.6219390211,582.7640369946275,38985.81891087663,93782.17983565919,31285.03105659677,125067.21089225596,19797.174068396154,4208.418067492382,0.20730673504306527,18.822685894896434,53083.039275506366,70174.15225633144,0.28226857523564536,0.373150411998051,41265.52939599911,41265.52939599911,0,0.0,0.0,0.0,0.0,0.0,0.0,0.0,0.0,0.0,0.0,0.0,none,4115.530198435035,45381.05959443415,3994.650731807961,3994.650731807961,0.0,45260.18012780707,0.2154110468670722,0.5181811771623273,0.1728613500867164,0.0702933619006643,0.0232530639832198,0.07644834023543057,0.08229120675324636,0.08134658402475503,0.9384058330818424,98734.38087388598,0.0,0.08227005034435836,0.08224003775826867,0.06946002517217909,0.04306002517217918,price_stability,0.033760227810860646,0.0,0.05112005034435836,0.08227005034435836,0.08227005034435836,0.0,0.0,0.03115,0.0438999999999999,0.0438999999999999,0.0175,0.08227005034435836,0.08224003775826867,0.06946002517217909,0.04306002517217918,0.0,0.0,0.0,0.0,0.0,False,0.0,0.0,0.0,0.0,0.0,True,1.0,0.0,0.0,0.0,0.0,0.0,0.0,0.0,0.0,3793.261228327217,0.17522757798032804,98734.38087388598,price_stability
2046Q2,2046-06-30,2046,2,2046,88080.98730400913,32529.483082769868,0.01602817697257164,0.05376022781085976,0.05713665997545747,469.60874491051555,3596.9508329499677,801.8413211284645,1924.0264525692287,565.4725818751282,218.25403309678302,87.35644428036244,6.044719973726774,276.92139459206487,0.0,3879.916947515759,4349.525692426275,0.0,0.0,188641.38597601574,192990.91166844202,2.1910620847418425,0.02132622529716538,0.17619770469303808,0.19752392999020346,192408.14763144738,582.7640369946275,39863.10286614844,95892.52672482729,31989.026933889352,127881.55365871664,20360.37251077408,4303.118595808257,0.20717991081388681,18.768166795154364,55052.11830959238,72663.4689196553,0.28612155455621985,0.3776527647822909,42022.97403216138,42022.97403216138,0,0.0,0.0,0.0,0.0,0.0,0.0,0.0,0.0,0.0,0.0,0.0,none,4208.418067492382,46231.39209965376,4072.6042978342102,4072.6042978342102,0.0,46095.57832999559,0.2154110468670722,0.5181811771623273,0.1728613500867164,0.0702933619006643,0.0232530639832198,0.07633294844806685,0.08227074726876869,0.0812458353245457,0.9423639055261974,102614.29782140173,0.0,0.08203019603032399,0.08206014702274289,0.06934009801516189,0.042940098015162,price_stability,0.03376022781085976,0.0,0.050880196030323996,0.08203019603032399,0.08203019603032399,0.0,0.0,0.03115,0.0438999999999999,0.0438999999999999,0.0175,0.08203019603032399,0.08206014702274289,0.06934009801516189,0.042940098015162,0.0,0.0,0.0,0.0,0.0,False,0.0,0.0,0.0,0.0,0.0,True,1.0,0.0,0.0,0.0,0.0,0.0,0.0,0.0,0.0,3879.916947515759,0.17619770469303808,102614.29782140173,price_stability
2046Q3,2046-09-30,2046,3,2046,89597.12264488456,32659.05394633475,0.016028176972572528,0.05376022781086176,0.05713665997545747,473.45982200613537,3674.7038017459354,817.4945356217816,1967.3089222334088,578.7048641292271,222.00229981846923,89.19317994304888,6.044719973726774,284.7993724062999,0.0,3965.547894125962,4439.007716132098,0.0,0.0,192990.91166844202,197429.9193845741,2.2035296843971377,0.02113727798526204,0.17703907344628864,0.1981763514315507,196847.15534757948,582.7640369946275,40757.96523437434,98045.15929455667,32707.128996727297,130752.28829128397,20937.185153696657,4399.716668224538,0.2070538695995208,18.713402852495097,57096.66479020284,75174.14622853903,0.2900558287946066,0.38189094526563805,42951.02807565442,42951.02807565442,0,0.0,0.0,0.0,0.0,0.0,0.0,0.0,0.0,0.0,0.0,0.0,none,4303.118595808257,47254.14667146268,4154.208343725797,4154.208343725797,0.0,47105.23641938022,0.2154110468670722,0.5181811771623273,0.1728613500867164,0.0702933619006643,0.0232530639832198,0.0762444199512177,0.08219139149803624,0.08112776067419783,0.9462997765678323,106579.8457155277,0.0,0.08191026887330831,0.08197020165498113,0.06928013443665405,0.04288013443665416,price_stability,0.033760227810861757,0.0,0.05076026887330831,0.08191026887330831,0.08191026887330831,0.0,0.0,0.03115,0.0438999999999999,0.0438999999999999,0.0175,0.08191026887330831,0.08197020165498113,0.06928013443665405,0.04288013443665416,0.0,0.0,0.0,0.0,0.0,False,0.0,0.0,0.0,0.0,0.0,True,1.0,0.0,0.0,0.0,0.0,0.0,0.0,0.0,0.0,3965.547894125962,0.17703907344628864,106579.8457155277,price_stability
2036Q4,2036-12-31,2036,4,2037,45567.45791099619,27698.55388240954,0.017515988152144724,0.05366937236414482,0.022578201318361746,247.04041823154074,1596.906436333675,330.1144357628681,916.7886883253786,225.02850094890826,98.67032999239234,26.30448130412742,5.894658234200658,34.984618848701245,0.0,1637.785713416577,1884.8261316481178,0.0,0.0,77061.53216807223,78946.35829972035,1.7325161841136911,0.021685687949858246,0.1437680123930154,0.16545370034287366,78363.59426272572,582.7640369946275,16670.29075215807,40101.150851943465,13377.44283622734,53478.593688170804,6415.19515907498,1799.5146633218612,0.21273004268115137,20.145028665017055,21533.55485550778,26296.246334031777,0.27479029079898126,0.33556712886177303,17421.739362036373,17421.739362036373,0,0.0,0.0,0.0,0.0,0.0,0.0,0.0,0.0,0.0,0.0,0.0,none,1756.50018026592,19178.239542302294,1849.8415127994165,1849.8415127994165,0.0,19271.58087483579,0.2154110468670722,0.5181811771623273,0.1728613500867164,0.0702933619006643,0.0232530639832198,0.07797098953190021,0.08501184273598633,0.05920711199669219,0.2657985890531717,1637.785713416577,0.0,0.05890202927310861,0.06533902195483135,0.05902601463655421,0.03262601463655431,market_functioning,0.033669372364144814,0.0,0.02525202927310861,0.05640202927310861,0.05640202927310861,0.0,100.0,0.03115,0.0438999999999999,0.0438999999999999,0.0175,0.0664020292731086,0.07283902195483134,0.0665260146365542,0.04012601463655431,75.0,74.99999999999993,75.0,74.99999999999997,0.14999999999999994,False,2890.737131225367,0.0,2890.737131225367,2890.737131225367,0.0,True,1.0,2890.737131225367,2890.737131225367,0.05920711199669219,0.0,0.0,0.0,0.0,0.0,1637.785713416577,0.1437680123930154,1637.785713416577,market_functioning
2037Q1,2037-03-31,2037,1,2037,46357.37181571065,27818.71239056672,0.01746555549210771,0.052776795798754605,0.056535982643295624,249.06629979072068,1534.2693316514137,245.4784884687116,926.4896551999742,229.74713059353266,100.22640112561452,32.327656263580586,5.894658234200658,88.81103028207791,0.0,1628.9750201676923,1878.041319958413,0.0,0.0,78946.35829972035,80824.39961967876,1.7435069429947092,0.021490976734475822,0.1405580132233146,0.16204898995779043,80241.63558268413,582.7640369946275,17055.710721943524,41028.29630966244,13686.731599716839,54715.02790937928,6629.777201632905,1841.1197497284195,0.21255437527028784,20.051713511013855,21852.082534559016,26716.53543566827,0.2723284785495402,0.33295103273584825,17921.9548503887,17921.9548503887,0,0.0,0.0,0.0,0.0,0.0,0.0,0.0,0.0,0.0,0.0,0.0,none,1799.5146633218612,19721.469513710563,1789.2302896763351,1789.2302896763351,0.0,19711.185140065038,0.2154110468670722,0.5181811771623273,0.1728613500867164,0.0702933619006643,0.0232530639832198,0.08025438990497571,0.0825357903898887,0.07063305184546025,0.29491521123714587,3266.7607335842695,0.0,0.07085861148562025,0.07430645861421509,0.06500430574281002,0.03860430574281013,market_functioning,0.0327767957987546,0.0,0.037208611485620255,0.06835861148562025,0.06835861148562025,0.0,100.0,0.03115,0.0438999999999999,0.0438999999999999,0.0175,0.07835861148562025,0.08180645861421508,0.07250430574281001,0.04610430574281013,74.99999999999993,74.99999999999993,74.99999999999993,74.99999999999993,0.14999999999999986,False,2956.6777710097526,645.6456174398209,2311.032153569932,2311.032153569932,0.0,True,1.0,5201.7692847952985,5201.7692847952985,0.06570159887493453,42.78804927036425,49.40169411512283,-6.613644844758582,0.0,6.613644844758582,1635.5886650124507,0.14112867929740097,3273.3743784290277,market_functioning
2037Q2,2037-06-30,2037,2,2037,47160.97891301181,27939.39215579544,0.01746555549210771,0.052776795798755494,0.056351131132581944,251.10879480984056,1614.0721219901397,302.135994914331,939.548107784885,234.84286424054108,101.71839039548428,35.82676465489787,5.894658234200658,91.48765268439246,0.0,1711.454432908733,1962.5632277185737,0.0,0.0,80824.39961967876,82786.96284739733,1.7554123081307849,0.021298013790002915,0.14515851641379218,0.1664565302037951,82204.1988104027,582.7640369946275,17458.761070329045,41997.852453693326,14010.168249731525,56008.02070342485,6852.789046856669,1884.6279897921295,0.2123828383826994,19.957674471838292,22225.278622440917,27195.944991755678,0.2703667080765755,0.3308340131686085,18319.76841794414,18319.76841794414,0,0.0,0.0,0.0,0.0,0.0,0.0,0.0,0.0,0.0,0.0,0.0,none,1841.1197497284195,20160.888167672558,1871.0755750341812,1871.0755750341812,0.0,20190.84399297832,0.2154110468670722,0.5181811771623273,0.1728613500867164,0.0702933619006643,0.0232530639832198,0.08126683722203568,0.08469988968489836,0.07645251244622014,0.32354711679790854,4978.2151664930025,-1.4551915228366852e-11,0.07683690259187673,0.07879017694390744,0.06799345129593826,0.041593451295938375,market_functioning,0.03277679579875549,0.0,0.04318690259187674,0.07433690259187674,0.07433690259187674,0.0,100.0,0.03115,0.0438999999999999,0.0438999999999999,0.0175,0.08433690259187673,0.08629017694390745,0.07549345129593826,0.049093451295938374,75.00000000000007,75.00000000000007,75.00000000000007,75.00000000000007,0.15000000000000013,False,3028.6265989467506,1159.249892828655,1869.3767061180956,1869.3767061180956,0.0,True,1.0,7071.145990913394,7071.145990913394,0.07030629843096325,85.44113974739395,96.67085415731111,-11.229714409917165,0.0,17.843359254675747,1722.6841473186503,0.1461109745407221,4996.058525747678,market_functioning
2037Q3,2037-09-30,2037,3,2037,47978.51657500072,28060.59543934993,0.017465555492108598,0.052776795798754605,0.056351131132581944,253.16803952936806,1672.9395136271387,335.36928093393055,955.2873914326578,240.44117328121317,103.75990981974617,38.081758159590336,5.894658234200658,94.56510606175662,0.0,1773.399277923096,2026.567317452464,0.0,0.0,82786.96284739733,84813.5301648498,1.7677397347679151,0.021106783419084004,0.14784944633716568,0.1689562297562497,84230.76612785517,582.7640369946275,17874.935689234215,42998.97963387198,14344.136760363044,57343.116394235025,7083.161083556599,1929.5529608293193,0.21221385618292463,19.852238558746564,22544.007304035815,27635.317710558647,0.2676457586746382,0.32809054198332444,18743.99345787645,18743.99345787645,0,0.0,0.0,0.0,0.0,0.0,0.0,0.0,0.0,0.0,0.0,0.0,none,1884.6279897921295,20628.621447668582,1932.0022113907075,1932.0022113907075,0.0,20675.99566926716,0.2154110468670722,0.5181811771623273,0.1728613500867164,0.0702933619006643,0.0232530639832198,0.08163537548431665,0.08568495410041961,0.07932644416310705,0.35154993206278284,6751.614444416098,0.0,0.07982604814500432,0.08103203610875315,0.06948802407250207,0.04308802407250217,market_functioning,0.0327767957987546,0.0,0.046176048145004325,0.07732604814500432,0.07732604814500432,0.0,100.0,0.03115,0.0438999999999999,0.0438999999999999,0.0175,0.08732604814500432,0.08853203610875314,0.07698802407250206,0.050588024072502166,74.99999999999993,74.99999999999993,74.99999999999993,74.99999999999993,0.14999999999999986,False,3101.3993503900706,1573.5522812671934,1527.8470691228772,1527.8470691228772,0.0,True,1.0,8598.993060036271,8598.993060036271,0.0735595949412382,124.2865250715166,136.69594383343085,-12.409418761914239,0.0,30.252778016589986,1785.8086966850103,0.1488840276162693,6781.867222432688,market_functioning
2037Q4,2037-12-31,2037,4,2038,48810.226288634316,28182.3245122939,0.01746555549210682,0.052776795798754605,0.056351131132581944,265.00612925662665,1720.0092592548224,356.72136922941667,972.623263422116,246.24287625776833,105.91722148690972,38.50452885861162,5.91068424521801,97.74412644823477,0.0,1823.664069948275,2088.6701992049016,0.0,0.0,84813.5301648498,86902.20036405469,1.7804097004215336,0.021717262910402407,0.1494493435997795,0.1711666065101819,86319.43632706006,582.7640369946275,18303.80315880168,44030.6400498962,14688.290929222607,58718.93097911881,7320.854096954587,1975.8480921849907,0.21204729708207867,19.6727050474917,23098.14059558191,29068.54549116099,0.26758910366448874,0.3367555063847001,18953.81641735644,18953.816417356436,0,0.0,0.0,0.0,0.0,0.0,0.0,0.0,0.0,0.0,0.0,0.0,none,1929.5529608293193,20883.369378185755,1990.926072756667,1990.926072756667,0.0,20944.7424901131,0.2154110468670722,0.5181811771623273,0.1728613500867164,0.0702933619006643,0.0232530639832198,0.0810649053757827,0.08600816715935147,0.07825467179264434,0.37622803388202,8575.278514364374,-1.4551915228366852e-11,0.07882062092156811,0.07965296569117598,0.06773531046078396,0.04133531046078406,market_functioning,0.0327767957987546,0.0,0.04767062092156811,0.07882062092156811,0.07882062092156811,0.0,0.0,0.03115,0.0438999999999999,0.0438999999999999,0.0175,0.07882062092156811,0.07965296569117598,0.06773531046078396,0.04133531046078406,0.0,0.0,0.0,0.0,0.0,False,0.0,1888.1464334001473,0.0,0.0,0.0,True,1.0,8598.993060036271,8598.993060036271,0.07459052874356002,158.13461159969663,169.44449307307846,-11.309881473381836,0.0,41.56265948997182,1834.973951421657,0.15037618883966855,8616.841173854345,market_functioning
2038Q1,2038-03-31,2038,1,2038,49676.44016115621,28304.416431579815,0.017441798459170377,0.054505881638612586,0.056351131132581944,267.1793405642089,1751.8495924440335,360.679282550727,990.6182341218215,252.0707236262872,108.04328860321459,40.43806354198372,5.91068424521801,101.02417269924693,0.0,1858.7844493884984,2125.9637899527074,0.0,0.0,86902.20036405469,89028.1641540074,1.7921607076753,0.021513565762558487,0.14967130843984658,0.17118487420240508,88445.40011701277,582.7640369946275,18739.997521596855,45079.92564444723,15038.32472530512,60118.25036975235,7564.218082996421,2022.934142667142,0.2118821046295674,19.53926129238117,23636.179497397967,30520.997077070286,0.26724034789969214,0.3450829216295158,19490.690203037324,19490.690203037328,0,0.0,0.0,0.0,0.0,0.0,0.0,0.0,0.0,0.0,0.0,0.0,none,1975.8480921849907,21466.53829522232,2024.9396172534603,2024.9396172534603,0.0,21515.62982029079,0.2154110468670722,0.5181811771623273,0.1728613500867164,0.0702933619006643,0.0232530639832198,0.08124901342376395,0.08555753210397864,0.0801399262277634,0.40111249774412105,10434.062963752873,1.4551915228366852e-11,0.08086472168974349,0.08118604126730751,0.06875736084487163,0.042357360844871746,market_functioning,0.03450588163861258,0.0,0.04971472168974349,0.08086472168974349,0.08086472168974349,0.0,0.0,0.03115,0.0438999999999999,0.0438999999999999,0.0175,0.08086472168974349,0.08118604126730751,0.06875736084487163,0.042357360844871746,0.0,0.0,0.0,0.0,0.0,False,0.0,1894.9579013662735,0.0,0.0,0.0,True,1.0,8598.993060036271,8598.993060036271,0.07581344804784296,160.35085975257715,173.83879515296718,-13.487935400390029,0.0,55.05059489036185,1872.2723847888883,0.15075737139899853,10489.113558643234,market_functioning
2038Q2,2038-06-30,2038,2,2038,50558.02635480837,28427.0372794411,0.017441798459170377,0.054505881638612586,0.056584157349406805,269.37037352520224,1798.5455115811442,378.85117101260306,1009.556352738352,258.22052471415697,109.99884281512634,41.91862030090564,5.91068424521801,104.80535512485284,0.0,1909.261550951215,2178.631924476417,0.0,0.0,89028.1641540074,91206.79607848382,1.804002304963582,0.021311779192866656,0.1510550698757356,0.17236684906860225,90624.03204148919,582.7640369946275,19186.722673921624,46154.54353738433,15396.809185928936,61551.35272331326,7814.799679679918,2071.1569645743757,0.21171782188126018,19.41666061689177,24190.301630664293,32036.696242377584,0.2669303173311641,0.35351214816518706,19976.537743442677,19976.53774344268,0,0.0,0.0,0.0,0.0,0.0,0.0,0.0,0.0,0.0,0.0,0.0,none,2022.934142667142,21999.471886109823,2073.8265693515646,2073.8265693515646,0.0,22050.364312794245,0.2154110468670722,0.5181811771623273,0.1728613500867164,0.0702933619006643,0.0232530639832198,0.08121621923500348,0.08578236197922424,0.08111855618793913,0.4256371758859179,12343.324514704087,0.0,0.08188677207383117,0.08195257905537329,0.06926838603691549,0.04286838603691559,market_functioning,0.03450588163861258,0.0,0.05073677207383118,0.08188677207383117,0.08188677207383117,0.0,0.0,0.03115,0.0438999999999999,0.0438999999999999,0.0175,0.08188677207383117,0.08195257905537329,0.06926838603691549,0.04286838603691559,0.0,0.0,0.0,0.0,0.0,False,0.0,1895.5028324139598,0.0,0.0,0.0,True,1.0,8598.993060036271,8598.993060036271,0.07698286956447949,162.9798284052055,176.03594619291155,-13.056117787706057,0.0,68.10671267806791,1922.317668738921,0.15208803090914938,12411.431227382154,market_functioning
2038Q3,2038-09-30,2038,3,2038,51455.2576754929,28550.18934731063,0.01744179845916949,0.054505881638612586,0.056584157349406805,271.57937428799494,1841.8307402245257,392.7846966108072,1029.2624382663519,264.58471057832344,112.016412609698,43.182482159344715,5.91068424521801,108.27726629134882,0.0,1956.0186907610923,2227.5980650490874,0.0,0.0,91206.79607848382,93434.3941435329,1.8158376493377044,0.02111188528105206,0.15205588537497147,0.17316777065602354,92851.63010653827,582.7640369946275,19643.24778582919,47252.73568366922,15763.157840469057,63015.89352413828,8072.051129861949,2120.4376667088577,0.2115552280912081,19.252808227306126,24768.389172101306,33674.7921580575,0.26675233535137693,0.3626731390651831,20374.040102680206,20374.040102680206,0,0.0,0.0,0.0,0.0,0.0,0.0,0.0,0.0,0.0,0.0,0.0,none,2071.1569645743757,22445.197067254583,2119.3207987577384,2119.3207987577384,0.0,22493.360901437944,0.2154110468670722,0.5181811771623273,0.1728613500867164,0.0702933619006643,0.0232530639832198,0.0810838724697011,0.08578390097500761,0.08169633434023238,0.44874534833393104,14299.343205465178,0.0,0.08239779726587503,0.08233584794940617,0.06952389863293741,0.043123898632937516,market_functioning,0.03450588163861258,0.0,0.05124779726587503,0.08239779726587503,0.08239779726587503,0.0,0.0,0.03115,0.0438999999999999,0.0438999999999999,0.0175,0.08239779726587503,0.08233584794940617,0.06952389863293741,0.043123898632937516,0.0,0.0,0.0,0.0,0.0,False,0.0,1886.8406429356926,0.0,0.0,0.0,True,1.0,8598.993060036271,8598.993060036271,0.07801712518555552,165.49379028165916,177.13452171288375,-11.640731431224594,0.0,79.7474441092925,1967.659422192317,0.15296080603475226,14379.090649574471,market_functioning
2038Q4,2038-12-31,2038,4,2039,52368.41177047975,28673.874936548265,0.017441798459170377,0.054505881638613474,0.056584157349406805,280.32405192709604,1883.8905978167566,404.6400871750255,1049.6028687509984,270.95220725896354,114.35002733776037,44.34540729400881,5.922339525957902,111.84159102351354,0.0,2001.6545283662279,2281.978580293324,0.0,0.0,93434.3941435329,95716.37272382624,1.8277501548706863,0.021411690173511477,0.1528902222308424,0.17430191240435386,95133.6086868316,582.7640369946275,20110.719266532757,48377.259823372566,16138.29065030736,64515.55047367993,8336.438945646223,2170.9000009727006,0.21139447503494613,19.088584162575938,26116.195865730224,35254.053134851274,0.2745212362510246,0.3705741180375421,20846.50143324508,20846.50143324508,0,0.0,0.0,0.0,0.0,0.0,0.0,0.0,0.0,0.0,0.0,0.0,none,2120.4376667088577,22966.93909995394,2170.1369892698103,2170.1369892698103,0.0,23016.63842251489,0.2154110468670722,0.5181811771623273,0.1728613500867164,0.0702933619006643,0.0232530639832198,0.08090336142097392,0.08569240681504534,0.08195482777684887,0.4712293057153612,16300.997733831406,1.4551915228366852e-11,0.08265330986189762,0.08252748239642312,0.06965165493094871,0.04325165493094881,market_functioning,0.03450588163861347,0.0,0.05150330986189762,0.08265330986189762,0.08265330986189762,0.0,0.0,0.03115,0.0438999999999999,0.0438999999999999,0.0175,0.08265330986189762,0.08252748239642312,0.06965165493094871,0.04325165493094881,0.0,0.0,0.0,0.0,0.0,False,0.0,1884.285938743367,0.0,0.0,0.0,True,1.0,8598.993060036271,8598.993060036271,0.0788799887292198,167.71717950864323,177.68380947287127,-9.966629964228048,0.0,89.71407407352055,2011.6211583304557,0.1536514925941988,16390.711807904925,market_functioning
2039Q1,2039-03-31,2039,1,2039,53286.14171100381,28796.577412871466,0.017227156981449054,0.053808129052610454,0.056584157349406805,282.6228795094774,1925.5385622174358,415.5543777705916,1070.5237344976306,277.4843625149972,116.79002411151194,45.18606332270391,5.922339525957902,115.50479303856949,0.0,2046.965694781963,2329.5885742914406,0.0,0.0,95716.37272382624,98045.96129811768,1.8399898763522369,0.021215488337832843,0.15365839064750722,0.17487387898534007,97463.19726112304,582.7640369946275,20587.657371703845,49524.556363478194,16521.020161939832,66045.57652541803,8607.57913119879,2222.384232802383,0.21123519390140125,18.960891584336178,27509.055765398043,36998.19942383187,0.28225070117180623,0.37961200189961375,21400.4193005843,21400.4193005843,0,0.0,0.0,0.0,0.0,0.0,0.0,0.0,0.0,0.0,0.0,0.0,none,2170.9000009727006,23571.319301557,2214.083781252871,2214.083781252871,0.0,23614.50308183717,0.2154110468670722,0.5181811771623273,0.1728613500867164,0.0702933619006643,0.0232530639832198,0.08056874910287878,0.08554296977751734,0.08150473620014544,0.493720338299379,18347.96342861337,0.0,0.08225775172040664,0.08223081379030488,0.06945387586020321,0.043053875860203324,market_functioning,0.03380812905261045,0.0,0.051107751720406644,0.08225775172040664,0.08225775172040664,0.0,0.0,0.03115,0.0438999999999999,0.0438999999999999,0.0175,0.08225775172040664,0.08223081379030488,0.06945387586020321,0.043053875860203324,0.0,0.0,0.0,0.0,0.0,False,0.0,1888.1184100143919,0.0,0.0,0.0,True,1.0,8598.993060036271,8598.993060036271,0.07945631597903764,169.57211891457507,176.83345904449084,-7.261340129915766,0.0,96.97541420343632,2054.227034911879,0.15420347346992644,18444.938842816802,market_functioning
2039Q2,2039-06-30,2039,2,2039,54219.95440476136,28919.80496289779,0.017227156981449054,0.053808129052610454,0.056761870429347994,284.9405588750618,1964.644010930136,423.37360214660356,1091.7222504974307,284.3472486917908,119.05311619590965,46.147793398401035,5.922339525957902,119.62848338959702,0.0,2090.1948338456905,2375.1353927207524,0.0,0.0,98045.96129811768,100421.09669083843,1.8521058859839226,0.02102108435930662,0.15420115024384,0.17522223460314665,99838.3326538438,582.7640369946275,21073.51847625878,50693.31758885318,16910.91013141673,67604.2277202699,8885.754778035454,2274.8316792796545,0.21107642641954164,18.851472860560484,28955.086917418175,38631.256073733115,0.29001973638532513,0.38693811331639666,21933.999912115618,21933.99991211562,0,0.0,0.0,0.0,0.0,0.0,0.0,0.0,0.0,0.0,0.0,0.0,none,2222.384232802383,24156.384144918004,2255.5069093311554,2255.5069093311554,0.0,24189.506821446776,0.2154110468670722,0.5181811771623273,0.1728613500867164,0.0702933619006643,0.0232530639832198,0.08027755127692826,0.08527408191716383,0.0812719345045248,0.5159288840699093,20438.15826245906,0.0,0.08205997264966115,0.08208247948724576,0.06935498632483048,0.04295498632483058,market_functioning,0.03380812905261045,0.0,0.050909972649661156,0.08205997264966115,0.08205997264966115,0.0,0.0,0.03115,0.0438999999999999,0.0438999999999999,0.0175,0.08205997264966115,0.08208247948724576,0.06935498632483048,0.04295498632483058,0.0,0.0,0.0,0.0,0.0,False,0.0,1889.1572806715624,0.0,0.0,0.0,True,1.0,8598.993060036271,8598.993060036271,0.07985519860778252,170.81107741994845,176.40828383030063,-5.597206410352186,0.0,102.5726206137885,2095.7920402560426,0.1546140761838781,20540.730883072843,market_functioning
2039Q3,2039-09-30,2039,3,2039,55170.131693871896,29043.55983354516,0.017227156981449054,0.053808129052610454,0.056761870429347105,287.27724461992796,2005.2993045355806,432.3230874484812,1113.24627248423,291.35124672181405,121.19807287712169,47.18062500393393,5.922339525957902,123.49457979600189,0.0,2134.71622385754,2421.993468477468,0.0,0.0,100421.09669083843,102843.09015931589,1.864108114332077,0.02082846176362038,0.15477332812636058,0.17560178988998096,102260.32612232126,582.7640369946275,21568.64052809246,51884.35644869644,17308.231752487027,69192.58820118346,9170.818572041815,2328.2788210035246,0.21091894917577894,18.71914219887709,30511.534064421332,40453.84300012612,0.29837117894504067,0.3955966554588946,22382.080963332908,22382.080963332908,0,0.0,0.0,0.0,0.0,0.0,0.0,0.0,0.0,0.0,0.0,0.0,none,2274.8316792796545,24656.912642612562,2298.4988886814663,2298.4988886814663,0.0,24680.579852014373,0.2154110468670722,0.5181811771623273,0.1728613500867164,0.0702933619006643,0.0232530639832198,0.08002783541801796,0.08503058796219236,0.08125440773174475,0.5369147652472114,22572.8744863166,0.0,0.08196108311428842,0.0820083123357162,0.0693055415571441,0.04290554155714421,market_functioning,0.03380812905261045,0.0,0.05081108311428842,0.08196108311428842,0.08196108311428842,0.0,0.0,0.03115,0.0438999999999999,0.0438999999999999,0.0175,0.08196108311428842,0.0820083123357162,0.0693055415571441,0.04290554155714421,0.0,0.0,0.0,0.0,0.0,False,0.0,1882.0921678134464,0.0,0.0,0.0,True,1.0,8598.993060036271,8598.993060036271,0.08016144848087305,171.66857465903502,176.19569622320552,-4.5271215641705,0.0,107.099742177959,2139.2433454217107,0.15510155801635184,22679.974228494553,market_functioning
2039Q4,2039-12-31,2039,4,2040,56136.96035959558,29167.84428134662,0.017227156981449054,0.053808129052610454,0.056761870429347994,293.9442834983906,2047.5847574682869,441.9472847462989,1135.1856740739997,298.5075826942128,123.68386305950136,48.2603528942743,5.935451716790281,127.45640795075889,0.0,2180.976617135836,2474.9209006342267,0.0,0.0,102843.09015931589,105318.01105995012,1.876090375847148,0.020944795130728607,0.15540396937527012,0.17634876450599873,104735.24702295549,582.7640369946275,22074.310311944686,53100.76836286193,17714.01763397292,70814.78599683485,9463.286151125736,2382.8645630502297,0.2107629564964555,18.788109461782067,31245.66926007959,41254.433361671356,0.29833002879375725,0.39389254844292637,23651.779079162116,23651.779079162116,0,0.0,0.0,0.0,0.0,0.0,0.0,0.0,0.0,0.0,0.0,0.0,none,2328.2788210035246,25980.05790016564,2347.4644926834676,2347.4644926834676,0.0,25999.24357184558,0.2154110468670722,0.5181811771623273,0.1728613500867164,0.0702933619006643,0.0232530639832198,0.07971071667535842,0.0848273467379189,0.08123129918830686,0.5644869384957102,24753.851103452434,0.0,0.08191163834660205,0.08197122875995144,0.06928081917330092,0.04288081917330103,market_functioning,0.03380812905261045,0.0,0.05076163834660205,0.08191163834660205,0.08191163834660205,0.0,0.0,0.03115,0.0438999999999999,0.0438999999999999,0.0175,0.08191163834660205,0.08197122875995144,0.06928081917330092,0.04288081917330103,0.0,0.0,0.0,0.0,0.0,False,0.0,1941.8628393042286,0.0,0.0,0.0,True,1.0,8598.993060036271,8598.993060036271,0.08040304692360517,172.3269347923706,176.08940241965797,-3.7624676272873785,0.0,110.86220980524638,2184.739084763123,0.1556720613847545,24864.71331325768,market_functioning
2040Q1,2040-03-31,2040,1,2040,57122.79807889186,29295.409800174013,0.017609093307503265,0.053565008463151154,0.05676187042934888,296.3548052568487,2088.7373391126257,452.03573075567033,1155.4021457956437,305.801917338936,126.2290946698,49.268450552575665,5.935451716790281,131.5211342103921,0.0,2226.193925039808,2522.5487302966567,0.0,0.0,105318.01105995012,107840.55979024679,1.887872503047015,0.020752121060145224,0.15588829678582825,0.17664041784597345,107257.79575325215,582.7640369946275,22589.364069505686,54339.75385722952,18127.333892326988,72467.08774955651,9762.880653462287,2438.463280727668,0.21060813259180516,18.876481661002654,32114.13697776619,42172.442782965,0.2994107491416768,0.3931876698266596,24281.593679527505,24281.593679527505,0,0.0,0.0,0.0,0.0,0.0,0.0,0.0,0.0,0.0,0.0,0.0,none,2382.8645630502297,26664.458242577733,2391.0275960862646,2391.0275960862646,0.0,26672.62127561377,0.2154110468670722,0.5181811771623273,0.1728613500867164,0.0702933619006643,0.0232530639832198,0.07935985430821392,0.08455130903573911,0.08097683109185633,0.5920393928935913,26980.04502849224,1.4551915228366852e-11,0.08170457552066439,0.08181593164049819,0.06917728776033209,0.0427772877603322,market_functioning,0.03356500846315115,0.0,0.05055457552066439,0.08170457552066439,0.08170457552066439,0.0,0.0,0.03115,0.0438999999999999,0.0438999999999999,0.0175,0.08170457552066439,0.08181593164049819,0.06917728776033209,0.0427772877603322,0.0,0.0,0.0,0.0,0.0,False,0.0,1946.6860573679714,0.0,0.0,0.0,True,1.0,8598.993060036271,8598.993060036271,0.08053294325361433,172.84631062546288,175.64426946885064,-2.797958843387761,0.0,113.66016864863414,2228.991883883196,0.15608422268144165,27093.705197140873,market_functioning
2040Q2,2040-06-30,2040,2,2040,58125.948385164025,29423.53322658747,0.017609093307503265,0.053565008463151154,0.05619323820971811,298.7850947586317,2129.678173269054,461.4136006451775,1175.7598249369628,313.19580389740213,128.9540405379164,50.35490325159553,5.935451716790281,134.35306399250277,0.0,2269.966688978347,2568.7517837369787,0.0,0.0,107840.55979024679,110409.31157398375,1.899484045273048,0.020561219425016257,0.15621021261875737,0.1767714320437736,109826.54753698912,582.7640369946275,23113.760446217704,55601.21345150917,18548.147341671392,74149.36079318056,10068.355787672308,2495.0705099185543,0.21045695202640405,18.995965618886043,32821.90784314058,42912.76952000146,0.2988522227022232,0.39073220894564326,24895.578239768576,24895.578239768576,0,0.0,0.0,0.0,0.0,0.0,0.0,0.0,0.0,0.0,0.0,0.0,none,2438.463280727668,27334.041520496245,2434.398719744476,2434.398719744476,0.0,27329.976959513053,0.2154110468670722,0.5181811771623273,0.1728613500867164,0.0702933619006643,0.0232530639832198,0.07905980099668176,0.08419714042262029,0.0809018945398348,0.6193305361164129,29250.01171747059,-1.4551915228366852e-11,0.08160104410769556,0.08173828308077156,0.06912552205384767,0.04272552205384778,market_functioning,0.03356500846315115,0.0,0.05045104410769556,0.08160104410769556,0.08160104410769556,0.0,0.0,0.03115,0.0438999999999999,0.0438999999999999,0.0175,0.08160104410769556,0.08173828308077156,0.06912552205384767,0.04272552205384778,0.0,0.0,0.0,0.0,0.0,False,0.0,1949.2272980470389,0.0,0.0,0.0,True,1.0,8598.993060036271,8598.993060036271,0.08061657745516904,173.12555503553114,175.42170299344696,-2.296147957915821,0.0,115.95631660654996,2272.262836936263,0.1563682245237125,29365.968034077137,market_functioning
2040Q3,2040-09-30,2040,3,2040,59146.71530985856,29552.2170005949,0.017609093307503265,0.053565008463151154,0.05619323820971811,301.23531411124793,2172.4691032478404,471.52674641663,1196.3364589050807,321.61009893500716,131.50423145264213,51.49156753847964,5.935451716790281,138.5568970323014,0.0,2316.9614519969323,2618.1967661081803,0.0,0.0,110409.31157398375,113027.50834009194,1.9109684747151552,0.020372073920462534,0.15669248510986994,0.17706455903033247,112444.74430309731,582.7640369946275,23647.90226626867,56886.116157805554,18976.781237168696,75862.89739497425,10381.214907404872,2552.729734449518,0.21030687039071586,19.120036084704594,33623.130593584996,43645.14982758182,0.29901913870650193,0.38814753057675466,25484.029305555367,25484.029305555363,0,0.0,0.0,0.0,0.0,0.0,0.0,0.0,0.0,0.0,0.0,0.0,none,2495.0705099185543,27979.099815473917,2479.639869075879,2479.639869075879,0.0,27963.669174631243,0.2154110468670722,0.5181811771623273,0.1728613500867164,0.0702933619006643,0.0232530639832198,0.07878431567745414,0.08394079879555696,0.08084517226691085,0.646070160265047,31566.97316946752,0.0,0.08154927840121114,0.08169945880090826,0.06909963920060547,0.04269963920060557,market_functioning,0.03356500846315115,0.0,0.05039927840121114,0.08154927840121114,0.08154927840121114,0.0,0.0,0.03115,0.0438999999999999,0.0438999999999999,0.0175,0.08154927840121114,0.08169945880090826,0.06909963920060547,0.04269963920060557,0.0,0.0,0.0,0.0,0.0,False,0.0,1948.8415621235522,0.0,0.0,0.0,True,1.0,8598.993060036271,8598.993060036271,0.08066838527346798,173.30534751521876,175.3104197557451,-2.0050722405263457,0.0,117.96138884707631,2318.9665242374585,0.15682808501461679,31684.934558314595,market_functioning
2040Q4,2040-12-31,2040,4,2041,60185.408223607854,29681.46357287557,0.017609093307502377,0.053565008463151154,0.05619323820971722,313.90226020595355,2216.5241900892343,482.11734137914385,1217.2422879235319,330.41665269707255,134.08292668872681,52.66498140075982,5.957305368177581,142.8623456827609,0.0,2365.3438411401726,2679.246101346126,0.0,0.0,113027.50834009194,115706.75444143807,1.922505103089952,0.02086234982670266,0.15720380809595383,0.17806615792265648,115123.99040444344,582.7640369946275,24194.267346332752,58200.4224780506,19415.223957510683,77615.64643556128,10702.368194343448,2611.708428205958,0.21015834546158094,19.20599379553465,34236.80949366278,44141.42748183609,0.29739074691022305,0.38342509955364057,25955.084349412053,25955.084349412053,0,0.0,0.0,0.0,0.0,0.0,0.0,0.0,0.0,0.0,0.0,0.0,none,2552.729734449518,28507.814083861573,2536.3837556633653,2536.3837556633653,0.0,28491.46810507542,0.2154110468670722,0.5181811771623273,0.1728613500867164,0.0702933619006643,0.0232530639832198,0.07854100099728413,0.08370860778503643,0.08093383572202896,0.6712053672510964,33932.317010607694,0.0,0.08152339554796893,0.0816800466609766,0.06908669777398437,0.04268669777398447,market_functioning,0.03356500846315115,0.0,0.050373395547968935,0.08152339554796893,0.08152339554796893,0.0,0.0,0.03115,0.0438999999999999,0.0438999999999999,0.0175,0.08152339554796893,0.0816800466609766,0.06908669777398437,0.04268669777398447,0.0,0.0,0.0,0.0,0.0,False,0.0,1938.6714220829851,0.0,0.0,0.0,True,1.0,8598.993060036271,8598.993060036271,0.08072823195493536,173.41672128272083,175.25477813689417,-1.8380568541733453,0.0,119.79944570124965,2367.1818979943455,0.15732596772955432,34052.11645630894,market_functioning
2041Q1,2041-03-31,2041,1,2041,61256.274052349625,29808.19978253751,0.017189212325988024,0.05495933695345423,0.056193238209719,316.47644950213635,2263.026031898293,493.0997067170984,1238.6997044551636,339.4071320335582,137.2633804309269,54.55610826154607,5.957305368177581,147.2819355193122,0.0,2416.2652727857826,2732.741722287919,0.0,0.0,115706.75444143807,118439.49616372598,1.9335080038088435,0.020665732899893683,0.15778075373770475,0.17844648663759843,117856.73212673135,582.7640369946275,24751.203945633293,59540.15907386422,19862.150026846415,79402.30910071064,11031.390790333697,2671.8282900537306,0.2100109471813483,19.35015527228484,34844.38843212946,44591.17730736049,0.2956503867310803,0.37835070176060537,26759.242405204277,26759.242405204277,0,0.0,0.0,0.0,0.0,0.0,0.0,0.0,0.0,0.0,0.0,0.0,none,2611.708428205958,29370.950833410236,2585.4597867686066,2585.4597867686066,0.0,29344.702191972883,0.2154110468670722,0.5181811771623273,0.1728613500867164,0.0702933619006643,0.0232530639832198,0.07855687042226847,0.08353065590509538,0.08173280746660123,0.6974495380213911,36348.58228339348,0.0,0.08255620048907514,0.08245465036680626,0.06960310024453747,0.04320310024453757,market_functioning,0.034959336953454226,0.0,0.05140620048907514,0.08255620048907514,0.08255620048907514,0.0,0.0,0.03115,0.0438999999999999,0.0438999999999999,0.0175,0.08255620048907514,0.08245465036680626,0.06960310024453747,0.04320310024453757,0.0,0.0,0.0,0.0,0.0,False,0.0,1952.3919896807474,0.0,0.0,0.0,True,1.0,8598.993060036271,8598.993060036271,0.08095631972850516,173.5453765823719,177.47504876713003,-3.9296721847581466,0.0,123.7291178860078,2420.1949449705407,0.158037359105599,36472.31140127948,market_functioning
2041Q2,2041-06-30,2041,2,2041,62346.19356298895,29935.477140273233,0.017189212325988024,0.05495933695345423,0.05680514587734553,319.07174871491617,2316.8850158612086,510.8413388204225,1260.9965965955423,348.48162981156116,140.40856088218484,56.15688975149742,5.957305368177581,153.42922043842185,0.0,2476.271541667808,2795.3432903827243,0.0,0.0,118439.49616372598,121234.8394541087,1.9445427623680667,0.020470968986586485,0.15887234810356193,0.17934331709014842,120652.07541711407,582.7640369946275,25320.301421172844,60909.14921658967,20318.834859790084,81227.98407637975,11370.529032601167,2733.260886960314,0.2098621290486417,19.438554149138046,35447.94290548344,45024.74704033207,0.2938030098772364,0.373178388226428,27237.068073631075,27237.068073631075,0,0.0,0.0,0.0,0.0,0.0,0.0,0.0,0.0,0.0,0.0,0.0,none,2671.8282900537306,29908.896363684806,2641.9140699443024,2641.9140699443024,0.0,29878.982143575377,0.2154110468670722,0.5181811771623273,0.1728613500867164,0.0702933619006643,0.0232530639832198,0.0784679058102469,0.08362992487724567,0.08242377715152407,0.7219727488114481,38824.85382506129,0.0,0.08307260295962823,0.08284195221972107,0.06986130147981401,0.04346130147981412,market_functioning,0.034959336953454226,0.0,0.051922602959628236,0.08307260295962823,0.08307260295962823,0.0,0.0,0.03115,0.0438999999999999,0.0438999999999999,0.0175,0.08307260295962823,0.08284195221972107,0.06986130147981401,0.04346130147981412,0.0,0.0,0.0,0.0,0.0,False,0.0,1941.2128513428545,0.0,0.0,0.0,True,1.0,8598.993060036271,8598.993060036271,0.08128759656388276,174.03570787787334,178.58518408224793,-4.549476204374599,0.0,128.2785940903824,2480.8210178721824,0.15916423288076348,38953.13241915167,market_functioning
2041Q3,2041-09-30,2041,3,2041,63455.505773528006,30063.29795671865,0.017189212325988024,0.05495933695345512,0.05680514587734553,321.688330958438,2368.977812830106,525.8558366948006,1284.0165981320279,357.69088538431555,143.78997045100152,57.62452216796095,5.957305368177581,158.14609767728737,0.0,2533.0812158755707,2854.769546834009,0.0,0.0,121234.8394541087,124089.60900094271,1.9555373089896588,0.020278040623081,0.1596760555288053,0.17995409615188632,123506.84496394808,582.7640369946275,25901.18390136199,62306.488729837234,20784.976829886808,83091.46555972405,11718.22985829985,2795.965644562206,0.20971456204652142,19.55389733327769,35960.8865477768,45440.62881884742,0.2911651298215403,0.36791992243111415,27960.092896358085,27960.09289635809,0,0.0,0.0,0.0,0.0,0.0,0.0,0.0,0.0,0.0,0.0,0.0,none,2733.260886960314,30693.353783318402,2696.6234491567216,2696.6234491567216,0.0,30656.71634551481,0.2154110468670722,0.5181811771623273,0.1728613500867164,0.0702933619006643,0.0232530639832198,0.07831393993736029,0.08357601584763673,0.0825506948297948,0.7467088907662127,41357.93504093686,0.0,0.08333080419490545,0.08303560314617899,0.06999040209745262,0.04359040209745273,market_functioning,0.034959336953455114,0.0,0.05218080419490545,0.08333080419490545,0.08333080419490545,0.0,0.0,0.03115,0.0438999999999999,0.0438999999999999,0.0175,0.08333080419490545,0.08303560314617899,0.06999040209745262,0.04359040209745273,0.0,0.0,0.0,0.0,0.0,False,0.0,1946.682751421059,0.0,0.0,0.0,True,1.0,8598.993060036271,8598.993060036271,0.08157354302184984,174.74786967996403,179.14025173980835,-4.392382059844323,0.0,132.67097615022672,2537.473597935415,0.15995293502137578,41490.606017087084,market_functioning
2041Q4,2041-12-31,2041,4,2042,64584.55573404224,30191.66455237581,0.017189212325988024,0.05495933695345423,0.05680514587734642,344.6291974501222,2420.1792087287135,539.5916210251582,1307.6461380813494,367.22783805516286,146.6768635173261,59.03674804971635,5.987900480119798,162.98206692601698,0.0,2589.14917613485,2933.7783735849725,0.0,0.0,124089.60900094271,127023.3873745277,1.9667765138403548,0.021344372104643565,0.16035717187848494,0.18170154398312852,126440.62333753306,582.7640369946275,26498.044034434814,63742.26322169879,21263.940420271167,85006.20364196996,12075.980512762868,2860.3951483654155,0.20956907151349866,19.581145910252772,36441.762751653754,46100.0395279282,0.2882124572762705,0.36459832537256803,28273.068227815056,28273.068227815056,0,0.0,0.0,0.0,0.0,0.0,0.0,0.0,0.0,0.0,0.0,0.0,none,2795.965644562206,31069.033872377262,2770.7963066589555,2770.7963066589555,0.0,31043.86453447401,0.2154110468670722,0.5181811771623273,0.1728613500867164,0.0702933619006643,0.0232530639832198,0.07817029406110221,0.0834606280729011,0.082791646015293,0.7682977491049389,43947.084217071715,1.4551915228366852e-11,0.0834599048125434,0.08313242860940745,0.0700549524062716,0.0436549524062717,market_functioning,0.034959336953454226,0.0,0.0523099048125434,0.0834599048125434,0.0834599048125434,0.0,0.0,0.03115,0.0438999999999999,0.0438999999999999,0.0175,0.0834599048125434,0.08313242860940745,0.0700549524062716,0.0436549524062717,0.0,0.0,0.0,0.0,0.0,False,0.0,1922.7991056948954,0.0,0.0,0.0,True,1.0,8598.993060036271,8598.993060036271,0.08184591995367013,175.36258258186425,179.4177855685871,-4.055202986722861,0.0,136.72617913694958,2593.204379121573,0.16060832808390482,44083.81039620866,market_functioning
2042Q1,2042-03-31,2042,1,2042,65694.10229503924,30319.82671935733,0.017088232020256333,0.05252445248941795,0.05680514587734553,347.45536630486725,2471.7759911112375,552.8810582081283,1332.6259747844003,376.92031490131353,150.2111950757554,59.13744814163886,5.987900480119798,167.95781341789754,0.0,2645.7217050092545,2993.177071314122,0.0,0.0,127023.3873745277,130016.56444584181,1.9791208023807605,0.021155954898015538,0.16109340793650154,0.1822493628345171,129433.80040884718,582.7640369946275,27106.627472407254,65206.238662497126,21752.3116354821,86958.55029797922,12442.53248592479,2926.0901525359013,0.20942464322908375,19.65742344285306,36893.54807958769,46679.101671763645,0.2850379727942061,0.3606407408599353,29119.540856463776,29119.540856463776,0,0.0,0.0,0.0,0.0,0.0,0.0,0.0,0.0,0.0,0.0,0.0,none,2860.3951483654155,31979.936004829193,2825.2192578962245,2825.2192578962245,0.0,31944.76011436,0.2154110468670722,0.5181811771623273,0.1728613500867164,0.0702933619006643,0.0232530639832198,0.07753499910552991,0.0833144749071558,0.08091699611315728,0.7908501155932676,46592.80592208097,0.0,0.08169829177333515,0.08181121883000127,0.06917414588666748,0.04277414588666758,market_functioning,0.032524452489417946,0.0,0.050548291773335155,0.08169829177333515,0.08169829177333515,0.0,0.0,0.03115,0.0438999999999999,0.0438999999999999,0.0175,0.08169829177333515,0.08181121883000127,0.06917414588666748,0.04277414588666758,0.0,0.0,0.0,0.0,0.0,False,0.0,1934.5698646352903,0.0,0.0,0.0,True,1.0,8598.993060036271,8598.993060036271,0.08163693408103939,175.9481244184734,175.63076099393183,0.3173634245415826,0.0,136.408815712408,2645.4043415847127,0.16107408422776942,46729.21473779337,market_functioning
2042Q2,2042-06-30,2042,2,2042,66822.71058924825,30448.53292858657,0.017088232020256333,0.05252445248941706,0.05667797807831465,350.3047114617209,2510.3709017181322,553.6412900579575,1356.8405589309375,386.41130191609244,153.62641633659595,59.85133447654793,5.987900480119798,172.67643951419637,0.0,2689.035241712448,3039.339953174169,0.0,0.0,130016.56444584181,133055.90439901597,1.9911778978391907,0.020969200942176972,0.1609653495346304,0.18193455047680734,132473.14036202134,582.7640369946275,27724.138460900387,66691.68973653375,22247.846960697694,88939.53669723144,12816.716341252113,2992.748862637399,0.20928120511928777,19.674817847707313,37341.69156794157,47327.261188204524,0.2818812286467623,0.35725929844245435,29624.99249204384,29624.99249204384,0,0.0,0.0,0.0,0.0,0.0,0.0,0.0,0.0,0.0,0.0,0.0,none,2926.0901525359013,32551.08264457974,2866.6635136599725,2866.6635136599725,0.0,32491.65600570381,0.2154110468670722,0.5181811771623273,0.1728613500867164,0.0702933619006643,0.0232530639832198,0.07708320262633399,0.08272900466717259,0.08025055879484286,0.811619673862939,49281.84116379341,0.0,0.08081748525373036,0.08115061394029767,0.06873374262686507,0.042333742626865185,market_functioning,0.03252445248941706,0.0,0.04966748525373037,0.08081748525373036,0.08081748525373036,0.0,0.0,0.03115,0.0438999999999999,0.0438999999999999,0.0175,0.08081748525373036,0.08115061394029767,0.06873374262686507,0.042333742626865185,0.0,0.0,0.0,0.0,0.0,False,0.0,1922.994383212677,0.0,0.0,0.0,True,1.0,8598.993060036271,8598.993060036271,0.08132689872343793,175.49885740137407,173.73724870660277,1.7616086947712972,0.0,134.6472070176367,2687.2736330176767,0.16085989983471627,49416.48837081105,market_functioning
2042Q3,2042-09-30,2042,3,2042,67970.70809249219,30577.785489496757,0.017088232020256333,0.05252445248941906,0.05667797807831465,353.1774229804449,2554.683947737809,560.148787809049,1380.79758729337,395.7819788752277,157.0703013646412,60.88529239552068,5.987900480119798,177.8693321937784,0.0,2738.541180411707,3091.718603392152,0.0,0.0,133055.90439901597,136147.62300240813,2.0030337600300285,0.020784095554800062,0.1611600795263274,0.18194417508112748,135564.8589654135,582.7640369946275,28351.813782822082,68201.5915819569,22751.538879666237,90953.13046162314,13199.40993479023,3060.504786178033,0.20913837110290837,19.692009519144513,37873.550530370114,48103.65166675763,0.27937587085184623,0.3548386509149119,30298.019614379034,30298.019614379034,0,0.0,0.0,0.0,0.0,0.0,0.0,0.0,0.0,0.0,0.0,0.0,none,2992.748862637399,33290.768477016434,2913.8492711983736,2913.8492711983736,0.0,33211.86888557741,0.2154110468670722,0.5181811771623273,0.1728613500867164,0.0702933619006643,0.0232530639832198,0.07671603501946841,0.08232753571609139,0.07974084534251968,0.8318971291703395,52020.38234420512,0.0,0.08037708199392947,0.080820311495447,0.06851354099696463,0.04211354099696474,market_functioning,0.032524452489419056,0.0,0.04922708199392947,0.08037708199392947,0.08037708199392947,0.0,0.0,0.03115,0.0438999999999999,0.0438999999999999,0.0175,0.08037708199392947,0.080820311495447,0.06851354099696463,0.04211354099696474,0.0,0.0,0.0,0.0,0.0,False,0.0,1921.8288750136749,0.0,0.0,0.0,True,1.0,8598.993060036271,8598.993060036271,0.08097242429096888,174.83235942927885,172.79049256294147,2.0418668663373865,0.0,132.60534015129932,2736.4993135453697,0.16103991794945763,52152.98768435642,market_functioning
2042Q4,2042-12-31,2042,4,2043,69138.42790654681,30707.586721324555,0.017088232020256333,0.05252445248941795,0.05667797807831354,368.108227336267,2602.021812197983,569.7090152746275,1405.039669890945,405.13373554289217,160.04413629317136,62.095255196346564,6.009754131507097,183.18032231831847,0.0,2791.2118886478083,3159.3201159840755,0.0,0.0,136147.62300240813,139306.9431183922,2.0148989113071956,0.021296881545170936,0.1614854125651014,0.18278229411027236,138724.17908139757,582.7640369946275,28992.907171398376,69743.77120363827,23265.998422446104,93009.76962608438,13591.793128691663,3129.7091552231486,0.20899678313746983,19.623286055993216,38694.421590558544,48941.02412862145,0.27893062223748516,0.352793755585354,30604.955926551014,30604.955926551018,0,0.0,0.0,0.0,0.0,0.0,0.0,0.0,0.0,0.0,0.0,0.0,none,3060.504786178033,33665.46071272905,2976.139793665757,2976.139793665757,0.0,33581.09572021678,0.2154110468670722,0.5181811771623273,0.1728613500867164,0.0702933619006643,0.0232530639832198,0.07644258280838857,0.08200545340695191,0.07962165800948388,0.8490148511687579,54811.59423285293,0.0,0.0801568803640282,0.08065516027302105,0.068403440182014,0.0420034401820141,market_functioning,0.032524452489417946,0.0,0.0490068803640282,0.0801568803640282,0.0801568803640282,0.0,0.0,0.03115,0.0438999999999999,0.0438999999999999,0.0175,0.0801568803640282,0.08065516027302105,0.068403440182014,0.0420034401820141,0.0,0.0,0.0,0.0,0.0,False,0.0,1897.0867613547737,0.0,0.0,0.0,True,1.0,8598.993060036271,8598.993060036271,0.08067442186063795,174.07032863308845,172.31711449110904,1.753214141979413,0.0,130.8521260093199,2789.4586745058286,0.16138398045592187,54942.446358862246,market_functioning
2043Q1,2043-03-31,2043,1,2043,70369.0941949645,30837.418255642995,0.01701953976476145,0.05516540834182937,0.05667797807831554,371.12693850459084,2654.8122160762573,580.9952478857887,1430.572135456384,414.6374001064011,163.6444536930646,64.96297893461862,6.009754131507097,188.6257839174606,0.0,2849.447754125225,3220.5746926298157,0.0,0.0,139306.9431183922,142527.51781102203,2.0254277739618973,0.021096019083397442,0.1619715465559667,0.18306756563936413,141944.7537740274,582.7640369946275,29646.02245987158,71314.87005825088,23790.105204200067,95104.97526245094,13993.544794513573,3200.2112571912903,0.20885606316290722,19.60057174459997,39475.95941723479,49804.37849097034,0.27810791429515996,0.3508715691617437,31463.259612460686,31463.259612460683,0,0.0,0.0,0.0,0.0,0.0,0.0,0.0,0.0,0.0,0.0,0.0,none,3129.7091552231486,34592.96876768383,3031.948908712355,3031.948908712355,0.0,34495.20852117304,0.2154110468670722,0.5181811771623273,0.1728613500867164,0.0702933619006643,0.0232530639832198,0.07669144521345543,0.08181782444837878,0.08124351663502172,0.8668943186335092,57661.041986978154,2.9103830456733704e-11,0.08202749643838612,0.08205812232878949,0.06933874821919296,0.042938748219193065,market_functioning,0.035165408341829366,0.0,0.05087749643838613,0.08202749643838612,0.08202749643838612,0.0,0.0,0.03115,0.0438999999999999,0.0438999999999999,0.0175,0.08202749643838612,0.08205812232878949,0.06933874821919296,0.042938748219193065,0.0,0.0,0.0,0.0,0.0,False,0.0,1906.039806757365,0.0,0.0,0.0,True,1.0,8598.993060036271,8598.993060036271,0.08080056654830309,173.42969842551605,176.33846815145807,-2.9087697259420224,0.0,133.76089573526193,2852.356523851167,0.16213689014944158,57794.80288271341,market_functioning
2043Q2,2043-06-30,2043,2,2043,71621.66638375203,30967.798717086724,0.01701953976476145,0.05516540834182937,0.05626477673819319,374.170404939005,2724.5083490180627,607.9472504348579,1457.70635620833,424.4450792823572,167.2349850755038,67.17467801701366,6.009754131507097,192.81406967809855,0.0,2923.3321728276683,3297.5025777666733,0.0,0.0,142527.51781102203,145825.0203887887,2.036046181995429,0.020897051064642007,0.1632652419542615,0.18416229301890352,145242.25635179406,582.7640369946275,30314.806661595107,72923.66120409456,24326.78585130697,97250.44705540153,14404.59785707957,3272.4047777178416,0.2087189184679769,19.52942699063171,40345.881923032626,50712.505329393396,0.27778335958448686,0.349158066000859,31992.2867023742,31992.2867023742,0,0.0,0.0,0.0,0.0,0.0,0.0,0.0,0.0,0.0,0.0,0.0,none,3200.2112571912903,35192.49795956549,3104.688508088575,3104.688508088575,0.0,35096.97521046278,0.2154110468670722,0.5181811771623273,0.1728613500867164,0.0702933619006643,0.0232530639832198,0.0767493509961724,0.08204260391887915,0.0823169201361676,0.8831757472644117,60584.374159805826,0.0,0.08296280447556509,0.08275960335667372,0.06980640223778245,0.04340640223778255,market_functioning,0.035165408341829366,0.0,0.05181280447556509,0.08296280447556509,0.08296280447556509,0.0,0.0,0.03115,0.0438999999999999,0.0438999999999999,0.0175,0.08296280447556509,0.08275960335667372,0.06980640223778245,0.04340640223778255,0.0,0.0,0.0,0.0,0.0,False,0.0,1894.0868741537445,0.0,0.0,0.0,True,1.0,8598.993060036271,8598.993060036271,0.08113457140297592,173.70087774896427,178.34914498163258,-4.648267232668303,0.0,138.40916296793023,2927.9804400603366,0.16352484313180254,60722.78332277375,market_functioning
2043Q3,2043-09-30,2043,3,2043,72896.53439865576,31098.73042651709,0.017019539764762337,0.05516540834182937,0.05626477673819319,377.2388296477356,2789.5199194652314,628.7503444451182,1486.121941496538,434.50474607389884,171.07022850938134,69.07265894029483,6.009754131507097,198.477882172419,0.0,2994.0075557691575,3371.246385416893,0.0,0.0,145825.0203887887,149196.26677420558,2.046685319198889,0.020699959621383157,0.1642880600822839,0.18498801970366704,148613.50273721095,582.7640369946275,30998.256046345872,74567.73012196933,24875.234898290422,99442.96502025975,14826.10030387758,3346.1813667277297,0.2085830390604494,19.482053160919804,41275.55939371306,51614.4447407474,0.2777376122188538,0.34730656225777656,32795.302819571094,32795.30281957109,0,0.0,0.0,0.0,0.0,0.0,0.0,0.0,0.0,0.0,0.0,0.0,none,3272.4047777178416,36067.70759728893,3172.7685032444742,3172.7685032444742,0.0,35968.07132281556,0.2154110468670722,0.5181811771623273,0.1728613500867164,0.0702933619006643,0.0232530639832198,0.07669349065114343,0.08212603153523969,0.08266159458861963,0.8996466541244474,63578.381715574986,0.0,0.08343045849415456,0.08311034387061582,0.07004022924707717,0.043640229247077285,market_functioning,0.035165408341829366,0.0,0.052280458494154566,0.08343045849415456,0.08343045849415456,0.0,0.0,0.03115,0.0438999999999999,0.0438999999999999,0.0175,0.08343045849415456,0.08311034387061582,0.07004022924707717,0.043640229247077285,0.0,0.0,0.0,0.0,0.0,False,0.0,1897.583840991515,0.0,0.0,0.0,True,1.0,8598.993060036271,8598.993060036271,0.08147154743047894,174.4189041058018,179.35448339671981,-4.935579290918014,0.0,143.34474225884824,2998.9431350600757,0.16455888663565205,63721.72645783383,market_functioning
2043Q4,2043-12-31,2043,4,2044,74194.09510611308,31230.21571460801,0.01701953976476145,0.05516540834182848,0.05626477673819319,399.49652748727436,2851.988420535442,646.5496786164588,1515.4896152311999,444.6954183413152,174.42819470172833,70.82551364473913,6.019952502154488,204.2856745037991,0.0,3062.2940475413952,3461.7905750286695,0.0,0.0,149196.26677420558,152658.05734923427,2.057549959075602,0.021537914946784417,0.1650963755625929,0.18663429050937733,152075.29331223964,582.7640369946275,31699.95858714255,76255.70784593535,25438.331593309245,101694.0394392446,15259.366949247162,3421.9283366052864,0.20844910370849312,19.407611196117976,41994.72103742895,52766.65472926332,0.2761442711881263,0.34697716887465274,33428.43627241691,33428.43627241692,0,0.0,0.0,0.0,0.0,0.0,0.0,0.0,0.0,0.0,0.0,0.0,none,3346.1813667277297,36774.61763914465,3257.5049005248707,3257.5049005248707,0.0,36685.94117294179,0.2154110468670722,0.5181811771623273,0.1728613500867164,0.0702933619006643,0.0232530639832198,0.07694656702219435,0.08210109042945123,0.08298799285137833,0.9031583832485939,66640.67576311638,2.9103830456733704e-11,0.08366428550344863,0.08328571412758637,0.07015714275172422,0.04375714275172432,market_functioning,0.03516540834182848,0.0,0.05251428550344864,0.08366428550344863,0.08366428550344863,0.0,0.0,0.03115,0.0438999999999999,0.0438999999999999,0.0175,0.08366428550344863,0.08328571412758637,0.07015714275172422,0.04375714275172432,0.0,0.0,0.0,0.0,0.0,False,0.0,1890.1879802670258,0.0,0.0,0.0,True,1.0,8598.993060036271,8598.993060036271,0.08180488493724312,175.14331773627606,179.857152604262,-4.713834867985952,0.0,148.0585771268342,3067.007882409381,0.1653505108741022,66788.73434024322,market_functioning
2044Q1,2044-03-31,2044,1,2044,75471.44925250394,31360.93155843563,0.016847634395924738,0.05292516736733344,0.05626477673819319,402.7726417919155,2926.5060764418754,663.0385964205482,1558.752947331644,455.1671499187052,178.45595046007986,71.091432310897,6.019952502154488,210.25556321864704,0.0,3142.781592162677,3545.5542339545927,0.0,0.0,152658.05734923427,156203.61158318885,2.069704678130405,0.021347020404728884,0.16656797362657816,0.18791499403130704,155620.8475461942,582.7640369946275,32418.418765420134,77983.99683732525,26014.875824475086,103998.87266180033,15704.071868974652,3499.4842499990577,0.2083166829932417,19.36755107469093,42796.519454638394,53977.598088425,0.2750050531753771,0.34685325867025874,34304.71992816996,34304.71992816996,0,0.0,0.0,0.0,0.0,0.0,0.0,0.0,0.0,0.0,0.0,0.0,none,3421.9283366052864,37726.64826477524,3335.298670735945,3335.298670735945,0.0,37640.0185989059,0.2154110468670722,0.5181811771623273,0.1728613500867164,0.0702933619006643,0.0232530639832198,0.07663374793082899,0.08234826636036559,0.08131262054122755,0.907669542729813,69783.45735527905,0.0,0.0821010182772244,0.08211326370791819,0.0693755091386121,0.0429755091386122,market_functioning,0.03292516736733343,0.0,0.0509510182772244,0.0821010182772244,0.0821010182772244,0.0,0.0,0.03115,0.0438999999999999,0.0438999999999999,0.0175,0.0821010182772244,0.08211326370791819,0.0693755091386121,0.0429755091386122,0.0,0.0,0.0,0.0,0.0,False,0.0,1895.5432594033284,0.0,0.0,0.0,True,1.0,8598.993060036271,8598.993060036271,0.08169637124834991,175.85990946310483,176.4965215969409,-0.6366121338360813,0.0,148.69518926067028,3143.418204296513,0.16660171418092773,69932.15254453973,market_functioning
2044Q2,2044-06-30,2044,2,2044,76770.79482035451,31492.19452086094,0.01684763439592385,0.05292516736733344,0.05705127569836388,406.07562222479197,2983.280418589943,665.3962978946182,1597.7459626334685,465.75723378810585,182.36207674833128,72.01884752541872,6.019952502154488,219.34583885646975,0.0,3208.646209948567,3614.721832173359,0.0,0.0,156203.61158318885,159818.3334153622,2.081759525732942,0.021157817796469015,0.16718056482061314,0.18833838261708213,159235.56937836757,582.7640369946275,33149.82026264785,79743.4167664509,26601.805102731872,106345.22186918277,16162.090101318174,3578.437145218744,0.20818100121762942,19.292910442449177,43567.40208419106,55175.64316877097,0.2736034559004112,0.34650325542319865,34963.083835860016,34963.08383586,0,0.0,0.0,0.0,0.0,0.0,0.0,0.0,0.0,0.0,0.0,0.0,none,3499.4842499990577,38462.56808585906,3395.3759933168894,3395.3759933168894,0.0,38358.45982917689,0.2154110468670722,0.5181811771623273,0.1728613500867164,0.0702933619006643,0.0232530639832198,0.07643696727067815,0.08216573682074563,0.08073074204652074,0.9110416241357729,72992.10356522762,0.0,0.08131938466411227,0.0815270384980841,0.06898469233205604,0.04258469233205614,market_functioning,0.03292516736733343,0.0,0.050169384664112276,0.08131938466411227,0.08131938466411227,0.0,0.0,0.03115,0.0438999999999999,0.0438999999999999,0.0175,0.08131938466411227,0.0815270384980841,0.06898469233205604,0.04258469233205614,0.0,0.0,0.0,0.0,0.0,False,0.0,1888.066318572602,0.0,0.0,0.0,True,1.0,8598.993060036271,8598.993060036271,0.08148434968262996,175.6266323486769,174.81620609328036,0.8104262553965498,0.0,147.88476300527373,3207.8357836931705,0.1671383390623782,73139.9883282329,market_functioning
2044Q3,2044-09-30,2044,3,2044,78092.51042245535,31624.006891879962,0.016847634395925626,0.05292516736733344,0.05705127569836388,409.40568910448235,3045.089892636322,673.9307463711109,1634.8981572968682,476.5051631848453,186.46176816448306,73.2940576190134,6.019952502154488,225.74318562252893,0.0,3276.8530307610054,3686.258719865488,0.0,0.0,159818.3334153622,163504.5921352277,2.093729491480303,0.0209702921260812,0.16784467616852294,0.18881496829460415,162921.82809823306,582.7640369946275,33895.25353657889,81536.59077957345,27199.99448997716,108736.58526955062,16631.084557752114,3658.904734351421,0.2080461159332308,19.247946350958525,44284.999151128846,56254.87324980265,0.2718174701822483,0.34528751553096987,35879.78747893727,35879.787478937265,0,0.0,0.0,0.0,0.0,0.0,0.0,0.0,0.0,0.0,0.0,0.0,none,3578.437145218744,39458.224624156006,3460.515534242959,3460.515534242959,0.0,39340.30301318022,0.2154110468670722,0.5181811771623273,0.1728613500867164,0.0702933619006643,0.0232530639832198,0.07627914674404046,0.08201444629621009,0.0802477339796681,0.9150262219475205,76268.95659598862,0.0,0.08092856785755621,0.08123392589316705,0.068789283928778,0.04238928392877811,market_functioning,0.03292516736733343,0.0,0.049778567857556216,0.08092856785755621,0.08092856785755621,0.0,0.0,0.03115,0.0438999999999999,0.0438999999999999,0.0175,0.08092856785755621,0.08123392589316705,0.068789283928778,0.04238928392877811,0.0,0.0,0.0,0.0,0.0,False,0.0,1893.730552427456,0.0,0.0,0.0,True,1.0,8598.993060036271,8598.993060036271,0.08121201350071186,175.17083935562596,173.97604834145008,1.1947910141758769,0.0,146.68997199109785,3275.6582397468296,0.16778347741808133,76415.64656797973,market_functioning
2044Q4,2044-12-31,2044,4,2045,79436.98118994065,31756.370971073586,0.01684763439592385,0.05292516736733255,0.05705127569836388,430.56965113041537,3109.3217119729297,685.7735814710243,1671.4132454425558,487.4665409361176,189.90488310304215,74.76346102018891,6.028693962709422,232.29384224992071,0.0,3347.6442481855597,3778.213899315975,0.0,0.0,163504.5921352277,167282.80603454367,2.1058555288569702,0.021681068171555327,0.16856855323749298,0.1902496214090483,166700.04199754904,582.7640369946275,34659.083888178444,83374.01980886747,27812.94701834117,111186.96682720864,17112.63304184421,3741.3582403177606,0.20791286836441247,19.136952829896984,45491.92798569675,58435.47143713844,0.27289691976421704,0.3505426317648895,36339.78668245652,36339.78668245653,0,0.0,0.0,0.0,0.0,0.0,0.0,0.0,0.0,0.0,0.0,0.0,none,3658.904734351421,39998.69141680795,3545.9200570660546,3545.9200570660546,0.0,39885.70673952258,0.2154110468670722,0.5181811771623273,0.1728613500867164,0.0702933619006643,0.0232530639832198,0.07619439501500805,0.08189725326899358,0.08016445775607493,0.9182344052688034,79616.60084417419,0.0,0.08073315945427752,0.08108736959070803,0.06869157972713866,0.04229157972713876,market_functioning,0.032925167367332545,0.0,0.04958315945427752,0.08073315945427752,0.08073315945427752,0.0,0.0,0.03115,0.0438999999999999,0.0438999999999999,0.0175,0.08073315945427752,0.08108736959070803,0.06869157972713866,0.04229157972713876,0.0,0.0,0.0,0.0,0.0,False,0.0,1874.538060945639,0.0,0.0,0.0,True,1.0,8598.993060036271,8598.993060036271,0.08098365151686396,174.58538512104832,173.5559694655335,1.0294156555148106,0.0,145.66055633558304,3346.614832530045,0.16851671764957943,79762.26140050977,market_functioning
2045Q1,2045-03-31,2045,1,2045,80822.3823534012,31884.47140650104,0.01623329428827147,0.054489465960201544,0.05705127569836388,434.1005839324724,3179.0826576525524,699.5343365208728,1709.2960577217732,498.64485535210235,194.15317448664842,77.45423357115264,6.028693962709422,239.0198466311105,0.0,3424.131198246372,3858.2317821788447,0.0,0.0,167282.80603454367,171141.03781672253,2.117495585175862,0.021484176600206555,0.16946450221049572,0.1909486788107023,170558.2737797279,582.7640369946275,35438.70212004858,85249.42731002954,28438.568879769908,113687.99618979945,17606.05946285598,3825.5160070238853,0.20778060972765738,19.071870689730485,46689.3263118991,60629.2118957405,0.27374413024487626,0.35547505583951755,37354.144156810326,37354.14415681032,0,0.0,0.0,0.0,0.0,0.0,0.0,0.0,0.0,0.0,0.0,0.0,none,3741.3582403177606,41095.502397128075,3619.2119355477344,3619.2119355477344,0.0,40973.35609235805,0.2154110468670722,0.5181811771623273,0.1728613500867164,0.0702933619006643,0.0232530639832198,0.07640221635181314,0.08187646487802921,0.08102635948809309,0.9224759584601603,83040.73204242055,2.9103830456733704e-11,0.08180867919728992,0.08189400939796734,0.06922933959864486,0.04282933959864496,market_functioning,0.03448946596020154,0.0,0.05065867919728992,0.08180867919728992,0.08180867919728992,0.0,0.0,0.03115,0.0438999999999999,0.0438999999999999,0.0175,0.08180867919728992,0.08189400939796734,0.06922933959864486,0.04282933959864496,0.0,0.0,0.0,0.0,0.0,False,0.0,1883.2743744981804,0.0,0.0,0.0,True,1.0,8598.993060036271,8598.993060036271,0.08099300503386776,174.09446434247727,175.8680661670574,-1.7736018245801404,0.0,147.43415816016318,3425.904800070952,0.1695522799657628,83188.16620058073,market_functioning
2045Q2,2045-06-30,2045,2,2045,82231.94526564635,32013.088579863437,0.01623329428827147,0.054489465960201544,0.05607658331448184,437.6604725293001,3260.9578924716875,724.7983532268431,1748.0137634641778,510.1664723077116,198.2685192764238,79.71078419653013,6.028693962709422,241.7950677180322,0.0,3508.781654152429,3946.442126681729,0.0,0.0,171141.03781672253,175087.47994340424,2.129190539975584,0.02128907305380939,0.17067730273520726,0.19196637578901665,174504.7159064096,582.7640369946275,36236.724021292976,87169.10568401428,29078.959171977156,116248.06485599144,18108.266627003977,3911.6604021212147,0.20765469765715364,18.9670419226798,47925.315597448214,62947.151859510464,0.27463622027929335,0.3607189154318918,38019.47292650161,38019.47292650161,0,0.0,0.0,0.0,0.0,0.0,0.0,0.0,0.0,0.0,0.0,0.0,none,3825.5160070238853,41844.98893352549,3704.647058963697,3704.647058963697,0.0,41724.1199854653,0.2154110468670722,0.5181811771623273,0.1728613500867164,0.0702933619006643,0.0232530639832198,0.07649229019494232,0.0820091241449648,0.08171657069538808,0.9255699161192577,86549.51369657298,-2.9103830456733704e-11,0.08234643906879612,0.08229732930159699,0.06949821953439796,0.04309821953439806,market_functioning,0.03448946596020154,0.0,0.05119643906879612,0.08234643906879612,0.08234643906879612,0.0,0.0,0.03115,0.0438999999999999,0.0438999999999999,0.0175,0.08234643906879612,0.08229732930159699,0.06949821953439796,0.04309821953439806,0.0,0.0,0.0,0.0,0.0,False,0.0,1873.4690472007815,0.0,0.0,0.0,True,1.0,8598.993060036271,8598.993060036271,0.08115064882553165,174.11457204942792,177.02411451781936,-2.909542468391436,0.0,150.34370062855461,3511.6911966208204,0.17081883130826933,86699.85739720154,market_functioning
2045Q3,2045-09-30,2045,3,2045,83666.09131372247,32142.224575604054,0.01623329428827036,0.054489465960201544,0.05607658331448273,441.24955437601255,3340.0757210392558,745.9912966680456,1787.6714138603388,521.9189079133997,202.72541950726372,81.76868309020715,6.028693962709422,248.69219398980832,0.0,3594.7966089917736,4036.046163367786,0.0,0.0,175087.47994340424,179123.52610677204,2.1409333613436434,0.021095741294831643,0.17186396794908831,0.19295970924391995,178540.7620697774,582.7640369946275,37052.56190469285,89131.64122219698,29733.64629238012,118865.2875145771,18623.18466420919,3999.7279862982627,0.20752998629081656,18.874835227815677,49109.05393085785,65269.04913687662,0.2750579383752435,0.36556945528981294,38940.276999818925,38940.276999818925,0,0.0,0.0,0.0,0.0,0.0,0.0,0.0,0.0,0.0,0.0,0.0,none,3911.6604021212147,42851.93740194014,3787.3539693779776,3787.3539693779776,0.0,42727.6309691969,0.2154110468670722,0.5181811771623273,0.1728613500867164,0.0702933619006643,0.0232530639832198,0.07650782916693052,0.0821257261833631,0.08189743253260241,0.9290227446806468,90144.31030556475,2.9103830456733704e-11,0.08261531900454921,0.08249898925341181,0.06963265950227451,0.04323265950227461,market_functioning,0.03448946596020154,0.0,0.05146531900454922,0.08261531900454921,0.08261531900454921,0.0,0.0,0.03115,0.0438999999999999,0.0438999999999999,0.0175,0.08261531900454921,0.08249898925341181,0.06963265950227451,0.04323265950227461,0.0,0.0,0.0,0.0,0.0,False,0.0,1875.4662397288737,0.0,0.0,0.0,True,1.0,8598.993060036271,8598.993060036271,0.08131352459728915,174.45346651704682,177.60213869320035,-3.148672176153525,0.0,153.49237280470814,3597.945281167927,0.17201450311222133,90297.80267836947,market_functioning
2045Q4,2045-12-31,2045,4,2046,85125.24923377328,32271.88148657454,0.01623329428827236,0.054489465960201544,0.05607658331448184,462.00030881330326,3417.8766943086684,765.2773054230018,1828.2260385607287,533.8960912559887,206.73319536701285,83.74406370193634,6.044719973726774,255.76388666117933,0.0,3679.6853009435745,4141.685609756878,0.0,0.0,179123.52610677204,183265.21171652892,2.1528889884743947,0.021709202050947087,0.17290687940722838,0.1946160814581755,182682.4476795343,582.7640369946275,37889.63237110839,91145.25271503137,30405.371967765743,121550.62468279712,19152.103052869585,4090.08757275919,0.20740707633595562,18.82334223439876,50921.671133714415,67499.20104385415,0.27874419124842453,0.3694892525321468,39946.032144150595,39946.032144150595,0,0.0,0.0,0.0,0.0,0.0,0.0,0.0,0.0,0.0,0.0,0.0,none,3999.7279862982627,43945.760130448856,3885.921723095699,3885.921723095699,0.0,43831.953867246295,0.2154110468670722,0.5181811771623273,0.1728613500867164,0.0702933619006643,0.0232530639832198,0.0764920378409869,0.08217089917602863,0.08194437605469057,0.9331081541514276,93823.99560650832,0.0,0.08274975897242576,0.08259981922931922,0.06969987948621278,0.04329987948621288,market_functioning,0.03448946596020154,0.0,0.05159975897242576,0.08274975897242576,0.08274975897242576,0.0,0.0,0.03115,0.0438999999999999,0.0438999999999999,0.0175,0.08274975897242576,0.08259981922931922,0.06969987948621278,0.04329987948621288,0.0,0.0,0.0,0.0,0.0,False,0.0,1880.2882134911215,0.0,0.0,0.0,True,1.0,8598.993060036271,8598.993060036271,0.08145146895327757,174.8036084247945,177.89115078089083,-3.0875423560963213,0.0,156.57991516080446,3682.7728432996705,0.17305196173633228,93980.57552166913,market_functioning
2046Q1,2046-03-31,2046,1,2046,86590.50754563458,32400.426276002614,0.01602817697257164,0.05376022781086065,0.05607658331448073,465.7889921091802,3495.797723031426,783.83948656576,1869.8423385478427,546.5961671187883,210.37428127491097,85.14544952412308,6.044719973726774,263.02785494852907,0.0,3764.870297953682,4230.659290062862,0.0,0.0,183265.21171652892,187495.87100659177,2.1653166879496397,0.021516861619673585,0.17391607485240967,0.19543293647208326,186913.10696959714,582.7640369946275,38744.30401212907,93201.20464262518,31091.222094286106,124292.42673691128,19694.029060175064,4182.347160381738,0.20728511039320066,18.80893564811514,52772.657811685116,69772.3090674934,0.2823379198349584,0.3732874071738715,41014.68899734536,41014.68899734535,0,0.0,0.0,0.0,0.0,0.0,0.0,0.0,0.0,0.0,0.0,0.0,none,4090.08757275919,45104.77657010454,3967.631435114333,3967.631435114333,0.0,44982.32043245968,0.2154110468670722,0.5181811771623273,0.1728613500867164,0.0702933619006643,0.0232530639832198,0.07632806881250809,0.08217315796469021,0.08134381091963945,0.9380283473004659,97588.865904462,-2.9103830456733704e-11,0.08227005034435836,0.08224003775826867,0.06946002517217909,0.04306002517217918,market_functioning,0.033760227810860646,0.0,0.05112005034435836,0.08227005034435836,0.08227005034435836,0.0,0.0,0.03115,0.0438999999999999,0.0438999999999999,0.0175,0.08227005034435836,0.08224003775826867,0.06946002517217909,0.04306002517217918,0.0,0.0,0.0,0.0,0.0,False,0.0,1886.8929620065953,0.0,0.0,0.0,True,1.0,8598.993060036271,8598.993060036271,0.08142784535170502,175.1001540647484,176.85989798999304,-1.759743925244635,0.0,158.3396590860491,3766.6300418789265,0.17399736523747028,97747.20556354806,market_functioning
2046Q2,2046-06-30,2046,2,2046,88080.98730400913,32529.483082769868,0.01602817697257164,0.05376022781085976,0.05713665997545747,469.60874491051555,3569.3801033606082,796.873960408746,1912.1173189012807,559.5991225099199,213.9744253923195,86.81527614834117,6.044719973726774,275.4786099085987,0.0,3850.9034332429337,4320.512178153449,0.0,0.0,187495.87100659177,191816.3831847452,2.177727442162929,0.02132622529716538,0.17488012117537444,0.19620634647253982,191233.61914775058,582.7640369946275,39615.64892767714,95297.26489867941,31790.452058039,127087.71695671842,20253.846678596627,4276.406584758407,0.20715839141793038,18.75530572779917,54728.33962729093,72249.9508667767,0.28618576519752426,0.37780988086072387,41766.08486625464,41766.08486625465,0,0.0,0.0,0.0,0.0,0.0,0.0,0.0,0.0,0.0,0.0,0.0,none,4182.347160381738,45948.43202663639,4045.033568244851,4045.033568244851,0.0,45811.1184344995,0.2154110468670722,0.5181811771623273,0.1728613500867164,0.0702933619006643,0.0232530639832198,0.0762142666721756,0.08215441572273446,0.08124385062195849,0.9420099131949838,101439.76933770493,0.0,0.08203019603032399,0.08206014702274289,0.06934009801516189,0.042940098015162,market_functioning,0.03376022781085976,0.0,0.050880196030323996,0.08203019603032399,0.08203019603032399,0.0,0.0,0.03115,0.0438999999999999,0.0438999999999999,0.0175,0.08203019603032399,0.08206014702274289,0.06934009801516189,0.042940098015162,0.0,0.0,0.0,0.0,0.0,False,0.0,1878.0498717243156,0.0,0.0,0.0,True,1.0,8598.993060036271,8598.993060036271,0.08138766026535994,175.04936926825457,176.34427159454273,-1.2949023262881667,0.0,159.63456141233726,3852.198335569222,0.17493892625310678,101599.40389911729,market_functioning
2046Q3,2046-09-30,2046,3,2046,89597.12264488456,32659.05394633475,0.016028176972572528,0.05376022781086176,0.05713665997545747,473.45982200613537,3646.55665683716,812.4198618514625,1955.1067691470896,572.7487875360252,217.6417333641056,88.63950493847643,6.044719973726774,283.3092970094405,0.0,3935.9106738203272,4409.3704958264625,0.0,0.0,191816.3831847452,196225.75368057168,2.190089903425877,0.02113727798526204,0.1757159407638653,0.19685321874912734,195642.98964357705,582.7640369946275,40504.44808995192,97435.31214772622,32503.688567406924,129939.00071513314,20827.19068867881,4372.350149813181,0.20703245316248253,18.701427991349878,56758.287420396664,74748.66371102266,0.29011153184583344,0.382066660539179,42687.968728066786,42687.96872806679,0,0.0,0.0,0.0,0.0,0.0,0.0,0.0,0.0,0.0,0.0,0.0,none,4276.406584758407,46964.3753128252,4126.061198817022,4126.061198817022,0.0,46814.02992688381,0.2154110468670722,0.5181811771623273,0.1728613500867164,0.0702933619006643,0.0232530639832198,0.07612728882770163,0.0820766320055052,0.08112575137337133,0.9459692563305772,105375.68001152526,0.0,0.08191026887330831,0.08197020165498113,0.06928013443665405,0.04288013443665416,market_functioning,0.033760227810861757,0.0,0.05076026887330831,0.08191026887330831,0.08191026887330831,0.0,0.0,0.03115,0.0438999999999999,0.0438999999999999,0.0175,0.08191026887330831,0.08197020165498113,0.06928013443665405,0.04288013443665416,0.0,0.0,0.0,0.0,0.0,False,0.0,1876.241758053418,0.0,0.0,0.0,True,1.0,8598.993060036271,8598.993060036271,0.08133051352776827,174.96298144860498,176.0864583968208,-1.1234769482158242,0.0,160.7580383605531,3937.034150768543,0.1757660975954711,105536.43804988582,market_functioning
2036Q4,2036-12-31,2036,4,2037,45567.45791099619,27698.55388240954,0.017515988152144724,0.05366937236414482,0.022578201318361746,247.04041823154074,1584.719825228435,330.1144357628681,916.7886883253786,225.02850094890826,98.67032999239234,14.117870198887333,5.894658234200658,34.984618848701245,0.0,1625.599102311337,1872.6395205428778,0.0,0.0,77061.53216807223,78934.17168861511,1.7322487430128721,0.021685687949858246,0.14269824798973943,0.16438393593959766,78351.40765162048,582.7640369946275,16667.66562150213,40094.83597945533,13375.336242178706,53470.17222163404,6414.338521210218,1799.2312872740924,0.21272962568346918,20.143254581036835,21530.929724851838,26293.33782732807,0.2747995265201407,0.33558220095084995,17421.739362036373,17421.739362036373,0,0.0,0.0,0.0,0.0,0.0,0.0,0.0,0.0,0.0,0.0,0.0,none,1756.50018026592,19178.239542302294,1837.6549016941765,1837.6549016941765,0.0,19259.394263730548,0.2154110468670722,0.5181811771623273,0.1728613500867164,0.0702933619006643,0.0232530639832198,0.07083384203686202,0.08437927752414182,0.03240385235229896,0.265684392929116,1625.599102311337,1.4551915228366852e-11,0.03115,0.0438999999999999,0.0438999999999999,0.0175,sterilized_yield_cap,0.033669372364144814,0.0,0.02525202927310861,0.05640202927310861,0.05640202927310861,0.0,100.0,0.03115,0.0438999999999999,0.0438999999999999,0.0175,0.0664020292731086,0.07283902195483134,0.0665260146365542,0.04012601463655431,352.5202927310861,289.39021954831446,226.26014636554308,289.3902195483146,0.5787804390966291,False,11146.960668697067,0.0,11146.960668697067,11146.960668697067,0.0,True,1.0,11146.960668697067,11146.960668697067,0.03240385235229896,0.0,0.0,0.0,0.0,0.0,1625.599102311337,0.14269824798973943,1625.599102311337,sterilized_yield_cap
2037Q1,2037-03-31,2037,1,2037,46357.37181571065,27818.71239056672,0.01746555549210771,0.052776795798754605,0.056535982643295624,249.06629979072068,1388.8392799405997,129.79944602744783,916.7235566713564,228.51481404152935,99.34014172880052,14.461321471465515,5.894658234200658,88.79917111186377,0.0,1483.5331092866643,1732.599409077385,0.0,0.0,78934.17168861511,80666.77109769249,1.7401066526889317,0.021490976734475822,0.1280083879806051,0.14949936471508093,80084.00706069786,582.7640369946275,17021.758351602624,40946.62232178402,13659.485770586294,54606.10809237032,6618.685937341787,1837.4546793831362,0.21254878441211575,20.029197577329768,21818.130164218113,26678.917994982083,0.27244054044001015,0.33313665205040754,17919.32971973276,17919.32971973276,0,0.0,0.0,0.0,0.0,0.0,0.0,0.0,0.0,0.0,0.0,0.0,none,1799.2312872740924,19718.56100700685,1643.800237965521,1643.800237965521,0.0,19563.12995769828,0.2154110468670722,0.5181811771623273,0.1728613500867164,0.0702933619006643,0.0232530639832198,0.0695339794114523,0.0751782442280642,0.0322954845704566,0.29352740014718065,3109.132211598001,-1.4551915228366852e-11,0.03115,0.0438999999999999,0.0438999999999999,0.0175,sterilized_yield_cap,0.0327767957987546,0.0,0.037208611485620255,0.06835861148562025,0.06835861148562025,0.0,100.0,0.03115,0.0438999999999999,0.0438999999999999,0.0175,0.07835861148562025,0.08180645861421508,0.07250430574281001,0.04610430574281013,472.08611485620247,379.0645861421518,286.0430574281012,379.0645861421518,0.7581291722843037,False,14831.37952212006,2494.2066578147433,12337.172864305317,12337.172864305317,0.0,True,1.0,23484.133533002387,23484.133533002387,0.03233541279508831,90.30111692133586,190.49768839923814,-100.19657147790228,0.0,100.19657147790228,1583.7296807645664,0.13665396623954731,3209.3287830759036,sterilized_yield_cap
2037Q2,2037-06-30,2037,2,2037,47160.97891301181,27939.39215579544,0.01746555549210771,0.052776795798755494,0.056351131132581944,251.10879480984056,1393.49132680953,132.55694316310544,915.2677889206486,231.6154464360107,99.28260630422308,14.768541985541958,5.894658234200658,91.33459871222479,0.0,1490.7205837559554,1741.829378565796,0.0,0.0,80666.77109769249,82408.60047625829,1.7473895236199517,0.021298013790002915,0.1264367804159097,0.14773479420591262,81825.83643926366,582.7640369946275,17377.29315997952,41801.877649708826,13944.792526542858,55746.67017625168,6826.039362929418,1875.833740103042,0.21236927010062465,19.905679719922535,22143.810712091392,27105.682831717062,0.270621256997818,0.33126068747047427,18285.81604760324,18285.81604760324,0,0.0,0.0,0.0,0.0,0.0,0.0,0.0,0.0,0.0,0.0,0.0,none,1837.4546793831362,20123.270726986375,1650.4947798535711,1650.4947798535711,0.0,19936.31082745681,0.2154110468670722,0.5181811771623273,0.1728613500867164,0.0702933619006643,0.0232530639832198,0.06827996657165997,0.07391993324986815,0.032335723271734076,0.32041920111760663,4599.852795353956,0.0,0.03115,0.0438999999999999,0.0438999999999999,0.0175,sterilized_yield_cap,0.03277679579875549,0.0,0.04318690259187674,0.07433690259187674,0.07433690259187674,0.0,100.0,0.03115,0.0438999999999999,0.0438999999999999,0.0175,0.08433690259187673,0.08629017694390745,0.07549345129593826,0.049093451295938374,531.8690259187673,423.9017694390755,315.93451295938365,423.90176943907545,0.8478035388781509,False,16902.07487169268,5248.055681539901,11654.019190152778,11654.019190152778,0.0,True,1.0,35138.152723155166,35138.152723155166,0.03233556213986332,189.84228798115194,436.43443672435615,-246.5921487432042,0.0,346.7887202211065,1737.3127324991597,0.14735171088824295,4946.641515575064,sterilized_yield_cap
2037Q3,2037-09-30,2037,3,2037,47978.51657500072,28060.59543934993,0.017465555492108598,0.052776795798754605,0.056351131132581944,253.16803952936806,1398.1237318821056,135.32567048334053,913.2803534782582,234.71836119400805,99.72233304041976,15.077013686078198,5.894658234200658,94.19597362817336,0.0,1498.2143637444797,1751.3824032738478,0.0,0.0,82408.60047625829,84159.98287953214,1.7541180696566976,0.021106783419084004,0.12490710181941111,0.14601388523849512,83577.2188425375,582.7640369946275,17734.2694236434,42660.60046460006,14231.256010116795,56891.85647471686,7036.724541993545,1914.368402183716,0.21219023161150413,19.76585785357977,22403.341038444996,27479.46688632223,0.2680555939610015,0.32879135327647757,18662.525547526926,18662.525547526926,0,0.0,0.0,0.0,0.0,0.0,0.0,0.0,0.0,0.0,0.0,0.0,none,1875.833740103042,20538.359287629966,1657.1864296456745,1657.1864296456745,0.0,20319.7119771726,0.2154110468670722,0.5181811771623273,0.1728613500867164,0.0702933619006643,0.0232530639832198,0.06705189649774441,0.07272126234815074,0.03231616559204549,0.3464792586492195,6098.067159098436,0.0,0.03115,0.0438999999999999,0.0438999999999999,0.0175,sterilized_yield_cap,0.0327767957987546,0.0,0.046176048145004325,0.07732604814500432,0.07732604814500432,0.0,100.0,0.03115,0.0438999999999999,0.0438999999999999,0.0175,0.08732604814500432,0.08853203610875314,0.07698802407250206,0.050588024072502166,561.7604814500432,446.32036108753243,330.8802407250216,446.32036108753243,0.8926407221750648,False,18138.202373692664,7846.2370723806225,10291.96530131204,10291.96530131204,0.0,True,1.0,45430.11802446721,45430.11802446721,0.032327817970907356,284.05298021489784,679.2736222993028,-395.220642084405,0.0,742.0093623055114,1893.4350058288846,0.15785690271345001,6840.076521403948,sterilized_yield_cap
2037Q4,2037-12-31,2037,4,2038,48810.226288634316,28182.3245122939,0.01746555549210682,0.052776795798754605,0.056351131132581944,265.00612925662665,1402.3647867262523,138.10562313662297,910.9467519991413,237.862297926232,100.06337763170441,15.386736032551621,5.91068424521801,97.10332509742335,0.0,1505.3787960688935,1770.3849253255203,0.0,0.0,84159.98287953214,85930.36780485765,1.7604992711305445,0.021717262910402407,0.12336585265284278,0.14508311556324519,85347.60376786302,582.7640369946275,18094.712764851945,43527.66349393032,14520.501726607485,58048.165220537805,7251.448456177525,1953.2773262957646,0.21201196010221635,19.548403074672617,22888.76682558441,28836.884331322028,0.26818288756928166,0.33787573473949517,18813.150151765625,18813.15015176562,0,0.0,0.0,0.0,0.0,0.0,0.0,0.0,0.0,0.0,0.0,0.0,none,1914.368402183716,20727.518553949336,1673.281600228097,1673.281600228097,0.0,20486.431751993718,0.2154110468670722,0.5181811771623273,0.1728613500867164,0.0702933619006643,0.0232530639832198,0.06599035931905549,0.07154843642131987,0.032182885886295004,0.36912529309697556,7603.445955167329,0.0,0.03115,0.0438999999999999,0.0438999999999999,0.0175,sterilized_yield_cap,0.0327767957987546,0.0,0.04767062092156811,0.07882062092156811,0.07882062092156811,0.0,0.0,0.03115,0.0438999999999999,0.0438999999999999,0.0175,0.07882062092156811,0.07965296569117598,0.06773531046078396,0.04133531046078406,476.7062092156811,357.52965691176087,238.35310460784063,357.52965691176087,0.7150593138235217,False,14649.013831273036,10014.149127506727,4634.864703766309,4634.864703766309,0.0,True,1.0,50064.98272823352,50064.98272823352,0.032285410843282715,367.1641464729533,895.207527807157,-528.0433813342038,0.0,1270.0527436397151,2033.4221774030973,0.1666390289099388,8873.498698807045,sterilized_yield_cap
2038Q1,2038-03-31,2038,1,2038,49676.44016115621,28304.416431579815,0.017441798459170377,0.054505881638612586,0.056351131132581944,267.1793405642089,1409.396832702545,140.9125756562845,911.3141589476348,241.03676966471733,100.43386192380595,15.699466510102212,5.91068424521801,100.06640911766148,0.0,1515.3739260654245,1782.5532666296335,0.0,0.0,85930.36780485765,87712.92107148729,1.7656845133615908,0.021513565762558487,0.12201952645152296,0.14353309221408145,87130.15703449266,582.7640369946275,18457.139020168688,44399.49651431601,14811.338676300162,59210.83519061617,7469.782522863385,1992.400300844417,0.2118341071376925,19.377356833673513,23349.65592562452,30207.604733819397,0.26798592726489606,0.34669517147617396,19281.59980908759,19281.599809087595,0,0.0,0.0,0.0,0.0,0.0,0.0,0.0,0.0,0.0,0.0,0.0,none,1953.2773262957646,21234.877135383358,1682.4868575119717,1682.4868575119717,0.0,20964.086666599567,0.2154110468670722,0.5181811771623273,0.1728613500867164,0.0702933619006643,0.0232530639832198,0.06492329514644456,0.07053962247696839,0.032164041340889196,0.3920721990535314,9118.819881232754,0.0,0.03115,0.0438999999999999,0.0438999999999999,0.0175,sterilized_yield_cap,0.03450588163861258,0.0,0.04971472168974349,0.08086472168974349,0.08086472168974349,0.0,0.0,0.03115,0.0438999999999999,0.0438999999999999,0.0175,0.08086472168974349,0.08118604126730751,0.06875736084487163,0.042357360844871746,497.1472168974349,372.8604126730761,248.57360844871738,372.8604126730761,0.7457208253461522,False,15633.356011644895,11079.206032333095,4554.1499793118,4554.1499793118,0.0,True,1.0,54619.132707545315,54619.132707545315,0.03225067186912079,404.0921340607181,1012.1227236801045,-608.0305896193864,0.0,1878.0833332591014,2123.404515684811,0.17097879870588448,10996.903214491856,sterilized_yield_cap
2038Q2,2038-06-30,2038,2,2038,50558.02635480837,28427.0372794411,0.017441798459170377,0.054505881638612586,0.056584157349406805,269.37037352520224,1415.563878349623,143.73497011956368,911.3701141759384,244.22193360910376,100.22294302698008,16.013917418037003,5.91068424521801,103.49691156762572,0.0,1524.9714741624666,1794.3418476876689,0.0,0.0,87712.92107148729,89507.26291917496,1.770386808437238,0.021311779192866656,0.12065118709029138,0.14196296628315802,88924.49888218033,582.7640369946275,18821.365697948193,45275.66053371365,15103.620414745163,60379.280948458814,7692.134609443604,2031.7176263297197,0.2116555722499531,19.21529497000751,23816.150405001776,31631.8999281595,0.2678243982747292,0.3557163697944465,19693.67924201451,19693.679242014514,0,0.0,0.0,0.0,0.0,0.0,0.0,0.0,0.0,0.0,0.0,0.0,none,1992.400300844417,21686.07954285893,1690.8449361200433,1690.8449361200433,0.0,21384.524178134558,0.2154110468670722,0.5181811771623273,0.1728613500867164,0.0702933619006643,0.0232530639832198,0.06387226647893192,0.06954375503785094,0.03216423037204202,0.41465990103672806,10643.79135539522,0.0,0.03115,0.0438999999999999,0.0438999999999999,0.0175,sterilized_yield_cap,0.03450588163861258,0.0,0.05073677207383118,0.08188677207383117,0.08188677207383117,0.0,0.0,0.03115,0.0438999999999999,0.0438999999999999,0.0175,0.08188677207383117,0.08195257905537329,0.06926838603691549,0.04286838603691559,507.3677207383118,380.5257905537339,253.6838603691559,380.5257905537338,0.7610515811074676,False,16274.725937000174,12096.235497987967,4178.4904390122065,4178.4904390122065,0.0,True,1.0,58797.623146557526,58797.623146557526,0.03222674553333959,440.37593168175175,1118.1461177232752,-677.7701860415234,0.0,2555.8535193006246,2202.7416602039903,0.17427433933005942,13199.644874695847,sterilized_yield_cap
2038Q3,2038-09-30,2038,3,2038,51455.2576754929,28550.18934731063,0.01744179845916949,0.054505881638612586,0.056584157349406805,271.57937428799494,1421.3179069320959,146.57138537277157,911.0667733260038,247.42457340037657,99.92524441131881,16.32993042162512,5.91068424521801,106.57769125180431,0.0,1533.806282429118,1805.3856567171129,0.0,0.0,89507.26291917496,91312.64857589208,1.774602882212024,0.02111188528105206,0.11923417366615492,0.14034605894720698,90729.88453889744,582.7640369946275,19187.307700215195,46155.9508450312,15397.278653193564,61553.22949822476,7918.127223811591,2071.220116645888,0.21147726350284585,19.009754308526286,24297.26452784171,33169.63452238054,0.2677978116176822,0.3655866497676425,20008.683126706776,20008.683126706776,0,0.0,0.0,0.0,0.0,0.0,0.0,0.0,0.0,0.0,0.0,0.0,none,2031.7176263297197,22040.400753036494,1698.8079654653088,1698.8079654653088,0.0,21707.491092172084,0.2154110468670722,0.5181811771623273,0.1728613500867164,0.0702933619006643,0.0232530639832198,0.06287369921158453,0.06854443907257649,0.03216688616193677,0.43585409293602023,12177.597637824338,0.0,0.03115,0.0438999999999999,0.0438999999999999,0.0175,sterilized_yield_cap,0.03450588163861258,0.0,0.05124779726587503,0.08239779726587503,0.08239779726587503,0.0,0.0,0.03115,0.0438999999999999,0.0438999999999999,0.0175,0.08239779726587503,0.08233584794940617,0.06952389863293741,0.043123898632937516,512.4779726587503,384.3584794940627,256.23898632937517,384.3584794940627,0.7687169589881254,False,16686.916539636346,12966.65388831857,3720.2626513177765,3720.2626513177765,0.0,True,1.0,62517.8857978753,62517.8857978753,0.03221076821225833,473.7140097773268,1211.198657936342,-737.4846481590153,0.0,3293.33816745964,2271.290930588133,0.1765643421640003,15470.93580528398,sterilized_yield_cap
2038Q4,2038-12-31,2038,4,2039,52368.41177047975,28673.874936548265,0.017441798459170377,0.054505881638613474,0.056584157349406805,280.32405192709604,1427.4988754476146,149.42115871542583,910.6802461488135,250.64747256734776,100.10256632848652,16.647431687541324,5.922339525957902,109.70891194699728,0.0,1543.1301269205696,1823.4541788476656,0.0,0.0,91312.64857589208,93136.10275473974,1.7784786592905777,0.021411690173511477,0.11786724666646753,0.139278936839979,92553.33871774511,582.7640369946275,19556.46736222176,47043.98138479016,15693.518973734734,62737.50035852489,8148.301052010387,2111.069944988069,0.2112994261812862,18.802672192715896,25539.65657157777,34639.97117455565,0.27594527572327426,0.37427035755236543,20390.277971583317,20390.277971583317,0,0.0,0.0,0.0,0.0,0.0,0.0,0.0,0.0,0.0,0.0,0.0,none,2071.220116645888,22461.498088229204,1713.7452669006684,1713.7452669006684,0.0,22104.023238483984,0.2154110468670722,0.5181811771623273,0.1728613500867164,0.0702933619006643,0.0232530639832198,0.061900708438404596,0.06759765053307103,0.032167131761135,0.45648784785011315,13720.727764744908,0.0,0.03115,0.0438999999999999,0.0438999999999999,0.0175,sterilized_yield_cap,0.03450588163861347,0.0,0.05150330986189762,0.08265330986189762,0.08265330986189762,0.0,0.0,0.03115,0.0438999999999999,0.0438999999999999,0.0175,0.08265330986189762,0.08252748239642312,0.06965165493094871,0.04325165493094881,515.0330986189762,386.27482396423216,257.51654930948814,386.27482396423216,0.7725496479284643,False,17076.455370693395,13773.215394227276,3303.2399764661186,3303.2399764661186,0.0,True,1.0,65821.12577434142,65821.12577434142,0.03219944728905356,503.43728213894957,1291.8275466906289,-788.3902645516794,0.0,4081.7284320113195,2331.520391472249,0.17808601121537426,17802.45619675623,sterilized_yield_cap
2039Q1,2039-03-31,2039,1,2039,53286.14171100381,28796.577412871466,0.017227156981449054,0.053808129052610454,0.056584157349406805,282.6228795094774,1433.650559375346,152.29598958330195,910.1482885145371,253.8987100852871,100.3398465093788,16.967724682841606,5.922339525957902,112.89806508088812,0.0,1552.4709639821917,1835.093843491669,0.0,0.0,93136.10275473974,94971.1965982314,1.7822869802303485,0.021215488337832843,0.11653844051250571,0.13775392885033855,94388.43256123677,582.7640369946275,19927.44735775928,47936.39082055105,15991.220061104465,63927.61088165552,8382.258048206902,2151.116273615086,0.21112171075444938,18.632140543737314,26821.976979976036,36266.72145070002,0.284165932754256,0.38422845328182675,20842.78570197579,20842.785701975787,0,0.0,0.0,0.0,0.0,0.0,0.0,0.0,0.0,0.0,0.0,0.0,none,2111.069944988069,22953.855646963857,1722.195778410781,1722.195778410781,0.0,22564.981480386567,0.2154110468670722,0.5181811771623273,0.1728613500867164,0.0702933619006643,0.0232530639832198,0.06093564911458226,0.06667536725561284,0.03214946201507351,0.47722794839707305,15273.1987287271,-1.4551915228366852e-11,0.03115,0.0438999999999999,0.0438999999999999,0.0175,sterilized_yield_cap,0.03380812905261045,0.0,0.051107751720406644,0.08225775172040664,0.08225775172040664,0.0,0.0,0.03115,0.0438999999999999,0.0438999999999999,0.0175,0.08225775172040664,0.08223081379030488,0.06945387586020321,0.043053875860203324,511.07751720406645,383.3081379030498,255.53875860203314,383.3081379030498,0.7666162758060996,False,17298.682066127556,14534.573590755872,2764.108475371684,2764.108475371684,0.0,True,1.0,68585.2342497131,68585.2342497131,0.032186839919959784,529.8509674692677,1353.5744554758587,-823.723488006591,0.0,4905.45192001791,2376.194451988783,0.17837241546787305,20178.650648745013,sterilized_yield_cap
2039Q2,2039-06-30,2039,2,2039,54219.95440476136,28919.80496289779,0.017227156981449054,0.053808129052610454,0.056761870429347994,284.9405588750618,1439.2773130123887,155.18499629855037,909.4782148899909,257.2181406391952,100.10636413547074,17.289597049181253,5.922339525957902,116.49696185222058,0.0,1561.696614390567,1846.637173265629,0.0,0.0,94971.1965982314,96817.83377149704,1.7856494870640267,0.02102108435930662,0.11521194597341274,0.13623303033271938,96235.06973450241,582.7640369946275,20300.13867192666,48832.91691195712,16290.294433888701,65123.211345845826,8620.372382078896,2191.347334651023,0.21094325309818535,18.48031967887058,28151.062024530485,37774.39192477236,0.2925239426977596,0.39252210269069304,21268.660718827246,21268.66071882725,0,0.0,0.0,0.0,0.0,0.0,0.0,0.0,0.0,0.0,0.0,0.0,none,2151.116273615086,23419.776992442337,1730.1402114134085,1730.1402114134085,0.0,22998.800930240657,0.2154110468670722,0.5181811771623273,0.1728613500867164,0.0702933619006643,0.0232530639832198,0.059979922860452846,0.06577558966629467,0.032131122869903786,0.49780414526972777,16834.895343117667,1.4551915228366852e-11,0.03115,0.0438999999999999,0.0438999999999999,0.0175,sterilized_yield_cap,0.03380812905261045,0.0,0.050909972649661156,0.08205997264966115,0.08205997264966115,0.0,0.0,0.03115,0.0438999999999999,0.0438999999999999,0.0175,0.08205997264966115,0.08208247948724576,0.06935498632483048,0.04295498632483058,509.09972649661154,381.8247948724586,254.54986324830577,381.82479487245865,0.7636495897449173,False,17563.0248950033,15157.842994272347,2405.1819007309514,2405.1819007309514,0.0,True,1.0,70990.41615044406,70990.41615044406,0.03217305552496291,551.8854889171147,1407.0256116755152,-855.1401227584005,0.0,5760.59204277631,2416.8367371489676,0.17829869196177203,22595.487385893983,sterilized_yield_cap
2039Q3,2039-09-30,2039,3,2039,55170.131693871896,29043.55983354516,0.017227156981449054,0.053808129052610454,0.056761870429347105,287.27724461992796,1444.407181305424,158.08732990762888,908.6894673706307,260.4979500595212,99.51947976538577,17.612954202257605,5.922339525957902,119.80628450847911,0.0,1570.135805339861,1857.413049959789,0.0,0.0,96817.83377149704,98675.24682145682,1.7885628290500768,0.02082846176362038,0.11383955463816782,0.13466801640178822,98092.48278446219,582.7640369946275,20674.438364315833,49733.3120311239,16590.65948528443,66323.97151640833,8862.320887792288,2231.7520159457385,0.2107647576801946,18.304487312301916,29583.298909227342,39463.11403129171,0.3015857899552862,0.4023051808975382,21602.31085004427,21602.31085004427,0,0.0,0.0,0.0,0.0,0.0,0.0,0.0,0.0,0.0,0.0,0.0,none,2191.347334651023,23793.65818469529,1737.60676545131,1737.60676545131,0.0,23339.91761549558,0.2154110468670722,0.5181811771623273,0.1728613500867164,0.0702933619006643,0.0232530639832198,0.059079845630627244,0.0648696936990179,0.03214734001095251,0.5172387752453451,18405.03114845753,-1.4551915228366852e-11,0.03115,0.0438999999999999,0.0438999999999999,0.0175,sterilized_yield_cap,0.03380812905261045,0.0,0.05081108311428842,0.08196108311428842,0.08196108311428842,0.0,0.0,0.03115,0.0438999999999999,0.0438999999999999,0.0175,0.08196108311428842,0.0820083123357162,0.0693055415571441,0.04290554155714421,508.1108311428842,381.08312335716306,254.0554155714421,381.0831233571631,0.7621662467143262,False,17788.897407623852,15633.787559700859,2155.109847922993,2155.109847922993,0.0,True,1.0,73145.52599836705,73145.52599836705,0.03216680154518395,570.9946501371152,1454.612849606117,-883.6181994690018,0.0,6644.210242245312,2453.7540048088626,0.17790452402211082,25049.241390702846,sterilized_yield_cap
2039Q4,2039-12-31,2039,4,2040,56136.96035959558,29167.84428134662,0.017227156981449054,0.053808129052610454,0.056761870429347994,293.9442834983906,1450.1861031735955,161.00218876210954,907.9408677254427,263.80398539213036,99.50135446574883,17.937706828163876,5.935451716790281,123.1688946402848,0.0,1579.2904495306707,1873.2347330290613,0.0,0.0,98675.24682145682,100548.48155448589,1.7911280003477954,0.020944795130728607,0.11253124069520234,0.13347603582593096,99965.71751749126,582.7640369946275,21051.42187864946,50640.16320737178,16893.178228848952,67533.34143622073,9108.507793760426,2272.4464088606396,0.21058641303670972,18.33929336391672,30185.23816064119,40121.12677418654,0.30195589958487123,0.40134886009462634,22750.190708141865,22750.190708141865,0,0.0,0.0,0.0,0.0,0.0,0.0,0.0,0.0,0.0,0.0,0.0,none,2231.7520159457385,24981.942724087603,1750.0658383887765,1750.0658383887765,0.0,24500.25654653064,0.2154110468670722,0.5181811771623273,0.1728613500867164,0.0702933619006643,0.0232530639832198,0.05782772487553646,0.06401972127369458,0.032501710397413626,0.5437078909537734,19984.3215979882,0.0,0.03115,0.0438999999999999,0.0438999999999999,0.0175,sterilized_yield_cap,0.03380812905261045,0.0,0.05076163834660205,0.08191163834660205,0.08191163834660205,0.0,0.0,0.03115,0.0438999999999999,0.0438999999999999,0.0175,0.08191163834660205,0.08197122875995144,0.06928081917330092,0.04288081917330103,507.6163834660205,380.71228759951543,253.80819173301026,380.7122875995154,0.7614245751990307,False,18655.097433209365,16646.453476603434,2008.6439566059307,2008.6439566059307,0.0,True,1.0,75154.16995497298,75154.16995497298,0.03224993408823954,588.2144046768915,1497.867468062555,-909.6530633856635,0.0,7553.863305630975,2488.943512916334,0.1773479359746556,27538.184903619178,sterilized_yield_cap
2040Q1,2040-03-31,2040,1,2040,57122.79807889186,29295.409800174013,0.017609093307503265,0.053565008463151154,0.05676187042934888,296.3548052568487,1446.560928264473,163.93794787998266,897.7848279440914,267.1079170926206,99.4654473365606,18.26478801121739,5.935451716790281,126.59041023049483,0.0,1579.0867902117582,1875.441595468607,0.0,0.0,100548.48155448589,102423.92314995448,1.7930480752798137,0.020752121060145224,0.11057489081896119,0.13132701187910642,101841.15911295985,582.7640369946275,21428.143743276323,51546.38497322019,17195.487005829968,68741.87197905016,9358.030833265262,2313.1125573681115,0.21040750056181826,18.395554218498958,30908.51746382697,40885.87173337608,0.3034973063252742,0.4014670697927389,23250.742170298778,23250.74217029878,0,0.0,0.0,0.0,0.0,0.0,0.0,0.0,0.0,0.0,0.0,0.0,none,2272.4464088606396,25523.18857915942,1748.851185238112,1748.851185238112,0.0,24999.593355536894,0.2154110468670722,0.5181811771623273,0.1728613500867164,0.0702933619006643,0.0232530639832198,0.05657949459296636,0.06281892141179962,0.03248522519677702,0.5703411483773695,21563.408388199958,-1.4551915228366852e-11,0.03115,0.0438999999999999,0.0438999999999999,0.0175,sterilized_yield_cap,0.03356500846315115,0.0,0.05055457552066439,0.08170457552066439,0.08170457552066439,0.0,0.0,0.03115,0.0438999999999999,0.0438999999999999,0.0175,0.08170457552066439,0.08181593164049819,0.06917728776033209,0.0427772877603322,505.5457552066439,379.1593164049829,252.77287760332194,379.1593164049829,0.7583186328099658,False,18957.657454175842,17157.996274450557,1799.6611797252845,1799.6611797252845,0.0,True,1.0,76953.83113469827,76953.83113469827,0.03230789830096157,605.9292568760578,1535.109888694734,-929.1806318186763,0.0,8483.043937449651,2508.2674220304343,0.1756403752187549,30046.45232564961,sterilized_yield_cap
2040Q2,2040-06-30,2040,2,2040,58125.948385164025,29423.53322658747,0.017609093307503265,0.053565008463151154,0.05619323820971811,298.7850947586317,1441.8778138154132,166.87166940076438,886.7624078657211,270.3883842545562,99.26371011452531,18.591642179846193,5.935451716790281,128.7816741813414,0.0,1576.594939713545,1875.3800344721767,0.0,0.0,102423.92314995448,104299.30318442667,1.7943673364828547,0.020561219425016257,0.10849508582751675,0.129056305252533,103716.53914743203,582.7640369946275,21804.380324522885,52451.43936758549,17497.406356449086,69948.84572403457,9609.58677808164,2353.726320792941,0.21023050425475703,18.486244346658616,31459.688465372696,41462.04520918102,0.30332373914495026,0.39976309998391996,23725.45241711728,23725.452417117285,0,0.0,0.0,0.0,0.0,0.0,0.0,0.0,0.0,0.0,0.0,0.0,none,2313.1125573681115,26038.564974485398,1746.5983602908352,1746.5983602908352,0.0,25472.05077740812,0.2154110468670722,0.5181811771623273,0.1728613500867164,0.0702933619006643,0.0232530639832198,0.05536406092928744,0.06157135525478046,0.03253472320810541,0.5969050518388217,23140.003327913502,0.0,0.03115,0.0438999999999999,0.0438999999999999,0.0175,sterilized_yield_cap,0.03356500846315115,0.0,0.05045104410769556,0.08160104410769556,0.08160104410769556,0.0,0.0,0.03115,0.0438999999999999,0.0438999999999999,0.0175,0.08160104410769556,0.08173828308077156,0.06912552205384767,0.04272552205384778,504.5104410769556,378.3828308077167,252.25522053847774,378.3828308077167,0.7567656616154333,False,19276.37335926717,17603.407073830876,1672.9662854362941,1672.9662854362941,0.0,True,1.0,78626.79742013456,78626.79742013456,0.032363507352083445,621.5541375423004,1569.8782421696671,-948.3241046273668,0.0,9431.368042077018,2524.9190443409116,0.17375503467813475,32571.37136999052,sterilized_yield_cap
2040Q3,2040-09-30,2040,3,2040,59146.71530985856,29552.2170005949,0.017609093307503265,0.053565008463151154,0.05619323820971811,301.23531411124793,1436.8861023723146,169.80161177722198,874.9741298213477,274.1924304826988,98.99985498767238,18.91807530337326,5.935451716790281,132.24349176892218,0.0,1575.0650458580271,1876.3003599692752,0.0,0.0,104299.30318442667,106175.60354439594,1.7951225691597892,0.020372073920462534,0.10651918961900464,0.12689126353946717,105592.83950740131,582.7640369946275,22180.06944029763,53355.17680858759,17798.88638131421,71154.06318990179,9864.425890462306,2394.2809867395777,0.21005277956127852,18.58380240493583,32092.803953973536,42018.868253900844,0.3039297371269579,0.39793293228898935,24164.870972042234,24164.87097204223,0,0.0,0.0,0.0,0.0,0.0,0.0,0.0,0.0,0.0,0.0,0.0,none,2353.726320792941,26518.59729283517,1744.0568682003527,1744.0568682003527,0.0,25908.927840242584,0.2154110468670722,0.5181811771623273,0.1728613500867164,0.0702933619006643,0.0232530639832198,0.054175495902531956,0.06040558269398702,0.03253367277795638,0.6231037017671691,24715.06837377153,0.0,0.03115,0.0438999999999999,0.0438999999999999,0.0175,sterilized_yield_cap,0.03356500846315115,0.0,0.05039927840121114,0.08154927840121114,0.08154927840121114,0.0,0.0,0.03115,0.0438999999999999,0.0438999999999999,0.0175,0.08154927840121114,0.08169945880090826,0.06909963920060547,0.04269963920060557,503.9927840121114,377.9945880090836,251.9963920060557,377.99458800908354,0.7559891760181671,False,19586.86900945914,17993.705098434046,1593.1639110250944,1593.1639110250944,0.0,True,1.0,80219.96133115966,80219.96133115966,0.03240505571300515,636.1597340943251,1602.9896481525457,-966.8299140582205,0.0,10398.197956135238,2541.894959916248,0.17190438702130703,35113.266329906764,sterilized_yield_cap
2040Q4,2040-12-31,2040,4,2041,60185.408223607854,29681.46357287557,0.017609093307502377,0.053565008463151154,0.05619323820971722,313.90226020595355,1431.4753126588312,172.72729076631782,862.6982486614015,278.152302019527,98.65343778066635,19.244033430919355,5.957305368177581,135.7504910643924,0.0,1573.1831090914013,1887.0853692973549,0.0,0.0,106175.60354439594,108062.6889136933,1.7954964849985928,0.02086234982670266,0.10455578224187018,0.12541813206857283,107479.92487669867,582.7640369946275,22557.32631983261,54262.68557739579,18101.624492819516,72364.3100702153,10123.283597931586,2435.0048887191733,0.20987478680982005,18.642830192535634,32526.99297911622,42327.78291584916,0.3026331942121405,0.39382036193649866,24476.355641471586,24476.355641471586,0,0.0,0.0,0.0,0.0,0.0,0.0,0.0,0.0,0.0,0.0,0.0,none,2394.2809867395777,26870.636628211163,1751.3348782329624,1751.3348782329624,0.0,26227.69051970455,0.2154110468670722,0.5181811771623273,0.1728613500867164,0.0702933619006643,0.0232530639832198,0.053058690852385494,0.05926721606752517,0.03257087945681205,0.64782120764374,26288.251482862932,0.0,0.03115,0.0438999999999999,0.0438999999999999,0.0175,sterilized_yield_cap,0.03356500846315115,0.0,0.050373395547968935,0.08152339554796893,0.08152339554796893,0.0,0.0,0.03115,0.0438999999999999,0.0438999999999999,0.0175,0.08152339554796893,0.0816800466609766,0.06908669777398437,0.04268669777398447,503.73395547968937,377.800466609767,251.86697773984469,377.800466609767,0.755600933219534,False,19817.667432881884,18268.456228817493,1549.2112040643915,1549.2112040643915,0.0,True,1.0,81769.17253522406,81769.17253522406,0.032445244939645845,649.8830790578369,1634.9509096107254,-985.0678305528885,0.0,11383.265786688127,2558.2509396442897,0.1700246631302775,37671.517269551056,sterilized_yield_cap
2041Q1,2041-03-31,2041,1,2041,61256.274052349625,29808.19978253751,0.017189212325988024,0.05495933695345423,0.056193238209719,316.47644950213635,1427.0348328376149,175.66517871569644,850.3510983039438,282.08624408326057,99.3609599416343,19.571351793080353,5.957305368177581,139.3127927426663,0.0,1572.3049309484588,1888.7813804505952,0.0,0.0,108062.6889136933,109951.47029414389,1.794942183394624,0.020665732899893683,0.10267062143575802,0.12333635433565171,109368.70625714926,582.7640369946275,22934.181179771833,55169.22726958279,18404.039994825005,73573.2672644078,10385.572419243847,2475.6853937257783,0.2096960087088226,18.76637868522939,32946.4141306183,42578.01164517108,0.3012416920536138,0.38930707971493284,25107.481781203955,25107.481781203955,0,0.0,0.0,0.0,0.0,0.0,0.0,0.0,0.0,0.0,0.0,0.0,none,2435.0048887191733,27542.486669923128,1749.468587707929,1749.468587707929,0.0,26856.950368911883,0.2154110468670722,0.5181811771623273,0.1728613500867164,0.0702933619006643,0.0232530639832198,0.05188754693057374,0.05819973375654998,0.03250881473961305,0.6739688163779405,27860.55641381139,-1.4551915228366852e-11,0.03115,0.0438999999999999,0.0438999999999999,0.0175,sterilized_yield_cap,0.034959336953454226,0.0,0.05140620048907514,0.08255620048907514,0.08255620048907514,0.0,0.0,0.03115,0.0438999999999999,0.0438999999999999,0.0175,0.08255620048907514,0.08245465036680626,0.06960310024453747,0.04320310024453757,514.0620048907514,385.54650366806356,257.03100244537575,385.54650366806356,0.7710930073361272,False,20709.206627841373,18771.5305406025,1937.6760872388732,1937.6760872388732,0.0,True,1.0,83706.84862246293,83706.84862246293,0.032460972208614595,663.2552078543766,1687.6380504109334,-1024.3828425565566,0.0,12407.648629244684,2596.6877735050157,0.1695622408431754,40268.20504305607,sterilized_yield_cap
2041Q2,2041-06-30,2041,2,2041,62346.19356298895,29935.477140273233,0.017189212325988024,0.05495933695345423,0.05680514587734553,319.07174871491617,1420.0758031278758,178.59993593747313,836.7570551704591,285.87238645175495,98.94810421611817,19.898321352070948,5.957305368177581,144.44690704708114,0.0,1570.4800155431346,1889.5517642580508,0.0,0.0,109951.47029414389,111841.02205840194,1.793870895187978,0.020470968986586485,0.10075867832774514,0.12122964731433163,111258.25802140731,582.7640369946275,23310.09604395646,56073.50775876407,18705.701176485385,74779.20893524945,10652.688613573464,2516.264428627933,0.20951340114880587,18.831448543263164,33349.232595214504,42797.54520478331,0.299746132900964,0.38466848183573565,25402.699742984478,25402.699742984478,0,0.0,0.0,0.0,0.0,0.0,0.0,0.0,0.0,0.0,0.0,0.0,none,2475.6853937257783,27878.385136710254,1745.1048572109696,1745.1048572109696,0.0,27147.804600195446,0.2154110468670722,0.5181811771623273,0.1728613500867164,0.0702933619006643,0.0232530639832198,0.0507606671495494,0.05713357034123371,0.03259220537027844,0.6984982016170007,29431.036429354524,0.0,0.03115,0.0438999999999999,0.0438999999999999,0.0175,sterilized_yield_cap,0.034959336953454226,0.0,0.051922602959628236,0.08307260295962823,0.08307260295962823,0.0,0.0,0.03115,0.0438999999999999,0.0438999999999999,0.0175,0.08307260295962823,0.08284195221972107,0.06986130147981401,0.04346130147981412,519.2260295962824,389.41952219721173,259.61301479814114,389.41952219721173,0.7788390443944234,False,21143.770192222753,19112.108887941973,2031.6613042807803,2031.6613042807803,0.0,True,1.0,85738.50992674372,85738.50992674372,0.03249333530676255,679.3014217011196,1738.4364501538917,-1059.135028452772,0.0,13466.783657697457,2629.6150439959065,0.16871054309605488,42897.82008705198,sterilized_yield_cap
2041Q3,2041-09-30,2041,3,2041,63455.505773528006,30063.29795671865,0.017189212325988024,0.05495933695345512,0.05680514587734553,321.688330958438,1413.251913755657,181.52737294231096,822.277148884508,289.6384396446322,99.58447693910931,20.224475345097012,5.957305368177581,148.1620713669223,0.0,1567.3712904907568,1889.0596214491948,0.0,0.0,111841.02205840194,113730.08167985114,1.7922807531587965,0.020278040623081,0.09880127950344844,0.11907932012652944,113147.3176428565,582.7640369946275,23685.104607708003,56975.60810058471,19006.63507735526,75982.24317793996,10923.224226460305,2556.745630748227,0.20932979323883555,18.92792597415557,33648.85232005329,42985.32951137946,0.29738974834793785,0.3799058643799261,25930.45474975603,25930.45474975603,0,0.0,0.0,0.0,0.0,0.0,0.0,0.0,0.0,0.0,0.0,0.0,none,2516.264428627933,28446.719178383963,1740.8975500822726,1740.8975500822726,0.0,27671.352299838305,0.2154110468670722,0.5181811771623273,0.1728613500867164,0.0702933619006643,0.0232530639832198,0.04961022946149523,0.056057116133015866,0.032538575261181764,0.7235180964905636,30998.40771984528,0.0,0.03115,0.0438999999999999,0.0438999999999999,0.0175,sterilized_yield_cap,0.034959336953455114,0.0,0.05218080419490545,0.08333080419490545,0.08333080419490545,0.0,0.0,0.03115,0.0438999999999999,0.0438999999999999,0.0175,0.08333080419490545,0.08303560314617899,0.06999040209745262,0.04359040209745273,521.8080419490545,391.35603146179085,260.90402097452727,391.35603146179085,0.7827120629235818,False,21658.70124249164,19649.061049635045,2009.6401928565938,2009.6401928565938,0.0,True,1.0,87748.15011960031,87748.15011960031,0.032504501794667476,696.4825379379682,1786.1647456671094,-1089.6822077291413,0.0,14556.465865426599,2657.053498219898,0.16749080892699159,45554.873585271875,sterilized_yield_cap
2041Q4,2041-12-31,2041,4,2042,64584.55573404224,30191.66455237581,0.017189212325988024,0.05495933695345423,0.05680514587734642,344.6291974501222,1404.6739703128562,184.4477521325261,807.1573496331159,293.5316255578862,98.98739998218964,20.54984300713887,5.987900480119798,151.92479439749934,0.0,1562.5866651904755,1907.2158626405976,0.0,0.0,113730.08167985114,115637.29754249174,1.7904791049222906,0.021344372104643565,0.09677772943891866,0.11812210154356222,115054.53350549711,582.7640369946275,24063.21369427467,57885.16689258944,19310.057061206917,77195.22395379636,11198.534331158817,2597.5615262672577,0.20914615844429085,18.930466371870917,33903.10436005324,43396.06069318177,0.29466986938357725,0.3771781899503193,26035.711377785643,26035.711377785643,0,0.0,0.0,0.0,0.0,0.0,0.0,0.0,0.0,0.0,0.0,0.0,none,2556.745630748227,28592.45700853387,1755.2910682430982,1755.2910682430982,0.0,27791.002446028742,0.2154110468670722,0.5181811771623273,0.1728613500867164,0.0702933619006643,0.0232530639832198,0.04861008432077812,0.054957725945863255,0.03249539490502522,0.7453679039037495,32560.994385035756,0.0,0.03115,0.0438999999999999,0.0438999999999999,0.0175,sterilized_yield_cap,0.034959336953454226,0.0,0.0523099048125434,0.0834599048125434,0.0834599048125434,0.0,0.0,0.03115,0.0438999999999999,0.0438999999999999,0.0175,0.0834599048125434,0.08313242860940745,0.0700549524062716,0.0436549524062717,523.099048125434,392.32428609407555,261.54952406271707,392.32428609407555,0.7846485721881511,False,21806.170388953866,19856.544899548586,1949.62548940528,1949.62548940528,0.0,True,1.0,89697.77560900559,89697.77560900559,0.032502287844701556,713.0524757603248,1830.8630641146526,-1117.8105883543278,0.0,15674.276453780927,2680.3972535448033,0.16600855873857023,48235.27083881668,sterilized_yield_cap
2042Q1,2042-03-31,2042,1,2042,65694.10229503924,30319.82671935733,0.017088232020256333,0.05252445248941795,0.05680514587734553,347.45536630486725,1399.5678990290314,187.39227664416399,794.3555043627501,297.41662499929936,99.5255922554446,20.877900767373085,5.987900480119798,155.75392306726786,0.0,1561.309722576419,1908.7650888812864,0.0,0.0,115637.29754249174,117546.06263137302,1.78929399329427,0.021155954898015538,0.09506544228670089,0.11622139718471641,116963.29859437839,582.7640369946275,24440.831664672332,58793.54428206965,19613.08493804662,78406.62922011627,11477.513302520556,2638.32440706923,0.20896154570188424,18.98947734328202,34112.560911174514,43643.86613068364,0.29165183712435133,0.37314154658067494,26661.814871200164,26661.814871200164,0,0.0,0.0,0.0,0.0,0.0,0.0,0.0,0.0,0.0,0.0,0.0,none,2597.5615262672577,29259.376397467422,1753.0111658140186,1753.0111658140186,0.0,28414.826037014183,0.2154110468670722,0.5181811771623273,0.1728613500867164,0.0702933619006643,0.0232530639832198,0.04755907811468209,0.054007132845791554,0.03242180166778713,0.7685507785846972,34122.30410761217,-1.4551915228366852e-11,0.03115,0.0438999999999999,0.0438999999999999,0.0175,sterilized_yield_cap,0.032524452489417946,0.0,0.050548291773335155,0.08169829177333515,0.08169829177333515,0.0,0.0,0.03115,0.0438999999999999,0.0438999999999999,0.0175,0.08169829177333515,0.08181121883000127,0.06917414588666748,0.04277414588666758,505.48291773335154,379.1121883000137,252.74145886667586,379.1121883000137,0.7582243766000274,False,21544.813758113305,20446.631690333532,1098.1820677797732,1098.1820677797732,0.0,True,1.0,90795.95767678536,90795.95767678536,0.03248318942076184,728.8457304683376,1832.038760780921,-1103.1930303125832,0.0,16777.46948409351,2664.5027528890023,0.16223695338266048,50899.773591705685,sterilized_yield_cap
2042Q2,2042-06-30,2042,2,2042,66822.71058924825,30448.53292858657,0.017088232020256333,0.05252445248941706,0.05667797807831465,350.3047114617209,1392.0202837980341,190.3329765886358,780.4693537427017,301.1210977757245,98.89132326915302,21.205532421818937,5.987900480119798,159.2839828867659,0.0,1557.2921671649199,1907.5968786266408,0.0,0.0,117546.06263137302,119453.65950999966,1.7876206824992178,0.020969200942176972,0.09321933536862467,0.11418853631080164,118870.89547300503,582.7640369946275,24817.437575794862,59699.48711643221,19915.300665578234,79614.78778201045,11759.692076503161,2678.9780386965576,0.20877639961441002,18.987184427637043,34306.49915755621,43910.81467517365,0.28860301776179553,0.3693992082792509,26934.29772212093,26934.297722120933,0,0.0,0.0,0.0,0.0,0.0,0.0,0.0,0.0,0.0,0.0,0.0,none,2638.32440706923,29572.622129190164,1748.3128957398749,1748.3128957398749,0.0,28682.610617860806,0.2154110468670722,0.5181811771623273,0.1728613500867164,0.0702933619006643,0.0232530639832198,0.04654928316594725,0.05299342682531602,0.03248598992123336,0.7900635535174758,35679.59627477709,0.0,0.03115,0.0438999999999999,0.0438999999999999,0.0175,sterilized_yield_cap,0.03252445248941706,0.0,0.04966748525373037,0.08081748525373036,0.08081748525373036,0.0,0.0,0.03115,0.0438999999999999,0.0438999999999999,0.0175,0.08081748525373036,0.08115061394029767,0.06873374262686507,0.042333742626865185,496.67485253730365,372.50613940297774,248.33742626865177,372.50613940297774,0.7450122788059554,False,21368.897098516372,20572.95308746954,795.9440110468313,795.9440110468313,0.0,True,1.0,91591.90168783219,91591.90168783219,0.03248384279300652,737.3355729636235,1834.4752426604816,-1097.1396696968582,0.0,17874.60915379037,2654.431836861778,0.1588939935812107,53554.20542856746,sterilized_yield_cap
2042Q3,2042-09-30,2042,3,2042,67970.70809249219,30577.785489496757,0.017088232020256333,0.05252445248941906,0.05667797807831465,353.1774229804449,1384.6954849011277,193.2657951215025,766.0500514118502,304.7279956209185,99.11935676083245,21.532285986023577,5.987900480119798,163.20003663650851,0.0,1553.883422017756,1907.0608449982008,0.0,0.0,119453.65950999966,121360.72035499786,1.7854855975585011,0.020784095554800062,0.09144429802927961,0.11222839358407968,120777.95631800323,582.7640369946275,25193.084458114514,60603.12296291633,20216.746799274944,80819.86976219127,12045.473952046224,2719.528145651222,0.20859008734824253,18.987703155401842,34571.55612591808,44265.56653225131,0.2862406119448871,0.3665036889322912,27364.43595887087,27364.43595887087,0,0.0,0.0,0.0,0.0,0.0,0.0,0.0,0.0,0.0,0.0,0.0,none,2678.9780386965576,30043.413997567426,1743.8608083616923,1743.8608083616923,0.0,29108.29676723256,0.2154110468670722,0.5181811771623273,0.1728613500867164,0.0702933619006643,0.0232530639832198,0.04554344979441823,0.05203301191078798,0.032411827244092084,0.8113162147262868,37233.47969679485,0.0,0.03115,0.0438999999999999,0.0438999999999999,0.0175,sterilized_yield_cap,0.032524452489419056,0.0,0.04922708199392947,0.08037708199392947,0.08037708199392947,0.0,0.0,0.03115,0.0438999999999999,0.0438999999999999,0.0175,0.08037708199392947,0.080820311495447,0.06851354099696463,0.04211354099696474,492.2708199392947,369.20311495447095,246.13540996964736,369.20311495447106,0.7384062299089421,False,21493.747674962844,20751.80607865842,741.941596304423,741.941596304423,0.0,True,1.0,92333.84328413662,92333.84328413662,0.03246707879854917,743.8142338850123,1840.4724479857036,-1096.6582141006913,0.0,18971.26736789106,2650.541636118447,0.15598140496118895,56204.74706468591,sterilized_yield_cap
2042Q4,2042-12-31,2042,4,2043,69138.42790654681,30707.586721324555,0.017088232020256333,0.05252445248941795,0.05667797807831354,368.108227336267,1376.506673249491,196.19114521756677,751.906967508173,308.2540352007935,98.2963178522871,21.85820747067169,6.009754131507097,167.16609393250155,0.0,1549.6825213134998,1917.7907486497668,0.0,0.0,121360.72035499786,123278.51110364763,1.7830678948945875,0.021296881545170936,0.0896567982950482,0.11095367984021913,122695.747066653,582.7640369946275,25570.188347658466,61510.26370726711,20519.362140584468,82029.62584785158,12335.697338384987,2760.2355327579644,0.20840321656599692,18.89401384625696,35106.38232367272,44645.85512645046,0.2861255028228615,0.36387451231049706,27417.07592809717,27417.075928097172,0,0.0,0.0,0.0,0.0,0.0,0.0,0.0,0.0,0.0,0.0,0.0,none,2719.528145651222,30136.604073748393,1750.6246547172652,1750.6246547172652,0.0,29167.70058281444,0.2154110468670722,0.5181811771623273,0.1728613500867164,0.0702933619006643,0.0232530639832198,0.044698314566126336,0.051076905831819445,0.032346120148075364,0.8292908163009233,38783.16221810835,0.0,0.03115,0.0438999999999999,0.0438999999999999,0.0175,sterilized_yield_cap,0.032524452489417946,0.0,0.0490068803640282,0.0801568803640282,0.0801568803640282,0.0,0.0,0.03115,0.0438999999999999,0.0438999999999999,0.0175,0.0801568803640282,0.08065516027302105,0.068403440182014,0.0420034401820141,490.068803640282,367.5516027302116,245.034401820141,367.55160273021147,0.735103205460423,False,21441.270194336743,20632.532525181807,808.7376691549362,808.7376691549362,0.0,True,1.0,93142.58095329156,93142.58095329156,0.03243923431452685,749.4525414197384,1850.2982074193667,-1100.8456659996282,0.0,20072.113033890688,2650.528187313128,0.15334616464787426,58855.27525199903,sterilized_yield_cap
2043Q1,2043-03-31,2043,1,2043,70369.0941949645,30837.418255642995,0.01701953976476145,0.05516540834182937,0.05667797807831554,371.12693850459084,1372.4221300596112,199.1278417573903,740.7892245129227,311.7764429018992,98.54322779285778,22.185393094542132,6.009754131507097,171.19379014896617,0.0,1549.6256743400845,1920.7526128446752,0.0,0.0,123278.51110364763,125199.2637164923,1.7791796974054463,0.021096019083397442,0.08808558314232064,0.10918160222571807,124616.49967949768,582.7640369946275,25947.06264521087,62416.8521575263,20821.793240731775,83238.64539825807,12629.873500024214,2800.9181360045145,0.20821530625514567,18.854113727777204,35522.75122990724,45025.69642499163,0.2850565641088342,0.3613140839358643,28006.28183437943,28006.281834379428,0,0.0,0.0,0.0,0.0,0.0,0.0,0.0,0.0,0.0,0.0,0.0,none,2760.2355327579644,30766.517367137392,1749.5588226957093,1749.5588226957093,0.0,29755.840657075136,0.2154110468670722,0.5181811771623273,0.1728613500867164,0.0702933619006643,0.0232530639832198,0.04382212740151649,0.05028047988143599,0.032266221045591084,0.8483856213576578,40332.78789244844,0.0,0.03115,0.0438999999999999,0.0438999999999999,0.0175,sterilized_yield_cap,0.035165408341829366,0.0,0.05087749643838613,0.08202749643838612,0.08202749643838612,0.0,0.0,0.03115,0.0438999999999999,0.0438999999999999,0.0175,0.08202749643838612,0.08205812232878949,0.06933874821919296,0.042938748219193065,508.7749643838613,381.58122328789597,254.38748219193064,381.58122328789597,0.7631624465757919,False,22708.54015577288,20932.840993515376,1775.6991622575042,1775.6991622575042,0.0,True,1.0,94918.28011554906,94918.28011554906,0.032397842089969826,755.3685020509027,1910.0631818520537,-1154.6946798011509,0.0,21226.80771369184,2704.3203541412354,0.15372205000386388,61559.59560614027,sterilized_yield_cap
2043Q2,2043-06-30,2043,2,2043,71621.66638375203,30967.798717086724,0.01701953976476145,0.05516540834182937,0.05626477673819319,374.170404939005,1366.5660740102965,202.06275034957966,729.1519761556318,315.27493915870286,97.56402882824663,22.51237951813628,6.009754131507097,174.02433370663965,0.0,1546.6001618484433,1920.7705667874484,0.0,0.0,125199.2637164923,127120.03428327975,1.7748823882729148,0.020897051064642007,0.08637610599908088,0.1072731570637229,126537.27024628512,582.7640369946275,26323.331079889922,63321.98317678797,21123.73815284101,84445.72132962898,12926.682498841421,2841.535337924791,0.2080282831189234,18.759308714583348,35973.15223868192,45411.277304224466,0.28428898591431423,0.35887669471483363,28255.127760923922,28255.127760923922,0,0.0,0.0,0.0,0.0,0.0,0.0,0.0,0.0,0.0,0.0,0.0,none,2800.9181360045145,31056.045896928437,1746.7462330808087,1746.7462330808087,0.0,30001.87399400473,0.2154110468670722,0.5181811771623273,0.1728613500867164,0.0702933619006643,0.0232530639832198,0.04299372411242773,0.049412436333512146,0.0323351472380253,0.8659065583530933,41879.388054296884,-1.4551915228366852e-11,0.03115,0.0438999999999999,0.0438999999999999,0.0175,sterilized_yield_cap,0.035165408341829366,0.0,0.05181280447556509,0.08296280447556509,0.08296280447556509,0.0,0.0,0.03115,0.0438999999999999,0.0438999999999999,0.0175,0.08296280447556509,0.08275960335667372,0.06980640223778245,0.04340640223778255,518.1280447556509,388.59603356673824,259.06402237782555,388.59603356673824,0.7771920671334764,False,23317.218467278624,21194.76835790789,2122.450109370733,2122.450109370733,0.0,True,1.0,97040.7302249198,97040.7302249198,0.032382777595337774,768.7868626587704,1968.6716785958035,-1199.8848159370332,0.0,22426.692529628872,2746.4849777854765,0.1533884991209051,64306.080583925745,sterilized_yield_cap
2043Q3,2043-09-30,2043,3,2043,72896.53439865576,31098.73042651709,0.017019539764762337,0.05516540834182937,0.05626477673819319,377.2388296477356,1361.404300584894,204.99294078464277,717.181882057534,318.74301462860427,97.64762283554326,22.8388402785705,6.009754131507097,178.1140016084758,0.0,1545.5280563248768,1922.7668859726125,0.0,0.0,127120.03428327975,129042.80116925236,1.7702186013884353,0.020699959621383157,0.08480666846918732,0.10550662809057047,128460.03713225773,582.7640369946275,26699.148584130457,64226.02946214744,21425.321205864875,85651.35066801231,13227.434017041536,2882.103863073419,0.2078401126152719,18.692745030789865,36440.36120144335,45754.47493623965,0.28367079766546927,0.35617672201925743,28762.170912998638,28762.170912998634,0,0.0,0.0,0.0,0.0,0.0,0.0,0.0,0.0,0.0,0.0,0.0,none,2841.535337924791,31603.706250923424,1744.6528843641368,1744.6528843641368,0.0,30506.82379736277,0.2154110468670722,0.5181811771623273,0.1728613500867164,0.0702933619006643,0.0232530639832198,0.04213610137927901,0.04863208431428694,0.03228165349493122,0.883902709551532,43424.91611062176,0.0,0.03115,0.0438999999999999,0.0438999999999999,0.0175,sterilized_yield_cap,0.035165408341829366,0.0,0.052280458494154566,0.08343045849415456,0.08343045849415456,0.0,0.0,0.03115,0.0438999999999999,0.0438999999999999,0.0175,0.08343045849415456,0.08311034387061582,0.07004022924707717,0.043640229247077285,522.8045849415456,392.10343870615924,261.40229247077275,392.10343870615924,0.7842068774123184,False,23923.661029897663,21727.395776615882,2196.265253281781,2196.265253281781,0.0,True,1.0,99236.99547820157,99236.99547820157,0.032358398998541066,785.6120961406875,2024.0381538181553,-1238.4260576774677,0.0,23665.11858730634,2783.954114002345,0.15276194606330598,67090.03469792809,sterilized_yield_cap
2043Q4,2043-12-31,2043,4,2044,74194.09510611308,31230.21571460801,0.01701953976476145,0.05516540834182848,0.05626477673819319,399.49652748727436,1354.5123933879386,207.91961959891594,704.8806733470666,322.08210123499504,96.46508940750839,23.1649097994526,6.019952502154488,182.2579926441686,0.0,1542.7903385342615,1942.2868660215358,0.0,0.0,129042.80116925236,130985.0880352739,1.7654381773635466,0.021537914946784417,0.08317590969080484,0.10471382463758924,130402.32399827927,582.7640369946275,27078.27824626095,65138.0432955938,21729.56217310849,86867.6054687023,13533.410356237646,2923.029927078377,0.20765180723786994,18.594927682284986,36665.91096126218,46319.11241276053,0.28117528765626915,0.35520158684726916,29078.122773053758,29078.122773053758,0,0.0,0.0,0.0,0.0,0.0,0.0,0.0,0.0,0.0,0.0,0.0,none,2882.103863073419,31960.226636127176,1760.0288733773673,1760.0288733773673,0.0,30838.151646431124,0.2154110468670722,0.5181811771623273,0.1728613500867164,0.0702933619006643,0.0232530639832198,0.042018470381656674,0.04782259295536339,0.03232327333169622,0.8870632300042757,44967.706449156016,1.4551915228366852e-11,0.03115,0.0438999999999999,0.0438999999999999,0.0175,sterilized_yield_cap,0.03516540834182848,0.0,0.05251428550344864,0.08366428550344863,0.08366428550344863,0.0,0.0,0.03115,0.0438999999999999,0.0438999999999999,0.0175,0.08366428550344863,0.08328571412758637,0.07015714275172422,0.04375714275172432,525.1428550344864,393.8571412758647,262.5714275172432,393.85714127586476,0.7877142825517295,False,24291.65249938993,22128.635822335524,2163.0166770544056,2163.0166770544056,0.0,True,1.0,101400.01215525597,101400.01215525597,0.032349984201790374,802.7875737750155,2075.648080548174,-1272.8605067731587,0.0,24937.9790940795,2815.6508453074202,0.15179918786153807,69905.68554323551,sterilized_yield_cap
2044Q1,2044-03-31,2044,1,2044,75471.44925250394,31360.93155843563,0.016847634395924738,0.05292516736733344,0.05626477673819319,402.7726417919155,1371.1369860488744,210.87209184275716,714.8900251691406,325.4650415520438,96.41597444604062,23.493853038892453,6.019952502154488,186.4739753742013,0.0,1563.63091392523,1966.4035557171455,0.0,0.0,130985.0880352739,132951.49159099103,1.7616130723311911,0.021347020404728884,0.08287271170287501,0.1042197321076039,132368.7275539964,582.7640369946275,27461.694740512292,66060.36930080196,22037.243203425856,88097.61250422781,13845.001565760584,2964.418743495717,0.20746361506957905,18.525507947752622,37014.32155107939,46979.317001965086,0.2796304099544989,0.3549125074334577,29559.85270342609,29559.85270342609,0,0.0,0.0,0.0,0.0,0.0,0.0,0.0,0.0,0.0,0.0,0.0,none,2923.029927078377,32482.882630504468,1779.9295803429443,1779.9295803429443,0.0,31339.782283769036,0.2154110468670722,0.5181811771623273,0.1728613500867164,0.0702933619006643,0.0232530639832198,0.0418642012662862,0.04774989084266291,0.03220422380592779,0.8914506146562988,46531.33736308125,-2.9103830456733704e-11,0.03115,0.0438999999999999,0.0438999999999999,0.0175,sterilized_yield_cap,0.03292516736733343,0.0,0.0509510182772244,0.0821010182772244,0.0821010182772244,0.0,0.0,0.03115,0.0438999999999999,0.0438999999999999,0.0175,0.0821010182772244,0.08211326370791819,0.0693755091386121,0.0429755091386122,509.510182772244,382.1326370791829,254.755091386122,382.132637079183,0.764265274158366,False,23951.907299168244,22644.090328754446,1307.8169704137981,1307.8169704137981,0.0,True,1.0,102707.82912566977,102707.82912566977,0.03231599225084261,820.0721978209707,2081.2610628173616,-1261.1888649963907,0.0,26199.16795907589,2824.819778921621,0.14971594195684013,72730.50532215713,sterilized_yield_cap
2044Q2,2044-06-30,2044,2,2044,76770.79482035451,31492.19452086094,0.01684763439592385,0.05292516736733344,0.05705127569836388,406.07562222479197,1386.6877134107506,213.8579477917395,725.0125530762999,328.8948020312011,95.09589486066359,23.82651565084682,6.019952502154488,193.37936732259567,0.0,1586.0870332355007,1992.1626554602926,0.0,0.0,132951.49159099103,134943.65424645133,1.7577472600384392,0.021157817796469015,0.08264012568565858,0.10379794348212759,134360.8902094567,582.7640369946275,27849.172531697026,66992.46494250906,22348.18331112676,89340.64825363582,14164.823457737111,3006.24596638673,0.20727142018992759,18.4123130002687,37338.25601242202,47638.37838607659,0.2778952711180686,0.35455539414641113,29841.154954183923,29841.154954183923,0,0.0,0.0,0.0,0.0,0.0,0.0,0.0,0.0,0.0,0.0,0.0,none,2964.418743495717,32805.57369767964,1798.783288137697,1798.783288137697,0.0,31639.93824232162,0.2154110468670722,0.5181811771623273,0.1728613500867164,0.0702933619006643,0.0232530639832198,0.041747182110285046,0.04771927006625554,0.03228860658897714,0.8945724636861774,48117.424396316754,0.0,0.03115,0.0438999999999999,0.0438999999999999,0.0175,sterilized_yield_cap,0.03292516736733343,0.0,0.050169384664112276,0.08131938466411227,0.08131938466411227,0.0,0.0,0.03115,0.0438999999999999,0.0438999999999999,0.0175,0.08131938466411227,0.0815270384980841,0.06898469233205604,0.04258469233205614,501.6938466411228,376.270384980842,250.8469233205614,376.2703849808421,0.7525407699616842,False,23810.34348641685,22811.104028627808,999.2394577890409,999.2394577890409,0.0,True,1.0,103707.06858345881,103707.06858345881,0.03230970471398976,829.7763525315029,2088.0343661715638,-1258.2580136400609,0.0,27457.42597271595,2844.345046875562,0.14819932780591355,75574.85036903269,sterilized_yield_cap
2044Q3,2044-09-30,2044,3,2044,78092.51042245535,31624.006891879962,0.016847634395925626,0.05292516736733344,0.05705127569836388,409.40568910448235,1403.6048078999843,216.8754310905906,735.2423027440356,332.3940381020526,94.93033400847253,24.162701954833334,6.019952502154488,197.8464636123706,0.0,1607.4712240145093,2016.8769131189915,0.0,0.0,134943.65424645133,136960.53115957032,1.7538241557181082,0.0209702921260812,0.08233676778060314,0.10330705990668435,136377.7671225757,582.7640369946275,28241.011785108327,67935.05228212853,22662.623370477322,90597.67565260585,14490.53568704498,3048.5439978165314,0.20707929438179934,18.33338784262773,37605.985787420235,48177.6055134966,0.27574865449747504,0.3532658330605662,30382.646795710407,30382.646795710407,0,0.0,0.0,0.0,0.0,0.0,0.0,0.0,0.0,0.0,0.0,0.0,none,3006.24596638673,33388.89276209714,1819.0304495066212,1819.0304495066212,0.0,32201.677245217026,0.2154110468670722,0.5181811771623273,0.1728613500867164,0.0702933619006643,0.0232530639832198,0.04159056658524716,0.04764866441451897,0.03223761751240812,0.8984872420716459,49724.89562033126,0.0,0.03115,0.0438999999999999,0.0438999999999999,0.0175,sterilized_yield_cap,0.03292516736733343,0.0,0.049778567857556216,0.08092856785755621,0.08092856785755621,0.0,0.0,0.03115,0.0438999999999999,0.0438999999999999,0.0175,0.08092856785755621,0.08123392589316705,0.068789283928778,0.04238928392877811,497.78567857556214,373.33925893167157,248.89283928778107,373.3392589316716,0.7466785178633433,False,24044.300638172397,23104.170873817977,940.1297643544203,940.1297643544203,0.0,True,1.0,104647.19834781323,104647.19834781323,0.032293141572554925,837.6861906712595,2098.2161342911704,-1260.529943619911,0.0,28717.95591633586,2868.00116763442,0.1469027517296835,78442.8515366671,sterilized_yield_cap
2044Q4,2044-12-31,2044,4,2045,79436.98118994065,31756.370971073586,0.01684763439592385,0.05292516736733255,0.05705127569836388,430.56965113041537,1419.2922108408334,219.9268792765311,745.5871987963588,335.9865076452934,93.28895274019942,24.50267238245037,6.028693962709422,202.39583289439048,0.0,1627.7167376979332,2058.2863888283487,0.0,0.0,136960.53115957032,139018.81754839869,1.7500516191066318,0.021681068171555327,0.08196266843554503,0.10364373660710037,138436.05351140405,582.7640369946275,28640.791112632774,68896.73983508683,22983.435117589248,91880.17495267608,14823.388306435661,3091.699139659517,0.2068882374653465,18.175570057290383,38354.902969815055,49808.560557022894,0.27705862740919196,0.35979471599802415,30463.299888607347,30463.29988860735,0,0.0,0.0,0.0,0.0,0.0,0.0,0.0,0.0,0.0,0.0,0.0,none,3048.5439978165314,33511.843886423885,1855.8905559339582,1855.8905559339582,0.0,32319.19044454131,0.2154110468670722,0.5181811771623273,0.1728613500867164,0.0702933619006643,0.0232530639832198,0.04147523273404309,0.04753827176097934,0.03220926325881758,0.9015406194418695,51352.6123580292,0.0,0.03115,0.0438999999999999,0.0438999999999999,0.0175,sterilized_yield_cap,0.032925167367332545,0.0,0.04958315945427752,0.08073315945427752,0.08073315945427752,0.0,0.0,0.03115,0.0438999999999999,0.0438999999999999,0.0175,0.08073315945427752,0.08108736959070803,0.06869157972713866,0.04229157972713876,495.8315945427752,371.87369590708136,247.9157972713876,371.8736959070814,0.7437473918141628,False,24037.313598672812,23027.9533756674,1009.360223005413,1009.360223005413,0.0,True,1.0,105656.55857081864,105656.55857081864,0.032274058901694685,844.8466978542921,2112.1247376643532,-1267.2780398100613,0.0,29985.233956145923,2894.9947775079945,0.1457756694245877,81337.8463141751,sterilized_yield_cap
2045Q1,2045-03-31,2045,1,2045,80822.3823534012,31884.47140650104,0.01623329428827147,0.054489465960201544,0.05705127569836388,434.1005839324724,1436.6984569151316,223.04016078962775,756.1417196900763,339.6312599833784,93.03578461703636,24.84953183501337,6.028693962709422,207.0449352179771,0.0,1649.7720860958182,2083.8726700282905,0.0,0.0,139018.81754839869,141102.69021842696,1.7458368104202389,0.021484176600206555,0.08164926784177584,0.1031334444419824,140519.92618143233,582.7640369946275,29045.08053977742,69869.27664004175,23307.86609370876,93177.1427337505,15162.361772841872,3135.341135062543,0.20669723738878043,18.07432483223022,39079.62154872703,51415.248263510744,0.2781073304740381,0.3658929353344944,31094.320354036383,31094.320354036383,0,0.0,0.0,0.0,0.0,0.0,0.0,0.0,0.0,0.0,0.0,0.0,none,3091.699139659517,34186.0194936959,1876.8277348103134,1876.8277348103134,0.0,32971.1480888467,0.2154110468670722,0.5181811771623273,0.1728613500867164,0.0702933619006643,0.0232530639832198,0.04132035469217464,0.04746902945053345,0.032128066752802865,0.9059039734735492,53002.38444412502,-2.9103830456733704e-11,0.03115,0.0438999999999999,0.0438999999999999,0.0175,sterilized_yield_cap,0.03448946596020154,0.0,0.05065867919728992,0.08180867919728992,0.08180867919728992,0.0,0.0,0.03115,0.0438999999999999,0.0438999999999999,0.0175,0.08180867919728992,0.08189400939796734,0.06922933959864486,0.04282933959864496,506.58679197289916,379.9400939796745,253.29339598644958,379.9400939796744,0.7598801879593488,False,25054.12220698835,23379.736731886715,1674.385475101637,1674.385475101637,0.0,True,1.0,107330.94404592027,107330.94404592027,0.0322399801448915,852.4914986662388,2160.9058763024436,-1308.4143776362048,0.0,31293.648333782126,2958.186463732023,0.14640431908068027,84296.03277790712,sterilized_yield_cap
2045Q2,2045-06-30,2045,2,2045,82231.94526564635,32013.088579863437,0.01623329428827147,0.054489465960201544,0.05607658331448184,437.6604725293001,1452.8199081359348,226.18856470351668,766.8153111244565,343.336605142348,91.2791227925479,25.20030437306519,6.028693962709422,208.2342331834252,0.0,1667.0828352820695,2104.7433078113695,0.0,0.0,141102.69021842696,143207.43352623834,1.7415060906514324,0.02128907305380939,0.08109173776184612,0.1023808108156555,142624.6694892437,582.7640369946275,29453.609544935927,70852.01194483148,23635.699212800653,94487.71115763213,15503.908004756013,3179.4407819196235,0.20651132549798634,17.923614076495443,39834.08241016583,53119.380629335945,0.2792930742824262,0.37244174391122453,31357.62202729514,31357.62202729514,0,0.0,0.0,0.0,0.0,0.0,0.0,0.0,0.0,0.0,0.0,0.0,none,3135.341135062543,34492.963162357686,1896.5090746279443,1896.5090746279443,0.0,33254.131101923085,0.2154110468670722,0.5181811771623273,0.1728613500867164,0.0702933619006643,0.0232530639832198,0.041203085853992696,0.04725871158661611,0.032212620502864935,0.9089330009386718,54669.46727940709,0.0,0.03115,0.0438999999999999,0.0438999999999999,0.0175,sterilized_yield_cap,0.03448946596020154,0.0,0.05119643906879612,0.08234643906879612,0.08234643906879612,0.0,0.0,0.03115,0.0438999999999999,0.0438999999999999,0.0175,0.08234643906879612,0.08229732930159699,0.06949821953439796,0.04309821953439806,511.96439068796116,383.9732930159709,255.98219534398058,383.9732930159709,0.7679465860319418,False,25537.396451180448,23597.90341514907,1939.4930360313774,1939.4930360313774,0.0,True,1.0,109270.43708195165,109270.43708195165,0.032233585972379214,865.0868762432326,2209.5802610184346,-1344.493384775202,0.0,32638.14171855733,3011.5762200572717,0.14649179028070025,87307.60899796439,sterilized_yield_cap
2045Q3,2045-09-30,2045,3,2045,83666.09131372247,32142.224575604054,0.01623329428827036,0.054489465960201544,0.05607658331448273,441.24955437601255,1470.374904817295,229.36998433118856,777.6008310945239,347.0006206302154,90.84871347668711,25.554755284678976,6.028693962709422,212.9249020096216,0.0,1689.3285007896259,2130.5780551656385,0.0,0.0,143207.43352623834,145338.01158140396,1.7371196538443572,0.021095741294831643,0.08076526460188782,0.10186100589671947,144755.24754440933,582.7640369946275,29866.693218185206,71845.70371312293,23967.18732585325,95812.89103897617,15851.631193860376,3224.032093387584,0.2063254612515683,17.787891379260138,40524.930871752775,54801.21219784277,0.2799548310628267,0.37857841513503926,31864.396299766013,31864.396299766013,0,0.0,0.0,0.0,0.0,0.0,0.0,0.0,0.0,0.0,0.0,0.0,none,3179.4407819196235,35043.83708168563,1917.653153156017,1917.653153156017,0.0,33782.04945292203,0.2154110468670722,0.5181811771623273,0.1728613500867164,0.0702933619006643,0.0232530639832198,0.041055797582485516,0.04718549754556166,0.032161844288677265,0.91245682992977,56358.79578019671,-2.9103830456733704e-11,0.03115,0.0438999999999999,0.0438999999999999,0.0175,sterilized_yield_cap,0.03448946596020154,0.0,0.05146531900454922,0.08261531900454921,0.08261531900454921,0.0,0.0,0.03115,0.0438999999999999,0.0438999999999999,0.0175,0.08261531900454921,0.08249898925341181,0.06963265950227451,0.04323265950227461,514.6531900454921,385.9898925341192,257.3265950227462,385.9898925341192,0.7719797850682384,False,26079.05927583135,24053.266255233793,2025.7930205975572,2025.7930205975572,0.0,True,1.0,111296.2301025492,111296.2301025492,0.03221677537942304,880.5445069801356,2256.85300432299,-1376.3084973428543,0.0,34014.450215900186,3065.63699813248,0.1465653265257616,90373.24599609687,sterilized_yield_cap
2045Q4,2045-12-31,2045,4,2046,85125.24923377328,32271.88148657454,0.01623329428827236,0.054489465960201544,0.05607658331448184,462.00030881330326,1486.9690516168603,232.5868734366173,788.5065982515224,350.75704973515457,89.20537224296292,25.913157950602702,6.044719973726774,217.700402866809,0.0,1710.714174457396,2172.714483270699,0.0,0.0,145338.01158140396,147510.72606467467,1.7328668919321069,0.021709202050947087,0.08038574640806682,0.1020949484590139,146927.96202768004,582.7640369946275,30287.824847884876,72858.75521067555,24305.133699230406,97163.88890990595,16206.756109001908,3269.492160887311,0.2061406449112722,17.703058142238667,41829.90281765296,56364.55685115239,0.284696678837569,0.3836203543103236,32443.957787166364,32443.957787166364,0,0.0,0.0,0.0,0.0,0.0,0.0,0.0,0.0,0.0,0.0,0.0,none,3224.032093387584,35667.98988055395,1955.0140804038904,1955.0140804038904,0.0,34398.97186757025,0.2154110468670722,0.5181811771623273,0.1728613500867164,0.0702933619006643,0.0232530639832198,0.04088467121293668,0.04708236079036277,0.032147932776141044,0.9168302210091421,58069.50995465411,0.0,0.03115,0.0438999999999999,0.0438999999999999,0.0175,sterilized_yield_cap,0.03448946596020154,0.0,0.05159975897242576,0.08274975897242576,0.08274975897242576,0.0,0.0,0.03115,0.0438999999999999,0.0438999999999999,0.0175,0.08274975897242576,0.08259981922931922,0.06969987948621278,0.04329987948621288,515.9975897242576,386.99819229319326,257.9987948621289,386.99819229319326,0.7739963845863865,False,26624.6798589882,24575.92238730976,2048.7574716784366,2048.7574716784366,0.0,True,1.0,113344.98757422765,113344.98757422765,0.032200604286970955,896.4014114476021,2302.434053881396,-1406.0326424337936,0.0,35420.48285833398,3116.7468168911896,0.14645463455064406,93489.99281298806,sterilized_yield_cap
2046Q1,2046-03-31,2046,1,2046,86590.50754563458,32400.426276002614,0.01602817697257164,0.05376022781086065,0.05607658331448073,465.7889921091802,1502.9472687023356,235.86643600290347,799.6248384371622,354.67383553532505,86.50361548381268,26.27854324313176,6.044719973726774,222.57755627448103,0.0,1731.5695449505433,2197.3585370597234,0.0,0.0,147510.72606467467,149708.0846017344,1.7289202805842874,0.021516861619673585,0.07998888534233287,0.10150574696200644,149125.32056473976,582.7640369946275,30713.21448628901,73882.04954393662,24646.49700569451,98528.54654963114,16568.147659433274,3315.411869386356,0.20595573152820473,17.665913515608807,43136.34336159131,57944.87476066357,0.28926236804208266,0.3885649636240545,33073.99950432869,33073.99950432869,0,0.0,0.0,0.0,0.0,0.0,0.0,0.0,0.0,0.0,0.0,0.0,none,3269.492160887311,36343.491665216,1974.7809807852427,1974.7809807852427,0.0,35048.78048511394,0.2154110468670722,0.5181811771623273,0.1728613500867164,0.0702933619006643,0.0232530639832198,0.040683537608296454,0.04695440368699299,0.03207849699033364,0.9223249673077345,59801.07949960465,0.0,0.03115,0.0438999999999999,0.0438999999999999,0.0175,sterilized_yield_cap,0.033760227810860646,0.0,0.05112005034435836,0.08227005034435836,0.08227005034435836,0.0,0.0,0.03115,0.0438999999999999,0.0438999999999999,0.0175,0.08227005034435836,0.08224003775826867,0.06946002517217909,0.04306002517217918,511.2005034435836,383.4003775826877,255.60025172179186,383.4003775826877,0.7668007551653755,False,26875.431343610842,25138.400699837508,1737.0306437733343,1737.0306437733343,0.0,True,1.0,115082.01821800099,115082.01821800099,0.03217208822235768,912.4442731973361,2331.2244585030953,-1418.7801853057592,0.0,36839.26304363974,3150.349730256303,0.1455286413973734,96640.34254324436,sterilized_yield_cap
2046Q2,2046-06-30,2046,2,2046,88080.98730400913,32529.483082769868,0.01602817697257164,0.05376022781085976,0.05713665997545747,469.60874491051555,1517.8747858300414,239.17915781197564,810.8554937447025,358.6704355109937,82.52207586217567,26.647622900192832,6.044719973726774,231.7540139722181,0.0,1755.6735197759863,2225.282264686502,0.0,0.0,149708.0846017344,151933.3668664209,1.7249280635561794,0.02132622529716538,0.0797299655016957,0.10105619079886109,151350.60282942627,582.7640369946275,31142.642493734456,74915.05835959809,24991.100990548995,99906.15935014708,16940.033476192155,3361.767509352572,0.20576490553415597,17.58188189761938,44516.45438337509,59696.56056509747,0.2941280282414574,0.394425654401761,33374.73049345485,33374.73049345485,0,0.0,0.0,0.0,0.0,0.0,0.0,0.0,0.0,0.0,0.0,0.0,none,3315.411869386356,36690.14236284121,1993.5282507142838,1993.5282507142838,0.0,35368.258744169136,0.2154110468670722,0.5181811771623273,0.1728613500867164,0.0702933619006643,0.0232530639832198,0.04050780201471969,0.046909250744783,0.032130490938079494,0.9267287082634642,61556.75301938064,0.0,0.03115,0.0438999999999999,0.0438999999999999,0.0175,sterilized_yield_cap,0.03376022781085976,0.0,0.050880196030323996,0.08203019603032399,0.08203019603032399,0.0,0.0,0.03115,0.0438999999999999,0.0438999999999999,0.0175,0.08203019603032399,0.08206014702274289,0.06934009801516189,0.042940098015162,508.80196030324,381.60147022742996,254.4009801516199,381.60147022742996,0.7632029404548599,False,26993.159072318194,25377.046875705557,1616.1121966126375,1616.1121966126375,0.0,True,1.0,116698.13041461362,116698.13041461362,0.032162466456289035,925.6072107291254,2360.0501284969846,-1434.4429177678592,0.0,38273.7059614076,3190.1164375438457,0.14487196545757353,99830.45898078821,sterilized_yield_cap
2046Q3,2046-09-30,2046,3,2046,89597.12264488456,32659.05394633475,0.016028176972572528,0.05376022781086176,0.05713665997545747,473.45982200613537,1533.814964419789,242.5233284199571,822.1927654965872,362.7090491691418,79.36961497768134,27.02020635642129,6.044719973726774,236.9559250454897,0.0,1776.8156094390056,2250.275431445141,0.0,0.0,151933.3668664209,154183.64229786606,1.7208548416110212,0.02113727798526204,0.07932467280144072,0.10046195078670275,153600.87826087142,582.7640369946275,31576.3337562859,75958.32263142813,25339.126118581156,101297.4487500093,17318.51239792266,3408.583356653547,0.2055739141195374,17.49920809623001,45942.376868595355,61437.864830292274,0.2991023058511951,0.3999838121104225,33832.06040875614,33832.060408756144,0,0.0,0.0,0.0,0.0,0.0,0.0,0.0,0.0,0.0,0.0,0.0,none,3361.767509352572,37193.82791810871,2013.3195063996513,2013.3195063996513,0.0,35845.3799151558,0.2154110468670722,0.5181811771623273,0.1728613500867164,0.0702933619006643,0.0232530639832198,0.040331026128529714,0.04677881221446698,0.03212260451743958,0.9311804962065476,63333.568628819645,2.9103830456733704e-11,0.03115,0.0438999999999999,0.0438999999999999,0.0175,sterilized_yield_cap,0.033760227810861757,0.0,0.05076026887330831,0.08191026887330831,0.08191026887330831,0.0,0.0,0.03115,0.0438999999999999,0.0438999999999999,0.0175,0.08191026887330831,0.08197020165498113,0.06928013443665405,0.04288013443665416,507.60268873308314,380.70201654981236,253.80134436654157,380.70201654981236,0.7614040330996247,False,27292.81683538791,25703.87775433616,1588.939081051747,1588.939081051747,0.0,True,1.0,118287.06949566538,118287.06949566538,0.032153268962426346,938.3249262429135,2389.69380981835,-1451.3688835754365,0.0,39725.074844983035,3228.184493014442,0.1441200073269876,103058.64347380266,sterilized_yield_cap
2036Q4,2036-12-31,2036,4,2037,45567.45791099619,27698.55388240954,0.017515988152144724,0.05366937236414482,0.022578201318361746,247.04041823154074,1584.719825228435,330.1144357628681,916.7886883253786,225.02850094890826,98.67032999239234,14.117870198887333,5.894658234200658,34.984618848701245,0.0,1625.599102311337,1872.6395205428778,0.0,0.0,77061.53216807223,78934.17168861511,1.7322487430128721,0.021685687949858246,0.14269824798973943,0.16438393593959766,78351.40765162048,582.7640369946275,16667.66562150213,40094.83597945533,13375.336242178706,53470.17222163404,6414.338521210218,1799.2312872740924,0.21272962568346918,20.143254581036835,21530.929724851838,26293.33782732807,0.2747995265201407,0.33558220095084995,17421.739362036373,17421.739362036373,0,0.0,0.0,0.0,0.0,0.0,0.0,0.0,0.0,0.0,0.0,0.0,none,1756.50018026592,19178.239542302294,1837.6549016941765,1837.6549016941765,0.0,19259.394263730548,0.2154110468670722,0.5181811771623273,0.1728613500867164,0.0702933619006643,0.0232530639832198,0.07083384203686202,0.08437927752414182,0.03240385235229896,0.265684392929116,1625.599102311337,1.4551915228366852e-11,0.03115,0.0438999999999999,0.0438999999999999,0.0175,fiscal_dominance,0.033669372364144814,0.0,0.02525202927310861,0.05640202927310861,0.03115,0.0,100.0,0.03115,0.0438999999999999,0.0438999999999999,0.0175,0.0664020292731086,0.07283902195483134,0.0665260146365542,0.04012601463655431,352.5202927310861,289.39021954831446,226.26014636554308,289.3902195483146,0.5787804390966291,False,11146.960668697067,0.0,11146.960668697067,11146.960668697067,0.0,True,1.0,11146.960668697067,11146.960668697067,0.03240385235229896,0.0,0.0,0.0,0.0,0.0,1625.599102311337,0.14269824798973943,1625.599102311337,fiscal_dominance
2037Q1,2037-03-31,2037,1,2037,46357.37181571065,27818.71239056672,0.01746555549210771,0.052776795798754605,0.056535982643295624,249.06629979072068,1388.8392799405997,129.79944602744783,916.7235566713564,228.51481404152935,99.34014172880052,14.461321471465515,5.894658234200658,88.79917111186377,0.0,1483.5331092866643,1732.599409077385,0.0,0.0,78934.17168861511,80666.77109769249,1.7401066526889317,0.021490976734475822,0.1280083879806051,0.14949936471508093,80084.00706069786,582.7640369946275,17021.758351602624,40946.62232178402,13659.485770586294,54606.10809237032,6618.685937341787,1837.4546793831362,0.21254878441211575,20.029197577329768,21818.130164218113,26678.917994982083,0.27244054044001015,0.33313665205040754,17919.32971973276,17919.32971973276,0,0.0,0.0,0.0,0.0,0.0,0.0,0.0,0.0,0.0,0.0,0.0,none,1799.2312872740924,19718.56100700685,1643.800237965521,1643.800237965521,0.0,19563.12995769828,0.2154110468670722,0.5181811771623273,0.1728613500867164,0.0702933619006643,0.0232530639832198,0.0695339794114523,0.0751782442280642,0.0322954845704566,0.29352740014718065,3109.132211598001,-1.4551915228366852e-11,0.03115,0.0438999999999999,0.0438999999999999,0.0175,fiscal_dominance,0.0327767957987546,0.0,0.037208611485620255,0.06835861148562025,0.03115,0.0,100.0,0.03115,0.0438999999999999,0.0438999999999999,0.0175,0.07835861148562025,0.08180645861421508,0.07250430574281001,0.04610430574281013,472.08611485620247,379.0645861421518,286.0430574281012,379.0645861421518,0.7581291722843037,False,14831.37952212006,2494.2066578147433,12337.172864305317,12337.172864305317,0.0,True,1.0,23484.133533002387,23484.133533002387,0.03233541279508831,90.30111692133586,86.80695620747841,3.494160713857454,3.494160713857454,0.0,1480.0389485728067,0.12770689024015958,3105.638050884144,fiscal_dominance
2037Q2,2037-06-30,2037,2,2037,47160.97891301181,27939.39215579544,0.01746555549210771,0.052776795798755494,0.056351131132581944,251.10879480984056,1393.49132680953,132.55694316310544,915.2677889206486,231.6154464360107,99.28260630422308,14.768541985541958,5.894658234200658,91.33459871222479,0.0,1490.7205837559554,1741.829378565796,0.0,0.0,80666.77109769249,82408.60047625829,1.7473895236199517,0.021298013790002915,0.1264367804159097,0.14773479420591262,81825.83643926366,582.7640369946275,17377.29315997952,41801.877649708826,13944.792526542858,55746.67017625168,6826.039362929418,1875.833740103042,0.21236927010062465,19.905679719922535,22143.810712091392,27105.682831717062,0.270621256997818,0.33126068747047427,18285.81604760324,18285.81604760324,0,0.0,0.0,0.0,0.0,0.0,0.0,0.0,0.0,0.0,0.0,0.0,none,1837.4546793831362,20123.270726986375,1650.4947798535711,1650.4947798535711,0.0,19936.31082745681,0.2154110468670722,0.5181811771623273,0.1728613500867164,0.0702933619006643,0.0232530639832198,0.06827996657165997,0.07391993324986815,0.032335723271734076,0.32041920111760663,4599.852795353956,0.0,0.03115,0.0438999999999999,0.0438999999999999,0.0175,fiscal_dominance,0.03277679579875549,0.0,0.04318690259187674,0.07433690259187674,0.03115,0.0,100.0,0.03115,0.0438999999999999,0.0438999999999999,0.0175,0.08433690259187673,0.08629017694390745,0.07549345129593826,0.049093451295938374,531.8690259187673,423.9017694390755,315.93451295938365,423.90176943907545,0.8478035388781509,False,16902.07487169268,5248.055681539901,11654.019190152778,11654.019190152778,0.0,True,1.0,35138.152723155166,35138.152723155166,0.03233556213986332,189.84228798115194,182.8826898882561,6.959598092895845,6.959598092895845,0.0,1483.7609856630597,0.1258464959686142,4589.399036547204,fiscal_dominance
2037Q3,2037-09-30,2037,3,2037,47978.51657500072,28060.59543934993,0.017465555492108598,0.052776795798754605,0.056351131132581944,253.16803952936806,1398.1237318821056,135.32567048334053,913.2803534782582,234.71836119400805,99.72233304041976,15.077013686078198,5.894658234200658,94.19597362817336,0.0,1498.2143637444797,1751.3824032738478,0.0,0.0,82408.60047625829,84159.98287953214,1.7541180696566976,0.021106783419084004,0.12490710181941111,0.14601388523849512,83577.2188425375,582.7640369946275,17734.2694236434,42660.60046460006,14231.256010116795,56891.85647471686,7036.724541993545,1914.368402183716,0.21219023161150413,19.76585785357977,22403.341038444996,27479.46688632223,0.2680555939610015,0.32879135327647757,18662.525547526926,18662.525547526926,0,0.0,0.0,0.0,0.0,0.0,0.0,0.0,0.0,0.0,0.0,0.0,none,1875.833740103042,20538.359287629966,1657.1864296456745,1657.1864296456745,0.0,20319.7119771726,0.2154110468670722,0.5181811771623273,0.1728613500867164,0.0702933619006643,0.0232530639832198,0.06705189649774441,0.07272126234815074,0.03231616559204549,0.3464792586492195,6098.067159098436,0.0,0.03115,0.0438999999999999,0.0438999999999999,0.0175,fiscal_dominance,0.0327767957987546,0.0,0.046176048145004325,0.07732604814500432,0.03115,0.0,100.0,0.03115,0.0438999999999999,0.0438999999999999,0.0175,0.08732604814500432,0.08853203610875314,0.07698802407250206,0.050588024072502166,561.7604814500432,446.32036108753243,330.8802407250216,446.32036108753243,0.8926407221750648,False,18138.202373692664,7846.2370723806225,10291.96530131204,10291.96530131204,0.0,True,1.0,45430.11802446721,45430.11802446721,0.032327817970907356,284.05298021489784,273.63836433157087,10.414615883326974,10.414615883326974,0.0,1487.7997478611528,0.12403882854822344,6077.198784408356,fiscal_dominance
2037Q4,2037-12-31,2037,4,2038,48810.226288634316,28182.3245122939,0.01746555549210682,0.052776795798754605,0.056351131132581944,265.00612925662665,1402.3647867262523,138.10562313662297,910.9467519991413,237.862297926232,100.06337763170441,15.386736032551621,5.91068424521801,97.10332509742335,0.0,1505.3787960688935,1770.3849253255203,0.0,0.0,84159.98287953214,85930.36780485765,1.7604992711305445,0.021717262910402407,0.12336585265284278,0.14508311556324519,85347.60376786302,582.7640369946275,18094.712764851945,43527.66349393032,14520.501726607485,58048.165220537805,7251.448456177525,1953.2773262957646,0.21201196010221635,19.548403074672617,22888.76682558441,28836.884331322028,0.26818288756928166,0.33787573473949517,18813.150151765625,18813.15015176562,0,0.0,0.0,0.0,0.0,0.0,0.0,0.0,0.0,0.0,0.0,0.0,none,1914.368402183716,20727.518553949336,1673.281600228097,1673.281600228097,0.0,20486.431751993718,0.2154110468670722,0.5181811771623273,0.1728613500867164,0.0702933619006643,0.0232530639832198,0.06599035931905549,0.07154843642131987,0.032182885886295004,0.36912529309697556,7603.445955167329,0.0,0.03115,0.0438999999999999,0.0438999999999999,0.0175,fiscal_dominance,0.0327767957987546,0.0,0.04767062092156811,0.07882062092156811,0.03115,0.0,0.0,0.03115,0.0438999999999999,0.0438999999999999,0.0175,0.07882062092156811,0.07965296569117598,0.06773531046078396,0.04133531046078406,476.7062092156811,357.52965691176087,238.35310460784063,357.52965691176087,0.7150593138235217,False,14649.013831273036,10014.149127506727,4634.864703766309,4634.864703766309,0.0,True,1.0,50064.98272823352,50064.98272823352,0.032285410843282715,367.1641464729533,353.7870441155384,13.377102357414913,13.377102357414913,0.0,1492.0016937114788,0.1222695985786813,7569.200478119835,fiscal_dominance
2038Q1,2038-03-31,2038,1,2038,49676.44016115621,28304.416431579815,0.017441798459170377,0.054505881638612586,0.056351131132581944,267.1793405642089,1409.396832702545,140.9125756562845,911.3141589476348,241.03676966471733,100.43386192380595,15.699466510102212,5.91068424521801,100.06640911766148,0.0,1515.3739260654245,1782.5532666296335,0.0,0.0,85930.36780485765,87712.92107148729,1.7656845133615908,0.021513565762558487,0.12201952645152296,0.14353309221408145,87130.15703449266,582.7640369946275,18457.139020168688,44399.49651431601,14811.338676300162,59210.83519061617,7469.782522863385,1992.400300844417,0.2118341071376925,19.377356833673513,23349.65592562452,30207.604733819397,0.26798592726489606,0.34669517147617396,19281.59980908759,19281.599809087595,0,0.0,0.0,0.0,0.0,0.0,0.0,0.0,0.0,0.0,0.0,0.0,none,1953.2773262957646,21234.877135383358,1682.4868575119717,1682.4868575119717,0.0,20964.086666599567,0.2154110468670722,0.5181811771623273,0.1728613500867164,0.0702933619006643,0.0232530639832198,0.06492329514644456,0.07053962247696839,0.032164041340889196,0.3920721990535314,9118.819881232754,0.0,0.03115,0.0438999999999999,0.0438999999999999,0.0175,fiscal_dominance,0.03450588163861258,0.0,0.04971472168974349,0.08086472168974349,0.03115,0.0,0.0,0.03115,0.0438999999999999,0.0438999999999999,0.0175,0.08086472168974349,0.08118604126730751,0.06875736084487163,0.042357360844871746,497.1472168974349,372.8604126730761,248.57360844871738,372.8604126730761,0.7457208253461522,False,15633.356011644895,11079.206032333095,4554.1499793118,4554.1499793118,0.0,True,1.0,54619.132707545315,54619.132707545315,0.03225067186912079,404.0921340607181,389.8810529961185,14.211081064599568,14.211081064599568,0.0,1501.162845000825,0.12087523503140532,9070.36332312066,fiscal_dominance
2038Q2,2038-06-30,2038,2,2038,50558.02635480837,28427.0372794411,0.017441798459170377,0.054505881638612586,0.056584157349406805,269.37037352520224,1415.563878349623,143.73497011956368,911.3701141759384,244.22193360910376,100.22294302698008,16.013917418037003,5.91068424521801,103.49691156762572,0.0,1524.9714741624666,1794.3418476876689,0.0,0.0,87712.92107148729,89507.26291917496,1.770386808437238,0.021311779192866656,0.12065118709029138,0.14196296628315802,88924.49888218033,582.7640369946275,18821.365697948193,45275.66053371365,15103.620414745163,60379.280948458814,7692.134609443604,2031.7176263297197,0.2116555722499531,19.21529497000751,23816.150405001776,31631.8999281595,0.2678243982747292,0.3557163697944465,19693.67924201451,19693.679242014514,0,0.0,0.0,0.0,0.0,0.0,0.0,0.0,0.0,0.0,0.0,0.0,none,1992.400300844417,21686.07954285893,1690.8449361200433,1690.8449361200433,0.0,21384.524178134558,0.2154110468670722,0.5181811771623273,0.1728613500867164,0.0702933619006643,0.0232530639832198,0.06387226647893192,0.06954375503785094,0.03216423037204202,0.41465990103672806,10643.79135539522,0.0,0.03115,0.0438999999999999,0.0438999999999999,0.0175,fiscal_dominance,0.03450588163861258,0.0,0.05073677207383118,0.08188677207383117,0.03115,0.0,0.0,0.03115,0.0438999999999999,0.0438999999999999,0.0175,0.08188677207383117,0.08195257905537329,0.06926838603691549,0.04286838603691559,507.3677207383118,380.5257905537339,253.6838603691559,380.5257905537338,0.7610515811074676,False,16274.725937000174,12096.235497987967,4178.4904390122065,4178.4904390122065,0.0,True,1.0,58797.623146557526,58797.623146557526,0.03222674553333959,440.37593168175175,425.3464959600092,15.029435721742573,15.029435721742573,0.0,1509.942038440724,0.1194621030373445,10580.305361561384,fiscal_dominance
2038Q3,2038-09-30,2038,3,2038,51455.2576754929,28550.18934731063,0.01744179845916949,0.054505881638612586,0.056584157349406805,271.57937428799494,1421.3179069320959,146.57138537277157,911.0667733260038,247.42457340037657,99.92524441131881,16.32993042162512,5.91068424521801,106.57769125180431,0.0,1533.806282429118,1805.3856567171129,0.0,0.0,89507.26291917496,91312.64857589208,1.774602882212024,0.02111188528105206,0.11923417366615492,0.14034605894720698,90729.88453889744,582.7640369946275,19187.307700215195,46155.9508450312,15397.278653193564,61553.22949822476,7918.127223811591,2071.220116645888,0.21147726350284585,19.009754308526286,24297.26452784171,33169.63452238054,0.2677978116176822,0.3655866497676425,20008.683126706776,20008.683126706776,0,0.0,0.0,0.0,0.0,0.0,0.0,0.0,0.0,0.0,0.0,0.0,none,2031.7176263297197,22040.400753036494,1698.8079654653088,1698.8079654653088,0.0,21707.491092172084,0.2154110468670722,0.5181811771623273,0.1728613500867164,0.0702933619006643,0.0232530639832198,0.06287369921158453,0.06854443907257649,0.03216688616193677,0.43585409293602023,12177.597637824338,0.0,0.03115,0.0438999999999999,0.0438999999999999,0.0175,fiscal_dominance,0.03450588163861258,0.0,0.05124779726587503,0.08239779726587503,0.03115,0.0,0.0,0.03115,0.0438999999999999,0.0438999999999999,0.0175,0.08239779726587503,0.08233584794940617,0.06952389863293741,0.043123898632937516,512.4779726587503,384.3584794940627,256.23898632937517,384.3584794940627,0.7687169589881254,False,16686.916539636346,12966.65388831857,3720.2626513177765,3720.2626513177765,0.0,True,1.0,62517.8857978753,62517.8857978753,0.03221076821225833,473.7140097773268,457.88649025381676,15.827519523510034,15.827519523510034,0.0,1517.9787629056082,0.11800378281876456,12098.284124466993,fiscal_dominance
2038Q4,2038-12-31,2038,4,2039,52368.41177047975,28673.874936548265,0.017441798459170377,0.054505881638613474,0.056584157349406805,280.32405192709604,1427.4988754476146,149.42115871542583,910.6802461488135,250.64747256734776,100.10256632848652,16.647431687541324,5.922339525957902,109.70891194699728,0.0,1543.1301269205696,1823.4541788476656,0.0,0.0,91312.64857589208,93136.10275473974,1.7784786592905777,0.021411690173511477,0.11786724666646753,0.139278936839979,92553.33871774511,582.7640369946275,19556.46736222176,47043.98138479016,15693.518973734734,62737.50035852489,8148.301052010387,2111.069944988069,0.2112994261812862,18.802672192715896,25539.65657157777,34639.97117455565,0.27594527572327426,0.37427035755236543,20390.277971583317,20390.277971583317,0,0.0,0.0,0.0,0.0,0.0,0.0,0.0,0.0,0.0,0.0,0.0,none,2071.220116645888,22461.498088229204,1713.7452669006684,1713.7452669006684,0.0,22104.023238483984,0.2154110468670722,0.5181811771623273,0.1728613500867164,0.0702933619006643,0.0232530639832198,0.061900708438404596,0.06759765053307103,0.032167131761135,0.45648784785011315,13720.727764744908,0.0,0.03115,0.0438999999999999,0.0438999999999999,0.0175,fiscal_dominance,0.03450588163861347,0.0,0.05150330986189762,0.08265330986189762,0.03115,0.0,0.0,0.03115,0.0438999999999999,0.0438999999999999,0.0175,0.08265330986189762,0.08252748239642312,0.06965165493094871,0.04325165493094881,515.0330986189762,386.27482396423216,257.51654930948814,386.27482396423216,0.7725496479284643,False,17076.455370693395,13773.215394227276,3303.2399764661186,3303.2399764661186,0.0,True,1.0,65821.12577434142,65821.12577434142,0.03219944728905356,503.43728213894957,486.8580356509539,16.579246487995647,16.579246487995647,0.0,1526.550880432574,0.11660089193639406,13624.835004899567,fiscal_dominance
2039Q1,2039-03-31,2039,1,2039,53286.14171100381,28796.577412871466,0.017227156981449054,0.053808129052610454,0.056584157349406805,282.6228795094774,1433.650559375346,152.29598958330195,910.1482885145371,253.8987100852871,100.3398465093788,16.967724682841606,5.922339525957902,112.89806508088812,0.0,1552.4709639821917,1835.093843491669,0.0,0.0,93136.10275473974,94971.1965982314,1.7822869802303485,0.021215488337832843,0.11653844051250571,0.13775392885033855,94388.43256123677,582.7640369946275,19927.44735775928,47936.39082055105,15991.220061104465,63927.61088165552,8382.258048206902,2151.116273615086,0.21112171075444938,18.632140543737314,26821.976979976036,36266.72145070002,0.284165932754256,0.38422845328182675,20842.78570197579,20842.785701975787,0,0.0,0.0,0.0,0.0,0.0,0.0,0.0,0.0,0.0,0.0,0.0,none,2111.069944988069,22953.855646963857,1722.195778410781,1722.195778410781,0.0,22564.981480386567,0.2154110468670722,0.5181811771623273,0.1728613500867164,0.0702933619006643,0.0232530639832198,0.06093564911458226,0.06667536725561284,0.03214946201507351,0.47722794839707305,15273.1987287271,-1.4551915228366852e-11,0.03115,0.0438999999999999,0.0438999999999999,0.0175,fiscal_dominance,0.03380812905261045,0.0,0.051107751720406644,0.08225775172040664,0.03115,0.0,0.0,0.03115,0.0438999999999999,0.0438999999999999,0.0175,0.08225775172040664,0.08223081379030488,0.06945387586020321,0.043053875860203324,511.07751720406645,383.3081379030498,255.53875860203314,383.3081379030498,0.7666162758060996,False,17298.682066127556,14534.573590755872,2764.108475371684,2764.108475371684,0.0,True,1.0,68585.2342497131,68585.2342497131,0.032186839919959784,529.8509674692677,512.5820169676838,17.26895050158396,17.26895050158396,0.0,1535.2020134806078,0.11524212218679607,15160.037018380175,fiscal_dominance
2039Q2,2039-06-30,2039,2,2039,54219.95440476136,28919.80496289779,0.017227156981449054,0.053808129052610454,0.056761870429347994,284.9405588750618,1439.2773130123887,155.18499629855037,909.4782148899909,257.2181406391952,100.10636413547074,17.289597049181253,5.922339525957902,116.49696185222058,0.0,1561.696614390567,1846.637173265629,0.0,0.0,94971.1965982314,96817.83377149704,1.7856494870640267,0.02102108435930662,0.11521194597341274,0.13623303033271938,96235.06973450241,582.7640369946275,20300.13867192666,48832.91691195712,16290.294433888701,65123.211345845826,8620.372382078896,2191.347334651023,0.21094325309818535,18.48031967887058,28151.062024530485,37774.39192477236,0.2925239426977596,0.39252210269069304,21268.660718827246,21268.66071882725,0,0.0,0.0,0.0,0.0,0.0,0.0,0.0,0.0,0.0,0.0,0.0,none,2151.116273615086,23419.776992442337,1730.1402114134085,1730.1402114134085,0.0,22998.800930240657,0.2154110468670722,0.5181811771623273,0.1728613500867164,0.0702933619006643,0.0232530639832198,0.059979922860452846,0.06577558966629467,0.032131122869903786,0.49780414526972777,16834.895343117667,1.4551915228366852e-11,0.03115,0.0438999999999999,0.0438999999999999,0.0175,fiscal_dominance,0.03380812905261045,0.0,0.050909972649661156,0.08205997264966115,0.03115,0.0,0.0,0.03115,0.0438999999999999,0.0438999999999999,0.0175,0.08205997264966115,0.08208247948724576,0.06935498632483048,0.04295498632483058,509.09972649661154,381.8247948724586,254.54986324830577,381.82479487245865,0.7636495897449173,False,17563.0248950033,15157.842994272347,2405.1819007309514,2405.1819007309514,0.0,True,1.0,70990.41615044406,70990.41615044406,0.03217305552496291,551.8854889171147,534.1075117196408,17.777977197473888,17.777977197473888,0.0,1543.9186371930932,0.1139004009975717,16703.955655573267,fiscal_dominance
2039Q3,2039-09-30,2039,3,2039,55170.131693871896,29043.55983354516,0.017227156981449054,0.053808129052610454,0.056761870429347105,287.27724461992796,1444.407181305424,158.08732990762888,908.6894673706307,260.4979500595212,99.51947976538577,17.612954202257605,5.922339525957902,119.80628450847911,0.0,1570.135805339861,1857.413049959789,0.0,0.0,96817.83377149704,98675.24682145682,1.7885628290500768,0.02082846176362038,0.11383955463816782,0.13466801640178822,98092.48278446219,582.7640369946275,20674.438364315833,49733.3120311239,16590.65948528443,66323.97151640833,8862.320887792288,2231.7520159457385,0.2107647576801946,18.304487312301916,29583.298909227342,39463.11403129171,0.3015857899552862,0.4023051808975382,21602.31085004427,21602.31085004427,0,0.0,0.0,0.0,0.0,0.0,0.0,0.0,0.0,0.0,0.0,0.0,none,2191.347334651023,23793.65818469529,1737.60676545131,1737.60676545131,0.0,23339.91761549558,0.2154110468670722,0.5181811771623273,0.1728613500867164,0.0702933619006643,0.0232530639832198,0.059079845630627244,0.0648696936990179,0.03214734001095251,0.5172387752453451,18405.03114845753,-1.4551915228366852e-11,0.03115,0.0438999999999999,0.0438999999999999,0.0175,fiscal_dominance,0.03380812905261045,0.0,0.05081108311428842,0.08196108311428842,0.03115,0.0,0.0,0.03115,0.0438999999999999,0.0438999999999999,0.0175,0.08196108311428842,0.0820083123357162,0.0693055415571441,0.04290554155714421,508.1108311428842,381.08312335716306,254.0554155714421,381.0831233571631,0.7621662467143262,False,17788.897407623852,15633.787559700859,2155.109847922993,2155.109847922993,0.0,True,1.0,73145.52599836705,73145.52599836705,0.03216680154518395,570.9946501371152,552.8378657715831,18.156784365532076,18.156784365532076,0.0,1551.979020974329,0.11252313332046784,18255.934676547597,fiscal_dominance
2039Q4,2039-12-31,2039,4,2040,56136.96035959558,29167.84428134662,0.017227156981449054,0.053808129052610454,0.056761870429347994,293.9442834983906,1450.1861031735955,161.00218876210954,907.9408677254427,263.80398539213036,99.50135446574883,17.937706828163876,5.935451716790281,123.1688946402848,0.0,1579.2904495306707,1873.2347330290613,0.0,0.0,98675.24682145682,100548.48155448589,1.7911280003477954,0.020944795130728607,0.11253124069520234,0.13347603582593096,99965.71751749126,582.7640369946275,21051.42187864946,50640.16320737178,16893.178228848952,67533.34143622073,9108.507793760426,2272.4464088606396,0.21058641303670972,18.33929336391672,30185.23816064119,40121.12677418654,0.30195589958487123,0.40134886009462634,22750.190708141865,22750.190708141865,0,0.0,0.0,0.0,0.0,0.0,0.0,0.0,0.0,0.0,0.0,0.0,none,2231.7520159457385,24981.942724087603,1750.0658383887765,1750.0658383887765,0.0,24500.25654653064,0.2154110468670722,0.5181811771623273,0.1728613500867164,0.0702933619006643,0.0232530639832198,0.05782772487553646,0.06401972127369458,0.032501710397413626,0.5437078909537734,19984.3215979882,0.0,0.03115,0.0438999999999999,0.0438999999999999,0.0175,fiscal_dominance,0.03380812905261045,0.0,0.05076163834660205,0.08191163834660205,0.03115,0.0,0.0,0.03115,0.0438999999999999,0.0438999999999999,0.0175,0.08191163834660205,0.08197122875995144,0.06928081917330092,0.04288081917330103,507.6163834660205,380.71228759951543,253.80819173301026,380.7122875995154,0.7614245751990307,False,18655.097433209365,16646.453476603434,2008.6439566059307,2008.6439566059307,0.0,True,1.0,75154.16995497298,75154.16995497298,0.03224993408823954,588.2144046768915,569.6207837122835,18.59362096460802,18.59362096460802,0.0,1560.6968285660628,0.11120636518747959,19816.63150511366,fiscal_dominance
2040Q1,2040-03-31,2040,1,2040,57122.79807889186,29295.409800174013,0.017609093307503265,0.053565008463151154,0.05676187042934888,296.3548052568487,1446.560928264473,163.93794787998266,897.7848279440914,267.1079170926206,99.4654473365606,18.26478801121739,5.935451716790281,126.59041023049483,0.0,1579.0867902117582,1875.441595468607,0.0,0.0,100548.48155448589,102423.92314995448,1.7930480752798137,0.020752121060145224,0.11057489081896119,0.13132701187910642,101841.15911295985,582.7640369946275,21428.143743276323,51546.38497322019,17195.487005829968,68741.87197905016,9358.030833265262,2313.1125573681115,0.21040750056181826,18.395554218498958,30908.51746382697,40885.87173337608,0.3034973063252742,0.4014670697927389,23250.742170298778,23250.74217029878,0,0.0,0.0,0.0,0.0,0.0,0.0,0.0,0.0,0.0,0.0,0.0,none,2272.4464088606396,25523.18857915942,1748.851185238112,1748.851185238112,0.0,24999.593355536894,0.2154110468670722,0.5181811771623273,0.1728613500867164,0.0702933619006643,0.0232530639832198,0.05657949459296636,0.06281892141179962,0.03248522519677702,0.5703411483773695,21563.408388199958,-1.4551915228366852e-11,0.03115,0.0438999999999999,0.0438999999999999,0.0175,fiscal_dominance,0.03356500846315115,0.0,0.05055457552066439,0.08170457552066439,0.03115,0.0,0.0,0.03115,0.0438999999999999,0.0438999999999999,0.0175,0.08170457552066439,0.08181593164049819,0.06917728776033209,0.0427772877603322,505.5457552066439,379.1593164049829,252.77287760332194,379.1593164049829,0.7583186328099658,False,18957.657454175842,17157.996274450557,1799.6611797252845,1799.6611797252845,0.0,True,1.0,76953.83113469827,76953.83113469827,0.03230789830096157,605.9292568760578,585.2630985243521,20.66615835170569,20.66615835170569,0.0,1558.4206318600525,0.10912775173987309,21375.05213697371,fiscal_dominance
2040Q2,2040-06-30,2040,2,2040,58125.948385164025,29423.53322658747,0.017609093307503265,0.053565008463151154,0.05619323820971811,298.7850947586317,1441.8778138154132,166.87166940076438,886.7624078657211,270.3883842545562,99.26371011452531,18.591642179846193,5.935451716790281,128.7816741813414,0.0,1576.594939713545,1875.3800344721767,0.0,0.0,102423.92314995448,104299.30318442667,1.7943673364828547,0.020561219425016257,0.10849508582751675,0.129056305252533,103716.53914743203,582.7640369946275,21804.380324522885,52451.43936758549,17497.406356449086,69948.84572403457,9609.58677808164,2353.726320792941,0.21023050425475703,18.486244346658616,31459.688465372696,41462.04520918102,0.30332373914495026,0.39976309998391996,23725.45241711728,23725.452417117285,0,0.0,0.0,0.0,0.0,0.0,0.0,0.0,0.0,0.0,0.0,0.0,none,2313.1125573681115,26038.564974485398,1746.5983602908352,1746.5983602908352,0.0,25472.05077740812,0.2154110468670722,0.5181811771623273,0.1728613500867164,0.0702933619006643,0.0232530639832198,0.05536406092928744,0.06157135525478046,0.03253472320810541,0.5969050518388217,23140.003327913502,0.0,0.03115,0.0438999999999999,0.0438999999999999,0.0175,fiscal_dominance,0.03356500846315115,0.0,0.05045104410769556,0.08160104410769556,0.03115,0.0,0.0,0.03115,0.0438999999999999,0.0438999999999999,0.0175,0.08160104410769556,0.08173828308077156,0.06912552205384767,0.04272552205384778,504.5104410769556,378.3828308077167,252.25522053847774,378.3828308077167,0.7567656616154333,False,19276.37335926717,17603.407073830876,1672.9662854362941,1672.9662854362941,0.0,True,1.0,78626.79742013456,78626.79742013456,0.032363507352083445,621.5541375423004,599.2779599614628,22.27617758083761,22.27617758083761,0.0,1554.3187621327074,0.10696212657611823,22929.37089910642,fiscal_dominance
2040Q3,2040-09-30,2040,3,2040,59146.71530985856,29552.2170005949,0.017609093307503265,0.053565008463151154,0.05619323820971811,301.23531411124793,1436.8861023723146,169.80161177722198,874.9741298213477,274.1924304826988,98.99985498767238,18.91807530337326,5.935451716790281,132.24349176892218,0.0,1575.0650458580271,1876.3003599692752,0.0,0.0,104299.30318442667,106175.60354439594,1.7951225691597892,0.020372073920462534,0.10651918961900464,0.12689126353946717,105592.83950740131,582.7640369946275,22180.06944029763,53355.17680858759,17798.88638131421,71154.06318990179,9864.425890462306,2394.2809867395777,0.21005277956127852,18.58380240493583,32092.803953973536,42018.868253900844,0.3039297371269579,0.39793293228898935,24164.870972042234,24164.87097204223,0,0.0,0.0,0.0,0.0,0.0,0.0,0.0,0.0,0.0,0.0,0.0,none,2353.726320792941,26518.59729283517,1744.0568682003527,1744.0568682003527,0.0,25908.927840242584,0.2154110468670722,0.5181811771623273,0.1728613500867164,0.0702933619006643,0.0232530639832198,0.054175495902531956,0.06040558269398702,0.03253367277795638,0.6231037017671691,24715.06837377153,0.0,0.03115,0.0438999999999999,0.0438999999999999,0.0175,fiscal_dominance,0.03356500846315115,0.0,0.05039927840121114,0.08154927840121114,0.03115,0.0,0.0,0.03115,0.0438999999999999,0.0438999999999999,0.0175,0.08154927840121114,0.08169945880090826,0.06909963920060547,0.04269963920060557,503.9927840121114,377.9945880090836,251.9963920060557,377.99458800908354,0.7559891760181671,False,19586.86900945914,17993.705098434046,1593.1639110250944,1593.1639110250944,0.0,True,1.0,80219.96133115966,80219.96133115966,0.03240505571300515,636.1597340943251,612.3061849092979,23.85354918502719,23.85354918502719,0.0,1551.211496673,0.10490601133445829,24480.58239577942,fiscal_dominance
2040Q4,2040-12-31,2040,4,2041,60185.408223607854,29681.46357287557,0.017609093307502377,0.053565008463151154,0.05619323820971722,313.90226020595355,1431.4753126588312,172.72729076631782,862.6982486614015,278.152302019527,98.65343778066635,19.244033430919355,5.957305368177581,135.7504910643924,0.0,1573.1831090914013,1887.0853692973549,0.0,0.0,106175.60354439594,108062.6889136933,1.7954964849985928,0.02086234982670266,0.10455578224187018,0.12541813206857283,107479.92487669867,582.7640369946275,22557.32631983261,54262.68557739579,18101.624492819516,72364.3100702153,10123.283597931586,2435.0048887191733,0.20987478680982005,18.642830192535634,32526.99297911622,42327.78291584916,0.3026331942121405,0.39382036193649866,24476.355641471586,24476.355641471586,0,0.0,0.0,0.0,0.0,0.0,0.0,0.0,0.0,0.0,0.0,0.0,none,2394.2809867395777,26870.636628211163,1751.3348782329624,1751.3348782329624,0.0,26227.69051970455,0.2154110468670722,0.5181811771623273,0.1728613500867164,0.0702933619006643,0.0232530639832198,0.053058690852385494,0.05926721606752517,0.03257087945681205,0.64782120764374,26288.251482862932,0.0,0.03115,0.0438999999999999,0.0438999999999999,0.0175,fiscal_dominance,0.03356500846315115,0.0,0.050373395547968935,0.08152339554796893,0.03115,0.0,0.0,0.03115,0.0438999999999999,0.0438999999999999,0.0175,0.08152339554796893,0.0816800466609766,0.06908669777398437,0.04268669777398447,503.73395547968937,377.800466609767,251.86697773984469,377.800466609767,0.755600933219534,False,19817.667432881884,18268.456228817493,1549.2112040643915,1549.2112040643915,0.0,True,1.0,81769.17253522406,81769.17253522406,0.032445244939645845,649.8830790578369,624.7129488664059,25.170130191430985,25.170130191430985,0.0,1548.0129788999702,0.10288294286539433,26028.59537467939,fiscal_dominance
2041Q1,2041-03-31,2041,1,2041,61256.274052349625,29808.19978253751,0.017189212325988024,0.05495933695345423,0.056193238209719,316.47644950213635,1427.0348328376149,175.66517871569644,850.3510983039438,282.08624408326057,99.3609599416343,19.571351793080353,5.957305368177581,139.3127927426663,0.0,1572.3049309484588,1888.7813804505952,0.0,0.0,108062.6889136933,109951.47029414389,1.794942183394624,0.020665732899893683,0.10267062143575802,0.12333635433565171,109368.70625714926,582.7640369946275,22934.181179771833,55169.22726958279,18404.039994825005,73573.2672644078,10385.572419243847,2475.6853937257783,0.2096960087088226,18.76637868522939,32946.4141306183,42578.01164517108,0.3012416920536138,0.38930707971493284,25107.481781203955,25107.481781203955,0,0.0,0.0,0.0,0.0,0.0,0.0,0.0,0.0,0.0,0.0,0.0,none,2435.0048887191733,27542.486669923128,1749.468587707929,1749.468587707929,0.0,26856.950368911883,0.2154110468670722,0.5181811771623273,0.1728613500867164,0.0702933619006643,0.0232530639832198,0.05188754693057374,0.05819973375654998,0.03250881473961305,0.6739688163779405,27860.55641381139,-1.4551915228366852e-11,0.03115,0.0438999999999999,0.0438999999999999,0.0175,fiscal_dominance,0.034959336953454226,0.0,0.05140620048907514,0.08255620048907514,0.03115,0.0,0.0,0.03115,0.0438999999999999,0.0438999999999999,0.0175,0.08255620048907514,0.08245465036680626,0.06960310024453747,0.04320310024453757,514.0620048907514,385.54650366806356,257.03100244537575,385.54650366806356,0.7710930073361272,False,20709.206627841373,18771.5305406025,1937.6760872388732,1937.6760872388732,0.0,True,1.0,83706.84862246293,83706.84862246293,0.032460972208614595,663.2552078543766,636.7774311180574,26.477776736319242,26.477776736319242,0.0,1545.8271542121397,0.10094163761191714,27574.42252889153,fiscal_dominance
2041Q2,2041-06-30,2041,2,2041,62346.19356298895,29935.477140273233,0.017189212325988024,0.05495933695345423,0.05680514587734553,319.07174871491617,1420.0758031278758,178.59993593747313,836.7570551704591,285.87238645175495,98.94810421611817,19.898321352070948,5.957305368177581,144.44690704708114,0.0,1570.4800155431346,1889.5517642580508,0.0,0.0,109951.47029414389,111841.02205840194,1.793870895187978,0.020470968986586485,0.10075867832774514,0.12122964731433163,111258.25802140731,582.7640369946275,23310.09604395646,56073.50775876407,18705.701176485385,74779.20893524945,10652.688613573464,2516.264428627933,0.20951340114880587,18.831448543263164,33349.232595214504,42797.54520478331,0.299746132900964,0.38466848183573565,25402.699742984478,25402.699742984478,0,0.0,0.0,0.0,0.0,0.0,0.0,0.0,0.0,0.0,0.0,0.0,none,2475.6853937257783,27878.385136710254,1745.1048572109696,1745.1048572109696,0.0,27147.804600195446,0.2154110468670722,0.5181811771623273,0.1728613500867164,0.0702933619006643,0.0232530639832198,0.0507606671495494,0.05713357034123371,0.03259220537027844,0.6984982016170007,29431.036429354524,0.0,0.03115,0.0438999999999999,0.0438999999999999,0.0175,fiscal_dominance,0.034959336953454226,0.0,0.051922602959628236,0.08307260295962823,0.03115,0.0,0.0,0.03115,0.0438999999999999,0.0438999999999999,0.0175,0.08307260295962823,0.08284195221972107,0.06986130147981401,0.04346130147981412,519.2260295962824,389.41952219721173,259.61301479814114,389.41952219721173,0.7788390443944234,False,21143.770192222753,19112.108887941973,2031.6613042807803,2031.6613042807803,0.0,True,1.0,85738.50992674372,85738.50992674372,0.03249333530676255,679.3014217011196,651.86708364743,27.434338053689544,27.434338053689544,0.0,1543.045677489445,0.0989985491852356,29117.468206380974,fiscal_dominance
2041Q3,2041-09-30,2041,3,2041,63455.505773528006,30063.29795671865,0.017189212325988024,0.05495933695345512,0.05680514587734553,321.688330958438,1413.251913755657,181.52737294231096,822.277148884508,289.6384396446322,99.58447693910931,20.224475345097012,5.957305368177581,148.1620713669223,0.0,1567.3712904907568,1889.0596214491948,0.0,0.0,111841.02205840194,113730.08167985114,1.7922807531587965,0.020278040623081,0.09880127950344844,0.11907932012652944,113147.3176428565,582.7640369946275,23685.104607708003,56975.60810058471,19006.63507735526,75982.24317793996,10923.224226460305,2556.745630748227,0.20932979323883555,18.92792597415557,33648.85232005329,42985.32951137946,0.29738974834793785,0.3799058643799261,25930.45474975603,25930.45474975603,0,0.0,0.0,0.0,0.0,0.0,0.0,0.0,0.0,0.0,0.0,0.0,none,2516.264428627933,28446.719178383963,1740.8975500822726,1740.8975500822726,0.0,27671.352299838305,0.2154110468670722,0.5181811771623273,0.1728613500867164,0.0702933619006643,0.0232530639832198,0.04961022946149523,0.056057116133015866,0.032538575261181764,0.7235180964905636,30998.40771984528,0.0,0.03115,0.0438999999999999,0.0438999999999999,0.0175,fiscal_dominance,0.034959336953455114,0.0,0.05218080419490545,0.08333080419490545,0.03115,0.0,0.0,0.03115,0.0438999999999999,0.0438999999999999,0.0175,0.08333080419490545,0.08303560314617899,0.06999040209745262,0.04359040209745273,521.8080419490545,391.35603146179085,260.90402097452727,391.35603146179085,0.7827120629235818,False,21658.70124249164,19649.061049635045,2009.6401928565938,2009.6401928565938,0.0,True,1.0,87748.15011960031,87748.15011960031,0.032504501794667476,696.4825379379682,667.6886460545168,28.793891883451465,28.793891883451465,0.0,1538.5773986073054,0.09698621923200619,30656.045604988278,fiscal_dominance
2041Q4,2041-12-31,2041,4,2042,64584.55573404224,30191.66455237581,0.017189212325988024,0.05495933695345423,0.05680514587734642,344.6291974501222,1404.6739703128562,184.4477521325261,807.1573496331159,293.5316255578862,98.98739998218964,20.54984300713887,5.987900480119798,151.92479439749934,0.0,1562.5866651904755,1907.2158626405976,0.0,0.0,113730.08167985114,115637.29754249174,1.7904791049222906,0.021344372104643565,0.09677772943891866,0.11812210154356222,115054.53350549711,582.7640369946275,24063.21369427467,57885.16689258944,19310.057061206917,77195.22395379636,11198.534331158817,2597.5615262672577,0.20914615844429085,18.930466371870917,33903.10436005324,43396.06069318177,0.29466986938357725,0.3771781899503193,26035.711377785643,26035.711377785643,0,0.0,0.0,0.0,0.0,0.0,0.0,0.0,0.0,0.0,0.0,0.0,none,2556.745630748227,28592.45700853387,1755.2910682430982,1755.2910682430982,0.0,27791.002446028742,0.2154110468670722,0.5181811771623273,0.1728613500867164,0.0702933619006643,0.0232530639832198,0.04861008432077812,0.054957725945863255,0.03249539490502522,0.7453679039037495,32560.994385035756,0.0,0.03115,0.0438999999999999,0.0438999999999999,0.0175,fiscal_dominance,0.034959336953454226,0.0,0.0523099048125434,0.0834599048125434,0.03115,0.0,0.0,0.03115,0.0438999999999999,0.0438999999999999,0.0175,0.0834599048125434,0.08313242860940745,0.0700549524062716,0.0436549524062717,523.099048125434,392.32428609407555,261.54952406271707,392.32428609407555,0.7846485721881511,False,21806.170388953866,19856.544899548586,1949.62548940528,1949.62548940528,0.0,True,1.0,89697.77560900559,89697.77560900559,0.032502287844701556,713.0524757603248,683.3387190563874,29.713756703937406,29.713756703937406,0.0,1532.872908486538,0.09493742837212504,32188.918513474815,fiscal_dominance
2042Q1,2042-03-31,2042,1,2042,65694.10229503924,30319.82671935733,0.017088232020256333,0.05252445248941795,0.05680514587734553,347.45536630486725,1399.5678990290314,187.39227664416399,794.3555043627501,297.41662499929936,99.5255922554446,20.877900767373085,5.987900480119798,155.75392306726786,0.0,1561.309722576419,1908.7650888812864,0.0,0.0,115637.29754249174,117546.06263137302,1.78929399329427,0.021155954898015538,0.09506544228670089,0.11622139718471641,116963.29859437839,582.7640369946275,24440.831664672332,58793.54428206965,19613.08493804662,78406.62922011627,11477.513302520556,2638.32440706923,0.20896154570188424,18.98947734328202,34112.560911174514,43643.86613068364,0.29165183712435133,0.37314154658067494,26661.814871200164,26661.814871200164,0,0.0,0.0,0.0,0.0,0.0,0.0,0.0,0.0,0.0,0.0,0.0,none,2597.5615262672577,29259.376397467422,1753.0111658140186,1753.0111658140186,0.0,28414.826037014183,0.2154110468670722,0.5181811771623273,0.1728613500867164,0.0702933619006643,0.0232530639832198,0.04755907811468209,0.054007132845791554,0.03242180166778713,0.7685507785846972,34122.30410761217,-1.4551915228366852e-11,0.03115,0.0438999999999999,0.0438999999999999,0.0175,fiscal_dominance,0.032524452489417946,0.0,0.050548291773335155,0.08169829177333515,0.03115,0.0,0.0,0.03115,0.0438999999999999,0.0438999999999999,0.0175,0.08169829177333515,0.08181121883000127,0.06917414588666748,0.04277414588666758,505.48291773335154,379.1121883000137,252.74145886667586,379.1121883000137,0.7582243766000274,False,21544.813758113305,20446.631690333532,1098.1820677797732,1098.1820677797732,0.0,True,1.0,90795.95767678536,90795.95767678536,0.03248318942076184,728.8457304683376,698.521427555131,30.324302913206566,30.324302913206566,0.0,1530.9854196632125,0.09321904805319621,33719.903933138026,fiscal_dominance
2042Q2,2042-06-30,2042,2,2042,66822.71058924825,30448.53292858657,0.017088232020256333,0.05252445248941706,0.05667797807831465,350.3047114617209,1392.0202837980341,190.3329765886358,780.4693537427017,301.1210977757245,98.89132326915302,21.205532421818937,5.987900480119798,159.2839828867659,0.0,1557.2921671649199,1907.5968786266408,0.0,0.0,117546.06263137302,119453.65950999966,1.7876206824992178,0.020969200942176972,0.09321933536862467,0.11418853631080164,118870.89547300503,582.7640369946275,24817.437575794862,59699.48711643221,19915.300665578234,79614.78778201045,11759.692076503161,2678.9780386965576,0.20877639961441002,18.987184427637043,34306.49915755621,43910.81467517365,0.28860301776179553,0.3693992082792509,26934.29772212093,26934.297722120933,0,0.0,0.0,0.0,0.0,0.0,0.0,0.0,0.0,0.0,0.0,0.0,none,2638.32440706923,29572.622129190164,1748.3128957398749,1748.3128957398749,0.0,28682.610617860806,0.2154110468670722,0.5181811771623273,0.1728613500867164,0.0702933619006643,0.0232530639832198,0.04654928316594725,0.05299342682531602,0.03248598992123336,0.7900635535174758,35679.59627477709,0.0,0.03115,0.0438999999999999,0.0438999999999999,0.0175,fiscal_dominance,0.03252445248941706,0.0,0.04966748525373037,0.08081748525373036,0.03115,0.0,0.0,0.03115,0.0438999999999999,0.0438999999999999,0.0175,0.08081748525373036,0.08115061394029767,0.06873374262686507,0.042333742626865185,496.67485253730365,372.50613940297774,248.33742626865177,372.50613940297774,0.7450122788059554,False,21368.897098516372,20572.95308746954,795.9440110468313,795.9440110468313,0.0,True,1.0,91591.90168783219,91591.90168783219,0.03248384279300652,737.3355729636235,707.073520407966,30.26205255565742,30.26205255565742,0.0,1527.0301146092625,0.09140785227918971,35246.93404774729,fiscal_dominance
2042Q3,2042-09-30,2042,3,2042,67970.70809249219,30577.785489496757,0.017088232020256333,0.05252445248941906,0.05667797807831465,353.1774229804449,1384.6954849011277,193.2657951215025,766.0500514118502,304.7279956209185,99.11935676083245,21.532285986023577,5.987900480119798,163.20003663650851,0.0,1553.883422017756,1907.0608449982008,0.0,0.0,119453.65950999966,121360.72035499786,1.7854855975585011,0.020784095554800062,0.09144429802927961,0.11222839358407968,120777.95631800323,582.7640369946275,25193.084458114514,60603.12296291633,20216.746799274944,80819.86976219127,12045.473952046224,2719.528145651222,0.20859008734824253,18.987703155401842,34571.55612591808,44265.56653225131,0.2862406119448871,0.3665036889322912,27364.43595887087,27364.43595887087,0,0.0,0.0,0.0,0.0,0.0,0.0,0.0,0.0,0.0,0.0,0.0,none,2678.9780386965576,30043.413997567426,1743.8608083616923,1743.8608083616923,0.0,29108.29676723256,0.2154110468670722,0.5181811771623273,0.1728613500867164,0.0702933619006643,0.0232530639832198,0.04554344979441823,0.05203301191078798,0.032411827244092084,0.8113162147262868,37233.47969679485,0.0,0.03115,0.0438999999999999,0.0438999999999999,0.0175,fiscal_dominance,0.032524452489419056,0.0,0.04922708199392947,0.08037708199392947,0.03115,0.0,0.0,0.03115,0.0438999999999999,0.0438999999999999,0.0175,0.08037708199392947,0.080820311495447,0.06851354099696463,0.04211354099696474,492.2708199392947,369.20311495447095,246.13540996964736,369.20311495447106,0.7384062299089421,False,21493.747674962844,20751.80607865842,741.941596304423,741.941596304423,0.0,True,1.0,92333.84328413662,92333.84328413662,0.03246707879854917,743.8142338850123,713.2719343939932,30.542299491019094,30.542299491019094,0.0,1523.3411225267369,0.08964691793140227,36770.27517027402,fiscal_dominance
2042Q4,2042-12-31,2042,4,2043,69138.42790654681,30707.586721324555,0.017088232020256333,0.05252445248941795,0.05667797807831354,368.108227336267,1376.506673249491,196.19114521756677,751.906967508173,308.2540352007935,98.2963178522871,21.85820747067169,6.009754131507097,167.16609393250155,0.0,1549.6825213134998,1917.7907486497668,0.0,0.0,121360.72035499786,123278.51110364763,1.7830678948945875,0.021296881545170936,0.0896567982950482,0.11095367984021913,122695.747066653,582.7640369946275,25570.188347658466,61510.26370726711,20519.362140584468,82029.62584785158,12335.697338384987,2760.2355327579644,0.20840321656599692,18.89401384625696,35106.38232367272,44645.85512645046,0.2861255028228615,0.36387451231049706,27417.07592809717,27417.075928097172,0,0.0,0.0,0.0,0.0,0.0,0.0,0.0,0.0,0.0,0.0,0.0,none,2719.528145651222,30136.604073748393,1750.6246547172652,1750.6246547172652,0.0,29167.70058281444,0.2154110468670722,0.5181811771623273,0.1728613500867164,0.0702933619006643,0.0232530639832198,0.044698314566126336,0.051076905831819445,0.032346120148075364,0.8292908163009233,38783.16221810835,0.0,0.03115,0.0438999999999999,0.0438999999999999,0.0175,fiscal_dominance,0.032524452489417946,0.0,0.0490068803640282,0.0801568803640282,0.03115,0.0,0.0,0.03115,0.0438999999999999,0.0438999999999999,0.0175,0.0801568803640282,0.08065516027302105,0.068403440182014,0.0420034401820141,490.068803640282,367.5516027302116,245.034401820141,367.55160273021147,0.735103205460423,False,21441.270194336743,20632.532525181807,808.7376691549362,808.7376691549362,0.0,True,1.0,93142.58095329156,93142.58095329156,0.03243923431452685,749.4525414197384,719.0498045752139,30.402736844524497,30.402736844524497,0.0,1519.2797844689753,0.08789784960239819,38289.554954743,fiscal_dominance
2043Q1,2043-03-31,2043,1,2043,70369.0941949645,30837.418255642995,0.01701953976476145,0.05516540834182937,0.05667797807831554,371.12693850459084,1372.4221300596112,199.1278417573903,740.7892245129227,311.7764429018992,98.54322779285778,22.185393094542132,6.009754131507097,171.19379014896617,0.0,1549.6256743400845,1920.7526128446752,0.0,0.0,123278.51110364763,125199.2637164923,1.7791796974054463,0.021096019083397442,0.08808558314232064,0.10918160222571807,124616.49967949768,582.7640369946275,25947.06264521087,62416.8521575263,20821.793240731775,83238.64539825807,12629.873500024214,2800.9181360045145,0.20821530625514567,18.854113727777204,35522.75122990724,45025.69642499163,0.2850565641088342,0.3613140839358643,28006.28183437943,28006.281834379428,0,0.0,0.0,0.0,0.0,0.0,0.0,0.0,0.0,0.0,0.0,0.0,none,2760.2355327579644,30766.517367137392,1749.5588226957093,1749.5588226957093,0.0,29755.840657075136,0.2154110468670722,0.5181811771623273,0.1728613500867164,0.0702933619006643,0.0232530639832198,0.04382212740151649,0.05028047988143599,0.032266221045591084,0.8483856213576578,40332.78789244844,0.0,0.03115,0.0438999999999999,0.0438999999999999,0.0175,fiscal_dominance,0.035165408341829366,0.0,0.05087749643838613,0.08202749643838612,0.03115,0.0,0.0,0.03115,0.0438999999999999,0.0438999999999999,0.0175,0.08202749643838612,0.08205812232878949,0.06933874821919296,0.042938748219193065,508.7749643838613,381.58122328789597,254.38748219193064,381.58122328789597,0.7631624465757919,False,22708.54015577288,20932.840993515376,1775.6991622575042,1775.6991622575042,0.0,True,1.0,94918.28011554906,94918.28011554906,0.032397842089969826,755.3685020509027,725.347849173758,30.0206528771447,30.0206528771447,0.0,1519.60502146294,0.0863791150843991,39809.15997620594,fiscal_dominance
2043Q2,2043-06-30,2043,2,2043,71621.66638375203,30967.798717086724,0.01701953976476145,0.05516540834182937,0.05626477673819319,374.170404939005,1366.5660740102965,202.06275034957966,729.1519761556318,315.27493915870286,97.56402882824663,22.51237951813628,6.009754131507097,174.02433370663965,0.0,1546.6001618484433,1920.7705667874484,0.0,0.0,125199.2637164923,127120.03428327975,1.7748823882729148,0.020897051064642007,0.08637610599908088,0.1072731570637229,126537.27024628512,582.7640369946275,26323.331079889922,63321.98317678797,21123.73815284101,84445.72132962898,12926.682498841421,2841.535337924791,0.2080282831189234,18.759308714583348,35973.15223868192,45411.277304224466,0.28428898591431423,0.35887669471483363,28255.127760923922,28255.127760923922,0,0.0,0.0,0.0,0.0,0.0,0.0,0.0,0.0,0.0,0.0,0.0,none,2800.9181360045145,31056.045896928437,1746.7462330808087,1746.7462330808087,0.0,30001.87399400473,0.2154110468670722,0.5181811771623273,0.1728613500867164,0.0702933619006643,0.0232530639832198,0.04299372411242773,0.049412436333512146,0.0323351472380253,0.8659065583530933,41879.388054296884,-1.4551915228366852e-11,0.03115,0.0438999999999999,0.0438999999999999,0.0175,fiscal_dominance,0.035165408341829366,0.0,0.05181280447556509,0.08296280447556509,0.03115,0.0,0.0,0.03115,0.0438999999999999,0.0438999999999999,0.0175,0.08296280447556509,0.08275960335667372,0.06980640223778245,0.04340640223778255,518.1280447556509,388.59603356673824,259.06402237782555,388.59603356673824,0.7771920671334764,False,23317.218467278624,21194.76835790789,2122.450109370733,2122.450109370733,0.0,True,1.0,97040.7302249198,97040.7302249198,0.032382777595337774,768.7868626587704,739.1761063998383,29.610756258932042,29.610756258932042,0.0,1516.9894055895113,0.08472237423024566,41326.149381795454,fiscal_dominance
2043Q3,2043-09-30,2043,3,2043,72896.53439865576,31098.73042651709,0.017019539764762337,0.05516540834182937,0.05626477673819319,377.2388296477356,1361.404300584894,204.99294078464277,717.181882057534,318.74301462860427,97.64762283554326,22.8388402785705,6.009754131507097,178.1140016084758,0.0,1545.5280563248768,1922.7668859726125,0.0,0.0,127120.03428327975,129042.80116925236,1.7702186013884353,0.020699959621383157,0.08480666846918732,0.10550662809057047,128460.03713225773,582.7640369946275,26699.148584130457,64226.02946214744,21425.321205864875,85651.35066801231,13227.434017041536,2882.103863073419,0.2078401126152719,18.692745030789865,36440.36120144335,45754.47493623965,0.28367079766546927,0.35617672201925743,28762.170912998638,28762.170912998634,0,0.0,0.0,0.0,0.0,0.0,0.0,0.0,0.0,0.0,0.0,0.0,none,2841.535337924791,31603.706250923424,1744.6528843641368,1744.6528843641368,0.0,30506.82379736277,0.2154110468670722,0.5181811771623273,0.1728613500867164,0.0702933619006643,0.0232530639832198,0.04213610137927901,0.04863208431428694,0.03228165349493122,0.883902709551532,43424.91611062176,0.0,0.03115,0.0438999999999999,0.0438999999999999,0.0175,fiscal_dominance,0.035165408341829366,0.0,0.052280458494154566,0.08343045849415456,0.03115,0.0,0.0,0.03115,0.0438999999999999,0.0438999999999999,0.0175,0.08343045849415456,0.08311034387061582,0.07004022924707717,0.043640229247077285,522.8045849415456,392.10343870615924,261.40229247077275,392.10343870615924,0.7842068774123184,False,23923.661029897663,21727.395776615882,2196.265253281781,2196.265253281781,0.0,True,1.0,99236.99547820157,99236.99547820157,0.032358398998541066,785.6120961406875,755.7046866265629,29.90740951412465,29.90740951412465,0.0,1515.620646810752,0.08316558032908082,42841.7700286062,fiscal_dominance
2043Q4,2043-12-31,2043,4,2044,74194.09510611308,31230.21571460801,0.01701953976476145,0.05516540834182848,0.05626477673819319,399.49652748727436,1354.5123933879386,207.91961959891594,704.8806733470666,322.08210123499504,96.46508940750839,23.1649097994526,6.019952502154488,182.2579926441686,0.0,1542.7903385342615,1942.2868660215358,0.0,0.0,129042.80116925236,130985.0880352739,1.7654381773635466,0.021537914946784417,0.08317590969080484,0.10471382463758924,130402.32399827927,582.7640369946275,27078.27824626095,65138.0432955938,21729.56217310849,86867.6054687023,13533.410356237646,2923.029927078377,0.20765180723786994,18.594927682284986,36665.91096126218,46319.11241276053,0.28117528765626915,0.35520158684726916,29078.122773053758,29078.122773053758,0,0.0,0.0,0.0,0.0,0.0,0.0,0.0,0.0,0.0,0.0,0.0,none,2882.103863073419,31960.226636127176,1760.0288733773673,1760.0288733773673,0.0,30838.151646431124,0.2154110468670722,0.5181811771623273,0.1728613500867164,0.0702933619006643,0.0232530639832198,0.042018470381656674,0.04782259295536339,0.03232327333169622,0.8870632300042757,44967.706449156016,1.4551915228366852e-11,0.03115,0.0438999999999999,0.0438999999999999,0.0175,fiscal_dominance,0.03516540834182848,0.0,0.05251428550344864,0.08366428550344863,0.03115,0.0,0.0,0.03115,0.0438999999999999,0.0438999999999999,0.0175,0.08366428550344863,0.08328571412758637,0.07015714275172422,0.04375714275172432,525.1428550344864,393.8571412758647,262.5714275172432,393.85714127586476,0.7877142825517295,False,24291.65249938993,22128.635822335524,2163.0166770544056,2163.0166770544056,0.0,True,1.0,101400.01215525597,101400.01215525597,0.032349984201790374,802.7875737750155,772.8081022864948,29.979471488520744,29.979471488520744,0.0,1512.810867045741,0.08155963705101356,44354.58089565195,fiscal_dominance
2044Q1,2044-03-31,2044,1,2044,75471.44925250394,31360.93155843563,0.016847634395924738,0.05292516736733344,0.05626477673819319,402.7726417919155,1371.1369860488744,210.87209184275716,714.8900251691406,325.4650415520438,96.41597444604062,23.493853038892453,6.019952502154488,186.4739753742013,0.0,1563.63091392523,1966.4035557171455,0.0,0.0,130985.0880352739,132951.49159099103,1.7616130723311911,0.021347020404728884,0.08287271170287501,0.1042197321076039,132368.7275539964,582.7640369946275,27461.694740512292,66060.36930080196,22037.243203425856,88097.61250422781,13845.001565760584,2964.418743495717,0.20746361506957905,18.525507947752622,37014.32155107939,46979.317001965086,0.2796304099544989,0.3549125074334577,29559.85270342609,29559.85270342609,0,0.0,0.0,0.0,0.0,0.0,0.0,0.0,0.0,0.0,0.0,0.0,none,2923.029927078377,32482.882630504468,1779.9295803429443,1779.9295803429443,0.0,31339.782283769036,0.2154110468670722,0.5181811771623273,0.1728613500867164,0.0702933619006643,0.0232530639832198,0.0418642012662862,0.04774989084266291,0.03220422380592779,0.8914506146562988,46531.33736308125,-2.9103830456733704e-11,0.03115,0.0438999999999999,0.0438999999999999,0.0175,fiscal_dominance,0.03292516736733343,0.0,0.0509510182772244,0.0821010182772244,0.03115,0.0,0.0,0.03115,0.0438999999999999,0.0438999999999999,0.0175,0.0821010182772244,0.08211326370791819,0.0693755091386121,0.0429755091386122,509.510182772244,382.1326370791829,254.755091386122,382.132637079183,0.764265274158366,False,23951.907299168244,22644.090328754446,1307.8169704137981,1307.8169704137981,0.0,True,1.0,102707.82912566977,102707.82912566977,0.03231599225084261,820.0721978209707,789.6525946590559,30.41960316191478,30.41960316191478,0.0,1533.2113107633154,0.08126046741907225,45887.79220641526,fiscal_dominance
2044Q2,2044-06-30,2044,2,2044,76770.79482035451,31492.19452086094,0.01684763439592385,0.05292516736733344,0.05705127569836388,406.07562222479197,1386.6877134107506,213.8579477917395,725.0125530762999,328.8948020312011,95.09589486066359,23.82651565084682,6.019952502154488,193.37936732259567,0.0,1586.0870332355007,1992.1626554602926,0.0,0.0,132951.49159099103,134943.65424645133,1.7577472600384392,0.021157817796469015,0.08264012568565858,0.10379794348212759,134360.8902094567,582.7640369946275,27849.172531697026,66992.46494250906,22348.18331112676,89340.64825363582,14164.823457737111,3006.24596638673,0.20727142018992759,18.4123130002687,37338.25601242202,47638.37838607659,0.2778952711180686,0.35455539414641113,29841.154954183923,29841.154954183923,0,0.0,0.0,0.0,0.0,0.0,0.0,0.0,0.0,0.0,0.0,0.0,none,2964.418743495717,32805.57369767964,1798.783288137697,1798.783288137697,0.0,31639.93824232162,0.2154110468670722,0.5181811771623273,0.1728613500867164,0.0702933619006643,0.0232530639832198,0.041747182110285046,0.04771927006625554,0.03228860658897714,0.8945724636861774,48117.424396316754,0.0,0.03115,0.0438999999999999,0.0438999999999999,0.0175,fiscal_dominance,0.03292516736733343,0.0,0.050169384664112276,0.08131938466411227,0.03115,0.0,0.0,0.03115,0.0438999999999999,0.0438999999999999,0.0175,0.08131938466411227,0.0815270384980841,0.06898469233205604,0.04258469233205614,501.6938466411228,376.270384980842,250.8469233205614,376.2703849808421,0.7525407699616842,False,23810.34348641685,22811.104028627808,999.2394577890409,999.2394577890409,0.0,True,1.0,103707.06858345881,103707.06858345881,0.03230970471398976,829.7763525315029,799.8372193161533,29.939133215349557,29.939133215349557,0.0,1556.1479000201512,0.08108020262974087,47443.94010643541,fiscal_dominance
2044Q3,2044-09-30,2044,3,2044,78092.51042245535,31624.006891879962,0.016847634395925626,0.05292516736733344,0.05705127569836388,409.40568910448235,1403.6048078999843,216.8754310905906,735.2423027440356,332.3940381020526,94.93033400847253,24.162701954833334,6.019952502154488,197.8464636123706,0.0,1607.4712240145093,2016.8769131189915,0.0,0.0,134943.65424645133,136960.53115957032,1.7538241557181082,0.0209702921260812,0.08233676778060314,0.10330705990668435,136377.7671225757,582.7640369946275,28241.011785108327,67935.05228212853,22662.623370477322,90597.67565260585,14490.53568704498,3048.5439978165314,0.20707929438179934,18.33338784262773,37605.985787420235,48177.6055134966,0.27574865449747504,0.3532658330605662,30382.646795710407,30382.646795710407,0,0.0,0.0,0.0,0.0,0.0,0.0,0.0,0.0,0.0,0.0,0.0,none,3006.24596638673,33388.89276209714,1819.0304495066212,1819.0304495066212,0.0,32201.677245217026,0.2154110468670722,0.5181811771623273,0.1728613500867164,0.0702933619006643,0.0232530639832198,0.04159056658524716,0.04764866441451897,0.03223761751240812,0.8984872420716459,49724.89562033126,0.0,0.03115,0.0438999999999999,0.0438999999999999,0.0175,fiscal_dominance,0.03292516736733343,0.0,0.049778567857556216,0.08092856785755621,0.03115,0.0,0.0,0.03115,0.0438999999999999,0.0438999999999999,0.0175,0.08092856785755621,0.08123392589316705,0.068789283928778,0.04238928392877811,497.78567857556214,373.33925893167157,248.89283928778107,373.3392589316716,0.7466785178633433,False,24044.300638172397,23104.170873817977,940.1297643544203,940.1297643544203,0.0,True,1.0,104647.19834781323,104647.19834781323,0.032293141572554925,837.6861906712595,807.6187965936855,30.067394077574022,30.067394077574022,0.0,1577.4038299369354,0.08079667673141448,49021.343936372345,fiscal_dominance
2044Q4,2044-12-31,2044,4,2045,79436.98118994065,31756.370971073586,0.01684763439592385,0.05292516736733255,0.05705127569836388,430.56965113041537,1419.2922108408334,219.9268792765311,745.5871987963588,335.9865076452934,93.28895274019942,24.50267238245037,6.028693962709422,202.39583289439048,0.0,1627.7167376979332,2058.2863888283487,0.0,0.0,136960.53115957032,139018.81754839869,1.7500516191066318,0.021681068171555327,0.08196266843554503,0.10364373660710037,138436.05351140405,582.7640369946275,28640.791112632774,68896.73983508683,22983.435117589248,91880.17495267608,14823.388306435661,3091.699139659517,0.2068882374653465,18.175570057290383,38354.902969815055,49808.560557022894,0.27705862740919196,0.35979471599802415,30463.299888607347,30463.29988860735,0,0.0,0.0,0.0,0.0,0.0,0.0,0.0,0.0,0.0,0.0,0.0,none,3048.5439978165314,33511.843886423885,1855.8905559339582,1855.8905559339582,0.0,32319.19044454131,0.2154110468670722,0.5181811771623273,0.1728613500867164,0.0702933619006643,0.0232530639832198,0.04147523273404309,0.04753827176097934,0.03220926325881758,0.9015406194418695,51352.6123580292,0.0,0.03115,0.0438999999999999,0.0438999999999999,0.0175,fiscal_dominance,0.032925167367332545,0.0,0.04958315945427752,0.08073315945427752,0.03115,0.0,0.0,0.03115,0.0438999999999999,0.0438999999999999,0.0175,0.08073315945427752,0.08108736959070803,0.06869157972713866,0.04229157972713876,495.8315945427752,371.87369590708136,247.9157972713876,371.8736959070814,0.7437473918141628,False,24037.313598672812,23027.9533756674,1009.360223005413,1009.360223005413,0.0,True,1.0,105656.55857081864,105656.55857081864,0.032274058901694685,844.8466978542921,814.9400571335956,29.906640720696487,29.906640720696487,0.0,1597.8100969772368,0.08045673806041222,50619.15403334958,fiscal_dominance
2045Q1,2045-03-31,2045,1,2045,80822.3823534012,31884.47140650104,0.01623329428827147,0.054489465960201544,0.05705127569836388,434.1005839324724,1436.6984569151316,223.04016078962775,756.1417196900763,339.6312599833784,93.03578461703636,24.84953183501337,6.028693962709422,207.0449352179771,0.0,1649.7720860958182,2083.8726700282905,0.0,0.0,139018.81754839869,141102.69021842696,1.7458368104202389,0.021484176600206555,0.08164926784177584,0.1031334444419824,140519.92618143233,582.7640369946275,29045.08053977742,69869.27664004175,23307.86609370876,93177.1427337505,15162.361772841872,3135.341135062543,0.20669723738878043,18.07432483223022,39079.62154872703,51415.248263510744,0.2781073304740381,0.3658929353344944,31094.320354036383,31094.320354036383,0,0.0,0.0,0.0,0.0,0.0,0.0,0.0,0.0,0.0,0.0,0.0,none,3091.699139659517,34186.0194936959,1876.8277348103134,1876.8277348103134,0.0,32971.1480888467,0.2154110468670722,0.5181811771623273,0.1728613500867164,0.0702933619006643,0.0232530639832198,0.04132035469217464,0.04746902945053345,0.032128066752802865,0.9059039734735492,53002.38444412502,-2.9103830456733704e-11,0.03115,0.0438999999999999,0.0438999999999999,0.0175,fiscal_dominance,0.03448946596020154,0.0,0.05065867919728992,0.08180867919728992,0.03115,0.0,0.0,0.03115,0.0438999999999999,0.0438999999999999,0.0175,0.08180867919728992,0.08189400939796734,0.06922933959864486,0.04282933959864496,506.58679197289916,379.9400939796745,253.29339598644958,379.9400939796744,0.7598801879593488,False,25054.12220698835,23379.736731886715,1674.385475101637,1674.385475101637,0.0,True,1.0,107330.94404592027,107330.94404592027,0.0322399801448915,852.4914986662388,822.8004498702502,29.69104879598865,29.69104879598865,0.0,1620.0810372998294,0.08017982099146338,52239.23507064941,fiscal_dominance
2045Q2,2045-06-30,2045,2,2045,82231.94526564635,32013.088579863437,0.01623329428827147,0.054489465960201544,0.05607658331448184,437.6604725293001,1452.8199081359348,226.18856470351668,766.8153111244565,343.336605142348,91.2791227925479,25.20030437306519,6.028693962709422,208.2342331834252,0.0,1667.0828352820695,2104.7433078113695,0.0,0.0,141102.69021842696,143207.43352623834,1.7415060906514324,0.02128907305380939,0.08109173776184612,0.1023808108156555,142624.6694892437,582.7640369946275,29453.609544935927,70852.01194483148,23635.699212800653,94487.71115763213,15503.908004756013,3179.4407819196235,0.20651132549798634,17.923614076495443,39834.08241016583,53119.380629335945,0.2792930742824262,0.37244174391122453,31357.62202729514,31357.62202729514,0,0.0,0.0,0.0,0.0,0.0,0.0,0.0,0.0,0.0,0.0,0.0,none,3135.341135062543,34492.963162357686,1896.5090746279443,1896.5090746279443,0.0,33254.131101923085,0.2154110468670722,0.5181811771623273,0.1728613500867164,0.0702933619006643,0.0232530639832198,0.041203085853992696,0.04725871158661611,0.032212620502864935,0.9089330009386718,54669.46727940709,0.0,0.03115,0.0438999999999999,0.0438999999999999,0.0175,fiscal_dominance,0.03448946596020154,0.0,0.05119643906879612,0.08234643906879612,0.03115,0.0,0.0,0.03115,0.0438999999999999,0.0438999999999999,0.0175,0.08234643906879612,0.08229732930159699,0.06949821953439796,0.04309821953439806,511.96439068796116,383.9732930159709,255.98219534398058,383.9732930159709,0.7679465860319418,False,25537.396451180448,23597.90341514907,1939.4930360313774,1939.4930360313774,0.0,True,1.0,109270.43708195165,109270.43708195165,0.032233585972379214,865.0868762432326,835.8397267576041,29.247149485628483,29.247149485628483,0.0,1637.8356857964409,0.0796690716974038,53877.07075644585,fiscal_dominance
2045Q3,2045-09-30,2045,3,2045,83666.09131372247,32142.224575604054,0.01623329428827036,0.054489465960201544,0.05607658331448273,441.24955437601255,1470.374904817295,229.36998433118856,777.6008310945239,347.0006206302154,90.84871347668711,25.554755284678976,6.028693962709422,212.9249020096216,0.0,1689.3285007896259,2130.5780551656385,0.0,0.0,143207.43352623834,145338.01158140396,1.7371196538443572,0.021095741294831643,0.08076526460188782,0.10186100589671947,144755.24754440933,582.7640369946275,29866.693218185206,71845.70371312293,23967.18732585325,95812.89103897617,15851.631193860376,3224.032093387584,0.2063254612515683,17.787891379260138,40524.930871752775,54801.21219784277,0.2799548310628267,0.37857841513503926,31864.396299766013,31864.396299766013,0,0.0,0.0,0.0,0.0,0.0,0.0,0.0,0.0,0.0,0.0,0.0,none,3179.4407819196235,35043.83708168563,1917.653153156017,1917.653153156017,0.0,33782.04945292203,0.2154110468670722,0.5181811771623273,0.1728613500867164,0.0702933619006643,0.0232530639832198,0.041055797582485516,0.04718549754556166,0.032161844288677265,0.91245682992977,56358.79578019671,-2.9103830456733704e-11,0.03115,0.0438999999999999,0.0438999999999999,0.0175,fiscal_dominance,0.03448946596020154,0.0,0.05146531900454922,0.08261531900454921,0.03115,0.0,0.0,0.03115,0.0438999999999999,0.0438999999999999,0.0175,0.08261531900454921,0.08249898925341181,0.06963265950227451,0.04323265950227461,514.6531900454921,385.9898925341192,257.3265950227462,385.9898925341192,0.7719797850682384,False,26079.05927583135,24053.266255233793,2025.7930205975572,2025.7930205975572,0.0,True,1.0,111296.2301025492,111296.2301025492,0.03221677537942304,880.5445069801356,850.9435287756985,29.60097820443707,29.60097820443707,0.0,1659.7275225851888,0.0793500686609926,55536.79827903104,fiscal_dominance
2045Q4,2045-12-31,2045,4,2046,85125.24923377328,32271.88148657454,0.01623329428827236,0.054489465960201544,0.05607658331448184,462.00030881330326,1486.9690516168603,232.5868734366173,788.5065982515224,350.75704973515457,89.20537224296292,25.913157950602702,6.044719973726774,217.700402866809,0.0,1710.714174457396,2172.714483270699,0.0,0.0,145338.01158140396,147510.72606467467,1.7328668919321069,0.021709202050947087,0.08038574640806682,0.1020949484590139,146927.96202768004,582.7640369946275,30287.824847884876,72858.75521067555,24305.133699230406,97163.88890990595,16206.756109001908,3269.492160887311,0.2061406449112722,17.703058142238667,41829.90281765296,56364.55685115239,0.284696678837569,0.3836203543103236,32443.957787166364,32443.957787166364,0,0.0,0.0,0.0,0.0,0.0,0.0,0.0,0.0,0.0,0.0,0.0,none,3224.032093387584,35667.98988055395,1955.0140804038904,1955.0140804038904,0.0,34398.97186757025,0.2154110468670722,0.5181811771623273,0.1728613500867164,0.0702933619006643,0.0232530639832198,0.04088467121293668,0.04708236079036277,0.032147932776141044,0.9168302210091421,58069.50995465411,0.0,0.03115,0.0438999999999999,0.0438999999999999,0.0175,fiscal_dominance,0.03448946596020154,0.0,0.05159975897242576,0.08274975897242576,0.03115,0.0,0.0,0.03115,0.0438999999999999,0.0438999999999999,0.0175,0.08274975897242576,0.08259981922931922,0.06969987948621278,0.04329987948621288,515.9975897242576,386.99819229319326,257.9987948621289,386.99819229319326,0.7739963845863865,False,26624.6798589882,24575.92238730976,2048.7574716784366,2048.7574716784366,0.0,True,1.0,113344.98757422765,113344.98757422765,0.032200604286970955,896.4014114476021,866.719391923602,29.68201952400011,29.68201952400011,0.0,1681.0321549333958,0.07899100067557627,57217.83043396444,fiscal_dominance
2046Q1,2046-03-31,2046,1,2046,86590.50754563458,32400.426276002614,0.01602817697257164,0.05376022781086065,0.05607658331448073,465.7889921091802,1502.9472687023356,235.86643600290347,799.6248384371622,354.67383553532505,86.50361548381268,26.27854324313176,6.044719973726774,222.57755627448103,0.0,1731.5695449505433,2197.3585370597234,0.0,0.0,147510.72606467467,149708.0846017344,1.7289202805842874,0.021516861619673585,0.07998888534233287,0.10150574696200644,149125.32056473976,582.7640369946275,30713.21448628901,73882.04954393662,24646.49700569451,98528.54654963114,16568.147659433274,3315.411869386356,0.20595573152820473,17.665913515608807,43136.34336159131,57944.87476066357,0.28926236804208266,0.3885649636240545,33073.99950432869,33073.99950432869,0,0.0,0.0,0.0,0.0,0.0,0.0,0.0,0.0,0.0,0.0,0.0,none,3269.492160887311,36343.491665216,1974.7809807852427,1974.7809807852427,0.0,35048.78048511394,0.2154110468670722,0.5181811771623273,0.1728613500867164,0.0702933619006643,0.0232530639832198,0.040683537608296454,0.04695440368699299,0.03207849699033364,0.9223249673077345,59801.07949960465,0.0,0.03115,0.0438999999999999,0.0438999999999999,0.0175,fiscal_dominance,0.033760227810860646,0.0,0.05112005034435836,0.08227005034435836,0.03115,0.0,0.0,0.03115,0.0438999999999999,0.0438999999999999,0.0175,0.08227005034435836,0.08224003775826867,0.06946002517217909,0.04306002517217918,511.2005034435836,383.4003775826877,255.60025172179186,383.4003775826877,0.7668007551653755,False,26875.431343610842,25138.400699837508,1737.0306437733343,1737.0306437733343,0.0,True,1.0,115082.01821800099,115082.01821800099,0.03217208822235768,912.4442731973361,882.6740907342978,29.77018246303828,29.77018246303828,0.0,1701.799362487505,0.07861366843660685,58919.62979645194,fiscal_dominance
2046Q2,2046-06-30,2046,2,2046,88080.98730400913,32529.483082769868,0.01602817697257164,0.05376022781085976,0.05713665997545747,469.60874491051555,1517.8747858300414,239.17915781197564,810.8554937447025,358.6704355109937,82.52207586217567,26.647622900192832,6.044719973726774,231.7540139722181,0.0,1755.6735197759863,2225.282264686502,0.0,0.0,149708.0846017344,151933.3668664209,1.7249280635561794,0.02132622529716538,0.0797299655016957,0.10105619079886109,151350.60282942627,582.7640369946275,31142.642493734456,74915.05835959809,24991.100990548995,99906.15935014708,16940.033476192155,3361.767509352572,0.20576490553415597,17.58188189761938,44516.45438337509,59696.56056509747,0.2941280282414574,0.394425654401761,33374.73049345485,33374.73049345485,0,0.0,0.0,0.0,0.0,0.0,0.0,0.0,0.0,0.0,0.0,0.0,none,3315.411869386356,36690.14236284121,1993.5282507142838,1993.5282507142838,0.0,35368.258744169136,0.2154110468670722,0.5181811771623273,0.1728613500867164,0.0702933619006643,0.0232530639832198,0.04050780201471969,0.046909250744783,0.032130490938079494,0.9267287082634642,61556.75301938064,0.0,0.03115,0.0438999999999999,0.0438999999999999,0.0175,fiscal_dominance,0.03376022781085976,0.0,0.050880196030323996,0.08203019603032399,0.03115,0.0,0.0,0.03115,0.0438999999999999,0.0438999999999999,0.0175,0.08203019603032399,0.08206014702274289,0.06934009801516189,0.042940098015162,508.80196030324,381.60147022742996,254.4009801516199,381.60147022742996,0.7632029404548599,False,26993.159072318194,25377.046875705557,1616.1121966126375,1616.1121966126375,0.0,True,1.0,116698.13041461362,116698.13041461362,0.032162466456289035,925.6072107291254,896.2012168726827,29.405993856442706,29.405993856442706,0.0,1726.2675259195435,0.07839455840618036,60645.897322371486,fiscal_dominance
2046Q3,2046-09-30,2046,3,2046,89597.12264488456,32659.05394633475,0.016028176972572528,0.05376022781086176,0.05713665997545747,473.45982200613537,1533.814964419789,242.5233284199571,822.1927654965872,362.7090491691418,79.36961497768134,27.02020635642129,6.044719973726774,236.9559250454897,0.0,1776.8156094390056,2250.275431445141,0.0,0.0,151933.3668664209,154183.64229786606,1.7208548416110212,0.02113727798526204,0.07932467280144072,0.10046195078670275,153600.87826087142,582.7640369946275,31576.3337562859,75958.32263142813,25339.126118581156,101297.4487500093,17318.51239792266,3408.583356653547,0.2055739141195374,17.49920809623001,45942.376868595355,61437.864830292274,0.2991023058511951,0.3999838121104225,33832.06040875614,33832.060408756144,0,0.0,0.0,0.0,0.0,0.0,0.0,0.0,0.0,0.0,0.0,0.0,none,3361.767509352572,37193.82791810871,2013.3195063996513,2013.3195063996513,0.0,35845.3799151558,0.2154110468670722,0.5181811771623273,0.1728613500867164,0.0702933619006643,0.0232530639832198,0.040331026128529714,0.04677881221446698,0.03212260451743958,0.9311804962065476,63333.568628819645,2.9103830456733704e-11,0.03115,0.0438999999999999,0.0438999999999999,0.0175,fiscal_dominance,0.033760227810861757,0.0,0.05076026887330831,0.08191026887330831,0.03115,0.0,0.0,0.03115,0.0438999999999999,0.0438999999999999,0.0175,0.08191026887330831,0.08197020165498113,0.06928013443665405,0.04288013443665416,507.60268873308314,380.70201654981236,253.80134436654157,380.70201654981236,0.7614040330996247,False,27292.81683538791,25703.87775433616,1588.939081051747,1588.939081051747,0.0,True,1.0,118287.06949566538,118287.06949566538,0.032153268962426346,938.3249262429135,908.7866906038037,29.53823563910987,29.53823563910987,0.0,1747.2773737998957,0.07800595921925645,62393.17469617138,fiscal_dominance
