quarter,quarter_end,calendar_year,calendar_quarter,fiscal_year,nominal_gdp_billions_saar,real_gdp_billions_chained_saar,annual_real_gdp_growth_rate,annual_inflation_rate,annual_tips_reference_inflation_rate,primary_deficit_billions,marketable_interest_excluding_tips_inflation_billions,bills_interest_cost_billions,notes_interest_cost_billions,bonds_interest_cost_billions,tips_real_interest_cost_billions,frns_interest_cost_billions,other_public_debt_interest_billions,tips_inflation_compensation_billions,tips_deflation_floor_cost_billions,modeled_debt_interest_cost_billions,modeled_total_deficit_billions,other_financing_adjustment_billions,treasury_debt_management_adjustment_billions,beginning_debt_held_by_public_billions,debt_held_by_public_billions,debt_held_by_public_gdp_ratio,primary_deficit_gdp_ratio_annualized,modeled_interest_gdp_ratio_annualized,modeled_total_deficit_gdp_ratio_annualized,marketable_debt_billions,other_public_debt_billions,bills_outstanding_billions,notes_outstanding_billions,bonds_outstanding_billions,nominal_fixed_rate_debt_outstanding_billions,tips_outstanding_billions,frns_outstanding_billions,bill_share_of_marketable_debt,weighted_average_remaining_maturity_quarters,principal_maturing_next_four_quarters_billions,principal_maturing_next_eight_quarters_billions,share_marketable_debt_maturing_next_four_quarters,share_marketable_debt_maturing_next_eight_quarters,principal_maturing_billions,principal_refinanced_billions,treasury_buyback_operation_count,treasury_buyback_cash_limit_billions,treasury_buyback_face_value_limit_billions,treasury_buyback_cash_spent_billions,treasury_buyback_face_value_retired_billions,treasury_buyback_premium_or_discount_billions,treasury_buyback_unfilled_cash_limit_billions,treasury_buyback_unfilled_face_value_limit_billions,treasury_buyback_weighted_price_per_dollar_face,treasury_buyback_notes_retired_billions,treasury_buyback_bonds_retired_billions,treasury_buyback_financing_issuance_billions,treasury_buyback_financing_instrument,frn_principal_reset_billions,principal_repriced_or_reset_billions,net_new_borrowing_requirement_billions,genuinely_new_borrowing_billions,debt_repayment_billions,gross_treasury_issuance_billions,new_borrowing_bill_share,new_borrowing_note_share,new_borrowing_bond_share,new_borrowing_tips_share,new_borrowing_frn_share,average_effective_marketable_rate_excluding_tips_inflation,average_effective_debt_cost_rate_including_tips_inflation,average_new_issuance_stated_rate,share_marketable_debt_repriced_since_scenario_start,cumulative_modeled_interest_billions,debt_identity_residual_billions,short_issuance_rate,intermediate_issuance_rate,long_issuance_rate,tips_real_issuance_rate,reference_primary_deficit_scaled_billions,automatic_stabilizer_primary_deficit_billions,macro_feedback_output_gap,policy_inflation_gap_to_target,policy_inflation_deviation_from_reference,policy_rate_adjustment,policy_rate_proxy,real_policy_tightening_rate_gap,treasury_premium_basis_points,debt_gdp_ratio_gap_from_reference_percentage_points,debt_gdp_ratio_feedback_signal_percentage_points,debt_yield_feedback_enabled,debt_yield_short_adjustment_basis_points,debt_yield_intermediate_adjustment_basis_points,debt_yield_long_adjustment_basis_points,debt_yield_tips_real_adjustment_basis_points,private_credit_spread_basis_points,raw_short_issuance_rate,raw_intermediate_issuance_rate,raw_long_issuance_rate,rate_bound_binding,private_absorption_market_clearing_enabled,private_absorption_market_clearing_iterations,private_absorption_market_clearing_spread_basis_points,private_absorption_required_capacity_multiple,private_absorption_capacity_multiple_at_clearing_yield,private_absorption_required_yield_gap_basis_points,reference_cash_interest_billions,stress_cash_interest_billions,nominal_incremental_cash_interest_billions,incremental_cash_interest_billions,incremental_cash_interest_gdp_ratio_annualized,interest_income_domestic_demand_fraction,incremental_interest_domestic_demand_billions,incremental_interest_demand_gdp_ratio_annualized,incremental_primary_impulse_gdp_ratio_annualized,supply_inflation_pressure_rate,terminal_debt_target_imposed,scenario
2026Q4,2026-12-31,2026,4,2027,32813.516450759125,24573.2,0.01902398695529306,0.02374108660242924,0.02771554138299126,194.872,253.59837549789904,55.91196830625741,138.7066086465815,45.90202768161394,6.830451248587104,6.247319614859042,4.968063415379199,15.669722733652822,0.0,274.23616164693107,469.1081616469311,5.538,0.0,32215.665354410852,32690.311516057784,0.996245299253854,0.023755088887523573,0.0334296584224318,0.057184747309955375,32107.547479063156,582.7640369946275,6898.743123166559,16595.24376532521,5536.048719487986,22131.292484813195,2332.8104382651377,744.7014328182587,0.21486359640720376,24.387853200968404,10387.998112416512,13383.034954301005,0.32353757692612206,0.416818972642737,7665.516018009889,7665.51601800989,0,0.0,0.0,0.0,0.0,0.0,0.0,0.0,0.0,0.0,0.0,0.0,none,734.0288243174178,8399.544842327308,458.9764389132783,458.9764389132783,0.0,8124.492456923168,0.2154110468670722,0.5181811771623273,0.1728613500867164,0.0702933619006643,0.0232530639832198,0.03242722436592475,0.034050038530013926,0.033830045581091525,0.273207434301952,274.23616164693107,0.0,0.03278,0.04197,0.04197,0.0175,194.872,-0.0,0.0,0.0037410866024292395,0.0,0.0,0.03278,0.0,0.0,0.0,0.0,False,0.0,0.0,0.0,0.0,0.0,0.03278,0.04197,0.04197,False,True,1,0.0,1.0,1.0,0.0,258.56643891327826,258.56643891327826,0.0,0.0,0.0,0.15668784534991487,0.0,0.0,0.0,0.0,False,no_shock_central_capacity
2027Q1,2027-03-31,2027,1,2027,33147.220203151985,24680.599999999995,0.017597408546793147,0.023296209984862815,0.026152401325720165,194.872,260.31127901663695,56.535199894349944,143.40677427048297,46.66884903955689,7.411776979595989,6.288678832651108,4.968063415379199,15.104810271309676,0.0,280.38415270332587,475.2561527033259,5.538,0.0,32690.311516057784,33171.10566876111,1.0007205872909626,0.023515938749092396,0.033835012527133605,0.057350951276226,32588.34163176648,582.7640369946275,6999.057751934678,16836.555216978573,5616.548407941779,22453.103624920353,2380.6501180173027,755.5301368941339,0.21477182947880147,24.49882236532354,10373.608408455488,13198.999951055843,0.31832268501639543,0.40502214258701996,7818.45707685363,7818.4570768536305,0,0.0,0.0,0.0,0.0,0.0,0.0,0.0,0.0,0.0,0.0,0.0,none,744.7014328182587,8563.15850967189,465.6893424320162,465.6893424320162,0.0,8284.146419285647,0.2154110468670722,0.5181811771623273,0.1728613500867164,0.0702933619006643,0.0232530639832198,0.03274957978431627,0.03430792056730308,0.03368771382636251,0.3089280360240285,554.6203143502569,0.0,0.0326399999999999,0.04226,0.04226,0.0175,194.872,-0.0,0.0,0.003296209984862814,0.0,0.0,0.0326399999999999,0.0,0.0,0.0,0.0,False,0.0,0.0,0.0,0.0,0.0,0.0326399999999999,0.04226,0.04226,False,True,1,0.0,1.0,1.0,0.0,265.27934243201616,265.27934243201616,0.0,0.0,0.0,0.15668784534991487,0.0,0.0,0.0,0.0,False,no_shock_central_capacity
2027Q2,2027-06-30,2027,2,2027,33480.81936295423,24789.999999999996,0.01784876327045648,0.022616048740021766,0.02507028033791192,194.872,266.8386349235212,57.11231125578679,148.1810139507879,47.461975490152746,7.725799475387829,6.357534751405928,4.968063415379199,14.782631606632997,0.0,286.58932994553345,481.46132994553346,5.538,0.0,33171.10566876111,33658.104998706636,1.005295140296016,0.023281628551256005,0.03423922537124501,0.05752085392250102,33075.34096171201,582.7640369946275,7100.778445271973,17081.24902159954,5698.1764239501335,22779.42544554967,2428.62644889581,766.5106219945532,0.21468496586299227,24.556193812148276,10389.754207655707,13027.563319209094,0.3141238731199439,0.39387540507261254,7901.268255122974,7901.268255122973,0,0.0,0.0,0.0,0.0,0.0,0.0,0.0,0.0,0.0,0.0,0.0,none,755.5301368941339,8656.798392017106,472.21669833890047,472.21669833890047,0.0,8373.484953461873,0.2154110468670722,0.5181811771623273,0.1728613500867164,0.0702933619006643,0.0232530639832198,0.033069696559558555,0.03455891194069288,0.033687661368326086,0.3433082227264961,841.2096442957903,-7.275957614183426e-12,0.03252,0.04248,0.04248,0.0175,194.872,-0.0,0.0,0.0026160487400217654,0.0,0.0,0.03252,0.0,0.0,0.0,0.0,False,0.0,0.0,0.0,0.0,0.0,0.03252,0.04248,0.04248,False,True,1,0.0,1.0,1.0,0.0,271.80669833890045,271.80669833890045,0.0,0.0,0.0,0.15668784534991487,0.0,0.0,0.0,0.0,False,no_shock_central_capacity
2027Q3,2027-09-30,2027,3,2027,33819.64204625321,24903.499999999993,0.01843999428756682,0.022248000239960097,0.024382592342289344,194.872,273.4775029553267,57.72932876006114,152.8758790192545,48.328865020161466,8.126248097579449,6.417182058270145,4.968063415379199,14.670585287046285,0.0,293.1161516577522,487.9881516577522,5.538,0.0,33658.104998706636,34151.631150364396,1.0098164582480542,0.023048381142944635,0.034668155417715396,0.05771653656066004,33568.867113369764,582.7640369946275,7203.929224122012,17329.382962672247,5780.952043649513,23110.33500632176,2476.9574018078993,777.6454811180921,0.21460149965123013,24.64647720201951,10340.943385537117,12790.69801736606,0.30805160479837995,0.38102858741610013,8037.825029793427,8037.825029793427,0,0.0,0.0,0.0,0.0,0.0,0.0,0.0,0.0,0.0,0.0,0.0,none,766.5106219945532,8804.33565178798,478.85556637070596,478.85556637070596,0.0,8516.680596164133,0.2154110468670722,0.5181811771623273,0.1728613500867164,0.0702933619006643,0.0232530639832198,0.03343936643839879,0.03483454005138027,0.03363811794499859,0.37786678514028094,1134.3257959535426,7.275957614183426e-12,0.03242,0.0426499999999999,0.0426499999999999,0.0175,194.872,-0.0,0.0,0.002248000239960097,0.0,0.0,0.03242,0.0,0.0,0.0,0.0,False,0.0,0.0,0.0,0.0,0.0,0.03242,0.0426499999999999,0.0426499999999999,False,True,1,0.0,1.0,1.0,0.0,278.44556637070593,278.44556637070593,0.0,0.0,0.0,0.15668784534991487,0.0,0.0,0.0,0.0,False,no_shock_central_capacity
2027Q4,2027-12-31,2027,4,2028,34158.5183188548,25016.899999999994,0.01833909570101455,0.021945305341696475,0.024162847358085493,215.4585,280.66536432293407,58.387846361508906,158.14773727280496,49.161424920357696,8.486680683143282,6.481675085119298,5.137064986107641,14.828888675230425,0.0,300.63131798427213,516.0898179842721,2.14175,0.0,34151.631150364396,34669.86271834867,1.0149697476547632,0.025230426915920565,0.035204257418663246,0.060434684334583814,34087.09868135404,582.7640369946275,7312.3677222676615,17590.236755623275,5867.970910432145,23458.20766605542,2527.1721572015626,789.3511358293897,0.21452009719640924,24.57768722883617,10313.676487773357,12732.892689200591,0.3025683289794046,0.3735399368607925,7937.40636201969,7937.40636201969,0,0.0,0.0,0.0,0.0,0.0,0.0,0.0,0.0,0.0,0.0,0.0,none,777.6454811180921,8715.051843137782,503.40267930904173,503.40267930904173,0.0,8440.809041328732,0.2154110468670722,0.5181811771623273,0.1728613500867164,0.0702933619006643,0.0232530639832198,0.03373662156122221,0.03521135686440727,0.03337959989297992,0.40586600352572744,1434.9571139378147,0.0,0.03234,0.04279,0.04279,0.0175,215.4585,-0.0,0.0,0.0019453053416964745,0.0,0.0,0.03234,0.0,0.0,0.0,0.0,False,0.0,0.0,0.0,0.0,0.0,0.03234,0.04279,0.04279,False,True,1,0.0,1.0,1.0,0.0,285.8024293090417,285.8024293090417,0.0,0.0,0.0,0.15668784534991487,0.0,0.0,0.0,0.0,False,no_shock_central_capacity
2028Q1,2028-03-31,2028,1,2028,34499.59871590287,25131.59999999999,0.018466116274653555,0.0216767083117837,0.023850744937782276,215.4585,287.53125850548395,59.12049303453405,163.14286721490578,49.997159553107,8.707284008515929,6.563454694421373,5.137064986107641,14.935804340339798,0.0,307.6041278319314,523.0626278319314,2.14175,0.0,34669.86271834867,35195.0670961806,1.0201587382509802,0.024980986216594184,0.0356646615359197,0.06064564775251389,34612.30305918597,582.7640369946275,7422.285209866853,17854.648325704093,5956.176624952724,23810.824950656817,2577.9764550448845,801.2164436174157,0.21444066282370675,24.533835234753816,10253.661253928296,12624.818892361198,0.29624325305354143,0.3647494612182595,8117.836230000904,8117.836230000904,0,0.0,0.0,0.0,0.0,0.0,0.0,0.0,0.0,0.0,0.0,0.0,none,789.3511358293897,8907.187365830294,510.26857349159155,510.26857349159155,0.0,8628.104803492495,0.2154110468670722,0.5181811771623273,0.1728613500867164,0.0702933619006643,0.0232530639832198,0.03405206613831439,0.035489512067682354,0.03328695823761664,0.4350569288767547,1742.5612417697462,0.0,0.03226,0.0429,0.0429,0.0175,215.4585,-0.0,0.0,0.0016767083117836985,0.0,0.0,0.03226,0.0,0.0,0.0,0.0,False,0.0,0.0,0.0,0.0,0.0,0.03226,0.0429,0.0429,False,True,1,0.0,1.0,1.0,0.0,292.6683234915916,292.6683234915916,0.0,0.0,0.0,0.15668784534991487,0.0,0.0,0.0,0.0,False,no_shock_central_capacity
2028Q2,2028-06-30,2028,2,2028,34836.751701773224,25242.599999999988,0.017784392025415263,0.02150065998978512,0.023590801926968608,215.4585,294.6936241022778,59.86073021757616,168.2026013866305,50.94316584134021,9.039033215815342,6.6480934409154875,5.137064986107641,15.071450300540866,0.0,314.9021393889263,530.3606393889263,2.14175,0.0,35195.0670961806,35727.56948556952,1.0255712068513825,0.024739218150357335,0.03615746290982663,0.06089668106018397,35144.805448574894,582.7640369946275,7533.745550137294,18122.77129882112,6045.620435660179,24168.3917344813,2629.4198656053645,813.2482983509353,0.21436298918088859,24.489037925267663,10177.657488105619,12560.864272826308,0.2895920850379417,0.35740315282740154,8239.472850829226,8239.472850829226,0,0.0,0.0,0.0,0.0,0.0,0.0,0.0,0.0,0.0,0.0,0.0,none,801.2164436174157,9040.689294446642,517.4309390883853,517.4309390883853,0.0,8756.903789917611,0.2154110468670722,0.5181811771623273,0.1728613500867164,0.0702933619006643,0.0232530639832198,0.034340738124234924,0.03578934951632466,0.033230591206071684,0.4637257778046567,2057.4633811586723,-1.4551915228366852e-11,0.0321899999999999,0.043,0.043,0.0175,215.4585,-0.0,0.0,0.0015006599897851199,0.0,0.0,0.0321899999999999,0.0,0.0,0.0,0.0,False,0.0,0.0,0.0,0.0,0.0,0.0321899999999999,0.043,0.043,False,True,1,0.0,1.0,1.0,0.0,299.83068908838544,299.83068908838544,0.0,0.0,0.0,0.15668784534991487,0.0,0.0,0.0,0.0,False,no_shock_central_capacity
2028Q3,2028-09-30,2028,3,2028,35168.71769035311,25350.699999999986,0.01724012308766243,0.02106182624872388,0.023346411992499982,215.4585,301.7647701156699,60.62781731472968,173.4004739328124,51.90468680644536,9.096063030590862,6.7357290310916245,5.137064986107641,15.214320358753913,0.0,322.11615546053144,537.5746554605314,2.14175,0.0,35727.56948556952,36267.28589103006,1.031237084341528,0.024505698717482777,0.036636667654094075,0.06114236637157685,35684.521854035425,582.7640369946275,7646.72909337303,18394.558406703254,6136.286574214171,24530.844980917427,2681.5032008498306,825.4445788951392,0.21428699884648422,24.416511573096223,10102.638138187218,12531.151270375027,0.28310980821072007,0.3511648922082426,8318.464824475584,8318.464824475584,0,0.0,0.0,0.0,0.0,0.0,0.0,0.0,0.0,0.0,0.0,0.0,none,813.2482983509353,9131.71312282652,524.5020851017774,524.5020851017774,0.0,8842.966909577362,0.2154110468670722,0.5181811771623273,0.1728613500867164,0.0702933619006643,0.0232530639832198,0.03462711807773135,0.03606359571597897,0.03323286533680406,0.49074830473330383,2379.5795366192037,7.275957614183426e-12,0.03213,0.04308,0.04308,0.0175,215.4585,-0.0,0.0,0.0010618262487238801,0.0,0.0,0.03213,0.0,0.0,0.0,0.0,False,0.0,0.0,0.0,0.0,0.0,0.03213,0.04308,0.04308,False,True,1,0.0,1.0,1.0,0.0,306.9018351017775,306.9018351017775,0.0,0.0,0.0,0.15668784534991487,0.0,0.0,0.0,0.0,False,no_shock_central_capacity
2028Q4,2028-12-31,2028,4,2029,35502.9460537084,25460.399999999983,0.01742186418178404,0.020775810233577552,0.02309377715644856,173.80475,308.956314157713,61.42235144251887,178.44756356328975,52.84347574023483,9.416496744206636,6.826426667462803,5.268186894431433,15.349214844932058,0.0,329.5737158970765,503.3784658970765,-2.42575,0.0,36267.28589103006,36768.23860692713,1.0356390861565294,0.019582008742268366,0.0371319850919979,0.056713993834266264,36185.47456993251,582.7640369946275,7751.333451896988,18646.1890005126,6220.2286510128815,24866.41765152548,2730.987118334451,836.7363481755804,0.21421118678205153,24.180333904240474,10176.75500591129,12399.55646805725,0.2812386773107967,0.3426666809106983,8244.076738621992,8244.076738621994,0,0.0,0.0,0.0,0.0,0.0,0.0,0.0,0.0,0.0,0.0,0.0,none,825.4445788951392,9069.521317517134,485.60350105214445,485.60350105214445,0.0,8729.680239674139,0.2154110468670722,0.5181811771623273,0.1728613500867164,0.0702933619006643,0.0232530639832198,0.03483344025259421,0.03634942155719346,0.03295359219110845,0.5113197301294943,2709.15325251628,0.0,0.03208,0.04315,0.04315,0.0175,173.80475,-0.0,0.0,0.0007758102335775514,0.0,0.0,0.03208,0.0,0.0,0.0,0.0,False,0.0,0.0,0.0,0.0,0.0,0.03208,0.04315,0.04315,False,True,1,0.0,1.0,1.0,0.0,314.22450105214443,314.22450105214443,0.0,0.0,0.0,0.15668784534991487,0.0,0.0,0.0,0.0,False,no_shock_central_capacity
2029Q1,2029-03-31,2029,1,2029,35840.4078533226,25572.199999999983,0.017680562926939647,0.020522825130940392,0.02297286568423096,173.80475,315.1599190974638,62.165694284213835,182.783965402459,53.72209313197324,9.578815883757908,6.9093503950598345,5.268186894431433,15.551312167697551,0.0,335.9794181595928,509.7841681595928,-2.42575,0.0,36768.23860692713,37275.597025086725,1.040043885037181,0.01939763082064228,0.037497276206743355,0.05689490702738564,36692.8329880921,582.7640369946275,7857.274135455367,18901.034185632278,6305.243091336882,25206.27727696916,2781.109205388956,848.1723702786121,0.21413648103991542,23.97703407555025,10234.21638246377,12325.607261557998,0.2789159503106526,0.33591320859738516,8387.02544459727,8387.02544459727,0,0.0,0.0,0.0,0.0,0.0,0.0,0.0,0.0,0.0,0.0,0.0,none,836.7363481755804,9223.76179277285,491.80710599189524,491.80710599189524,0.0,8878.832550589164,0.2154110468670722,0.5181811771623273,0.1728613500867164,0.0702933619006643,0.0232530639832198,0.03502427810972454,0.036551048501550394,0.032872924104032926,0.5323506860406007,3045.1326706758728,7.275957614183426e-12,0.0320299999999999,0.04321,0.04321,0.0175,173.80475,-0.0,0.0,0.0005228251309403915,0.0,0.0,0.0320299999999999,0.0,0.0,0.0,0.0,False,0.0,0.0,0.0,0.0,0.0,0.0320299999999999,0.04321,0.04321,False,True,1,0.0,1.0,1.0,0.0,320.4281059918952,320.4281059918952,0.0,0.0,0.0,0.15668784534991487,0.0,0.0,0.0,0.0,False,no_shock_central_capacity
2029Q2,2029-06-30,2029,2,2029,36178.04858394721,25682.99999999998,0.01744428695602207,0.020418069374665837,0.022841686194156274,173.80475,321.33001155023743,62.91712263965866,186.92872467703955,54.61278917208582,9.878193868506312,6.993181192947158,5.268186894431433,15.747057075605499,0.0,342.34525552027435,516.1500055202744,-2.42575,0.0,37275.597025086725,37789.32128060699,1.0445373025833884,0.019216597556024072,0.03785115769590497,0.057067755251929045,37206.55724361237,582.7640369946275,7964.5439250882655,19159.076596522333,6391.324102172428,25550.40069869476,2831.860753893111,859.7518659362305,0.21406291028056942,23.756962548664795,10352.765923875386,12199.54707278095,0.27825111192336266,0.3278870171433389,8487.592723929645,8487.592723929643,0,0.0,0.0,0.0,0.0,0.0,0.0,0.0,0.0,0.0,0.0,0.0,none,848.1723702786121,9335.765094208255,497.9771984446689,497.9771984446689,0.0,8985.569922374312,0.2154110468670722,0.5181811771623273,0.1728613500867164,0.0702933619006643,0.0232530639832198,0.03510954244291749,0.03673666235739953,0.032773012317655954,0.5528128615891058,3387.477926196147,-7.275957614183426e-12,0.03198,0.04327,0.04327,0.0175,173.80475,-0.0,0.0,0.00041806937466583663,0.0,0.0,0.03198,0.0,0.0,0.0,0.0,False,0.0,0.0,0.0,0.0,0.0,0.03198,0.04327,0.04327,False,True,1,0.0,1.0,1.0,0.0,326.59819844466887,326.59819844466887,0.0,0.0,0.0,0.15668784534991487,0.0,0.0,0.0,0.0,False,no_shock_central_capacity
2029Q3,2029-09-30,2029,3,2029,36519.26990879109,25795.399999999983,0.017620997896754975,0.020285549943514614,0.02275805762511629,173.80475,326.62268538340226,63.67652868108068,190.52118947393177,55.54397050679934,9.800940105605696,7.080056615984836,5.268186894431433,15.976206467335123,0.0,347.86707874516884,521.6718287451688,-2.42575,0.0,37789.32128060699,38308.567359352164,1.0489959808898137,0.019037045421125567,0.038102303755139275,0.057139349176264835,37725.80332235754,582.7640369946275,8072.953815132291,19419.861571369598,6478.320011752342,25898.18158312194,2883.213491626174,871.454432477134,0.21399024286244941,23.51214696286373,10506.566270161364,12166.36271149253,0.27849814569580894,0.3224944637370345,8560.998543074289,8560.998543074289,0,0.0,0.0,0.0,0.0,0.0,0.0,0.0,0.0,0.0,0.0,0.0,none,859.7518659362305,9420.75040901052,503.2698722778337,503.2698722778337,0.0,9064.268415352122,0.2154110468670722,0.5181811771623273,0.1728613500867164,0.0702933619006643,0.0232530639832198,0.03529068228896329,0.03682173343755606,0.0327976487527179,0.5718917345599126,3735.345004941316,7.275957614183426e-12,0.0319399999999999,0.04331,0.04331,0.0175,173.80475,-0.0,0.0,0.0002855499435146132,0.0,0.0,0.0319399999999999,0.0,0.0,0.0,0.0,False,0.0,0.0,0.0,0.0,0.0,0.0319399999999999,0.04331,0.04331,False,True,1,0.0,1.0,1.0,0.0,331.8908722778337,331.8908722778337,0.0,0.0,0.0,0.15668784534991487,0.0,0.0,0.0,0.0,False,no_shock_central_capacity
2029Q4,2029-12-31,2029,4,2030,36865.49983791807,25910.199999999983,0.017920813193843088,0.020183196343088072,0.022686563355431177,192.2015,332.8929965122523,64.46253621383114,194.59778355322345,56.43534456629354,10.227440835698735,7.169891343205619,5.3789120614604125,16.215245526594412,0.0,354.4871541003071,546.6886541003071,-5.94,0.0,38308.567359352164,38849.31601345248,1.0538122684964644,0.020854349008696836,0.038462753051914274,0.05931710206061111,38266.55197645785,582.7640369946275,8185.9441057899085,19691.66491048529,6568.991564923981,26260.656475409272,2936.2999538706285,883.6514413880349,0.21391904112045482,23.229279668739938,10412.668260206365,12108.041233142323,0.27210887112620946,0.3164131756786284,8639.477700918402,8639.477700918402,0,0.0,0.0,0.0,0.0,0.0,0.0,0.0,0.0,0.0,0.0,0.0,none,871.454432477134,9510.932133395536,524.5334085737127,524.5334085737127,0.0,9164.011109492114,0.2154110468670722,0.5181811771623273,0.1728613500867164,0.0702933619006643,0.0232530639832198,0.03539385585438404,0.03701387742068795,0.03274895964436569,0.5898729833429391,4089.832159041623,1.4551915228366852e-11,0.03191,0.04335,0.04335,0.0175,192.2015,-0.0,0.0,0.0001831963430880719,0.0,0.0,0.03191,0.0,0.0,0.0,0.0,False,0.0,0.0,0.0,0.0,0.0,0.03191,0.04335,0.04335,False,True,1,0.0,1.0,1.0,0.0,338.2719085737127,338.2719085737127,0.0,0.0,0.0,0.15668784534991487,0.0,0.0,0.0,0.0,False,no_shock_central_capacity
2030Q1,2030-03-31,2030,1,2030,37214.787548312044,26025.99999999998,0.017997333864965714,0.02008187040489151,0.022638322874940497,192.2015,338.64957264314876,65.303369103939,198.2377256742229,57.41799752379118,10.429074621589582,7.261405719606153,5.3789120614604125,16.478982834660115,0.0,360.50746753926927,552.7089675392692,-5.94,0.0,38849.31601345248,39396.08498099174,1.0586137279394099,0.020658615852688668,0.038748840586152515,0.059407456438841176,38813.32094399712,582.7640369946275,8300.174426538251,19966.451198996918,6660.658207617484,26627.1094066144,2990.054802512427,895.9823083320317,0.21384860209499695,22.957501145262068,10395.540672466432,12102.333960104601,0.267834352218042,0.3118087724976379,8772.896782438605,8772.896782438605,0,0.0,0.0,0.0,0.0,0.0,0.0,0.0,0.0,0.0,0.0,0.0,none,883.6514413880349,9656.54822382664,530.2899847046091,530.2899847046091,0.0,9303.186767143214,0.2154110468670722,0.5181811771623273,0.1728613500867164,0.0702933619006643,0.0232530639832198,0.035543904166776275,0.037118539478474745,0.032712444914313785,0.6077876474209483,4450.339626580892,-7.275957614183426e-12,0.0318699999999999,0.04338,0.04338,0.0175,192.2015,-0.0,0.0,8.187040489151046e-05,0.0,0.0,0.0318699999999999,0.0,0.0,0.0,0.0,False,0.0,0.0,0.0,0.0,0.0,0.0318699999999999,0.04338,0.04338,False,True,1,0.0,1.0,1.0,0.0,344.0284847046092,344.0284847046092,0.0,0.0,0.0,0.15668784534991487,0.0,0.0,0.0,0.0,False,no_shock_central_capacity
2030Q2,2030-06-30,2030,2,2030,37564.73739844506,26141.29999999998,0.017838848225115722,0.01995316485744958,0.022612820884429397,192.2015,344.9504698781064,66.13163974344332,202.15810083666332,58.41212226380222,10.890352327020773,7.358254707176812,5.3789120614604125,16.761917727192944,0.0,367.09129966675977,559.2927996667597,-5.94,0.0,39396.08498099174,39949.43778065851,1.0634824185490557,0.020466161971142215,0.03908892488964451,0.05955508686078672,39366.67374366388,582.7640369946275,8415.762030156178,20244.502493854936,6753.41403191378,26997.916525768716,3044.535497296396,908.4596904425849,0.21377884463786342,22.743468365084873,10265.21388267699,11989.732227739958,0.2607589848590952,0.30456553951728577,8941.648434817656,8941.648434817656,0,0.0,0.0,0.0,0.0,0.0,0.0,0.0,0.0,0.0,0.0,0.0,none,895.9823083320317,9837.630743149688,536.5908819395668,536.5908819395668,0.0,9478.239316757223,0.2154110468670722,0.5181811771623273,0.1728613500867164,0.0702933619006643,0.0232530639832198,0.03570805231425164,0.03727185580433975,0.032743076232891376,0.626557543191435,4817.430926247652,1.4551915228366852e-11,0.03185,0.04341,0.04341,0.0175,192.2015,-0.0,0.0,-4.68351425504214e-05,0.0,0.0,0.03185,0.0,0.0,0.0,0.0,False,0.0,0.0,0.0,0.0,0.0,0.03185,0.04341,0.04341,False,True,1,0.0,1.0,1.0,0.0,350.3293819395668,350.3293819395668,0.0,0.0,0.0,0.15668784534991487,0.0,0.0,0.0,0.0,False,no_shock_central_capacity
2030Q3,2030-09-30,2030,3,2030,37917.82965732295,26257.099999999977,0.017837173553037378,0.019938881222312688,0.022609552821165613,192.2015,351.48202524486857,67.01050516511857,206.54632208431295,59.343002443329155,11.12828379202657,7.453911760081408,5.3789120614604125,17.064884430108336,0.0,373.92582173643734,566.1273217364374,-5.94,0.0,39949.43778065851,40509.625102394944,1.068352948164359,0.020275580299504905,0.03944590975968185,0.059721490059186755,39926.86106540031,582.7640369946275,8532.75660295333,20525.9383177616,6847.29890968894,27373.23722745054,3099.7782837684467,921.0889512279912,0.2137096775270325,22.504438659034243,10195.286981441031,11912.900925355403,0.2553490735157247,0.29836808122336583,9057.698282050664,9057.698282050664,0,0.0,0.0,0.0,0.0,0.0,0.0,0.0,0.0,0.0,0.0,0.0,none,908.4596904425849,9966.157972493249,543.122437306329,543.122437306329,0.0,9600.820719356992,0.2154110468670722,0.5181811771623273,0.1728613500867164,0.0702933619006643,0.0232530639832198,0.03592729248282809,0.03743990829502719,0.0327086673499954,0.6448840237031779,5191.356747984089,0.0,0.03182,0.04344,0.04344,0.0175,192.2015,-0.0,0.0,-6.111877768731275e-05,0.0,0.0,0.03182,0.0,0.0,0.0,0.0,False,0.0,0.0,0.0,0.0,0.0,0.03182,0.04344,0.04344,False,True,1,0.0,1.0,1.0,0.0,356.860937306329,356.860937306329,0.0,0.0,0.0,0.15668784534991487,0.0,0.0,0.0,0.0,False,no_shock_central_capacity
2030Q4,2030-12-31,2030,4,2031,38272.713722319015,26372.999999999978,0.01777342391157455,0.019839987430776862,0.02260563078501021,184.328,358.6769749279593,67.87807877649375,211.11631894805117,60.362592215967396,11.767055587377271,7.5529294000695275,5.499835599136797,17.371536194901743,0.0,381.54834672199786,565.8763467219978,-9.2495,0.0,40509.625102394944,41066.25194911694,1.0729903358059727,0.019264690906148917,0.03987680094913104,0.059141491855279955,40483.48791212231,582.7640369946275,8648.9181539226,20805.370269361567,6940.515310708085,27745.88558006965,3155.0558886630856,933.6282894669688,0.2136406372073682,22.047210376234936,10347.037982395092,12774.927173364977,0.2555866234859865,0.3155589558166423,8891.112071650277,8891.112071650276,0,0.0,0.0,0.0,0.0,0.0,0.0,0.0,0.0,0.0,0.0,0.0,none,921.0889512279912,9812.201022878267,539.2553105270961,539.2553105270961,0.0,9430.367382177372,0.2154110468670722,0.5181811771623273,0.1728613500867164,0.0702933619006643,0.0232530639832198,0.03606179736556742,0.03767483364830652,0.032525077829539915,0.6557342799385434,5572.905094706088,-7.275957614183426e-12,0.0318,0.04346,0.04346,0.0175,184.328,-0.0,0.0,-0.00016001256922313842,0.0,0.0,0.0318,0.0,0.0,0.0,0.0,False,0.0,0.0,0.0,0.0,0.0,0.0318,0.04346,0.04346,False,True,1,0.0,1.0,1.0,0.0,364.1768105270961,364.1768105270961,0.0,0.0,0.0,0.15668784534991487,0.0,0.0,0.0,0.0,False,no_shock_central_capacity
2031Q1,2031-03-31,2031,1,2031,38631.20724469732,26489.69999999998,0.01781775002184327,0.01982598390139856,0.02258993228072148,184.328,365.04132770943073,68.75889932368467,215.25390008629537,61.37538841304041,11.999721983505005,7.653417902905477,5.499835599136797,17.66914202716621,0.0,388.2103053357338,572.5383053357338,-9.2495,0.0,41066.25194911694,41629.54075445267,1.0776142845022507,0.019085916609587875,0.04019654916572882,0.05928246577531669,41046.776717458044,582.7640369946275,8766.450656787158,21088.10010877771,7034.8318623414625,28122.931971119175,3211.0784711433207,946.3156184083858,0.2135722060986729,21.695975334576982,10476.140674574652,13654.163294138949,0.25522444177983244,0.33264885542965306,9104.874220919326,9104.874220919324,0,0.0,0.0,0.0,0.0,0.0,0.0,0.0,0.0,0.0,0.0,0.0,none,933.6282894669688,10038.502510386294,545.6196633085675,545.6196633085675,0.0,9650.493884227892,0.2154110468670722,0.5181811771623273,0.1728613500867164,0.0702933619006643,0.0232530639832198,0.03622517129563148,0.03781307393883864,0.032454475780835386,0.6686168001418863,5961.115400041822,-7.275957614183426e-12,0.03179,0.04348,0.04348,0.0175,184.328,-0.0,0.0,-0.00017401609860144204,0.0,0.0,0.03179,0.0,0.0,0.0,0.0,False,0.0,0.0,0.0,0.0,0.0,0.03179,0.04348,0.04348,False,True,1,0.0,1.0,1.0,0.0,370.54116330856755,370.54116330856755,0.0,0.0,0.0,0.15668784534991487,0.0,0.0,0.0,0.0,False,no_shock_central_capacity
2031Q2,2031-06-30,2031,2,2031,38992.312000821,26606.499999999975,0.017754036595319045,0.019811706497828263,0.02259593162071094,184.328,371.79485952377104,69.67136659481594,219.39406673328338,62.354194502999576,12.624906777907418,7.750324914764679,5.499835599136797,17.987619271319204,0.0,395.28231439422706,579.6103143942271,-9.2495,0.0,41629.54075445267,42199.90156884689,1.08226210253853,0.018909163426484573,0.04054976933769962,0.059458932764184194,41617.13753185227,582.7640369946275,8885.437945009893,21374.329501259417,7130.315838602121,28504.645339861538,3267.8942593236407,959.1599876571943,0.2135043030820968,21.266853636909257,10613.100808304189,14570.664334571306,0.25501755857623076,0.35011212204153735,9161.00759303633,9161.00759303633,0,0.0,0.0,0.0,0.0,0.0,0.0,0.0,0.0,0.0,0.0,0.0,none,946.3156184083858,10107.323211444715,552.3731951229078,552.3731951229078,0.0,9713.380788159237,0.2154110468670722,0.5181811771623273,0.1728613500867164,0.0702933619006643,0.0232530639832198,0.036338203938366266,0.037980944034502515,0.032520945440814214,0.6797879901456688,6356.397714436049,0.0,0.03176,0.04351,0.04351,0.0175,184.328,-0.0,0.0,-0.00018829350217173732,0.0,0.0,0.03176,0.0,0.0,0.0,0.0,False,0.0,0.0,0.0,0.0,0.0,0.03176,0.04351,0.04351,False,True,1,0.0,1.0,1.0,0.0,377.29469512290785,377.29469512290785,0.0,0.0,0.0,0.15668784534991487,0.0,0.0,0.0,0.0,False,no_shock_central_capacity
2031Q3,2031-09-30,2031,3,2031,39355.30429460343,26722.899999999972,0.017614655473791707,0.019797160110517797,0.022579104221777335,184.328,378.12544461093876,70.55037728337855,223.47950868692098,63.3928214547749,12.866400086705209,7.836337099159278,5.499835599136797,18.292367255338057,0.0,401.9176474654136,586.2456474654136,-9.2495,0.0,42199.90156884689,42776.897716312305,1.0869410993775002,0.018734755408843413,0.04085016286056528,0.0595849182694087,42194.13367931768,582.7640369946275,9005.788911193536,21663.83928377372,7226.894128347787,28890.733412121506,3325.459793596554,972.151562406086,0.21343699054562906,20.898793478900718,10726.498320520757,15500.21430619239,0.25421776406274627,0.3673547233839793,9341.205223320374,9341.205223320374,0,0.0,0.0,0.0,0.0,0.0,0.0,0.0,0.0,0.0,0.0,0.0,none,959.1599876571943,10300.365210977568,558.7037802100755,558.7037802100755,0.0,9899.909003530449,0.2154110468670722,0.5181811771623273,0.1728613500867164,0.0702933619006643,0.0232530639832198,0.03650154149675535,0.038096548335280485,0.032340647732791855,0.6921490226467863,6758.315361901462,-7.275957614183426e-12,0.03168,0.04352,0.04352,0.0175,184.328,-0.0,0.0,-0.00020283988948220297,0.0,0.0,0.03168,0.0,0.0,0.0,0.0,False,0.0,0.0,0.0,0.0,0.0,0.03168,0.04352,0.04352,False,True,1,0.0,1.0,1.0,0.0,383.6252802100756,383.6252802100756,0.0,0.0,0.0,0.15668784534991487,0.0,0.0,0.0,0.0,False,no_shock_central_capacity
2031Q4,2031-12-31,2031,4,2032,39720.68513087373,26839.599999999966,0.017582923791722438,0.019727225080271582,0.0225727995952707,192.24275,385.09619523571445,71.32584817665281,227.8381677110595,64.44359324720774,13.563120488278805,7.925465612515615,5.6120176762582625,18.60944171624964,0.0,409.3176546282224,601.5604046282224,-11.316,0.0,42776.897716312305,43367.14212094054,1.0918024696213642,0.019359459623275763,0.04121959661869696,0.060579056241972726,42784.37808394591,582.7640369946275,9128.925396980225,21960.049761762588,7325.7077197935205,29285.75748155611,3384.2513786358486,985.4438267737236,0.21337052928684958,20.473445241482754,11559.926269860614,16431.473632447956,0.2701903542264712,0.38405311397090475,9399.041676673247,9399.041676673245,0,0.0,0.0,0.0,0.0,0.0,0.0,0.0,0.0,0.0,0.0,0.0,none,972.151562406086,10371.193239079332,571.6349629119726,571.6349629119726,0.0,9970.676639585217,0.2154110468670722,0.5181811771623273,0.1728613500867164,0.0702933619006643,0.0232530639832198,0.036604605568437136,0.03827464603372913,0.032374091811304344,0.7027715269054535,7167.633016529684,7.275957614183426e-12,0.03161,0.04354,0.04354,0.0175,192.24275,-0.0,0.0,-0.00027277491972841836,0.0,0.0,0.03161,0.0,0.0,0.0,0.0,False,0.0,0.0,0.0,0.0,0.0,0.03161,0.04354,0.04354,False,True,1,0.0,1.0,1.0,0.0,390.70821291197274,390.70821291197274,0.0,0.0,0.0,0.15668784534991487,0.0,0.0,0.0,0.0,False,no_shock_central_capacity
2032Q1,2032-03-31,2032,1,2032,40089.031498890115,26956.799999999967,0.017581469158450158,0.01968526656714742,0.02257678241908323,192.24275,391.5884365374138,72.14133294963622,232.0930607606108,65.51917919009456,13.81581449670112,8.01904914037115,5.6120176762582625,18.941756179157295,0.0,416.14221039282944,608.3849603928295,-11.316,0.0,43367.14212094054,43964.21108133337,1.096664335294569,0.01918158087758467,0.0415218023318274,0.06070338320941208,43381.44704433874,582.7640369946275,9253.460383262225,22259.624396991592,7425.643568835754,29685.26796582735,3443.8316396054165,998.8870556437441,0.21330455790938854,20.114857998233727,12434.484560842646,17387.566634533167,0.2866313921740271,0.40080651566928854,9597.272267685054,9597.272267685054,0,0.0,0.0,0.0,0.0,0.0,0.0,0.0,0.0,0.0,0.0,0.0,none,985.4438267737236,10582.716094458778,578.127204213672,578.127204213672,0.0,10175.399471898725,0.2154110468670722,0.5181811771623273,0.1728613500867164,0.0702933619006643,0.0232530639832198,0.03671816585815356,0.03838318044867322,0.0322148941492938,0.7147342273833893,7583.775226922514,0.0,0.0315499999999999,0.04356,0.04356,0.0175,192.24275,-0.0,0.0,-0.00031473343285258124,0.0,0.0,0.0315499999999999,0.0,0.0,0.0,0.0,False,0.0,0.0,0.0,0.0,0.0,0.0315499999999999,0.04356,0.04356,False,True,1,0.0,1.0,1.0,0.0,397.2004542136721,397.2004542136721,0.0,0.0,0.0,0.15668784534991487,0.0,0.0,0.0,0.0,False,no_shock_central_capacity
2032Q2,2032-06-30,2032,2,2032,40460.63202228239,27074.499999999967,0.017579698909776065,0.01967074272996472,0.02256916678199805,192.24275,398.2870860121586,72.98666877298058,236.15154562664335,66.60748058616448,14.427930916904021,8.113460109466311,5.6120176762582625,19.26878079452984,0.0,423.16788448294676,615.4106344829468,-11.316,0.0,43964.21108133337,44568.305715816314,1.101522726863776,0.019005412460599082,0.04183502464814694,0.060840437108746016,43985.54167882168,582.7640369946275,9379.438332640177,22562.67014629082,7526.737355469951,30089.407501760772,3504.2097957821316,1012.486048638602,0.21323912300837305,19.703553757606066,13339.782268575565,18383.985738709463,0.3032765258634624,0.4179551970269597,9665.493152054001,9665.493152054001,0,0.0,0.0,0.0,0.0,0.0,0.0,0.0,0.0,0.0,0.0,0.0,none,998.8870556437441,10664.380207697744,584.8258536884168,584.8258536884168,0.0,10250.319005742418,0.2154110468670722,0.5181811771623273,0.1728613500867164,0.0702933619006643,0.0232530639832198,0.03676995110376133,0.03850112389826263,0.03223726518601278,0.7250488377388324,8006.9431114054605,-7.275957614183426e-12,0.03149,0.0435799999999999,0.0435799999999999,0.0175,192.24275,-0.0,0.0,-0.0003292572700352818,0.0,0.0,0.03149,0.0,0.0,0.0,0.0,False,0.0,0.0,0.0,0.0,0.0,0.03149,0.0435799999999999,0.0435799999999999,False,True,1,0.0,1.0,1.0,0.0,403.8991036884169,403.8991036884169,0.0,0.0,0.0,0.15668784534991487,0.0,0.0,0.0,0.0,False,no_shock_central_capacity
2032Q3,2032-09-30,2032,3,2032,40836.05204124299,27192.699999999968,0.017577617243731636,0.01971028327301072,0.022571739816290792,192.24275,404.40538258037236,73.83962827370978,240.0023681927564,67.70889739154406,14.643226867902882,8.211261854459064,5.6120176762582625,19.608822788375058,0.0,429.6262230450057,621.8689730450058,-11.316,0.0,44568.305715816314,45178.85868886132,1.1063473678413438,0.018830689098529065,0.042083032180593574,0.060913721279122646,44596.09465186669,582.7640369946275,9506.73423068693,22868.886281707993,7628.888759109159,30497.775040817152,3565.3580695875758,1026.2273107750289,0.21317414237502075,19.331521887931945,14283.156652826963,19431.903594202256,0.320278193961298,0.43573105999291534,9828.84732866728,9828.84732866728,0,0.0,0.0,0.0,0.0,0.0,0.0,0.0,0.0,0.0,0.0,0.0,none,1012.486048638602,10841.333377305882,590.9441502566306,590.9441502566306,0.0,10419.791478923911,0.2154110468670722,0.5181811771623273,0.1728613500867164,0.0702933619006643,0.0232530639832198,0.03682916628612905,0.0385589010975161,0.03209665104529116,0.7359551305630314,8436.569334450467,0.0,0.03144,0.0436,0.0436,0.0175,192.24275,-0.0,0.0,-0.00028971672698928017,0.0,0.0,0.03144,0.0,0.0,0.0,0.0,False,0.0,0.0,0.0,0.0,0.0,0.03144,0.0436,0.0436,False,True,1,0.0,1.0,1.0,0.0,410.01740025663065,410.01740025663065,0.0,0.0,0.0,0.15668784534991487,0.0,0.0,0.0,0.0,False,no_shock_central_capacity
2032Q4,2032-12-31,2032,4,2033,41216.34791573707,27311.899999999965,0.017649746885700424,0.0197758101815233,0.02257356533731114,249.09275,410.68251003075045,74.72293105319928,243.81590223021706,68.82234769121143,15.008887838844982,8.312441217277733,5.6542680689403735,19.952595843997877,0.0,436.2893739436887,685.3821239436887,-14.7595,0.0,45178.85868886132,45849.481312805,1.1124100904461487,0.02417416996860048,0.04234139083216603,0.06651556080076651,45266.71727581038,582.7640369946275,9646.895742604913,23206.051242812937,7741.364458627433,30947.415701440368,3631.0484491947,1041.357382570394,0.21311233336904728,19.363964888411783,14521.16471009781,19583.04346225016,0.3207912034270183,0.43261461490415926,10609.494410914582,10609.494410914582,0,0.0,0.0,0.0,0.0,0.0,0.0,0.0,0.0,0.0,0.0,0.0,none,1026.2273107750289,11635.72172168961,650.6700280996909,650.6700280996909,0.0,11260.164439014272,0.2154110468670722,0.5181811771623273,0.1728613500867164,0.0702933619006643,0.0232530639832198,0.03690757200523714,0.038627746393359357,0.032909040536293004,0.761397367256564,8872.858708394157,-7.275957614183426e-12,0.0314,0.04362,0.04362,0.0175,249.09275,-0.0,0.0,-0.00022418981847669925,0.0,0.0,0.0314,0.0,0.0,0.0,0.0,False,0.0,0.0,0.0,0.0,0.0,0.0314,0.04362,0.04362,False,True,1,0.0,1.0,1.0,0.0,416.33677809969083,416.33677809969083,0.0,0.0,0.0,0.15668784534991487,0.0,0.0,0.0,0.0,False,no_shock_central_capacity
2033Q1,2033-03-31,2033,1,2033,41600.43694465073,27431.899999999965,0.017690923464234398,0.019759214646802636,0.022564008293708637,249.09275,417.748424055428,75.72813157944856,248.2501446088852,70.04889519445821,15.294068054185129,8.427184618450916,5.6542680689403735,20.311683391433622,0.0,443.71437551580203,692.807125515802,-14.7595,0.0,45849.481312805,46527.528938320815,1.1184384673705607,0.02395097439302546,0.04266439567508993,0.06661537006811538,45944.76490132618,582.7640369946275,9788.579330460023,23546.877627564914,7855.06158158361,31401.939209148524,3697.5946032009565,1056.6517585166755,0.2130510266290965,19.471185286230845,14744.391401453591,19752.279432434254,0.3209155914307007,0.42991360332032325,10865.897057496995,10865.897057496997,0,0.0,0.0,0.0,0.0,0.0,0.0,0.0,0.0,0.0,0.0,0.0,none,1041.357382570394,11907.25444006739,657.7359421243684,657.7359421243684,0.0,11523.632999621366,0.2154110468670722,0.5181811771623273,0.1728613500867164,0.0702933619006643,0.0232530639832198,0.03700490038936854,0.03871052520647643,0.03282900936657372,0.7885640782582016,9316.573083909958,1.4551915228366852e-11,0.03137,0.04364,0.04364,0.0175,249.09275,-0.0,0.0,-0.00024078535319736402,0.0,0.0,0.03137,0.0,0.0,0.0,0.0,False,0.0,0.0,0.0,0.0,0.0,0.03137,0.04364,0.04364,False,True,1,0.0,1.0,1.0,0.0,423.4026921243684,423.4026921243684,0.0,0.0,0.0,0.15668784534991487,0.0,0.0,0.0,0.0,False,no_shock_central_capacity
2033Q2,2033-06-30,2033,2,2033,41988.19529528469,27552.599999999962,0.017716447921211298,0.01974238719039123,0.022564493843014066,249.09275,425.12191306230386,76.76693339913274,252.86479771461472,71.2893308059101,15.660463304435368,8.540387838211029,5.6542680689403735,20.68437660844986,0.0,451.4605577396941,700.5533077396941,-14.7595,0.0,46527.528938320815,47213.3227460605,1.1244427728800859,0.02372978864637922,0.04300833170511555,0.06673812035149478,46630.558709065874,582.7640369946275,9931.851249301168,23891.52481553027,7970.033295804365,31861.558111334634,3765.031757755461,1072.1175906746134,0.21299018335309428,19.532913736964627,14978.799849403902,19889.8422731702,0.3212228260625952,0.4265409384705321,10979.171337482625,10979.171337482627,0,0.0,0.0,0.0,0.0,0.0,0.0,0.0,0.0,0.0,0.0,0.0,none,1056.6517585166755,12035.823095999302,665.1094311312443,665.1094311312443,0.0,11644.280768613871,0.2154110468670722,0.5181811771623273,0.1728613500867164,0.0702933619006643,0.0232530639832198,0.0370857010812182,0.03881233910686918,0.03290176334016603,0.8144116185881942,9768.033641649652,-1.4551915228366852e-11,0.03133,0.04365,0.04365,0.0175,249.09275,-0.0,0.0,-0.00025761280960876973,0.0,0.0,0.03133,0.0,0.0,0.0,0.0,False,0.0,0.0,0.0,0.0,0.0,0.03133,0.04365,0.04365,False,True,1,0.0,1.0,1.0,0.0,430.77618113124424,430.77618113124424,0.0,0.0,0.0,0.15668784534991487,0.0,0.0,0.0,0.0,False,no_shock_central_capacity
2033Q3,2033-09-30,2033,3,2033,42379.52583009044,27674.099999999962,0.017756007302464516,0.019698696995388953,0.022564267205522626,249.09275,432.4151278982493,77.79122491015139,257.46615870158075,72.54395963734409,15.9537548104988,8.66002983867419,5.6542680689403735,21.06141085788498,0.0,459.13080682507467,708.2235568250746,-14.7595,0.0,47213.3227460605,47906.786802885574,1.1304229073953125,0.02351066890164575,0.04333515279673858,0.06684582169838432,47324.02276589095,582.7640369946275,10076.69420718515,24239.95121014461,8086.265724988133,32326.216935132743,3833.358611149281,1087.7530124237749,0.21292978952854327,19.642717744834446,15228.364324512686,19951.78853090527,0.32178930349700985,0.4215995886403307,11197.965295432443,11197.965295432443,0,0.0,0.0,0.0,0.0,0.0,0.0,0.0,0.0,0.0,0.0,0.0,none,1072.1175906746134,12270.082886107057,672.4026459671896,672.4026459671896,0.0,11870.367941399632,0.2154110468670722,0.5181811771623273,0.1728613500867164,0.0702933619006643,0.0232530639832198,0.037141509671601736,0.03889841088241431,0.03280694983444911,0.8411220479371659,10227.164448474727,0.0,0.03131,0.04367,0.04367,0.0175,249.09275,-0.0,0.0,-0.00030130300461104695,0.0,0.0,0.03131,0.0,0.0,0.0,0.0,False,0.0,0.0,0.0,0.0,0.0,0.03131,0.04367,0.04367,False,True,1,0.0,1.0,1.0,0.0,438.0693959671897,438.0693959671897,0.0,0.0,0.0,0.15668784534991487,0.0,0.0,0.0,0.0,False,no_shock_central_capacity
2033Q4,2033-12-31,2033,4,2034,42774.423913041785,27796.199999999968,0.017765412373738743,0.019681678339410258,0.022563340221916306,228.68725,439.5035194057765,78.87532390674176,261.80996209941856,73.81292718295788,16.227139406398464,8.778166810259863,5.687777001067564,21.44275444506103,0.0,466.6340508519051,695.3213008519051,-17.2085,0.0,47906.786802885574,48584.89960373749,1.135839951988789,0.021385419517505087,0.043636735054625,0.06502215457213009,48002.13556674286,582.7640369946275,10218.148189327898,24580.22526779895,8199.778595771528,32780.00386357048,3900.9609108157456,1103.0226030287372,0.21286861654562095,19.67942948546002,15282.966143242564,19820.14767398725,0.318380962905138,0.41290137282390343,11276.614803033754,11276.614803033754,0,0.0,0.0,0.0,0.0,0.0,0.0,0.0,0.0,0.0,0.0,0.0,none,1087.7530124237749,12364.367815457528,656.6700464068442,656.6700464068442,0.0,11933.284849440597,0.2154110468670722,0.5181811771623273,0.1728613500867164,0.0702933619006643,0.0232530639832198,0.037185979214486325,0.038961832507940046,0.0328272673473917,0.845618564311454,10693.798499326631,7.275957614183426e-12,0.03128,0.04369,0.04369,0.0175,228.68725,-0.0,0.0,-0.0003183216605897425,0.0,0.0,0.03128,0.0,0.0,0.0,0.0,False,0.0,0.0,0.0,0.0,0.0,0.03128,0.04369,0.04369,False,True,1,0.0,1.0,1.0,0.0,445.19129640684406,445.19129640684406,0.0,0.0,0.0,0.15668784534991487,0.0,0.0,0.0,0.0,False,no_shock_central_capacity
2034Q1,2034-03-31,2034,1,2034,43170.439807305294,27917.299999999963,0.01754105922100746,0.019664438509282567,0.022572136924965847,228.68725,446.33802407605197,79.90591884054416,265.9624336811459,75.0527715140895,16.52102274684572,8.895877293426738,5.687777001067564,21.82933963159045,0.0,473.85514070871,702.54239070871,-17.2085,0.0,48584.89960373749,49270.23349444619,1.1412956114037247,0.021189244401564014,0.04390551894525979,0.0650947633468238,48687.46945745157,582.7640369946275,10361.074399276487,24924.04083712865,8314.472888259399,33238.51372538805,3969.4302159789354,1118.4511168080908,0.21280782334212556,19.77721031436726,15372.066793035056,19691.291425271596,0.3157294261610546,0.4044426963385312,11519.44785721845,11519.44785721845,0,0.0,0.0,0.0,0.0,0.0,0.0,0.0,0.0,0.0,0.0,0.0,none,1103.0226030287372,12622.470460247188,663.5045510771197,663.5045510771197,0.0,12182.95240829557,0.2154110468670722,0.5181811771623273,0.1728613500867164,0.0702933619006643,0.0232530639832198,0.03722469625295677,0.03901254460324193,0.03274159867022558,0.8515275060116088,11167.653640035342,-7.275957614183426e-12,0.0312599999999999,0.04371,0.04371,0.0175,228.68725,-0.0,0.0,-0.00033556149071743355,0.0,0.0,0.0312599999999999,0.0,0.0,0.0,0.0,False,0.0,0.0,0.0,0.0,0.0,0.0312599999999999,0.04371,0.04371,False,True,1,0.0,1.0,1.0,0.0,452.0258010771195,452.0258010771195,0.0,0.0,0.0,0.15668784534991487,0.0,0.0,0.0,0.0,False,no_shock_central_capacity
2034Q2,2034-06-30,2034,2,2034,43571.60204462971,28039.99999999996,0.017696739357757174,0.019646981729401825,0.022559374014152977,228.68725,453.18180846025876,80.97179643034549,270.10725348274235,76.30609339525071,16.781949150447073,9.01471600147321,5.687777001067564,22.200031017248385,0.0,481.0696164785747,709.7568664785747,-17.2085,0.0,49270.23349444619,49962.78186092478,1.1466822314623337,0.020994155759134974,0.044163592239351,0.06515774799848598,49380.017823930146,582.7640369946275,10505.47483598381,25271.402726706812,8430.350206555628,33701.75293326244,4038.751285140276,1134.038769543618,0.21274748975268154,19.83372579881568,15419.638811294115,19507.208424063898,0.3122647477826866,0.39504255534331684,11642.111018412828,11642.111018412828,0,0.0,0.0,0.0,0.0,0.0,0.0,0.0,0.0,0.0,0.0,0.0,none,1118.4511168080908,12760.56213522092,670.3483354613264,670.3483354613264,0.0,12312.459353874154,0.2154110468670722,0.5181811771623273,0.1728613500867164,0.0702933619006643,0.0232530639832198,0.03725891626155001,0.039055598673613065,0.03283045302211096,0.8561696600490522,11648.723256513917,1.4551915228366852e-11,0.03124,0.04373,0.04373,0.0175,228.68725,-0.0,0.0,-0.0003530182705981759,0.0,0.0,0.03124,0.0,0.0,0.0,0.0,False,0.0,0.0,0.0,0.0,0.0,0.03124,0.04373,0.04373,False,True,1,0.0,1.0,1.0,0.0,458.8695854613263,458.8695854613263,0.0,0.0,0.0,0.15668784534991487,0.0,0.0,0.0,0.0,False,no_shock_central_capacity
2034Q3,2034-09-30,2034,3,2034,43977.58425017203,28163.69999999996,0.01776333439337474,0.01968155262857385,0.022566712808094413,228.68725,460.0536930454889,82.04775846903357,274.2123504525082,77.57292217752422,17.083144560825186,9.137517385597702,5.687777001067564,22.5950133539232,0.0,488.33648340047966,717.0237334004796,-17.2085,0.0,49962.78186092478,50662.59709432525,1.1520095511869108,0.02080034671291481,0.04441685387924139,0.0652172005921562,50079.83305733062,582.7640369946275,10651.355552543588,25622.32549752866,8547.4154080989,34169.740905627565,4108.95038450838,1149.7862146510906,0.21268752114948306,19.94610262172013,15377.558343748457,19230.02775828682,0.3070608946747978,0.38398745731186,11877.142505721233,11877.142505721231,0,0.0,0.0,0.0,0.0,0.0,0.0,0.0,0.0,0.0,0.0,0.0,none,1134.038769543618,13011.18127526485,677.2202200465565,677.2202200465565,0.0,12554.362725767787,0.2154110468670722,0.5181811771623273,0.1728613500867164,0.0702933619006643,0.0232530639832198,0.03730378441901439,0.03909602029445051,0.03274315722955823,0.8620052531864724,12137.059739914395,-7.275957614183426e-12,0.03123,0.04375,0.04375,0.0175,228.68725,-0.0,0.0,-0.00031844737142614973,0.0,0.0,0.03123,0.0,0.0,0.0,0.0,False,0.0,0.0,0.0,0.0,0.0,0.03123,0.04375,0.04375,False,True,1,0.0,0.9999999999999999,1.0,0.0,465.74147004655646,465.74147004655646,0.0,0.0,0.0,0.15668784534991487,0.0,0.0,0.0,0.0,False,no_shock_central_capacity
2034Q4,2034-12-31,2034,4,2035,44387.20338625174,28287.799999999956,0.0177423648279893,0.01968916041410429,0.02257322550837304,189.9905,467.13274474597466,83.16045847648407,278.48934364112586,78.85332281940374,17.37096631548301,9.258653493477908,5.709630652454863,22.9943250622723,0.0,495.8367004607018,685.8272004607018,-17.416,0.0,50662.59709432525,51331.00829478595,1.1564370894942424,0.017121195795709594,0.04468285114932739,0.06180404694503698,50748.244257791324,582.7640369946275,10790.385477338838,25956.768373783052,8658.983040549021,34615.75141433207,4177.313231569828,1164.79413455058,0.21262578903273488,19.87818230041135,15332.425111706523,19190.844554185565,0.3021272033337893,0.3781578029911688,11763.68304699446,11763.68304699446,0,0.0,0.0,0.0,0.0,0.0,0.0,0.0,0.0,0.0,0.0,0.0,none,1149.7862146510906,12913.46926164555,645.4168753984295,645.4168753984295,0.0,12409.099922392888,0.2154110468670722,0.5181811771623273,0.1728613500867164,0.0702933619006643,0.0232530639832198,0.037325509499468765,0.03914814706696044,0.032611553476163936,0.8664438934921588,12632.896440375098,0.0,0.03121,0.0437699999999999,0.0437699999999999,0.0175,189.9905,-0.0,0.0,-0.0003108395858957107,0.0,0.0,0.03121,0.0,0.0,0.0,0.0,False,0.0,0.0,0.0,0.0,0.0,0.03121,0.0437699999999999,0.0437699999999999,False,True,1,0.0,0.9999999999999999,1.0,0.0,472.8423753984295,472.8423753984295,0.0,0.0,0.0,0.15668784534991487,0.0,0.0,0.0,0.0,False,no_shock_central_capacity
2035Q1,2035-03-31,2035,1,2035,44800.92530649948,28412.399999999954,0.017735654711652504,0.019722056747187633,0.02256874260208286,189.9905,473.64640832577754,84.19198268693629,282.3359255892643,80.07415163748921,17.667755628955234,9.376592783132173,5.709630652454863,23.372290273265083,0.0,502.7283292514975,692.7188292514975,-17.416,0.0,51331.00829478595,52006.31112403744,1.160831183022299,0.0169630871416343,0.04488553089581517,0.06184861803744947,51423.54708704282,582.7640369946275,10930.818517224754,26294.586507898865,8771.676633679559,35066.26314157843,4246.511911153587,1179.953517086056,0.21256445998800014,19.892383030316644,15256.66864188335,19092.540823424664,0.29668643075241247,0.3712801217525387,12038.743622223179,12038.74362222318,0,0.0,0.0,0.0,0.0,0.0,0.0,0.0,0.0,0.0,0.0,0.0,none,1164.79413455058,13203.537756773761,651.9305389782323,651.9305389782323,0.0,12690.674161201414,0.2154110468670722,0.5181811771623273,0.1728613500867164,0.0702933619006643,0.0232530639832198,0.037341936312490144,0.03917541041581785,0.032555639893990955,0.872212756150289,13135.624769626595,-7.275957614183426e-12,0.0312,0.0437899999999999,0.0437899999999999,0.0175,189.9905,-0.0,0.0,-0.0002779432528123675,0.0,0.0,0.0312,0.0,0.0,0.0,0.0,False,0.0,0.0,0.0,0.0,0.0,0.0312,0.0437899999999999,0.0437899999999999,False,True,1,0.0,1.0,1.0,0.0,479.3560389782324,479.3560389782324,0.0,0.0,0.0,0.15668784534991487,0.0,0.0,0.0,0.0,False,no_shock_central_capacity
2035Q2,2035-06-30,2035,2,2035,45218.33639157957,28537.399999999954,0.017714424126451522,0.01972826196496369,0.022573755489187608,189.9905,480.160351472469,85.26038443435307,286.1999752998175,81.30786474828577,17.896451061262617,9.495675928750034,5.709630652454863,23.764694049647908,0.0,509.6346761745718,699.6251761745718,-17.416,0.0,52006.31112403744,52688.520300212025,1.1652025373941783,0.016806500650950927,0.045082125247710304,0.06188862589866124,52105.756263217394,582.7640369946275,11072.65473242313,26635.780044742405,8885.496235816821,35521.27628055923,4316.5608814767365,1195.2643687583052,0.21250348380874692,19.84617130602467,15169.146019556361,19059.52126089834,0.2911222695421196,0.3657853302160567,12114.239973764365,12114.239973764365,0,0.0,0.0,0.0,0.0,0.0,0.0,0.0,0.0,0.0,0.0,0.0,none,1179.953517086056,13294.19349085042,658.4444821249238,658.4444821249238,0.0,12772.684455889288,0.2154110468670722,0.5181811771623273,0.1728613500867164,0.0702933619006643,0.0232530639832198,0.03736516278847409,0.03919791003511629,0.032634062681467964,0.8764660861822213,13645.259445801166,7.275957614183426e-12,0.03119,0.04381,0.04381,0.0175,189.9905,-0.0,0.0,-0.0002717380350363112,0.0,0.0,0.03119,0.0,0.0,0.0,0.0,False,0.0,0.0,0.0,0.0,0.0,0.03119,0.04381,0.04381,False,True,1,0.0,1.0,1.0,0.0,485.86998212492387,485.86998212492387,0.0,0.0,0.0,0.15668784534991487,0.0,0.0,0.0,0.0,False,no_shock_central_capacity
2035Q3,2035-09-30,2035,3,2035,45639.620134528195,28662.899999999958,0.017707331988727093,0.01973390522034224,0.022567910616891007,189.9905,486.83328894602835,86.33902527606936,290.12368225361274,82.55447394069414,18.20020562899155,9.615901846660563,5.709630652454863,24.15050537362299,0.0,516.6934249721062,706.6839249721062,-17.416,0.0,52688.520300212025,53377.78822518412,1.1695493535626886,0.016651365584549604,0.04528463851794481,0.06193600410249441,52795.0241881895,582.7640369946275,11215.928372068365,26980.431372181116,9000.469330934808,35980.90070311593,4387.464726332632,1210.7303866725824,0.2124429062119347,19.80448693008334,15078.462709686672,19031.94122894528,0.28560386024143153,0.36048740428842946,12256.763826173914,12256.763826173912,0,0.0,0.0,0.0,0.0,0.0,0.0,0.0,0.0,0.0,0.0,0.0,none,1195.2643687583052,13452.028194932218,665.1174195984831,665.1174195984831,0.0,12921.881245772394,0.2154110468670722,0.5181811771623273,0.1728613500867164,0.0702933619006643,0.0232530639832198,0.0373890022345888,0.039226261965836756,0.032503730292093996,0.8807995296090116,14161.952870773272,-1.4551915228366852e-11,0.03118,0.04382,0.04382,0.0175,189.9905,-0.0,0.0,-0.00026609477965775993,0.0,0.0,0.03118,0.0,0.0,0.0,0.0,False,0.0,0.0,0.0,0.0,0.0,0.03118,0.04382,0.04382,False,True,1,0.0,0.9999999999999999,1.0,0.0,492.5429195984832,492.5429195984832,0.0,0.0,0.0,0.15668784534991487,0.0,0.0,0.0,0.0,False,no_shock_central_capacity
2035Q4,2035-12-31,2035,4,2036,46065.09112612179,28788.899999999954,0.01769999094559438,0.019764486694536787,0.022571471840996393,242.76275,493.5881922398168,87.4281616602729,294.11683561602854,83.81400419771168,18.491891630989606,9.737299134814242,5.7387688543045945,24.55104300793973,0.0,523.8780041020611,766.6407541020611,-16.55475,0.0,53377.78822518412,54127.874229286186,1.1750302214987325,0.021079975666201456,0.04549023925017177,0.06657021491637322,53545.110192291555,582.7640369946275,11372.21661757631,27356.389932393293,9125.886283844651,36482.276216237944,4463.016060932345,1227.6012975449667,0.21238571695410338,19.64239023891532,15240.79076708634,19048.939093301484,0.2846345952478856,0.3557549704332068,12145.498565468668,12145.498565468668,0,0.0,0.0,0.0,0.0,0.0,0.0,0.0,0.0,0.0,0.0,0.0,none,1210.7303866725824,13356.22895214125,725.5349610941214,725.5349610941214,0.0,12871.03352656279,0.2154110468670722,0.5181811771623273,0.1728613500867164,0.0702933619006643,0.0232530639832198,0.03740781557768157,0.039258127511165086,0.0322019722593386,0.884154065468625,14685.830874875333,7.275957614183426e-12,0.03117,0.04384,0.04384,0.0175,242.76275,-0.0,0.0,-0.00023551330546321345,0.0,0.0,0.03117,0.0,0.0,0.0,0.0,False,0.0,0.0,0.0,0.0,0.0,0.03117,0.04384,0.04384,False,True,1,0.0,1.0,1.0,0.0,499.3269610941214,499.3269610941214,0.0,0.0,0.0,0.15668784534991487,0.0,0.0,0.0,0.0,False,no_shock_central_capacity
2036Q1,2036-03-31,2036,1,2036,46494.040876359606,28915.29999999995,0.017678326506116004,0.019743412449576114,0.022574269177581208,242.76275,500.85306973806405,88.61799799246339,298.35682845369416,85.18857400160356,18.81975485804156,9.869914432261535,5.7387688543045945,24.976876769482605,0.0,531.5687153618512,774.3314653618512,-16.55475,0.0,54127.874229286186,54885.650944648034,1.180487862747917,0.020885493747086658,0.045732201834246936,0.0666176955813336,54302.88690765341,582.7640369946275,11530.069797951513,27736.113015379447,9252.559053287056,36988.67206866651,4539.503901956749,1244.6411390786486,0.2123288549568158,19.565703955516383,15375.777810883383,19051.92490970535,0.28314844175837606,0.3508455258024263,12406.600223974126,12406.600223974128,0,0.0,0.0,0.0,0.0,0.0,0.0,0.0,0.0,0.0,0.0,0.0,none,1227.6012975449667,13634.201521519095,732.7998385923686,732.7998385923686,0.0,13139.400062566498,0.2154110468670722,0.5181811771623273,0.1728613500867164,0.0702933619006643,0.0232530639832198,0.03742381264418497,0.03928243796237932,0.032151104680632765,0.8890409139789222,15217.399590237184,0.0,0.03116,0.04385,0.04385,0.0175,242.76275,-0.0,0.0,-0.0002565875504238861,0.0,0.0,0.03116,0.0,0.0,0.0,0.0,False,0.0,0.0,0.0,0.0,0.0,0.03116,0.04385,0.04385,False,True,1,0.0,1.0,1.0,0.0,506.5918385923686,506.5918385923686,0.0,0.0,0.0,0.15668784534991487,0.0,0.0,0.0,0.0,False,no_shock_central_capacity
2036Q2,2036-06-30,2036,2,2036,46926.90943172654,29041.99999999995,0.017642589134278408,0.019772661061247865,0.022576315037704076,242.76275,508.16186030928066,89.8192437260423,302.63218019222234,86.55181241448275,19.151709218341033,10.006914758192334,5.7387688543045945,25.407217489929266,0.0,539.3078466535145,782.0705966535145,-16.55475,0.0,54885.650944648034,55651.166791301555,1.1859116115939372,0.020692839391282986,0.04597002898204049,0.06666286837332347,55068.402754306924,582.7640369946275,11689.497372554995,28119.623376067433,9380.495230135102,37500.11860620254,4616.93584316228,1261.8509323871224,0.21227231566364532,19.403866501107856,15589.631884809096,19168.68508038528,0.2830957700800542,0.34808863380164207,12484.761538909113,12484.761538909113,0,0.0,0.0,0.0,0.0,0.0,0.0,0.0,0.0,0.0,0.0,0.0,none,1244.6411390786486,13729.402677987762,740.1086291635852,740.1086291635852,0.0,13224.870168072699,0.2154110468670722,0.5181811771623273,0.1728613500867164,0.0702933619006643,0.0232530639832198,0.03744315759312348,0.03930410497981736,0.03217310398203478,0.8924093483036848,15756.7074368907,7.275957614183426e-12,0.03116,0.0438699999999999,0.0438699999999999,0.0175,242.76275,-0.0,0.0,-0.0002273389387521356,0.0,0.0,0.03116,0.0,0.0,0.0,0.0,False,0.0,0.0,0.0,0.0,0.0,0.03116,0.0438699999999999,0.0438699999999999,False,True,1,0.0,1.0,1.0,0.0,513.9006291635852,513.9006291635852,0.0,0.0,0.0,0.15668784534991487,0.0,0.0,0.0,0.0,False,no_shock_central_capacity
2036Q3,2036-09-30,2036,3,2036,47363.26883080593,29168.899999999947,0.01759302613883751,0.01977588746711989,0.022577621701592054,242.76275,515.5890366730866,91.06118453220341,306.942984835521,87.9549524340637,19.48778800223724,10.142126869061498,5.7387688543045945,25.84208063552641,0.0,547.1698861629176,789.9326361629176,-16.55475,0.0,55651.166791301555,56424.544677464466,1.1913144103087099,0.020502195561477185,0.04621048332770718,0.06671267888918436,55841.78064046984,582.7640369946275,11850.524842994271,28506.9823597466,9509.715278716729,38016.69763846333,4695.32472870945,1279.2334303027988,0.2122160988972103,19.235174260180628,15813.778739624866,19229.66223156282,0.28318901292635806,0.34435976093546405,12639.727343275317,12639.727343275319,0,0.0,0.0,0.0,0.0,0.0,0.0,0.0,0.0,0.0,0.0,0.0,none,1261.8509323871224,13901.578275662441,747.5358055273912,747.5358055273912,0.0,13387.263148802711,0.2154110468670722,0.5181811771623273,0.1728613500867164,0.0702933619006643,0.0232530639832198,0.037459537919662625,0.03932854728562075,0.03215061170646742,0.89573434831931,16303.877323053617,-7.275957614183426e-12,0.03115,0.04389,0.04389,0.0175,242.76275,-0.0,0.0,-0.0002241125328801101,0.0,0.0,0.03115,0.0,0.0,0.0,0.0,False,0.0,0.0,0.0,0.0,0.0,0.03115,0.04389,0.04389,False,True,1,0.0,1.0,1.0,0.0,521.3278055273912,521.3278055273912,0.0,0.0,0.0,0.15668784534991487,0.0,0.0,0.0,0.0,False,no_shock_central_capacity
2036Q4,2036-12-31,2036,4,2037,47803.10567352211,29295.799999999945,0.017515988152144724,0.01980359078796723,0.022578201318361746,245.031015,523.0621921751867,92.28596221481789,311.29352424906267,89.37281941712558,19.828047598121866,10.281838696058744,5.894658234200658,26.2815108209958,0.0,555.2383612303831,800.2693762303832,0.0,0.0,56424.544677464466,57224.81405369485,1.197094064233391,0.02050335529858441,0.0464604425513656,0.06696379784995,56642.050016700225,582.7640369946275,12017.250379344518,28908.048302953794,9643.507866082131,38551.556169035925,4776.012448660387,1297.2310196593987,0.2121612896390822,19.058004086540812,15835.245211084182,19310.690579703456,0.2795669508150809,0.34092499431093914,12785.776388950979,12785.776388950979,0,0.0,0.0,0.0,0.0,0.0,0.0,0.0,0.0,0.0,0.0,0.0,none,1279.2334303027988,14065.009819253777,773.9878654093874,773.9878654093874,0.0,13559.764254360367,0.2154110468670722,0.5181811771623273,0.1728613500867164,0.0702933619006643,0.0232530639832198,0.0374779852606088,0.03936147748496701,0.03215450796767611,0.897155875191309,16859.115684284,0.0,0.03115,0.0438999999999999,0.0438999999999999,0.0175,245.031015,-0.0,0.0,-0.00019640921203277137,0.0,0.0,0.03115,0.0,0.0,0.0,0.0,False,0.0,0.0,0.0,0.0,0.0,0.03115,0.0438999999999999,0.0438999999999999,False,True,1,0.0,1.0,1.0,0.0,528.9568504093874,528.9568504093874,0.0,0.0,0.0,0.15668784534991487,0.0,0.0,0.0,0.0,False,no_shock_central_capacity
2037Q1,2037-03-31,2037,1,2037,48236.208408672086,29422.887487607255,0.01746555549210771,0.01893970235169573,0.022578065905819455,245.031015,530.8197956664242,93.58433732914543,315.7893794379551,90.84119306346088,20.17839151535063,10.426494320512418,5.894658234200658,26.732991551236026,0.0,563.4474454518609,808.4784604518609,0.0,0.0,57224.81405369485,58033.29251414671,1.2031064303908527,0.020319259998548923,0.04672402446545215,0.06704328446400108,57450.52847715208,582.7640369946275,12185.646989183992,29313.13409027003,9778.641443260469,39091.7755335305,4857.696957371259,1315.4089970663374,0.21210678669440247,18.936235521626973,15871.683213089853,19382.100487581458,0.2762669662717198,0.33737027319582735,13029.333488071607,13029.333488071608,0,0.0,0.0,0.0,0.0,0.0,0.0,0.0,0.0,0.0,0.0,0.0,none,1297.2310196593987,14326.564507731007,781.7454689006248,781.7454689006248,0.0,13811.078956972233,0.2154110468670722,0.5181811771623273,0.1728613500867164,0.0702933619006643,0.0232530639832198,0.037494475888296366,0.03938483364389233,0.03212554307701691,0.8988402390015676,17422.56312973586,0.0,0.03115,0.0438999999999999,0.0438999999999999,0.0175,245.031015,-0.0,0.0,-0.0010602976483042696,0.0,0.0,0.03115,0.0,0.0,0.0,0.0,False,0.0,0.0,0.0,0.0,0.0,0.03115,0.0438999999999999,0.0438999999999999,False,True,1,0.0,1.0,1.0,0.0,536.7144539006248,536.7144539006248,0.0,0.0,0.0,0.15668784534991487,0.0,0.0,0.0,0.0,False,no_shock_central_capacity
2037Q2,2037-06-30,2037,2,2037,48673.235114379044,29550.526290744652,0.01746555549210771,0.01893970235169662,0.022399155671420257,245.031015,538.6327566146374,94.89572592827032,320.3258581507994,92.3063753932012,20.532197328445882,10.572599813920684,5.894658234200658,26.9765290085275,0.0,571.5039438573655,816.5349588573655,0.0,0.0,58033.29251414671,58849.82747300407,1.2090798430535936,0.02013681765135952,0.04696658790108092,0.06710340555244045,58267.06343600945,582.7640369946275,12355.72659712045,29722.268406887542,9915.125579416484,39637.39398630403,4940.174202830873,1333.768649754103,0.2120533603120374,18.803548843741396,15945.678492306748,19492.332484144066,0.2736653874760438,0.33453432067245165,13194.493904345842,13194.493904345842,0,0.0,0.0,0.0,0.0,0.0,0.0,0.0,0.0,0.0,0.0,0.0,none,1315.4089970663374,14509.902901412179,789.558429848838,789.558429848838,0.0,13984.05233419468,0.2154110468670722,0.5181811771623273,0.1728613500867164,0.0702933619006643,0.0232530639832198,0.03750984889515558,0.0393914540497974,0.03219443125980197,0.9005743635527983,17994.067073593225,-7.275957614183426e-12,0.03115,0.0438999999999999,0.0438999999999999,0.0175,245.031015,-0.0,0.0,-0.0010602976483033814,0.0,0.0,0.03115,0.0,0.0,0.0,0.0,False,0.0,0.0,0.0,0.0,0.0,0.03115,0.0438999999999999,0.0438999999999999,False,True,1,0.0,1.0,1.0,0.0,544.527414848838,544.527414848838,0.0,0.0,0.0,0.15668784534991487,0.0,0.0,0.0,0.0,False,no_shock_central_capacity
2037Q3,2037-09-30,2037,3,2037,49114.22134235779,29678.718801062332,0.017465555492108598,0.01893970235169573,0.022399155671420257,245.031015,546.5125573413764,96.22022087507553,324.9058250030087,93.77596189888756,20.8903840420058,10.720165522398602,5.894658234200658,27.43455465817378,0.0,579.8417702337507,824.8727852337507,0.0,0.0,58849.82747300407,59674.70025823783,1.2150187588695889,0.019956013415501454,0.04722394079644506,0.06717995421194652,59091.9362212432,582.7640369946275,12527.50360118056,30135.485887921437,10052.971828564541,40188.45771648598,5023.6633716243205,1352.3115319523426,0.2120002220654431,18.649499591455022,15954.341449809126,19549.08490822417,0.26999185455821356,0.3308249172108933,13368.943991055081,13368.94399105508,0,0.0,0.0,0.0,0.0,0.0,0.0,0.0,0.0,0.0,0.0,0.0,none,1333.768649754103,14702.712640809183,797.438230575577,797.438230575577,0.0,14166.382221630656,0.2154110468670722,0.5181811771623273,0.1728613500867164,0.0702933619006643,0.0232530639832198,0.03752653627648407,0.03941162073922742,0.03217814899592236,0.9019123674655222,18573.908843826975,7.275957614183426e-12,0.03115,0.0438999999999999,0.0438999999999999,0.0175,245.031015,-0.0,0.0,-0.0010602976483042696,0.0,0.0,0.03115,0.0,0.0,0.0,0.0,False,0.0,0.0,0.0,0.0,0.0,0.03115,0.0438999999999999,0.0438999999999999,False,True,1,0.0,1.0000000000000002,1.0,4.440892098500626e-13,552.407215575577,552.407215575577,0.0,0.0,0.0,0.15668784534991487,0.0,0.0,0.0,0.0,False,no_shock_central_capacity
2037Q4,2037-12-31,2037,4,2038,49559.202966426594,29807.46742058563,0.01746555549210682,0.01893970235169573,0.022399155671420257,254.402365,554.4962957390519,97.55793429419363,329.52733636914587,95.28882448328747,21.25299665435799,10.869203938066951,5.91068424521801,27.898199880100705,0.0,588.3051798643706,842.7075448643707,0.0,0.0,59674.70025823783,60517.40780310219,1.2211134195216806,0.02053320875013607,0.047483021893060896,0.06801623064319696,59934.64376610757,582.7640369946275,12703.022535180695,30557.704753468253,10193.820872001796,40751.52562547005,5108.8372596714435,1371.2583457853868,0.21194791087361273,18.386329236614145,16189.426039144297,20588.317399783744,0.2701179989043207,0.3435128017132927,13317.26300943905,13317.26300943905,0,0.0,0.0,0.0,0.0,0.0,0.0,0.0,0.0,0.0,0.0,0.0,none,1352.3115319523426,14669.574541391392,814.80934498427,814.80934498427,0.0,14132.072354423319,0.2154110468670722,0.5181811771623273,0.1728613500867164,0.0702933619006643,0.0232530639832198,0.03754115323037629,0.03943414393828699,0.031993965421201156,0.9032420584499053,19162.214023691347,-1.4551915228366852e-11,0.03115,0.0438999999999999,0.0438999999999999,0.0175,254.402365,-0.0,0.0,-0.0010602976483042696,0.0,0.0,0.03115,0.0,0.0,0.0,0.0,False,0.0,0.0,0.0,0.0,0.0,0.03115,0.0438999999999999,0.0438999999999999,False,True,1,0.0,1.0,1.0,0.0,560.4069799842699,560.4069799842699,0.0,0.0,0.0,0.15668784534991487,0.0,0.0,0.0,0.0,False,no_shock_central_capacity
2038Q1,2038-03-31,2038,1,2038,50028.44495100026,29936.599810103187,0.017441798459170377,0.020613213981166334,0.022399155671420257,254.402365,562.6233284180754,98.92478799271967,334.21941388579546,96.83464273501133,21.622994850298944,11.021488954250048,5.91068424521801,28.371200950738853,0.0,596.9052136140323,851.3075786140323,0.0,0.0,60517.40780310219,61368.71538171623,1.2266764526025755,0.020340617442670565,0.047725266231933745,0.06806588367460431,60785.9513447216,582.7640369946275,12880.292121798142,30984.13489437552,10336.074765280144,41320.209659655666,5195.055425238491,1390.3941380293106,0.21189587128040585,18.18863510438797,16401.439606198364,21632.757275622767,0.26982286603008965,0.3558841606828165,13583.823505142213,13583.82350514221,0,0.0,0.0,0.0,0.0,0.0,0.0,0.0,0.0,0.0,0.0,0.0,none,1371.2583457853868,14955.081850927598,822.9363776632935,822.9363776632935,0.0,14406.759882805503,0.2154110468670722,0.5181811771623273,0.1728613500867164,0.0702933619006643,0.0232530639832198,0.03755491656303802,0.03945345547886697,0.03197940384851099,0.9049179980301996,19759.11923730538,7.275957614183426e-12,0.03115,0.0438999999999999,0.0438999999999999,0.0175,254.402365,-0.0,0.0,0.0006132139811663335,0.0,0.0,0.03115,0.0,0.0,0.0,0.0,False,0.0,0.0,0.0,0.0,0.0,0.03115,0.0438999999999999,0.0438999999999999,False,True,1,0.0,1.0,1.0,0.0,568.5340126632934,568.5340126632934,0.0,0.0,0.0,0.15668784534991487,0.0,0.0,0.0,0.0,False,no_shock_central_capacity
2038Q2,2038-06-30,2038,2,2038,50502.12986497769,30066.291629034426,0.017441798459170377,0.020613213981166334,0.022624692238107036,254.402365,570.8255314511675,100.30527489850301,338.95708200031777,98.38910763525053,21.998774032685525,11.175292884410585,5.91068424521801,29.138069836340414,0.0,605.8742855327259,860.276650532726,0.0,0.0,61368.71538171623,62228.99203224896,1.2322052990363808,0.020149832546086214,0.04798801849764271,0.06813785104372894,61646.22799525433,582.7640369946275,13059.328553557563,31414.8152625058,10479.746502448479,41894.56176495428,5282.617020117326,1409.7206566251662,0.21184310830117456,18.00401628876548,16616.942517501637,22724.02739467927,0.2695532728909358,0.3686199161517006,13793.824484063458,13793.824484063458,0,0.0,0.0,0.0,0.0,0.0,0.0,0.0,0.0,0.0,0.0,0.0,none,1390.3941380293106,15184.218622092769,831.1385806963856,831.1385806963856,0.0,14624.963064759844,0.2154110468670722,0.5181811771623273,0.1728613500867164,0.0702933619006643,0.0232530639832198,0.037568214068473826,0.039490758883522985,0.03198996464150208,0.9066086558868205,20364.993522838104,7.275957614183426e-12,0.03115,0.0438999999999999,0.0438999999999999,0.0175,254.402365,-0.0,0.0,0.0006132139811663335,0.0,0.0,0.03115,0.0,0.0,0.0,0.0,False,0.0,0.0,0.0,0.0,0.0,0.03115,0.0438999999999999,0.0438999999999999,False,True,1,0.0,1.0,1.0,0.0,576.7362156963856,576.7362156963856,0.0,0.0,0.0,0.15668784534991487,0.0,0.0,0.0,0.0,False,no_shock_central_capacity
2038Q3,2038-09-30,2038,3,2038,50980.29977539962,30196.54530094844,0.01744179845916949,0.020613213981166334,0.022624692238107036,254.402365,579.1094929934401,101.69952111082952,343.73939195420206,99.96075266251194,22.379197488271707,11.33062977762477,5.91068424521801,29.629186033901263,0.0,614.6493632725594,869.0517282725594,0.0,0.0,62228.99203224896,63098.04376052151,1.2376946396648942,0.01996083711714548,0.04822642204776964,0.06818725916491512,62515.27972352689,582.7640369946275,13240.149442145012,31849.78822357962,10624.850216393077,42474.638439972696,5371.252038700384,1429.2398027087986,0.21179061344201644,17.758209089265158,16845.97467178721,23918.26256200547,0.2694697159844496,0.3825986649629293,13909.099919552551,13909.099919552551,0,0.0,0.0,0.0,0.0,0.0,0.0,0.0,0.0,0.0,0.0,0.0,none,1409.7206566251662,15318.820576177717,839.4225422386581,839.4225422386581,0.0,14748.52246179121,0.2154110468670722,0.5181811771623273,0.1728613500867164,0.0702933619006643,0.0232530639832198,0.03758141334796657,0.03950887476718436,0.03200080253225988,0.9078582279154715,20979.64288611066,-7.275957614183426e-12,0.03115,0.0438999999999999,0.0438999999999999,0.0175,254.402365,-0.0,0.0,0.0006132139811663335,0.0,0.0,0.03115,0.0,0.0,0.0,0.0,False,0.0,0.0,0.0,0.0,0.0,0.03115,0.0438999999999999,0.0438999999999999,False,True,1,0.0,1.0,1.0,0.0,585.0201772386581,585.0201772386581,0.0,0.0,0.0,0.15668784534991487,0.0,0.0,0.0,0.0,False,no_shock_central_capacity
2038Q4,2038-12-31,2038,4,2039,51462.997147610695,30327.36325991377,0.017441798459170377,0.020613213981167222,0.022624692238107036,260.45804,587.480110508128,103.10766378070427,348.56734933969994,101.5532659230539,22.764316550397478,11.487514914271967,5.922339525957902,30.1263228592124,0.0,623.5287728932983,883.9868128932983,0.0,0.0,63098.04376052151,63982.03057341481,1.243262812499939,0.020244296246713447,0.048464240907294086,0.06870853715400753,63399.26653642019,582.7640369946275,13424.080424181686,32292.242657437884,10772.449693486074,43064.69235092396,5461.3990859982405,1449.0946753163046,0.21173873386169415,17.510209935944076,17834.296661922504,25035.50140009587,0.2813013089304031,0.3948862939244579,14088.980524537315,14088.980524537317,0,0.0,0.0,0.0,0.0,0.0,0.0,0.0,0.0,0.0,0.0,0.0,none,1429.2398027087986,15518.220327246116,853.8604900340858,853.8604900340858,0.0,14942.841014571402,0.2154110468670722,0.5181811771623273,0.1728613500867164,0.0702933619006643,0.0232530639832198,0.03759427696823542,0.03952761358243064,0.03200936286274808,0.909094684979475,21603.17165900396,0.0,0.03115,0.0438999999999999,0.0438999999999999,0.0175,260.45804,-0.0,0.0,0.0006132139811672217,0.0,0.0,0.03115,0.0,0.0,0.0,0.0,False,0.0,0.0,0.0,0.0,0.0,0.03115,0.0438999999999999,0.0438999999999999,False,True,1,0.0,1.0,1.0,0.0,593.4024500340859,593.4024500340859,0.0,0.0,0.0,0.15668784534991487,0.0,0.0,0.0,0.0,False,no_shock_central_capacity
2039Q1,2039-03-31,2039,1,2039,51938.92936982024,30457.141414438727,0.017227156981449054,0.019937887724799763,0.022624692238107036,260.45804,595.9915499459554,104.54002630331489,353.47519427815416,103.17317018414954,23.156060727481997,11.647098452854799,5.922339525957902,30.631940363684727,0.0,632.545829835598,893.003869835598,0.0,0.0,63982.03057341481,64875.034443250406,1.2490637606586257,0.020058791596989856,0.04871458364739776,0.06877337524438762,64292.27040625578,582.7640369946275,13609.844864298007,32739.107559003383,10921.520469491474,43660.62802849486,5552.65004849327,1469.1474649696477,0.21168710917033876,17.314687372609647,18852.82351176939,26248.460312452997,0.2932362380833726,0.4082677458206385,14339.85359978557,14339.85359978557,0,0.0,0.0,0.0,0.0,0.0,0.0,0.0,0.0,0.0,0.0,0.0,none,1449.0946753163046,15788.948275101875,862.3719294719133,862.3719294719133,0.0,15202.225529257485,0.2154110468670722,0.5181811771623273,0.1728613500867164,0.0702933619006643,0.0232530639832198,0.037609898882394556,0.039545217566035004,0.03199469293582077,0.9107116930583249,22235.71748883956,-7.275957614183426e-12,0.03115,0.0438999999999999,0.0438999999999999,0.0175,260.45804,-0.0,0.0,-6.211227520023718e-05,0.0,0.0,0.03115,0.0,0.0,0.0,0.0,False,0.0,0.0,0.0,0.0,0.0,0.03115,0.0438999999999999,0.0438999999999999,False,True,1,0.0,1.0,1.0,0.0,601.9138894719133,601.9138894719133,0.0,0.0,0.0,0.15668784534991487,0.0,0.0,0.0,0.0,False,no_shock_central_capacity
2039Q2,2039-06-30,2039,2,2039,52419.26303564348,30587.47492121266,0.017227156981449054,0.019937887724799763,0.022796693476643037,260.45804,604.6388029331401,105.98666688072073,358.42885557415684,104.86138307083421,23.553624657734336,11.808272749693542,5.922339525957902,31.378527457680832,0.0,641.9396699167788,902.3977099167788,0.0,0.0,64875.034443250406,65777.43215316719,1.2548332109980365,0.019874986782847104,0.04898502060055897,0.06886000738340607,65194.668116172565,582.7640369946275,13797.472018232824,33190.453304301,11072.08602132278,44262.53932562378,5645.255442565971,1489.401329749981,0.21163497594077244,17.145639867143217,19915.427920494967,27341.54596685829,0.3054763295214111,0.41938316056977964,14560.60596397815,14560.605963978149,0,0.0,0.0,0.0,0.0,0.0,0.0,0.0,0.0,0.0,0.0,0.0,none,1469.1474649696477,16029.753428947797,871.019182459098,871.019182459098,0.0,15431.625146437247,0.2154110468670722,0.5181811771623273,0.1728613500867164,0.0702933619006643,0.0232530639832198,0.03762151484812605,0.03958007424124404,0.03197774466938422,0.9124934632834137,22877.657158756338,0.0,0.03115,0.0438999999999999,0.0438999999999999,0.0175,260.45804,-0.0,0.0,-6.211227520023718e-05,0.0,0.0,0.03115,0.0,0.0,0.0,0.0,False,0.0,0.0,0.0,0.0,0.0,0.03115,0.0438999999999999,0.0438999999999999,False,True,1,0.0,1.0,1.0,0.0,610.561142459098,610.561142459098,0.0,0.0,0.0,0.15668784534991487,0.0,0.0,0.0,0.0,False,no_shock_central_capacity
2039Q3,2039-09-30,2039,3,2039,52904.03884983833,30718.366156722746,0.017227156981449054,0.019937887724799763,0.02279669347664215,260.45804,613.3151610440073,107.44781334198811,363.4288667275785,106.51130818120174,23.956109605373282,11.971063187865472,5.922339525957902,31.90184891234748,0.0,651.1393494823127,911.5973894823127,0.0,0.0,65777.43215316719,66689.02954264951,1.2605659415141857,0.019692866228174254,0.04923173078187791,0.06892459701005217,66106.26550565488,582.7640369946275,13986.968155551294,33646.294975058,11224.151380130968,44870.44635518897,5738.994048474002,1509.8569464406073,0.21158309350200424,16.943734133844064,21070.3712196939,28593.730963560774,0.3187348590715882,0.4325419193603487,14695.180674147387,14695.180674147387,0,0.0,0.0,0.0,0.0,0.0,0.0,0.0,0.0,0.0,0.0,0.0,none,1489.401329749981,16184.582003897367,879.6955405699651,879.6955405699651,0.0,15574.876214717351,0.2154110468670722,0.5181811771623273,0.1728613500867164,0.0702933619006643,0.0232530639832198,0.037633334687553324,0.03959651984991392,0.0320060166216549,0.9142782920958467,23528.79650823865,1.4551915228366852e-11,0.03115,0.0438999999999999,0.0438999999999999,0.0175,260.45804,-0.0,0.0,-6.211227520023718e-05,0.0,0.0,0.03115,0.0,0.0,0.0,0.0,False,0.0,0.0,0.0,0.0,0.0,0.03115,0.0438999999999999,0.0438999999999999,False,True,1,0.0,1.0000000000000002,1.0,4.440892098500626e-13,619.2375005699652,619.2375005699652,0.0,0.0,0.0,0.15668784534991487,0.0,0.0,0.0,0.0,False,no_shock_central_capacity
2039Q4,2039-12-31,2039,4,2040,53393.29789360222,30849.817507625736,0.017227156981449054,0.019937887724799763,0.022796693476643037,264.33496,622.0867106433074,108.92351451135572,368.4744141563786,108.18975438766267,24.36355238089414,12.13547520701638,5.935451716790281,32.431574249555645,0.0,660.4537366096532,924.7886966096532,0.0,0.0,66689.02954264951,67613.81823925916,1.2663353062400158,0.01980285694483566,0.04947839992395684,0.0692812568687925,67031.05420226452,582.7640369946275,14179.191737458172,34108.69763917173,11378.405437061632,45487.10307623337,5834.15240487025,1530.6069837027285,0.21153168342948653,17.05596452105706,21390.125456428254,28809.14537553548,0.31910769882693607,0.4297880395645369,15639.867782254432,15639.867782254432,0,0.0,0.0,0.0,0.0,0.0,0.0,0.0,0.0,0.0,0.0,0.0,none,1509.8569464406073,17149.72472869504,892.3571223600976,892.3571223600976,0.0,16532.22490461453,0.2154110468670722,0.5181811771623273,0.1728613500867164,0.0702933619006643,0.0232530639832198,0.03764635886169259,0.03961393597351867,0.03254443299592784,0.9160774932385246,24189.250244848303,-1.4551915228366852e-11,0.03115,0.0438999999999999,0.0438999999999999,0.0175,264.33496,-0.0,0.0,-6.211227520023718e-05,0.0,0.0,0.03115,0.0,0.0,0.0,0.0,False,0.0,0.0,0.0,0.0,0.0,0.03115,0.0438999999999999,0.0438999999999999,False,True,1,0.0,1.0,1.0,0.0,628.0221623600976,628.0221623600976,0.0,0.0,0.0,0.15668784534991487,0.0,0.0,0.0,0.0,False,no_shock_central_capacity
2040Q1,2040-03-31,2040,1,2040,53889.0305474941,30984.73913358242,0.017609093307503265,0.01970258122673907,0.022796693476643926,264.33496,631.0080118081868,110.42045565545551,373.6416078519057,109.8664811523463,24.7772135169685,12.302253631510682,5.935451716790281,32.96932272513714,0.0,669.9127862501141,934.2477462501141,0.0,0.0,67613.81823925916,68548.06598550928,1.2720226229546978,0.01962068772174577,0.04972535445110291,0.06934604217284868,67965.30194851465,582.7640369946275,14373.337066188391,34575.72315362492,11534.201642156188,46109.9247957811,5930.47561799349,1551.5644685516504,0.21148051511750127,17.200709179989104,21779.242874277268,29117.283288841638,0.3204464962250233,0.42841394732416077,15928.193171611974,15928.193171611974,0,0.0,0.0,0.0,0.0,0.0,0.0,0.0,0.0,0.0,0.0,0.0,none,1530.6069837027285,17458.800155314704,901.278423524977,901.278423524977,0.0,16829.47159513695,0.2154110468670722,0.5181811771623273,0.1728613500867164,0.0702933619006643,0.0232530639832198,0.03765640369634969,0.039631708647457346,0.03253288317402353,0.9183054465553336,24859.16303109842,1.4551915228366852e-11,0.03115,0.0438999999999999,0.0438999999999999,0.0175,264.33496,-0.0,0.0,-0.00029741877326093166,0.0,0.0,0.03115,0.0,0.0,0.0,0.0,False,0.0,0.0,0.0,0.0,0.0,0.03115,0.0438999999999999,0.0438999999999999,False,True,1,0.0,1.0,1.0,0.0,636.943463524977,636.943463524977,0.0,0.0,0.0,0.15668784534991487,0.0,0.0,0.0,0.0,False,no_shock_central_capacity
2040Q2,2040-06-30,2040,2,2040,54389.36585516145,31120.25083904756,0.017609093307503265,0.01970258122673907,0.022246337554163054,264.33496,639.9702934339899,111.9323624029421,378.85626728393146,111.53897283782797,25.17199149330421,12.470699415983892,5.935451716790281,32.71120231872166,0.0,678.6169474695018,942.9519074695019,0.0,0.0,68548.06598550928,69491.01789297878,1.2776581745415627,0.019440194298563612,0.04990806101888775,0.06934825531745135,68908.25385598415,582.7640369946275,14569.412969385943,35047.39275372101,11691.547079352436,46738.93983307345,6027.17069961609,1572.7303539086524,0.21143204411819097,17.401530119324455,22004.157156404974,29241.514590375522,0.31932542076008624,0.4243543110450784,16198.787201741912,16198.787201741912,0,0.0,0.0,0.0,0.0,0.0,0.0,0.0,0.0,0.0,0.0,0.0,none,1551.5644685516504,17750.351670293563,910.2407051507802,910.2407051507802,0.0,17109.027906892694,0.2154110468670722,0.5181811771623273,0.1728613500867164,0.0702933619006643,0.0232530639832198,0.037698209248865494,0.0395994803186983,0.03261220738090717,0.9208800743955834,25537.77997856792,0.0,0.03115,0.0438999999999999,0.0438999999999999,0.0175,264.33496,-0.0,0.0,-0.00029741877326093166,0.0,0.0,0.03115,0.0,0.0,0.0,0.0,False,0.0,0.0,0.0,0.0,0.0,0.03115,0.0438999999999999,0.0438999999999999,False,True,1,0.0,1.0,1.0,0.0,645.9057451507801,645.9057451507801,0.0,0.0,0.0,0.15668784534991487,0.0,0.0,0.0,0.0,False,no_shock_central_capacity
2040Q3,2040-09-30,2040,3,2040,54894.34655016561,31256.35520473291,0.017609093307503265,0.01970258122673907,0.022246337554163054,264.33496,649.569830420913,113.45930349909302,384.12107815916096,113.75632036615463,25.592308176963694,12.640820219540796,5.935451716790281,33.24455117333714,0.0,688.7498333110404,953.0847933110405,0.0,0.0,69491.01789297878,70444.10268628981,1.2832669867363107,0.01926136125937381,0.05018730536716536,0.06944866662653917,69861.33864929518,582.7640369946275,14767.556718895286,35524.0366531932,11850.551905472454,47374.58855866565,6125.073913820807,1594.119457913421,0.21138382121517327,17.61522511907469,22299.61031701867,29334.727609053487,0.3191981537737632,0.41989930591387886,16432.522776117185,16432.522776117185,0,0.0,0.0,0.0,0.0,0.0,0.0,0.0,0.0,0.0,0.0,0.0,none,1572.7303539086524,18005.253130025838,919.8402421377033,919.8402421377033,0.0,17352.363018254888,0.2154110468670722,0.5181811771623273,0.1728613500867164,0.0702933619006643,0.0232530639832198,0.03774776161169658,0.03964540190628753,0.03261956539905772,0.9236230671383977,26226.52981187896,0.0,0.03115,0.0438999999999999,0.0438999999999999,0.0175,264.33496,-0.0,0.0,-0.00029741877326093166,0.0,0.0,0.03115,0.0,0.0,0.0,0.0,False,0.0,0.0,0.0,0.0,0.0,0.03115,0.0438999999999999,0.0438999999999999,False,True,1,0.0,1.0,1.0,0.0,655.5052821377033,655.5052821377033,0.0,0.0,0.0,0.15668784534991487,0.0,0.0,0.0,0.0,False,no_shock_central_capacity
2040Q4,2040-12-31,2040,4,2041,55404.01576282974,31393.054822636957,0.017609093307502377,0.01970258122673907,0.022246337554162166,273.20975999999996,659.420011171782,115.00234794839706,389.43448978604226,116.15252659675525,26.01791169760805,12.812735142979122,5.957305368177581,33.78456382220109,0.0,699.1618803621607,972.3716403621606,0.0,0.0,70444.10268628981,71416.47432665198,1.2890125985157364,0.01972490666882634,0.05047734325649547,0.07020224992532181,70833.71028965735,582.7640369946275,14969.738743628664,36010.39480938404,12012.797334697094,48023.19214408113,6224.834918689518,1615.944483258028,0.2113363634689406,17.776619392132076,22397.486237882866,29179.25977952838,0.31619812298824607,0.4119402987674491,16546.19572335825,16546.19572335825,0,0.0,0.0,0.0,0.0,0.0,0.0,0.0,0.0,0.0,0.0,0.0,none,1594.119457913421,18140.31518127167,938.5870765399595,938.5870765399595,0.0,17484.78279989821,0.2154110468670722,0.5181811771623273,0.1728613500867164,0.0702933619006643,0.0232530639832198,0.03779345326450381,0.039700236283837856,0.03267115594191694,0.9264376644730958,26925.691692241122,0.0,0.03115,0.0438999999999999,0.0438999999999999,0.0175,273.20975999999996,-0.0,0.0,-0.00029741877326093166,0.0,0.0,0.03115,0.0,0.0,0.0,0.0,False,0.0,0.0,0.0,0.0,0.0,0.03115,0.0438999999999999,0.0438999999999999,False,True,1,0.0,1.0,1.0,0.0,665.3773165399596,665.3773165399596,0.0,0.0,0.0,0.15668784534991487,0.0,0.0,0.0,0.0,False,no_shock_central_capacity
2041Q1,2041-03-31,2041,1,2041,55931.13799773581,31527.09931704546,0.017189212325988024,0.02105209487726678,0.022246337554163942,273.20975999999996,669.4077310514265,116.57684046600822,394.8465154960523,118.54456147245848,26.451659832720942,12.988153784186398,5.957305368177581,34.334823636758706,0.0,709.6998600563628,982.9096200563628,0.0,0.0,71416.47432665198,72399.38394670835,1.2944378844864413,0.01953900955929486,0.050755259804303836,0.0702942693635987,71816.61990971371,582.7640369946275,15174.072233557132,36501.92841401927,12176.76925466442,48678.697668683686,6325.8482537808495,1638.001753692043,0.21128914522339876,18.010293935507526,22520.95103281379,29006.386403651137,0.31358968245966795,0.4038951769119367,16915.044642658188,16915.044642658188,0,0.0,0.0,0.0,0.0,0.0,0.0,0.0,0.0,0.0,0.0,0.0,none,1615.944483258028,18530.989125916214,948.574796419604,948.574796419604,0.0,17863.619439077793,0.2154110468670722,0.5181811771623273,0.1728613500867164,0.0702933619006643,0.0232530639832198,0.03782996206848603,0.03974992418753494,0.03257060131237756,0.9299073033255315,27635.391552297486,0.0,0.03115,0.0438999999999999,0.0438999999999999,0.0175,273.20975999999996,-0.0,0.0,0.00105209487726678,0.0,0.0,0.03115,0.0,0.0,0.0,0.0,False,0.0,0.0,0.0,0.0,0.0,0.03115,0.0438999999999999,0.0438999999999999,False,True,1,0.0,1.0,1.0,0.0,675.365036419604,675.365036419604,0.0,0.0,0.0,0.15668784534991487,0.0,0.0,0.0,0.0,False,no_shock_central_capacity
2041Q2,2041-06-30,2041,2,2041,56463.275353778976,31661.71616500741,0.017189212325988024,0.02105209487726678,0.0228385780169158,273.20975999999996,679.3564458371578,118.16808751882616,400.3098367754175,120.8112855280839,26.901796919530693,13.165439095299792,5.957305368177581,35.81306784342908,0.0,721.1268190487644,994.3365790487644,0.0,0.0,72399.38394670835,73393.7205257571,1.299848796689493,0.019354864434495796,0.051086431988257006,0.0704412964227528,72810.95648876247,582.7640369946275,15380.548786552576,36998.61725539342,12342.460922901235,49341.07817829466,6429.039161687733,1660.2903622275212,0.211239482740848,18.166275233610975,22627.177604651493,28800.263927048152,0.31076610850653685,0.3955484904458457,17026.882478672553,17026.882478672553,0,0.0,0.0,0.0,0.0,0.0,0.0,0.0,0.0,0.0,0.0,0.0,none,1638.001753692043,18664.884232364595,958.5235112053354,958.5235112053354,0.0,17985.405989877887,0.2154110468670722,0.5181811771623273,0.1728613500867164,0.0702933619006643,0.0232530639832198,0.03786389735758897,0.039841599734029266,0.032685923687598005,0.932471943993512,28356.51837134625,0.0,0.03115,0.0438999999999999,0.0438999999999999,0.0175,273.20975999999996,-0.0,0.0,0.00105209487726678,0.0,0.0,0.03115,0.0,0.0,0.0,0.0,False,0.0,0.0,0.0,0.0,0.0,0.03115,0.0438999999999999,0.0438999999999999,False,True,1,0.0,1.0,1.0,0.0,685.3137512053354,685.3137512053354,0.0,0.0,0.0,0.15668784534991487,0.0,0.0,0.0,0.0,False,no_shock_central_capacity
2041Q3,2041-09-30,2041,3,2041,57000.47554558473,31796.90781040229,0.017189212325988024,0.02105209487726767,0.0228385780169158,273.20975999999996,689.3806160545129,119.77602367527818,405.824390006967,123.0850733111375,27.35054527472678,13.344583786403698,5.957305368177581,36.397271390121055,0.0,731.7351928128115,1004.9449528128115,0.0,0.0,73393.7205257571,74398.66547856992,1.3052288558377274,0.01917245478287332,0.05134940968888053,0.07052186447175385,73815.90144157529,582.7640369946275,15589.184656548512,37500.50043309088,12509.885382735318,50010.385815826194,6533.518905766146,1682.8120634344423,0.21119006002910132,18.36388157736394,22633.64144929733,28561.72018108441,0.30662284151893315,0.3869318076903902,17341.683495579953,17341.68349557995,0,0.0,0.0,0.0,0.0,0.0,0.0,0.0,0.0,0.0,0.0,0.0,none,1660.2903622275212,19001.973857807472,968.5476814226904,968.5476814226904,0.0,18310.23117700264,0.2154110468670722,0.5181811771623273,0.1728613500867164,0.0702933619006643,0.0232530639832198,0.03790387583224299,0.03987998905470466,0.032620425280261926,0.9349942620388958,29088.253564159062,0.0,0.03115,0.0438999999999999,0.0438999999999999,0.0175,273.20975999999996,-0.0,0.0,0.0010520948772676682,0.0,0.0,0.03115,0.0,0.0,0.0,0.0,False,0.0,0.0,0.0,0.0,0.0,0.03115,0.0438999999999999,0.0438999999999999,False,True,1,0.0,1.0,1.0,0.0,695.3379214226904,695.3379214226904,0.0,0.0,0.0,0.15668784534991487,0.0,0.0,0.0,0.0,False,no_shock_central_capacity
2041Q4,2041-12-31,2041,4,2042,57542.78674174274,31932.67670754465,0.017189212325988024,0.02105209487726678,0.02283857801691669,290.3126875,699.633718966887,121.40077551287155,411.3894139971514,125.5129931090237,27.80493438798608,13.525601959854326,5.987900480119798,36.988771535689345,0.0,742.6103909826962,1032.9230784826962,0.0,0.0,74398.66547856992,75431.58855705262,1.3108782669076569,0.020180648448810776,0.05162144088124193,0.0718020893300527,74848.82452005798,582.7640369946275,15803.719908218798,38016.574844641014,12682.043931631857,50698.61877627287,6640.515247969347,1705.9705875969646,0.21114185839997685,18.4242569463879,22595.072233386658,28553.808280366822,0.30187611332936337,0.38148639559082154,17262.454822253916,17262.454822253916,0,0.0,0.0,0.0,0.0,0.0,0.0,0.0,0.0,0.0,0.0,0.0,none,1682.8120634344423,18945.266885688357,995.9343069470069,995.9343069470069,0.0,18258.38912920092,0.2154110468670722,0.5181811771623273,0.1728613500867164,0.0702933619006643,0.0232530639832198,0.03794035415411058,0.03992600599518015,0.032548042672402626,0.9373841030039988,29830.86395514176,0.0,0.03115,0.0438999999999999,0.0438999999999999,0.0175,290.3126875,-0.0,0.0,0.00105209487726678,0.0,0.0,0.03115,0.0,0.0,0.0,0.0,False,0.0,0.0,0.0,0.0,0.0,0.03115,0.0438999999999999,0.0438999999999999,False,True,1,0.0,1.0,1.0,0.0,705.6216194470069,705.6216194470069,0.0,0.0,0.0,0.15668784534991487,0.0,0.0,0.0,0.0,False,no_shock_central_capacity
2042Q1,2042-03-31,2042,1,2042,58055.26898098634,32068.229387565312,0.017088232020256333,0.018695469559396827,0.0228385780169158,290.3126875,710.1068760267274,123.07146878525388,417.0959263329436,127.95737635180444,28.270365958915086,13.711738597810601,5.987900480119798,37.59451911428834,0.0,753.6892956211356,1044.0019831211355,0.0,0.0,75431.58855705262,76475.59054017375,1.3172894016772234,0.02000250399977168,0.05192908818443171,0.07193159218420338,75892.82650317912,582.7640369946275,16020.511193615348,38538.076249045036,12856.012884597427,51394.08913364246,6748.8535311706,1729.3726447507056,0.21109387977458258,18.55809581358479,22515.599878641446,28504.977427535323,0.29667625935236813,0.37559514832856117,17670.071251970705,17670.071251970705,0,0.0,0.0,0.0,0.0,0.0,0.0,0.0,0.0,0.0,0.0,0.0,none,1705.9705875969646,19376.041839567668,1006.4074640068472,1006.4074640068472,0.0,18676.47871597755,0.2154110468670722,0.5181811771623273,0.1728613500867164,0.0702933619006643,0.0232530639832198,0.0379734431361634,0.03996677307417877,0.03245907259678228,0.9402247193634079,30584.553250762892,0.0,0.03115,0.0438999999999999,0.0438999999999999,0.0175,290.3126875,-0.0,0.0,-0.0013045304406031737,0.0,0.0,0.03115,0.0,0.0,0.0,0.0,False,0.0,0.0,0.0,0.0,0.0,0.03115,0.0438999999999999,0.0438999999999999,False,True,1,0.0,1.0000000000000002,1.0,4.440892098500626e-13,716.0947765068472,716.0947765068472,0.0,0.0,0.0,0.15668784534991487,0.0,0.0,0.0,0.0,False,no_shock_central_capacity
2042Q2,2042-06-30,2042,2,2042,58572.31544209702,32204.357482206833,0.017088232020256333,0.01869546955939594,0.02271549749328483,290.3126875,720.6396857345821,124.75973092027954,422.85712360508325,130.24542743871098,28.877571138324562,13.899832632183795,5.987900480119798,38.00367903939272,0.0,764.6312652540947,1054.9439527540947,0.0,0.0,76475.59054017375,77530.53449292784,1.323672009681304,0.019825932118869034,0.052217929886004814,0.07204386200487384,76947.7704559332,582.7640369946275,16239.571362577519,39065.0355571823,13031.802553269306,52096.83811045161,6858.3413609015815,1753.0196220025066,0.21104667836838326,18.60809675314017,22422.181759343184,28494.68531912799,0.2913948204929995,0.3703120330880341,17772.21758703483,17772.21758703483,0,0.0,0.0,0.0,0.0,0.0,0.0,0.0,0.0,0.0,0.0,0.0,none,1729.3726447507056,19501.590231785536,1016.940273714702,1016.940273714702,0.0,18789.157860749532,0.2154110468670722,0.5181811771623273,0.1728613500867164,0.0702933619006643,0.0232530639832198,0.03799368567868956,0.03999348078796058,0.03254242469786246,0.942194638185855,31349.184516016987,-1.4551915228366852e-11,0.03115,0.0438999999999999,0.0438999999999999,0.0175,290.3126875,-0.0,0.0,-0.0013045304406040618,0.0,0.0,0.03115,0.0,0.0,0.0,0.0,False,0.0,0.0,0.0,0.0,0.0,0.03115,0.0438999999999999,0.0438999999999999,False,True,1,0.0,1.0,1.0,0.0,726.627586214702,726.627586214702,0.0,0.0,0.0,0.15668784534991487,0.0,0.0,0.0,0.0,False,no_shock_central_capacity
2042Q3,2042-09-30,2042,3,2042,59093.966774525,32341.063434076666,0.017088232020256333,0.018695469559397715,0.02271549749328483,290.3126875,731.0467255814631,126.46566198607243,428.671680311233,132.46479928791945,29.354688784392916,14.089895211845146,5.987900480119798,38.62021936296003,0.0,775.6548454245429,1065.9675329245429,0.0,0.0,77530.53449292784,78596.50202585239,1.3300258269298448,0.019650918924275146,0.052503149662237424,0.07215406858651256,78013.73798885776,582.7640369946275,16460.873322887892,39597.38759747819,13209.391196899523,52806.778794377715,6969.177276774402,1776.908594817743,0.21099967450910892,18.65435936396465,22398.534864577065,28586.675782165643,0.28711013524023316,0.36643130452547357,17999.049471008893,17999.049471008893,0,0.0,0.0,0.0,0.0,0.0,0.0,0.0,0.0,0.0,0.0,0.0,none,1753.0196220025066,19752.0690930114,1027.347313561583,1027.347313561583,0.0,19026.396784570476,0.2154110468670722,0.5181811771623273,0.1728613500867164,0.0702933619006643,0.0232530639832198,0.038009409907224595,0.04001803163089487,0.03244238991724073,0.9440066556477479,32124.83936144153,1.4551915228366852e-11,0.03115,0.0438999999999999,0.0438999999999999,0.0175,290.3126875,-0.0,0.0,-0.0013045304406022855,0.0,0.0,0.03115,0.0,0.0,0.0,0.0,False,0.0,0.0,0.0,0.0,0.0,0.03115,0.0438999999999999,0.0438999999999999,False,True,1,0.0,1.0,1.0,0.0,737.0346260615829,737.0346260615829,0.0,0.0,0.0,0.15668784534991487,0.0,0.0,0.0,0.0,False,no_shock_central_capacity
2042Q4,2042-12-31,2042,4,2043,59620.26398974879,32478.34969615101,0.017088232020256333,0.018695469559396827,0.022715497493283943,300.12464,741.4811156246462,128.18905100198947,434.5409471995532,134.63150291431464,29.837711677941574,14.28190283084761,6.009754131507097,39.24435093633062,0.0,786.735220692484,1086.8598606924838,0.0,0.0,78596.50202585239,79683.36188654487,1.3365147443870051,0.020135747138027026,0.0527830752864668,0.07291882242449382,79100.59784955023,582.7640369946275,16686.541276558648,40140.24223553714,13390.483428287753,53530.725663824895,7082.062043870769,1801.2688652959164,0.21095341540017865,18.560458029094498,22654.884771831035,28724.384569635382,0.2864059866515895,0.36313738897737935,17879.91238735448,17879.91238735448,0,0.0,0.0,0.0,0.0,0.0,0.0,0.0,0.0,0.0,0.0,0.0,none,1776.908594817743,19656.820982172223,1047.6155097561534,1047.6155097561534,0.0,18927.527897110635,0.2154110468670722,0.5181811771623273,0.1728613500867164,0.0702933619006643,0.0232530639832198,0.038023430847638116,0.04003919769527182,0.03233110745647102,0.9457847180824052,32911.57458213401,0.0,0.03115,0.0438999999999999,0.0438999999999999,0.0175,300.12464,-0.0,0.0,-0.0013045304406031737,0.0,0.0,0.03115,0.0,0.0,0.0,0.0,False,0.0,0.0,0.0,0.0,0.0,0.03115,0.0438999999999999,0.0438999999999999,False,True,1,0.0,1.0,1.0,0.0,747.4908697561533,747.4908697561533,0.0,0.0,0.0,0.15668784534991487,0.0,0.0,0.0,0.0,False,no_shock_central_capacity
2043Q1,2043-03-31,2043,1,2043,60187.929052490006,32615.668008118973,0.01701953976476145,0.021251542965382564,0.02271549749328572,300.12464,752.0888623710354,129.94644019120048,440.51480640610896,136.8201944840343,30.329722784876054,14.477698504815928,6.009754131507097,39.880019859559404,0.0,797.9786363621018,1098.103276362102,0.0,0.0,79683.36188654487,80781.46516290697,1.3421539241274991,0.01994583596576388,0.05303247005998051,0.0729783060257444,80198.70112591234,582.7640369946275,16914.49425606094,40688.593608292176,13573.409329099946,54262.00293739212,7196.328134071363,1825.8757983879013,0.2109073341412987,18.533168315790217,22913.47954156864,28878.156979141815,0.28570886086539443,0.36008260200876535,18258.327085692432,18258.327085692432,0,0.0,0.0,0.0,0.0,0.0,0.0,0.0,0.0,0.0,0.0,0.0,none,1801.2688652959164,20059.595950988347,1058.2232565025424,1058.2232565025424,0.0,19316.550342194972,0.2154110468670722,0.5181811771623273,0.1728613500867164,0.0702933619006643,0.0232530639832198,0.03803981278629256,0.04005747837287706,0.032232474133049104,0.9481610551615697,33709.55321849611,0.0,0.03115,0.0438999999999999,0.0438999999999999,0.0175,300.12464,-0.0,0.0,0.0012515429653825634,0.0,0.0,0.03115,0.0,0.0,0.0,0.0,False,0.0,0.0,0.0,0.0,0.0,0.03115,0.0438999999999999,0.0438999999999999,False,True,1,0.0,1.0,1.0,0.0,758.0986165025424,758.0986165025424,0.0,0.0,0.0,0.15668784534991487,0.0,0.0,0.0,0.0,False,no_shock_central_capacity
2043Q2,2043-06-30,2043,2,2043,60760.99904976006,32753.56690127342,0.01701953976476145,0.021251542965382564,0.02231557677676199,300.12464,762.8559458489035,131.7216240190746,446.5465090607338,139.007121178135,30.905214861417335,14.675476729542757,6.009754131507097,39.81589226747214,0.0,808.6815922478827,1108.8062322478827,0.0,0.0,80781.46516290697,81890.27139515485,1.3477439916366587,0.01975771594895691,0.05323688582444901,0.07299460177340591,81307.50735816022,582.7640369946275,17144.76658428691,41242.52428103838,13758.196442498618,55000.720723537,7311.2869511753925,1850.7330991609097,0.2108632663988096,18.431724576545527,23226.870883212898,29058.86597629289,0.28566698989920264,0.3573946234544905,18352.580541226933,18352.58054122693,0,0.0,0.0,0.0,0.0,0.0,0.0,0.0,0.0,0.0,0.0,0.0,none,1825.8757983879013,20178.45633961483,1068.9903399804107,1068.9903399804107,0.0,19421.57088120734,0.2154110468670722,0.5181811771623273,0.1728613500867164,0.0702933619006643,0.0232530639832198,0.038050483868718996,0.04004292769966797,0.03231790517750737,0.9498638950024861,34518.234810744,0.0,0.03115,0.0438999999999999,0.0438999999999999,0.0175,300.12464,-0.0,0.0,0.0012515429653825634,0.0,0.0,0.03115,0.0,0.0,0.0,0.0,False,0.0,0.0,0.0,0.0,0.0,0.03115,0.0438999999999999,0.0438999999999999,False,True,1,0.0,1.0,1.0,0.0,768.8656999804106,768.8656999804106,0.0,0.0,0.0,0.15668784534991487,0.0,0.0,0.0,0.0,False,no_shock_central_capacity
2043Q3,2043-09-30,2043,3,2043,61339.52544380172,32892.04883030893,0.017019539764762337,0.021251542965382564,0.02231557677676199,300.12464,773.620310774971,133.51486977513431,452.6340072599512,141.18938980718792,31.406776648191798,14.87526728450581,6.009754131507097,40.451937177005775,0.0,820.0820020834839,1120.206642083484,0.0,0.0,81890.27139515485,83010.47803723834,1.353295080727209,0.019571370194245753,0.053478209761164824,0.07304957995541059,82427.71400024371,582.7640369946275,17377.35767563046,41802.03284507338,13944.844298551237,55746.87714362462,7427.638476588333,1875.8407044002824,0.2108193571348962,18.362084129012764,23575.29433085289,29219.954997994424,0.2860117451611382,0.3544918763355251,18659.85257945336,18659.852579453363,0,0.0,0.0,0.0,0.0,0.0,0.0,0.0,0.0,0.0,0.0,0.0,none,1850.7330991609097,20510.585678614272,1079.7547049064783,1079.7547049064783,0.0,19739.60728435984,0.2154110468670722,0.5181811771623273,0.1728613500867164,0.0702933619006643,0.0232530639832198,0.0380545044840862,0.04005760333245178,0.03225058743467653,0.9515529265588408,35338.316812827485,0.0,0.03115,0.0438999999999999,0.0438999999999999,0.0175,300.12464,-0.0,0.0,0.0012515429653825634,0.0,0.0,0.03115,0.0,0.0,0.0,0.0,False,0.0,0.0,0.0,0.0,0.0,0.03115,0.0438999999999999,0.0438999999999999,False,True,1,0.0,1.0,1.0,0.0,779.6300649064781,779.6300649064781,0.0,0.0,0.0,0.15668784534991487,0.0,0.0,0.0,0.0,False,no_shock_central_capacity
2043Q4,2043-12-31,2043,4,2044,61923.56018684745,33031.116260298484,0.01701953976476145,0.021251542965381676,0.02231557677676199,315.2472575,784.3620578596403,135.32617289897223,458.7773104746793,143.26706262681938,31.914442197551885,15.077069661617271,6.019952502154488,41.0956876723541,0.0,831.477698034149,1146.7249555341489,0.0,0.0,83010.47803723834,84157.20299277248,1.3590498146236665,0.02036363907687326,0.05370994145202618,0.07407358052889944,83574.43895577785,582.7640369946275,17615.522433667444,42374.94912059913,14135.964866489216,56510.913987088345,7546.452562514464,1901.5499725075929,0.2107764365967019,18.252522531237155,23694.78026814257,29577.645871818946,0.28351707249486063,0.35390780053539467,18825.920677197937,18825.92067719794,0,0.0,0.0,0.0,0.0,0.0,0.0,0.0,0.0,0.0,0.0,0.0,none,1875.8407044002824,20701.761381598222,1105.6292678617947,1105.6292678617947,0.0,19931.549945059734,0.2154110468670722,0.5181811771623273,0.1728613500867164,0.0702933619006643,0.0232530639832198,0.03805913062135922,0.04006615635491942,0.03230672772490423,0.9531948476622467,36169.79451086163,-1.4551915228366852e-11,0.03115,0.0438999999999999,0.0438999999999999,0.0175,315.2472575,-0.0,0.0,0.0012515429653816752,0.0,0.0,0.03115,0.0,0.0,0.0,0.0,False,0.0,0.0,0.0,0.0,0.0,0.03115,0.0438999999999999,0.0438999999999999,False,True,1,0.0,1.0,1.0,0.0,790.3820103617949,790.3820103617949,0.0,0.0,0.0,0.15668784534991487,0.0,0.0,0.0,0.0,False,no_shock_central_capacity
2044Q1,2044-03-31,2044,1,2044,62477.308177911254,33169.36987577106,0.016847634395924738,0.019083305138657858,0.02231557677676199,315.2472575,795.3710798985223,137.18088095218525,465.06506659857445,145.40850656148876,32.4329178822437,15.283707904029782,6.019952502154488,41.75306303892415,0.0,843.144095439601,1158.391352939601,0.0,0.0,84157.20299277248,85315.59434571209,1.3655452969062978,0.020183152360040705,0.05398082087907194,0.07416397323911264,84732.83030871746,582.7640369946275,17856.058656666806,42953.57006412438,14328.988468839967,57282.55853296435,7666.697884977517,1927.5152341087664,0.2107336506004774,18.20517122985707,23830.630367241803,29923.633356879815,0.28124435688524463,0.353152765555634,19219.63805523405,19219.63805523405,0,0.0,0.0,0.0,0.0,0.0,0.0,0.0,0.0,0.0,0.0,0.0,none,1901.5499725075929,21121.188027741642,1116.6382899006767,1116.6382899006767,0.0,20336.276345134727,0.2154110468670722,0.5181811771623273,0.1728613500867164,0.0702933619006643,0.0232530639832198,0.038067037604919286,0.04007472042586829,0.03221104523406426,0.9553769036041775,37012.938606301235,1.4551915228366852e-11,0.03115,0.0438999999999999,0.0438999999999999,0.0175,315.2472575,-0.0,0.0,-0.0009166948613421426,0.0,0.0,0.03115,0.0,0.0,0.0,0.0,False,0.0,0.0,0.0,0.0,0.0,0.03115,0.0438999999999999,0.0438999999999999,False,True,1,0.0,1.0,1.0,0.0,801.3910324006769,801.3910324006769,0.0,0.0,0.0,0.15668784534991487,0.0,0.0,0.0,0.0,False,no_shock_central_capacity
2044Q2,2044-06-30,2044,2,2044,63036.0080295703,33308.202159613196,0.01684763439592385,0.019083305138657858,0.023076797027411944,315.2472575,806.56980305833,139.05405678879276,471.41543145376414,147.5799017687124,33.02800935291106,15.492403694149214,6.019952502154488,43.8530162932156,0.0,856.4427718537,1171.6900293537,0.0,0.0,85315.59434571209,86487.28437506579,1.372029845774727,0.020004265330515025,0.054346256917280754,0.07435052224779579,85904.52033807116,582.7640369946275,18099.007208345596,43537.993975199315,14523.947897595372,58061.94187279469,7789.830356594758,1953.7409003361056,0.2106874834655759,18.10448643925534,23940.98500214415,30253.84338810057,0.27869295943829375,0.35217987678691076,19376.167254209606,19376.167254209602,0,0.0,0.0,0.0,0.0,0.0,0.0,0.0,0.0,0.0,0.0,0.0,none,1927.5152341087664,21303.68248831837,1127.8370130604844,1127.8370130604844,0.0,20504.004267270087,0.2154110468670722,0.5181811771623273,0.1728613500867164,0.0702933619006643,0.0232530639832198,0.03807295814653304,0.040154102115646545,0.03231860370328166,0.9569606365146107,37869.38137815493,0.0,0.03115,0.0438999999999999,0.0438999999999999,0.0175,315.2472575,-0.0,0.0,-0.0009166948613421426,0.0,0.0,0.03115,0.0,0.0,0.0,0.0,False,0.0,0.0,0.0,0.0,0.0,0.03115,0.0438999999999999,0.0438999999999999,False,True,1,0.0,1.0,1.0,0.0,812.5897555604845,812.5897555604845,0.0,0.0,0.0,0.15668784534991487,0.0,0.0,0.0,0.0,False,no_shock_central_capacity
2044Q3,2044-09-30,2044,3,2044,63599.704023562444,33447.615533874276,0.016847634395925626,0.019083305138657858,0.023076797027411944,315.2472575,817.8507038817163,140.94601863499133,477.82948387781136,149.80624988813707,33.56575899432519,15.70319248645145,6.019952502154488,44.55732607104517,0.0,868.427982454916,1183.675239954916,0.0,0.0,86487.28437506579,87670.9596150207,1.3784806228428412,0.01982696380997038,0.05461836628253367,0.07444533009250404,87088.19557802608,582.7640369946275,18344.385790680357,44128.263436742345,14720.8573580973,58849.12079483965,7914.460110433968,1980.2288820720794,0.21064147292206586,18.044752061474735,23998.663712090995,30481.525988876758,0.27556735505662827,0.35000755023758695,19730.765709938747,19730.765709938747,0,0.0,0.0,0.0,0.0,0.0,0.0,0.0,0.0,0.0,0.0,0.0,none,1953.7409003361056,21684.506610274853,1139.1179138838706,1139.1179138838706,0.0,20869.883623822618,0.2154110468670722,0.5181811771623273,0.1728613500867164,0.0702933619006643,0.0232530639832198,0.03808119236710181,0.040164423648167316,0.032259521678309824,0.9585033568263008,38737.80936060985,0.0,0.03115,0.0438999999999999,0.0438999999999999,0.0175,315.2472575,-0.0,0.0,-0.0009166948613421426,0.0,0.0,0.03115,0.0,0.0,0.0,0.0,False,0.0,0.0,0.0,0.0,0.0,0.03115,0.0438999999999999,0.0438999999999999,False,True,1,0.0,1.0,1.0,0.0,823.8706563838708,823.8706563838708,0.0,0.0,0.0,0.15668784534991487,0.0,0.0,0.0,0.0,False,no_shock_central_capacity
2044Q4,2044-12-31,2044,4,2045,64168.440837612405,33587.61243074127,0.01684763439592385,0.01908330513865697,0.023076797027411944,328.847015,829.2995799391181,142.85690434492327,484.3076912182463,152.10882110901414,34.11007362728001,15.916089639654336,6.028693962709422,45.270200206393476,0.0,880.598474108221,1209.445489108221,0.0,0.0,87670.9596150207,88880.40510412892,1.3851108729453743,0.02049898739676068,0.05489293257641736,0.07539191997317804,88297.64106713429,582.7640369946275,18595.162008399475,44731.51715836879,14922.098270274464,59653.61542864326,8041.56410553895,2007.2995245525972,0.21059636229988565,17.871352938701456,24490.521412105005,31768.551128067702,0.2773632581360177,0.3597893527406185,19673.077978349414,19673.077978349414,0,0.0,0.0,0.0,0.0,0.0,0.0,0.0,0.0,0.0,0.0,0.0,none,1980.2288820720794,21653.306860421493,1164.1752889018276,1164.1752889018276,0.0,20837.253267251243,0.2154110468670722,0.5181811771623273,0.1728613500867164,0.0702933619006643,0.0232530639832198,0.03808850450518782,0.04017743060986629,0.03219846267923857,0.9600121400861567,39618.40783471807,-1.4551915228366852e-11,0.03115,0.0438999999999999,0.0438999999999999,0.0175,328.847015,-0.0,0.0,-0.0009166948613430308,0.0,0.0,0.03115,0.0,0.0,0.0,0.0,False,0.0,0.0,0.0,0.0,0.0,0.03115,0.0438999999999999,0.0438999999999999,False,True,1,0.0,1.0,1.0,0.0,835.3282739018275,835.3282739018275,0.0,0.0,0.0,0.15668784534991487,0.0,0.0,0.0,0.0,False,no_shock_central_capacity
2045Q1,2045-03-31,2045,1,2045,64756.51202054044,33723.099819437724,0.01623329428827147,0.020597325915870046,0.023076797027411944,328.847015,840.9784301794476,144.80982414041094,490.92840081309646,154.44128353369015,34.665251763658326,16.133669928591498,6.028693962709422,45.997226841836266,0.0,893.0043509839934,1221.8513659839934,0.0,0.0,88880.40510412892,90102.25647011292,1.391400704867071,0.02031283061667629,0.05516074434032129,0.07547357495699758,89519.49243311828,582.7640369946275,18848.453979475067,45340.822640360675,15125.358004271631,60466.1806446323,8170.2160729258985,2034.6417360850032,0.210551394642425,17.76619896479172,24956.34336995523,33035.07433177358,0.27878110891435837,0.36902660452922825,20096.617370823933,20096.617370823937,0,0.0,0.0,0.0,0.0,0.0,0.0,0.0,0.0,0.0,0.0,0.0,none,2007.2995245525972,22103.916895376533,1175.854139142157,1175.854139142157,0.0,21272.471509966093,0.2154110468670722,0.5181811771623273,0.1728613500867164,0.0702933619006643,0.0232530639832198,0.03810040529903755,0.040189031539079205,0.0321052423944453,0.9620528994106478,40511.412185702065,0.0,0.03115,0.0438999999999999,0.0438999999999999,0.0175,328.847015,-0.0,0.0,0.0005973259158700457,0.0,0.0,0.03115,0.0,0.0,0.0,0.0,False,0.0,0.0,0.0,0.0,0.0,0.03115,0.0438999999999999,0.0438999999999999,False,True,1,0.0,1.0,1.0,0.0,847.0071241421571,847.0071241421571,0.0,0.0,0.0,0.15668784534991487,0.0,0.0,0.0,0.0,False,no_shock_central_capacity
2045Q2,2045-06-30,2045,2,2045,65349.97257730514,33859.133743930186,0.01623329428827147,0.020597325915870046,0.02213343204113838,328.847015,852.8749430310071,146.78233536516208,497.61552847795724,156.81677431036698,35.30687192373756,16.353432953783212,6.028693962709422,44.838268609136136,0.0,903.7419056028526,1232.5889206028526,0.0,0.0,90102.25647011292,91334.84539071577,1.3976263767008021,0.02012836437603664,0.0553170488041922,0.07544541318022883,90752.08135372114,582.7640369946275,19104.30859083808,45956.292671386094,15330.674185541642,61286.966856927735,8298.545327963378,2062.260577991924,0.21051096906941344,17.601499153355867,25434.970441631925,34375.40177170572,0.28026872841070116,0.3787836186116983,20234.66842595269,20234.66842595269,0,0.0,0.0,0.0,0.0,0.0,0.0,0.0,0.0,0.0,0.0,0.0,none,2034.6417360850032,22269.31016203769,1187.7506519937165,1187.7506519937165,0.0,21422.419077946404,0.2154110468670722,0.5181811771623273,0.1728613500867164,0.0702933619006643,0.0232530639832198,0.03810508070401518,0.040120722432856075,0.03220867804004549,0.9635117478347552,41415.15409130492,0.0,0.03115,0.0438999999999999,0.0438999999999999,0.0175,328.847015,-0.0,0.0,0.0005973259158700457,0.0,0.0,0.03115,0.0,0.0,0.0,0.0,False,0.0,0.0,0.0,0.0,0.0,0.03115,0.0438999999999999,0.0438999999999999,False,True,1,0.0,1.0,1.0,0.0,858.9036369937165,858.9036369937165,0.0,0.0,0.0,0.15668784534991487,0.0,0.0,0.0,0.0,False,no_shock_central_capacity
2045Q3,2045-09-30,2045,3,2045,65948.87189878161,33995.71640886204,0.01623329428827036,0.020597325915870046,0.022133432041139267,328.847015,864.7246152780895,148.77480315115156,504.37031206846126,159.1361664056392,35.86791425722678,16.575419395610094,6.028693962709422,45.5425414896127,0.0,916.2958507304116,1245.1428657304116,0.0,0.0,91334.84539071577,92579.98825644619,1.4038145853129684,0.019945573322601468,0.05557613492687143,0.0755217082494729,91997.22421945156,582.7640369946275,19362.71575250487,46577.902979525505,15538.038717154372,62115.941696679874,8428.411809181007,2090.154961085787,0.21047065187876493,17.449521649298383,25864.795423932857,35704.82909043876,0.2811475633464178,0.3881076781758972,20548.5603625992,20548.560362599204,0,0.0,0.0,0.0,0.0,0.0,0.0,0.0,0.0,0.0,0.0,0.0,none,2062.260577991924,22610.82094059113,1199.600324240799,1199.600324240799,0.0,21748.160686840005,0.2154110468670722,0.5181811771623273,0.1728613500867164,0.0702933619006643,0.0232530639832198,0.03811186403752947,0.04012908093556826,0.0321474552754673,0.9647656896344103,42331.44994203533,1.4551915228366852e-11,0.03115,0.0438999999999999,0.0438999999999999,0.0175,328.847015,-0.0,0.0,0.0005973259158700457,0.0,0.0,0.03115,0.0,0.0,0.0,0.0,False,0.0,0.0,0.0,0.0,0.0,0.03115,0.0438999999999999,0.0438999999999999,False,True,1,0.0,1.0,1.0,0.0,870.7533092407989,870.7533092407989,0.0,0.0,0.0,0.15668784534991487,0.0,0.0,0.0,0.0,False,no_shock_central_capacity
2045Q4,2045-12-31,2045,4,2046,66553.2598284873,34132.8500277699,0.01623329428827236,0.020597325915870046,0.02213343204113838,341.5111875,876.7452935963505,150.78714892263167,511.1924852002911,161.53033920427578,36.43569976942433,16.799620499727006,6.044719973726774,46.25525069046731,0.0,929.0452642605445,1270.5564517605444,0.0,0.0,92579.98825644619,93850.54470820673,1.410156992310618,0.020525587379497248,0.055837701513330125,0.07636328889282737,93267.7806712121,582.7640369946275,19626.443755907992,47212.31281709725,15749.673075684132,62961.98589278138,8560.727307273712,2118.623715249002,0.21043112224461735,17.3671566942395,26923.70118686773,36923.359230335554,0.28867097504742023,0.39588547046592554,20934.021301134537,20934.021301134537,0,0.0,0.0,0.0,0.0,0.0,0.0,0.0,0.0,0.0,0.0,0.0,none,2090.154961085787,23024.176262220324,1224.3012010700772,1224.3012010700772,0.0,22158.322502204614,0.2154110468670722,0.5181811771623273,0.1728613500867164,0.0702933619006643,0.0232530639832198,0.03812238522775356,0.04014021957691733,0.03214000610578272,0.9665344015521871,43260.49520629588,0.0,0.03115,0.0438999999999999,0.0438999999999999,0.0175,341.5111875,-0.0,0.0,0.0005973259158700457,0.0,0.0,0.03115,0.0,0.0,0.0,0.0,False,0.0,0.0,0.0,0.0,0.0,0.03115,0.0438999999999999,0.0438999999999999,False,True,1,0.0,1.0,1.0,0.0,882.7900135700772,882.7900135700772,0.0,0.0,0.0,0.15668784534991487,0.0,0.0,0.0,0.0,False,no_shock_central_capacity
2046Q1,2046-03-31,2046,1,2046,67148.1831460386,34268.80739428492,0.01602817697257164,0.01989152606750877,0.02213343204113749,341.5111875,889.0995920015678,152.8409307491335,518.155133167641,164.06085064149616,37.014239331983,17.02843811131385,6.044719973726774,46.98140013274174,0.0,942.1257121080363,1283.6368996080364,0.0,0.0,93850.54470820673,95134.18160781477,1.4167796826447299,0.020343733605256743,0.056122186362602536,0.07646591996785929,94551.41757082014,582.7640369946275,19892.833011663886,47853.12441955962,15963.443014915594,63816.56743447522,8694.637379977516,2147.3797447035017,0.21039169504533253,17.34061910238209,27990.19849544307,38118.14559131963,0.2960315055507029,0.40314726707051945,21343.816772449736,21343.81677244974,0,0.0,0.0,0.0,0.0,0.0,0.0,0.0,0.0,0.0,0.0,0.0,none,2118.623715249002,23462.440487698743,1236.6554994752946,1236.6554994752946,0.0,22580.472271925035,0.2154110468670722,0.5181811771623273,0.1728613500867164,0.0702933619006643,0.0232530639832198,0.038138164718648906,0.0401542991588264,0.032063228399988784,0.9688331411656297,44202.62091840391,0.0,0.03115,0.0438999999999999,0.0438999999999999,0.0175,341.5111875,-0.0,0.0,-0.00010847393249123136,0.0,0.0,0.03115,0.0,0.0,0.0,0.0,False,0.0,0.0,0.0,0.0,0.0,0.03115,0.0438999999999999,0.0438999999999999,False,True,1,0.0,1.0,1.0,0.0,895.1443119752945,895.1443119752945,0.0,0.0,0.0,0.15668784534991487,0.0,0.0,0.0,0.0,False,no_shock_central_capacity
2046Q2,2046-06-30,2046,2,2046,67748.42451644977,34405.30630378551,0.01602817697257164,0.01989152606750788,0.023159436985126236,341.5111875,901.7195530519591,154.91543707833253,525.1880405046655,166.6571134117866,37.69939735911997,17.25956469805439,6.044719973726774,49.90934201606761,0.0,957.6736150417535,1299.1848025417535,0.0,0.0,95134.18160781477,96433.36641035651,1.4234038222828613,0.020163491029497153,0.056542930518434356,0.0767064215479315,95850.60237336188,582.7640369946275,20161.94074644107,48500.475448294834,16179.39445765227,64679.869905947104,8832.362494053934,2176.4292269197713,0.21034756430538962,17.254539611637533,29121.2240210325,39450.013819310065,0.3038188941953448,0.41157815227537614,21502.486750766955,21502.486750766955,0,0.0,0.0,0.0,0.0,0.0,0.0,0.0,0.0,0.0,0.0,0.0,none,2147.3797447035017,23649.866495470458,1249.275460525686,1249.275460525686,0.0,22751.76221129264,0.2154110468670722,0.5181811771623273,0.1728613500867164,0.0702933619006643,0.0232530639832198,0.038149545883519494,0.04026622603386481,0.032122933948506294,0.9705036300601755,45160.29453344567,-1.4551915228366852e-11,0.03115,0.0438999999999999,0.0438999999999999,0.0175,341.5111875,-0.0,0.0,-0.00010847393249211953,0.0,0.0,0.03115,0.0,0.0,0.0,0.0,False,0.0,0.0,0.0,0.0,0.0,0.03115,0.0438999999999999,0.0438999999999999,False,True,1,0.0,1.0,1.0,0.0,907.7642730256858,907.7642730256858,0.0,0.0,0.0,0.15668784534991487,0.0,0.0,0.0,0.0,False,no_shock_central_capacity
2046Q3,2046-09-30,2046,3,2046,68354.0314780933,34542.348913336136,0.016028176972572528,0.019891526067509657,0.023159436985126236,341.5111875,914.3828474168021,157.01111356290983,532.2927180450345,169.28376542019168,38.302200477297774,17.493049911367663,6.044719973726774,50.69991780689588,0.0,971.1274851974247,1312.6386726974247,0.0,0.0,96433.36641035651,97746.00508305394,1.429996197289116,0.0199848453772299,0.05682927336970082,0.07681411874693071,97163.24104605931,582.7640369946275,20433.776294714167,49154.38835781077,16397.534894549397,65551.92325236017,8971.768329454824,2205.7731695301463,0.2103035682499283,17.168891514137794,30292.995880330585,40779.79700364496,0.31177424254477554,0.4197039596930869,21777.624195184606,21777.624195184602,0,0.0,0.0,0.0,0.0,0.0,0.0,0.0,0.0,0.0,0.0,0.0,none,2176.4292269197713,23954.053422104374,1261.9387548905288,1261.9387548905288,0.0,23039.56295007513,0.2154110468670722,0.5181811771623273,0.1728613500867164,0.0702933619006643,0.0232530639832198,0.03816050362891771,0.040281803750994216,0.03211489050185991,0.9722312453245451,46131.42201864309,0.0,0.03115,0.0438999999999999,0.0438999999999999,0.0175,341.5111875,-0.0,0.0,-0.00010847393249034318,0.0,0.0,0.03115,0.0,0.0,0.0,0.0,False,0.0,0.0,0.0,0.0,0.0,0.03115,0.0438999999999999,0.0438999999999999,False,True,1,0.0,1.0,1.0,0.0,920.4275673905288,920.4275673905288,0.0,0.0,0.0,0.15668784534991487,0.0,0.0,0.0,0.0,False,no_shock_central_capacity
2046Q4,2046-12-31,2046,4,2047,68965.05199428966,34679.937388593244,0.01602817697257164,0.01989152606750877,0.023159436985126236,357.7490725,927.1716448411515,159.1280328950866,539.4694122269718,171.93291729495945,38.912380574034536,17.728901850098545,6.052004524189207,51.500141348602426,0.0,984.7237907139431,1342.4728632139431,0.0,0.0,97746.00508305394,99088.47794626789,1.436792622942885,0.02074958618342646,0.05711436515964513,0.07786395134307159,98505.71390927325,582.7640369946275,20711.866080208012,49823.3461225114,16620.694182176165,66444.04030468757,9114.015283545388,2235.7922408322725,0.21026055503018098,17.29133421026701,30731.09891321359,41165.344631383006,0.3119727546111474,0.4178980385777168,22799.79354199563,22799.79354199563,0,0.0,0.0,0.0,0.0,0.0,0.0,0.0,0.0,0.0,0.0,0.0,none,2205.7731695301463,25005.566711525775,1290.9727218653406,1290.9727218653406,0.0,24090.76626386097,0.2154110468670722,0.5181811771623273,0.1728613500867164,0.0702933619006643,0.0232530639832198,0.03816840483069476,0.040297249585892814,0.03248557849736452,0.9729977666947801,47116.14580935703,0.0,0.03115,0.0438999999999999,0.0438999999999999,0.0175,357.7490725,-0.0,0.0,-0.00010847393249123136,0.0,0.0,0.03115,0.0,0.0,0.0,0.0,False,0.0,0.0,0.0,0.0,0.0,0.03115,0.0438999999999999,0.0438999999999999,False,True,1,0.0,1.0,1.0,0.0,933.2236493653407,933.2236493653407,0.0,0.0,0.0,0.15668784534991487,0.0,0.0,0.0,0.0,False,no_shock_central_capacity
2047Q1,2047-03-31,2047,1,2047,69574.80901325062,34816.54327558161,0.01584952735551126,0.019676561505418855,0.023159436985126236,357.7490725,940.1771372006358,161.29365709961994,546.8112236945612,174.56703284678392,39.53504342398074,17.970180135689382,6.052004524189207,52.31667360546223,0.0,998.5458153302873,1356.2948878302873,0.0,0.0,99088.47794626789,100444.77283409817,1.4436945535124404,0.020567735798275276,0.05740846892674116,0.07797620472501644,99862.00879710354,582.7640369946275,20992.757392426036,50499.04308855246,16846.10161677073,67345.1447053232,9257.99296967394,2266.113729680367,0.21021765579619428,17.453020476894896,31140.617413109692,41547.124257710784,0.3118364810423573,0.41604534855817804,23231.029448943358,23231.029448943358,0,0.0,0.0,0.0,0.0,0.0,0.0,0.0,0.0,0.0,0.0,0.0,none,2235.7922408322725,25466.821689775632,1303.978214224825,1303.978214224825,0.0,24535.007663168184,0.2154110468670722,0.5181811771623273,0.1728613500867164,0.0702933619006643,0.0232530639832198,0.03817851292353311,0.04030926041155916,0.03243999338032592,0.9741208196115316,48114.69162468732,0.0,0.03115,0.0438999999999999,0.0438999999999999,0.0175,357.7490725,-0.0,0.0,-0.0003234384945811457,0.0,0.0,0.03115,0.0,0.0,0.0,0.0,False,0.0,0.0,0.0,0.0,0.0,0.03115,0.0438999999999999,0.0438999999999999,False,True,1,0.0,1.0,1.0,0.0,946.229141724825,946.229141724825,0.0,0.0,0.0,0.15668784534991487,0.0,0.0,0.0,0.0,False,no_shock_central_capacity
2047Q2,2047-06-30,2047,2,2047,70189.95722110248,34953.68725951492,0.01584952735551126,0.019676561505418855,0.02235168965107781,357.7490725,953.3675379941194,163.48109819351777,554.2269978968618,177.20171674373685,40.24383605769638,18.213889102305945,6.052004524189207,51.30489516976564,0.0,1010.7244376880742,1368.4735101880742,0.0,0.0,100444.77283409817,101813.24634428624,1.450538657881904,0.02038747915876737,0.05759937619019957,0.07798685534896695,101230.4823072916,582.7640369946275,21276.490062687582,51181.57507200391,17073.789161854645,68255.36423385855,9401.886074983382,2296.741935762077,0.210178689044486,17.57655477855926,31626.41878592881,41986.50067727713,0.31241991606762076,0.41476144062837145,23463.77824607918,23463.778246079182,0,0.0,0.0,0.0,0.0,0.0,0.0,0.0,0.0,0.0,0.0,0.0,none,2266.113729680367,25729.89197575955,1317.1686150183086,1317.1686150183086,0.0,24780.94686109749,0.2154110468670722,0.5181811771623273,0.1728613500867164,0.0702933619006643,0.0232530639832198,0.038186080043998684,0.040249956634675635,0.03250467599167938,0.9748782437277679,49125.4160623754,-1.4551915228366852e-11,0.03115,0.0438999999999999,0.0438999999999999,0.0175,357.7490725,-0.0,0.0,-0.0003234384945811457,0.0,0.0,0.03115,0.0,0.0,0.0,0.0,False,0.0,0.0,0.0,0.0,0.0,0.03115,0.0438999999999999,0.0438999999999999,False,True,1,0.0,1.0,1.0,0.0,959.4195425183086,959.4195425183086,0.0,0.0,0.0,0.15668784534991487,0.0,0.0,0.0,0.0,False,no_shock_central_capacity
2047Q3,2047-09-30,2047,3,2047,70810.54428423816,35091.37145998209,0.01584952735551126,0.019676561505418855,0.02235168965107781,357.7490725,966.6240885848472,165.69066636317956,561.7177864152416,179.88139950554103,40.87417299219699,18.460063308687687,6.052004524189207,52.10230565686959,0.0,1024.7783987659059,1382.527471265906,0.0,0.0,101813.24634428624,103195.77381555215,1.457350382752568,0.020208802297238208,0.05788846331429841,0.07809726561153661,102613.00977855752,582.7640369946275,21563.078340389722,51870.9763504456,17303.768252171172,69174.74460261677,9547.508438288163,2327.678397262869,0.21013980962963277,17.706217313278568,32071.019375326767,42307.54924536743,0.31254340404337766,0.41230200085416663,23791.69242362357,23791.69242362357,0,0.0,0.0,0.0,0.0,0.0,0.0,0.0,0.0,0.0,0.0,0.0,none,2296.741935762077,26088.43435938565,1330.4251656090364,1330.4251656090364,0.0,25122.117589232606,0.2154110468670722,0.5181811771623273,0.1728613500867164,0.0702933619006643,0.0232530639832198,0.03819408874248492,0.0402611029728124,0.032503817372044295,0.9756253092134671,50150.194461141306,1.4551915228366852e-11,0.03115,0.0438999999999999,0.0438999999999999,0.0175,357.7490725,-0.0,0.0,-0.0003234384945811457,0.0,0.0,0.03115,0.0,0.0,0.0,0.0,False,0.0,0.0,0.0,0.0,0.0,0.03115,0.0438999999999999,0.0438999999999999,False,True,1,0.0,1.0,1.0,0.0,972.6760931090364,972.6760931090364,0.0,0.0,0.0,0.15668784534991487,0.0,0.0,0.0,0.0,False,no_shock_central_capacity
2047Q4,2047-12-31,2047,4,2048,71436.61829049476,35229.59800492117,0.01584952735551126,0.019676561505418855,0.02235168965107781,372.65234999999996,980.0313796413096,167.92247257578498,569.283965446139,182.60412401959368,41.512102481791175,18.70871511800031,6.05491834437418,52.90929914975711,0.0,1038.995597135441,1411.647947135441,0.0,0.0,103195.77381555215,104607.42176268759,1.4643389380122223,0.020866180898128233,0.058177199425112645,0.07904338032324089,104024.65772569296,582.7640369946275,21855.76565497107,52575.04914251477,17538.641649276975,70113.69079179174,9695.928044949198,2359.2732339809536,0.210101779066685,17.834288819057203,32311.07840356778,42363.61407716945,0.3106098026178585,0.4072458876902038,24088.537522041726,24088.537522041726,0,0.0,0.0,0.0,0.0,0.0,0.0,0.0,0.0,0.0,0.0,0.0,none,2327.678397262869,26416.215919304595,1358.7386479856837,1358.7386479856837,0.0,25447.27617002741,0.2154110468670722,0.5181811771623273,0.1728613500867164,0.0702933619006643,0.0232530639832198,0.03820167391504595,0.04027279640317436,0.032501688837311776,0.9763371487418656,51189.19005827675,0.0,0.03115,0.0438999999999999,0.0438999999999999,0.0175,372.65234999999996,-0.0,0.0,-0.0003234384945811457,0.0,0.0,0.03115,0.0,0.0,0.0,0.0,False,0.0,0.0,0.0,0.0,0.0,0.03115,0.0438999999999999,0.0438999999999999,False,True,1,0.0,1.0,1.0,0.0,986.0862979856838,986.0862979856838,0.0,0.0,0.0,0.15668784534991487,0.0,0.0,0.0,0.0,False,no_shock_central_capacity
2048Q1,2048-03-31,2048,1,2048,72084.6419407788,35366.86293546704,0.015676506274730606,0.02077970179797095,0.0223516896510787,372.65234999999996,993.711376086324,170.2017750380872,577.0111643390981,185.37345531783652,42.162322773179845,18.962658618121917,6.05491834437418,53.7317940885462,0.0,1053.4980885192442,1426.1504385192443,0.0,0.0,104607.42176268759,106033.57220120683,1.4709592688040096,0.020678598934078234,0.05845894826721877,0.07913754720129701,105450.8081642122,582.7640369946275,22151.399791907774,53286.2106512454,17775.879789037448,71062.09044028285,9846.131759489928,2391.1861725316644,0.21006382196154183,17.983808007137238,32578.42527115727,42407.03549338772,0.3089442920193162,0.40214993352492656,24504.971423201245,24504.971423201245,0,0.0,0.0,0.0,0.0,0.0,0.0,0.0,0.0,0.0,0.0,0.0,none,2359.2732339809536,26864.2446571822,1372.418644430698,1372.418644430698,0.0,25877.390067631943,0.2154110468670722,0.5181811771623273,0.1728613500867164,0.0702933619006643,0.0232530639832198,0.03821079834490812,0.04028387549438739,0.03244412278659485,0.9774550421080812,52242.68814679599,0.0,0.03115,0.0438999999999999,0.0438999999999999,0.0175,372.65234999999996,-0.0,0.0,0.0007797017979709504,0.0,0.0,0.03115,0.0,0.0,0.0,0.0,False,0.0,0.0,0.0,0.0,0.0,0.03115,0.0438999999999999,0.0438999999999999,False,True,1,0.0,1.0,1.0,0.0,999.7662944306982,999.7662944306982,0.0,0.0,0.0,0.15668784534991487,0.0,0.0,0.0,0.0,False,no_shock_central_capacity
2048Q2,2048-06-30,2048,2,2048,72738.54401394143,35504.66269076893,0.015676506274730606,0.02077970179797095,0.022930584971782908,372.65234999999996,1007.5823489071097,172.50402587948182,584.8161618974167,188.14442840407227,42.89857386441554,19.21915886172325,6.05491834437418,55.9654183431941,0.0,1069.602685594678,1442.2550355946778,0.0,0.0,106033.57220120683,107475.82723680152,1.4775636314111837,0.02049270328691625,0.05881903192286459,0.07931173520978084,106893.06319980689,582.7640369946275,22450.021889620868,54004.55983700069,18015.51568388674,72020.07552088743,9999.544135597718,2423.4216537008874,0.21002318782517054,18.124531793614988,32831.088693610785,42403.97055168458,0.307139562763228,0.3966952511448019,24825.303320286155,24825.30332028616,0,0.0,0.0,0.0,0.0,0.0,0.0,0.0,0.0,0.0,0.0,0.0,none,2391.1861725316644,27216.489492817822,1386.2896172514838,1386.2896172514838,0.0,26211.592937537644,0.2154110468670722,0.5181811771623273,0.1728613500867164,0.0702933619006643,0.0232530639832198,0.03821716039444691,0.04034958601847441,0.03247713354705464,0.9782011799110116,53312.29083239067,1.4551915228366852e-11,0.03115,0.0438999999999999,0.0438999999999999,0.0175,372.65234999999996,-0.0,0.0,0.0007797017979709504,0.0,0.0,0.03115,0.0,0.0,0.0,0.0,False,0.0,0.0,0.0,0.0,0.0,0.03115,0.0438999999999999,0.0438999999999999,False,True,1,0.0,1.0,1.0,0.0,1013.6372672514839,1013.6372672514839,0.0,0.0,0.0,0.15668784534991487,0.0,0.0,0.0,0.0,False,no_shock_central_capacity
2048Q3,2048-09-30,2048,3,2048,73398.37783497396,35642.99935466223,0.015676506274730606,0.02077970179796984,0.022930584971782908,372.65234999999996,1021.533594120119,174.8295454654225,592.7000442110808,190.95458981743252,43.57116308456214,19.478251541620878,6.05491834437418,56.837414373474864,0.0,1084.4259268379678,1457.0782768379677,0.0,0.0,107475.82723680152,108932.90551363947,1.4841323299890898,0.02030847879705772,0.05909808684198164,0.07940656563903935,108350.14147664484,582.7640369946275,22751.649239670398,54730.13829542333,18257.56320981894,72987.70150524226,10154.809187664503,2455.981544067693,0.20998264450420284,18.25388293470179,33009.498268731484,42413.49599768508,0.304655792958487,0.39144845977729914,25122.688258873535,25122.688258873535,0,0.0,0.0,0.0,0.0,0.0,0.0,0.0,0.0,0.0,0.0,0.0,none,2423.4216537008874,27546.109912574422,1400.2408624644931,1400.2408624644931,0.0,26522.929121338027,0.2154110468670722,0.5181811771623273,0.1728613500867164,0.0702933619006643,0.0232530639832198,0.03822309418673413,0.040359807585333654,0.03251160041463878,0.9789456686373094,54396.716759228635,-1.4551915228366852e-11,0.03115,0.0438999999999999,0.0438999999999999,0.0175,372.65234999999996,-0.0,0.0,0.0007797017979698402,0.0,0.0,0.03115,0.0,0.0,0.0,0.0,False,0.0,0.0,0.0,0.0,0.0,0.03115,0.0438999999999999,0.0438999999999999,False,True,1,0.0,1.0,1.0,0.0,1027.588512464493,1027.588512464493,0.0,0.0,0.0,0.15668784534991487,0.0,0.0,0.0,0.0,False,no_shock_central_capacity
2048Q4,2048-12-31,2048,4,2049,74064.19721259525,35781.87501910156,0.015676506274729718,0.02077970179797184,0.022930584971782908,392.23500750000005,1035.619521866425,177.17846845393322,600.6632677922693,193.78594379582358,44.251890163955125,19.739951660444078,6.05491834437418,57.71994101492665,0.0,1099.3943812257257,1491.6293887257257,0.0,0.0,108932.90551363947,110424.53490236521,1.490930018257007,0.021183514964679705,0.059375213536440756,0.08055872850112046,109841.77086537058,582.7640369946275,23060.529174914365,55473.163180982294,18505.430732852325,73978.59391383461,10313.32344442015,2489.324332201455,0.2099431663677281,18.319589821973196,33134.86975218362,42559.66248054353,0.3016600104963342,0.387463367945037,25223.756565841406,25223.75656584141,0,0.0,0.0,0.0,0.0,0.0,0.0,0.0,0.0,0.0,0.0,0.0,none,2455.981544067693,27679.738109909104,1433.9094477107992,1433.9094477107992,0.0,26657.666013552207,0.2154110468670722,0.5181811771623273,0.1728613500867164,0.0702933619006643,0.0232530639832198,0.03822895772853557,0.040369597268772775,0.032425222194451694,0.9797144325602655,55496.11114045436,1.4551915228366852e-11,0.03115,0.0438999999999999,0.0438999999999999,0.0175,392.23500750000005,-0.0,0.0,0.0007797017979718386,0.0,0.0,0.03115,0.0,0.0,0.0,0.0,False,0.0,0.0,0.0,0.0,0.0,0.03115,0.0438999999999999,0.0438999999999999,False,True,1,0.0,1.0,1.0,0.0,1041.674440210799,1041.674440210799,0.0,0.0,0.0,0.15668784534991487,0.0,0.0,0.0,0.0,False,no_shock_central_capacity
2049Q1,2049-03-31,2049,1,2049,74708.85169853843,35919.71301209475,0.015497958573625237,0.019473428238653945,0.022930584971783796,392.23500750000005,1050.0381380808867,179.58387094964561,608.8179659112789,196.68145733362076,44.94689956627167,20.007944320069193,6.05491834437418,58.620936137621655,0.0,1114.7139925628824,1506.9490000628825,0.0,0.0,110424.53490236521,111931.48390242808,1.4982359032111565,0.021000724737825063,0.05968310138460822,0.08068382612243329,111348.71986543345,582.7640369946275,23372.515039371465,56223.65952206432,18755.790677350924,74979.45019941524,10473.752229306157,2523.0023973406023,0.2099037606145584,18.420383156856627,33223.54217592441,42799.91221977399,0.29837381351196085,0.38437722743016994,25682.39925880567,25682.39925880567,0,0.0,0.0,0.0,0.0,0.0,0.0,0.0,0.0,0.0,0.0,0.0,none,2489.324332201455,28171.723591007125,1448.3280639252607,1448.3280639252607,0.0,27130.72732273093,0.2154110468670722,0.5181811771623273,0.1728613500867164,0.0702933619006643,0.0232530639832198,0.03823860063267153,0.04037921440370064,0.03240217918585996,0.9807710580274498,56610.82513301724,-1.4551915228366852e-11,0.03115,0.0438999999999999,0.0438999999999999,0.0175,392.23500750000005,-0.0,0.0,-0.0005265717613460556,0.0,0.0,0.03115,0.0,0.0,0.0,0.0,False,0.0,0.0,0.0,0.0,0.0,0.03115,0.0438999999999999,0.0438999999999999,False,True,1,0.0,1.0,1.0,0.0,1056.0930564252608,1056.0930564252608,0.0,0.0,0.0,0.15668784534991487,0.0,0.0,0.0,0.0,False,no_shock_central_capacity
2049Q2,2049-06-30,2049,2,2049,75359.11725463274,36058.08198096057,0.015497958573625237,0.019473428238653945,0.022366633995218432,392.23500750000005,1064.7069487882197,182.01346086910527,617.0546632546541,199.63918018280208,45.721012713032806,20.278631768625083,6.05491834437418,58.08073913363603,0.0,1128.8426062662297,1521.0776137662297,0.0,0.0,111931.48390242808,113452.56151619431,1.5054921773147463,0.020819511787786352,0.05991803765173927,0.08073754943952562,112869.79747919968,582.7640369946275,23687.660727699327,56981.75696474625,19008.686292272556,75990.44325701881,10634.671937207882,2557.0215572736843,0.20986713236607543,18.50709243324417,33281.88191991248,42884.044530621955,0.2948696875800265,0.379942601903976,26001.245228718504,26001.245228718508,0,0.0,0.0,0.0,0.0,0.0,0.0,0.0,0.0,0.0,0.0,0.0,none,2523.0023973406023,28524.24762605911,1462.996874632594,1462.996874632594,0.0,27464.242103351102,0.2154110468670722,0.5181811771623273,0.1728613500867164,0.0702933619006643,0.0232530639832198,0.038246857442730924,0.04034048569391805,0.03239822736093468,0.9815259032747224,57739.667739283475,0.0,0.03115,0.0438999999999999,0.0438999999999999,0.0175,392.23500750000005,-0.0,0.0,-0.0005265717613460556,0.0,0.0,0.03115,0.0,0.0,0.0,0.0,False,0.0,0.0,0.0,0.0,0.0,0.03115,0.0438999999999999,0.0438999999999999,False,True,1,0.0,1.0,1.0,0.0,1070.7618671325938,1070.7618671325938,0.0,0.0,0.0,0.15668784534991487,0.0,0.0,0.0,0.0,False,no_shock_central_capacity
2049Q3,2049-09-30,2049,3,2049,76015.04271961107,36196.983971110225,0.015497958573625237,0.019473428238653945,0.022366633995218432,392.23500750000005,1079.48479794533,184.4676579169585,625.3747826880884,202.6633288711876,46.42696770250763,20.552060766587235,6.05491834437418,58.97309703665672,0.0,1144.5128133263609,1536.747820826361,0.0,0.0,113452.56151619431,114989.30933702068,1.5127178150931258,0.02063986250441494,0.060225596007253905,0.08086545851166885,114406.54530002605,582.7640369946275,24005.989727984565,57747.51201070033,19264.13642615087,77011.6484368512,10797.522787711547,2591.3843474787514,0.209830562272726,18.56532493290262,33431.556672784696,43177.87334799695,0.2922171680397475,0.37740736978609846,26236.55094473001,26236.55094473001,0,0.0,0.0,0.0,0.0,0.0,0.0,0.0,0.0,0.0,0.0,0.0,none,2557.0215572736843,28793.572502003695,1477.7747237897042,1477.7747237897042,0.0,27714.325668519716,0.2154110468670722,0.5181811771623273,0.1728613500867164,0.0702933619006643,0.0232530639832198,0.03825832097675459,0.04035211891317208,0.032405965205594765,0.9823164781272518,58884.18055260984,0.0,0.03115,0.0438999999999999,0.0438999999999999,0.0175,392.23500750000005,-0.0,0.0,-0.0005265717613460556,0.0,0.0,0.03115,0.0,0.0,0.0,0.0,False,0.0,0.0,0.0,0.0,0.0,0.03115,0.0438999999999999,0.0438999999999999,False,True,1,0.0,1.0,1.0,0.0,1085.539716289704,1085.539716289704,0.0,0.0,0.0,0.15668784534991487,0.0,0.0,0.0,0.0,False,no_shock_central_capacity
2049Q4,2049-12-31,2049,4,2050,76676.67735729841,36336.421035834224,0.015497958573625237,0.019473428238653057,0.022366633995218432,407.0113625000001,1094.5105574609277,186.9466450066798,633.7789443174345,205.81530909160224,47.1414073523503,20.828251692860466,6.057832164559153,59.87616382291577,0.0,1160.4445534484025,1567.4559159484027,0.0,0.0,114989.30933702068,116556.76525296908,1.5201071469207934,0.021232603004087216,0.06053702864775721,0.08176963165184442,115974.00121597445,582.7640369946275,24330.739060625518,58528.7114613228,19524.738697466677,78053.45015878948,10963.37180064473,2626.440195914732,0.2097947712894307,18.54588892518215,33775.319539404656,43454.09220462295,0.2912318207984048,0.37468822105826866,26293.93681926782,26293.93681926782,0,0.0,0.0,0.0,0.0,0.0,0.0,0.0,0.0,0.0,0.0,0.0,none,2591.3843474787514,28885.32116674657,1507.579752125487,1507.579752125487,0.0,27801.516571393306,0.2154110468670722,0.5181811771623273,0.1728613500867164,0.0702933619006643,0.0232530639832198,0.03826835461456256,0.040367041428078176,0.03228862827973978,0.9830625502863278,60044.62510605824,0.0,0.03115,0.0438999999999999,0.0438999999999999,0.0175,407.0113625000001,-0.0,0.0,-0.0005265717613469438,0.0,0.0,0.03115,0.0,0.0,0.0,0.0,False,0.0,0.0,0.0,0.0,0.0,0.03115,0.0438999999999999,0.0438999999999999,False,True,1,0.0,1.0,1.0,0.0,1100.5683896254868,1100.5683896254868,0.0,0.0,0.0,0.15668784534991487,0.0,0.0,0.0,0.0,False,no_shock_central_capacity
2050Q1,2050-03-31,2050,1,2050,77356.14328070718,36473.8915487907,0.015219177974386433,0.020390207990024445,0.022366633995218432,407.0113625000001,1109.7975382840089,189.47563043462122,642.3526082880161,208.990260786145,47.86902570056116,21.110013074664657,6.057832164559153,60.79585650275506,0.0,1176.651226951323,1583.6625894513231,0.0,0.0,116556.76525296908,118140.42784242041,1.5272274809993653,0.02104610417419865,0.06084332424286115,0.0818894284170598,117557.66380542578,582.7640369946275,24658.781377809006,59317.83233766344,19787.983496926314,79105.81583458975,11131.215079533124,2661.851513493902,0.2097590287148161,18.55204702433083,34255.640723968434,43856.53639612962,0.29139436439181254,0.3730640349294306,26730.314410060615,26730.314410060615,0,0.0,0.0,0.0,0.0,0.0,0.0,0.0,0.0,0.0,0.0,0.0,none,2626.440195914732,29356.754605975348,1522.8667329485681,1522.8667329485681,0.0,28253.181143009184,0.2154110468670722,0.5181811771623273,0.1728613500867164,0.0702933619006643,0.0232530639832198,0.03828673231587549,0.040380366575808,0.03224515592412416,0.9840796772999102,61221.27633300957,0.0,0.03115,0.0438999999999999,0.0438999999999999,0.0175,407.0113625000001,-0.0,0.0,0.0003902079900244444,0.0,0.0,0.03115,0.0,0.0,0.0,0.0,False,0.0,0.0,0.0,0.0,0.0,0.03115,0.0438999999999999,0.0438999999999999,False,True,1,0.0,1.0,1.0,0.0,1115.855370448568,1115.855370448568,0.0,0.0,0.0,0.15668784534991487,0.0,0.0,0.0,0.0,False,no_shock_central_capacity
2050Q2,2050-06-30,2050,2,2050,78041.63025193631,36611.88214989548,0.015219177974386433,0.020390207990024445,0.02276633294218633,407.0113625000001,1125.498338537895,192.03025997968766,651.0132099058546,212.30057014111947,48.75966697152602,21.394631539707234,6.057832164559153,62.82043079095424,0.0,1194.3766014934085,1601.3879639934087,0.0,0.0,118140.42784242041,119741.81580641381,1.534332578905127,0.02086124347664568,0.061217409100127025,0.0820786525767727,119159.05176941918,582.7640369946275,24990.205820811836,60115.08907316203,20053.94235791528,80169.03143107731,11302.186594744086,2697.6279227859636,0.20972142233197336,18.548619696427497,34611.08371012405,44142.41259830601,0.29046122133548724,0.3704495121673556,27030.25554429534,27030.25554429534,0,0.0,0.0,0.0,0.0,0.0,0.0,0.0,0.0,0.0,0.0,0.0,none,2661.851513493902,29692.107057789242,1538.5675332024543,1538.5675332024543,0.0,28568.823077497796,0.2154110468670722,0.5181811771623273,0.1728613500867164,0.0702933619006643,0.0232530639832198,0.03830434094585438,0.040439217067556495,0.03228603680726345,0.9849014438074407,62415.65293450298,0.0,0.03115,0.0438999999999999,0.0438999999999999,0.0175,407.0113625000001,-0.0,0.0,0.0003902079900244444,0.0,0.0,0.03115,0.0,0.0,0.0,0.0,False,0.0,0.0,0.0,0.0,0.0,0.03115,0.0438999999999999,0.0438999999999999,False,True,1,0.0,1.0,1.0,0.0,1131.5561707024542,1131.5561707024542,0.0,0.0,0.0,0.15668784534991487,0.0,0.0,0.0,0.0,False,no_shock_central_capacity
2050Q3,2050-09-30,2050,3,2050,78733.19162615138,36750.394806782766,0.015219177974387321,0.020390207990024445,0.02276633294218633,407.0113625000001,1141.3550881786725,194.61122782957216,659.7631025779516,215.7878936373567,49.51067970440013,21.682184429392173,6.057832164559153,63.78533032454449,0.0,1211.1982506677762,1618.2096131677763,0.0,0.0,119741.81580641381,121360.0254195816,1.5414086856256901,0.020678006522718454,0.06153431485002695,0.08221232137274541,120777.26138258696,582.7640369946275,25325.045982854695,60920.56247785544,20322.642238055134,81243.20471591057,11475.237633729716,2733.7730500919874,0.20968388993878884,18.53830769781315,35090.40829666114,44507.7334736656,0.29053820143764486,0.36851086838836444,27370.332035291776,27370.332035291776,0,0.0,0.0,0.0,0.0,0.0,0.0,0.0,0.0,0.0,0.0,0.0,none,2697.6279227859636,30067.95995807774,1554.4242828432318,1554.4242828432318,0.0,28924.75631813501,0.2154110468670722,0.5181811771623273,0.1728613500867164,0.0702933619006643,0.0232530639832198,0.038324425021148495,0.04046032682938152,0.03227581231826498,0.985831061499935,63626.85118517075,0.0,0.03115,0.0438999999999999,0.0438999999999999,0.0175,407.0113625000001,-0.0,0.0,0.0003902079900244444,0.0,0.0,0.03115,0.0,0.0,0.0,0.0,False,0.0,0.0,0.0,0.0,0.0,0.03115,0.0438999999999999,0.0438999999999999,False,True,1,0.0,0.9999999999999999,1.0,0.0,1147.4129203432317,1147.4129203432317,0.0,0.0,0.0,0.15668784534991487,0.0,0.0,0.0,0.0,False,no_shock_central_capacity
2050Q4,2050-12-31,2050,4,2051,79430.88123132168,36889.43149453083,0.015219177974386433,0.020390207990024445,0.022766332942187217,427.29039000000006,1157.4618922247935,197.21879559148095,668.6031731944616,219.39638767330248,50.27083487543332,21.972700890114346,6.063659804929099,64.7619659155606,0.0,1228.287517945283,1655.5779079452832,0.0,0.0,121360.0254195816,123015.60332752687,1.5487125589010662,0.021517595342075004,0.061854407198037586,0.0833720025401126,122432.83929053224,582.7640369946275,25667.725310300146,61744.893355345,20597.632829533868,82342.52618487887,11651.823400375712,2770.76439497753,0.2096473908392406,18.493094793907712,35365.85087109311,44905.06421919197,0.28885919068796734,0.3667730363798276,27629.74912020506,27629.74912020506,0,0.0,0.0,0.0,0.0,0.0,0.0,0.0,0.0,0.0,0.0,0.0,none,2733.7730500919874,30363.522170297045,1590.8159420297227,1590.8159420297227,0.0,29220.565062234782,0.2154110468670722,0.5181811771623273,0.1728613500867164,0.0702933619006643,0.0232530639832198,0.03834140270495146,0.04048408901361675,0.03232526897084057,0.9867110736782396,64855.138703116034,0.0,0.03115,0.0438999999999999,0.0438999999999999,0.0175,427.29039000000006,-0.0,0.0,0.0003902079900244444,0.0,0.0,0.03115,0.0,0.0,0.0,0.0,False,0.0,0.0,0.0,0.0,0.0,0.03115,0.0438999999999999,0.0438999999999999,False,True,1,0.0,1.0,1.0,0.0,1163.5255520297226,1163.5255520297226,0.0,0.0,0.0,0.15668784534991487,0.0,0.0,0.0,0.0,False,no_shock_central_capacity
2051Q1,2051-03-31,2051,1,2051,80109.2122534556,37027.85847642142,0.015094632227163673,0.01921496163380243,0.02276633294218544,427.29039000000006,1173.848169776962,199.8874108539624,677.6502045749094,222.9940006300921,51.04653489336569,22.2700188246319,6.063659804929099,65.75855019256326,0.0,1245.6703797744544,1672.9607697744545,0.0,0.0,123015.60332752687,124688.56409730132,1.55648221458978,0.021335393420077897,0.06219860836146075,0.08353400178153865,124105.80006030669,582.7640369946275,26013.934422947365,62577.71529342585,20875.455975073164,83453.17126849902,11830.5575978369,2808.1367710234413,0.20961094816121745,18.5237177585655,35634.63117875756,45273.03214398788,0.2871310701147057,0.36479384623432887,28222.186672547374,28222.186672547374,0,0.0,0.0,0.0,0.0,0.0,0.0,0.0,0.0,0.0,0.0,0.0,none,2770.76439497753,30992.951067524904,1607.2022195818913,1607.2022195818913,0.0,29829.388892129264,0.2154110468670722,0.5181811771623273,0.1728613500867164,0.0702933619006643,0.0232530639832198,0.038361665049157154,0.04050446759856566,0.03223344668325465,0.9879164945343537,66100.80908289048,0.0,0.03115,0.0438999999999999,0.0438999999999999,0.0175,427.29039000000006,-0.0,0.0,-0.0007850383661975706,0.0,0.0,0.03115,0.0,0.0,0.0,0.0,False,0.0,0.0,0.0,0.0,0.0,0.03115,0.0438999999999999,0.0438999999999999,False,True,1,0.0,0.9999999999999999,1.0,0.0,1179.9118295818912,1179.9118295818912,0.0,0.0,0.0,0.15668784534991487,0.0,0.0,0.0,0.0,False,no_shock_central_capacity
2051Q2,2051-06-30,2051,2,2051,80793.3361481909,37166.80490327331,0.015094632227163673,0.01921496163380243,0.022850408612718587,427.29039000000006,1190.5192822587558,202.5835143187026,686.7904253453466,226.55455767191916,52.02038562568608,22.570399297100906,6.063659804929099,67.01175434251738,0.0,1263.5946964062023,1690.8850864062024,0.0,0.0,124688.56409730132,126379.44918370753,1.5642311013361638,0.02115473430710995,0.06255935237473154,0.08371408668184148,125796.6851467129,582.7640369946275,26363.734677386725,63419.17588819711,21156.16091162351,84575.33679982062,12011.716867991006,2845.8968015145624,0.20957416045295224,18.486236288100653,35915.47858853053,45626.748772131774,0.28550417323511657,0.3627023138083382,28407.37274878267,28407.37274878267,0,0.0,0.0,0.0,0.0,0.0,0.0,0.0,0.0,0.0,0.0,0.0,none,2808.1367710234413,31215.50951980611,1623.873332063685,1623.873332063685,0.0,30031.246080846355,0.2154110468670722,0.5181811771623273,0.1728613500867164,0.0702933619006643,0.0232530639832198,0.03837575393931022,0.040536025273982625,0.0323344635739578,0.9888254915980704,67364.40377929668,1.4551915228366852e-11,0.03115,0.0438999999999999,0.0438999999999999,0.0175,427.29039000000006,-0.0,0.0,-0.0007850383661975706,0.0,0.0,0.03115,0.0,0.0,0.0,0.0,False,0.0,0.0,0.0,0.0,0.0,0.03115,0.0438999999999999,0.0438999999999999,False,True,1,0.0,1.0,1.0,0.0,1196.5829420636849,1196.5829420636849,0.0,0.0,0.0,0.15668784534991487,0.0,0.0,0.0,0.0,False,no_shock_central_capacity
2051Q3,2051-09-30,2051,3,2051,81483.30238602485,37306.272724295144,0.015094632227163673,0.01921496163380243,0.022850408612718587,427.29039000000006,1207.1831463640106,205.30758380014913,696.0254553729615,230.15894317013792,52.81726847858901,22.873895542173294,6.063659804929099,68.03789367771284,0.0,1281.2846998466525,1708.5750898466526,0.0,0.0,126379.44918370753,128088.02427355418,1.571954259619238,0.020975604939314996,0.06289802510833949,0.08387363004765448,127505.26023655955,582.7640369946275,26717.124512237846,64269.271383686515,21439.746386220748,85709.01776990727,12195.073636510522,2884.0443179039307,0.20953742977089546,18.477961018645168,36155.01280004842,45956.432090981114,0.28355702919997416,0.3604277345555665,28889.061497758576,28889.061497758572,0,0.0,0.0,0.0,0.0,0.0,0.0,0.0,0.0,0.0,0.0,0.0,none,2845.8968015145624,31734.958299273134,1640.5371961689398,1640.5371961689398,0.0,30529.59869392751,0.2154110468670722,0.5181811771623273,0.1728613500867164,0.0702933619006643,0.0232530639832198,0.038390278691154904,0.040553577598970325,0.03228476617910465,0.9896829910614321,68645.68847914334,0.0,0.03115,0.0438999999999999,0.0438999999999999,0.0175,427.29039000000006,-0.0,0.0,-0.0007850383661975706,0.0,0.0,0.03115,0.0,0.0,0.0,0.0,False,0.0,0.0,0.0,0.0,0.0,0.03115,0.0438999999999999,0.0438999999999999,False,True,1,0.0,1.0,1.0,0.0,1213.2468061689397,1213.2468061689397,0.0,0.0,0.0,0.15668784534991487,0.0,0.0,0.0,0.0,False,no_shock_central_capacity
2051Q4,2051-12-31,2051,4,2052,82179.16085992736,37446.26389600992,0.015094632227163673,0.01921496163380243,0.022850408612718587,450.937025,1224.0426490450698,208.05960713905225,705.3552534359575,233.8234634312535,53.62381883365423,23.18050620515284,6.070944355391532,69.07648028932907,0.0,1299.1900736897903,1750.1270986897903,0.0,0.0,128088.02427355418,129838.15137224397,1.579940096900604,0.021948971991505858,0.0632369598372625,0.08518593182876837,129255.38733524934,582.7640369946275,27079.24138578403,65140.360171998735,21730.33506568156,86870.6952376803,12382.316816292414,2923.1338954926277,0.20950183929702423,18.391237297979156,36639.36737255665,47266.13543353939,0.28346491490931225,0.3656801964543679,28953.07821570572,28953.07821570572,0,0.0,0.0,0.0,0.0,0.0,0.0,0.0,0.0,0.0,0.0,0.0,none,2884.0443179039307,31837.12253360965,1681.0506184004612,1681.0506184004612,0.0,30634.12883410618,0.2154110468670722,0.5181811771623273,0.1728613500867164,0.0702933619006643,0.0232530639832198,0.03840452730273533,0.04057178900394762,0.03225196240293369,0.9905131701342524,69944.87855283314,0.0,0.03115,0.0438999999999999,0.0438999999999999,0.0175,450.937025,-0.0,0.0,-0.0007850383661975706,0.0,0.0,0.03115,0.0,0.0,0.0,0.0,False,0.0,0.0,0.0,0.0,0.0,0.03115,0.0438999999999999,0.0438999999999999,False,True,1,0.0,1.0,1.0,0.0,1230.1135934004612,1230.1135934004612,0.0,0.0,0.0,0.15668784534991487,0.0,0.0,0.0,0.0,False,no_shock_central_capacity
2052Q1,2052-03-31,2052,1,2052,82909.72255926982,37585.44010062169,0.014949853670766178,0.020776005458570612,0.022850408612718587,450.937025,1241.304682374137,210.8795922917931,714.9154528876841,237.56748097712,54.44746753251754,23.494688685022,6.070944355391532,70.1370806762583,0.0,1317.5127074057868,1768.4497324057868,0.0,0.0,129838.15137224397,131606.60110464974,1.5873482269895174,0.021755567915578915,0.0635637253020083,0.08531929321758722,131023.83706765513,582.7640369946275,27445.07669200068,66020.3938210616,22023.907683528876,88044.30150459048,12571.834002817164,2962.6248682468063,0.20946628725145036,18.366317887639454,37104.450710889345,48604.25350181665,0.2831885521085006,0.37095733562374217,29559.401598461558,29559.401598461558,0,0.0,0.0,0.0,0.0,0.0,0.0,0.0,0.0,0.0,0.0,0.0,none,2923.1338954926277,32482.535493954187,1698.3126517295284,1698.3126517295284,0.0,31257.714250191086,0.2154110468670722,0.5181811771623273,0.1728613500867164,0.0702933619006643,0.0232530639832198,0.038417820375875815,0.04058938589254859,0.03215319904170881,0.9916000607946085,71262.39126023892,0.0,0.03115,0.0438999999999999,0.0438999999999999,0.0175,450.937025,-0.0,0.0,0.0007760054585706118,0.0,0.0,0.03115,0.0,0.0,0.0,0.0,False,0.0,0.0,0.0,0.0,0.0,0.03115,0.0438999999999999,0.0438999999999999,False,True,1,0.0,1.0,1.0,0.0,1247.3756267295284,1247.3756267295284,0.0,0.0,0.0,0.15668784534991487,0.0,0.0,0.0,0.0,False,no_shock_central_capacity
2052Q2,2052-06-30,2052,2,2052,83646.77885396908,37725.133580227404,0.014949853670766178,0.020776005458570612,0.02253572169058371,450.937025,1258.7203806530067,213.7285347389553,724.5738221861492,241.2014741021229,55.40445224724582,23.812097378533704,6.070944355391532,70.23801971755174,0.0,1335.0293447259498,1785.9663697259498,0.0,0.0,131606.60110464974,133392.5674743757,1.5947125436504022,0.021563868025916352,0.06384127939016755,0.0854051474160839,132809.80343738108,582.7640369946275,27814.663532015504,66909.45195715973,22320.490802493383,89229.94275965312,12762.676336365092,3002.5208093473757,0.2094323070444866,18.280037847855493,37546.7951856165,49981.47623785103,0.2827110214293748,0.37633875620798546,29768.32051600019,29768.32051600019,0,0.0,0.0,0.0,0.0,0.0,0.0,0.0,0.0,0.0,0.0,0.0,none,2962.6248682468063,32730.945384246996,1715.7283500083981,1715.7283500083981,0.0,31484.048866008587,0.2154110468670722,0.5181811771623273,0.1728613500867164,0.0702933619006643,0.0232530639832198,0.03842259243163472,0.04057636421031414,0.0322437190178696,0.992297847885116,72597.42060496486,2.9103830456733704e-11,0.03115,0.0438999999999999,0.0438999999999999,0.0175,450.937025,-0.0,0.0,0.0007760054585706118,0.0,0.0,0.03115,0.0,0.0,0.0,0.0,False,0.0,0.0,0.0,0.0,0.0,0.03115,0.0438999999999999,0.0438999999999999,False,True,1,0.0,0.9999999999999999,1.0,0.0,1264.7913250083982,1264.7913250083982,0.0,0.0,0.0,0.15668784534991487,0.0,0.0,0.0,0.0,False,no_shock_central_capacity
2052Q3,2052-09-30,2052,3,2052,84390.3874801053,37865.34625737856,0.014949853670766178,0.020776005458570612,0.02253572169058371,450.937025,1276.036726086833,216.60669225557072,734.3312352298261,244.72145248922297,56.244585107083935,24.13276100512953,6.070944355391532,71.30424343508403,0.0,1353.4119138773085,1804.3489388773085,0.0,0.0,133392.5674743757,135196.91641325303,1.602041659604006,0.021373857306025836,0.06415005093779762,0.08552390824382346,134614.1523762584,582.7640369946275,28187.98050412814,67807.48309751891,22620.067248308147,90427.55034582705,12955.802117766925,3042.8194085362734,0.20939834338770158,18.20974767314948,38010.38493368156,51411.490877194854,0.28236544421747867,0.3819174282173186,30226.579194243513,30226.579194243513,0,0.0,0.0,0.0,0.0,0.0,0.0,0.0,0.0,0.0,0.0,0.0,none,3002.5208093473757,33229.10000359089,1733.0446954422243,1733.0446954422243,0.0,31959.62388968574,0.2154110468670722,0.5181811771623273,0.1728613500867164,0.0702933619006643,0.0232530639832198,0.03842452930292394,0.04058432758293807,0.03219722830266561,0.9929153036923164,73950.83251884217,0.0,0.03115,0.0438999999999999,0.0438999999999999,0.0175,450.937025,-0.0,0.0,0.0007760054585706118,0.0,0.0,0.03115,0.0,0.0,0.0,0.0,False,0.0,0.0,0.0,0.0,0.0,0.03115,0.0438999999999999,0.0438999999999999,False,True,1,0.0,1.0000000000000002,1.0,4.440892098500626e-13,1282.1076704422244,1282.1076704422244,0.0,0.0,0.0,0.15668784534991487,0.0,0.0,0.0,0.0,False,no_shock_central_capacity
2052Q4,2052-12-31,2052,4,2053,85140.60668702472,38006.08006177218,0.014949853670767954,0.020776005458570612,0.022535721690584598,462.968345,1293.4385731493992,219.5138981758979,744.1871269952682,248.18612013948757,57.09476684263462,24.456660996110298,6.072401265484019,72.38322462741168,0.0,1371.894199042295,1834.862544042295,0.0,0.0,135196.91641325303,137031.77895729532,1.6094761863868505,0.02175076561067332,0.06445310891830276,0.08620387452897607,136449.0149203007,582.7640369946275,28567.638019404865,68720.76670597757,22924.73180296212,91645.4985089397,13152.075939036395,3083.802452919729,0.2093649267903554,18.115805697978914,39215.481963992235,52810.65490116742,0.28740025706230155,0.3870358091776178,30544.56820664264,30544.568206642638,0,0.0,0.0,0.0,0.0,0.0,0.0,0.0,0.0,0.0,0.0,0.0,none,3042.8194085362734,33587.38761517891,1762.4793194148833,1762.4793194148833,0.0,32307.047526057522,0.2154110468670722,0.5181811771623273,0.1728613500867164,0.0702933619006643,0.0232530639832198,0.038424282929922296,0.04058951151959296,0.03224399312357246,0.9934768930431079,75322.72671788446,0.0,0.03115,0.0438999999999999,0.0438999999999999,0.0175,462.968345,-0.0,0.0,0.0007760054585706118,0.0,0.0,0.03115,0.0,0.0,0.0,0.0,False,0.0,0.0,0.0,0.0,0.0,0.03115,0.0438999999999999,0.0438999999999999,False,True,1,0.0,1.0,1.0,0.0,1299.5109744148833,1299.5109744148833,0.0,0.0,0.0,0.15668784534991487,0.0,0.0,0.0,0.0,False,no_shock_central_capacity
2053Q1,2053-03-31,2053,1,2053,85878.75613703064,38146.96482258528,0.014910252990658845,0.01992533565251664,0.02253572169058371,462.968345,1311.0609016924386,222.47048107611536,754.2104145981019,251.63514260920203,57.958801193677346,24.786062215342323,6.072401265484019,73.47979371393005,0.0,1390.6130966718529,1853.5814416718529,0.0,0.0,137031.77895729532,138885.36039896717,1.617226036405996,0.021563812324494978,0.06477099386269407,0.08633480618718904,138302.59636197254,582.7640369946275,28951.09157892128,69643.181873385,23232.442577119713,92875.6244505047,13350.685062110206,3125.19527043633,0.20933151177544795,18.078640717057215,40471.92982412724,54247.064596118,0.29263318902706686,0.39223460746998445,31149.78752778997,31149.78752778997,0,0.0,0.0,0.0,0.0,0.0,0.0,0.0,0.0,0.0,0.0,0.0,none,3083.802452919729,34233.5899807097,1780.1016479579228,1780.1016479579228,0.0,32929.88917574789,0.2154110468670722,0.5181811771623273,0.1728613500867164,0.0702933619006643,0.0232530639832198,0.038424299273550476,0.040592426289823604,0.032150831207552424,0.9943169144470891,76713.33981455631,0.0,0.03115,0.0438999999999999,0.0438999999999999,0.0175,462.968345,-0.0,0.0,-7.466434748336012e-05,0.0,0.0,0.03115,0.0,0.0,0.0,0.0,False,0.0,0.0,0.0,0.0,0.0,0.03115,0.0438999999999999,0.0438999999999999,False,True,1,0.0,1.0,1.0,0.0,1317.1333029579228,1317.1333029579228,0.0,0.0,0.0,0.15668784534991487,0.0,0.0,0.0,0.0,False,no_shock_central_capacity
2053Q2,2053-06-30,2053,2,2053,86623.30517275418,38288.37182920213,0.014910252990658845,0.01992533565251664,0.022725734639350792,462.968345,1328.874699157737,225.4566256708495,764.3339210603987,255.1282332649709,58.83716217538583,25.118756986132006,6.072401265484019,75.21305524533884,0.0,1410.16015566856,1873.12850066856,0.0,0.0,138885.36039896717,140758.48889963573,1.624949413081375,0.021378465948704923,0.06511689448266866,0.08649536043137358,140175.7248626411,582.7640369946275,29338.382427198376,70574.82781533274,23543.232668357334,94118.06048369007,13552.27963842748,3167.002313325175,0.2092971693632917,17.97856597303838,41794.30392483134,55732.854546362716,0.29815650295930907,0.3975927686550265,31345.539284311344,31345.539284311344,0,0.0,0.0,0.0,0.0,0.0,0.0,0.0,0.0,0.0,0.0,0.0,none,3125.19527043633,34470.73455474767,1797.9154454232212,1797.9154454232212,0.0,33143.45472973456,0.2154110468670722,0.5181811771623273,0.1728613500867164,0.0702933619006643,0.0232530639832198,0.038423454557078324,0.04061364427806307,0.032233975456489185,0.9948358160614481,78123.49997022488,0.0,0.03115,0.0438999999999999,0.0438999999999999,0.0175,462.968345,-0.0,0.0,-7.466434748336012e-05,0.0,0.0,0.03115,0.0,0.0,0.0,0.0,False,0.0,0.0,0.0,0.0,0.0,0.03115,0.0438999999999999,0.0438999999999999,False,True,1,0.0,1.0,1.0,0.0,1334.9471004232212,1334.9471004232212,0.0,0.0,0.0,0.15668784534991487,0.0,0.0,0.0,0.0,False,no_shock_central_capacity
2053Q3,2053-09-30,2053,3,2053,87374.3092771295,38430.303017536,0.014910252990657957,0.01992533565251664,0.022725734639350792,462.968345,1346.8434813571705,228.47265315180735,774.558735273275,258.63264771779217,59.724664120945285,25.454781093351098,6.072401265484019,76.34876805222264,0.0,1429.2646506748772,1892.2329956748772,0.0,0.0,140758.48889963573,142650.7218953106,1.632639194237955,0.021194712671505304,0.06543180312380412,0.08662651579530942,142067.95785831596,582.7640369946275,29729.543949659976,71515.78484199275,23857.12886754536,95372.91370953812,13756.273013661685,3209.2271854562046,0.20926283729163742,17.905050041956112,43152.35118506301,57213.10333410296,0.3037444321406995,0.402716447794382,31841.16233102106,31841.16233102106,0,0.0,0.0,0.0,0.0,0.0,0.0,0.0,0.0,0.0,0.0,0.0,none,3167.002313325175,35008.16464434624,1815.8842276226546,1815.8842276226546,0.0,33657.04655864371,0.2154110468670722,0.5181811771623273,0.1728613500867164,0.0702933619006643,0.0232530639832198,0.03841997805176882,0.04061608395622883,0.03218625176533211,0.9954047459629369,79552.76462089975,-2.9103830456733704e-11,0.03115,0.0438999999999999,0.0438999999999999,0.0175,462.968345,-0.0,0.0,-7.466434748336012e-05,0.0,0.0,0.03115,0.0,0.0,0.0,0.0,False,0.0,0.0,0.0,0.0,0.0,0.03115,0.0438999999999999,0.0438999999999999,False,True,1,0.0,1.0,1.0,0.0,1352.9158826226546,1352.9158826226546,0.0,0.0,0.0,0.15668784534991487,0.0,0.0,0.0,0.0,False,no_shock_central_capacity
2053Q4,2053-12-31,2053,4,2054,88131.82441411512,38572.760330676436,0.014910252990658845,0.01992533565251664,0.022725734639350792,486.19494,1364.9015694896768,231.51882350797706,784.8857386408687,262.0801207647129,60.62272307301411,25.79416350310424,6.073858175576505,77.49799484693735,0.0,1448.4734225121908,1934.668362512191,0.0,0.0,142650.7218953106,144585.3902578228,1.6405582344289482,0.02206671395864722,0.06574122036580486,0.08780793432445208,144002.62622082816,582.7640369946275,30129.598962769254,72478.13556930052,24178.16184464102,96656.29741394153,13964.317757274106,3252.412086843265,0.2092295102768854,17.946988520218554,43746.64146172226,57885.20848659394,0.30379058083730187,0.40197328344433747,32910.0454357233,32910.0454357233,0,0.0,0.0,0.0,0.0,0.0,0.0,0.0,0.0,0.0,0.0,0.0,none,3209.2271854562046,36119.27262117951,1857.1703676652535,1857.1703676652535,0.0,34767.21580338856,0.2154110468670722,0.5181811771623273,0.1728613500867164,0.0702933619006643,0.0232530639832198,0.038416356307009535,0.040615943705499244,0.03247958742152108,0.9959243317023018,81001.23804341194,0.0,0.03115,0.0438999999999999,0.0438999999999999,0.0175,486.19494,-0.0,0.0,-7.466434748336012e-05,0.0,0.0,0.03115,0.0,0.0,0.0,0.0,False,0.0,0.0,0.0,0.0,0.0,0.03115,0.0438999999999999,0.0438999999999999,False,True,1,0.0,1.0,1.0,0.0,1370.9754276652534,1370.9754276652534,0.0,0.0,0.0,0.15668784534991487,0.0,0.0,0.0,0.0,False,no_shock_central_capacity
2054Q1,2054-03-31,2054,1,2054,88891.20434754388,38714.97092715584,0.0148290126082804,0.01979116344579368,0.022725734639350792,486.19494,1383.3587941841338,234.63425192256557,795.4475378730715,265.5971324686093,61.53860977188507,26.141262148002735,6.073858175576505,78.67004562350985,0.0,1468.1026979832202,1954.2976379832203,0.0,0.0,144585.3902578228,146539.687895806,1.648528546456295,0.02187820239667768,0.066062900542703,0.08794110293938069,145956.92385881138,582.7640369946275,30533.629865972227,73450.0504830276,24502.38536251622,97952.43584554382,14174.831972038224,3296.0261752570973,0.20919617280717936,18.04941354335189,44331.02778574947,58541.125389329536,0.30372678879305676,0.4010849491865022,33587.62862026603,33587.628620266034,0,0.0,0.0,0.0,0.0,0.0,0.0,0.0,0.0,0.0,0.0,0.0,none,3252.412086843265,36840.0407071093,1875.6275923597102,1875.6275923597102,0.0,35463.25621262575,0.2154110468670722,0.5181811771623273,0.1728613500867164,0.0702933619006643,0.0232530639832198,0.03841185743123197,0.04061551987694797,0.032405458365560566,0.9967029848838034,82469.34074139516,0.0,0.03115,0.0438999999999999,0.0438999999999999,0.0175,486.19494,-0.0,0.0,-0.00020883655420632016,0.0,0.0,0.03115,0.0,0.0,0.0,0.0,False,0.0,0.0,0.0,0.0,0.0,0.03115,0.0438999999999999,0.0438999999999999,False,True,1,0.0,1.0,1.0,0.0,1389.4326523597103,1389.4326523597103,0.0,0.0,0.0,0.15668784534991487,0.0,0.0,0.0,0.0,False,no_shock_central_capacity
2054Q2,2054-06-30,2054,2,2054,89657.12740982682,38857.705827666825,0.014829012608279513,0.01979116344579479,0.022859099804621197,486.19494,1401.9709202295155,237.78064258125872,806.1143040512263,269.1504998583866,62.43366335501531,26.491810383628916,6.073858175576505,80.32069466204165,0.0,1488.3654730671337,1974.5604130671336,0.0,0.0,146539.687895806,148514.24830887315,1.656468956784749,0.021691301251604046,0.06640255007340341,0.08809385132500745,147931.48427187852,582.7640369946275,30941.670026731055,74431.6098501384,24829.826197627604,99261.43604776601,14388.305144752732,3340.073052628727,0.20916216841213026,18.101240643084456,44902.64272807198,59212.85311972208,0.30353675520179907,0.4002721490368925,33861.63200792324,33861.63200792324,0,0.0,0.0,0.0,0.0,0.0,0.0,0.0,0.0,0.0,0.0,0.0,none,3296.0261752570973,37157.658183180334,1894.2397184050922,1894.2397184050922,0.0,35755.87172632833,0.2154110468670722,0.5181811771623273,0.1728613500867164,0.0702933619006643,0.0232530639832198,0.03840798087537871,0.04062695900172532,0.032495766027440066,0.9972612982938036,83957.7062144623,0.0,0.03115,0.0438999999999999,0.0438999999999999,0.0175,486.19494,-0.0,0.0,-0.00020883655420520994,0.0,0.0,0.03115,0.0,0.0,0.0,0.0,False,0.0,0.0,0.0,0.0,0.0,0.03115,0.0438999999999999,0.0438999999999999,False,True,1,0.0,1.0,1.0,0.0,1408.044778405092,1408.044778405092,0.0,0.0,0.0,0.15668784534991487,0.0,0.0,0.0,0.0,False,no_shock_central_capacity
2054Q3,2054-09-30,2054,3,2054,90429.64997924482,39000.96696522091,0.014829012608281289,0.019791163445792792,0.022859099804621197,486.19494,1420.7944816190072,240.9582553331681,816.8869181052672,272.7301886497408,63.37328237032804,26.845837160503393,6.073858175576505,81.53032547515922,0.0,1508.398665269743,1994.593605269743,0.0,0.0,148514.24830887315,150508.8419141429,1.6643749251344808,0.021505996765954095,0.06672142004822298,0.08822741681417708,149926.07787714826,582.7640369946275,31353.764990554562,75422.92323244837,25160.520898974217,100583.44413142258,14604.311119693357,3384.557635477739,0.20912816125455053,18.177465340560172,45436.5298851012,59718.244149770166,0.3030595512698771,0.3983179243753993,34412.224181790036,34412.224181790036,0,0.0,0.0,0.0,0.0,0.0,0.0,0.0,0.0,0.0,0.0,0.0,none,3340.073052628727,37752.297234418766,1913.0632797945839,1913.0632797945839,0.0,36325.28746158462,0.2154110468670722,0.5181811771623273,0.1728613500867164,0.0702933619006643,0.0232530639832198,0.03840531222717632,0.04062636905066898,0.03244780152072386,0.9977908485368263,85466.10487973205,0.0,0.03115,0.0438999999999999,0.0438999999999999,0.0175,486.19494,-0.0,0.0,-0.00020883655420720834,0.0,0.0,0.03115,0.0,0.0,0.0,0.0,False,0.0,0.0,0.0,0.0,0.0,0.03115,0.0438999999999999,0.0438999999999999,False,True,1,0.0,1.0,1.0,0.0,1426.8683397945838,1426.8683397945838,0.0,0.0,0.0,0.15668784534991487,0.0,0.0,0.0,0.0,False,no_shock_central_capacity
2054Q4,2054-12-31,2054,4,2055,91208.82891985717,39144.756279956215,0.014829012608279513,0.01979116344579368,0.022859099804622085,508.6235875,1439.851891978524,244.16744486394364,827.7665824761192,276.3904352950033,64.32404734830634,27.203381995152327,6.0767719957614785,82.75430823507148,0.0,1528.6829722093569,2037.3065597093569,0.0,0.0,150508.8419141429,152546.14847385226,1.6724932254956435,0.022305892687073718,0.06704100865290447,0.08934690133997818,151963.38443685762,582.7640369946275,31774.797137201032,76435.7354189426,25498.3874399791,101934.12285892169,14824.457476695074,3430.006964039817,0.20909508731298224,18.217902179472027,45939.021276992775,60094.37343559692,0.30230322552523115,0.39545298137635754,34726.84664991878,34726.84664991878,0,0.0,0.0,0.0,0.0,0.0,0.0,0.0,0.0,0.0,0.0,0.0,none,3384.557635477739,38111.404285396515,1954.5522514742854,1954.5522514742854,0.0,36681.39890139306,0.2154110468670722,0.5181811771623273,0.1728613500867164,0.0702933619006643,0.0232530639832198,0.03840042013745902,0.040627060915966316,0.032487962594204896,0.9983450334817957,86994.78785194141,0.0,0.03115,0.0438999999999999,0.0438999999999999,0.0175,508.6235875,-0.0,0.0,-0.00020883655420632016,0.0,0.0,0.03115,0.0,0.0,0.0,0.0,False,0.0,0.0,0.0,0.0,0.0,0.03115,0.0438999999999999,0.0438999999999999,False,True,1,0.0,1.0,1.0,0.0,1445.9286639742854,1445.9286639742854,0.0,0.0,0.0,0.15668784534991487,0.0,0.0,0.0,0.0,False,no_shock_central_capacity
2055Q1,2055-03-31,2055,1,2055,91998.29702064375,39289.12037721519,0.014833626650489373,0.019945074784910366,0.022859099804621197,508.6235875,1459.2323457256282,247.44623270595304,838.8821962228932,280.04220450740684,65.29303131590513,27.568680973470027,6.0767719957614785,84.00175218054687,0.0,1549.3108699019365,2057.9344574019365,0.0,0.0,152546.14847385226,154604.08293125418,1.6805102696255578,0.022114478375001596,0.06736258909463433,0.08947706746963592,154021.31889425954,582.7640369946275,32200.004047677925,77458.59019177343,25839.604112383993,103298.19430415743,15047.213594891306,3475.9069475329,0.20906199400736358,18.31319383120935,46437.956337721196,60376.28365013608,0.30150343258391593,0.3919995237255843,35416.304364614945,35416.304364614945,0,0.0,0.0,0.0,0.0,0.0,0.0,0.0,0.0,0.0,0.0,0.0,none,3430.006964039817,38846.31132865476,1973.9327052213896,1973.9327052213896,0.0,37390.23706983634,0.2154110468670722,0.5181811771623273,0.1728613500867164,0.0702933619006643,0.0232530639832198,0.0383935501264566,0.04062536839905865,0.032404166455023746,0.999116783623011,88544.09872184334,-2.9103830456733704e-11,0.03115,0.0438999999999999,0.0438999999999999,0.0175,508.6235875,-0.0,0.0,-5.492521508963441e-05,0.0,0.0,0.03115,0.0,0.0,0.0,0.0,False,0.0,0.0,0.0,0.0,0.0,0.03115,0.0438999999999999,0.0438999999999999,False,True,1,0.0,1.0,1.0,0.0,1465.3091177213896,1465.3091177213896,0.0,0.0,0.0,0.15668784534991487,0.0,0.0,0.0,0.0,False,no_shock_central_capacity
2055Q2,2055-06-30,2055,2,2055,92794.59844984312,39434.016882759664,0.014833626650488485,0.019945074784910366,0.022480077339169124,508.6235875,1478.723202895257,250.75753152129184,850.1080273547116,283.72158643297905,66.19845549547875,27.937602090795682,6.0767719957614785,83.86194693240375,0.0,1568.661921823422,2077.285509323422,0.0,0.0,154604.08293125418,156681.36844057761,1.6884750950807363,0.021924706653045918,0.06761867384646564,0.08954338049951156,156098.60440358298,582.7640369946275,32629.409504102063,78491.54475991633,26184.190000673578,104675.73476058991,15271.199985716172,3522.260153174837,0.2090307573778226,18.354368773170634,46971.30622151765,60724.28941436293,0.30090791907451225,0.389012378722901,35689.84119204001,35689.84119204001,0,0.0,0.0,0.0,0.0,0.0,0.0,0.0,0.0,0.0,0.0,0.0,none,3475.9069475329,39165.74813957291,1993.4235623910183,1993.4235623910183,0.0,37683.26475443103,0.2154110468670722,0.5181811771623273,0.1728613500867164,0.0702933619006643,0.0232530639832198,0.03838808636290529,0.04058526507403919,0.03249499008011695,0.9996452280299989,90112.76064366677,2.9103830456733704e-11,0.03115,0.0438999999999999,0.0438999999999999,0.0175,508.6235875,-0.0,0.0,-5.492521508963441e-05,0.0,0.0,0.03115,0.0,0.0,0.0,0.0,False,0.0,0.0,0.0,0.0,0.0,0.03115,0.0438999999999999,0.0438999999999999,False,True,1,0.0,1.0,1.0,0.0,1484.7999748910183,1484.7999748910183,0.0,0.0,0.0,0.15668784534991487,0.0,0.0,0.0,0.0,False,no_shock_central_capacity
2055Q3,2055-09-30,2055,3,2055,93597.79235408481,39579.447760087416,0.014833626650490261,0.019945074784911254,0.022480077339169124,508.6235875,1498.4540342185824,254.1015265131948,861.4447037400798,287.41378057150735,67.18385741265806,28.310165981142745,6.0767719957614785,85.11028003424195,0.0,1589.6410862485857,2098.2646737485857,0.0,0.0,156681.36844057761,158779.6331143262,1.6964036129576159,0.021736563425592485,0.06793498206602563,0.08967154549161811,158196.86907733156,582.7640369946275,33063.06519955712,79534.72347346073,26532.186587104046,106066.91006056478,15497.821656109685,3569.072161099976,0.20899949153478417,18.401879506545207,47378.458434062675,60980.41093178203,0.299490493777741,0.38547166759648643,36221.88359359585,36221.883593595834,0,0.0,0.0,0.0,0.0,0.0,0.0,0.0,0.0,0.0,0.0,0.0,none,3522.260153174837,39744.14374677067,2013.1543937143438,2013.1543937143438,0.0,38235.03798731018,0.2154110468670722,0.5181811771623273,0.1728613500867164,0.0702933619006643,0.0232530639832198,0.03838375001111108,0.04058277259306596,0.032453164424413504,1.0,91702.40172991535,0.0,0.03115,0.0438999999999999,0.0438999999999999,0.0175,508.6235875,-0.0,0.0,-5.492521508874623e-05,0.0,0.0,0.03115,0.0,0.0,0.0,0.0,False,0.0,0.0,0.0,0.0,0.0,0.03115,0.0438999999999999,0.0438999999999999,False,True,1,0.0,1.0,1.0,0.0,1504.5308062143438,1504.5308062143438,0.0,0.0,0.0,0.15668784534991487,0.0,0.0,0.0,0.0,False,no_shock_central_capacity
2055Q4,2055-12-31,2055,4,2056,94407.93839194835,39725.414979937486,0.014833626650489373,0.019945074784910366,0.022480077339169124,527.2519,1518.425151989649,257.478620241551,872.8935901212297,291.185671198089,68.18085293393845,28.686417494841052,6.084056546223911,86.37330021910392,0.0,1610.882508754977,2138.134408754977,0.0,0.0,158779.6331143262,160917.7675230812,1.7044940315824668,0.022339303621313568,0.06825199389768105,0.09059129751899463,160335.00348608656,582.7640369946275,33505.03720786797,80597.90745993773,26886.856782380975,107484.7642423187,15728.420142464813,3616.7818934350435,0.2089689492586405,18.40692527754726,47694.319795426876,61431.695404078666,0.29746667139696453,0.3831458762490971,36519.4514007494,36519.45140074939,0,0.0,0.0,0.0,0.0,0.0,0.0,0.0,0.0,0.0,0.0,0.0,none,3569.072161099976,40088.52356184937,2051.761108535873,2051.761108535873,0.0,38571.212509285266,0.2154110468670722,0.5181811771623273,0.1728613500867164,0.0702933619006643,0.0232530639832198,0.038380746776854706,0.04058159040070567,0.032351469912465125,1.0,93313.28423867033,2.9103830456733704e-11,0.03115,0.0438999999999999,0.0438999999999999,0.0175,527.2519,-0.0,0.0,-5.492521508963441e-05,0.0,0.0,0.03115,0.0,0.0,0.0,0.0,False,0.0,0.0,0.0,0.0,0.0,0.03115,0.0438999999999999,0.0438999999999999,False,True,1,0.0,1.0,1.0,0.0,1524.509208535873,1524.509208535873,0.0,0.0,0.0,0.15668784534991487,0.0,0.0,0.0,0.0,False,no_shock_central_capacity
2056Q1,2056-03-31,2056,1,2056,95240.53370351072,39872.106310048424,0.01485254191540597,0.02058758735569799,0.022480077339169124,527.2519,1538.827797934821,260.92047725627185,884.5620343728148,295.0800578455469,69.19534399170398,29.069884468484155,6.084056546223911,87.65848421037597,0.0,1632.570338691421,2159.8222386914213,0.0,0.0,160917.7675230812,163077.5897617726,1.712270851709447,0.02214401282720089,0.0685661986638465,0.0907102114910474,162494.82572477797,582.7640369946275,33951.40417150073,81671.66371350783,27245.053806581323,108916.71752008915,15961.73798338636,3664.9660498016997,0.20893837093006995,18.467316260345783,47923.14948555792,61803.63718070282,0.29492107992858,0.38034218569753947,37224.51443241749,37224.51443241749,0,0.0,0.0,0.0,0.0,0.0,0.0,0.0,0.0,0.0,0.0,0.0,none,3616.7818934350435,40841.296325852534,2072.163754481045,2072.163754481045,0.0,39296.678186898534,0.2154110468670722,0.5181811771623273,0.1728613500867164,0.0702933619006643,0.0232530639832198,0.038377739439907736,0.04058148118310811,0.03231370533744481,1.0,94945.85457736175,0.0,0.03115,0.0438999999999999,0.0438999999999999,0.0175,527.2519,-0.0,0.0,0.000587587355697989,0.0,0.0,0.03115,0.0,0.0,0.0,0.0,False,0.0,0.0,0.0,0.0,0.0,0.03115,0.0438999999999999,0.0438999999999999,False,True,1,0.0,1.0,1.0,0.0,1544.911854481045,1544.911854481045,0.0,0.0,0.0,0.15668784534991487,0.0,0.0,0.0,0.0,False,no_shock_central_capacity
2056Q2,2056-06-30,2056,2,2056,96080.47177633495,40019.33931722782,0.01485254191540597,0.02058758735569799,0.022908651366030597,527.2519,1559.4425725902438,264.396559985562,896.3465092557465,299.0131829557815,70.22915576787254,29.457164625281163,6.084056546223911,90.64047784164525,0.0,1656.167106978113,2183.419006978113,0.0,0.0,163077.5897617726,165261.0087687507,1.7200270326883973,0.021950429270471774,0.06894916631273389,0.09089959558320565,164678.24473175607,582.7640369946275,34402.21178532295,82756.1021552758,27606.814328560347,110362.91648383615,16199.486899754542,3713.6295628424186,0.2089056258849529,18.477778688357528,48188.90521949969,62329.28116475323,0.2926245983371663,0.37849128927917114,37546.08109159478,37546.08109159477,0,0.0,0.0,0.0,0.0,0.0,0.0,0.0,0.0,0.0,0.0,0.0,none,3664.9660498016997,41211.04714139647,2092.778529136468,2092.778529136468,0.0,39638.859620731244,0.2154110468670722,0.5181811771623273,0.1728613500867164,0.0702933619006643,0.0232530639832198,0.03837449117846461,0.040622800702352274,0.032354826622489195,1.0,96602.02168433987,0.0,0.03115,0.0438999999999999,0.0438999999999999,0.0175,527.2519,-0.0,0.0,0.000587587355697989,0.0,0.0,0.03115,0.0,0.0,0.0,0.0,False,0.0,0.0,0.0,0.0,0.0,0.03115,0.0438999999999999,0.0438999999999999,False,True,1,0.0,1.0,1.0,0.0,1565.5266291364678,1565.5266291364678,0.0,0.0,0.0,0.15668784534991487,0.0,0.0,0.0,0.0,False,no_shock_central_capacity
2056Q3,2056-09-30,2056,3,2056,96927.8173671428,40167.11600168965,0.01485254191540597,0.0205875873556971,0.022908651366030597,527.2519,1580.2634211408085,267.9072242782025,908.24822115415,302.9844642058276,71.27521389128255,29.848297611345938,6.084056546223911,91.99056111004478,0.0,1678.3380387970774,2205.5899387970776,0.0,0.0,165261.0087687507,167466.5987075478,1.727745483767766,0.02175853802641103,0.06926135693079213,0.09101989495720317,166883.83467055316,582.7640369946275,34857.5044399281,83851.32956885523,27972.17397052977,111823.503539385,16440.049466833356,3762.7772244066687,0.208872863622415,18.474723714591168,48493.6085442619,62850.670770025055,0.2905830192600353,0.3766132944757598,37968.216423148515,37968.21642314852,0,0.0,0.0,0.0,0.0,0.0,0.0,0.0,0.0,0.0,0.0,0.0,none,3713.6295628424186,41681.84598599094,2113.5993776870328,2113.5993776870328,0.0,40081.81580083555,0.2154110468670722,0.5181811771623273,0.1728613500867164,0.0702933619006643,0.0232530639832198,0.0383712253182478,0.040622722838284775,0.032332790514310025,1.0,98280.35972313695,0.0,0.03115,0.0438999999999999,0.0438999999999999,0.0175,527.2519,-0.0,0.0,0.0005875873556971008,0.0,0.0,0.03115,0.0,0.0,0.0,0.0,False,0.0,0.0,0.0,0.0,0.0,0.03115,0.0438999999999999,0.0438999999999999,False,True,1,0.0,1.0,1.0,0.0,1586.3474776870326,1586.3474776870326,0.0,0.0,0.0,0.15668784534991487,0.0,0.0,0.0,0.0,False,no_shock_central_capacity
2026Q4,2026-12-31,2026,4,2027,32813.516450759125,24573.2,0.01902398695529306,0.02374108660242924,0.02771554138299126,194.872,262.77373580186674,55.91196830625741,138.7066086465815,45.90202768161394,6.830451248587104,15.422679918826764,4.968063415379199,15.669722733652822,0.0,283.41152195089876,478.2835219508988,5.538,0.0,32215.665354410852,32699.486876361752,0.9965249206201814,0.023755088887523573,0.03454814388774138,0.05830323277526495,32116.722839367125,582.7640369946275,6900.719597135018,16599.998264328406,5537.634784657662,22137.633048986067,2333.4554051875534,744.9147880584759,0.21486375280719644,24.389899668742217,10389.974586384971,13385.224783509682,0.3235066864807714,0.416768075947734,7665.516018009889,7665.51601800989,0,0.0,0.0,0.0,0.0,0.0,0.0,0.0,0.0,0.0,0.0,0.0,none,734.0288243174178,8399.544842327308,468.151799217246,468.151799217246,0.0,8133.667817227136,0.2154110468670722,0.5181811771623273,0.1728613500867164,0.0702933619006643,0.0232530639832198,0.04609959276180814,0.03518928059787473,0.08383483966658266,0.2734150701709626,283.41152195089876,0.0,0.08277999999999999,0.09197,0.09197,0.0675,194.872,-0.0,0.0,0.0037410866024292395,0.0,0.0,0.03278,0.0,500.0,0.027962136632742052,0.0,False,0.0,0.0,0.0,0.0,200.0,0.08277999999999999,0.09197,0.09197,False,True,1,0.0,1.0011293456609895,1.5,1.1293456609895447,258.56643891327826,267.74179921724595,9.175360303967693,9.175360303967647,0.001118485465309571,0.15668784534991487,1.4376674363378306,0.00017525307761455367,0.0,0.0,False,stress_wide_capacity
2027Q1,2027-03-31,2027,1,2027,33153.02935550696,24684.925351107366,0.01831094440391512,0.023296209984862815,0.026152401325720165,194.25262227780686,370.17820987926297,142.81039206270918,155.50621409485328,47.832561402724565,8.418975029950598,15.610067289025272,4.968063415379199,15.10898639416756,0.0,390.25525968880976,584.5078819666167,5.538,0.0,32699.486876361752,33289.532758328365,1.0041173734489737,0.02343708868288262,0.04708532128440149,0.07052240996728411,32706.76872133374,582.7640369946275,7024.567355692784,16897.919741670186,5637.019152640981,22534.938894311166,2388.9786388522384,758.2838324775358,0.21477411649995398,24.524138806185366,10399.118012213594,13227.263250397351,0.31795002743363426,0.4044197506361906,7820.433550822089,7820.43355082209,0,0.0,0.0,0.0,0.0,0.0,0.0,0.0,0.0,0.0,0.0,0.0,none,744.9147880584759,8565.348338880565,574.9368955724491,574.9368955724491,0.0,8395.37044639454,0.2154110468670722,0.5181811771623273,0.1728613500867164,0.0702933619006643,0.0232530639832198,0.048352563409985325,0.047738395549065664,0.08378865448021088,0.31143032055334124,673.6667816397085,-7.275957614183426e-12,0.08268381326940354,0.09229285995205273,0.09228190663470182,0.06752190663470183,194.90615191774094,-0.6535296399340909,0.00017525307761455367,0.003296209984862814,0.0,4.381326940363842e-05,0.03268381326940353,4.3813269403635e-05,500.0,0.3396786158011089,0.0,False,0.0,0.0,0.0,0.0,200.0,0.08268381326940354,0.09229285995205273,0.09228190663470182,False,True,1,0.0,1.0132485551139163,1.500336352057636,13.248555113916316,265.27934243201616,375.1462732946422,109.86693086262602,109.82043984143723,0.013250124284427754,0.15668784534991487,17.207528094134748,0.0020761334247455672,-7.885006620977421e-05,0.0,False,stress_wide_capacity
2027Q2,2027-06-30,2027,2,2027,33452.469674481385,24769.00921212162,0.013694909988571258,0.022616048740021766,0.02507028033791192,197.896333224054,395.36054481672477,145.20450388411248,173.848297018459,50.18691216366012,10.297649788113418,15.823181962379781,4.968063415379199,14.834347503227477,0.0,415.1629557353315,613.0592889593854,5.538,0.0,33289.532758328365,33908.13004728775,1.0136211280434686,0.023662986338496336,0.04964212923891011,0.07330511557740643,33325.366010293124,582.7640369946275,7154.624562971398,17210.778333400936,5741.386429833419,22952.164763234356,2446.253513301455,772.3231707859129,0.21469005203908537,24.605681953973498,10443.600325355133,13087.221985699878,0.3133829144480947,0.3927105251194438,7926.77785888108,7926.777858881079,0,0.0,0.0,0.0,0.0,0.0,0.0,0.0,0.0,0.0,0.0,0.0,none,758.2838324775358,8685.061691358615,603.7629414561579,603.7629414561579,0.0,8530.540800337236,0.2154110468670722,0.5181811771623273,0.1728613500867164,0.0702933619006643,0.0232530639832198,0.05047145571639399,0.04988510457617836,0.08357476285020146,0.34823508214838234,1088.82973737504,0.0,0.08233022059316916,0.09233766544487687,0.09238511029658458,0.06740511029658458,194.70699327085788,3.1893399531961015,-0.0008467441661306092,0.0026160487400217654,0.0,-0.0001897794068308331,0.032330220593169166,-0.00018977940683083394,500.0,0.8325987747452634,0.0,False,0.0,0.0,0.0,0.0,200.0,0.08233022059316916,0.09233766544487687,0.09238511029658458,False,True,1,0.0,1.0196196870023175,1.4985430739396226,19.619687002317534,271.80669833890045,400.328608232104,128.52190989320354,128.7520606293371,0.015395223358059366,0.15668784534991487,20.173882964372435,0.002412244376655003,0.00038135778724032943,0.0,False,stress_wide_capacity
2027Q3,2027-09-30,2027,3,2027,33786.889448842456,24879.31825214602,0.017933397825729225,0.02225851542461697,0.024382592342289344,198.37772771287305,420.5199377197755,147.26045463268542,192.7248421345554,52.59740776735453,11.881117549352137,16.056115635828096,4.968063415379199,14.777064960707447,0.0,440.26506609586215,638.6427938087352,5.538,0.0,33908.13004728775,34552.31084109649,1.0226543906450156,0.023485763969274716,0.05212259231646383,0.07560835628573855,33969.54680410186,582.7640369946275,7290.20507910459,17536.923498525768,5850.1860081517025,23387.109506677472,2505.2734823557034,786.9587359640932,0.21461001882498737,24.719231135341737,10427.219240519697,12886.287127194639,0.3069578555360826,0.3793482203783362,8091.671147492852,8091.671147492852,0,0.0,0.0,0.0,0.0,0.0,0.0,0.0,0.0,0.0,0.0,0.0,none,772.3231707859129,8863.994318278765,629.4037288480278,629.4037288480278,0.0,8721.07487634088,0.2154110468670722,0.5181811771623273,0.1728613500867164,0.0702933619006643,0.0232530639832198,0.052665857360503616,0.05193622479114895,0.08339871835983836,0.3852050091549166,1529.0948034709022,7.275957614183426e-12,0.08209024217412521,0.09240268163059381,0.0924851210870625,0.0673351210870626,194.6832764128639,3.694451300009139,-0.0009710180438081296,0.002258515424616969,1.0515184656872262e-05,-0.00032975782587479473,0.032090242174125205,-0.0003402730105316644,500.0,1.2837932396961405,0.0,False,0.0,0.0,0.0,0.0,200.0,0.08209024217412521,0.09240268163059381,0.0924851210870625,False,True,1,0.0,1.024991941531435,1.4974684673213325,24.991941531435025,278.44556637070593,425.4880011351547,147.04243476444879,147.31209508562182,0.01744014882561718,0.15668784534991487,23.082014772947865,0.0027326593420678043,0.00043738282633007776,0.0,False,stress_wide_capacity
2027Q4,2027-12-31,2027,4,2028,34136.174024417334,25000.718969507565,0.01966166238064937,0.021904805572692372,0.024173362542742365,217.80310262443507,447.3181683513782,149.61367511068337,212.6915002932315,55.17732875161814,13.509606093745706,16.3260581020996,5.137064986107641,15.004878505718608,0.0,467.4601118432044,685.2632144676395,2.14175,0.0,34552.31084109649,35239.715805564134,1.0323276352047375,0.02552167708878473,0.05477592321961259,0.08029760030839732,34656.9517685695,582.7640369946275,7435.047485535157,17885.348566593562,5966.417994809504,23851.766561403067,2567.5436234459803,802.5940981852883,0.21453264370117006,24.674793316221564,10436.57026782617,12868.816754997877,0.3011393020805461,0.3713199256799222,8023.682335989309,8023.682335989309,0,0.0,0.0,0.0,0.0,0.0,0.0,0.0,0.0,0.0,0.0,0.0,none,786.9587359640932,8810.641071953401,672.4000859619208,672.4000859619208,0.0,8696.082421951229,0.2154110468670722,0.5181811771623273,0.1728613500867164,0.0702933619006643,0.0232530639832198,0.054488638745526084,0.054116219779686364,0.08312689366747728,0.4156350031580524,1996.5549153141067,0.0,0.08198304526525779,0.09252228394894335,0.0926115226326289,0.0673215226326289,215.3175609780519,2.485541646383169,-0.0006468039802069287,0.0019048055726923717,-4.049976900410285e-05,-0.0003569547347422067,0.031983045265257797,-0.00031645496573810133,500.0,1.735788754997425,0.0,False,0.0,0.0,0.0,0.0,200.0,0.08198304526525779,0.09252228394894335,0.0926115226326289,False,True,1,0.0,1.0309171215363626,1.4972596781489331,30.917121536362615,285.8024293090417,452.4552333374858,166.6528040284441,166.8397575014202,0.019549907073016563,0.15668784534991487,26.141762121599825,0.003063232816062026,0.00029125017286416396,0.0,False,stress_wide_capacity
2028Q1,2028-03-31,2028,1,2028,34493.82201056071,25128.178534286326,0.02054942667775861,0.02157875745553119,0.023810245168778173,215.95080141235346,472.18861621563957,152.38695863899247,230.1209573715835,58.04706636563604,14.985018348930229,16.64861549049756,5.137064986107641,15.148862085797834,0.0,492.47454328754503,708.4253446998985,2.14175,0.0,35239.715805564134,35950.28290026402,1.0422238187828938,0.02504225844804759,0.05710872435496048,0.08215098280300806,35367.5188632694,582.7640369946275,7584.848255033009,18245.701204989684,6086.628929374096,24332.33013436378,2631.575771029242,818.7647028433615,0.2144580252959215,24.653872596031448,10418.976152428268,12804.926532739697,0.294591661708246,0.362053289127899,8240.515408192101,8240.515408192101,0,0.0,0.0,0.0,0.0,0.0,0.0,0.0,0.0,0.0,0.0,0.0,none,802.5940981852883,9043.10950637739,695.4182326141006,695.4182326141006,0.0,8935.9336408062,0.2154110468670722,0.5181811771623273,0.1728613500867164,0.0702933619006643,0.0232530639832198,0.05640544959680465,0.055899944937670164,0.08310884965500714,0.44712078568839336,2489.0294586016516,-1.4551915228366852e-11,0.0819740239961447,0.09268551799710853,0.09275701199807235,0.06735701199807236,215.42242305086754,0.5283783614859298,-0.00013614197717926957,0.0015787574555311892,-9.79508562525093e-05,-0.0002859760038553027,0.03197402399614469,-0.00018802514760279596,500.0,2.2065080531913583,0.0,False,0.0,0.0,0.0,0.0,200.0,0.0819740239961447,0.09268551799710853,0.09275701199807235,False,True,1,0.0,1.0358509025602047,1.4978045779591316,35.85090256020473,292.6683234915916,477.3256812017472,184.65735771015562,184.70636287922193,0.02141906603712071,0.15668784534991487,28.941242021964783,0.0033561073067639837,6.127223145340644e-05,0.0,False,stress_wide_capacity
2028Q2,2028-06-30,2028,2,2028,34847.58610068915,25252.074185196492,0.019868527482798992,0.021365859911845246,0.0234928510707161,214.0546530489015,498.8422009594067,155.44013321629805,248.54498302565798,60.83466814056287,17.02491389980273,16.997502677085013,5.137064986107641,15.321477956540777,0.0,519.300743902055,733.3553969509566,2.14175,0.0,35950.28290026402,36685.78004721498,1.0527495345363242,0.024570385154416,0.05960823138814603,0.08417861654256202,36103.01601022035,582.7640369946275,7739.98204981929,18618.882680912877,6211.119467816075,24830.002148728952,2697.5208179184606,835.5109937536467,0.21438602380555102,24.630906913839667,10389.698399293116,12789.348536044583,0.2877792369577077,0.35424598688442166,8402.033327213449,8402.033327213449,0,0.0,0.0,0.0,0.0,0.0,0.0,0.0,0.0,0.0,0.0,0.0,none,818.7647028433615,9220.79803005681,720.1756689944158,720.1756689944158,0.0,9122.208996207864,0.2154110468670722,0.5181811771623273,0.1728613500867164,0.0702933619006643,0.0232530639832198,0.05828105892094151,0.05777987843297236,0.08318853768044154,0.4779607202180408,3008.3302025037065,0.0,0.08203974325252181,0.09288730743939141,0.09292487162626095,0.06742487162626096,215.52550863957725,-1.4708555906757452,0.00037532525161781873,0.0013658599118452457,-0.0001348000779398742,-0.00015025674747810232,0.0320397432525218,-1.545666953822744e-05,500.0,2.717832768494177,0.0,False,0.0,0.0,0.0,0.0,200.0,0.08203974325252181,0.09288730743939141,0.09292487162626095,False,True,1,0.0,1.041392374035527,1.4988464872200622,41.39237403552709,299.83068908838544,503.9792659455143,204.1485768571289,204.0553280571079,0.02342260694528537,0.15668784534991487,31.972989685438264,0.0036700378147347156,-0.00016883299594133458,0.0,False,stress_wide_capacity
2028Q3,2028-09-30,2028,3,2028,35196.27274188885,25373.065348488115,0.0193035244895583,0.02092155365371205,0.023211611914560108,212.13710097444033,526.1656251164293,158.74653503657552,267.4622105677631,63.726734966414114,18.857734864545005,17.372409681131746,5.137064986107641,15.51901434341718,0.0,546.8217044459541,758.9588054203944,2.14175,0.0,36685.78004721498,37446.88060263537,1.0639444942722005,0.024109041605643124,0.06214541050480656,0.08625445211044967,36864.11656564075,582.7640369946275,7900.588550107447,19005.229001538646,6340.001699606376,25345.23070114502,2765.4492653552566,852.8480490330174,0.21431650304272318,24.579838259152453,10365.793815411746,12812.382882149095,0.2811892642796491,0.34755703040747477,8524.698061457402,8524.698061457402,0,0.0,0.0,0.0,0.0,0.0,0.0,0.0,0.0,0.0,0.0,0.0,none,835.5109937536467,9360.20905521105,745.5815410769771,745.5815410769771,0.0,9270.27960253438,0.2154110468670722,0.5181811771623273,0.1728613500867164,0.0702933619006643,0.0232530639832198,0.060082755571374394,0.059622197346458364,0.0833771225616162,0.5070468860511702,3555.1519069496608,-7.275957614183426e-12,0.08217022665654622,0.09311016999240967,0.09310011332827312,0.06752011332827312,215.6273139477699,-3.4902129733295664,0.0008822379061766018,0.0009215536537120483,-0.00014027259501183179,4.0226656546225444e-05,0.03217022665654622,0.00018049925155805627,500.0,3.270740993067256,0.0,False,0.0,0.0,0.0,0.0,200.0,0.08217022665654622,0.09311016999240967,0.09310011332827312,False,True,1,0.0,1.047501593574628,1.5003088178281445,47.50159357462791,306.9018351017775,531.3026901025369,224.40085500075935,224.16039426070336,0.025475469621977193,0.15668784534991487,35.12320918949703,0.0039916964443448165,-0.0003966571118396505,0.0,False,stress_wide_capacity
2028Q4,2028-12-31,2028,4,2029,35547.57534152507,25495.63783640379,0.019463716651500818,0.020660862605563025,0.022953504561436727,168.49602412556072,553.8814131256818,162.2982879706107,286.37383876270735,66.8357793007595,20.600173169306593,17.773333922297997,5.268186894431433,15.734393598113883,0.0,574.8839936182271,743.3800177437879,-2.42575,0.0,37446.88060263537,38187.83487037917,1.0742739695601649,0.01896005817631463,0.06468896830177596,0.08364902647809061,37605.07083338454,582.7640369946275,8056.808922405973,19381.024289624966,6465.364186160916,25846.388475785883,2832.1618020242463,869.7116331684294,0.21424793901075181,24.37037896585185,10495.233442159855,12737.963654281633,0.2790909100706316,0.3387299471052529,8498.144805127593,8498.144805127593,0,0.0,0.0,0.0,0.0,0.0,0.0,0.0,0.0,0.0,0.0,0.0,none,852.8480490330174,9350.99285416061,725.219874145674,725.219874145674,0.0,9223.364679273267,0.2154110468670722,0.5181811771623273,0.1728613500867164,0.0702933619006643,0.0232530639832198,0.061503625461371586,0.0614079447330808,0.0833497180026524,0.5297723604189009,4130.035900567887,1.4551915228366852e-11,0.08235990891906195,0.09335993168929646,0.09328995445953098,0.06763995445953098,174.02323277604683,-5.527208650486095,0.0013840252471989342,0.000660862605563025,-0.00011494762801452646,0.0002799089190619514,0.03235990891906195,0.0003948565470764803,500.0,3.863488340363541,0.0,False,0.0,0.0,0.0,0.0,0.0,0.08235990891906195,0.09335993168929646,0.09328995445953098,False,True,1,0.0,1.0552259271615867,1.502148845364855,55.2259271615867,314.22450105214443,559.1496000201132,244.92509896796878,244.5301003198202,0.027515812031677016,0.15668784534991487,38.31489454231116,0.0043113933002967356,-0.000621950565953731,0.0,False,stress_wide_capacity
2029Q1,2029-03-31,2029,1,2029,35902.563903006616,25620.171611944676,0.019681669693523363,0.02046311072985675,0.022857918056216432,166.54341097982194,578.3877758943138,165.8895122569104,302.3030757770085,69.86960664835567,22.14987987622637,18.17570133581312,5.268186894431433,16.047424243713493,0.0,599.7033870324587,766.2467980122807,-2.42575,0.0,38187.83487037917,38951.65591839145,1.0849268599207058,0.018555043748936823,0.06681454713402653,0.08536959088296335,38368.89188139682,582.7640369946275,8217.887621521544,19768.506506240305,6594.625344324787,26363.131850565092,2900.7727482232945,887.0996610868841,0.21418099972561344,24.192995136945576,10609.592217131727,12725.09369250975,0.2765154711772063,0.33165132138412157,8695.03190247672,8695.03190247672,0,0.0,0.0,0.0,0.0,0.0,0.0,0.0,0.0,0.0,0.0,0.0,none,869.7116331684294,9564.74353564515,747.7736237685672,747.7736237685672,0.0,9442.805526245287,0.2154110468670722,0.5181811771623273,0.1728613500867164,0.0702933619006643,0.0232530639832198,0.0629385917031497,0.06281617054939405,0.08354891051104436,0.5527848441458063,4729.739287600346,0.0,0.082594150716819,0.09363311303761432,0.09349207535840955,0.06778207535840955,174.10617002626,-7.562759046438049,0.001875928232403384,0.00046311072985675064,-5.97144010836409e-05,0.0005641507168190911,0.03259415071681899,0.0006238651179027305,500.0,4.488297488352488,0.0,False,0.0,0.0,0.0,0.0,0.0,0.082594150716819,0.09363311303761432,0.09349207535840955,False,True,1,0.0,1.0616776118845557,1.5043309540009626,61.677611884555674,320.4281059918952,583.6559627887452,263.22785679685,262.6721559421696,0.029265002538737622,0.15668784534991487,41.15753414799539,0.004585470191954587,-0.0008425870717054529,0.0,False,stress_wide_capacity
2029Q2,2029-06-30,2029,2,2029,36365.353135871075,25819.4647965895,0.03147998400641239,0.020442590776435805,0.022781971793072633,153.08169958370428,604.0819239490629,169.6873621964579,318.4269058963331,73.00557613539678,24.19796502339862,18.764114697476856,5.268186894431433,16.382031915174892,0.0,625.7321427586693,778.8138423423736,-2.42575,0.0,38951.65591839145,39728.04401073382,1.0924696334529957,0.01683819200234338,0.06882728628216643,0.08566547828450981,39145.27997373919,582.7640369946275,8381.601322623486,20162.327341282973,6726.001018004319,26888.32835928729,2970.5781611907773,904.7721306376325,0.21411524782161032,23.99744018326426,10786.242069582226,12661.576712291062,0.27554387340742564,0.32345091721875907,8851.25212938029,8851.25212938029,0,0.0,0.0,0.0,0.0,0.0,0.0,0.0,0.0,0.0,0.0,0.0,none,887.0996610868841,9738.351790467173,760.0060604271986,760.0060604271986,0.0,9611.258189807488,0.2154110468670722,0.5181811771623273,0.1728613500867164,0.0702933619006643,0.0232530639832198,0.06443461182677894,0.06425730850258646,0.08447739832371359,0.5749666156974935,5355.471430359015,0.0,0.08360882365567299,0.09449161774175474,0.0940844118278365,0.06831441182783649,174.7045890486831,-21.622889464978808,0.005313428983743812,0.0004425907764358042,2.452140176996756e-05,0.0016288236556729744,0.03360882365567298,0.0016043022539030082,500.0,4.793233086960735,0.0,False,0.0,0.0,0.0,0.0,0.0,0.08360882365567299,0.09449161774175474,0.0940844118278365,False,True,1,0.0,1.0641232796940054,1.5125043895506765,64.12327969400545,326.59819844466887,609.3501108434943,282.7519123988255,281.06101607873035,0.030915252221377663,0.15668784534991487,44.03884502123404,0.004844044259016835,-0.0023784055536806895,0.0,False,stress_wide_capacity
2029Q3,2029-09-30,2029,3,2029,36772.473703871336,25976.898929423744,0.024613976745624155,0.020422136611193385,0.022782579026886258,146.1055346390253,630.9522942819862,175.19395673384565,334.1611618267667,76.09567688205291,26.13578420094188,19.365714638379174,5.268186894431433,16.77669941122206,0.0,652.9971805876396,799.1027152266649,-2.42575,0.0,39728.04401073382,40524.72097596049,1.1020395663970282,0.015892924236276616,0.0710310854631347,0.08692400969941132,39941.95693896586,582.7640369946275,8549.6004553347,20566.456979092432,6860.8156308861635,27427.272609978594,3042.1766722333887,922.9072014191693,0.21405061520643806,23.77821653437317,11001.272364476055,12694.415037454866,0.2754314812688517,0.3178215593405409,8981.549135783893,8981.549135783891,0,0.0,0.0,0.0,0.0,0.0,0.0,0.0,0.0,0.0,0.0,0.0,none,904.7721306376325,9886.321266421524,779.9002658154429,779.9002658154429,0.0,9761.449401599333,0.2154110468670722,0.5181811771623273,0.1728613500867164,0.0702933619006643,0.0232530639832198,0.06595962593820372,0.0657467234391113,0.08551485801698595,0.5956507156609915,6008.468610946655,7.275957614183426e-12,0.08461587600949338,0.09531690700712012,0.09464793800474675,0.06883793800474675,175.009813036936,-28.904278397910694,0.007036096723591651,0.00042213661119338414,0.00013658666767877095,0.0026758760094934783,0.034615876009493375,0.002539289341814705,500.0,5.304358550721444,0.0,False,0.0,0.0,0.0,0.0,0.0,0.08461587600949338,0.09531690700712012,0.09464793800474675,False,True,1,0.0,1.0695000035978948,1.5205425528389636,69.50000359789476,331.8908722778337,636.2204811764176,304.3296088985839,302.0284668269289,0.03285375569336603,0.15668784534991487,47.324189701449725,0.0051477841912460215,-0.00314412118484895,0.0,False,stress_wide_capacity
2029Q4,2029-12-31,2029,4,2030,37155.60575070066,26113.861661570405,0.02125730947136506,0.020635857016437897,0.02282315002310995,161.11418375623637,659.0136922041296,180.85798301482725,350.6420424614067,79.37829265167927,28.165391356187822,19.969982720028582,5.3789120614604125,17.21139930471598,0.0,681.604003570306,842.7181873265423,-5.94,0.0,40524.72097596049,41361.49916328702,1.1131967391624895,0.01734480496291714,0.07337832230685165,0.09072312726976879,40778.7351262924,582.7640369946275,8726.144195119965,20991.14106207273,7002.48705234985,27993.62811442258,3116.998176370288,941.9646403795626,0.21398761310508913,23.52385231634488,10972.796131627649,12706.524266350987,0.26908132627568565,0.31159682189745896,9120.048651473482,9120.048651473482,0,0.0,0.0,0.0,0.0,0.0,0.0,0.0,0.0,0.0,0.0,0.0,none,922.9072014191693,10042.955852892652,819.5667880218263,819.5667880218263,0.0,9939.615439495308,0.2154110468670722,0.5181811771623273,0.1728613500867164,0.0702933619006643,0.0232530639832198,0.06734704672498171,0.06727784790667776,0.08640870925980512,0.6151430243301774,6690.072614516961,-7.275957614183426e-12,0.08555250577445023,0.09608187933083767,0.09517125288722511,0.06932125288722511,193.7139924886637,-32.599808732427334,0.00786028905876443,0.0006358570164378963,0.0004526606733498244,0.0036425057744502148,0.03555250577445022,0.003189845101100392,500.0,5.938447066602515,0.0,False,0.0,0.0,0.0,0.0,0.0,0.08555250577445023,0.09608187933083767,0.09517125288722511,False,True,1,0.0,1.076167210744784,1.5279633163391741,76.16721074478394,338.2719085737127,664.39260426559,326.12069569187724,323.4587304062594,0.034822065082350036,0.15668784534991487,50.682051526975776,0.005456194348387932,-0.003509544045779696,0.0,False,stress_wide_capacity
2030Q1,2030-03-31,2030,1,2030,37532.0386615505,26242.067019774993,0.019782992703686775,0.02094764366818984,0.023090983548290322,159.0747612629743,686.9559544491765,186.6358754104215,366.98161042860744,82.74905432143257,30.003701413577183,20.58571287513802,5.3789120614604125,17.839895306581912,0.0,710.1747618172187,869.2495230801931,-5.94,0.0,41361.49916328702,42224.80868636722,1.125033709656284,0.016953490077898446,0.07568731005755396,0.09264080013545241,41642.04464937259,582.7640369946275,8908.267692732992,21429.247509047458,7148.63607366411,28577.88358271157,3194.2689741979802,961.6243997300513,0.2139248388915795,23.28122403886434,11027.7682520273,12776.072040358125,0.2648229294426217,0.3068070299605382,9317.40267971545,9317.402679715447,0,0.0,0.0,0.0,0.0,0.0,0.0,0.0,0.0,0.0,0.0,0.0,none,941.9646403795626,10259.36732009501,845.4696277736111,845.4696277736111,0.0,10162.872307489059,0.2154110468670722,0.5181811771623273,0.1728613500867164,0.0702933619006643,0.0232530639832198,0.06876805070476324,0.06867978929038226,0.08724862255444517,0.6344301031613778,7400.2473763341795,7.275957614183426e-12,0.08641607484052927,0.09678955613039703,0.09565303742026468,0.0697730374202647,193.83999221930776,-34.76523095633345,0.008301968023322044,0.0009476436681898383,0.0008657732632983278,0.004546074840529364,0.036416074840529264,0.0036803015772310377,500.0,6.641998171687402,0.0,False,0.0,0.0,0.0,0.0,0.0,0.08641607484052927,0.09678955613039703,0.09565303742026468,False,True,1,0.0,1.083173728776464,1.5348999663250966,83.173728776464,344.0284847046092,692.3348665106369,348.3063818060277,345.373584739362,0.03680840125459832,0.15668784534991487,54.11584283358687,0.005767429083358114,-0.0037051257747902208,0.0,False,stress_wide_capacity
2030Q2,2030-06-30,2030,2,2030,37910.208697179754,26367.35536527869,0.01923453010676268,0.021273239999007806,0.023478594147727724,157.40484475426385,716.3034168950851,192.45438190867083,384.1658833525613,86.24395377260956,32.21736040555065,21.22183745569284,5.3789120614604125,18.586384078788736,0.0,740.2687130353341,897.673557789598,-5.94,0.0,42224.80868636722,43116.54224415682,1.1373332863599979,0.016608174965385893,0.0781075851044212,0.0947157600698071,42533.77820716219,582.7640369946275,9096.353239491064,21881.695939356887,7299.569472936162,29181.265412293047,3274.231808550964,981.9277468271164,0.21386186750650202,23.093455816010117,10974.401766308483,12743.848723692383,0.25801615160678393,0.2996171339781536,9554.469233900378,9554.469233900378,0,0.0,0.0,0.0,0.0,0.0,0.0,0.0,0.0,0.0,0.0,0.0,none,961.6243997300513,10516.09363363043,873.1471737108093,873.1471737108093,0.0,10427.616407611187,0.2154110468670722,0.5181811771623273,0.1728613500867164,0.0702933619006643,0.0232530639832198,0.0702456146729702,0.07012642435245313,0.08812013255160299,0.6543564654282682,8140.516089369514,7.275957614183426e-12,0.08727495417816047,0.09747871563362034,0.09612247708908023,0.07021247708908024,193.96911788907127,-36.564273134807415,0.008647441606908474,0.001273239999007806,0.0013200751415582274,0.005424954178160471,0.03727495417816047,0.004104879036602241,500.0,7.385086781094219,0.0,False,0.0,0.0,0.0,0.0,0.0,0.08727495417816047,0.09747871563362034,0.09612247708908023,False,True,1,0.0,1.0901382011319014,1.5416470746246989,90.13820113190141,350.3293819395668,721.6823289565455,371.35294701697865,368.1310757902522,0.038842421441762046,0.15668784534991487,57.68166507192083,0.006086135323883029,-0.0038579870057563193,0.0,False,stress_wide_capacity
2030Q3,2030-09-30,2030,3,2030,38296.63470101237,26493.351502903188,0.019251399797205027,0.021730672942439074,0.02392962796272384,155.70220224159982,747.3638251253554,198.47095304123602,402.7039481945645,90.01941004596355,34.290757822796095,21.878756020795336,5.3789120614604125,19.414428041454592,0.0,772.1571652282704,927.8593674698702,-5.94,0.0,43116.54224415682,44038.461611626684,1.1499303256132458,0.016262755561389716,0.08065013244705373,0.09691288800844344,43455.69757463206,582.7640369946275,9290.762773296043,22349.357011264718,7455.577695225688,29804.934706490407,3357.0863429167985,1002.9137519288171,0.21379849575167492,22.883530011747062,10986.72278223289,12752.873384084422,0.2528258294177415,0.2934683849495747,9743.46329596324,9743.46329596324,0,0.0,0.0,0.0,0.0,0.0,0.0,0.0,0.0,0.0,0.0,0.0,none,981.9277468271164,10725.391042790356,902.5049394284156,902.5049394284156,0.0,10645.968235391656,0.2154110468670722,0.5181811771623273,0.1728613500867164,0.0702933619006643,0.0232530639832198,0.0717584165993062,0.07163442382329845,0.08894356147033472,0.6737028393183949,8912.673254597785,-7.275957614183426e-12,0.08812572678179928,0.09816929508634946,0.09659286339089965,0.07065286339089964,194.1216230202956,-38.41942077869578,0.008997623610496993,0.0017306729424390738,0.0017917917201263865,0.006305726781799274,0.03812572678179928,0.004513935061672889,500.0,8.157737744888681,0.0,False,0.0,0.0,0.0,0.0,0.0,0.08812572678179928,0.09816929508634946,0.09659286339089965,False,True,1,0.0,1.0978921125139627,1.548408717423233,97.89211251396269,356.860937306329,752.7427371868158,395.8817998804868,392.31670335019896,0.04097662433402568,0.15668784534991487,61.471258942724404,0.006420538976611374,-0.004012824738115191,0.0,False,stress_wide_capacity
2030Q4,2030-12-31,2030,4,2031,38691.34147543589,26620.435661251162,0.019325827922843875,0.02211478981291523,0.024397422505136598,145.885342068233,780.0197287275258,204.68880543849968,422.12982547795775,93.78673027183088,36.847678650317384,22.566688888920254,5.499835599136797,20.291349503995804,0.0,805.8109138306584,951.6962558988914,-9.2495,0.0,44038.461611626684,44980.90836752558,1.16255747803634,0.015081962682617427,0.08330658830655913,0.09838855098917655,44398.14433053095,582.7640369946275,9489.405234761698,22827.200585277027,7614.982723764874,30442.183309041902,3442.199096131165,1024.3566905961898,0.2137342760119861,22.47584800349969,11226.01443614904,13706.399682047198,0.25284873062654845,0.3087155981116494,9654.903412088177,9654.903412088177,0,0.0,0.0,0.0,0.0,0.0,0.0,0.0,0.0,0.0,0.0,0.0,none,1002.9137519288171,10657.817164016995,922.1554063948955,922.1554063948955,0.0,10577.058818483072,0.2154110468670722,0.5181811771623273,0.1728613500867164,0.0702933619006643,0.0232530639832198,0.0728279727476886,0.07319155886389224,0.08970737762261392,0.6860558305360581,9718.484168428444,7.275957614183426e-12,0.08900450475634498,0.09886337856725874,0.09706225237817248,0.0711022523781725,186.34418356713306,-40.45884149890004,0.009382158315366255,0.0021147898129152305,0.002274802382138369,0.0072045047563449776,0.03900450475634498,0.004929702374206611,500.0,8.956714223036721,0.0,False,0.0,0.0,0.0,0.0,0.0,0.08900450475634498,0.09886337856725874,0.09706225237817248,False,True,1,0.0,1.1094603266273937,1.5553085864631653,109.46032662739368,364.1768105270961,785.5195643266626,421.3427537995665,417.3593801346015,0.04314757402759705,0.15668784534991487,65.39514200986677,0.00676070040646013,-0.00418272822353149,0.0,False,stress_wide_capacity
2031Q1,2031-03-31,2031,1,2031,39096.09878372629,26749.080803799156,0.019470858002355262,0.02259514765252398,0.02486473466285985,143.89662495058172,808.8244515668531,211.1499533380581,438.5028801908817,97.65478304943595,38.23395893815756,23.282876050319537,5.499835599136797,21.200672368372246,0.0,835.5249595343621,979.4215844849439,-9.2495,0.0,44980.90836752558,45951.08045201053,1.1753367185356516,0.014722351275670354,0.08548422840410343,0.1002065796797738,45368.3164150159,582.7640369946275,9693.824160092652,23318.939708700986,7779.023203257042,31097.962911958028,3530.106159404831,1046.4231835603828,0.21366947081342902,22.167937893635777,11445.224999546426,14682.0501644432,0.2522735226683067,0.323619021480457,9953.947413843238,9953.947413843236,0,0.0,0.0,0.0,0.0,0.0,0.0,0.0,0.0,0.0,0.0,0.0,none,1024.3566905961898,10978.304104439427,948.9714121165715,948.9714121165715,0.0,10902.918825959807,0.2154110468670722,0.5181811771623273,0.1728613500867164,0.0702933619006643,0.0232530639832198,0.07403442028772542,0.074300407871494,0.09051237332472045,0.7001338749566338,10554.009127962807,0.0,0.08991706537014399,0.09957529902760799,0.09754353268507199,0.071563532685072,186.54622028660245,-42.64959533602074,0.00979176071450972,0.0025951476525239783,0.0027691637511254204,0.008127065370143984,0.039917065370143986,0.005357901619018567,500.0,9.772243403340086,0.0,False,0.0,0.0,0.0,0.0,0.0,0.08991706537014399,0.09957529902760799,0.09754353268507199,False,True,1,0.0,1.1163441369218072,1.5623910335155982,116.34413692180723,370.54116330856755,814.3242871659899,443.7831238574223,439.32399705372274,0.04494811612626587,0.15668784534991487,68.83673050886016,0.00704282346836236,-0.0043635653339175184,0.0,False,stress_wide_capacity
2031Q2,2031-06-30,2031,2,2031,39507.33537468552,26876.634575371136,0.0192109840659882,0.023088416472853153,0.02536509537183636,142.09064956192026,840.1955801800364,217.91005517243306,455.53879870759306,101.83026785632595,40.895996418251535,24.02046202543289,5.499835599136797,22.17553883737075,0.0,867.8709546165438,1009.9616041784641,-9.2495,0.0,45951.08045201053,46951.792556188986,1.1884322774720344,0.014386254928543259,0.08786934845245327,0.10225560338099653,46369.02851919436,582.7640369946275,9904.611746030487,23825.998938025816,7948.174355051122,31774.173293076936,3621.0663231627573,1069.1771569241794,0.21360403834922903,21.79240054561039,11677.48765131874,15700.443179632215,0.2518380915935055,0.3385976303802235,10097.532923442912,10097.532923442912,0,0.0,0.0,0.0,0.0,0.0,0.0,0.0,0.0,0.0,0.0,0.0,none,1046.4231835603828,11143.956107003294,978.5365653410934,978.5365653410934,0.0,11076.069488784005,0.2154110468670722,0.5181811771623273,0.1728613500867164,0.0702933619006643,0.0232530639832198,0.07511855944867077,0.07554738178771779,0.09150314745462859,0.7125342530264146,11421.880082579351,-7.275957614183426e-12,0.09081930371116177,0.10030447778337134,0.09803965185558089,0.07202965185558088,186.7626652862159,-44.672015724295655,0.01015295417928447,0.0030884164728531525,0.00327670997502489,0.009059303711161776,0.04081930371116177,0.005782593736136883,500.0,10.617017493350446,0.0,False,0.0,0.0,0.0,0.0,0.0,0.09081930371116177,0.10030447778337134,0.09803965185558089,False,True,1,0.0,1.1254248621897576,1.5695477759472065,125.42486218975756,377.29469512290785,845.6954157791731,468.40072065626526,463.41728733691514,0.046919619654617516,0.15668784534991487,72.61185625072362,0.007351734108319535,-0.004522908497941313,0.0,False,stress_wide_capacity
2031Q3,2031-09-30,2031,3,2031,39926.55951262389,27003.925906299875,0.019079545444257162,0.02359584152891277,0.025855814196802225,140.2587220310799,871.2955382113879,224.88248557597075,473.25761782061375,105.97614786454147,42.40438424017165,24.774902710090384,5.499835599136797,23.182820894106506,0.0,899.9781947046312,1040.236916735711,-9.2495,0.0,46951.792556188986,47982.779972924705,1.2017759746555077,0.014051671242720849,0.09016336049892584,0.10421503174164667,47400.015935930074,582.7640369946275,10121.703989058173,24348.224309848625,8122.384818111899,32470.609127960524,3715.0911172375095,1092.6117016738674,0.21353798704919288,21.47479514525693,11891.298288221484,16737.37384888895,0.25087118756024857,0.3531090342145163,10370.507164272123,10370.507164272125,0,0.0,0.0,0.0,0.0,0.0,0.0,0.0,0.0,0.0,0.0,0.0,none,1069.1771569241794,11439.684321196304,1007.8045958416045,1007.8045958416045,0.0,11378.31176011373,0.2154110468670722,0.5181811771623273,0.1728613500867164,0.0702933619006643,0.0232530639832198,0.07631304212891162,0.0766725311820709,0.0922349628619083,0.7258715337571363,12321.858277283982,7.275957614183426e-12,0.09168773673153698,0.10102580254865273,0.09852386836576849,0.0725038683657685,187.0035816964097,-46.74485966532977,0.01051629524863942,0.00359584152891277,0.003798681418394973,0.010007736731536973,0.04168773673153697,0.006209055313142,500.0,11.48348752780075,0.0,False,0.0,0.0,0.0,0.0,0.0,0.09168773673153698,0.10102580254865273,0.09852386836576849,False,True,1,0.0,1.132890702318412,1.5768288440408522,132.89070231841205,383.6252802100756,876.7953738105247,493.1700936004491,487.6016461697271,0.048849853543284465,0.15668784534991487,76.4012513274061,0.007654178297356147,-0.0046830841661225624,0.0,False,stress_wide_capacity
2031Q4,2031-12-31,2031,4,2032,40354.29595785049,27131.483299855874,0.019028944219289246,0.024059110121055723,0.02637148101366567,146.4690763254929,904.8479915483937,232.00903265582835,491.6852663897759,110.26712004717638,45.3244964426417,25.56207601297129,5.6120176762582625,24.254553743095233,0.0,934.7145629677472,1081.18363929324,-11.316,0.0,47982.779972924705,49052.647612217945,1.2155495827124023,0.014518313141032404,0.09265081110016576,0.10716912424119818,48469.88357522331,582.7640369946275,10346.94059843444,24890.041329375334,8303.130907748435,33193.17223712377,3812.8453300112524,1116.9254096538566,0.21347153810213723,21.109256232532548,12830.858418487293,17786.756845590364,0.2647181604753458,0.36696512418863214,10525.746892097273,10525.746892097271,0,0.0,0.0,0.0,0.0,0.0,0.0,0.0,0.0,0.0,0.0,0.0,none,1092.6117016738674,11618.35859377114,1045.613085550145,1045.613085550145,0.0,11571.359977647417,0.2154110468670722,0.5181811771623273,0.1728613500867164,0.0702933619006643,0.0232530639832198,0.07737645974699389,0.07792083439060259,0.09322343341238631,0.7375226627393441,13256.572840251729,0.0,0.09258155682869045,0.10176866762151784,0.09902577841434523,0.07298577841434523,195.30934080543173,-48.84026447993884,0.010875098729335413,0.004059110121055722,0.0043318850407841406,0.010971556828690445,0.04258155682869044,0.0066396717879063025,500.0,12.374711309103814,0.0,False,0.0,0.0,0.0,0.0,0.0,0.09258155682869045,0.10176866762151784,0.09902577841434523,False,True,1,0.0,1.142317233312907,1.5842280378759872,142.31723331290704,390.70821291197274,910.4600092246519,519.7517963126792,513.5193521069938,0.05090108400288859,0.15668784534991487,80.46224082712912,0.007975581178387633,-0.004841146482243361,0.0,False,stress_wide_capacity
2032Q1,2032-03-31,2032,1,2032,40792.26508906886,27260.076916290767,0.01909379438550607,0.02456149162203424,0.02690866745986737,144.55952257711397,938.1758198216453,239.4839672542606,510.58477241933855,114.74175060257811,46.976412263564065,26.388917281904217,5.6120176762582625,25.39481160254972,0.0,969.1826491004532,1113.742171677567,-11.316,0.0,49052.647612217945,50155.07378389551,1.2295241187117998,0.014175189562185083,0.09503592379430442,0.10921111335648949,49572.30974690088,582.7640369946275,10578.945051216866,25448.13870737975,8489.308002736734,33937.446710116485,3913.94829678592,1141.9696887816156,0.2134043199768038,20.805989815881944,13819.248185448429,18918.785018310526,0.27876950370085124,0.38164017603584177,10827.265526328552,10827.265526328554,0,0.0,0.0,0.0,0.0,0.0,0.0,0.0,0.0,0.0,0.0,0.0,none,1116.9254096538566,11944.190935982411,1077.0313600750176,1077.0313600750176,0.0,11904.296886403572,0.2154110468670722,0.5181811771623273,0.1728613500867164,0.0702933619006643,0.0232530639832198,0.07852485017961049,0.079032035682335,0.0940051306261363,0.7502248709426419,14225.755489352183,0.0,0.09350556699245419,0.10252667524434071,0.09953778349622715,0.07347778349622715,195.61503299646196,-51.05551041934801,0.011250479147775775,0.004561491622034241,0.004876225054886822,0.011955566992454283,0.043505566992454184,0.007079341937567464,500.0,13.28597834172307,0.0,False,0.0,0.0,0.0,0.0,0.0,0.09350556699245419,0.10252667524434071,0.09953778349622715,False,True,1,0.0,1.1497410154334364,1.5917822297411859,149.74101543343642,397.2004542136721,943.7878374979035,546.5873832842315,539.619774165387,0.05291393091186685,0.15668784534991487,84.55185972218214,0.008290969823574674,-0.005006391315399584,0.0,False,stress_wide_capacity
2032Q2,2032-06-30,2032,2,2032,41240.41958377315,27389.27685884709,0.0190933237741433,0.02510194920751393,0.027445391836884873,142.62685215083087,973.7710175813323,247.29756379901255,529.8230899444736,119.37466444580359,50.02608465848557,27.24961473355715,5.6120176762582625,26.582912479198427,0.0,1005.965947736789,1148.5927998876198,-11.316,0.0,50155.07378389551,51292.35058378313,1.2437397849357748,0.01383369554338387,0.09757087419475294,0.11140456973813681,50709.5865467885,582.7640369946275,10818.200784252373,26023.679373424045,8681.304047647218,34704.983421071265,4018.6056166535723,1167.7967248112946,0.2133364028568973,20.459708040703088,14844.445363191018,20109.124256591735,0.29273449803213064,0.3965546877026405,11003.584847218573,11003.584847218572,0,0.0,0.0,0.0,0.0,0.0,0.0,0.0,0.0,0.0,0.0,0.0,none,1141.9696887816156,12145.554536000187,1110.6938874084215,1110.6938874084215,0.0,12114.278734626992,0.2154110468670722,0.5181811771623273,0.1728613500867164,0.0702933619006643,0.0232530639832198,0.07954673747370013,0.08022844923496442,0.09502351883501833,0.761344126028497,15231.721437088972,0.0,0.09444776889001381,0.10329832666751027,0.10005888444500681,0.07397888444500691,195.9477960594442,-53.32094390861331,0.011626322142499052,0.005101949207513931,0.005431206477549213,0.012957768890013814,0.04444776889001381,0.007526562412464601,500.0,14.22170580719988,0.0,False,0.0,0.0,0.0,0.0,0.0,0.09444776889001381,0.10329832666751027,0.10005888444500681,False,True,1,0.0,1.1594973696877664,1.5994760785454225,159.4973696877664,403.8991036884169,979.3830352575906,575.4839315691736,567.6996859602558,0.05506245491097072,0.15668784534991487,88.9516405989358,0.00862761741967684,-0.005171716917215215,0.0,False,stress_wide_capacity
2032Q3,2032-09-30,2032,3,2032,41700.425803833,27519.596121639286,0.0191684232598881,0.025707894369875493,0.028002946293840005,140.5855722416819,1009.087443302397,255.43873186920854,549.3872312520538,124.17739196370268,51.93363017624634,28.15045804118554,5.6120176762582625,27.84250449929822,0.0,1042.5419654779535,1183.1275377196353,-11.316,0.0,51292.35058378313,52464.162121502755,1.2581205373850255,0.013485288893981472,0.10000300432252426,0.11348829321650572,51881.39808450813,582.7640369946275,11064.624351281878,26616.462593695407,8879.05207918708,35495.51467288249,4126.861550408181,1194.397509935589,0.21326765969681516,20.15110741373667,15913.968832853903,21367.40502139176,0.3067374708548157,0.41185098725726327,11281.582490273218,11281.58249027322,0,0.0,0.0,0.0,0.0,0.0,0.0,0.0,0.0,0.0,0.0,0.0,none,1167.7967248112946,12449.379215084515,1143.9690332203372,1143.9690332203372,0.0,12425.551523493557,0.2154110468670722,0.5181811771623273,0.1728613500867164,0.0702933619006643,0.0232530639832198,0.0806143835077863,0.08130194491866935,0.0958721095576482,0.7728474447504439,16274.263402566925,-1.4551915228366852e-11,0.09542245929653351,0.10408684447240013,0.10059122964826675,0.07449122964826675,196.31193839706458,-55.7263661553827,0.012021466115512044,0.005707894369875493,0.005997611096864773,0.013982459296533498,0.045422459296533504,0.007984848199668729,500.0,15.17731695436817,0.0,False,0.0,0.0,0.0,0.0,0.0,0.09542245929653351,0.10408684447240013,0.10059122964826675,False,True,1,0.0,1.1677769684785104,1.6073425703951303,167.7769684785104,410.01740025663065,1014.6994609786552,604.6820607220245,596.0032520401946,0.057169991965445255,0.15668784534991487,93.38646538372035,0.008957842859737561,-0.005345400204547596,0.0,False,stress_wide_capacity
2032Q4,2032-12-31,2032,4,2033,42172.93072397727,27651.03336405556,0.01924183570834037,0.026351048385000724,0.028571176434175914,196.68428748705384,1046.2813988603152,263.95341669790713,569.2640196400105,129.15032137698245,54.822022871942046,29.091618273472992,5.6542680689403735,29.166659189972048,0.0,1081.1023261192277,1277.7866136062814,-14.7595,0.0,52464.162121502755,53727.18923510905,1.2739733358052503,0.01865502673023667,0.10253992858073492,0.12119495531097159,53144.42519811442,582.7640369946275,11330.411523455577,27255.82585641889,9092.338863156094,36348.16471957498,4242.760409055357,1223.088546028496,0.21320037767305805,20.18935600813534,16289.6667782402,21745.687190794793,0.30651694354609677,0.40918096507263263,12182.073302033112,12182.073302033112,0,0.0,0.0,0.0,0.0,0.0,0.0,0.0,0.0,0.0,0.0,0.0,none,1194.397509935589,13376.4708119687,1233.8604544163095,1233.8604544163095,0.0,13415.933756449422,0.2154110468670722,0.5181811771623273,0.1728613500867164,0.0702933619006643,0.0232530639832198,0.08247310139413229,0.08242596716710977,0.09739822663898662,0.7965482518741855,17355.365728686153,1.4551915228366852e-11,0.09642692204722306,0.10489019153541729,0.10113346102361154,0.07501346102361153,254.87389884885994,-58.189611361806115,0.012417054985392969,0.006351048385000724,0.006575238203477423,0.015026922047223059,0.046426922047223054,0.008451683843745634,500.0,16.15632453591016,0.0,False,0.0,0.0,0.0,0.0,0.0,0.09642692204722306,0.10489019153541729,0.10113346102361154,False,True,1,0.0,1.1644260084234361,1.6153608534427182,164.42600842343614,416.33677809969083,1051.9356669292556,635.5988888295648,625.936203402353,0.05936852788335901,0.15668784534991487,98.07659503762075,0.009302326715639865,-0.005519143238363808,0.0,False,stress_wide_capacity
2033Q1,2033-03-31,2033,1,2033,42657.665107524655,27783.698867101306,0.01932995740843091,0.026924236053141235,0.02913924649718606,194.65809485306207,1096.470097553254,273.1391771838022,601.8253041546091,134.54292904032783,56.855341917827474,30.10734525668743,5.6542680689403735,30.575603314073952,0.0,1132.6999689362683,1327.3580637893303,-14.7595,0.0,53727.18923510905,55039.78779889837,1.2902672394319479,0.01825304731165186,0.10621303028012793,0.1244660775917798,54457.02376190374,582.7640369946275,11606.573431479175,27920.14602322709,9313.951082946016,37234.09710617311,4363.453716295079,1252.899507956384,0.21313271695172467,20.29058360969056,16709.549269643376,22160.351314483058,0.3068391938329322,0.4069328395795599,12567.968105360858,12567.96810536086,0,0.0,0.0,0.0,0.0,0.0,0.0,0.0,0.0,0.0,0.0,0.0,none,1223.088546028496,13791.056651389355,1282.0229604752565,1282.0229604752565,0.0,13849.991065836117,0.2154110468670722,0.5181811771623273,0.1728613500867164,0.0702933619006643,0.0232530639832198,0.08444452405120637,0.08432973956479257,0.09830633323708624,0.8213745250528661,18488.06569762242,-1.4551915228366852e-11,0.09746333809420199,0.1057100035706515,0.101686669047101,0.075546669047101,255.4231611641447,-60.76506631108261,0.012824444063346012,0.006924236053141235,0.007165021406338599,0.01609333809420198,0.04746333809420199,0.008928316687863386,500.0,17.182877206138713,0.0,False,0.0,0.0,0.0,0.0,0.0,0.09746333809420199,0.1057100035706515,0.101686669047101,False,True,1,0.0,1.1720897997939317,1.6235476707375636,172.0897997939317,423.4026921243684,1102.1243656221943,678.7216734978259,667.9613718465214,0.0626345928838656,0.15668784534991487,104.66142813160472,0.00981407940334201,-0.005697927081373602,0.0,False,stress_wide_capacity
2033Q2,2033-06-30,2033,2,2033,43161.64053724355,27921.870195538217,0.0200413144319751,0.027509131467726634,0.029729515249352665,191.83712149731593,1150.4284170541237,282.80384761685923,636.2491187154734,140.17668115297064,60.01650630074548,31.18226326807487,5.6542680689403735,32.075428349456985,0.0,1188.158113472521,1379.995234969837,-14.7595,0.0,55039.78779889837,56405.02353386821,1.306832243440727,0.01777848284814684,0.11011241451281509,0.12789089736096193,55822.25949687359,582.7640369946275,11893.750888769899,28610.96460025773,9544.402973430435,38155.36757368816,4489.241464549405,1283.8995698661167,0.21306466266267898,20.351115861046782,17161.962032518244,22562.891847481715,0.307439401185103,0.4041916620867951,12816.226869717853,12816.226869717853,0,0.0,0.0,0.0,0.0,0.0,0.0,0.0,0.0,0.0,0.0,0.0,none,1252.899507956384,14069.126377674238,1333.16030662038,1333.16030662038,0.0,14149.387176338234,0.2154110468670722,0.5181811771623273,0.1728613500867164,0.0702933619006643,0.0232530639832198,0.08635553616483103,0.08634903301689709,0.09947209600420297,0.8446967433667568,19676.22381109494,7.275957614183426e-12,0.09855232026209843,0.10656674019657382,0.10226116013104922,0.07611116013104921,256.05415189494573,-64.21703039762981,0.013402372027983531,0.007509131467726634,0.007766744277335404,0.017222320262098426,0.04855232026209842,0.009455575984763022,500.0,18.238947056064102,0.0,False,0.0,0.0,0.0,0.0,0.0,0.09855232026209843,0.10656674019657382,0.10226116013104922,False,True,1,0.0,1.1821000261016197,1.6322148046989202,182.10002610161968,430.77618113124424,1156.082685123064,725.3065039918198,713.2675902794596,0.06610199069370326,0.15668784534991487,111.76036187881441,0.010357378495136488,-0.005951305798232378,0.0,False,stress_wide_capacity
2033Q3,2033-09-30,2033,3,2033,43682.60007035468,28063.921587558354,0.020505660032326123,0.028079573030978407,0.03033101148285803,188.4898618773638,1205.9811386630245,293.0391866769172,672.2794100091929,146.06825057180322,62.26301841539245,32.331272989718926,5.6542680689403735,33.660334858280635,0.0,1245.2957415902456,1433.7856034676095,-14.7595,0.0,56405.02353386821,57824.04963733582,1.32373186449994,0.01725994895668154,0.11403128381411243,0.13129123277079396,57241.285600341194,582.7640369946275,12192.17397927984,29328.835065036106,9783.879170556165,39112.71423559227,4620.283816745332,1316.1135687237522,0.21299615917793374,20.450060852594657,17649.452771184082,22909.957667136787,0.30833431824736796,0.40023485543448784,13181.1045548673,13181.1045548673,0,0.0,0.0,0.0,0.0,0.0,0.0,0.0,0.0,0.0,0.0,0.0,none,1283.8995698661167,14465.004124733416,1385.3657686093288,1385.3657686093288,0.0,14566.470323476628,0.2154110468670722,0.5181811771623273,0.1728613500867164,0.0702933619006643,0.0232530639832198,0.08830885705211222,0.08831098108433635,0.10049991465741709,0.8683531972416496,20921.519552685186,0.0,0.0997283552344842,0.10748376642586314,0.1028791776172421,0.07670917761724211,256.75178675427907,-68.26192487691524,0.014086152306971564,0.008079573030978407,0.008380876035589454,0.018418355234484193,0.04972835523448419,0.01003747919889474,500.0,19.33089571046276,0.0,False,0.0,0.0,0.0,0.0,0.0,0.0997283552344842,0.10748376642586314,0.1028791776172421,False,True,1,0.0,1.1905229184059358,1.641396699349612,190.52291840593583,438.0693959671897,1211.6354067319648,773.5660107647752,760.0963710236044,0.06960175170886368,0.15668784534991487,119.09786263397804,0.010905748507841605,-0.00625071994496421,0.0,False,stress_wide_capacity
2033Q4,2033-12-31,2033,4,2034,44218.34275693875,28207.867292393406,0.020675227098420956,0.02869907917596693,0.03094421625750576,163.8078761917068,1264.628860579847,303.97636442156363,709.3694468452458,152.22752912660314,65.50950339242415,33.54601679401064,5.687777001067564,35.335334566048964,0.0,1305.6519721469635,1469.4598483386703,-17.2085,0.0,57824.04963733582,59276.30098567449,1.3405364672192026,0.014818092762284905,0.11810953470815733,0.13292762747044223,58693.536948679866,582.7640369946275,12497.393341129318,30063.054272992955,10028.80918565639,40091.86345864934,4755.218941450346,1349.0612074508554,0.21292622647799742,20.488324237805365,17957.361488104783,23081.221689807793,0.3059512583780092,0.3932498003994788,13418.660655303385,13418.660655303385,0,0.0,0.0,0.0,0.0,0.0,0.0,0.0,0.0,0.0,0.0,0.0,none,1316.1135687237522,14734.774224027138,1416.9160137726215,1416.9160137726215,0.0,14835.576669076007,0.2154110468670722,0.5181811771623273,0.1728613500867164,0.0702933619006643,0.0232530639832198,0.08934079741140873,0.09031895761959435,0.10176630682017264,0.8734088897973079,22227.17152483215,0.0,0.1009547783449738,0.10844608375873034,0.1035273891724869,0.07733738917248689,236.4069525564919,-72.59907636478508,0.014810200401256733,0.00869907917596693,0.009017400836556673,0.019674778344973783,0.050954778344973785,0.01065737750841711,500.0,20.469651523041364,0.0,False,0.0,0.0,0.0,0.0,0.0,0.1009547783449738,0.10844608375873034,0.1035273891724869,False,True,1,0.0,1.2026136592997747,1.6510421904126353,202.6136592997747,445.19129640684406,1270.3166375809146,825.1253411740706,810.0971995133534,0.07328155231563786,0.15668784534991487,126.93238471574745,0.01148232853623436,-0.00656732675522018,0.0,False,stress_wide_capacity
2034Q1,2034-03-31,2034,1,2034,44766.6636921096,28351.895802085575,0.020580836644040312,0.0293466604675264,0.03158953776152252,159.94412231203262,1311.8953419561485,315.41789366091547,735.1261750167587,158.56677037492915,67.96156704702473,34.82293585652035,5.687777001067564,37.11695069124546,0.0,1354.7000696484615,1514.644191960494,-17.2085,0.0,59276.30098567449,60773.73667763498,1.3575668067564017,0.014291359607414636,0.12104543496612956,0.1353367945735442,60190.97264064036,582.7640369946275,12811.962129945732,30819.763957376057,10281.241854829126,41101.005812205185,4894.986605911955,1383.0180925774844,0.21285521013985442,20.596536543722966,18267.02521697869,23220.93901688091,0.3034844664504553,0.38578773523926013,13879.757300846864,13879.757300846864,0,0.0,0.0,0.0,0.0,0.0,0.0,0.0,0.0,0.0,0.0,0.0,none,1349.0612074508554,15228.81850829772,1460.3187412692487,1460.3187412692487,0.0,15340.076042116112,0.2154110468670722,0.5181811771623273,0.1728613500867164,0.0702933619006643,0.0232530639832198,0.09048673811161645,0.09141596537718213,0.10292751936252087,0.8795542637565223,23581.87159448061,0.0,0.10225087005450464,0.10945315254087856,0.10420543502725238,0.07799543502725237,237.1429445036831,-77.1988221916505,0.015567257653339918,0.0093466604675264,0.009682221958243833,0.020990870054504746,0.05225087005450464,0.01130864809626091,500.0,21.627119535267703,0.0,False,0.0,0.0,0.0,0.0,0.0,0.10225087005450464,0.10945315254087856,0.10420543502725238,False,True,1,0.0,1.2142460764417227,1.661145754026212,214.24607644172266,452.0258010771195,1317.5831189572161,865.5573178800967,848.8436966279684,0.07584605388206156,0.15668784534991487,133.00348986349317,0.011884154761073773,-0.006897884794149381,0.0,False,stress_wide_capacity
2034Q2,2034-06-30,2034,2,2034,45323.410132116165,28492.994855143854,0.02005592371856646,0.030024171272556188,0.032241595972396814,156.81726458224875,1362.6378243528065,327.5085687230789,762.3354983132585,165.14298440148804,71.49966387051822,36.151109044463276,5.687777001067564,38.98728176875692,0.0,1407.312883122631,1564.1301477048798,-17.2085,0.0,60773.73667763498,62320.65832533986,1.3750213883659086,0.013839846924592116,0.12420185321628385,0.13804170014087597,61737.89428834523,582.7640369946275,13136.787850318868,31601.147162200363,10541.905425167,42143.05258736736,5039.971663787909,1418.0821868710927,0.21278321850375786,20.670080334531022,18542.097983705567,23307.568840262946,0.3003357694239648,0.37752451891873007,14185.931980389953,14185.931980389953,0,0.0,0.0,0.0,0.0,0.0,0.0,0.0,0.0,0.0,0.0,0.0,none,1383.0180925774844,15568.950072967436,1507.934365936123,1507.934365936123,0.0,15693.866346326075,0.2154110468670722,0.5181811771623273,0.1728613500867164,0.0702933619006643,0.0232530639832198,0.09159666890638885,0.09262638501808818,0.10430158521739753,0.8845735990418255,24989.18447760324,0.0,0.10355715435244862,0.11046786576433647,0.10488857717622431,0.07865857717622432,237.88168296220073,-81.06441837995197,0.016155308671321925,0.010024171272556188,0.010377189543154364,0.022317154352448625,0.05355715435244862,0.011939964809294257,500.0,22.833915690357486,0.0,False,0.0,0.0,0.0,0.0,0.0,0.10355715435244862,0.11046786576433647,0.10488857717622431,False,True,1,0.0,1.2253667440526366,1.6713275655800128,225.36674405263656,458.8695854613263,1368.3256013538742,909.4560158925478,891.0070396513406,0.07863548105088175,0.15668784534991487,139.6099732345747,0.012321224093916719,-0.0071543088345428565,0.0,False,stress_wide_capacity
2034Q3,2034-09-30,2034,3,2034,45894.10073286647,28633.88908319914,0.01992668501839523,0.030785233840065523,0.03294390235124878,153.87170537727212,1414.8175960545932,340.10209177771065,791.0143996360841,171.97814215509163,74.18276280221649,37.54019968349078,5.687777001067564,41.0059187169079,0.0,1461.5112917725687,1615.3829971498408,-17.2085,0.0,62320.65832533986,63918.8328224897,1.3927461656681954,0.013411022586358588,0.12738119003830278,0.14079221262466135,63336.068785495074,582.7640369946275,13472.219163947617,32408.04260921293,10811.079687947531,43219.12229716046,5190.436196928946,1454.291127458053,0.21271006272231663,20.787470067723707,18736.711969943353,23307.94721467393,0.29583004327913615,0.36800432457550647,14614.457866829325,14614.457866829325,0,0.0,0.0,0.0,0.0,0.0,0.0,0.0,0.0,0.0,0.0,0.0,none,1418.0821868710927,16032.540053700417,1557.168578432933,1557.168578432933,0.0,16171.626445262258,0.2154110468670722,0.5181811771623273,0.1728613500867164,0.0702933619006643,0.0232530639832198,0.09280321021436286,0.09380589557593372,0.10546621303158873,0.8904884004833233,26450.69576937581,0.0,0.10489005356966176,0.11149504017724632,0.10558002678483087,0.07933002678483088,238.6533018302651,-84.78159645299296,0.016694861939274747,0.010785233840065522,0.011103681211491672,0.023660053569661752,0.054890053569661756,0.012556372358170084,500.0,24.07366144812846,0.0,False,0.0,0.0,0.0,0.0,0.0,0.10489005356966176,0.11149504017724632,0.10558002678483087,False,True,1,0.0,1.2343363913321612,1.6816369289545232,234.3363913321612,465.74147004655646,1420.5053730556608,954.7639030091043,934.4671718621435,0.08144551538781426,0.15668784534991487,146.41964770930784,0.012761522319529952,-0.007389324126556224,0.0,False,stress_wide_capacity
2034Q4,2034-12-31,2034,4,2035,46479.61556354555,28774.943110968194,0.019850566366951483,0.031540086521645444,0.033676906719864716,110.42344218009565,1470.5798921936318,353.2754474521723,821.1588639687526,179.0829986236305,78.07541416718037,38.98716798189649,5.709630652454863,43.158182076829554,0.0,1519.4477049229163,1629.871147103012,-17.416,0.0,63918.8328224897,65531.28796959271,1.4098930719424794,0.009502956583548158,0.13076250192694236,0.14026545851049052,64948.52393259809,582.7640369946275,13810.263066029225,33221.222757867465,11082.350480008943,44303.57323787641,5343.905538497975,1490.7820901944797,0.2126339788778135,20.76073106488741,18941.258712744595,23559.536533907565,0.29163493742215524,0.36274167767626325,14700.367668336383,14700.367668336383,0,0.0,0.0,0.0,0.0,0.0,0.0,0.0,0.0,0.0,0.0,0.0,none,1454.291127458053,16154.658795794436,1569.2969650261825,1569.2969650261825,0.0,16269.664633362565,0.2154110468670722,0.5181811771623273,0.1728613500867164,0.0702933619006643,0.0232530639832198,0.0938806479029262,0.09508607324808985,0.10679609963535573,0.8952071541979756,27970.143474298726,0.0,0.10623346170733206,0.11253759628049893,0.10628173085366592,0.08001173085366603,198.94664964319358,-88.52320746309793,0.01722096136738121,0.011540086521645444,0.011850926107541154,0.025023461707332044,0.056233461707332046,0.01317253559979089,500.0,25.345598244823698,0.0,False,0.0,0.0,0.0,0.0,0.0,0.10623346170733206,0.11253759628049893,0.10628173085366592,False,True,1,0.0,1.252084314978247,1.6921037381825288,252.08431497824702,472.8423753984295,1476.2895228460868,1003.4471474476572,981.1573641600115,0.08443764882853666,0.15668784534991487,153.735433339434,0.013230353261356173,-0.0076182392121614375,0.0,False,stress_wide_capacity
2035Q1,2035-03-31,2035,1,2035,47082.82668813822,28917.386026875993,0.019948480935036983,0.03233765604893445,0.03441966870962401,107.16887613942119,1525.550014826323,366.7780131482995,851.036190769488,186.29078095121343,80.96403872377716,40.480991233545524,5.709630652454863,45.401975631140346,0.0,1576.6616211099183,1683.8304972493395,-17.416,0.0,65531.28796959271,67197.70246684206,1.4272231977901078,0.009104710458382117,0.1339479153665286,0.14305262582491074,66614.93842984743,582.7640369946275,14159.447070295633,34061.20093451445,11362.560893003338,45423.76182751778,5503.253933956729,1528.4755980772684,0.21255663375275843,20.79861805537313,19123.325541164224,23773.29618209847,0.2870726295319346,0.35687635149785907,15189.115850227905,15189.115850227907,0,0.0,0.0,0.0,0.0,0.0,0.0,0.0,0.0,0.0,0.0,0.0,none,1490.7820901944797,16679.897940422386,1621.0125216181991,1621.0125216181991,0.0,16810.128371846105,0.2154110468670722,0.5181811771623273,0.1728613500867164,0.0702933619006643,0.0232530639832198,0.09505923956947966,0.09623870794918653,0.10801635566083002,0.90090996348351,29546.805095408643,1.4551915228366852e-11,0.1076167898039735,0.11360259235298002,0.10699839490198665,0.08070839490198675,199.66752299633845,-92.49864685691726,0.01777343789598947,0.012337656048934453,0.01261559930174682,0.026416789803973505,0.0576167898039735,0.013801190502226682,500.0,26.639201476780872,0.0,False,0.0,0.0,0.0,0.0,0.0,0.1076167898039735,0.11360259235298002,0.10699839490198665,False,True,1,0.0,1.2604069575490284,1.7028002412886973,260.40695754902845,479.3560389782324,1531.2596454787779,1051.9036065005455,1027.4879677574186,0.08729195250431114,0.15668784534991487,160.99487579087273,0.013677587954287617,-0.007858376683252184,0.0,False,stress_wide_capacity
2035Q2,2035-06-30,2035,2,2035,47702.251532555056,29060.1053734122,0.019888297820875422,0.033124806962718446,0.03518935479093443,103.89945322295145,1584.3622366053885,380.9485597761234,882.4613738054093,193.7862970575192,85.12340102185942,42.04260494447759,5.709630652454863,47.787922481984246,0.0,1637.8597897398276,1741.7592429627791,-17.416,0.0,67197.70246684206,68922.04570980484,1.444838419477287,0.008712331169696998,0.1373402501659317,0.1460525813356287,68339.2816728102,582.7640369946275,14520.59560701096,34929.96034405895,11652.372509196715,46582.33285325566,5668.892566327755,1567.4606462158156,0.2124780251061403,20.7877927866386,19299.81148817947,24069.721088991784,0.2824116820627658,0.35220916140487146,15482.52269060928,15482.52269060928,0,0.0,0.0,0.0,0.0,0.0,0.0,0.0,0.0,0.0,0.0,0.0,none,1528.4755980772684,17010.998288686547,1676.555320480795,1676.555320480795,0.0,17159.078011090074,0.2154110468670722,0.5181811771623273,0.1728613500867164,0.0702933619006643,0.0232530639832198,0.09618846664110735,0.09749498745425178,0.10949169112606565,0.9053281751698137,31184.66488514847,-1.4551915228366852e-11,0.10902492940643525,0.11468619705482644,0.10772746470321763,0.08141746470321763,200.4269803584278,-96.52752713547636,0.018316503024529723,0.013124806962718446,0.013396544997754757,0.02783492940643525,0.05902492940643525,0.014438384408680494,500.0,27.963588208310863,0.0,False,0.0,0.0,0.0,0.0,0.0,0.10902492940643525,0.11468619705482644,0.10772746470321763,False,True,1,0.0,1.2734663325364535,1.7136872209593703,273.4663325364535,485.86998212492387,1590.0718672578435,1104.2018851329196,1077.5122742039707,0.09035315856892899,0.15668784534991487,168.83307658310682,0.01415724173672468,-0.008094169481253926,0.0,False,stress_wide_capacity
2035Q3,2035-09-30,2035,3,2035,48340.326708280845,29204.193447658035,0.019981106351674383,0.03392892559190127,0.035964455614645764,100.43563717009252,1644.7034921982718,395.776727748441,915.3573721342776,201.59146472103282,88.29870372725027,43.67922386727059,5.709630652454863,50.29632191368286,0.0,1700.7094447644097,1801.1450819345023,-17.416,0.0,68922.04570980484,70705.77479173934,1.4626664651736254,0.00831071231902846,0.14072800583477008,0.14903871815379854,70123.01075474471,582.7640369946275,14893.996172520723,35828.192572178275,11952.016036378458,47780.208608556735,5841.037704572048,1607.7682690951892,0.21239812740802713,20.780950025967364,19481.12142943667,24386.79037078309,0.27781353395637715,0.3477715818003866,15858.158214641095,15858.158214641095,0,0.0,0.0,0.0,0.0,0.0,0.0,0.0,0.0,0.0,0.0,0.0,none,1567.4606462158156,17425.61886085691,1733.4327600208194,1733.4327600208194,0.0,17591.590974661915,0.2154110468670722,0.5181811771623273,0.1728613500867164,0.0702933619006643,0.0232530639832198,0.09733591688893313,0.09870336419932858,0.11076244776574645,0.909760750759023,32885.374329912884,0.0,0.11046493271833406,0.11578369953875055,0.10846246635916704,0.08214246635916703,201.23311312403794,-100.79747595394542,0.018884810945788647,0.01392892559190127,0.01419502037155903,0.02928493271833406,0.06046493271833406,0.01508991234677503,500.0,29.31171116109368,0.0,False,0.0,0.0,0.0,0.0,0.0,0.11046493271833406,0.11578369953875055,0.10846246635916704,False,True,1,0.0,1.2853216205551752,1.7248188165735452,285.3216205551752,492.5429195984832,1650.4131228507267,1157.8702032522435,1128.7241696767232,0.09339814159620641,0.15668784534991487,176.85735814101747,0.014634353566395841,-0.008340653265521145,0.0,False,stress_wide_capacity
2035Q4,2035-12-31,2035,4,2036,48997.18182587888,29349.134400995004,0.02000035304595671,0.03477459684013642,0.03676649221255542,152.9948980385467,1707.794201357734,411.31607127615666,948.8467251814652,209.71648371770578,92.52156573095579,45.39335545145014,5.7387688543045945,52.96387375463175,0.0,1766.4968439666704,1919.491742005217,-16.55475,0.0,70705.77479173934,72608.71178374455,1.481895673954757,0.01249009778417413,0.14421211817808333,0.15670221596225745,72025.94774674992,582.7640369946275,15292.500818599023,36786.81382031203,12271.804887223387,49058.61870753542,6024.04240823437,1650.7858123811066,0.2123193279228884,20.684689133575706,19927.238979940063,24764.95852733286,0.27666750113453736,0.3438338446362248,15990.990979607634,15990.990979607634,0,0.0,0.0,0.0,0.0,0.0,0.0,0.0,0.0,0.0,0.0,0.0,none,1607.7682690951892,17598.759248702823,1849.9731182505852,1849.9731182505852,0.0,17840.964097858217,0.2154110468670722,0.5181811771623273,0.1728613500867164,0.0702933619006643,0.0232530639832198,0.09838201935998811,0.09993508163483432,0.11202085201210663,0.913398721494326,34651.871173879554,-1.4551915228366852e-11,0.11193506987047669,0.11691380240285751,0.10922253493523834,0.08288253493523834,258.21485015049376,-105.21995211194708,0.01946008360843972,0.014774596840136416,0.01501011014559963,0.030765069870476683,0.061935069870476686,0.015754959724877057,500.0,30.68654524560246,0.0,False,0.0,0.0,0.0,0.0,0.0,0.11193506987047669,0.11691380240285751,0.10922253493523834,False,True,1,0.0,1.3031839750846745,1.7361817480206412,303.18397508467456,499.3269610941214,1713.5329702120387,1214.2060091179173,1182.423331542103,0.09652990539285111,0.15668784534991487,185.27136411080014,0.015125062887836967,-0.008589877882027327,0.0,False,stress_wide_capacity
2036Q1,2036-03-31,2036,1,2036,49673.072073573894,29495.01560301323,0.020030910944204727,0.03558640904901107,0.03758437932318084,149.52687464553952,1773.0317485260796,427.94178690605094,981.6756929226202,218.4485209510333,97.73801623567483,47.22773151070054,5.7387688543045945,55.82176118988985,0.0,1834.5922785702742,1984.1191532158136,-16.55475,0.0,72608.71178374455,74576.27618696037,1.501342137174459,0.012040879970062325,0.1477333454112075,0.1597742253812698,73993.51214996574,582.7640369946275,15704.311302458249,37777.442872988446,12602.271301342334,50379.71417433078,6214.246986821119,1695.2396863555853,0.21223903077650463,20.653559551433236,20370.97161072633,25145.254252336417,0.2753075373613788,0.3398305273220912,16508.034188672853,16508.03418867285,0,0.0,0.0,0.0,0.0,0.0,0.0,0.0,0.0,0.0,0.0,0.0,none,1650.7858123811066,18158.820001053955,1911.7426420259237,1911.7426420259237,0.0,18419.776830698775,0.2154110468670722,0.5181811771623273,0.1728613500867164,0.0702933619006643,0.0232530639832198,0.0995260692818297,0.1010673366046964,0.11336034956956403,0.9181449595617478,36486.463452449825,0.0,0.11343696973038285,0.11805772729778713,0.10998848486519142,0.08363848486519143,259.36165904780313,-109.83478440226362,0.02004874938227312,0.015586409049011072,0.015842996599434958,0.03227696973038284,0.06343696973038285,0.01643397313094789,500.0,32.085427442654215,0.0,False,0.0,0.0,0.0,0.0,0.0,0.11343696973038285,0.11805772729778713,0.10998848486519142,False,True,1,0.0,1.3121548832076277,1.7477885200269503,312.15488320762773,506.5918385923686,1778.7705173803843,1272.1786787880155,1237.5404492690548,0.09965483491224833,0.15668784534991487,193.9075465293338,0.015614701361101662,-0.008844613777024335,0.0,False,stress_wide_capacity
2036Q2,2036-06-30,2036,2,2036,50368.613057154296,29641.40567684474,0.020001146536990033,0.03646640274520051,0.038419311637139034,145.98061036374372,1842.7018557403278,445.36237146336646,1016.0220831045349,227.9456516267362,104.21886452610605,49.15288501958476,5.7387688543045945,58.84562825603616,0.0,1907.2862528506687,2053.2668632144123,-16.55475,0.0,74576.27618696037,76612.98830017478,1.5210462160877938,0.01159298233589212,0.15146625146786805,0.16305923380376017,76030.22426318015,582.7640369946275,16130.36559254643,38802.336056434106,12944.167972223508,51746.50402865761,6412.123499695532,1741.2311422805888,0.21215728019834382,20.557272884716618,20917.68441857842,25666.506124416366,0.27512327658236857,0.3375829332762618,16843.96844387494,16843.96844387494,0,0.0,0.0,0.0,0.0,0.0,0.0,0.0,0.0,0.0,0.0,0.0,none,1695.2396863555853,18539.208130230523,1977.866484958376,1977.866484958376,0.0,18821.834928833316,0.2154110468670722,0.5181811771623273,0.1728613500867164,0.0702933619006643,0.0232530639832198,0.1006060946785137,0.10229989215708021,0.1149316332001,0.9216844167088907,38393.74970530049,0.0,0.11497860860667626,0.1192339564550071,0.11077930430333803,0.08440930430333814,260.5674050883432,-114.58679472459949,0.020639269914081423,0.016466402745200507,0.016693741683952643,0.03381860860667626,0.06497860860667626,0.017124866922723615,500.0,33.513460449385654,0.0,False,0.0,0.0,0.0,0.0,0.0,0.11497860860667626,0.1192339564550071,0.11077930430333803,False,True,1,0.0,1.325966352490067,1.7596235968251657,325.96635249006687,513.9006291635852,1848.4406245946325,1334.5399954310474,1296.8496024364867,0.10298870854076725,0.15668784534991487,203.2005699486668,0.016137078836623193,-0.009099857055390865,0.0,False,stress_wide_capacity
2036Q3,2036-09-30,2036,3,2036,51085.513479531255,29789.034192949825,0.020071257916387086,0.03733867928032986,0.0392713633855447,142.20043294074418,1914.01306281209,463.66174803699835,1051.7281419804049,237.41442046269714,110.03987743919609,51.16887489279399,5.7387688543045945,62.046792319270594,0.0,1981.7986239856652,2123.9990569264096,-16.55475,0.0,76612.98830017478,78720.43260710119,1.540954122711179,0.011134305853476092,0.1551749988598803,0.1663093047133564,78137.66857010656,582.7640369946275,16570.96681242726,39862.222548318125,13297.738148062512,53159.96069638064,6617.9481597398,1788.792901558867,0.21207398576986572,20.4568202738149,21495.019855276034,26151.126189377093,0.27509164591966684,0.3346801442624798,17276.21476280281,17276.21476280281,0,0.0,0.0,0.0,0.0,0.0,0.0,0.0,0.0,0.0,0.0,0.0,none,1741.2311422805888,19017.445905083398,2045.3975146071386,2045.3975146071386,0.0,19321.61227740995,0.2154110468670722,0.5181811771623273,0.1728613500867164,0.0702933619006643,0.0232530639832198,0.101694189598628,0.1034706343118139,0.11643597356687484,0.9251415730218172,40375.54832928615,0.0,0.11654642712345528,0.12043732034259146,0.11158821356172764,0.08519821356172765,261.84129692895715,-119.64086398821298,0.02126011584083867,0.017338679280329863,0.017562791813209973,0.035396427123455275,0.06654642712345528,0.017833635310245306,500.0,34.963971240246906,0.0,False,0.0,0.0,0.0,0.0,0.0,0.11654642712345528,0.12043732034259146,0.11158821356172764,False,True,1,0.0,1.3381212507788527,1.7717364227319845,338.1212507788527,521.3278055273912,1919.7518316663948,1398.4240261390037,1357.4532552809349,0.10628870400410746,0.15668784534991487,212.69642573319763,0.016654148015438467,-0.00936788970800109,0.0,False,stress_wide_capacity
2036Q4,2036-12-31,2036,4,2037,51823.32849171901,29936.988743005888,0.020015483863067063,0.03825348295975789,0.04014099313157172,140.76875116381086,1968.9374413945377,482.82174399243746,1088.882462337481,247.27798653534222,116.12493281230999,33.830315716966986,5.894658234200658,65.43583167136995,0.0,2040.2679313001083,2181.036682463919,0.0,0.0,78720.43260710119,80901.46928956511,1.5611013735347503,0.010865280580061906,0.15747872556091247,0.16834400614097436,80318.70525257048,582.7640369946275,17026.690606449352,40958.487087587426,13663.443767375118,54621.93085496254,6832.096687653283,1837.9871035053004,0.21198910705678287,20.349139767544944,21883.943010794897,26670.956764024173,0.27246384191551115,0.33206407747926947,17715.246654936207,17715.246654936203,0,0.0,0.0,0.0,0.0,0.0,0.0,0.0,0.0,0.0,0.0,0.0,none,1788.792901558867,19504.03955649507,2115.600850792549,2115.600850792549,0.0,19830.84750572875,0.2154110468670722,0.5181811771623273,0.1728613500867164,0.0702933619006643,0.0232530639832198,0.09112120111227201,0.10367158125175549,0.07448455125250124,0.927106754035699,42415.81626058626,0.0,0.07464948561118531,0.07814765792660333,0.06889583024202144,0.04249583024202154,265.6380292052419,-124.86927804143102,0.021886712191027627,0.01825348295975789,0.01844989217179066,0.03700731073832754,0.06815731073832754,0.018557418566536876,0.0,36.400730930135936,0.0,False,0.0,0.0,0.0,0.0,0.0,0.07464948561118531,0.07814765792660333,0.06889583024202144,False,True,5,64.92174872857771,1.3490248363110127,1.3490248363054695,349.0248363110127,528.9568504093874,1974.8320996287384,1445.8752492193512,1401.3901813582631,0.10816674437128793,0.15668784534991487,219.58080801155268,0.016948414114052138,-0.009638074718522505,0.0,False,stress_wide_capacity
2037Q1,2037-03-31,2037,1,2037,52560.132155990825,30078.691733655338,0.01906835327088019,0.038296203630500895,0.041027958077610116,138.0745734962453,1830.8805241574205,317.7584238580613,1106.544416268462,253.57688460202087,118.2262806289979,34.77451879987798,5.894658234200658,69.02367701896783,0.0,1905.798859410589,2043.8734329068343,0.0,0.0,80901.46928956511,82945.34272247195,1.5781037702930854,0.010507931988181465,0.1450376002674008,0.15554553225558226,82362.57868547732,582.7640369946275,17452.09505977034,41981.81705881213,14004.818962396319,55986.63602120845,7039.939193262316,1883.9084112362068,0.21189349991597098,20.258754678456068,22246.75991729198,27140.20346902417,0.2701076177112782,0.3295210507270057,18275.85990259368,18275.85990259368,0,0.0,0.0,0.0,0.0,0.0,0.0,0.0,0.0,0.0,0.0,0.0,none,1837.9871035053004,20113.84700609898,1974.8497558878664,1974.8497558878664,0.0,20250.709658481544,0.2154110468670722,0.5181811771623273,0.1728613500867164,0.0702933619006643,0.0232530639832198,0.09042627968410924,0.09422814572572437,0.07437719500945658,0.9290486854285628,44321.61511999685,0.0,0.07467957083824597,0.07778125580214801,0.06813294076605017,0.04173294076605028,266.99574770891735,-128.92117421267204,0.02228891526449491,0.018296203630500895,0.019356501278805165,0.03859326014439137,0.06974326014439138,0.01923675886558621,0.0,37.49973399022326,0.0,False,0.0,0.0,0.0,0.0,0.0,0.07467957083824597,0.07778125580214801,0.06813294076605017,False,True,5,49.36310693854591,1.3456414408160315,1.3456414408117547,345.64144081603155,536.7144539006248,1836.7751823916212,1300.0607284909966,1251.9493107550018,0.09527748575969318,0.15668784534991487,196.16523998951223,0.01492882395404352,-0.00981132801036746,0.0,False,stress_wide_capacity
2037Q2,2037-06-30,2037,2,2037,53193.137806195155,30149.560940337375,0.009457866877997878,0.039222276336387335,0.04175565695022542,148.88588765589697,1863.7745829419566,325.8287423229804,1122.3531748132673,259.4740187304057,119.85561261321179,36.263034462091596,5.894658234200658,72.36584686123035,0.0,1942.0350880373878,2090.9209756932846,0.0,0.0,82945.34272247195,85036.26369816523,1.5986322147038572,0.011195871783187561,0.14603651283840663,0.15723238462159417,84453.4996611706,582.7640369946275,17886.914133230952,43027.79433163738,14353.749127190691,57381.54345882807,7254.196066310981,1930.846002800595,0.2117960085134857,20.16025009567934,22658.821254124945,27662.717177848168,0.26829937592915226,0.32754968460551226,18712.57749013653,18712.57749013653,0,0.0,0.0,0.0,0.0,0.0,0.0,0.0,0.0,0.0,0.0,0.0,none,1883.9084112362068,20596.485901372736,2018.5551288320544,2018.5551288320544,0.0,20731.132618968582,0.2154110468670722,0.5181811771623273,0.1728613500867164,0.0702933619006643,0.0232530639832198,0.09008328898536941,0.09365372541941369,0.07572898969430072,0.9309902371985983,46263.65020803424,0.0,0.0759953236490856,0.0788512123141751,0.06895710097926472,0.04255710097926483,267.7851290767475,-118.89924142085057,0.020271539115711265,0.019222276336387335,0.020282573984690716,0.03957644533964154,0.07072644533964154,0.01929387135495082,0.0,38.95523716502636,0.0,False,0.0,0.0,0.0,0.0,0.0,0.0759953236490856,0.0788512123141751,0.06895710097926472,False,True,5,52.688783094440566,1.3565149755997141,1.3565149755949761,356.51497559971415,544.527414848838,1869.6692411761574,1325.1418263273194,1274.5758238341784,0.09584513163919686,0.15668784534991487,199.7105395716701,0.01501776716382471,-0.00894094586817196,0.0,False,stress_wide_capacity
2037Q3,2037-09-30,2037,3,2037,53899.497410882774,30250.718293157803,0.013488434564229657,0.04015395977256232,0.04268172965611097,154.24866684547368,1903.7836320784731,339.8304571595724,1138.7495255352967,265.59488661954066,121.88783092956011,37.720931834503325,5.894658234200658,76.1964542746993,0.0,1985.8747445873732,2140.1234114328468,0.0,0.0,85036.26369816523,87176.38710959807,1.617387754936587,0.011447132107345367,0.14737612333924346,0.15882325544658882,86593.62307260344,582.7640369946275,18331.50679972956,44097.28243187464,14710.522327485416,58807.80475936006,7475.472885121733,1978.8386283920859,0.2116958056410195,20.04814547835355,23011.688924633192,28140.108939855883,0.26574345902283475,0.3249674507355135,19169.89741240729,19169.89741240729,0,0.0,0.0,0.0,0.0,0.0,0.0,0.0,0.0,0.0,0.0,0.0,none,1930.846002800595,21100.743415207882,2063.926957158147,2063.926957158147,0.0,21233.824369565435,0.2154110468670722,0.5181811771623273,0.1728613500867164,0.0702933619006643,0.0232530639832198,0.0897271133747806,0.09341307617353471,0.07684141739859698,0.9326271551591885,48249.524952621614,0.0,0.07714384322683634,0.07976454854012735,0.06963525385341843,0.04323525385341854,268.90477335509064,-114.65610650961696,0.019273052045459604,0.020153959772562322,0.021214257420866592,0.040517178746835615,0.07166717874683562,0.019302921325969027,0.0,40.23689960669981,0.0,False,0.0,0.0,0.0,0.0,0.0,0.07714384322683634,0.07976454854012735,0.06963525385341843,False,True,5,54.76664480000733,1.3658147958926747,1.3658147958876006,365.81479589267474,552.407215575577,1909.6782903126739,1357.271074737097,1303.4491682398323,0.09673182354955723,0.15668784534991487,204.23464169463801,0.015156701008748276,-0.008508881308156087,0.0,False,stress_wide_capacity
2037Q4,2037-12-31,2037,4,2038,54661.52050254858,30372.157066499512,0.016154590265164304,0.04094596697108767,0.04361341309228685,166.26194021078868,1944.630206852587,353.5407216675054,1155.7606047762208,271.8058847121956,123.99955531624062,39.52344038042512,5.91068424521801,80.20759039416416,0.0,2030.748481491969,2197.0104217027574,0.0,0.0,87176.38710959807,89373.39753130083,1.6350331404911032,0.012166653154336368,0.14860534158739955,0.16077199474173592,88790.6334943062,582.7640369946275,18787.489513632925,45194.169814822686,15076.435722772803,60270.60553759549,7704.477663009426,2028.0607800683654,0.21159314641941027,19.86279316852871,23599.506440442685,29612.617864290965,0.2657882426523743,0.3335106046539234,19409.136463978408,19409.136463978404,0,0.0,0.0,0.0,0.0,0.0,0.0,0.0,0.0,0.0,0.0,0.0,none,1978.8386283920859,21387.97509237049,2116.802831308594,2116.802831308594,0.0,21525.939295286997,0.2154110468670722,0.5181811771623273,0.1728613500867164,0.0702933619006643,0.0232530639832198,0.08960961385264478,0.09317883196691387,0.07853089519318121,0.9342251239031962,50280.27343411358,0.0,0.07889219497405923,0.08126733740457787,0.07089247983509658,0.04449247983509669,280.59410276966815,-114.33216255887949,0.018944569759853386,0.02094596697108767,0.022006264619391938,0.0414994302779251,0.0726494302779251,0.019493165658533162,0.0,41.391972096942254,0.0,False,0.0,0.0,0.0,0.0,0.0,0.07889219497405923,0.08126733740457787,0.07089247983509658,False,True,5,62.42764696134134,1.3810164889942058,1.381016488987891,381.0164889942058,560.4069799842699,1950.540891097805,1390.1339111135349,1332.437778202036,0.09750462599297152,0.15668784534991487,208.7768045293048,0.015277789758488012,-0.0083665555957997,0.0,False,stress_wide_capacity
2038Q1,2038-03-31,2038,1,2038,55482.023732995316,30502.834751812523,0.01732158534317052,0.04333573643089801,0.044405420290812195,166.2672500710553,1990.8437163811325,370.5465714456555,1174.8445744530684,278.2910117113963,126.299312429259,40.862246341754165,5.91068424521801,84.14169402040687,0.0,2080.8960946467573,2247.163344717813,0.0,0.0,89373.39753130083,91620.56087601864,1.6513557853790333,0.011987107815043573,0.15002308529054195,0.16201019310558554,91037.79683902401,582.7640369946275,19253.428271805795,46315.006920008665,15450.338565579155,61765.34548558782,7940.665420721273,2078.357660909122,0.2114882932179294,19.72445149920211,24172.34236025619,31110.45744772109,0.26551985218841034,0.34173122074484746,19976.000849901757,19976.000849901757,0,0.0,0.0,0.0,0.0,0.0,0.0,0.0,0.0,0.0,0.0,0.0,none,2028.0607800683654,22004.06162997012,2163.0216506974057,2163.0216506974057,0.0,22139.022500599163,0.2154110468670722,0.5181811771623273,0.1728613500867164,0.0702933619006643,0.0232530639832198,0.08925693162861899,0.09313268386906629,0.07911940547475148,0.9360263539989512,52361.169528760336,0.0,0.07959373120045586,0.08171367503400051,0.07108361886754526,0.04468361886754537,282.1346549245067,-115.86740485345145,0.018914470758238704,0.02333573643089801,0.022722522449731677,0.042520224665820984,0.07367022466582099,0.01979770221608931,0.0,42.46793327764578,0.0,False,0.0,0.0,0.0,0.0,0.0,0.07959373120045586,0.08171367503400051,0.07108361886754526,False,True,5,59.23506534634879,1.3856604897080649,1.3856604897020768,385.66048970806486,568.5340126632934,1996.7544006263504,1428.220387963057,1366.2447452793829,0.09849999357300827,0.15668784534991487,214.07394535846979,0.015433751759935131,-0.008353509627626994,0.0,False,stress_wide_capacity
2038Q2,2038-06-30,2038,2,2038,56330.94894234322,30637.828659301867,0.017820337396270425,0.04401796016749458,0.04534721468783871,165.54615117030892,2033.2797256419278,383.113048638342,1194.3587127961077,285.08163042931267,128.42558561946623,42.30074815869941,5.91068424521801,88.53019984326859,0.0,2127.7206097304143,2293.266760900723,0.0,0.0,91620.56087601864,93913.82763691936,1.6671799321726959,0.011755253854484251,0.1510871483388795,0.16284240219336374,93331.06359992473,582.7640369946275,19728.35288248929,47457.45990655024,15831.452304109092,63288.912210659335,8184.173965546584,2129.6245412295348,0.21138034992355106,19.595457380496917,24759.031377847783,32672.041406479104,0.2652817874655374,0.3500660996057207,20493.288700216082,20493.288700216086,0,0.0,0.0,0.0,0.0,0.0,0.0,0.0,0.0,0.0,0.0,0.0,none,2078.357660909122,22571.646361125207,2204.7365610574548,2204.7365610574548,0.0,22698.025261273542,0.2154110468670722,0.5181811771623273,0.1728613500867164,0.0702933619006643,0.0232530639832198,0.08894953234791794,0.09289271270057625,0.07989720222583199,0.9378012109418118,54488.89013849075,0.0,0.08041187429731626,0.08227037947604005,0.07137888465476393,0.04497888465476402,283.76479708758706,-118.21864591727815,0.01900922924979121,0.024017960167494582,0.02340474618632825,0.043565979285104486,0.07471597928510448,0.020161233098776234,0.0,43.49746331363151,0.0,False,0.0,0.0,0.0,0.0,0.0,0.08041187429731626,0.08227037947604005,0.07137888465476393,False,True,5,56.958950122117756,1.391412575135366,1.3914125751295223,391.41257513536607,576.7362156963856,2039.1904098871457,1462.45419419076,1395.8888618840538,0.09912056431449766,0.15668784534991487,218.7188181165573,0.0155309876523063,-0.008394578691601965,0.0,False,stress_wide_capacity
2038Q3,2038-09-30,2038,3,2038,57200.269031803764,30772.4925413514,0.017697641656126528,0.044684733489262336,0.046029438424435284,165.00134833223635,2077.4878756583335,396.5984580199564,1214.289918874412,292.05220454814366,130.61508624957546,43.932207966245855,5.91068424521801,92.59493201476378,0.0,2175.993491918315,2340.9948402505515,0.0,0.0,93913.82763691936,96254.82247716992,1.6827687020781588,0.011538501557780745,0.15216666136366924,0.16370516292145,95672.05844017529,582.7640369946275,20212.683060498188,48622.53841773153,16220.11374778158,64842.65216551311,8434.816486008383,2181.9067281556077,0.21127049412381343,19.425471394004298,25368.956614418697,34360.70459007158,0.26516578641696276,0.359150886374601,20919.45308458412,20919.45308458412,0,0.0,0.0,0.0,0.0,0.0,0.0,0.0,0.0,0.0,0.0,0.0,none,2129.6245412295348,23049.077625813654,2248.3999082357877,2248.3999082357877,0.0,23167.852992819906,0.2154110468670722,0.5181811771623273,0.1728613500867164,0.0702933619006643,0.0232530639832198,0.08874134270277317,0.09268043041887006,0.0810402886084054,0.9392532986907656,56664.883630409066,0.0,0.0815163442958479,0.08311510681838953,0.07196386934093126,0.04556386934093136,285.4413133001839,-120.43996496794753,0.019073282544835368,0.024684733489262336,0.024071519508096002,0.04460494990983309,0.07575494990983309,0.020533430401737083,0.0,44.50740624132645,0.0,False,0.0,0.0,0.0,0.0,0.0,0.0815163442958479,0.08311510681838953,0.07196386934093126,False,True,5,57.61394386014814,1.4000436891725903,1.400043689166437,400.04368917259023,585.0201772386581,2083.3985599035514,1498.3783826648933,1427.0016443398579,0.0997898554320739,0.15668784534991487,223.59381296239786,0.015635857435431156,-0.008422335559364733,0.0,False,stress_wide_capacity
2038Q4,2038-12-31,2038,4,2039,58090.965292604866,30907.110438882126,0.017613630639579547,0.045343856854088774,0.04669621174620304,171.41654175037837,2124.5078000105386,411.91600787560577,1234.9055097427959,299.04459988571983,133.15044268408428,45.49123982233301,5.922339525957902,96.78971632188806,0.0,2227.2198558583846,2398.6363976087628,0.0,0.0,96254.82247716992,98653.45887477868,1.6982582124063537,0.01180331852892795,0.15336084326640828,0.16516416179533622,98070.69483778405,582.7640369946275,20708.52626384169,49815.31204068797,16618.014072801456,66433.32611348943,8693.410744137813,2235.4317163151327,0.21115916735468301,19.255470951319428,26750.814399957548,35992.370385113936,0.2727707236520075,0.3670043374796915,21421.604939129495,21421.604939129495,0,0.0,0.0,0.0,0.0,0.0,0.0,0.0,0.0,0.0,0.0,0.0,none,2181.9067281556077,23603.511667285104,2301.8466812868746,2301.8466812868746,0.0,23723.45162041637,0.2154110468670722,0.5181811771623273,0.1728613500867164,0.0702933619006643,0.0232530639832198,0.08850210345170206,0.09255514886588233,0.0818967430622018,0.9406691607113647,58892.10348626745,0.0,0.08239722176994672,0.0837398383207251,0.07233245487150357,0.04593245487150367,294.0026776602604,-122.58613590988206,0.019116306749113604,0.025343856854088773,0.02473064287292155,0.04562953379688611,0.07677953379688611,0.020898890923964557,0.0,45.499539990641466,0.0,False,0.0,0.0,0.0,0.0,0.0,0.08239722176994672,0.0837398383207251,0.07233245487150357,False,True,5,56.17687973060612,1.406472299148645,1.4064722991425203,406.47229914864494,593.4024500340859,2130.4301395364964,1537.0276895024106,1460.6028259308953,0.10057349321525796,0.15668784534991487,228.85870970710874,0.015758643951213052,-0.008440977717785495,0.0,False,stress_wide_capacity
2039Q1,2039-03-31,2039,1,2039,58992.418852775074,31040.86926815561,0.017423777410189967,0.045318314692953006,0.04735533511102859,171.0260889039355,2171.7808622667726,426.58125777263245,1256.1696445546097,306.239876711434,135.82981774083564,46.96026548726166,5.922339525957902,101.14106854990841,0.0,2278.844270342639,2449.8703592465745,0.0,0.0,98653.45887477868,101103.32923402525,1.7138359674036188,0.011596479156466406,0.15451777124310537,0.16611425039957178,100520.56519703062,582.7640369946275,21214.468499158014,51032.3793493768,17024.018588979492,68056.3979383563,8959.651890725352,2290.046868790965,0.21104605269156096,19.121628563369242,28183.323161070046,37796.402694458244,0.28037370368767667,0.37600666709715985,22004.958683117628,22004.958683117628,0,0.0,0.0,0.0,0.0,0.0,0.0,0.0,0.0,0.0,0.0,0.0,none,2235.4317163151327,24240.39039943276,2348.729290696666,2348.729290696666,0.0,24353.687973814292,0.2154110468670722,0.5181811771623273,0.1728613500867164,0.0702933619006643,0.0232530639832198,0.08821983786454105,0.0923979471712264,0.08242986437922571,0.942302502861821,61170.94775661009,0.0,0.08302898669554634,0.08411861806591667,0.07245824943628708,0.04605824943628718,295.8291588925377,-124.80306998860219,0.019165549575841268,0.025318314692953005,0.025380426968153243,0.04664147451851831,0.07779147451851831,0.021261047550365068,0.0,46.47722067449931,0.0,False,0.0,0.0,0.0,0.0,0.0,0.08302898669554634,0.08411861806591667,0.07245824943628708,False,True,5,52.375121770280316,1.41043915440852,1.4104391544027908,410.43915440852,601.9138894719133,2177.7032017927304,1575.789312320817,1494.047286819969,0.10130435848366216,0.15668784534991487,234.0990502227072,0.01587316165536039,-0.008462312440523454,0.0,False,stress_wide_capacity
2039Q2,2039-06-30,2039,2,2039,59916.79830895176,31175.091777723777,0.01740873936857046,0.04595768455853676,0.04817712044479628,170.65760323271007,2219.0052802037585,440.35395569241945,1277.9042271739445,313.8312691451593,138.39842238423805,48.51740580799788,5.922339525957902,106.01600194912317,0.0,2330.9436216788395,2501.6012249115497,0.0,0.0,101103.32923402525,103604.93045893681,1.7291466397238704,0.011392972124627913,0.155612027842989,0.16700499996761695,103022.16642194218,582.7640369946275,21730.504019895638,52273.72652020416,17438.12268486857,69711.84920507274,9234.061631716057,2345.7515652577663,0.21093037328389325,19.005998509587833,29673.381647622595,39494.52742189701,0.28802909779717667,0.38335951177867356,22568.30504966528,22568.305049665283,0,0.0,0.0,0.0,0.0,0.0,0.0,0.0,0.0,0.0,0.0,0.0,none,2290.046868790965,24858.351918456246,2395.5852229624265,2395.5852229624265,0.0,24963.89027262771,0.2154110468670722,0.5181811771623273,0.1728613500867164,0.0702933619006643,0.0232530639832198,0.08796851604508975,0.09222025186859564,0.08307117410766333,0.9440090418158047,63501.89137828893,1.4551915228366852e-11,0.08374482591461152,0.08458524040393198,0.07267565489325253,0.04627565489325264,297.71139361523296,-127.05379038252288,0.019211028632623504,0.025957684558536757,0.026019796833736994,0.047638342042717774,0.07878834204271777,0.021618545208980777,0.0,47.43134287258339,0.0,False,0.0,0.0,0.0,0.0,0.0,0.08374482591461152,0.08458524040393198,0.07267565489325253,False,True,5,49.564838718937494,1.4152817684704977,1.4152817684650145,415.2817684704977,610.561142459098,2224.9276197297163,1614.3664772706184,1527.0378229363178,0.10194388659169551,0.15668784534991487,239.26826624371643,0.015973367936648844,-0.008482014658219189,0.0,False,stress_wide_capacity
2039Q3,2039-09-30,2039,3,2039,60863.909903153566,31309.427984688,0.017348080931196108,0.04658722159641249,0.04881649031037914,170.38442367821932,2267.910719720699,454.95431904573155,1300.1605801125434,321.63101931413075,140.90225037610327,50.262550872190886,5.922339525957902,110.6874741089946,0.0,2384.5205333556514,2554.9049570338707,0.0,0.0,103604.93045893681,106159.83541597068,1.744216491922583,0.011197731065870358,0.15671162349904183,0.16790935456491218,105577.07137897605,582.7640369946275,22257.015466663284,53540.27401274691,17860.63341887252,71400.90743161943,9516.56136991622,2402.5871107771222,0.21081296512545059,18.868292416255905,31280.12326582249,41393.45573189336,0.29627761840011996,0.39206861102737683,23047.065271878015,23047.065271878015,0,0.0,0.0,0.0,0.0,0.0,0.0,0.0,0.0,0.0,0.0,0.0,none,2345.7515652577663,25392.816837135782,2444.217482924876,2444.217482924876,0.0,25491.28275480289,0.2154110468670722,0.5181811771623273,0.1728613500867164,0.0702933619006643,0.0232530639832198,0.08781060967951665,0.09206204850649426,0.084073856713514,0.9456854731327697,65886.41191164458,0.0,0.08470822523001104,0.08530410004695752,0.0731499748639041,0.0467499748639042,299.64620896161335,-129.26178528339403,0.01924131722858103,0.026587221596412487,0.026649333871612724,0.048616500732213686,0.07976650073221368,0.02196716686060096,0.0,48.36505504083974,0.0,False,0.0,0.0,0.0,0.0,0.0,0.08470822523001104,0.08530410004695752,0.0731499748639041,False,True,5,49.417244977973496,1.4226434451490233,1.422643445143372,422.6434451490233,619.2375005699652,2273.833059246657,1654.5955586766918,1561.4259110831565,0.10261752250670006,0.15668784534991487,244.65646168114756,0.016078918496721228,-0.008495135162303895,0.0,False,stress_wide_capacity
2039Q4,2039-12-31,2039,4,2040,61835.119236885505,31444.331369868964,0.01734656828345149,0.04720689663693764,0.04944602734825576,174.60329714192125,2318.3397862303177,471.3380697744882,1323.1528972769752,329.66961648250077,143.78017010545025,50.399032590904355,5.935451716790281,115.51859850160442,0.0,2439.7938364487127,2614.397133590634,0.0,0.0,106159.83541597068,108774.2325495613,1.7591012015818346,0.011294765776906142,0.15782577063380784,0.16912053641071398,108191.46851256667,582.7640369946275,22795.30150790047,54835.14583364502,18292.592936150726,73127.73876979575,9807.734541630642,2460.6936932398426,0.2106940761715675,18.926493387695615,32065.94858798592,42273.9300429428,0.29638148949111814,0.3907325653688912,24351.718856209478,24351.718856209478,0,0.0,0.0,0.0,0.0,0.0,0.0,0.0,0.0,0.0,0.0,0.0,none,2402.5871107771222,26754.3059669866,2498.8785350890294,2498.8785350890294,0.0,26850.597391298506,0.2154110468670722,0.5181811771623273,0.1728613500867164,0.0702933619006643,0.0232530639832198,0.08680193821495587,0.09192907381172033,0.08227033027237671,0.9473388840908582,68326.20574809329,-1.4551915228366852e-11,0.08290793801370666,0.08326348451068538,0.0708690310076642,0.04446903100766431,306.1280051037249,-131.52470796180364,0.01927122784749774,0.02720689663693764,0.027269008912137876,0.049577814012084685,0.08072781401208469,0.022308805099946812,0.0,49.27658953418188,0.0,False,0.0,0.0,0.0,0.0,0.0,0.08290793801370666,0.08326348451068538,0.0708690310076642,False,True,4,21.80124001621965,1.402407389989475,1.402407389318456,402.40738998947484,628.0221623600976,2324.275237947108,1696.2530755870105,1596.9587614423574,0.10330432163150091,0.15668784534991487,250.2240274430717,0.016186531571774482,-0.008508091167929523,0.0,False,stress_wide_capacity
2040Q1,2040-03-31,2040,1,2040,62833.5813505452,31582.907243961905,0.01774496360540523,0.04758068899434905,0.0500657023887818,174.32958606954503,2349.8180099139154,472.4778611051915,1341.3419151940386,337.6064566352825,146.5419842324555,51.8497927469482,5.935451716790281,120.51812332382339,0.0,2476.2715849545293,2650.6011710240746,0.0,0.0,108774.2325495613,111424.83372058537,1.7733325289696948,0.011097860877734761,0.15764000916258725,0.16873787004032204,110842.06968359074,582.7640369946275,23340.30934586621,56146.18724562079,18729.946507607707,74876.1337532285,10106.100708265194,2519.525876230876,0.21057265903184008,19.00277235629513,32984.70817738911,43275.12787751781,0.2975829328299905,0.39042150693370115,25019.97254058313,25019.972540583127,0,0.0,0.0,0.0,0.0,0.0,0.0,0.0,0.0,0.0,0.0,0.0,none,2460.6936932398426,27480.66623382297,2530.083047700251,2530.083047700251,0.0,27550.05558828338,0.2154110468670722,0.5181811771623273,0.1728613500867164,0.0702933619006643,0.0232530639832198,0.08630589413356998,0.09106096276344691,0.08255499324347552,0.949253787292395,70802.47733304782,0.0,0.08328483868494951,0.08340388865199454,0.07077293861903965,0.044372938619039744,308.209519529489,-133.87993345994397,0.019305249200278818,0.02758068899434905,0.02787810776760998,0.050523800131819535,0.08167380013181953,0.02264569236420955,0.0,50.130990601499704,0.0,False,0.0,0.0,0.0,0.0,0.0,0.08328483868494951,0.08340388865199454,0.07077293861903965,False,True,4,16.110385531299755,1.403978818700471,1.403978818205649,403.9788187004709,636.943463524977,2355.7534616307057,1718.8099981057287,1613.089536811674,0.10268964474982467,0.15668784534991487,252.75152387951337,0.016090219175598226,-0.008522826844011004,0.0,False,stress_wide_capacity
2040Q2,2040-06-30,2040,2,2040,63844.73750200413,31715.859943893724,0.016945189008690686,0.04817940050984671,0.050124445321773035,175.4038955417516,2393.6724363731855,485.9734746818217,1359.234208027115,345.60839750579265,149.49218146730405,53.36417469115193,5.935451716790281,124.3275405403503,0.0,2523.935428630326,2699.339324172078,0.0,0.0,111424.83372058537,114124.17304475745,1.787526701651409,0.010989403506357626,0.15812958294650975,0.16911898645286738,113541.40900776282,582.7640369946275,23894.995329873367,57480.50988286994,19175.06652101549,76655.57640388544,10411.434484010846,2579.4027899932094,0.21045181259147197,19.109598722830285,33744.519727683626,44101.89869645161,0.2972001142365295,0.3884212736292216,25668.11923317784,25668.11923317784,0,0.0,0.0,0.0,0.0,0.0,0.0,0.0,0.0,0.0,0.0,0.0,none,2519.525876230876,28187.645109408717,2575.0117836317277,2575.0117836317277,0.0,28243.131016809566,0.2154110468670722,0.5181811771623273,0.1728613500867164,0.0702933619006643,0.0232530639832198,0.08584907867922349,0.09060584949884604,0.08297817863751501,0.9513045875492707,73326.41276167815,0.0,0.08372097896606308,0.08361991559740124,0.0707688522287395,0.04436885222873961,310.2885254949378,-134.8846299531862,0.019138955785625772,0.02817940050984671,0.028476819283107642,0.051404253474646944,0.08255425347464694,0.0229274341915393,0.0,50.98685271098462,0.0,False,0.0,0.0,0.0,0.0,0.0,0.08372097896606308,0.08361991559740124,0.0707688522287395,False,True,4,11.66725491416139,1.4062948797981836,1.406294879439368,406.29487979818356,645.9057451507801,2399.607888089976,1753.7021429391957,1641.414037108083,0.10283785955304824,0.15668784534991487,257.18962880157073,0.016113442633764286,-0.008450790792205986,0.0,False,stress_wide_capacity
2040Q3,2040-09-30,2040,3,2040,64883.17521060803,31850.305705383667,0.017064404724156157,0.04876817907620128,0.050723156837270696,176.3147810432515,2439.0774986632737,500.12810035162596,1377.0432739174976,354.66806060369635,152.25627990359058,54.981783886864335,5.935451716790281,129.58573884874224,0.0,2574.598689228806,2750.9134702720576,0.0,0.0,114124.17304475745,116875.08651502951,1.801315766925061,0.010869676489841393,0.15872211437691008,0.16959179086675147,116292.32247803488,582.7640369946275,24459.65828068095,58838.83257246712,19628.192771689075,78467.0253441562,10725.282161744775,2640.3566914529847,0.21032908931112673,19.221564309847473,34602.53727279004,44927.71167278128,0.2975479080257058,0.38633428858785723,26292.34992555378,26292.34992555378,0,0.0,0.0,0.0,0.0,0.0,0.0,0.0,0.0,0.0,0.0,0.0,none,2579.4027899932094,28871.752715546987,2621.3277314233155,2621.3277314233155,0.0,28913.677656977095,0.2154110468670722,0.5181811771623273,0.1728613500867164,0.0702933619006643,0.0232530639832198,0.08543272173121814,0.09023850497366916,0.08347689781046133,0.9534156861871896,75901.01145090695,0.0,0.0842628121519696,0.08394982139977397,0.07088683064757846,0.04448683064757857,312.4345693466921,-136.11978830344063,0.019002551537447728,0.028768179076201283,0.029065597849462214,0.052251963008782064,0.08340196300878207,0.023186365159319853,0.0,51.80487801887503,0.0,False,0.0,0.0,0.0,0.0,0.0,0.0842628121519696,0.08394982139977397,0.07088683064757846,False,True,4,8.608491431875336,1.409743935657613,1.4097439353908978,409.7439356576129,655.5052821377033,2445.012950380064,1789.5076682423608,1670.2289016519837,0.10296838255714161,0.15668784534991487,261.7045678410042,0.016133894002044274,-0.008391684769532415,0.0,False,stress_wide_capacity
2040Q4,2040-12-31,2040,4,2041,65949.00379661954,31986.09250964514,0.017162487810190807,0.049335204466349585,0.05131193540362438,187.65274886628845,2486.2820149174845,515.2598977515967,1394.9619772068957,364.1534221180429,155.06377051157327,56.84294732937622,5.957305368177581,135.01291261409676,0.0,2627.252232899759,2814.904981766047,0.0,0.0,116875.08651502951,119689.99149679556,1.8148870279512959,0.011381688156806232,0.15935053339103986,0.17073222154784606,119107.22745980092,582.7640369946275,25036.936636787734,60227.50219952827,20091.44253284936,80318.94473237763,11048.673697430488,2702.672393205098,0.21020501585630294,19.296943863452316,35275.578512671105,45525.77760345507,0.2961665657491417,0.38222514766217836,26798.066370783326,26798.066370783323,0,0.0,0.0,0.0,0.0,0.0,0.0,0.0,0.0,0.0,0.0,0.0,none,2640.3566914529847,29438.423062236307,2679.89206915195,2679.89206915195,0.0,29477.95843993527,0.2154110468670722,0.5181811771623273,0.1728613500867164,0.0702933619006643,0.0232530639832198,0.0851308109643031,0.08991658740075142,0.08440885423381274,0.9555263212668181,78528.26368380671,0.0,0.08511404286910289,0.08459576008129732,0.07132747729349186,0.04492747729349196,325.20948619759855,-137.5567373313101,0.0188907288684917,0.029335204466349584,0.029632623239610516,0.05307313115122184,0.08422313115122185,0.02344050791161133,0.0,52.58744294355595,0.0,False,0.0,0.0,0.0,0.0,0.0,0.08511404286910289,0.08459576008129732,0.07132747729349186,False,True,4,8.90911717881039,1.416348624051821,1.4163486237684988,416.34862405182105,665.3773165399596,2492.239320285662,1826.8620037457024,1700.2214390815018,0.10312340391523263,0.15668784534991487,266.40403390741204,0.016158183964626777,-0.008343218512020106,0.0,False,stress_wide_capacity
2041Q1,2041-03-31,2041,1,2041,67057.0582749758,32119.796203631435,0.01682535823266962,0.051232218744331946,0.05187896079377446,188.35146854255777,2537.1578491775545,532.7487245536411,1413.5213699403503,373.90361782794224,158.55775587411375,58.42638098150705,5.957305368177581,140.59208259194995,0.0,2683.7072371376817,2872.0587056802397,0.0,0.0,119689.99149679556,122562.0502024758,1.8277278090532227,0.011235295635558551,0.1600849966387017,0.1713202922742603,121979.28616548117,582.7640369946275,25625.32472154965,61642.89678965976,20563.607541033205,82206.50433069296,11381.26975187877,2766.187361359799,0.2100793136859768,19.43017561889186,35947.762502453115,46084.2082822842,0.2947038274489095,0.3778035577267178,27639.530686961334,27639.53068696133,0,0.0,0.0,0.0,0.0,0.0,0.0,0.0,0.0,0.0,0.0,0.0,none,2702.672393205098,30342.20308016643,2731.46662308829,2731.46662308829,0.0,30370.99731004962,0.2154110468670722,0.5181811771623273,0.1728613500867164,0.0702933619006643,0.0232530639832198,0.08468951248854131,0.08968860983533555,0.08454025200410377,0.9580520617643077,81211.9709209444,0.0,0.08547201359424733,0.08475412391527139,0.07128623423629557,0.044886234236295675,327.55712566323615,-139.20565712067838,0.01879960095997409,0.031232218744331946,0.030180123867065166,0.053871558715903316,0.08502155871590332,0.023691434848838153,0.0,53.32899245667815,0.0,False,0.0,0.0,0.0,0.0,0.0,0.08547201359424733,0.08475412391527139,0.07128623423629557,False,True,4,4.5045487834401,1.4180735399810267,1.4180735398400333,418.07353998102667,675.365036419604,2543.115154545732,1867.7501181261277,1733.405318033843,0.10339882855736374,0.15668784534991487,271.6035444008068,0.01620133965835857,-0.008303713923736307,0.0,False,stress_wide_capacity
2041Q2,2041-06-30,2041,2,2041,68194.29057857074,32254.990942691096,0.016942910066918282,0.05176205999910014,0.053018701883980966,188.8622575847188,2585.2139250203472,547.5620257393235,1431.6765835362833,383.67035651949317,161.96147900401326,60.343480221234366,5.957305368177581,147.9452441713964,0.0,2739.1164745599212,2927.97873214464,0.0,0.0,122562.0502024758,125490.02893462044,1.840183802338054,0.011077892649509669,0.16066544288800955,0.17174333553751922,124907.2648976258,582.7640369946275,26224.174645519484,63083.457815008434,21044.167883050544,84127.62569805898,11724.632896116234,2830.8316579311345,0.20994915441478013,19.5092967606119,36615.70884398264,46622.868559717725,0.29314314803060443,0.37325986281046103,28154.99526239576,28154.995262395765,0,0.0,0.0,0.0,0.0,0.0,0.0,0.0,0.0,0.0,0.0,0.0,none,2766.187361359799,30921.182623755565,2780.0334879732436,2780.0334879732436,0.0,30935.02875036901,0.2154110468670722,0.5181811771623273,0.1728613500867164,0.0702933619006643,0.0232530639832198,0.08435791738313676,0.08939525636311818,0.08549418668713778,0.9599346930368161,83951.08739550432,0.0,0.0862587028111802,0.08534551936700806,0.07168233592283602,0.04528233592283613,329.97281233871263,-141.11055475399382,0.018737922309445963,0.031762059999100145,0.03070996512183336,0.05465273377668817,0.08580273377668816,0.023942768654854802,0.0,54.0335005648561,0.0,False,0.0,0.0,0.0,0.0,0.0,0.0862587028111802,0.08534551936700806,0.07168233592283602,False,True,4,4.559690344920398,1.4241257194922776,1.4241257193456187,424.1257194922776,685.3137512053354,2591.1712303885247,1905.8574791831893,1763.474204412522,0.10343823152647758,0.15668784534991487,276.31497341955344,0.016207513624689408,-0.008276971784986127,0.0,False,stress_wide_capacity
2041Q3,2041-09-30,2041,3,2041,69357.72258897261,32390.0287380646,0.01685174028876979,0.052275836754262804,0.05354854313874916,189.55687734932334,2636.5868185948175,565.515821804088,1449.8907653003944,393.56994193391444,165.64513463461458,61.9651549218068,5.957305368177581,153.9023688040914,0.0,2796.4464927670865,2986.0033701164098,0.0,0.0,125490.02893462044,128476.03230473684,1.8523680926796122,0.010932128119181442,0.16127671949895897,0.1722088476181404,127893.26826774221,582.7640369946275,26834.240487045456,64550.99924571106,21533.728685719332,86084.72793143039,12077.61316554481,2896.686683721591,0.20981745834243962,19.61582715698458,37194.79588873777,47147.26105131505,0.2908268464206509,0.3686453688290546,28917.393290814438,28917.393290814438,0,0.0,0.0,0.0,0.0,0.0,0.0,0.0,0.0,0.0,0.0,0.0,none,2830.8316579311345,31748.224948745574,2832.101001312318,2832.101001312318,0.0,31749.494292126758,0.2154110468670722,0.5181811771623273,0.1728613500867164,0.0702933619006643,0.0232530639832198,0.08389091064557891,0.0891368506807507,0.0856397734680071,0.9617572873629772,86747.53388827141,0.0,0.08655752712910236,0.08545564534682668,0.07160376356455109,0.045203763564551185,332.43945004503723,-142.8825726957139,0.01865341533204774,0.03227583675426281,0.031223741876995136,0.055407527129102366,0.08655752712910236,0.024183785252107227,0.0,54.71392368418848,0.0,False,0.0,0.0,0.0,0.0,0.0,0.08655752712910236,0.08545564534682668,0.07160376356455109,False,True,1,0.0,1.4250386362223664,1.4253605360217476,425.03863622236634,695.3379214226904,2642.544123962995,1947.2062025403045,1796.46250450248,0.10360562241345017,0.15668784534991487,281.4838390824053,0.016233741742100353,-0.008240326663691878,0.0,False,stress_wide_capacity
2041Q4,2041-12-31,2041,4,2042,70550.04341253432,32525.93859679309,0.016890096652569353,0.05277563725528877,0.054062319893911824,211.1704574515948,2685.445444753957,580.6763747365735,1467.8970437337607,403.7629884229111,168.734072517488,64.37496534322322,5.987900480119798,160.02724032065674,0.0,2851.4605855547334,3062.631043006328,0.0,0.0,128476.03230473684,131538.66334774316,1.8644731737241322,0.011972803827592094,0.16167023846497744,0.17364304229256952,130955.89931074854,582.7640369946275,27459.49341082232,66055.07390102255,22035.476697818413,88090.55059884096,12441.674185421884,2964.1811156633776,0.20968504325004098,19.637519919431863,37746.80557835332,47916.42194229009,0.28824058921380075,0.3658973913698077,29266.126290449367,29266.126290449363,0,0.0,0.0,0.0,0.0,0.0,0.0,0.0,0.0,0.0,0.0,0.0,none,2896.686683721591,32162.812974170956,2902.6038026856713,2902.6038026856713,0.0,32168.730093135033,0.2154110468670722,0.5181811771623273,0.1728613500867164,0.0702933619006643,0.0232530639832198,0.08375818940962217,0.08877797778783371,0.0870720748782255,0.9634665143099569,89598.99447382614,0.0,0.08789461978057753,0.08660935716149355,0.07257409454240968,0.046174094542409776,355.9364060391734,-144.76594858757858,0.018578520513071344,0.03277563725528877,0.03172354237802199,0.05614105047633551,0.08729105047633551,0.024417508098313518,0.0,55.359490681647536,0.0,False,0.0,0.0,0.0,0.0,0.0,0.08789461978057753,0.08660935716149355,0.07257409454240968,False,True,4,6.035693042420178,1.4370274476298635,1.4370274474261886,437.02744762986345,705.6216194470069,2691.4333452340766,1985.8117257870697,1826.3095181898004,0.10354689691744842,0.15668784534991487,286.160503347201,0.016224540170664735,-0.008207844621218683,0.0,False,stress_wide_capacity
2042Q1,2042-03-31,2042,1,2042,71727.15322634975,32660.694240958168,0.016675356176678147,0.05090374600978124,0.05456212039493779,212.30351400209523,2744.5096950502434,603.3854331778755,1488.2973119219403,414.2426487824024,172.6345940294528,65.94970713857285,5.987900480119798,166.3451453674341,0.0,2916.8427408977973,3129.1462548998925,0.0,0.0,131538.66334774316,134667.80960264307,1.8775011072539176,0.011839505930599415,0.1626632375437013,0.1745027434743007,134085.04556564844,582.7640369946275,28097.71349948563,67590.34166765795,22547.630497650618,90137.97216530857,12816.284581421383,3033.075319432891,0.20955143342759208,19.708845758298953,38272.666210794676,48558.30694009892,0.285435754966845,0.3621455825685246,30151.75360895359,30151.753608953593,0,0.0,0.0,0.0,0.0,0.0,0.0,0.0,0.0,0.0,0.0,0.0,none,2964.1811156633776,33115.93472461697,2962.801109532458,2962.801109532458,0.0,33114.55471848605,0.2154110468670722,0.5181811771623273,0.1728613500867164,0.0702933619006643,0.0232530639832198,0.08330584769742232,0.08869917533483412,0.08694849160806833,0.9654727782149044,92515.83721472394,2.9103830456733704e-11,0.08799551621873608,0.08653413716405196,0.07232275810936795,0.04592275810936804,358.6806673255743,-146.37715332347906,0.018475134571120058,0.030903746009781238,0.03220827645038441,0.056845516218736084,0.08799551621873608,0.02463723976835167,0.0,56.02117055766942,0.0,False,0.0,0.0,0.0,0.0,0.0,0.08799551621873608,0.08653413716405196,0.07232275810936795,False,True,1,0.0,1.4350993555636404,1.4363998991128817,435.0993555636404,716.0947765068472,2750.497595530363,2034.4028190235158,1865.764122399486,0.10404785571297857,0.15668784534991487,292.3425602699503,0.016303034324945443,-0.008162998069172266,0.0,False,stress_wide_capacity
2042Q2,2042-06-30,2042,2,2042,72937.55077400609,32798.47527199764,0.016981309763890895,0.05137429171155694,0.05492377394366924,212.87821494754468,2795.389603029782,618.1182009883469,1508.1812999399422,424.63110564936704,176.44685754335006,68.01213890877636,5.987900480119798,172.4670434030795,0.0,2973.844546912981,3186.7227618605257,0.0,0.0,134667.80960264307,137854.5323645036,1.8900351177357193,0.011674546934384392,0.1630899044651122,0.17476445139949662,137271.76832750897,582.7640369946275,28747.017479323607,69152.2722441165,23068.678810649777,92220.95105476628,13200.633792903138,3103.1660005159674,0.209416822042663,19.724855032089213,38793.70095007135,49244.49510808269,0.2826050936964376,0.3587372386038841,30694.79781310085,30694.79781310085,0,0.0,0.0,0.0,0.0,0.0,0.0,0.0,0.0,0.0,0.0,0.0,none,3033.075319432891,33727.87313253374,3014.255718457446,3014.255718457446,0.0,33709.0535315583,0.2154110468670722,0.5181811771623273,0.1728613500867164,0.0702933619006643,0.0232530639832198,0.0829960646854688,0.08833126656437768,0.08780667326215345,0.9668839341432499,95489.68176163692,0.0,0.08869396634897012,0.08705797476172748,0.07267198317448495,0.04627198317448506,361.51373264050204,-148.63551769295736,0.018448366501925297,0.03137429171155694,0.032678822152161,0.05754396634897012,0.08869396634897012,0.024865144196809113,0.0,56.63631080544154,0.0,False,0.0,0.0,0.0,0.0,0.0,0.08869396634897012,0.08705797476172748,0.07267198317448495,False,True,1,0.0,1.4407229038348262,1.4417618623185047,440.7229038348261,726.627586214702,2801.3775035099015,2074.7499172951993,1896.5398500331303,0.10400896821498593,0.15668784534991487,297.1647427219419,0.016296941126673927,-0.008151385184484642,0.0,False,stress_wide_capacity
2042Q3,2042-09-30,2042,3,2042,74173.01742560424,32935.33746806215,0.016796053215053286,0.0518292233427827,0.05539431964544583,213.82730765388297,2851.1906128406613,637.4217502360959,1528.2352343422262,435.04288162421074,180.3854923632519,70.10525427487725,5.987900480119798,179.13076534600327,0.0,3036.309278666784,3250.136586320667,0.0,0.0,137854.5323645036,141104.66895082427,1.9023719655513904,0.011531271887022928,0.16374198510730462,0.17527325699432755,140521.90491382964,582.7640369946275,29408.546058154632,70743.6096555015,23599.53702298762,94343.14667848911,13595.635881821954,3174.576295363933,0.20928086675304067,19.743003369293554,39402.1896061695,50045.593791820014,0.2803989145345815,0.35614087228968894,31411.469074632278,31411.469074632278,0,0.0,0.0,0.0,0.0,0.0,0.0,0.0,0.0,0.0,0.0,0.0,none,3103.1660005159674,34514.635075148246,3071.005820974664,3071.005820974664,0.0,34482.47489560694,0.2154110468670722,0.5181811771623273,0.1728613500867164,0.0702933619006643,0.0232530639832198,0.08268077482099132,0.08810183391398188,0.08836135931501529,0.9681818728897728,98525.9910403037,0.0,0.08936610257165843,0.08756207692874372,0.07300805128582911,0.04660805128582922,364.39198794984907,-150.5646802959661,0.018375216238538536,0.031829223342782695,0.033133753783384984,0.058216102571658435,0.08936610257165843,0.025082348788273447,0.0,57.23461386215456,0.0,False,0.0,0.0,0.0,0.0,0.0,0.08936610257165843,0.08756207692874372,0.07300805128582911,False,True,1,0.0,1.4439065151763295,1.4469218151042729,443.90651517632944,737.0346260615829,2857.178513320781,2120.143887259198,1932.0742235592322,0.10419283403143784,0.15668784534991487,302.73254714560585,0.01632575066528728,-0.008119647037252216,0.0,False,stress_wide_capacity
2042Q4,2042-12-31,2042,4,2043,75438.2519447347,33073.15559347508,0.016843378937940745,0.052273450257229626,0.055849251276668926,227.12003261516276,2908.0557941956517,657.031785879097,1548.9363253540366,445.54895751875574,183.8605052611789,72.67822018258155,6.009754131507097,185.97564246897159,0.0,3100.0411907961306,3327.1612234112936,0.0,0.0,141104.66895082427,144431.83017423557,1.914570214061228,0.012042698591772705,0.1643750278342711,0.1764177264260438,143849.06613724094,582.7640369946275,30085.19213254917,72371.31289751951,24142.526603382237,96513.83950090175,14002.416019129254,3247.618484660752,0.20914416019806503,19.680214360096816,40297.66833074881,50895.79756863951,0.2801385466924223,0.35381388934483426,31764.703295256233,31764.703295256233,0,0.0,0.0,0.0,0.0,0.0,0.0,0.0,0.0,0.0,0.0,0.0,none,3174.576295363933,34939.279590620165,3141.185580942322,3141.185580942322,0.0,34905.88887619856,0.2154110468670722,0.5181811771623273,0.1728613500867164,0.0702933619006643,0.0232530639832198,0.08258637043772984,0.0878791953192282,0.08966120174331015,0.9694367735505316,101626.03223109983,0.0,0.0905753327947656,0.08860782859389492,0.07389032439302433,0.047490324393024426,379.75139142348837,-152.63135880832561,0.01831391997711406,0.03227345025722962,0.0335779806978328,0.05887001680348233,0.09002001680348233,0.02529203610564953,0.0,57.80554696742228,0.0,False,0.0,0.0,0.0,0.0,0.0,0.0905753327947656,0.08860782859389492,0.07389032439302433,False,True,4,5.553159912832598,1.4574950387834043,1.4574950385819847,457.49503878340425,747.4908697561533,2914.065548327159,2166.5746785710057,1968.2561743742149,0.10436382729632386,0.15668784534991487,308.401819059362,0.016352543231531614,-0.008093048546254322,0.0,False,stress_wide_capacity
2043Q1,2043-03-31,2043,1,2043,76778.61749104146,33211.18617848558,0.016798771545111668,0.055260477023571015,0.05629347819111852,227.97053879883734,2972.6170848517995,681.2440724000262,1572.429076284691,456.39836779155854,188.12933619449166,74.41623218103089,6.009754131507097,193.03273454069958,0.0,3171.659573524006,3399.6301123228436,0.0,0.0,144431.83017423557,147831.4602865584,1.9254248789229294,0.01187677227063574,0.16523660764764753,0.17711337991828327,147248.69624956377,582.7640369946275,30775.92863057843,74032.91130142428,24696.823355290184,98729.73465671446,14420.851263616114,3322.1816986547456,0.20900645923830788,19.66426783865178,41106.04042145875,51771.31800406589,0.2791606409321979,0.3515910111443127,32670.970632393866,32670.970632393863,0,0.0,0.0,0.0,0.0,0.0,0.0,0.0,0.0,0.0,0.0,0.0,none,3247.618484660752,35918.58911705462,3206.597377782144,3206.597377782144,0.0,35877.56801017601,0.2154110468670722,0.5181811771623273,0.1728613500867164,0.0702933619006643,0.0232530639832198,0.08221246982189426,0.08783824368071413,0.089525427231626,0.9710757130867866,104797.69180462384,0.0,0.09065637224017027,0.0885297791801276,0.07365318612008503,0.04725318612008514,382.8534275386106,-154.88288873977328,0.018258653179151044,0.03526047702357102,0.03400893405818845,0.05950637224017027,0.09065637224017027,0.02549743818198182,0.0,58.327095479543026,0.0,False,0.0,0.0,0.0,0.0,0.0,0.09065637224017027,0.0885297791801276,0.07365318612008503,False,True,1,0.0,1.4560039015197674,1.4568271443302458,456.0039015197674,758.0986165025424,2978.6268389833067,2220.5282224807643,2011.5597773109391,0.10479791603674804,0.15668784534991487,315.18696729940564,0.01642055966095934,-0.008069063695128142,0.0,False,stress_wide_capacity
2043Q2,2043-06-30,2043,2,2043,78154.06540030232,33351.29402221025,0.016981862364589206,0.05567913354103409,0.05632451083495044,228.4588969626111,3029.5587229539037,697.5085104926579,1595.7155747501427,467.41936700929966,192.26740231657,76.64786838523231,6.009754131507097,198.90852198411017,0.0,3234.4769990695213,3462.9358960321324,0.0,0.0,147831.4602865584,151294.39618259054,1.9358480637912572,0.01169274538912098,0.16554363397490052,0.1772363793640215,150711.6321455959,582.7640369946275,31479.036184224897,75724.26884839854,25261.047533888122,100985.31638228666,14849.19924305786,3398.080336026464,0.20886932041061287,19.600056701341643,41975.92697901837,52679.84087715403,0.27851816333902657,0.3495406434605017,33242.27274189681,33242.272741896806,0,0.0,0.0,0.0,0.0,0.0,0.0,0.0,0.0,0.0,0.0,0.0,none,3322.1816986547456,36564.45444055155,3264.027374048022,3264.027374048022,0.0,36506.300115944825,0.2154110468670722,0.5181811771623273,0.1728613500867164,0.0702933619006643,0.0232530639832198,0.08197637544947116,0.08751796113762983,0.09032111577986127,0.9722452521878602,108032.16880369336,0.0,0.09128618460726509,0.08900213845544871,0.07396809230363244,0.04756809230363255,386.03645610884365,-157.57755914623255,0.018249222221765282,0.035679133541034094,0.03442759057565153,0.060136184607265095,0.09128618460726509,0.025708594031613564,0.0,58.81040721545985,0.0,False,0.0,0.0,0.0,0.0,0.0,0.09128618460726509,0.08900213845544871,0.07396809230363244,False,True,1,0.0,1.461358593183097,1.461662179206218,461.358593183097,768.8656999804106,3035.568477085411,2266.702777105,2046.6120553664778,0.1047475672511112,0.15668784534991487,320.6792332225341,0.016412670618221922,-0.00806497055983593,0.0,False,stress_wide_capacity
2043Q3,2043-09-30,2043,3,2043,79557.59415874262,33490.21417065837,0.016765831013323185,0.056086100920270124,0.05674316735241352,229.40363742133147,3091.906482668861,718.4002770929828,1619.303708308514,478.6334111854077,196.6567926493915,78.91229343256451,6.009754131507097,206.30815687305028,0.0,3304.2243936734185,3533.62803109475,0.0,0.0,151294.39618259054,154828.02421368528,1.9461124465975466,0.011533965542678352,0.16612993032848344,0.1776638958711618,154245.26017669064,582.7640369946275,32195.77764159261,77448.42337761837,25836.21253951645,103284.63591713482,15289.395900008847,3475.45071795438,0.20873106638551994,19.55990749363186,42887.52722402382,53570.95966728704,0.27804761828593894,0.3473102486645007,34093.18094677577,34093.18094677577,0,0.0,0.0,0.0,0.0,0.0,0.0,0.0,0.0,0.0,0.0,0.0,none,3398.080336026464,37491.26128280223,3327.3198742216996,3327.3198742216996,0.0,37420.50082099747,0.2154110468670722,0.5181811771623273,0.1728613500867164,0.0702933619006643,0.0232530639832198,0.0817188301535857,0.0873588044777467,0.09079094614070224,0.973387079537657,111336.39319736678,-2.9103830456733704e-11,0.0918904388703657,0.08945532915277418,0.07427021943518275,0.047870219435182854,389.2627817610788,-159.85914433974736,0.01818571240226995,0.03608610092027012,0.03483455795488756,0.060740438870365704,0.0918904388703657,0.02590588091547814,0.0,59.28173658703375,0.0,False,0.0,0.0,0.0,0.0,0.0,0.0918904388703657,0.08945532915277418,0.07427021943518275,False,True,1,0.0,1.461604453540781,1.466301005924599,461.60445354078104,779.6300649064781,3097.916236800368,2318.2861718938902,2086.733123644227,0.10491685404566321,0.15668784534991487,326.9657169641114,0.016439195801306466,-0.0080374046515674,0.0,False,stress_wide_capacity
2043Q4,2043-12-31,2043,4,2044,80994.63746502368,33629.993304977506,0.01679973401080259,0.056484363094477394,0.05715013473164955,250.07332652957436,3154.4613664564736,739.621034314663,1643.1880856374114,489.99042592205006,200.44270259166362,81.2191179906855,6.019952502154488,213.91633243388964,0.0,3374.3976513925177,3624.470977922092,0.0,0.0,154828.02421368528,158452.49519160736,1.956333161686571,0.012350117704400605,0.16664795384013914,0.17899807154453976,157869.73115461273,582.7640369946275,32930.44878817458,79215.70859859389,26425.765620080063,105641.47421867395,15743.051584420034,3554.7565633441845,0.2085925436581856,19.49390307943443,43578.47429592691,54710.028244734815,0.27604072026478277,0.34655172872343404,34768.27109425653,34768.27109425653,0,0.0,0.0,0.0,0.0,0.0,0.0,0.0,0.0,0.0,0.0,0.0,none,3475.45071795438,38243.72181221091,3410.5546454882024,3410.5546454882024,0.0,38178.82573974473,0.2154110468670722,0.5181811771623273,0.1728613500867164,0.0702933619006643,0.0232530639832198,0.08201318614201002,0.08717795550333592,0.09146441154140993,0.9744827274265956,114710.7908487593,0.0,0.09247750790549591,0.08989563092912184,0.07456375395274786,0.04816375395274796,412.33639112498486,-162.2630645954105,0.018130693493965115,0.03648436309447739,0.03523282012909572,0.06132750790549592,0.09247750790549591,0.026094687776400196,0.0,59.72833470629044,0.0,False,0.0,0.0,0.0,0.0,0.0,0.09247750790549591,0.08989563092912184,0.07456375395274786,False,True,1,0.0,1.464472247743638,1.470807902593763,464.472247743638,790.3820103617949,3160.481318958628,2370.099308596833,2126.679254042352,0.10502815102842959,0.15668784534991487,333.22479006626037,0.016456634685730075,-0.008013521372472658,0.0,False,stress_wide_capacity
2044Q1,2044-03-31,2044,1,2044,82419.22305285632,33768.86982141742,0.016620774294749063,0.05470261160930785,0.05754839690585771,251.26090213440264,3240.203961401231,761.3314595349857,1688.5857993065176,501.6682257282337,205.04018750589543,83.57828932559808,6.019952502154488,221.76676029169673,0.0,3467.990674195082,3719.251576329485,0.0,0.0,158452.49519160736,162171.74676793686,1.967644692111868,0.012194286372889798,0.16830979694972484,0.18050408332261464,161588.98273094223,582.7640369946275,33683.84565379897,81028.03939767572,27030.345567288146,108058.38496496386,16210.668310627554,3636.0838015518516,0.20845385053190846,19.45427959859547,44401.1885016182,55955.51466175171,0.27477856318675825,0.34628298115424017,35640.30206990116,35640.30206990116,0,0.0,0.0,0.0,0.0,0.0,0.0,0.0,0.0,0.0,0.0,0.0,none,3554.7565633441845,39195.058633245346,3497.4848160377883,3497.4848160377883,0.0,39137.78688593895,0.2154110468670722,0.5181811771623273,0.1728613500867164,0.0702933619006643,0.0232530639832198,0.08230137788196201,0.08754650837152027,0.09182633799065942,0.9759313602152222,118178.78152295438,0.0,0.09304670934424908,0.09032253200818671,0.07484835467212445,0.04844835467212454,415.86993406799456,-164.60903193359192,0.018073902154054508,0.03470261160930785,0.035619306470649995,0.06189670934424908,0.09304670934424908,0.026277402873599084,0.0,60.20993952055702,0.0,False,0.0,0.0,0.0,0.0,0.0,0.09304670934424908,0.09032253200818671,0.07484835467212445,False,True,1,0.0,1.4588768166559933,1.4751776307090108,458.8768166559933,801.3910324006769,3246.2239139033854,2444.8328815027085,2189.0396628805142,0.10623927679962039,0.15668784534991487,342.9959081622518,0.016646403373265718,-0.007988865987150906,0.0,False,stress_wide_capacity
2044Q2,2044-06-30,2044,2,2044,83890.63517607414,33914.103683210735,0.017314584598309368,0.05507806708953276,0.05869610349806194,250.93093159314398,3328.2575135219536,783.5427490363951,1735.4164789768824,513.6872443777083,209.5793746925254,86.03166643844371,6.019952502154488,232.81221731684775,0.0,3567.0896833409556,3818.0206149340997,0.0,0.0,162171.74676793686,165989.76738287095,1.9786447800101021,0.011964669527962293,0.17008285493865472,0.182047524466617,165407.00334587632,582.7640369946275,34456.13914796632,82885.82690552529,27650.0895312425,110535.91643676779,16695.49687932741,3719.450881814823,0.20831124711156512,19.379165666940025,45214.073526914646,57220.47354576806,0.2733504181341658,0.3459374294213921,36314.469360252515,36314.469360252515,0,0.0,0.0,0.0,0.0,0.0,0.0,0.0,0.0,0.0,0.0,0.0,none,3636.0838015518516,39950.55316180437,3585.208397617252,3585.208397617252,0.0,39899.677757869766,0.2154110468670722,0.5181811771623273,0.1728613500867164,0.0702933619006643,0.0232530639832198,0.08259661415094921,0.08798301194708988,0.09258063037847652,0.9769640429281155,121745.87120629533,0.0,0.09364211622595285,0.09076908716946454,0.07514605811297632,0.04874605811297643,419.54263120190603,-168.61169960876205,0.018190760362688553,0.03507806708953276,0.0359947619508749,0.062492116225952854,0.09364211622595285,0.02649735427507795,0.0,60.66149342353751,0.0,False,0.0,0.0,0.0,0.0,0.0,0.09364211622595285,0.09076908716946454,0.07514605811297632,False,True,1,0.0,1.462197119962408,1.479748536567387,462.19711996240795,812.5897555604845,3334.277466024108,2521.6877104636233,2252.853168033,0.10741857721327736,0.15668784534991487,352.9947087888205,0.01683118541410189,-0.008039595802552733,0.0,False,stress_wide_capacity
2044Q3,2044-09-30,2044,3,2044,85401.99154255577,34062.47523499113,0.017614862183636504,0.05544260597975853,0.059071558978286844,249.88709732605093,3419.1452706772216,806.6364466978665,1783.3920973380084,526.0881037566288,214.44876074583908,88.57986213887908,6.019952502154488,241.27644324459203,0.0,3666.441666423968,3916.328763750019,0.0,0.0,165989.76738287095,169906.09614662098,1.9894863466030164,0.011704040751861497,0.17172628413926305,0.18343032489112454,169323.33210962635,582.7640369946275,35247.78601561766,84790.16984309793,28285.364037004387,113075.53388010232,17195.105105341165,3804.9071085652154,0.20816851154805355,19.3331303608293,45985.80473617651,58384.784225298,0.2715857535003124,0.34481239825529464,37268.8608187248,37268.8608187248,0,0.0,0.0,0.0,0.0,0.0,0.0,0.0,0.0,0.0,0.0,0.0,none,3719.450881814823,40988.31170053963,3675.052320505427,3675.052320505427,0.0,40943.91313923023,0.2154110468670722,0.5181811771623273,0.1728613500867164,0.0702933619006643,0.0232530639832198,0.08287459699135825,0.088353438268685,0.09305061029678259,0.9779600333427375,125412.3128727193,0.0,0.09426122532975463,0.09123341899731588,0.07545561266487721,0.04905561266487732,423.3155489034124,-173.42845157736144,0.018382766343810773,0.035442605979758526,0.03635930084110067,0.06311122532975463,0.09426122532975463,0.026751924488653957,0.0,61.10057237601752,0.0,False,0.0,0.0,0.0,0.0,0.0,0.09426122532975463,0.09123341899731588,0.07545561266487721,False,True,1,0.0,1.461020857804269,1.484501403080189,461.0208578042689,823.8706563838708,3425.165223179376,2601.294566795505,2318.8677032634323,0.1086095376175363,0.15668784534991487,363.33838407585296,0.01701779443374229,-0.00812292305810888,0.0,False,stress_wide_capacity
2044Q4,2044-12-31,2044,4,2045,86950.34054429029,34212.386710054256,0.01772085418561975,0.05580686558469694,0.059436097868512616,266.9647072920459,3511.8892754704107,830.6248749982775,1832.5828175570527,538.8886434143186,218.5716084295837,91.22133107118006,6.028693962709422,249.9974303257901,0.0,3767.91539975891,4034.880107050956,0.0,0.0,169906.09614662098,173940.97625367195,2.0004634273406996,0.012281249532590887,0.17333642979073233,0.18561767932332324,173358.21221667732,582.7640369946275,36063.09155528007,86751.42480394468,28939.62396642293,115691.0487703676,17711.154663413556,3892.917227616086,0.20802643897945522,19.224043714479716,47260.43843491104,60666.44029077545,0.2726172462821725,0.34994846517538813,37773.681691791586,37773.681691791586,0,0.0,0.0,0.0,0.0,0.0,0.0,0.0,0.0,0.0,0.0,0.0,none,3804.9071085652154,41578.5888003568,3784.8826767251658,3784.8826767251658,0.0,41558.56436851675,0.2154110468670722,0.5181811771623273,0.1728613500867164,0.0702933619006643,0.0232530639832198,0.08315302878831683,0.08870583187332787,0.09379523199590795,0.9789224773703186,129180.22827247821,0.0,0.09489861562279088,0.09171146171709306,0.07577430781139534,0.04937430781139544,445.5984837403639,-178.633776448318,0.01860133049353432,0.03580686558469694,0.03672356044603997,0.06374861562279088,0.09489861562279088,0.027025055176750908,0.0,61.535255439532534,0.0,False,0.0,0.0,0.0,0.0,0.0,0.09489861562279088,0.09171146171709306,0.07577430781139534,False,True,1,0.0,1.4718727529941433,1.4893946132765081,471.87275299414335,835.3282739018275,3517.91796943312,2682.589695531293,2386.020779257592,0.10976475833546454,0.15668784534991487,373.8604548619969,0.017198803478938048,-0.008217737864169792,0.0,False,stress_wide_capacity
2045Q1,2045-03-31,2045,1,2045,88552.6207689388,34357.690875539185,0.017097021285587655,0.057689381133617865,0.059800357473451915,265.6860132771759,3607.6719195006976,855.5843659185099,1882.3143506447555,552.0857427384801,223.72433766836008,93.96312253059368,6.028693962709422,259.04452354279533,0.0,3872.7451370062026,4138.431150283379,0.0,0.0,173940.97625367195,178079.40740395532,2.011000982891513,0.012001271604165526,0.17493531431944376,0.1869365859236093,177496.6433669607,582.7640369946275,36898.75428974838,88761.6499328569,29610.21997622966,118371.86990908656,18242.894315062418,3983.1248530633316,0.2078842370751938,19.161658529428102,48528.75242204629,62947.769213353175,0.2734065923811123,0.35464202600842143,38849.97565647749,38849.97565647749,0,0.0,0.0,0.0,0.0,0.0,0.0,0.0,0.0,0.0,0.0,0.0,none,3892.917227616086,42742.89288409357,3879.386626740583,3879.386626740583,0.0,42729.36228321807,0.2154110468670722,0.5181811771623273,0.1728613500867164,0.0702933619006643,0.0232530639832198,0.08343090252349217,0.08905883410377714,0.09421874011102829,0.980229823364502,133052.9734094844,0.0,0.09554777333977285,0.09219833000482953,0.07609888666988632,0.04969888666988643,449.6885965855562,-184.0025833083803,0.01881769646026618,0.03768938113361786,0.03709205521774782,0.06439777333977285,0.09554777333977285,0.027305718122025032,0.0,61.96002780244423,0.0,False,0.0,0.0,0.0,0.0,0.0,0.09554777333977285,0.09219833000482953,0.07609888666988632,False,True,1,0.0,1.468894111771469,1.4943781613387543,468.89411177146883,847.0071241421571,3613.700613463407,2766.69348932125,2455.443346164038,0.11091454210354992,0.15668784534991487,384.73812728922826,0.01737896062017765,-0.008311559012510765,0.0,False,stress_wide_capacity
2045Q2,2045-06-30,2045,2,2045,90191.82797828065,34503.392026863155,0.017071064561192895,0.05806361985887497,0.0592254872588862,264.3933212309312,3706.0966295817875,881.3984528492124,1933.5727743268133,565.6863236751365,228.6436592185511,96.79541951207744,6.028693962709422,264.3112040937249,0.0,3976.436527638222,4240.829848869153,0.0,0.0,178079.40740395532,182320.23725282447,2.0214718044824362,0.011725821603021528,0.17635462621273398,0.1880804478157555,181737.47321582984,582.7640369946275,37755.340333905886,90822.20704521457,30297.60635781054,121119.81340302511,18786.728383358088,4075.591095540761,0.2077465899895503,19.06007870153522,49849.76286829051,65361.41379537354,0.27429545479093004,0.3596474223989617,39566.82061730857,39566.82061730857,0,0.0,0.0,0.0,0.0,0.0,0.0,0.0,0.0,0.0,0.0,0.0,none,3983.1248530633316,43549.9454703719,3976.518644775428,3976.518644775428,0.0,43543.339262084,0.2154110468670722,0.5181811771623273,0.1728613500867164,0.0702933619006643,0.0232530639832198,0.0837186644253969,0.08931827852769239,0.09504438308558195,0.981136475220801,137029.40993712263,0.0,0.09620550882318868,0.09269163161739141,0.07642775441159425,0.05002775441159434,453.85349432191225,-189.46017309098104,0.019027606784194257,0.038063619858874964,0.03746629394300492,0.06505550882318868,0.09620550882318868,0.027589214880183757,0.0,62.38454277816341,0.0,False,0.0,0.0,0.0,0.0,0.0,0.09620550882318868,0.09269163161739141,0.07642775441159425,False,True,1,0.0,1.4727581705969237,1.499427560441775,472.75817059692366,858.9036369937165,3712.125323544497,2853.2216865507803,2526.721779786019,0.11205989883670994,0.15668784534991487,395.9065914733734,0.017558424098853515,-0.008402542773015113,0.0,False,stress_wide_capacity
2045Q3,2045-09-30,2045,3,2045,91869.12275609018,34649.52358306908,0.017049053309730944,0.05844335576763084,0.05959972598414419,263.07766733079274,3807.744217461726,908.0679319040186,1986.3591601375022,579.5976773608847,233.9996292372559,99.71981882206504,6.028693962709422,273.87373568255623,0.0,4087.6466471069916,4350.724314437784,0.0,0.0,182320.23725282447,186670.96156726225,2.0319227610659585,0.011454454312326732,0.17797695349544476,0.18943140780777148,186088.19753026761,582.7640369946275,38633.53898499618,92934.75427722887,31002.336252955978,123937.09053018485,19347.177652188013,4170.390362898584,0.20760875486857439,18.971469380824775,51128.24836590148,67784.54917963977,0.2747527733863152,0.36426033504147665,40550.11916405023,40550.11916405023,0,0.0,0.0,0.0,0.0,0.0,0.0,0.0,0.0,0.0,0.0,0.0,none,4075.591095540761,44625.71025959099,4076.850578755228,4076.850578755228,0.0,44626.96974280546,0.2154110468670722,0.5181811771623273,0.1728613500867164,0.0702933619006643,0.0232530639832198,0.08398835867662142,0.08968059078244023,0.09559493139754566,0.9819273930214387,141117.05658422963,0.0,0.09687028824473758,0.09319021618355308,0.07676014412236869,0.05036014412236879,458.09558100366786,-195.01791367287512,0.019232045777290575,0.038443355767630846,0.0378460298517608,0.06572028824473758,0.09687028824473758,0.02787425839297678,0.0,62.810817575299005,0.0,False,0.0,0.0,0.0,0.0,0.0,0.09687028824473758,0.09319021618355308,0.07676014412236869,False,True,1,0.0,1.4730336464058804,1.50453103547013,473.0336464058804,870.7533092407989,3813.7729114244353,2943.0196021836364,2600.7826000861064,0.11323859516939583,0.15668784534991487,407.5110218310413,0.01774311148754391,-0.008491119010274734,0.0,False,stress_wide_capacity
2045Q4,2045-12-31,2045,4,2046,93586.29840892485,34796.34311172619,0.01705712796232861,0.05882809157764728,0.059979461892899176,279.4728735271525,3911.463369046459,935.6105143477216,2040.5322255113665,593.8296991342763,238.7503861547038,102.74054389839141,6.044719973726774,283.80241714383635,0.0,4201.310506164022,4480.783379691175,0.0,0.0,186670.96156726225,191151.74494695343,2.042518490385386,0.011945033761502018,0.1795694702148136,0.19151450397631561,190568.9809099588,582.7640369946275,39537.61504781967,95109.55081292953,31727.83204843016,126837.38286135969,19925.99997102239,4267.9830297570525,0.2074714093501956,18.923344386364544,53042.395101143644,70120.42536577198,0.2783369824819782,0.3679529849556309,41625.528184197414,41625.528184197414,0,0.0,0.0,0.0,0.0,0.0,0.0,0.0,0.0,0.0,0.0,0.0,none,4170.390362898584,45795.918547096,4196.980962547338,4196.980962547338,0.0,45822.50914674475,0.2154110468670722,0.5181811771623273,0.1728613500867164,0.0702933619006643,0.0232530639832198,0.08425878803390362,0.09002601092082946,0.09613844754786752,0.9829571033842595,145318.36709039364,0.0,0.09754285566397937,0.09369464174798442,0.07709642783198958,0.05069642783198969,480.22843637902287,-200.75556285187037,0.019438549181110643,0.038828091577647286,0.03823076566177724,0.06639285566397937,0.09754285566397937,0.02816209000220213,0.0,63.236149807476785,0.0,False,0.0,0.0,0.0,0.0,0.0,0.09754285566397937,0.09369464174798442,0.07709642783198958,False,True,1,0.0,1.4706151981158342,1.5096942985281052,470.6151981158341,882.7900135700772,3917.5080890201857,3034.7180754501087,2676.1406510419656,0.11438172880173475,0.15668784534991487,419.318712465084,0.017922226633342118,-0.00858055361799523,0.0,False,stress_wide_capacity
2046Q1,2046-03-31,2046,1,2046,95323.16432808652,34941.84877574012,0.016831755941313142,0.058511599162687895,0.06036419770291473,278.2469630202733,4018.5365735094215,964.1529694768633,2096.488977992878,609.0340128902736,242.99169651045452,105.86891663895268,6.044719973726774,294.1275071572964,0.0,4318.708800640445,4596.955763660718,0.0,0.0,191151.74494695343,195748.70071061415,2.0535270948085564,0.011675943197294349,0.18122389583191617,0.1928998390292105,195165.93667361952,582.7640369946275,40464.491787042294,97339.1954240118,32471.624750040613,129810.82017405242,20522.587742010488,4368.036970514333,0.20733378209698547,18.91255384639372,54982.792756121074,72507.37823329217,0.28172330527160616,0.3715165641561105,42770.940349064425,42770.94034906442,0,0.0,0.0,0.0,0.0,0.0,0.0,0.0,0.0,0.0,0.0,0.0,none,4267.9830297570525,47038.92337882147,4302.8282565034215,4302.8282565034215,0.0,47073.76860556784,0.2154110468670722,0.5181811771623273,0.1728613500867164,0.0702933619006643,0.0232530639832198,0.08453172794380841,0.09037236467475472,0.09662505189089061,0.9843120459311386,149637.0758910341,0.0,0.0982214972747716,0.09420362295607859,0.0774357486373857,0.0510357486373858,484.80726537517614,-206.56030235490283,0.019640058485590254,0.0385115991626879,0.038620073095179126,0.0670714972747716,0.0982214972747716,0.028451424179592472,0.0,63.67474121638266,0.0,False,0.0,0.0,0.0,0.0,0.0,0.0982214972747716,0.09420362295607859,0.0774357486373857,False,True,1,0.0,1.4685264152986568,1.5149041928202767,468.52641529865673,895.1443119752945,4024.5812934831483,3129.436981507854,2753.839713443736,0.11555804857528548,0.15668784534991487,431.49321113852596,0.018106541644102282,-0.008667790407962393,0.0,False,stress_wide_capacity
2046Q2,2046-06-30,2046,2,2046,97101.5082911844,35088.03947722941,0.01684063362767585,0.05890551065165006,0.06177951008030536,276.9218004102219,4128.853744529282,993.6207424464982,2154.1823506032824,624.7892696193393,247.16180099428084,109.09958086588188,6.044719973726774,309.879431658113,0.0,4444.777896161122,4721.699696571344,0.0,0.0,195748.70071061415,200470.4004071855,2.0645446598627726,0.011407517979218166,0.18309820205190994,0.19450572003112812,199887.63637019086,582.7640369946275,41414.846608896616,99625.31764231317,33234.25795737345,132859.57559968662,21142.588852190842,4470.625309416826,0.20719063650438357,18.86542415349669,57028.57323002232,75105.74717995925,0.28530315464036854,0.3757398333574959,43600.90876903999,43600.90876903999,0,0.0,0.0,0.0,0.0,0.0,0.0,0.0,0.0,0.0,0.0,0.0,none,4368.036970514333,47968.94573955432,4411.820264913231,4411.820264913231,0.0,48012.72903395322,0.2154110468670722,0.5181811771623273,0.1728613500867164,0.0702933619006643,0.0232530639832198,0.08480726628101677,0.09082620482333778,0.09743293821872746,0.9852581896704146,154081.85378719523,0.0,0.09890719547690595,0.09471789660767936,0.07777859773845287,0.05137859773845298,489.476347844985,-212.5545474347631,0.01984383360565404,0.03890551065165006,0.03901398458414218,0.06775719547690595,0.09890719547690595,0.028743210892763767,0.0,64.11408375799112,0.0,False,0.0,0.0,0.0,0.0,0.0,0.09890719547690595,0.09471789660767936,0.07777859773845287,False,True,1,0.0,1.472361917993434,1.5201682601757716,472.36191799343396,907.7642730256858,4134.898464503009,3227.134191477323,2833.8308645879383,0.11673684227808086,0.15668784534991487,444.0268522583704,0.018291244289505338,-0.00875597305027899,0.0,False,stress_wide_capacity
2046Q3,2046-09-30,2046,3,2046,98922.4245042831,35234.87729877506,0.016844729670249414,0.05930363446910441,0.06217342156926842,275.50545735758715,4242.519143902859,1024.0565822980534,2213.6234685184722,640.9029450966175,251.50009110483853,112.4360568848758,6.044719973726774,321.2313605210777,0.0,4569.795224397662,4845.30068175525,0.0,0.0,200470.4004071855,205315.70108894072,2.0755223309357027,0.011140263038969832,0.18478298514407324,0.19592324818304305,204732.9370519461,582.7640369946275,42389.38111748287,101969.60520875426,34016.294688127884,135985.89989688215,21781.832254773115,4575.8237828080055,0.20704719879404446,18.81968355029373,59151.047483461596,77730.73384389975,0.28891808194229845,0.37966892363868854,44611.54811212496,44611.54811212496,0,0.0,0.0,0.0,0.0,0.0,0.0,0.0,0.0,0.0,0.0,0.0,none,4470.625309416826,49082.17342154179,4524.069321234172,4524.069321234172,0.0,49135.61743335913,0.2154110468670722,0.5181811771623273,0.1728613500867164,0.0702933619006643,0.0232530639832198,0.08508418719974478,0.09118144554239872,0.09809190622057462,0.986214891940871,158651.6490115929,0.0,0.09959984821187585,0.09523738615890678,0.07812492410593783,0.05172492410593793,494.23733951469904,-218.7318821571119,0.020048676688907262,0.03930363446910441,0.03941210840159475,0.06844984821187586,0.09959984821187585,0.029037739810281103,0.0,64.55261336465867,0.0,False,0.0,0.0,0.0,0.0,0.0,0.09959984821187585,0.09523738615890678,0.07812492410593783,False,True,1,0.0,1.4736405495994411,1.525485717097053,473.6405495994411,920.4275673905288,4248.563863876585,3328.1362964860564,2916.51475751142,0.11793139006151804,0.15668784534991487,456.98241328569384,0.018478415407859626,-0.008844582338260071,0.0,False,stress_wide_capacity
2046Q4,2046-12-31,2046,4,2047,100787.28671679916,35382.41032191229,0.01685400759432998,0.059706022317410866,0.062571545386721,297.71068456271416,4359.538019923522,1055.4939812741627,2274.709650555308,657.5521225376406,255.89979327174083,115.88247228467087,6.052004524189207,333.0155349654695,0.0,4698.605559413181,4996.316243975895,0.0,0.0,205315.70108894072,210312.01733291664,2.0866919249832523,0.011815406258499542,0.18647612064865798,0.1982915269071575,209729.253295922,582.7640369946275,43393.90760506677,104386.03985961122,34822.399144547766,139208.43900415898,22442.646874128677,4684.2598125676195,0.2069044109161024,18.87315926330713,60580.891087956166,79458.29144347024,0.288852843062757,0.3788612708755361,46391.27572519117,46391.27572519116,0,0.0,0.0,0.0,0.0,0.0,0.0,0.0,0.0,0.0,0.0,0.0,none,4575.8237828080055,50967.09950799917,4663.300709010426,4663.300709010426,0.0,51054.57643420159,0.2154110468670722,0.5181811771623273,0.1728613500867164,0.0702933619006643,0.0232530639832198,0.0855032873020269,0.0915391377180217,0.09872424102191057,0.9867025252870484,163350.25457100608,2.9103830456733704e-11,0.1002997683346611,0.09576232625099573,0.07847488416733045,0.052074884167330554,522.8236229809843,-225.11293841827015,0.020255888165186437,0.03970602231741087,0.0398144962499021,0.0691497683346611,0.1002997683346611,0.029335272084759004,0.0,64.98993020403674,0.0,False,0.0,0.0,0.0,0.0,0.0,0.1002997683346611,0.09576232625099573,0.07847488416733045,False,True,1,0.0,1.4501314707663606,1.53085896535458,450.13147076636056,933.2236493653407,4365.590024447712,3432.3663750823707,3001.7531708588795,0.11913221473233881,0.15668784534991487,470.33823661415266,0.018666570038173555,-0.008934179924926917,0.0,False,stress_wide_capacity
2047Q1,2047-03-31,2047,1,2047,102687.57018443591,35529.04648386036,0.01668063236350692,0.059897688431657346,0.06297393323502834,296.3406370814366,4487.9815525348495,1088.0997199809715,2341.67212870861,673.5443694186324,265.20868181182635,119.45665261480605,6.052004524189207,345.2754135956698,0.0,4839.308970654709,5135.649607736145,0.0,0.0,210312.01733291664,215447.66694065277,2.0980890535601318,0.011543388807396368,0.1885061244301675,0.20004951323756387,214864.90290365813,582.7640369946275,44425.807125111576,106868.32159857897,35650.469695167456,142518.79129374644,23124.653794592676,4795.6506902075325,0.20676158146233578,18.95587297165644,62063.3398800456,81219.39386182778,0.2888481973618268,0.37800214350616956,47647.99024243156,47647.99024243155,0,0.0,0.0,0.0,0.0,0.0,0.0,0.0,0.0,0.0,0.0,0.0,none,4684.2598125676195,52332.25005499917,4790.374194140475,4790.374194140475,0.0,52438.364436572025,0.2154110468670722,0.5181811771623273,0.1728613500867164,0.0702933619006643,0.0232530639832198,0.085947640064323,0.09204056015485317,0.09927945363972351,0.9874305233399724,168189.56354166078,-2.9103830456733704e-11,0.10100685478146214,0.0962926410860965,0.07882842739073097,0.05242842739073107,528.0127033300819,-231.67206624864525,0.020464501677810897,0.03989768843165735,0.04022112692623849,0.06985685478146214,0.10100685478146214,0.029635727855223646,0.0,65.43945000476914,0.0,False,0.0,0.0,0.0,0.0,0.0,0.10100685478146214,0.0962926410860965,0.07882842739073097,False,True,1,0.0,1.4480951025793118,1.5362872290871268,448.0951025793118,946.229141724825,4494.033557059039,3547.8044153342134,3097.465276391231,0.12065589908604948,0.15668784534991487,485.3351602039205,0.018905312856549856,-0.00902434699087891,0.0,False,stress_wide_capacity
2047Q2,2047-06-30,2047,2,2047,104638.99469272395,35678.05414241723,0.016881700688479828,0.06030861918304376,0.06257281657731631,294.3282454548938,4621.806476609579,1121.8277622088478,2411.1098910815062,689.94009998575,275.76037779805654,123.16834553541527,6.052004524189207,353.55253015135963,0.0,4981.411011285128,5275.739256740021,0.0,0.0,215447.66694065277,220723.4061973928,2.1093800341407594,0.011251187812696364,0.19042273966462367,0.20167392747732002,220140.64216039816,582.7640369946275,45486.10052076125,109418.90611077548,36501.325538104495,145920.23164887997,23824.203377658763,4910.106613098254,0.2066229119456248,19.014226827136085,63684.272067063175,83115.06792997624,0.2892890265154298,0.37755439937990737,48657.21593479211,48657.21593479211,0,0.0,0.0,0.0,0.0,0.0,0.0,0.0,0.0,0.0,0.0,0.0,none,4795.6506902075325,53452.866624999646,4922.186726588661,4922.186726588661,0.0,53579.40266138077,0.2154110468670722,0.5181811771623273,0.1728613500867164,0.0702933619006643,0.0232530639832198,0.08638986899951705,0.09248484482604878,0.10008877291278288,0.9878991393077567,173170.9745529459,0.0,0.10173337529517618,0.09683753147138204,0.079191687647588,0.05279168764758809,533.3313308730698,-239.00308541817594,0.020723618584905696,0.040308619183043765,0.04063205767762491,0.07058337529517618,0.10173337529517618,0.02995131761755127,0.0,65.88413762588554,0.0,False,0.0,0.0,0.0,0.0,0.0,0.10173337529517618,0.09683753147138204,0.079191687647588,False,True,1,0.0,1.4503118325600919,1.5418646870816721,450.31183256009183,959.4195425183086,4627.858481133768,3668.438938615459,3197.5584725239023,0.12223200277921797,0.15668784534991487,501.0185474401352,0.01915226914828047,-0.009136291346071006,0.0,False,stress_wide_capacity
2047Q3,2047-09-30,2047,3,2047,106641.11565264185,35828.7534307954,0.017002808442936335,0.060723848130159915,0.06298374732870271,291.8626813168173,4759.728267401964,1156.8636337481782,2483.076131040577,706.9701012734538,285.79338797490965,127.02501336484488,6.052004524189207,366.5862066530427,0.0,5132.366478579196,5424.229159896014,0.0,0.0,220723.4061973928,226147.63535728882,2.120642061678266,0.01094747291532436,0.1925098569034729,0.20345732981879724,225564.8713202942,582.7640369946275,46575.572683999184,112039.68148995365,37375.59652725863,149415.2780172123,24546.308310788478,5027.712308294293,0.20648415868738493,19.076345854537166,65279.81620891459,84913.05025420753,0.28940595149773807,0.37644625139184007,49831.04025737436,49831.040257374356,0,0.0,0.0,0.0,0.0,0.0,0.0,0.0,0.0,0.0,0.0,0.0,none,4910.106613098254,54741.14687047261,5057.642953242971,5057.642953242971,0.0,54888.683210617324,0.2154110468670722,0.5181811771623273,0.1728613500867164,0.0702933619006643,0.0232530639832198,0.086840805577211,0.09300991801457294,0.10078737243674492,0.9883559175804013,178303.3410315251,2.9103830456733704e-11,0.10248045236002946,0.09739783927002199,0.07956522618001463,0.053165226180014735,538.7723057452885,-246.90962442847112,0.021013198975542314,0.04072384813015992,0.04104728662474106,0.07133045236002947,0.10248045236002946,0.030283165735288404,0.0,66.32916789256981,0.0,False,0.0,0.0,0.0,0.0,0.0,0.10248045236002946,0.09739783927002199,0.07956522618001463,False,True,1,0.0,1.4507741901579003,1.5475999565878371,450.7741901579003,972.6760931090364,4765.780271926154,3793.104178817117,3300.924087211168,0.12381431184434138,0.15668784534991487,517.2146828887525,0.0194001977463723,-0.009261329381913846,0.0,False,stress_wide_capacity
2047Q4,2047-12-31,2047,4,2048,108693.5353091907,35980.47686616771,0.017046633838986525,0.06114631951275943,0.06339897627581886,311.81735826409226,4902.537996437646,1193.271439395917,2557.50818124361,724.5366408141423,296.1919972251274,131.02973775884854,6.05491834437418,380.1309657878905,0.0,5288.723880569911,5600.541238834003,0.0,0.0,226147.63535728882,231748.1765961228,2.132124748145229,0.011475102263518932,0.19462882923167618,0.2061039314951951,231165.41255912816,582.7640369946275,47700.10672599167,114744.79983051098,38278.00369506395,153022.8035255749,25293.39946516954,5149.1028423920925,0.2063462098327136,19.138582618038125,66705.43772001205,86496.42988576334,0.2885614979401382,0.3741754829504999,51002.68550405424,51002.685504054236,0,0.0,0.0,0.0,0.0,0.0,0.0,0.0,0.0,0.0,0.0,0.0,none,5027.712308294293,56030.39781234853,5220.410273046113,5220.410273046113,0.0,56223.095777100345,0.2154110468670722,0.5181811771623273,0.1728613500867164,0.0702933619006643,0.0232530639832198,0.0872918378529531,0.09354462401898297,0.10151563009641762,0.9887893633846453,183592.06491209503,-2.9103830456733704e-11,0.10324601068974197,0.09797200801730638,0.07994800534487088,0.05354800534487099,567.0047425546654,-255.18738429057316,0.021313864016887257,0.04114631951275943,0.041469758007340575,0.07209601068974197,0.10324601068974197,0.030626252682401395,0.0,66.77858101330068,0.0,False,0.0,0.0,0.0,0.0,0.0,0.10324601068974197,0.09797200801730638,0.07994800534487088,False,True,1,0.0,1.4520802715681174,1.5534771057470782,452.0802715681174,986.0862979856838,4908.592914782021,3922.506616796337,3408.2250584514327,0.12542512482481546,0.15668784534991487,534.0274408763427,0.019652592561544453,-0.009391078634609303,0.0,False,stress_wide_capacity
2048Q1,2048-03-31,2048,1,2048,110821.35404618054,36131.49555310402,0.016894955918587584,0.06268085658369725,0.06382144765841927,309.0662357761446,5050.431156537878,1231.211432233392,2634.470860987516,742.6677099795539,306.8800287564197,135.2011245809959,6.05491834437418,394.2513171971583,0.0,5450.737392079412,5759.803627855556,0.0,0.0,231748.1765961228,237507.98022397837,2.143160785826584,0.01115547588950603,0.1967396063328382,0.20789508222234426,236925.21618698374,582.7640369946275,48855.90596625063,117525.12804297399,39205.500311445256,156730.62835441926,26064.81349273674,5273.868373577145,0.20620813078711328,19.22347214691971,68141.41656188629,88064.34536097018,0.2876072781890316,0.37169680280662454,52412.8814831607,52412.88148316071,0,0.0,0.0,0.0,0.0,0.0,0.0,0.0,0.0,0.0,0.0,0.0,none,5149.1028423920925,57561.9843255528,5365.552310658398,5365.552310658398,0.0,57778.43379381911,0.2154110468670722,0.5181811771623273,0.1728613500867164,0.0702933619006643,0.0232530639832198,0.08777390286204052,0.09408035000989266,0.10214841796491632,0.989480881752444,189042.80230417443,2.9103830456733704e-11,0.10402887879255189,0.09855915909441382,0.08033943939627584,0.05393943939627595,572.9075834131138,-263.8413476369692,0.02162002943354472,0.042680856583697246,0.0419011547857263,0.0728788787925519,0.10402887879255189,0.03097772400682559,0.0,67.22015170225745,0.0,False,0.0,0.0,0.0,0.0,0.0,0.10402887879255189,0.09855915909441382,0.08033943939627584,False,True,1,0.0,1.4523275850478479,1.559487141081621,452.3275850478479,999.7662944306982,5056.486074882253,4056.719780451555,3519.467210731322,0.1270320956109134,0.15668784534991487,551.4577340291656,0.019904385351558394,-0.009523123044572203,0.0,False,stress_wide_capacity
2048Q2,2048-06-30,2048,2,2048,113002.43931843851,36283.11475075423,0.016891217066157038,0.06312166532899596,0.06483173975750921,306.1795489247542,5204.984204147041,1270.60628001585,2714.4773510888976,761.4771527906661,318.8936750352752,139.52974521635028,6.05491834437418,412.557984507265,0.0,5623.597106998681,5929.776655923435,0.0,0.0,237507.98022397837,243437.7568799018,2.154269928580031,0.010837980162957249,0.19906108720897614,0.2098990673719334,242854.99284290717,582.7640369946275,50044.37581605495,120384.04690879038,40159.214179709896,160543.26108850027,26865.195325998975,5402.160612353,0.2060669011998719,19.301611104068165,69609.65094878363,89611.46594828537,0.2866305120348554,0.36899165588187566,53653.31600998223,53653.31600998223,0,0.0,0.0,0.0,0.0,0.0,0.0,0.0,0.0,0.0,0.0,0.0,none,5273.868373577145,58927.184383559375,5517.21867141617,5517.21867141617,0.0,59170.5346813984,0.2154110468670722,0.5181811771623273,0.1728613500867164,0.0702933619006643,0.0232530639832198,0.08825201419847016,0.09471003208726597,0.10295205331784502,0.9899149390631016,194666.3994111731,0.0,0.10482724886757872,0.09915793665068394,0.08073862443378926,0.05433862443378936,578.9313649126298,-272.75181598787555,0.021925347292136056,0.04312166532899596,0.04234196353102501,0.07367724886757872,0.10482724886757872,0.031335285336553706,0.0,67.67062971688472,0.0,False,0.0,0.0,0.0,0.0,0.0,0.10482724886757872,0.09915793665068394,0.08073862443378926,False,True,1,0.0,1.453077787957462,1.5656161842036118,453.0777879574619,1013.6372672514839,5211.039122491416,4197.401855239932,3636.310272247456,0.12871616910854144,0.15668784534991487,569.7656215822162,0.02016825919931263,-0.009654723123959002,0.0,False,stress_wide_capacity
2048Q3,2048-09-30,2048,3,2048,115239.73090659354,36435.71133453809,0.016929302165537452,0.06357202782438703,0.06527254850280792,303.0249822851105,5364.398801663182,1311.5035595230574,2797.207649985825,780.9556952205348,330.7063097850655,144.02558714869747,6.05491834437418,428.05047245729867,0.0,5798.504192464855,6101.529174749965,0.0,0.0,243437.7568799018,249539.28605465178,2.165392821481972,0.010518073233986446,0.20126753670276362,0.21178560993675005,248956.52201765715,582.7640369946275,51266.50580269385,123323.93678134978,41139.93936787644,164463.8761492262,27692.05369011224,5534.086375624847,0.20592553827152915,19.370756805056036,71038.80831645026,91245.73620163355,0.2853462433549416,0.36651273669047313,54895.17812388674,54895.17812388673,0,0.0,0.0,0.0,0.0,0.0,0.0,0.0,0.0,0.0,0.0,0.0,none,5402.160612353,60297.33873623973,5673.478702292667,5673.478702292667,0.0,60568.6568261794,0.2154110468670722,0.5181811771623273,0.1728613500867164,0.0702933619006643,0.0232530639832198,0.08873939979200135,0.09527699017249003,0.10378362431539806,0.9903411791755868,200464.90360363797,0.0,0.10564295083663923,0.09976971312747931,0.08114647541831951,0.05474647541831962,585.085907923798,-282.0609256386875,0.022240327532147875,0.04357202782438703,0.04279232602641719,0.07449295083663923,0.10564295083663923,0.03170062481022204,0.0,68.12604914928822,0.0,False,0.0,0.0,0.0,0.0,0.0,0.10564295083663923,0.09976971312747931,0.08114647541831951,False,True,1,0.0,1.4544898147269338,1.5718782833221145,454.4898147269338,1027.588512464493,5370.4537200075565,4342.865207543064,3757.079866904649,0.13040918569828713,0.15668784534991487,588.6887491528344,0.020433534320901545,-0.009790405563071272,0.0,False,stress_wide_capacity
2048Q4,2048-12-31,2048,4,2049,117534.50185224632,36589.10161598657,0.016946191654833243,0.06403170214138885,0.0657229109982001,330.73155613523033,5529.626206760316,1353.9862380200666,2883.1237498230894,801.0527855364703,342.7689128315096,148.69452054917883,6.05491834437418,444.19801884220084,0.0,5979.879143946891,6310.610700082122,0.0,0.0,249539.28605465178,255849.8967547339,2.176806747999537,0.011255641566456663,0.20351059645326106,0.21476623801971773,255267.13271773927,582.7640369946275,52530.19589971401,126363.8014102347,42154.015384121405,168517.8167943561,28548.621578615475,5670.49844505369,0.20578519192989522,19.412230817290936,72465.6117932044,93021.21389000781,0.2838814814178721,0.3644073285097212,55993.75584242629,55993.75584242629,0,0.0,0.0,0.0,0.0,0.0,0.0,0.0,0.0,0.0,0.0,0.0,none,5534.086375624847,61527.84221805114,5866.412681239921,5866.412681239921,0.0,61860.16852366621,0.2154110468670722,0.5181811771623273,0.1728613500867164,0.0702933619006643,0.0232530639832198,0.08921447572764282,0.09585471271465021,0.10459793152027048,0.9907703250811382,206444.78274758486,0.0,0.10647538831638848,0.10039404123729126,0.08156269415819414,0.05516269415819424,622.4484697133087,-291.71691357807833,0.0225596505620244,0.04403170214138885,0.043252000343417016,0.07532538831638848,0.10647538831638848,0.03207338797297146,0.0,68.587672974253,0.0,False,0.0,0.0,0.0,0.0,0.0,0.10647538831638848,0.10039404123729126,0.08156269415819414,False,True,1,0.0,1.4622846636284992,1.5782688600350165,462.2846636284992,1041.674440210799,5535.68112510469,4494.006684893891,3882.619443075507,0.1321354796043253,0.15668784534991487,608.3592748491876,0.02070402359347935,-0.009927873398223043,0.0,False,stress_wide_capacity
2049Q1,2049-03-31,2049,1,2049,119846.73385151477,36741.71010984157,0.01678815938103595,0.06319480822713149,0.06618258531520081,327.5765732325988,5700.232009305086,1398.2932516895016,2971.0713938384715,822.0003964188141,355.30306284084566,153.5639045174531,6.05491834437418,461.0652255752057,0.0,6167.352153224666,6494.928726457265,0.0,0.0,255849.8967547339,262344.82548119116,2.189002712466288,0.01093318316503987,0.20584130931313538,0.21677449247817526,261762.06144419653,582.7640369946275,53829.95675309203,129490.43590195854,43197.03717512284,172687.47307708138,29433.8273549174,5810.8042591057165,0.2056446089097129,19.475048432418582,73903.25461908022,94906.97972720103,0.28232989231266126,0.36256965277389397,57529.276032964524,57529.27603296452,0,0.0,0.0,0.0,0.0,0.0,0.0,0.0,0.0,0.0,0.0,0.0,none,5670.49844505369,63199.77447801821,6033.863500882059,6033.863500882059,0.0,63563.13953384657,0.2154110468670722,0.5181811771623273,0.1728613500867164,0.0702933619006643,0.0232530639832198,0.08972042624569712,0.09642141320286546,0.10531479845318115,0.9913840541279818,212612.13490080953,0.0,0.10732480143004362,0.10103110107253262,0.08198740071502171,0.055587400715021815,629.2170670857607,-301.64049385316196,0.022884289121964926,0.04319480822713148,0.04372137998847754,0.07617480143004363,0.10732480143004362,0.032453421441566085,0.0,69.07668092551316,0.0,False,0.0,0.0,0.0,0.0,0.0,0.10732480143004362,0.10103110107253262,0.08198740071502171,False,True,1,0.0,1.4604603194987213,1.5847897577550394,460.46031949872133,1056.0930564252608,5706.28692764946,4650.193871224199,4012.1194953007825,0.1339083466478656,0.15668784534991487,628.6503590050675,0.020981810310623555,-0.010067541572785195,0.0,False,stress_wide_capacity
2049Q2,2049-06-30,2049,2,2049,122219.15543379815,36895.23747110197,0.016819285621805236,0.0636739596610834,0.06608801398369597,324.15516415426254,5878.468670438519,1444.3223548783594,3062.746124292527,843.6954652648735,369.0813700977148,158.62335590504645,6.05491834437418,474.6981886067342,0.0,6359.221777389628,6683.376941543891,0.0,0.0,262344.82548119116,269028.202422735,2.2011950701824166,0.010608980662768401,0.208125207699842,0.2187341883626104,268445.4383857404,582.7640369946275,55167.374742923574,132707.65636677825,44270.277766610256,176977.9341333885,30344.954446029304,5955.175063399021,0.20550684367991115,19.530291373630124,75319.03050415093,96592.8667189568,0.2805748198109513,0.3598230884451033,58912.8953381327,58912.8953381327,0,0.0,0.0,0.0,0.0,0.0,0.0,0.0,0.0,0.0,0.0,0.0,none,5810.8042591057165,64723.69959723842,6208.678752937157,6208.678752937157,0.0,65121.57409106986,0.2154110468670722,0.5181811771623273,0.1728613500867164,0.0702933619006643,0.0232530639832198,0.09022828345006811,0.09695974396637075,0.10615386510119863,0.991791941515242,218971.35667819917,-5.820766091346741e-11,0.10819201462102501,0.10168151096576866,0.08242100731051241,0.05602100731051251,636.1357868118132,-311.98062265755067,0.023216861356724475,0.043673959661083395,0.044200531422429454,0.07704201462102502,0.10819201462102501,0.03284148319859556,0.0,69.57028928676704,0.0,False,0.0,0.0,0.0,0.0,0.0,0.10819201462102501,0.10168151096576866,0.08242100731051241,False,True,1,0.0,1.4620216203282572,1.5914473056889413,462.0216203282572,1070.7618671325938,5884.523588782894,4813.7617216503,4147.937282583596,0.13575408103127956,0.15668784534991487,649.9313554546046,0.021271014454248942,-0.01021053112501795,0.0,False,stress_wide_capacity
2049Q3,2049-09-30,2049,3,2049,124654.46934952997,37049.88348796399,0.01687166616883795,0.0641630063799527,0.06656716541764789,320.38462610453894,6062.782726829273,1492.1673536974881,3157.618088780667,866.2117506855463,382.90079567280355,163.88473799276667,6.05491834437418,492.8565461982084,0.0,6561.694191371856,6882.078817476395,0.0,0.0,269028.202422735,275910.2812402114,2.2134006320027044,0.010280726484220423,0.2105562432093125,0.22083696969353292,275327.5172032168,582.7640369946275,56543.68380104602,136018.43108446093,45374.72735442752,181393.15843888844,31286.930905606267,6103.744057676066,0.20536880721338008,19.568682730612647,76905.68948197686,98629.2900841684,0.27932438523830316,0.3582253277334826,60225.239180361394,60225.23918036139,0,0.0,0.0,0.0,0.0,0.0,0.0,0.0,0.0,0.0,0.0,0.0,none,5955.175063399021,66180.4142437604,6389.222271278187,6389.222271278187,0.0,66614.46145163957,0.2154110468670722,0.5181811771623273,0.1728613500867164,0.0702933619006643,0.0232530639832198,0.09073953210881319,0.09756143232985214,0.10706612447622206,0.992207418153573,225533.05086957102,0.0,0.10907887173629223,0.10234665380221908,0.08286443586814601,0.05646443586814612,643.2127769837763,-322.82815087923734,0.02356272327922264,0.0441630063799527,0.04468957814129876,0.07792887173629223,0.10907887173629223,0.033239293594993474,0.0,70.06828169095786,0.0,False,0.0,0.0,0.0,0.0,0.0,0.10907887173629223,0.10234665380221908,0.08286443586814601,False,True,1,0.0,1.4657364727672677,1.598255658948342,465.7364727672677,1085.539716289704,6068.837645173648,4983.297928883943,4288.69818263248,0.13761875382444605,0.15668784534991487,671.986877592779,0.02156318601649281,-0.010359136020194518,0.0,False,stress_wide_capacity
2049Q4,2049-12-31,2049,4,2050,127154.08415763489,37205.43143622914,0.016899406150446605,0.0646622264985293,0.06705621213651719,340.83382201784195,6253.545366380691,1541.930308207941,3255.6160744616527,889.6113469480576,397.0316956200164,169.35594114302214,6.057832164559153,511.8000119099707,0.0,6771.403210455221,7112.237032473063,0.0,0.0,275910.2812402114,283022.5182726845,2.2258232611845727,0.010721915045852714,0.21301410034334745,0.22373601538920015,282439.7542356899,582.7640369946275,57965.490849425696,139438.65330956213,46515.6878089644,185954.34111852653,32262.69782570521,6257.224442032431,0.20523134572994545,19.57587396786308,78672.47564588624,100649.87253591024,0.27854604200029065,0.3563587314692254,61433.81725023588,61433.81725023589,0,0.0,0.0,0.0,0.0,0.0,0.0,0.0,0.0,0.0,0.0,0.0,none,6103.744057676066,67537.56130791195,6600.437020563092,6600.437020563092,0.0,68034.25427079898,0.2154110468670722,0.5181811771623273,0.1728613500867164,0.0702933619006643,0.0232530639832198,0.09124408096843156,0.0981681897465784,0.10795239639035346,0.9925967320356641,232304.45408002625,0.0,0.1099849558190699,0.10302621686430233,0.08331747790953485,0.056917477909534955,674.9530473168393,-334.1192252989973,0.023915685024066415,0.0446622264985293,0.04518879825987625,0.07883495581906991,0.1099849558190699,0.03364615755919366,0.0,70.57161142637793,0.0,False,0.0,0.0,0.0,0.0,0.0,0.1099849558190699,0.10302621686430233,0.08331747790953485,False,True,1,0.0,1.4756797326032352,1.6052116165790276,475.6797326032351,1100.5683896254868,6259.60319854525,5159.034808919763,4434.514130280458,0.13950048587610986,0.15668784534991487,694.8344642473966,0.021858030557193885,-0.0105106879582345,0.0,False,stress_wide_capacity
2050Q1,2050-03-31,2050,1,2050,129738.78431488949,37359.19331472124,0.016633883558100138,0.06608899368145653,0.06755543225509468,336.75136987298106,6450.86630146859,1593.8329875261963,3355.976261398082,913.8503468966891,412.14580578977007,175.06089985785167,6.057832164559153,531.5964341398906,0.0,6988.520567773039,7325.27193764602,0.0,0.0,283022.5182726845,290347.7902103305,2.2379413507191983,0.010382442587272918,0.21546434567511208,0.22584678826238497,289765.0261733359,582.7640369946275,59428.92360171113,142959.0080792278,47690.05172855153,190649.05980777933,33271.84455064875,6415.198213196692,0.2050935007117148,19.601006468362428,80591.74442071191,102924.27608875574,0.2781279213886301,0.3551990985523111,63109.98964880662,63109.98964880662,0,0.0,0.0,0.0,0.0,0.0,0.0,0.0,0.0,0.0,0.0,0.0,none,6257.224442032431,69367.21409083906,6793.67550350613,6793.67550350613,0.0,69903.66515231275,0.2154110468670722,0.5181811771623273,0.1728613500867164,0.0702933619006643,0.0232530639832198,0.09178198644403597,0.09876981676828683,0.10873979036303495,0.9931612781006705,239292.97464779927,0.0,0.11090961838088677,0.10371971378566497,0.08377980919044328,0.05737980919044339,682.6239925312635,-345.87262265828247,0.024272204811111052,0.046088993681456525,0.045698785691432084,0.07975961838088677,0.11090961838088677,0.03406083268945469,0.0,71.0713869719833,0.0,False,0.0,0.0,0.0,0.0,0.0,0.11090961838088677,0.10371971378566497,0.08377980919044328,False,True,1,0.0,1.4752226715364423,1.6123102001706977,475.22267153644225,1115.855370448568,6456.924133633149,5341.068763184581,4585.453903946248,0.14137496133205243,0.15668784534991487,718.4848921606931,0.022151738077546827,-0.010663661586925733,0.0,False,stress_wide_capacity
2050Q2,2050-06-30,2050,2,2050,132391.95896559453,37513.52418957201,0.01662667836580556,0.06660995906907188,0.06846511863361841,332.4838590359557,6657.35725761384,1647.8098093631643,3460.507653807817,939.0201384535011,429.0286618466542,180.99099414270256,6.057832164559153,555.4266650982426,0.0,7218.841754876642,7551.325613912598,0.0,0.0,290347.7902103305,297899.1158242431,2.250129978827943,0.010045439666690336,0.2181051420729455,0.22815058173963587,297316.3517872485,582.7640369946275,60935.91751805148,146584.15123183306,48899.37226591382,195483.52349774688,34319.036472376465,6577.874299073613,0.2049531320822057,19.616227241963834,82364.73069663663,105076.56758144748,0.277027247917984,0.3534167123664877,64590.72242617746,64590.72242617746,0,0.0,0.0,0.0,0.0,0.0,0.0,0.0,0.0,0.0,0.0,0.0,none,6415.198213196692,71005.92063937415,6995.898948814355,6995.898948814355,0.0,71586.62137499181,0.2154110468670722,0.5181811771623273,0.1728613500867164,0.0702933619006643,0.0232530639832198,0.09231808826257155,0.09945096189156113,0.10971227235572203,0.9935657664325981,246511.8164026759,0.0,0.11185138081650313,0.10442603561237725,0.08425069040825146,0.05785069040825157,690.4652225828378,-357.9813635468821,0.024627033267096667,0.04660995906907188,0.04621975107904744,0.08070138081650313,0.11185138081650313,0.034481629737455693,0.0,71.5797399922816,0.0,False,0.0,0.0,0.0,0.0,0.0,0.11185138081650313,0.10442603561237725,0.08425069040825146,False,True,1,0.0,1.4770807591416868,1.619540058552313,477.08075914168677,1131.5561707024542,6663.415089778399,5531.858919075945,4743.812210708767,0.14332629406719694,0.15668784534991487,743.2977140405732,0.022457488199377373,-0.010815803809955341,0.0,False,stress_wide_capacity
2050Q3,2050-09-30,2050,3,2050,135117.4555201043,37668.83361053588,0.016663492110038813,0.0671418963361576,0.06898608402123377,327.86719256139656,6870.870115446137,1703.9416289286503,3568.8351440435736,965.2889456578624,445.6436911582364,187.16070565781752,6.057832164559153,577.1604638697875,0.0,7454.088411480483,7781.955604041879,0.0,0.0,297899.1158242431,305681.071428285,2.262335908055953,0.009706138745711143,0.22066988703384455,0.23037602577955568,305098.3073912904,582.7640369946275,62487.90998165874,150317.54045878086,50144.80288094217,200462.343339723,35402.64620845452,6745.407861454027,0.20481237839683467,19.629454771929595,84372.30107754056,107415.5813990391,0.2765413607140487,0.3520687555348447,66206.25696935788,66206.25696935787,0,0.0,0.0,0.0,0.0,0.0,0.0,0.0,0.0,0.0,0.0,0.0,none,6577.874299073613,72784.13126843148,7204.795140172092,7204.795140172092,0.0,73411.05210952996,0.2154110468670722,0.5181811771623273,0.1728613500867164,0.0702933619006643,0.0232530639832198,0.09286839801624083,0.10008876180590352,0.11062717291314081,0.9940049601691124,253965.90481415638,0.0,0.11281227256603311,0.10514670442452473,0.08473113628301646,0.05833113628301656,698.4899066444593,-370.62271408306276,0.024991263592726763,0.04714189633615759,0.04675168834613315,0.08166227256603312,0.11281227256603311,0.03491058421989997,0.0,72.09272224302627,0.0,False,0.0,0.0,0.0,0.0,0.0,0.11281227256603311,0.10514670442452473,0.08473113628301646,False,True,1,0.0,1.4788977159220758,1.6269167716239248,478.89771592207575,1147.4129203432317,6876.927947610696,5729.515027267464,4907.802715601503,0.14528996854507123,0.15668784534991487,768.9930329100606,0.022765172122284117,-0.010971867777007312,0.0,False,stress_wide_capacity
2050Q4,2050-12-31,2050,4,2051,137917.2125780826,37824.957855723114,0.01668196607876249,0.06768448456526073,0.06951802128832037,358.16153210259057,7092.864143566904,1762.3507832331568,3681.169196995105,992.7637358796178,463.0008575936986,193.5795698653272,6.063659804929099,599.8614747417143,0.0,7698.789278113547,8056.950810216137,0.0,0.0,305681.071428285,313738.0222385011,2.2748286190955067,0.010387725372561904,0.2232872644161028,0.2336749897886647,313155.2582015065,582.7640369946275,64094.249401994566,154181.66378884166,51433.84541118953,205615.5092000312,36526.691562580316,6918.808036900398,0.20467243555192594,19.621395129261938,86238.31512276472,109869.02896984809,0.2753851735335474,0.3508452312148324,67714.83329574994,67714.83329574994,0,0.0,0.0,0.0,0.0,0.0,0.0,0.0,0.0,0.0,0.0,0.0,none,6745.407861454027,74460.24115720397,7457.089335474423,7457.089335474423,0.0,75171.92263122436,0.2154110468670722,0.5181811771623273,0.1728613500867164,0.0702933619006643,0.0232530639832198,0.09342122205209759,0.1007427675144058,0.11166975181986577,0.9944154714446372,261664.69409226993,0.0,0.11379191404956772,0.10588143553717569,0.08522095702478376,0.05882095702478386,741.9116927405296,-383.750160637939,0.025360281340495755,0.047684484565260726,0.047294276575236285,0.08264191404956772,0.11379191404956772,0.035347637474331436,0.0,72.61160601944405,0.0,False,0.0,0.0,0.0,0.0,0.0,0.11379191404956772,0.10588143553717569,0.08522095702478376,False,True,1,0.0,1.481623841301301,1.6344374253714653,481.62384130130096,1163.5255520297226,7098.927803371833,5935.4022513421105,5078.678268030702,0.14729643017271338,0.15668784534991487,795.7671550431681,0.023079560271496644,-0.0111298699695131,0.0,False,stress_wide_capacity
2051Q1,2051-03-31,2051,1,2051,140751.10479208842,37980.81645154135,0.016584242999844845,0.0670628284930976,0.07006060951742173,353.44941930066426,7323.631285775451,1823.3518297558305,3798.245612400306,1021.2057302813271,480.54432982755475,200.28378351043665,6.063659804929099,623.6175519536918,0.0,7953.312497534072,8306.761916834736,0.0,0.0,313738.0222385011,322044.78415533586,2.288044450031471,0.010044664866333087,0.22602486877193237,0.23606953363826547,321462.02011834126,582.7640369946275,65749.28357286444,158162.92458014382,52761.96411901402,210924.88869915783,37690.38316190964,7097.464684409292,0.20453204253696863,19.6516590420383,88255.32382772477,112458.03434944531,0.2745435488622729,0.3498330356663771,69710.1604083068,69710.16040830678,0,0.0,0.0,0.0,0.0,0.0,0.0,0.0,0.0,0.0,0.0,0.0,none,6918.808036900398,76628.96844520718,7683.144364881044,7683.144364881044,0.0,77393.30477318782,0.2154110468670722,0.5181811771623273,0.1728613500867164,0.0702933619006643,0.0232530639832198,0.09400481289055594,0.10140068380348273,0.11239141622371189,0.9950268212123102,269618.006589804,0.0,0.11479091799758218,0.10663068849818653,0.085720458998791,0.05932045899879109,750.7450487624544,-397.29562946179016,0.025736243313307774,0.04706282849309759,0.047847866859295166,0.08364091799758218,0.11479091799758218,0.03579305113828701,0.0,73.15622354416908,0.0,False,0.0,0.0,0.0,0.0,0.0,0.11479091799758218,0.10663068849818653,0.085720458998791,False,True,1,0.0,1.4766911919680201,1.642106723693066,476.69119196802006,1179.9118295818912,7329.69494558038,6149.783115998489,5256.601366211899,0.1493871433258511,0.15668784534991487,823.6455419351613,0.023407149610706522,-0.01129072855374481,0.0,False,stress_wide_capacity
2051Q2,2051-06-30,2051,2,2051,143664.2297474424,38137.849082783,0.01664094836566221,0.06762748803634143,0.07069827547201375,348.2812683908021,7565.036783214175,1886.8551547531147,3919.447053055211,1050.5690561690706,500.8991154083991,207.2664038283838,6.063659804929099,649.1948371650925,0.0,8220.295280184197,8568.576548574998,0.0,0.0,322044.78415533586,330613.3607039108,2.3012921259879344,0.009697090751207048,0.22887521256015472,0.23857230331136176,330030.5966669162,582.7640369946275,67455.20587785919,162266.59911776002,54130.91913350038,216397.5182512604,38896.25796374438,7281.614574052248,0.20439076424765076,19.639174363373105,90348.62816735829,115114.93204578264,0.27375833962007695,0.3488007875886808,71169.85593823687,71169.85593823687,0,0.0,0.0,0.0,0.0,0.0,0.0,0.0,0.0,0.0,0.0,0.0,none,7097.464684409292,78267.32062264616,7919.381711409906,7919.381711409906,0.0,79089.23764964678,0.2154110468670722,0.5181811771623273,0.1728613500867164,0.0702933619006643,0.0232530639832198,0.09457811148640069,0.10210126894921794,0.11359557619634919,0.995430320272649,277838.3018699882,-5.820766091346741e-11,0.11581151681313885,0.10739613760985404,0.08623075840656932,0.05983075840656943,759.7946524356864,-411.51338404488433,0.026126652049774032,0.047627488036341425,0.048412526402539,0.08466151681313885,0.11581151681313885,0.036248990410599854,0.0,73.70610246517705,0.0,False,0.0,0.0,0.0,0.0,0.0,0.11581151681313885,0.10739613760985404,0.08623075840656932,False,True,1,0.0,1.4810541230132956,1.6499418046241607,481.0541230132956,1196.5829420636849,7571.100443019103,6374.517500955419,5443.37339403083,0.1515582105190728,0.15668784534991487,852.910448545744,0.023747329451322324,-0.0114576435559029,0.0,False,stress_wide_capacity
2051Q3,2051-09-30,2051,3,2051,146659.8572237477,38296.16756660389,0.016708549671523798,0.0682034121070891,0.07126293501525759,342.5909283577977,7814.191849632089,1953.0224274143582,4045.466310003471,1081.09801647339,520.0602144452346,214.54488129563754,6.063659804929099,675.1808546285929,0.0,8495.43636406561,8838.027292423409,0.0,0.0,330613.3607039108,339451.38799633423,2.314548741708232,0.009343822770402209,0.23170447660002216,0.24104829937042438,338868.62395933963,582.7640369946275,69213.57317443972,166496.4324938919,55541.95978928815,222038.39228318003,40145.232737164435,7471.425764555489,0.20424898701375363,19.647081954399372,92444.46194655838,117820.15323026496,0.27280325002190425,0.3476868169547678,73187.841385601,73187.841385601,0,0.0,0.0,0.0,0.0,0.0,0.0,0.0,0.0,0.0,0.0,0.0,none,7281.614574052248,80469.45595965325,8162.846437794815,8162.846437794815,0.0,81350.68782339581,0.2154110468670722,0.5181811771623273,0.1728613500867164,0.0702933619006643,0.0232530639832198,0.09517268177206188,0.10278394491956318,0.11447410067002357,0.9958055888979491,286333.73823405383,0.0,0.1168556646269963,0.10817924847024712,0.08675283231349805,0.06035283231349815,769.0698063954186,-426.4788780376209,0.026534273461847474,0.0482034121070891,0.04898845047328668,0.0857056646269963,0.1168556646269963,0.036717214153709626,0.0,74.2594482088994,0.0,False,0.0,0.0,0.0,0.0,0.0,0.1168556646269963,0.10817924847024712,0.08675283231349805,False,True,1,0.0,1.4804627948800262,1.6579576699190237,480.46279488002614,1213.2468061689397,7820.255509437017,6607.008703268078,5636.561449923518,0.15373154063076028,0.15668784534991487,883.1806687709081,0.024087863863756723,-0.011631782168912787,0.0,False,stress_wide_capacity
2051Q4,2051-12-31,2051,4,2052,149739.351022937,38455.35118505412,0.016730538514164506,0.06879124222060982,0.07183885908600526,379.61737330205017,8074.048970264087,2021.9995236270988,4176.4334954786755,1112.7068360486144,540.779994003991,222.12912110571048,6.070944355391532,702.3493845180709,0.0,8782.469299137549,9162.086672439598,0.0,0.0,339451.38799633423,348613.4746687738,2.3281353384213173,0.010140751130780595,0.2346068482103213,0.24474759934110185,348030.7106317792,582.7640369946275,71035.89403985131,170880.10912023106,57004.3213982572,227884.43051848825,41442.24549644692,7668.14057699276,0.20410811997280365,19.61843868142132,94861.57164502484,121604.22925189445,0.27256666939771745,0.3494066056157705,74695.48110604357,74695.48110604357,0,0.0,0.0,0.0,0.0,0.0,0.0,0.0,0.0,0.0,0.0,0.0,none,7471.425764555489,82166.90687059906,8459.737287921529,8459.737287921529,0.0,83155.2183939651,0.2154110468670722,0.5181811771623273,0.1728613500867164,0.0702933619006643,0.0232530639832198,0.09576068779542761,0.103490156289859,0.1156152407132597,0.996162198931633,295116.20753319137,0.0,0.11792194507746732,0.10897895880810039,0.08728597253873356,0.060885972538733665,821.656205407177,-442.03883210512686,0.02694760929545451,0.04879124222060982,0.049576280586807395,0.08677194507746733,0.11792194507746732,0.03719566449065993,0.0,74.81952415207131,0.0,False,0.0,0.0,0.0,0.0,0.0,0.11792194507746732,0.10897895880810039,0.08728597253873356,False,True,1,0.0,1.4897374304826252,1.6661434462469416,489.73743048262514,1230.1135934004612,8080.119914619479,6850.006321219017,5838.719427770544,0.15597020790817165,0.15668784534991487,914.8563667400545,0.024438635815909666,-0.011808220860725265,0.0,False,stress_wide_capacity
2052Q1,2052-03-31,2052,1,2052,152956.74225466626,38614.18528165137,0.01662404476801327,0.07095281684135271,0.07242668919952598,373.47564028828066,8343.7367672766,2094.1726988740334,4312.208776514698,1145.610127166835,561.6793005722043,230.06586414883165,6.070944355391532,730.8211761820751,0.0,9080.628887814066,9454.104528102347,0.0,0.0,348613.4746687738,358067.5791968762,2.340972839240453,0.009766830406637717,0.2374692021799266,0.24723603258656435,357484.8151598816,582.7640369946275,72914.98563880655,175400.35035624966,58512.23993565911,233912.59029190877,42786.25558624755,7870.983642918716,0.20396666528673682,19.631334341634172,97318.9366456292,125489.70294352248,0.2722323648966859,0.35103505833499093,77033.7053188022,77033.7053188022,0,0.0,0.0,0.0,0.0,0.0,0.0,0.0,0.0,0.0,0.0,0.0,none,7668.14057699276,84701.84589579496,8723.283351920272,8723.283351920272,0.0,85756.98867072247,0.2154110468670722,0.5181811771623273,0.1728613500867164,0.0702933619006643,0.0232530639832198,0.09638514048142273,0.10419137007187451,0.11641588971546528,0.9966946250826367,304196.8364210054,5.820766091346741e-11,0.11901129183213664,0.10979596887410238,0.08783064591606822,0.061430645916068324,831.9151985667728,-458.43955827849214,0.027370843025265656,0.05095281684135271,0.0501768113827821,0.08786129183213665,0.11901129183213664,0.037684480449354546,0.0,75.36246122509355,0.0,False,0.0,0.0,0.0,0.0,0.0,0.11901129183213664,0.10979596887410238,0.08783064591606822,False,True,1,0.0,1.487130711312642,1.674506301322571,487.1307113126419,1247.3756267295284,8349.807711631991,7102.4320849024625,6048.575644475722,0.15817741814623926,0.15668784534991487,947.7382851688735,0.024784478832346753,-0.0119887375089412,0.0,False,stress_wide_capacity
2052Q2,2052-06-30,2052,2,2052,156265.17238832376,38773.56209029397,0.016612159179180797,0.07156613717142433,0.07271253307336581,367.065637434346,8626.42886242158,2169.4266586990148,4453.392464224056,1179.5111713634153,585.7631045405743,238.3354635945214,6.070944355391532,757.4234205699049,0.0,9389.923227346877,9756.988864781222,0.0,0.0,358067.5791968762,367824.5680616574,2.3538486691557994,0.009395967938964073,0.24035869500115173,0.24975466294011578,367241.8040246628,582.7640369946275,74853.59145249284,180063.75577208048,60067.91696853924,240131.67274061972,44176.28871753613,8080.251114014136,0.20382644522535323,19.605689297380852,99827.12691560056,129518.1485662667,0.271829420892662,0.3526781187404489,78719.80217687268,78719.80217687268,0,0.0,0.0,0.0,0.0,0.0,0.0,0.0,0.0,0.0,0.0,0.0,none,7870.983642918716,86590.78581979139,8999.565444211317,8999.565444211317,0.0,87719.36762108399,0.2154110468670722,0.5181811771623273,0.1728613500867164,0.0702933619006643,0.0232530639832198,0.09699719427936664,0.10489554232648376,0.11769297432972284,0.9969865711914386,313586.7596483523,0.0,0.12012105648139394,0.11062829236104536,0.08838552824069687,0.061985528240696974,842.4203886072205,-475.3547511728745,0.027791247122741336,0.05156613717142433,0.05079013171285372,0.08897105648139395,0.12012105648139394,0.03818092476854022,0.0,75.91361255053972,0.0,False,0.0,0.0,0.0,0.0,0.0,0.12012105648139394,0.11062829236104536,0.08838552824069687,False,True,1,0.0,1.4913924506188716,1.683025903451108,491.3924506188716,1264.7913250083982,8632.499806776972,7367.708481768574,6269.6732025064175,0.16048805006725586,0.15668784534991487,982.381585148831,0.02514652676944758,-0.012167900086952283,0.0,False,stress_wide_capacity
2052Q3,2052-09-30,2052,3,2052,159670.39474221625,38934.06098165559,0.01666065089843194,0.0721925851186832,0.07332585340343743,360.12256992365843,8918.319218848092,2247.87312167502,4600.2784705319045,1214.4529200512245,608.7539838721964,246.96072271774742,6.070944355391532,788.4552936684075,0.0,9712.84545687189,10072.968026795548,0.0,0.0,367824.5680616574,377897.53608845297,2.366735152741113,0.00902164914178529,0.24332238853803875,0.25234403767982405,377314.77205145836,582.7640369946275,76853.57805998642,184874.81550951093,61672.85037448491,246547.66588399583,45617.38362482557,8296.14448265056,0.20368557966107168,19.593495807610473,102444.23181650919,133722.28125229667,0.2715086696964459,0.35440510459012603,80929.97327140745,80929.97327140745,0,0.0,0.0,0.0,0.0,0.0,0.0,0.0,0.0,0.0,0.0,0.0,none,8080.251114014136,89010.22438542158,9284.512733127141,9284.512733127141,0.0,90214.48600453458,0.2154110468670722,0.5181811771623273,0.1728613500867164,0.0702933619006643,0.0232530639832198,0.09762642187869067,0.10562476028239366,0.11868312167463659,0.997243083508453,323299.6051052242,0.0,0.12125398405721646,0.11147798804291224,0.08895199202860812,0.06255199202860823,853.193058304237,-493.0704883805785,0.02822408428574019,0.0521925851186832,0.051416579660112594,0.09010398405721647,0.12125398405721646,0.03868740439710387,0.0,76.4693493137107,0.0,False,0.0,0.0,0.0,0.0,0.0,0.12125398405721646,0.11147798804291224,0.08895199202860812,False,True,1,0.0,1.4919119798997271,1.691723326091949,491.9119798997271,1282.1076704422244,8924.390163203483,7642.282492761258,6498.5849980145695,0.16279999829665026,0.15668784534991487,1018.2492811621837,0.02550878095607194,-0.012352208164240545,0.0,False,stress_wide_capacity
2052Q4,2052-12-31,2052,4,2053,163174.75575704177,39095.37424785389,0.016676254588890327,0.07283172835284543,0.07395230135069719,375.81791415684074,9222.565342992644,2329.7006322064085,4753.014369339445,1250.5234513556643,633.3720692774074,255.95482081372577,6.072401265484019,820.94933100329,0.0,10049.58707526142,10425.40498941826,0.0,0.0,377897.53608845297,388322.94107787125,2.3797978999647635,0.009212648425015275,0.24635151506461456,0.25556416348962985,387740.17704087665,582.7640369946275,78922.48390795397,189851.66364859178,63333.08954644653,253184.7531950383,47113.4624332847,8519.47750459968,0.2035447667824058,19.566333882958666,105888.16385943942,138002.5078826967,0.2730905130016392,0.35591490398517067,82925.25545708179,82925.25545708177,0,0.0,0.0,0.0,0.0,0.0,0.0,0.0,0.0,0.0,0.0,0.0,none,8296.14448265056,91221.39993973234,9604.45565841497,9604.45565841497,0.0,92529.71111549674,0.2154110468670722,0.5181811771623273,0.1728613500867164,0.0702933619006643,0.0232530639832198,0.09826043974117653,0.10637367133199993,0.11988128051755079,0.9974738978810394,333349.1921804856,0.0,0.12240904686459848,0.11234428514844876,0.08952952343229914,0.06312952343229924,887.2939665125706,-511.47605235572985,0.028661050661136597,0.05283172835284543,0.05205572289427482,0.09125904686459849,0.12240904686459848,0.03920332397032367,0.0,77.0321713577913,0.0,False,0.0,0.0,0.0,0.0,0.0,0.12240904686459848,0.11234428514844876,0.08952952343229914,False,True,1,0.0,1.494402911152184,1.7005906796871022,494.40291115218395,1299.5109744148833,9228.637744258129,7929.126769843246,6738.082483908315,0.16517463017235212,0.15668784534991487,1055.7756261935963,0.02588085690817489,-0.012538117185658044,0.0,False,stress_wide_capacity
2053Q1,2053-03-31,2053,1,2053,166748.17688183094,39257.32197788724,0.01667274325676593,0.07263338914605039,0.07459144458485853,368.34577404910385,9539.124281928336,2415.2065078398145,4912.329642058442,1287.894877013969,658.3383634816855,265.3548915344286,6.072401265484019,855.0076227401947,0.0,10400.204305934016,10768.550079983119,0.0,0.0,388322.94107787125,399091.4911578543,2.3933784381983236,0.008835977242741037,0.24948289091770534,0.25831886816044636,398508.7271208597,582.7640369946275,81057.97046682984,194988.6747489346,65046.75787974751,260035.43262868212,48665.32628368948,8749.997741658315,0.20340325054474045,19.57754590970493,109459.41420517422,142479.94534403135,0.2746725648795575,0.357532810820527,85518.94867808984,85518.94867808986,0,0.0,0.0,0.0,0.0,0.0,0.0,0.0,0.0,0.0,0.0,0.0,none,8519.47750459968,94038.42618268954,9913.542457242924,9913.542457242924,0.0,95432.49113533278,0.2154110468670722,0.5181811771623273,0.1728613500867164,0.0702933619006643,0.0232530639832198,0.09893026421604759,0.1071294348674439,0.12077724794785531,0.9978797038561097,343749.3964864196,-5.820766091346741e-11,0.12358740169976999,0.1132280512748274,0.0901187008498849,0.063718700849885,898.9315979328737,-530.5858238837699,0.029107352589281765,0.05263338914605038,0.052708053493533746,0.09243740169977,0.12358740169976999,0.03972934820623625,0.0,77.61524017923276,0.0,False,0.0,0.0,0.0,0.0,0.0,0.12358740169976999,0.1132280512748274,0.0901187008498849,False,True,1,0.0,1.4925560278163772,1.709636844897553,492.5560278163772,1317.1333029579228,9545.19668319382,8228.063380235897,6987.758885327599,0.16762423472322815,0.15668784534991487,1094.8968835667044,0.026264680167211008,-0.012727835081753942,0.0,False,stress_wide_capacity
2053Q2,2053-06-30,2053,2,2053,170428.53182602304,39420.46185350922,0.0167265230646938,0.0732988911158479,0.07543378813288454,360.25248060657054,9871.147575514824,2504.4359892630478,5078.125179246097,1326.7319699464886,686.6872791107322,275.16715794845646,6.072401265484019,892.8776841269096,0.0,10770.097660907219,11130.350141513789,0.0,0.0,399091.4911578543,410221.8412993681,2.4070021427992527,0.008455215256429567,0.25277686888487794,0.2612320841413075,409639.0772623735,582.7640369946275,83263.23512614836,200293.54027807023,66816.42119020698,267109.9614682772,50277.83032421155,8988.050343736384,0.2032599909232251,19.5509567974583,113194.16736431503,147126.84204333802,0.27632658515099195,0.35916212639328693,87427.77329230921,87427.7732923092,0,0.0,0.0,0.0,0.0,0.0,0.0,0.0,0.0,0.0,0.0,0.0,none,8749.997741658315,96177.77103396751,10237.472457386879,10237.472457386879,0.0,97665.24574969607,0.2154110468670722,0.5181811771623273,0.1728613500867164,0.0702933619006643,0.0232530639832198,0.09959258318393034,0.1079461516922923,0.12214471092568562,0.9980841236917404,354519.4941473268,0.0,0.12479073324254653,0.1141305499319098,0.09072036662127317,0.06432036662127327,910.8751410826017,-550.6226604760311,0.02956746318065235,0.0532988911158479,0.053373555463331265,0.09364073324254653,0.12479073324254653,0.04026717777921526,0.0,78.20527297178776,0.0,False,0.0,0.0,0.0,0.0,0.0,0.12479073324254653,0.1141305499319098,0.09072036662127317,False,True,1,0.0,1.4977341060773708,1.7188747549175156,497.73410607737077,1334.9471004232212,9877.219976780309,8542.272876357087,7250.755032539226,0.17017702270511714,0.15668784534991487,1136.1051832086232,0.026664671015728347,-0.012923250692275354,0.0,False,stress_wide_capacity
2053Q3,2053-09-30,2053,3,2053,174221.02880104017,39585.045385502934,0.016805194044900995,0.07397786116193819,0.07609929010268206,351.39000778719037,10214.9951987737,2597.6200408846526,5250.749223243498,1367.020820361275,714.1857854883006,285.4193287959805,6.072401265484019,930.3819189635183,0.0,11151.449519002703,11502.839526789892,0.0,0.0,410221.8412993681,421724.68082615803,2.4206301829830554,0.00806768299338828,0.25602993153570736,0.2640976145290956,421141.9167891634,582.7640369946275,85540.65928740798,205771.98880679248,68643.99048603044,274415.9792928229,51951.38583198145,9233.892376951047,0.20311599457869273,19.54289610523422,117069.85392275787,151882.18324324983,0.2779819563327073,0.36064370984778205,89965.1311806712,89965.1311806712,0,0.0,0.0,0.0,0.0,0.0,0.0,0.0,0.0,0.0,0.0,0.0,none,8988.050343736384,98953.18152440758,10572.457607826376,10572.457607826376,0.0,100537.58878849758,0.2154110468670722,0.5181811771623273,0.1728613500867164,0.0702933619006643,0.0232530639832198,0.10027696093717489,0.10873579508766033,0.12320777408368656,0.9983003884013715,365670.9436663295,0.0,0.12602168674205716,0.11505376505654276,0.09133584337102847,0.06493584337102858,923.1411616930241,-571.7511539058337,0.030047703954870882,0.05397786116193819,0.05405252550942155,0.09487168674205715,0.12602168674205716,0.04081916123263561,0.0,78.79909887451004,0.0,False,0.0,0.0,0.0,0.0,0.0,0.12602168674205716,0.11505376505654276,0.09133584337102847,False,True,1,0.0,1.4980821981335872,1.7283247171789549,498.0821981335872,1352.9158826226546,10221.067600039185,8868.151717416531,7523.405107461597,0.1727324229281943,0.15668784534991487,1178.8261359827025,0.027065071170688997,-0.013127029678117023,0.0,False,stress_wide_capacity
2053Q4,2053-12-31,2053,4,2054,178127.79113454217,39750.57247566708,0.01683142986054409,0.0746708584425889,0.07677826014877234,388.9056756479886,10574.23779583822,2694.9945421066927,5430.455901654847,1408.9033993860794,743.7560494148405,296.1279032757647,6.073858175576505,969.6951656365961,0.0,11550.006819650393,11938.91249529838,0.0,0.0,421724.68082615803,433663.5933214564,2.4345644806986058,0.008733183590745661,0.2593645100763985,0.26809769366714414,433080.8292844618,582.7640369946275,87903.54987570285,211456.03075522598,70540.14420303037,281996.17495825636,53692.144161139,9488.960289363518,0.20297261834687422,19.56717171054851,120279.0263239862,156120.28672851154,0.27772881686476814,0.36048764150205914,92983.1049434545,92983.1049434545,0,0.0,0.0,0.0,0.0,0.0,0.0,0.0,0.0,0.0,0.0,0.0,none,9233.892376951047,102216.99732040554,10969.217329661784,10969.217329661784,0.0,103952.32227311628,0.2154110468670722,0.5181811771623273,0.1728613500867164,0.0702933619006643,0.0232530639832198,0.10100536375178762,0.10955020983855103,0.12444166168119856,0.9984946815835615,377220.9504859799,0.0,0.12727868950040483,0.11599651712530352,0.09196434475020232,0.06556434475020242,982.6737537628994,-593.7680781149108,0.03053481614728827,0.0546708584425889,0.05474552279007226,0.09612868950040483,0.12727868950040483,0.04138316671033257,0.0,79.40062462696575,0.0,False,0.0,0.0,0.0,0.0,0.0,0.12727868950040483,0.11599651712530352,0.09196434475020232,False,True,1,0.0,1.4793310081705122,1.7379746581666793,479.3310081705122,1370.9754276652534,10580.311654013796,9209.336226348543,7809.362269348231,0.17536538727861328,0.15668784534991487,1223.632147541096,0.027477624681639286,-0.013333530367901554,0.0,False,stress_wide_capacity
2054Q1,2054-03-31,2054,1,2054,182144.88634782372,39916.44603084165,0.01679620560674322,0.07524463801735676,0.07747125742942305,379.467644289694,10953.222114993223,2797.0621576532335,5622.26249824013,1452.5746449518429,773.9684719078732,307.35434224014386,6.073858175576505,1010.9851517580182,0.0,11970.281124926816,12349.74876921651,0.0,0.0,433663.5933214564,446013.34209067293,2.448673421657121,0.008333314251053152,0.2628738333519477,0.27120714760300085,445430.5780536783,582.7640369946275,90346.04481671785,217331.56463408598,72500.17819025839,289831.7428243444,55500.169127365116,9752.621285250885,0.2028285646923646,19.62804403024836,123639.5809121173,160439.3886537417,0.2775731775136857,0.36018943592688724,95959.18109866821,95959.18109866821,0,0.0,0.0,0.0,0.0,0.0,0.0,0.0,0.0,0.0,0.0,0.0,none,9488.960289363518,105448.14138803173,11338.763617458493,11338.763617458493,0.0,107297.9447161267,0.2154110468670722,0.5181811771623273,0.1728613500867164,0.0702933619006643,0.0232530639832198,0.10177094193830763,0.11041075441215334,0.12544056254556563,0.9988441553298927,389191.2316109067,0.0,0.12856291642812218,0.11695968732109152,0.09260645821406098,0.06620645821406108,996.2506722593849,-616.7830279696909,0.031033862996989757,0.055244638017356754,0.05545347457156308,0.09741291642812216,0.12856291642812218,0.0419594418565591,0.0,80.0144875200826,0.0,False,0.0,0.0,0.0,0.0,0.0,0.12856291642812218,0.11695968732109152,0.09260645821406098,False,True,1,0.0,1.4765719046310748,1.7478335976041786,476.5719046310748,1389.4326523597103,10959.295973168799,9569.863320809089,8112.24204460981,0.1781492131295672,0.15668784534991487,1271.0897269268992,0.02791381635605465,-0.013544888145624524,0.0,False,stress_wide_capacity
2054Q2,2054-06-30,2054,2,2054,186288.58127794557,40084.024114597516,0.01689893285416333,0.0759676574947639,0.07831257437618427,369.0441931985172,11351.26582677902,2903.7877523457696,5822.412074995042,1498.0755454516554,807.8880260724776,319.10242791407677,6.073858175576505,1056.0637363193705,0.0,12413.403421273966,12782.447614472483,0.0,0.0,446013.34209067293,458795.7897051454,2.462822930733552,0.007924139862290265,0.2665413700854368,0.27446550994772706,458213.0256681508,582.7640369946275,92872.03744387598,223407.95603592473,74527.21673907105,297935.1727749958,57380.51980941761,10025.295639861377,0.20268310205379494,19.655380674999204,127088.70514924263,164984.07080003605,0.27735725095096575,0.3600597572700205,98241.33371622476,98241.33371622478,0,0.0,0.0,0.0,0.0,0.0,0.0,0.0,0.0,0.0,0.0,0.0,none,9752.621285250885,107993.95500147567,11726.383878153112,11726.383878153112,0.0,109967.71759437789,0.2154110468670722,0.5181811771623273,0.1728613500867164,0.0702933619006643,0.0232530639832198,0.1025350928843154,0.11132764202152827,0.12689862362868995,0.9990400196978982,401604.6350321807,0.0,0.12987862989067883,0.11794647241800903,0.09326431494533932,0.06686431494533943,1010.2104340584607,-641.1662408599435,0.031559204559563694,0.0559676574947639,0.056176494048969114,0.09872862989067883,0.12987862989067883,0.04255213584170972,0.0,80.6353973948803,0.0,False,0.0,0.0,0.0,0.0,0.0,0.12987862989067883,0.11794647241800903,0.09326431494533932,False,True,1,0.0,1.480186454276713,1.757934257436553,480.18645427671294,1408.044778405092,11357.339684954595,9949.294906549503,8431.719918598414,0.18104641434824503,0.15668784534991487,1321.148026639145,0.028367772572554423,-0.013767161389313779,0.0,False,stress_wide_capacity
2054Q3,2054-09-30,2054,3,2054,190564.16286104772,40253.34833510968,0.017004294964633626,0.07670615939360191,0.07903559385359031,357.56421729202634,11764.95700531148,3015.5232445916085,6031.363064153132,1545.5031197455694,841.160254599202,331.40732222197187,6.073858175576505,1101.6423839517904,0.0,12872.673247438846,13230.237464730873,0.0,0.0,458795.7897051454,472026.02716987627,2.4769926311594066,0.007505382164699012,0.2702013443487823,0.27770672651348133,471443.26313288166,582.7640369946275,95484.67080725342,229692.76571220803,76623.78205938963,306316.54777159763,59334.72191672923,10307.3226373013,0.2025369292006194,19.69990141720725,130588.81815574314,169409.4142979735,0.2769979515412763,0.35934210443945513,101184.04177273702,101184.04177273704,0,0.0,0.0,0.0,0.0,0.0,0.0,0.0,0.0,0.0,0.0,0.0,none,10025.295639861377,111209.33741259841,12128.595080779083,12128.595080779083,0.0,113312.63685351612,0.2154110468670722,0.5181811771623273,0.1728613500867164,0.0702933619006643,0.0232530639832198,0.10332572972734212,0.11223009047848269,0.12806139200459488,0.9992213499961822,414477.30827961955,0.0,0.13122844856734991,0.11895883642551232,0.09393922428367485,0.06753922428367495,1024.5680675491105,-667.0038502570842,0.03211154664461458,0.05670615939360191,0.05691499594780912,0.1000784485673499,0.13122844856734991,0.0431634526195408,0.0,81.26177060249258,0.0,False,0.0,0.0,0.0,0.0,0.0,0.13122844856734991,0.11895883642551232,0.09393922428367485,False,True,1,0.0,1.4802630708906548,1.7682967411204604,480.2630708906547,1426.8683397945838,11771.030863487056,10344.162523692472,8764.163417375124,0.1839624677755518,0.15668784534991487,1373.2378821630548,0.028824682701004356,-0.014000614601255085,0.0,False,stress_wide_capacity
2054Q4,2054-12-31,2054,4,2055,194974.16712195188,40423.82662912739,0.017048455300998855,0.07746141174822044,0.0797740957524312,393.22484980530976,12198.28581817411,3132.5763029999985,6249.421117319123,1594.9110433294104,877.0850540498626,344.2923004757193,6.0767719957614785,1149.5054645243868,0.0,13353.86805469426,13747.09290449957,0.0,0.0,472026.02716987627,485773.1200743758,2.4914742667962564,0.008067219480606508,0.27396179200174187,0.2820290114823484,485190.3560373812,582.7640369946275,98198.33030569796,236220.59840125978,78801.4180320992,315022.016433359,61369.75415424703,10600.255144077248,0.20239134822814228,19.72478327713116,134366.6574250393,173968.23871141992,0.27693596081016725,0.3585566706895069,103768.75973296403,103768.75973296403,0,0.0,0.0,0.0,0.0,0.0,0.0,0.0,0.0,0.0,0.0,0.0,none,10307.3226373013,114076.08237026533,12597.587439975183,12597.587439975183,0.0,116366.3471729392,0.2154110468670722,0.5181811771623273,0.1728613500867164,0.0702933619006643,0.0232530639832198,0.10412582431617813,0.113162133323537,0.1294854889299009,0.9994052727237787,427831.1763343138,0.0,0.13261075910431117,0.11999556932823326,0.09463037955215547,0.06823037955215558,1087.2682121434589,-694.0433623381491,0.032675394375264524,0.057461411748220434,0.05767024830242676,0.10146075910431115,0.13261075910431117,0.04379051080188441,0.0,81.89810413006128,0.0,False,0.0,0.0,0.0,0.0,0.0,0.13261075910431117,0.11999556932823326,0.09463037955215547,False,True,1,0.0,1.484025343528371,1.7789086630273943,484.025343528371,1445.9286639742854,12204.362590169872,10758.433926195587,9113.447595264528,0.18696728350816394,0.15668784534991487,1427.966467411362,0.02929550080382088,-0.014238673206467212,0.0,False,stress_wide_capacity
2055Q1,2055-03-31,2055,1,2055,199532.1496528147,40595.64135923058,0.017110032025485555,0.07838861091996545,0.08052934810704795,380.69635158834114,12651.485987559769,3255.538781153623,6477.770383419053,1646.5921088921205,913.7557827462728,357.82893134870494,6.0767719957614785,1199.866983765925,0.0,13857.429743321456,14238.126094909798,0.0,0.0,485773.1200743758,500011.2461692856,2.5059182043560577,0.007631779685644676,0.27779843533853243,0.28543021502417715,499428.482132291,582.7640369946275,101006.9153501536,242976.77885561972,81055.22910483196,324032.00796045165,63486.124204267246,10903.434617418472,0.20224500396715142,19.787526376471053,138160.80880803533,178396.3270075775,0.2766378245352828,0.35720094746283015,107199.92867313155,107199.92867313155,0,0.0,0.0,0.0,0.0,0.0,0.0,0.0,0.0,0.0,0.0,0.0,none,10600.255144077248,117800.1838172088,13038.259111143872,13038.259111143872,0.0,120238.18778427542,0.2154110468670722,0.5181811771623273,0.1728613500867164,0.0702933619006643,0.0232530639832198,0.10496746291174636,0.11410618801797655,0.1305945813324463,0.9997276203578298,441688.60607763525,0.0,0.13402653529944028,0.12105740147458009,0.09533826764972003,0.06893826764972014,1103.1373521536884,-722.4410005653473,0.03325401458397353,0.058388610919965445,0.05844353613505508,0.10287653529944027,0.13402653529944028,0.0444329991643852,0.0,82.54079347304999,0.0,False,0.0,0.0,0.0,0.0,0.0,0.13402653529944028,0.12105740147458009,0.09533826764972003,False,True,1,0.0,1.4826925656854206,1.7897774989500614,482.69256568542056,1465.3091177213896,12657.56275955553,11192.25364183414,9479.500908049615,0.19003455682793807,0.15668784534991487,1485.3225722748555,0.029776105251395568,-0.014482698689356924,0.0,False,stress_wide_capacity
2055Q2,2055-06-30,2055,2,2055,204236.63452679157,40768.68209469941,0.017159504598722064,0.07918026385978022,0.0809236134742242,367.2596608123014,13128.281323421332,3384.401726416235,6716.621271014834,1700.4509554608635,954.7929702702359,372.0144002591698,6.0767719957614785,1247.1487130966748,0.0,14381.506808513768,14748.76646932607,0.0,0.0,500011.2461692856,514760.0126386117,2.5204097875549647,0.0071928263342808775,0.28166360735105467,0.28885643368533553,514177.2486016171,582.7640369946275,103915.31296542202,249973.06303813844,83389.13697852855,333362.200016667,65682.34702054695,11217.388598981051,0.202100177026571,19.815661369804037,142205.0158560451,183152.60571674476,0.27656808278233463,0.3562051923045137,109820.4316812366,109820.4316812366,0,0.0,0.0,0.0,0.0,0.0,0.0,0.0,0.0,0.0,0.0,0.0,none,10903.434617418472,120723.86629865508,13501.617756229396,13501.617756229396,0.0,123322.04943746599,0.2154110468670722,0.5181811771623273,0.1728613500867164,0.0702933619006643,0.0232530639832198,0.1058087879402267,0.11504946673655186,0.1321898210169292,0.9998922950995025,456070.112886149,5.820766091346741e-11,0.13547604202252697,0.12214453151689512,0.09606302101126338,0.06966302101126348,1119.4570749513136,-752.1974141390123,0.03384553026661775,0.059180263859780216,0.059235189074869854,0.10432604202252696,0.13547604202252697,0.04509085294765712,0.0,83.19346924742284,0.0,False,0.0,0.0,0.0,0.0,0.0,0.13547604202252697,0.12214453151689512,0.09606302101126338,False,True,1,0.0,1.486898294241633,1.800905282279259,486.89829424163287,1484.7999748910183,13134.358095417094,11649.558120526075,9866.38178124491,0.19323431967247084,0.15668784534991487,1545.9421027029202,0.030277469197136128,-0.01473188031876504,0.0,False,stress_wide_capacity
2055Q3,2055-09-30,2055,3,2055,209095.8811869043,40943.36104586292,0.01724900642824756,0.07999080095332212,0.08171526641403898,352.64412578313147,13624.637960998176,3519.508826521889,6966.42595011835,1756.6159947405918,995.1928652803807,386.8943243369651,6.0767719957614785,1302.551341692808,0.0,14933.266074686746,15285.910200469878,0.0,0.0,514760.0126386117,530045.9228390816,2.5349419597858556,0.006746075030868999,0.2856730795445629,0.2924191545754319,529463.158802087,582.7640369946275,106927.48293590914,257218.97639226282,85806.3192696038,343025.2956618666,67967.83566708669,11542.54453722452,0.20195452914577305,19.853204087413502,146171.57501817585,187900.94970825256,0.2760750631807693,0.35488956423970913,113123.40390526623,113123.40390526623,0,0.0,0.0,0.0,0.0,0.0,0.0,0.0,0.0,0.0,0.0,0.0,none,11217.388598981051,124340.79250424728,13983.35885877707,13983.35885877707,0.0,127106.76276404329,0.2154110468670722,0.5181811771623273,0.1728613500867164,0.0702933619006643,0.0232530639832198,0.10667484676723779,0.11604060694722747,0.1335131807421609,1.0,471003.37896083575,0.0,0.13696235047865213,0.12325926285898899,0.09680617523932596,0.07040617523932606,1136.2564708623238,-783.6123450791923,0.034460139364322,0.05999080095332211,0.06004572616841086,0.10581235047865212,0.13696235047865213,0.04576662431024127,0.0,83.85383468282397,0.0,False,0.0,0.0,0.0,0.0,0.0,0.13696235047865213,0.12325926285898899,0.09680617523932596,False,True,1,0.0,1.4880833562032905,1.812315590487347,488.08335620329046,1504.5308062143438,13630.714732993938,12126.183926779595,10269.618420934368,0.1964575937630197,0.15668784534991487,1609.1243829420011,0.030782517069356426,-0.014990488394723485,0.0,False,stress_wide_capacity
2055Q4,2055-12-31,2055,4,2056,214114.00252005787,41119.20200478389,0.017289932939585917,0.08082061824595008,0.08252580350757999,379.30231975440756,14144.87788559541,3661.2598484170207,7227.628836284233,1814.9251616213257,1038.5633512262611,402.5006880465684,6.084056546223911,1360.8560754035302,0.0,15511.818017545163,15891.120337299571,0.0,0.0,530045.9228390816,545937.0431763812,2.5497493706663983,0.007085988123899092,0.28978614821965304,0.29687213634355214,545354.2791393865,582.7640369946275,110057.46237181938,264748.2858319718,88318.04036703192,353066.3261990037,70350.07286676396,11880.41770179948,0.20180911121757222,19.8855019806923,150100.2539277411,192928.39127045378,0.2752343928878885,0.3537670806854409,116297.44753829365,116297.44753829365,0,0.0,0.0,0.0,0.0,0.0,0.0,0.0,0.0,0.0,0.0,0.0,none,11542.54453722452,127839.99207551817,14530.264261896042,14530.264261896042,0.0,130827.71180018969,0.2154110468670722,0.5181811771623273,0.1728613500867164,0.0702933619006643,0.0232530639832198,0.10755358211676858,0.11706018176281263,0.13490102247956112,1.0,486515.1969783809,0.0,0.1384842139871361,0.12440066049035196,0.09756710699356794,0.07116710699356804,1195.7894279675677,-816.4871082131601,0.035085524608120956,0.06082061824595007,0.06087554346103971,0.10733421398713608,0.1384842139871361,0.04645867052609638,0.0,84.52553390839314,0.0,False,0.0,0.0,0.0,0.0,0.0,0.1384842139871361,0.12440066049035196,0.09756710699356794,False,True,1,0.0,1.4955464219579864,1.8239988528753677,495.54642195798635,1524.509208535873,14150.961942141634,12626.45273360576,10693.42675942081,0.19977071342485536,0.15668784534991487,1675.5299983407692,0.0313016426505559,-0.015253315497414474,0.0,False,stress_wide_capacity
2056Q1,2056-03-31,2056,1,2056,219332.29746082774,41296.56736602319,0.017365730788319933,0.08231322830937622,0.08335562080020884,363.10245838294554,14689.83249674249,3810.305292495053,7500.3275312930045,1875.2586829071254,1085.0292163545305,418.91177369277716,6.084056546223911,1422.3011819843532,0.0,16118.217735273069,16481.320193656014,0.0,0.0,545937.0431763812,562418.3633700372,2.564229572575757,0.006621960606559457,0.2939506478867162,0.30057260849327566,561835.5993330425,582.7640369946275,113301.34142191471,272551.58603034966,90921.16272437101,363472.74875472067,72830.92312200474,12230.586034402406,0.20166280235075035,19.947079081930063,153989.64440709786,197907.68995307,0.2740831029395425,0.35225195802474435,120085.72597267001,120085.72597267001,0,0.0,0.0,0.0,0.0,0.0,0.0,0.0,0.0,0.0,0.0,0.0,none,11880.41770179948,131966.1436744695,15059.01901167166,15059.01901167166,0.0,135144.74498434167,0.2154110468670722,0.5181811771623273,0.1728613500867164,0.0702933619006643,0.0232530639832198,0.10846699257838593,0.11809579831032349,0.13620768902525646,1.0,502633.41471365397,0.0,0.14004277617421693,0.1255695821306626,0.09834638808710836,0.07194638808710846,1214.2243020980025,-851.1218437150569,0.035725753861560766,0.06231322830937622,0.06172564095367823,0.10889277617421692,0.14004277617421693,0.0471671352205387,0.0,85.19587208663101,0.0,False,0.0,0.0,0.0,0.0,0.0,0.14004277617421693,0.1255695821306626,0.09834638808710836,False,True,1,0.0,1.4933532636829532,1.8359638489990031,493.3532636829532,1544.911854481045,14695.916553288715,13151.00469880767,11138.09245002768,0.20312726541364784,0.15668784534991487,1745.2037073029915,0.03182757354948477,-0.015522052220641428,0.0,False,stress_wide_capacity
2056Q2,2056-06-30,2056,2,2056,224724.99721564553,41475.07749089148,0.01740298794709716,0.08318384696678992,0.08463429231970883,345.84228835171905,15262.866440985745,3966.758599246934,7785.9742660369975,1938.2220839876168,1135.7762861749297,436.13520553926816,6.084056546223911,1494.3728697872853,0.0,16763.323367319255,17109.165655670975,0.0,0.0,562418.3633700372,579527.5290257082,2.5788298418337283,0.006155831218364189,0.29837932717797677,0.304535158396341,578944.7649887135,582.7640369946275,116664.94028253433,280642.87773728475,93620.35688666318,374263.23462394794,75422.91227209399,12593.67781013728,0.2015130757505143,19.98299844186294,158082.5431454678,203331.74143386618,0.27305289330761906,0.3512109509062235,123266.80983272151,123266.80983272153,0,0.0,0.0,0.0,0.0,0.0,0.0,0.0,0.0,0.0,0.0,0.0,none,12230.586034402406,135497.39586712394,15614.792785883688,15614.792785883688,0.0,138881.60261860522,0.2154110468670722,0.5181811771623273,0.1728613500867164,0.0702933619006643,0.0232530639832198,0.10939019018997861,0.11922315812643554,0.13786480882279178,1.0,519396.7380809732,1.1641532182693481e-10,0.14163754960310143,0.126765662202326,0.09914377480155062,0.07274377480155073,1233.2025391722486,-887.3602508205296,0.03637586723069614,0.06318384696678991,0.06259625961109193,0.11048754960310143,0.14163754960310143,0.047891289992009506,0.0,85.8802809145331,0.0,False,0.0,0.0,0.0,0.0,0.0,0.14163754960310143,0.126765662202326,0.09914377480155062,False,True,1,0.0,1.4979844697564428,1.8482068368328215,497.9844697564428,1565.5266291364678,15268.950497531969,13703.4238683955,11607.301456166992,0.20660454511037157,0.15668784534991487,1818.7230554937353,0.03237242101284341,-0.01579459805210759,0.0,False,stress_wide_capacity
2056Q3,2056-09-30,2056,3,2056,230301.93259590853,41655.133025047064,0.017478587478063412,0.08407546700626084,0.08550491097712253,327.23051675678687,15861.972823336213,4131.03406655258,8085.0259929604135,2004.1296213304554,1187.5572121276434,454.2259303651184,6.084056546223911,1562.997394239578,0.0,17431.054274122016,17758.284790878803,0.0,0.0,579527.5290257082,597285.813816587,2.5934902372903412,0.005683504485929795,0.3027513330460292,0.30843483753195894,596703.0497795923,582.7640369946275,120153.58409495748,289034.9708249574,96419.89613108864,385454.8669560461,78124.33086439085,12970.267864197964,0.20136244341191034,20.0157756807217,162372.21752518,208867.07618491762,0.27211561527154315,0.35003520806885113,126837.68720514777,126837.68720514777,0,0.0,0.0,0.0,0.0,0.0,0.0,0.0,0.0,0.0,0.0,0.0,none,12593.67781013728,139431.36501528506,16195.287396639224,16195.287396639224,0.0,143032.974601787,0.2154110468670722,0.5181811771623273,0.1728613500867164,0.0702933619006643,0.0232530639832198,0.11033278437299238,0.12031217432191224,0.1394117955323921,1.0,536827.7923550953,0.0,0.14327109767711843,0.12799082325783873,0.09996054883855911,0.07356054883855921,1252.7583394860064,-925.5278227292196,0.03704565255057958,0.06407546700626084,0.06348787965056374,0.11212109767711842,0.14327109767711843,0.048633218026554695,0.0,86.57447535225754,0.0,False,0.0,0.0,0.0,0.0,0.0,0.14327109767711843,0.12799082325783873,0.09996054883855911,False,True,1,0.0,1.5018952151067615,1.8607474954830825,501.8952151067615,1586.3474776870326,15868.056879882437,14281.709402195404,12098.871729492233,0.21013930005912904,0.15668784534991487,1895.746142459136,0.03292627414960417,-0.016075033540481235,0.0,False,stress_wide_capacity
2026Q4,2026-12-31,2026,4,2027,32813.516450759125,24573.2,0.01902398695529306,0.02374108660242924,0.02771554138299126,194.872,262.77373580186674,55.91196830625741,138.7066086465815,45.90202768161394,6.830451248587104,15.422679918826764,4.968063415379199,15.669722733652822,0.0,283.41152195089876,478.2835219508988,5.538,0.0,32215.665354410852,32699.486876361752,0.9965249206201814,0.023755088887523573,0.03454814388774138,0.05830323277526495,32116.722839367125,582.7640369946275,6900.719597135018,16599.998264328406,5537.634784657662,22137.633048986067,2333.4554051875534,744.9147880584759,0.21486375280719644,24.389899668742217,10389.974586384971,13385.224783509682,0.3235066864807714,0.416768075947734,7665.516018009889,7665.51601800989,0,0.0,0.0,0.0,0.0,0.0,0.0,0.0,0.0,0.0,0.0,0.0,none,734.0288243174178,8399.544842327308,468.151799217246,468.151799217246,0.0,8133.667817227136,0.2154110468670722,0.5181811771623273,0.1728613500867164,0.0702933619006643,0.0232530639832198,0.04609959276180814,0.03518928059787473,0.08383483966658266,0.2734150701709626,283.41152195089876,0.0,0.08277999999999999,0.09197,0.09197,0.0675,194.872,-0.0,0.0,0.0037410866024292395,0.0,0.0,0.03278,0.0,500.0,0.027962136632742052,0.0,True,0.0,0.0,0.0,0.0,200.0,0.08277999999999999,0.09197,0.09197,False,True,1,0.0,1.0011293456609895,1.5,1.1293456609895447,258.56643891327826,267.74179921724595,9.175360303967693,9.175360303967647,0.001118485465309571,0.15668784534991487,1.4376674363378306,0.00017525307761455367,0.0,0.0,False,stress_wide_capacity_with_debt_yield
2027Q1,2027-03-31,2027,1,2027,33153.02935550696,24684.925351107366,0.01831094440391512,0.023296209984862815,0.026152401325720165,194.25262227780686,370.17820987926297,142.81039206270918,155.50621409485328,47.832561402724565,8.418975029950598,15.610067289025272,4.968063415379199,15.10898639416756,0.0,390.25525968880976,584.5078819666167,5.538,0.0,32699.486876361752,33289.532758328365,1.0041173734489737,0.02343708868288262,0.04708532128440149,0.07052240996728411,32706.76872133374,582.7640369946275,7024.567355692784,16897.919741670186,5637.019152640981,22534.938894311166,2388.9786388522384,758.2838324775358,0.21477411649995398,24.524138806185366,10399.118012213594,13227.263250397351,0.31795002743363426,0.4044197506361906,7820.433550822089,7820.43355082209,0,0.0,0.0,0.0,0.0,0.0,0.0,0.0,0.0,0.0,0.0,0.0,none,744.9147880584759,8565.348338880565,574.9368955724491,574.9368955724491,0.0,8395.37044639454,0.2154110468670722,0.5181811771623273,0.1728613500867164,0.0702933619006643,0.0232530639832198,0.04835274915700561,0.047738395549065664,0.08378937811532285,0.31143032055334124,673.6667816397085,-7.275957614183426e-12,0.08268381326940354,0.09229705427254764,0.09229309148935491,0.06752610095519673,194.90615191774094,-0.6535296399340909,0.00017525307761455367,0.003296209984862814,0.0,4.381326940363842e-05,0.03268381326940353,4.3813269403635e-05,500.0,0.3396786158011089,0.027962136632742052,True,0.0,0.04194320494911308,0.11184854653096821,0.04194320494911308,200.0,0.08268381326940354,0.09229705427254764,0.09229309148935491,False,True,1,0.0,1.0132485551139163,1.500380525637118,13.248555113916316,265.27934243201616,375.1462732946422,109.86693086262602,109.82043984143723,0.013250124284427754,0.15668784534991487,17.207528094134748,0.0020761334247455672,-7.885006620977421e-05,0.0,False,stress_wide_capacity_with_debt_yield
2027Q2,2027-06-30,2027,2,2027,33452.469674481385,24769.00921212162,0.013694909988571258,0.022616048740021766,0.02507028033791192,197.896333224054,395.3620644018346,145.20450388411248,173.84938429036782,50.18721664030657,10.297777624667965,15.823181962379781,4.968063415379199,14.834347503227477,0.0,415.1644753204413,613.0608085444953,5.538,0.0,33289.532758328365,33908.131566872864,1.0136211734686684,0.023662986338496336,0.04964231093970823,0.07330529727820458,33325.36752987823,582.7640369946275,7154.624890306817,17210.779120821335,5741.386692510953,22952.16581333229,2446.253620118201,772.3232061209227,0.21469005207196162,24.605682270676123,10443.600652690551,13087.222348370307,0.3133829099807294,0.3927105180951661,7926.77785888108,7926.777858881079,0,0.0,0.0,0.0,0.0,0.0,0.0,0.0,0.0,0.0,0.0,0.0,none,758.2838324775358,8685.061691358615,603.7644610412679,603.7644610412679,0.0,8530.542319922346,0.2154110468670722,0.5181811771623273,0.1728613500867164,0.0702933619006643,0.0232530639832198,0.0504738533724416,0.04988528716631813,0.08358341108410006,0.3482351118678525,1088.8312569601499,0.0,0.08233022059316916,0.09238861723724703,0.09252098174290503,0.06745606208895474,194.70699327085788,3.1893399531961015,-0.0008467441661306092,0.0026160487400217654,0.0,-0.0001897794068308331,0.032330220593169166,-0.00018977940683083394,500.0,0.8326033172652458,0.3396786158011089,True,0.0,0.5095179237016634,1.3587144632044357,0.5095179237016634,200.0,0.08233022059316916,0.09238861723724703,0.09252098174290503,False,True,1,0.0,1.0196198686319387,1.4990796860208282,19.61986863193865,271.80669833890045,400.3301278172138,128.52342947831335,128.7535802144469,0.015395405058857496,0.15668784534991487,20.174121064889118,0.0024122728469615604,0.00038135778724032943,0.0,False,stress_wide_capacity_with_debt_yield
2027Q3,2027-09-30,2027,3,2027,33786.89041170051,24879.3189611563,0.017933513861911,0.02225851542461697,0.024382592342289344,198.37762493942193,420.5399416487797,147.26046137008476,192.7397006945295,52.60126345302198,11.882398387049477,16.056117744094127,4.968063415379199,14.777065605954546,0.0,440.28507067011344,638.6626956095354,5.538,0.0,33908.131566872864,34552.33226248239,1.0226549955161546,0.023485751132720178,0.05212495915488468,0.07561071028760485,33969.56822548777,582.7640369946275,7290.209693368761,17536.93459835038,5850.189710969854,23387.124309320236,2505.274988736826,786.9592340619464,0.21461001932602813,24.719235408629753,10427.223854783868,12886.292239556664,0.3069577978020986,0.3793481316576737,8091.671474828271,8091.671474828271,0,0.0,0.0,0.0,0.0,0.0,0.0,0.0,0.0,0.0,0.0,0.0,none,772.3232061209227,8863.994680949194,629.4236300035809,629.4236300035809,0.0,8721.095104831853,0.2154110468670722,0.5181811771623273,0.1728613500867164,0.0702933619006643,0.0232530639832198,0.05267383923512925,0.05193858231932279,0.08342057270702895,0.3852053968478266,1529.1163276302632,-7.275957614183426e-12,0.08209024929170185,0.09252757746636608,0.09281816597275691,0.06746001514344072,194.68328196094373,3.6943429784782027,-0.0009709895735015724,0.002258515424616969,1.0515184656872262e-05,-0.00032975070829815544,0.032090249291701844,-0.0003402658929550252,500.0,1.2838537268100358,0.8326033172652458,True,0.0,1.2489049758978688,3.3304132690609833,1.2489049758978688,200.0,0.08209024929170185,0.09252757746636608,0.09281816597275691,False,True,1,0.0,1.0249942897850184,1.4987838387888728,24.99428978501839,278.44556637070593,425.5080050641589,147.06243869345298,147.33209108717497,0.017442515637503403,0.15668784534991487,23.085147903346844,0.0027330301927226052,0.0004373699897755422,0.0,False,stress_wide_capacity_with_debt_yield
2027Q4,2027-12-31,2027,4,2028,34136.18711925079,25000.728559927713,0.0196631107405989,0.021904805572692372,0.024173362542742365,217.80171205273004,447.38627944803164,149.61378277935572,212.74139816853068,55.19108738116502,13.513923127878217,16.326087991102085,5.137064986107641,15.004887527913546,0.0,467.5282319620528,685.3299440147829,2.14175,0.0,34552.33226248239,35239.803956497184,1.0323298215290138,0.02552150435452737,0.05478388436632333,0.0803053887208507,34657.03991950255,582.7640369946275,7435.066472137454,17885.394239738336,5966.433231027677,23851.827470766013,2567.5498288593044,802.5961477397772,0.21453264587531953,24.674810289088942,10436.589254428467,12868.837791154663,0.3011390839687808,0.37131958820040434,8023.686950253479,8023.686950253479,0,0.0,0.0,0.0,0.0,0.0,0.0,0.0,0.0,0.0,0.0,0.0,none,786.9592340619464,8810.646184315425,672.4668064868692,672.4668064868692,0.0,8696.153756740348,0.2154110468670722,0.5181811771623273,0.1728613500867164,0.0702933619006643,0.0232530639832198,0.05450426062372423,0.054124072251956694,0.08315774369202941,0.415636489503102,1996.644559592316,7.275957614183426e-12,0.08198314466346021,0.09271493655661667,0.09312511382245413,0.06751415039075162,215.3176435751115,2.4840684776185276,-0.0006464206225505107,0.0019048055726923717,-4.049976900410285e-05,-0.00035685533653978253,0.031983144663460215,-0.00031635556753568245,500.0,1.7360073874250537,1.2838537268100358,True,0.0,1.9257805902150538,5.135414907240143,1.9257805902150538,200.0,0.08198314466346021,0.09271493655661667,0.09312511382245413,False,True,1,0.0,1.030925182778463,1.4992886272447752,30.9251827784629,285.8024293090417,452.5233444341393,166.72091512509758,166.907759034328,0.019557867836997166,0.15668784534991487,26.15241713527164,0.003064480171017486,0.0002910774386068054,0.0,False,stress_wide_capacity_with_debt_yield
2028Q1,2028-03-31,2028,1,2028,34493.870808448315,25128.214072235503,0.02055363404481292,0.021578759163749583,0.023810245168778173,215.94561802725914,472.32528278860354,152.38753254192193,230.21619568507666,58.07883975333741,14.993975640522484,16.648739167745102,5.137064986107641,15.14889869859373,0.0,492.6112464733049,708.5568645005641,2.14175,0.0,35239.803956497184,35950.50257099775,1.0422287127657668,0.02504162194222276,0.05712449602526527,0.08216611796748804,35367.73853400312,582.7640369946275,7584.895564566451,18245.815010247523,6086.666893953638,24332.48190420116,2631.591255450671,818.7698097848306,0.21445803093330973,24.65391298032168,10419.02346196171,12804.978949214606,0.2945911696317448,0.3620525224394455,8240.534394794398,8240.534394794398,0,0.0,0.0,0.0,0.0,0.0,0.0,0.0,0.0,0.0,0.0,0.0,none,802.5961477397772,9043.130542534176,695.5497158019703,695.5497158019703,0.0,8936.084110596368,0.2154110468670722,0.5181811771623273,0.1728613500867164,0.0702933619006643,0.0232530639832198,0.05643156681811417,0.05591532201273575,0.08315129106320392,0.44712421964791976,2489.255806065621,0.0,0.08197442849497985,0.09294622247934864,0.09345161720245994,0.06761761535560369,215.42272780570696,0.5228902215521866,-0.00013472790289872222,0.0015787591637495824,-9.794914803411617e-05,-0.0002855715050201589,0.03197442849497984,-0.00018762235698603982,500.0,2.206997451478654,1.7360073874250537,True,0.0,2.6040110811375805,6.944029549700215,2.6040110811375805,200.0,0.08197442849497985,0.09294622247934864,0.09345161720245994,False,True,1,0.0,1.0358668795505752,1.5005501654143643,35.86687955057521,292.6683234915916,477.4623477747112,184.7940242831196,184.84261548806788,0.021434835946888955,0.15668784534991487,28.962591149668157,0.0033585782599469326,6.0635725628579906e-05,0.0,False,stress_wide_capacity_with_debt_yield
2028Q2,2028-06-30,2028,2,2028,34847.69320353083,25252.15163349163,0.0198752698018545,0.021365884587358656,0.02349285277893449,214.04329169696982,499.0764467778787,155.4418697748606,248.70639906489663,60.88784731398903,17.042519732955856,16.997810891176606,5.137064986107641,15.321569213883695,0.0,519.5350809778699,733.5783726748398,2.14175,0.0,35950.50257099775,36686.22269367258,1.0527590012745942,0.024569005523187123,0.05963494661680846,0.08420395213999558,36103.458656677954,582.7640369946275,7740.077371129,18619.11198070596,6211.195960505416,24830.307941211373,2697.5520608957017,835.5212834418771,0.2143860355522293,24.630984597733132,10389.793756046492,12789.45414724191,0.28777834984861544,0.35424456888914385,8402.080636781193,8402.080636781193,0,0.0,0.0,0.0,0.0,0.0,0.0,0.0,0.0,0.0,0.0,0.0,none,818.7698097848306,9220.850446566023,720.3985534609561,720.3985534609561,0.0,9122.47919024215,0.2154110468670722,0.5181811771623273,0.1728613500867164,0.0702933619006643,0.0232530639832198,0.058320515762695084,0.05780559867855567,0.08324311821109805,0.47796712065820873,3008.7908870434912,-1.4551915228366852e-11,0.08204073104817367,0.09321909790385212,0.09380816450467834,0.06775641514180869,215.52617104971844,-1.482879352748614,0.00037839341001473905,0.001365884587358656,-0.00013477540242646385,-0.0001492689518262426,0.032040731048173655,-1.4493549399779981e-05,500.0,2.718779442321173,2.206997451478654,True,0.0,3.310496177217981,8.827989805914616,3.310496177217981,200.0,0.08204073104817367,0.09321909790385212,0.09380816450467834,False,True,1,0.0,1.0414200186478124,1.502340605805316,41.42001864781242,299.83068908838544,504.21351176398633,204.3828226756009,204.2886520698071,0.023449317104193082,0.15668784534991487,32.009548722256504,0.0036742229719829195,-0.0001702126271702114,0.0,False,stress_wide_capacity_with_debt_yield
2028Q3,2028-09-30,2028,3,2028,35196.465041879084,25373.20313667448,0.019313160920670258,0.020921662680172023,0.02321163659007352,212.11677650474428,526.5285710557683,158.75040147421234,267.7100515840246,63.808308104164844,18.886782186834363,17.37302770653211,5.137064986107641,15.519210443251744,0.0,547.1848464851277,759.3016229898719,2.14175,0.0,36686.22269367258,37447.66606666245,1.0639609978475038,0.02410660005228976,0.062186341251492264,0.08629294130378203,36864.90202966783,582.7640369946275,7900.757675866612,19005.63584132819,6340.1374183055295,25345.77325963372,2765.5047884472915,852.8663057202033,0.2143165244141516,24.579970391197445,10365.963440979616,12812.570267740592,0.2811878743808239,0.3475547081999404,8524.793383094804,8524.793383094804,0,0.0,0.0,0.0,0.0,0.0,0.0,0.0,0.0,0.0,0.0,0.0,none,835.5212834418771,9360.31466653668,745.9241625466202,745.9241625466202,0.0,9270.717545641424,0.2154110468670722,0.5181811771623273,0.1728613500867164,0.0702933619006643,0.0232530639832198,0.060138402104633316,0.05966107233814539,0.08344464216652052,0.5070573888504188,3555.975733528619,0.0,0.08217216114454926,0.0935194377747601,0.09418859234920308,0.0679288974886228,215.6284920591759,-3.5117155544316145,0.0008876731875050517,0.000921662680172023,-0.00014016356855185708,4.2161144549248824e-05,0.032172161144549245,0.00018232471310110354,500.0,3.272391350597581,2.718779442321173,True,0.0,4.07816916348176,10.875117769284692,4.07816916348176,200.0,0.08217216114454926,0.0935194377747601,0.09418859234920308,False,True,1,0.0,1.0475453558385344,1.5046186989322563,47.54535583853436,306.9018351017775,531.6656360418759,224.7638009400984,224.52166208313145,0.025516387718593977,0.15668784534991487,35.17981546618754,0.00399810781273952,-0.0003990986651930125,0.0,False,stress_wide_capacity_with_debt_yield
2028Q4,2028-12-31,2028,4,2029,35547.88311778212,25495.85591926105,0.019476452768837804,0.020661153540997616,0.0229536135878967,168.46332301487436,554.4065882514515,162.3055832263364,286.7291553579721,66.95701711348254,20.64040882535252,17.774423728307912,5.268186894431433,15.734783610349567,0.0,575.4095587562325,743.8728817711069,-2.42575,0.0,37447.66606666245,38189.113198433566,1.0743006291513946,0.01895621434972075,0.06474754705923913,0.08370376140895988,37606.349161438935,582.7640369946275,8057.084132508282,19381.686320179368,6465.5850345832,25847.271354762568,2832.252332782687,869.7413413853981,0.21424797440241586,24.370590643512976,10495.510710770119,12738.2685872434,0.27908879603585873,0.3387265414294737,8498.313932481584,8498.313932481584,0,0.0,0.0,0.0,0.0,0.0,0.0,0.0,0.0,0.0,0.0,0.0,none,852.8663057202033,9351.180238201787,725.7123481607573,725.7123481607573,0.0,9224.026280642342,0.2154110468670722,0.5181811771623273,0.1728613500867164,0.0702933619006643,0.0232530639832198,0.06157563997865602,0.061462795329558575,0.08342132286657097,0.5297883429173904,4131.385292284852,7.275957614183426e-12,0.08236323575732445,0.09385328552058297,0.09460057441890125,0.06813247658125186,174.02473949538586,-5.561416480511505,0.0013925908179390958,0.0006611535409976159,-0.00011465669257993555,0.0002832357573244467,0.03236323575732444,0.0003978924499043815,500.0,3.866154299486513,3.272391350597581,True,0.0,4.908587025896372,13.089565402390324,4.908587025896372,0.0,0.08236323575732445,0.09385328552058297,0.09460057441890125,False,True,1,0.0,1.0552924827140049,1.5073439916807319,55.29248271400489,314.22450105214443,559.6747751458829,245.45027409373847,245.05255142261277,0.027574362232560636,0.15668784534991487,38.39675627990841,0.004320567405117994,-0.0006257943925476124,0.0,False,stress_wide_capacity_with_debt_yield
2029Q1,2029-03-31,2029,1,2029,35903.020795567754,25620.491140029575,0.019697650128414734,0.02046372196346236,0.022858208991651023,166.4952508712888,579.0852031609656,165.90187998059437,302.7651281582569,70.03751372481211,22.20321851830916,18.177462778993235,5.268186894431433,16.048139741876508,0.0,600.4015297972736,766.8967806685624,-2.42575,0.0,38189.113198433566,38953.584229102125,1.084966762292909,0.018549442044925948,0.06689147781920272,0.08544091986412868,38370.820192107494,582.7640369946275,8218.30269094208,19769.50497481499,6594.95842594459,26364.46340075958,2900.9096336512134,887.1444667546227,0.21418105346188315,24.193307094868405,10610.012420017001,12725.553612342079,0.2765125261043906,0.33164664056254917,8695.307120279513,8695.307120279513,0,0.0,0.0,0.0,0.0,0.0,0.0,0.0,0.0,0.0,0.0,0.0,none,869.7413413853981,9565.04846166491,748.4228909266859,748.4228909266859,0.0,9443.730011206198,0.2154110468670722,0.5181811771623273,0.1728613500867164,0.0702933619006643,0.0232530639832198,0.06303040704837048,0.06288719265907444,0.08363653078936904,0.5528073138735787,4731.786822082126,0.0,0.08259939634484258,0.09421697040355498,0.09504115989221595,0.06836462131734432,174.10838568456646,-7.61313481327768,0.0018884233671559048,0.0004637219634623588,-5.9103167478032764e-05,0.000569396344842675,0.032599396344842574,0.0006284995123207078,500.0,4.492287725572797,3.866154299486513,True,0.0,5.799231449229769,15.464617197946051,5.799231449229769,0.0,0.08259939634484258,0.09421697040355498,0.09504115989221595,False,True,1,0.0,1.0617680420216111,1.5104788361480328,61.76804202161112,320.4281059918952,584.3533900553971,263.92528406350186,263.36549839989266,0.0293418762615546,0.15668784534991487,41.26617248378563,0.004597515369946805,-0.0008481887757163334,0.0,False,stress_wide_capacity_with_debt_yield
2029Q2,2029-06-30,2029,2,2029,36365.9800374775,25819.89629530817,0.03149747948917936,0.02044370371961371,0.02278258302667824,153.01632877902293,604.9939823824279,169.7067103127528,319.0189996594455,73.23059663213526,24.27091495747249,18.766760820621815,5.268186894431433,16.383240828763157,0.0,626.6454101056225,779.6617388846455,-2.42575,0.0,38953.584229102125,39730.820217986766,1.092527141494374,0.016830711408995953,0.06892655272425754,0.0857572641332535,39148.05618099214,582.7640369946275,8382.198777912487,20163.76454744978,6726.480459190718,26890.2450066405,2970.7757720521836,904.8366243869748,0.21411532514307466,23.997880671818628,10786.849835634835,12662.238747606963,0.2755398578607399,0.32344489057300774,8851.667257372725,8851.667257372723,0,0.0,0.0,0.0,0.0,0.0,0.0,0.0,0.0,0.0,0.0,0.0,none,887.1444667546227,9738.811724127345,760.8527480558823,760.8527480558823,0.0,9612.520005428605,0.2154110468670722,0.5181811771623273,0.1728613500867164,0.0702933619006643,0.0232530639832198,0.06454877039075918,0.06434790764516682,0.08457844559833316,0.574996746034452,5358.432232187748,0.0,0.08361648141378783,0.0951712042191768,0.09588515579712303,0.06899208386572984,174.70760077765257,-21.69127199862965,0.005330229930622366,0.00044370371961370905,2.5634344947872423e-05,0.0016364814137878334,0.033616481413787834,0.00161084706883996,500.0,4.798983891098563,4.492287725572797,True,0.0,6.7384315883591945,17.969150902291187,6.7384315883591945,0.0,0.08361648141378783,0.0951712042191768,0.09588515579712303,False,True,1,0.0,1.064244636802451,1.5196599325931264,64.24463680245096,326.59819844466887,610.2621692768594,283.6639708321905,281.9674151428569,0.031014416754589998,0.15668784534991487,44.180866737619205,0.0048595821360610065,-0.002385886147028116,0.0,False,stress_wide_capacity_with_debt_yield
2029Q3,2029-09-30,2029,3,2029,36773.30699504749,25977.462186460776,0.024634349364674568,0.020423977003592882,0.022783691970064163,146.01977167758864,632.1155476203403,175.22249207999863,334.9052992836371,76.3833492942751,26.234898688157575,19.36950827427164,5.268186894431433,16.778628170427094,0.0,654.1623626851988,800.1821343627875,-2.42575,0.0,39730.820217986766,40528.57660234955,1.102119442447964,0.015883235271416205,0.07115621804406107,0.08703945331547727,39945.81256535493,582.7640369946275,8550.43001395378,20568.45252049113,6861.4813285138225,27429.933849004952,3042.45195227501,922.9967501211872,0.21405072183635046,23.77881923800809,11002.1198013129,12695.334327879711,0.2754261108924107,0.3178138961902204,8982.14708304511,8982.14708304511,0,0.0,0.0,0.0,0.0,0.0,0.0,0.0,0.0,0.0,0.0,0.0,none,904.8366243869748,9886.983707432086,780.9777561923604,780.9777561923604,0.0,9763.124839237471,0.2154110468670722,0.5181811771623273,0.1728613500867164,0.0702933619006643,0.0232530639832198,0.06609715590648003,0.06585943699083757,0.08562415194431967,0.5956897219735614,6012.594594872947,0.0,0.08462654407316658,0.09604475563853979,0.09657286559302276,0.06956311962024812,175.01377888742837,-28.994007209839747,0.00705793228485623,0.00042397700359288193,0.00013842706007826874,0.0026865440731666758,0.03462654407316657,0.0025481170130884044,500.0,5.312346155815018,4.798983891098563,True,0.0,7.1984758366478445,19.19593556439425,7.1984758366478445,0.0,0.08462654407316658,0.09604475563853979,0.09657286559302276,False,True,1,0.0,1.0696593313935048,1.5282057134219744,69.65933139350477,331.8908722778337,637.3837345147717,305.49286223693804,303.1841471295678,0.03297871982744437,0.15668784534991487,47.50527075798355,0.0051673645521607735,-0.003153810149709359,0.0,False,stress_wide_capacity_with_debt_yield
2029Q4,2029-12-31,2029,4,2030,37156.6874306635,26114.57837486549,0.021280849985071182,0.020638668657802117,0.022824990415509446,161.00504547909586,660.4522743086021,180.89833560509646,351.5514655582523,79.74070862572242,28.286531008509535,19.975233511021468,5.3789120614604125,17.214333060131857,0.0,683.0455194301943,844.0505649092902,-5.94,0.0,40528.57660234955,41366.687167258846,1.1133039575837176,0.017332551054723644,0.07353136855429282,0.09086391960901646,40783.92313026422,582.7640369946275,8727.260130625642,20993.825496238846,7003.382559432366,27997.20805567121,3117.369841243405,942.0851027239597,0.2139877545068603,23.524655283079206,10973.939897324279,12707.760954191865,0.26907514174821817,0.31158750749904957,9120.879813280155,9120.879813280155,0,0.0,0.0,0.0,0.0,0.0,0.0,0.0,0.0,0.0,0.0,0.0,none,922.9967501211872,10043.876563401342,820.8962318491583,820.8962318491583,0.0,9941.776045129312,0.2154110468670722,0.5181811771623273,0.1728613500867164,0.0702933619006643,0.0232530639832198,0.06750962156289177,0.0674137190784634,0.08652959894338273,0.6151919418216177,6695.640114303141,7.275957614183426e-12,0.08556686389588594,0.09688949984528672,0.09730337041026899,0.07012528387131522,193.7196319215289,-32.71458644243305,0.00788795049306828,0.0006386686578021168,0.0004554723147140449,0.0036568638958859416,0.03556686389588594,0.003201391581171893,500.0,5.949168908725322,5.312346155815018,True,0.0,7.968519233722526,21.24938462326007,7.968519233722526,0.0,0.08556686389588594,0.09688949984528672,0.09730337041026899,False,True,1,0.0,1.0763698051632211,1.536465796566233,76.36980516322112,338.2719085737127,665.8311863700625,327.55927779634976,324.88738718903267,0.03497484944483182,0.15668784534991487,50.905904680013066,0.005480133800948364,-0.003521797953973193,0.0,False,stress_wide_capacity_with_debt_yield
2030Q1,2030-03-31,2030,1,2030,37533.4063351953,26242.953427743807,0.019808823047679835,0.02095170921040265,0.023093795189654542,158.93910866440285,688.7028229799756,186.69106994530904,368.0768469877813,83.19257563415746,30.149570609839387,20.5927598028885,5.3789120614604125,17.84417653327322,0.0,711.9259115747092,870.865020239112,-5.94,0.0,41366.687167258846,42231.61218749796,1.1251739799565466,0.016938415580508043,0.07587117515706343,0.09280959073757147,41648.848150503334,582.7640369946275,8909.73070194936,21432.766844981998,7149.810097707952,28582.57694268995,3194.758178082414,961.7823277816115,0.21392502068131466,23.28226448222737,11029.271257333538,12777.693488040886,0.2648157571483822,0.3067958432335773,9318.521768419216,9318.521768419216,0,0.0,0.0,0.0,0.0,0.0,0.0,0.0,0.0,0.0,0.0,0.0,none,942.0851027239597,10260.606871143176,847.0808437058388,847.0808437058388,0.0,10165.602612125054,0.2154110468670722,0.5181811771623273,0.1728613500867164,0.0702933619006643,0.0232530639832198,0.06895887670950573,0.06884050527867154,0.08738761909806343,0.6344897571924916,7407.56602587785,0.0,0.08643481769681431,0.0976959886089196,0.09804207641189734,0.07067478418471601,193.84705578041772,-34.907947116014874,0.008336026578952332,0.0009517092104026487,0.0008698388055111382,0.004564817696814407,0.03643481769681431,0.0036949788913032723,500.0,6.656025201713667,5.949168908725322,True,0.0,8.923753363087982,23.796675634901288,8.923753363087982,0.0,0.08643481769681431,0.0976959886089196,0.09804207641189734,False,True,1,0.0,1.0834252484264328,1.5444421376404067,83.42524842643284,344.0284847046092,694.081735041436,350.0532503368268,347.10780994414506,0.03699187937745581,0.15668784534991487,54.387574844275846,0.005796177875097501,-0.0037202002721806226,0.0,False,stress_wide_capacity_with_debt_yield
2030Q2,2030-06-30,2030,2,2030,37911.90484489566,26368.428450437623,0.019262739243060212,0.02127888391643459,0.023482659689940535,157.23980395249754,718.409615656717,192.52773723767555,385.47655807026996,86.78159060826272,32.39266836436747,21.23106137614128,5.3789120614604125,18.592421665876216,0.0,742.3809493840537,899.6207533365512,-5.94,0.0,42231.61218749796,43125.29294083451,1.1375132195880884,0.01659001884456015,0.07832694795170711,0.09491696679626724,42542.528903839884,582.7640369946275,9098.2343955757,21886.22114680813,7301.079048165678,29187.300194973806,3274.8635005414662,982.1308127489187,0.21386209588387903,23.094767423894023,10976.337481746934,12745.93363522702,0.2580085802270257,0.299604512558175,9555.937583656882,9555.937583656882,0,0.0,0.0,0.0,0.0,0.0,0.0,0.0,0.0,0.0,0.0,0.0,none,961.7823277816115,10517.719911438493,875.088331670675,875.088331670675,0.0,10431.025915327557,0.2154110468670722,0.5181811771623273,0.1728613500867164,0.0702933619006643,0.0232530639832198,0.07046979455886981,0.07031518911360192,0.08828533898591909,0.6544274661074309,8149.946975261903,0.0,0.08729882089895144,0.09849501945447063,0.09879682053016117,0.07122281422973277,193.97779629754146,-36.737992345043914,0.008688491025221895,0.0012788839164345894,0.0013257190589850108,0.005448820898951436,0.03729882089895144,0.004123101839966423,500.0,7.40308010390327,6.656025201713667,True,0.0,9.9840378025705,26.624100806854667,9.9840378025705,0.0,0.08729882089895144,0.09849501945447063,0.09879682053016117,False,True,1,0.0,1.0904458547306495,1.5523452477580375,90.44585473064947,350.3293819395668,723.7885277181774,373.4591457786106,370.22145624934456,0.039061235014593576,0.15668784534991487,58.009202282017576,0.006120420751143318,-0.003876143126582067,0.0,False,stress_wide_capacity_with_debt_yield
2030Q3,2030-09-30,2030,3,2030,38298.71771573812,26494.636282150626,0.01928318693408304,0.021738247494855138,0.023935271880150624,155.5036011408704,749.9045883521405,198.5662837490107,404.26978395467177,90.67762062096548,34.50029100273265,21.890609024759982,5.3789120614604125,19.422713158827158,0.0,774.706213572428,930.2098147132984,-5.94,0.0,43125.29294083451,44049.56275554781,1.150157639284265,0.016241128728648704,0.08091197405850248,0.09715310278715118,43466.79871855318,582.7640369946275,9293.148456976185,22355.09588304354,7457.492139762436,29812.588022805976,3357.8909584746298,1003.1712802963958,0.21379877816972837,22.885168675775628,10989.180754476942,12755.517647534582,0.25281780757841654,0.2934542690876858,9745.352664493332,9745.352664493332,0,0.0,0.0,0.0,0.0,0.0,0.0,0.0,0.0,0.0,0.0,0.0,none,982.1308127489187,10727.483477242251,904.8471015544712,904.8471015544712,0.0,10650.199766047803,0.2154110468670722,0.5181811771623273,0.1728613500867164,0.0702933619006643,0.0232530639832198,0.0720187909233067,0.0718563201075788,0.08912762472831054,0.6737860360034075,8924.65318883433,7.275957614183426e-12,0.0881555737406899,0.0993021423211029,0.09956901891190625,0.07177824888593043,194.13218160337982,-38.62858046250942,0.009046554347229363,0.0017382474948551378,0.0017993662725424506,0.006335573740689897,0.038155573740689896,0.004536207468147445,500.0,8.180469111990597,7.40308010390327,True,0.0,11.104620155854905,29.61232041561308,11.104620155854905,0.0,0.0881555737406899,0.0993021423211029,0.09956901891190625,False,True,1,0.0,1.0982687631203498,1.5603329710270413,98.26876312034982,356.860937306329,755.2835004136009,398.4225631072719,394.8378624331242,0.04123771091906538,0.15668784534991487,61.866293927212325,0.006461448071071013,-0.004034451570856197,0.0,False,stress_wide_capacity_with_debt_yield
2030Q4,2030-12-31,2030,4,2031,38693.893981869885,26621.970477989023,0.01936317953698241,0.02212467583938178,0.024404997057552662,145.64633504756517,783.0516749525004,204.81070852053568,423.99143249079407,94.57109513978232,37.096704207191245,22.58173459419689,5.499835599136797,20.30245756060859,0.0,808.8539681122458,954.500303159811,-9.2495,0.0,44049.56275554781,44994.813558707625,1.1628401519834124,0.015056260309785116,0.08361567005804442,0.09867193036782954,44412.049521712994,582.7640369946275,9492.392548399675,22834.386705580484,7617.379959543188,30451.766665123672,3443.211144831862,1024.6791633577873,0.21373462046057695,22.477932883863577,11229.095284747034,13709.711010959942,0.25283893460618484,0.3086935000434349,9657.300547298102,9657.300547298102,0,0.0,0.0,0.0,0.0,0.0,0.0,0.0,0.0,0.0,0.0,0.0,none,1003.1712802963958,10660.471827594498,924.9483455992023,924.9483455992023,0.0,10582.248892897305,0.2154110468670722,0.5181811771623273,0.1728613500867164,0.0702933619006643,0.0232530639832198,0.07312014791072856,0.07344944353713248,0.08988581508410534,0.6861539274073308,9733.507156946576,0.0,0.08904139188484313,0.10011811428043094,0.10035288358721779,0.07234776630922016,186.3564768790048,-40.71014183143961,0.00944035483217794,0.002124675839381779,0.0022846884086049173,0.007241391884843121,0.039041391884843124,0.004956703476238205,500.0,8.98498161774397,8.180469111990597,True,0.0,12.270703667985895,32.72187644796239,12.270703667985895,0.0,0.08904139188484313,0.10011811428043094,0.10035288358721779,False,True,1,0.0,1.10993150625274,1.5685149783046515,109.93150625273995,364.1768105270961,788.5515105516372,424.3747000245411,420.3670384645831,0.043455645860977145,0.15668784534991487,65.86640551314031,0.006808971518245454,-0.004208430596363803,0.0,False,stress_wide_capacity_with_debt_yield
2031Q1,2031-03-31,2031,1,2031,39099.20435089638,26750.900601828173,0.019513170736074503,0.022607771802665138,0.024874620689326398,143.61172677728143,812.325594488192,211.30396120670505,440.62898962825074,98.5823960811503,38.508492215148955,23.301755356937,5.499835599136797,21.215260192821965,0.0,839.0406902801507,982.6524170574321,-9.2495,0.0,44994.813558707625,45968.21647576506,1.17568163441953,0.014692035724147824,0.08583711144095595,0.10052914716510378,45385.45243877043,582.7640369946275,9697.504288378786,23327.792426494027,7781.97640344471,31109.768829938737,3531.3588765860136,1046.8204438668922,0.2136698824686545,22.17050318708002,11449.024445676314,14686.129745671744,0.25226198771780906,0.32358672121832033,9956.950331569738,9956.950331569737,0,0.0,0.0,0.0,0.0,0.0,0.0,0.0,0.0,0.0,0.0,0.0,none,1024.6791633577873,10981.629494927523,952.1876568646102,952.1876568646102,0.0,10909.137988434346,0.2154110468670722,0.5181811771623273,0.1728613500867164,0.0702933619006643,0.0232530639832198,0.07436516774386542,0.07458999150516762,0.09072642898920844,0.700246831353279,10572.547847226728,0.0,0.08996215162833647,0.10095686096391396,0.10116006846126582,0.07293382305682983,186.56103843561095,-42.949311658329506,0.009860459039859902,0.0026077718026651375,0.0027817879012665796,0.00817215162833647,0.03996215162833647,0.005390363727069889,500.0,9.806734991727929,8.98498161774397,True,0.0,13.477472426615954,35.93992647097588,13.477472426615954,0.0,0.08996215162833647,0.10095686096391396,0.10116006846126582,False,True,1,0.0,1.1168921942704937,1.5769313095953101,116.89219427049369,370.54116330856755,817.8254300873288,447.2842667787612,442.7953521285506,0.045299679057883346,0.15668784534991487,69.38064965597943,0.007097909106622402,-0.0043938808854400505,0.0,False,stress_wide_capacity_with_debt_yield
2031Q2,2031-06-30,2031,2,2031,39511.030336718206,26878.737595217663,0.01925262671583572,0.02310427993100019,0.02537771952197752,141.75965361628278,844.2701522385315,218.10208780189387,457.9686241047207,102.93508140445232,41.220593151204966,24.04376577625944,5.499835599136797,22.194345825121786,0.0,871.9643336627901,1013.7239872790728,-9.2495,0.0,45968.21647576506,46972.69096304412,1.1888500644690017,0.014351400346504593,0.08827553482982298,0.10262693517632757,46389.9269260495,582.7640369946275,9909.098281966119,23836.791506495814,7951.77467485981,31788.566181355625,3622.6009958821933,1069.6614668455672,0.21360452448572037,21.795554089426606,11682.124635333243,15705.417050747952,0.2518245966189125,0.33855231278514547,10101.23277514566,10101.23277514566,0,0.0,0.0,0.0,0.0,0.0,0.0,0.0,0.0,0.0,0.0,0.0,none,1046.8204438668922,11148.053219012552,982.280141453951,982.280141453951,0.0,11083.512916599611,0.2154110468670722,0.5181811771623273,0.1728613500867164,0.0702933619006643,0.0232530639832198,0.07548855008403202,0.07587541136145659,0.09173148163609228,0.7126633997653405,11444.512180889518,-1.4551915228366852e-11,0.09087350482932186,0.1018161388707506,0.1019894464113521,0.07352776266342012,186.7801324464486,-45.02047883016581,0.010231995761098733,0.003104279931000188,0.0032925734331719254,0.009113504829321863,0.04087350482932186,0.005820931396149937,500.0,10.65879619304717,9.806734991727929,True,0.0,14.710102487591893,39.226939966911715,14.710102487591893,0.0,0.09087350482932186,0.1018161388707506,0.1019894464113521,False,True,1,0.0,1.1260758617642381,1.5854562027806525,126.07586176423813,377.29469512290785,849.7699878376683,472.4752927147604,467.4561064609964,0.047324112024138464,0.15668784534991487,73.24469011703394,0.007415113146160253,-0.004557763079979981,0.0,False,stress_wide_capacity_with_debt_yield
2031Q3,2031-09-30,2031,3,2031,39930.94158288247,27006.347351394394,0.01912610626356437,0.02361550961741788,0.02587167765494926,139.87552484622574,875.9842622874322,225.11862264511822,476.0357563512869,107.26448933025998,42.762019250731726,24.803374710035673,5.499835599136797,23.20674041081642,0.0,904.6908382973854,1044.5663631436112,-9.2495,0.0,46972.69096304412,48008.007826187735,1.2022758773804554,0.014011743204792081,0.09062554524736845,0.10463728845216053,47425.24378919311,582.7640369946275,10127.11798304875,24361.247921311402,8126.729397111833,32487.977318423236,3716.952359433591,1093.1961282875375,0.21353855402545002,21.478598767480918,11896.900161808115,16743.376243318544,0.2508558567392981,0.35304776329128523,10375.020205544184,10375.020205544184,0,0.0,0.0,0.0,0.0,0.0,0.0,0.0,0.0,0.0,0.0,0.0,none,1069.6614668455672,11444.681672389752,1012.1101227327947,1012.1101227327947,0.0,11387.130328276979,0.2154110468670722,0.5181811771623273,0.1728613500867164,0.0702933619006643,0.0232530639832198,0.07672769880184237,0.07703972838253215,0.09249638335014725,0.7260169089106937,12349.203019186903,0.0,0.09175224163465795,0.10267300065495054,0.10281963929454785,0.07413494024628606,187.02410595002942,-47.148581103803664,0.010606908359287782,0.00361550961741788,0.003818349506900083,0.01007224163465794,0.04175224163465794,0.006253892127757857,500.0,11.533477800295522,10.65879619304717,True,0.0,15.988194289570755,42.63518477218868,15.988194289570755,0.0,0.09175224163465795,0.10267300065495054,0.10281963929454785,False,True,1,0.0,1.1336443089401034,1.5941624281571967,133.64430894010337,383.6252802100756,881.484097886569,497.8588176764934,492.2476549635248,0.0493098970823709,0.15668784534991487,77.12922443478303,0.007726261528262749,-0.004723012204051332,0.0,False,stress_wide_capacity_with_debt_yield
2031Q4,2031-12-31,2031,4,2032,40359.456690716506,27134.249036737383,0.019078947144719693,0.024083127342699587,0.02639114910217078,146.02998905510555,910.2518250783013,232.29644406084472,494.85113935734375,111.76168468896768,45.74602994098308,25.596527030161763,5.6120176762582625,24.284628026092577,0.0,940.1484707806521,1086.1784598357576,-11.316,0.0,48008.007826187735,49082.87028602349,1.2161429887958215,0.014472939036237859,0.09317751504785796,0.1076504540840958,48500.10624902887,582.7640369946275,10353.42405361421,24905.63757889918,8308.333699489627,33213.97127838881,3815.085635195898,1117.6252818299597,0.21347219324538116,21.113837785444442,12837.574375704475,17793.945430249205,0.26469167530868093,0.3668846690538023,10531.193351186866,10531.193351186865,0,0.0,0.0,0.0,0.0,0.0,0.0,0.0,0.0,0.0,0.0,0.0,none,1093.1961282875375,11624.389479474403,1050.5778318096652,1050.5778318096652,0.0,11581.77118299653,0.2154110468670722,0.5181811771623273,0.1728613500867164,0.0702933619006643,0.0232530639832198,0.07783726184994136,0.07833263768698301,0.09350522518485427,0.7376856457312403,13289.351489967556,0.0,0.09265758391500359,0.10355570960629701,0.10367718307762,0.07475381362754611,195.33431805531828,-49.30432900021272,0.010978145603414424,0.004083127342699586,0.004355902262428005,0.01104758391500358,0.04265758391500358,0.006691681652575575,500.0,12.434051917445732,11.533477800295522,True,0.0,17.300216700443283,46.13391120118209,17.300216700443283,0.0,0.09265758391500359,0.10355570960629701,0.10367718307762,False,True,1,0.0,1.1431988221720462,1.6030318677564983,143.19882217204616,390.70821291197274,915.8638427545595,525.1556298425868,518.8724226475734,0.05142511472578119,0.15668784534991487,81.30100191613865,0.008057690423254833,-0.004886520587037905,0.0,False,stress_wide_capacity_with_debt_yield
2032Q1,2032-03-31,2032,1,2032,40798.333123232274,27263.231893167365,0.019150035168731705,0.02459046528588413,0.026932684681511235,144.05578978407598,944.354820506564,239.83081451384382,514.1846447767787,116.46874031529418,47.44030006455042,26.43032083609641,5.6120176762582625,25.432187845313443,0.0,975.3990260281357,1119.4548158122118,-11.316,0.0,49082.87028602349,50191.009101835705,1.2302220522155316,0.014123693666498802,0.09563126249123181,0.10975495615773062,49608.24506484108,582.7640369946275,10586.651021794478,25466.675773900515,8495.491828947821,33962.167602848334,3916.6249118731353,1142.8015283251302,0.21340507022486005,20.811420006091318,13827.236721721412,18927.329508676175,0.2787286005309873,0.38153596209535273,10833.791290081046,10833.791290081048,0,0.0,0.0,0.0,0.0,0.0,0.0,0.0,0.0,0.0,0.0,0.0,none,1117.6252818299597,11951.416571911008,1082.7066279668984,1082.7066279668984,0.0,11916.497918047946,0.2154110468670722,0.5181811771623273,0.1728613500867164,0.0702933619006643,0.0232530639832198,0.07903797521387979,0.07948997443255748,0.09432543720208433,0.7504051035231809,14264.75051599569,0.0,0.09359457034765836,0.10445853554836072,0.10455590594080753,0.0753873929614461,195.64413161848032,-51.58834183440434,0.011367517404416584,0.004590465285884131,0.004905198718736712,0.012044570347658469,0.043594570347658367,0.007139371628921757,500.0,13.355771692096251,12.434051917445732,True,0.0,18.6510778761686,49.73620766978293,18.6510778761686,0.0,0.09359457034765836,0.10445853554836072,0.10455590594080753,False,True,1,0.0,1.150748236679115,1.6121083723792196,150.74823667911508,397.2004542136721,949.9668381828222,552.7663839691502,545.7386530205739,0.05350597548896501,0.15668784534991487,85.51061366595853,0.008383736012711286,-0.0050578872110858646,0.0,False,stress_wide_capacity_with_debt_yield
2032Q2,2032-06-30,2032,2,2032,41247.51833871069,27392.856043085943,0.019154227808004576,0.025136526210531564,0.027474365500734763,142.05205754642637,980.8486402621281,247.7132634513631,533.9048458257209,121.3608622602163,50.57063931357481,27.299029411252686,5.6120176762582625,26.628890787054363,0.0,1013.0895487254407,1155.1416062718672,-11.316,0.0,50191.009101835705,51334.83470810758,1.2445557157296896,0.013775573733182478,0.09824489710205511,0.1120204708352376,50752.070671112946,582.7640369946275,10827.307535833515,26045.586083052323,8688.611961498971,34734.198044551296,4021.7853156959977,1168.7797750321415,0.21333725683819638,20.466143372362282,14853.891770735281,20119.22304813248,0.29267558100225094,0.396421718012462,11011.341494181543,11011.341494181543,0,0.0,0.0,0.0,0.0,0.0,0.0,0.0,0.0,0.0,0.0,0.0,none,1142.8015283251302,12154.143022506672,1117.1967154848128,1117.1967154848128,0.0,12128.538209666356,0.2154110468670722,0.5181811771623273,0.1728613500867164,0.0702933619006643,0.0232530639832198,0.08011359124637848,0.08073872726247998,0.09536689620385298,0.7615430332456611,15277.840064721131,7.275957614183426e-12,0.09455125272281237,0.1053793052959236,0.10545293503824459,0.07603399211522062,195.98152475083032,-53.929467204403956,0.011758519754231967,0.005136526210531563,0.005465783480566845,0.013061252722812361,0.04455125272281236,0.007595469242245516,500.0,14.303298886591364,13.355771692096251,True,0.0,20.033657538144375,53.423086768385005,20.033657538144375,0.0,0.09455125272281237,0.1053793052959236,0.10545293503824459,False,True,1,0.0,1.1606624048469387,1.6213694868188906,160.66240484693873,403.8991036884169,986.4606579383864,582.5615542499695,574.7064451717168,0.05573246278260153,0.15668784534991487,90.0495146026653,0.008732599509450155,-0.005229838727416605,0.0,False,stress_wide_capacity_with_debt_yield
2032Q3,2032-09-30,2032,3,2032,41708.71953232988,27523.654232603476,0.01923684010683635,0.025748802128231222,0.028037523296857637,139.92992453237434,1017.1341406654833,255.9338727820514,554.0018613935873,126.45213345833969,52.537133003257985,28.20914002824692,5.6120176762582625,27.898586909759338,0.0,1050.644745251501,1190.5746697838754,-11.316,0.0,51334.83470810758,52514.09337789145,1.2590675035512886,0.013419728642008277,0.10076020141899679,0.11417993006100506,51931.329340896824,582.7640369946275,11075.323216606388,26642.199206133744,8887.637619860545,35529.83682599429,4130.616873589206,1195.5524247069386,0.21326862526286958,20.15865123448313,15925.071492554573,21379.28040195689,0.3066563420323096,0.41168367290610325,11290.754296725718,11290.754296725718,0,0.0,0.0,0.0,0.0,0.0,0.0,0.0,0.0,0.0,0.0,0.0,none,1168.7797750321415,12459.534071757858,1151.360082874116,1151.360082874116,0.0,12442.114379599834,0.2154110468670722,0.5181811771623273,0.1728613500867164,0.0702933619006643,0.0232530639832198,0.0812402929755707,0.08186602732631901,0.09625450433118361,0.7730648250925132,16328.484809972631,-7.275957614183426e-12,0.09554219085873956,0.10632213797704337,0.10637241498400633,0.07669659026235849,196.35098255276264,-56.4210580203883,0.012170701423672006,0.0057488021282312216,0.006038518855220502,0.01410219085873956,0.04554219085873956,0.008063672003519057,500.0,15.272013570994481,14.303298886591364,True,0.0,21.454948329887046,57.213195546365455,21.454948329887046,0.0,0.09554219085873956,0.10632213797704337,0.10637241498400633,False,True,1,0.0,1.1691010566324702,1.6308575810341943,169.1010566324702,410.01740025663065,1022.7461583417415,612.7287580851109,603.9666756090049,0.057922341647611536,0.15668784534991487,94.63423706432596,0.00907572691038589,-0.0054109604565207884,0.0,False,stress_wide_capacity_with_debt_yield
2032Q4,2032-12-31,2032,4,2033,42182.57432330275,27655.610767161026,0.019315535368535475,0.026399069844893312,0.028612084192531643,195.9534409499537,1055.42490457818,264.54016114580924,574.4586367292645,131.74484343926528,55.52033387369064,29.16092939015015,5.6542680689403735,29.234559789752467,0.0,1090.313732436873,1286.2671733868265,-14.7595,0.0,52514.09337789145,53785.60105127828,1.2750668235429556,0.01858145872730237,0.10338996611067952,0.12197142483798187,53202.83701428365,582.7640369946275,11342.922568501152,27285.921750494585,9102.378627453363,36388.30037794795,4247.1749869325,1224.4390809020451,0.21320146076901605,20.19776670643256,16302.654405438037,21759.60756253683,0.3064245314786724,0.40899336922004575,12192.848563281425,12192.848563281423,0,0.0,0.0,0.0,0.0,0.0,0.0,0.0,0.0,0.0,0.0,0.0,none,1195.5524247069386,13388.400987988362,1242.2731135970741,1242.2731135970741,0.0,13435.121676878496,0.2154110468670722,0.5181811771623273,0.1728613500867164,0.0702933619006643,0.0232530639832198,0.08319251567001591,0.08304922829694304,0.097920925225297,0.7967703747897243,17418.798542409506,7.275957614183426e-12,0.09656470327028366,0.10728432948836192,0.10731115706353962,0.077373153670791,254.93218035116075,-58.97873940120705,0.012584652373545484,0.006399069844893312,0.006623259663370011,0.015164703270283658,0.046564703270283656,0.008541443606913647,500.0,16.265673309680693,15.272013570994481,True,0.0,22.908020356491722,61.088054283977925,22.908020356491722,0.0,0.09656470327028366,0.10728432948836192,0.10731115706353962,False,True,1,0.0,1.1658248229095138,1.6405447710117422,165.82482290951384,416.33677809969083,1061.0791726471205,644.7423945474296,634.9822966789054,0.06021275911822429,0.15668784534991487,99.4940079019581,0.009434607488808004,-0.0055927112412981084,0.0,False,stress_wide_capacity_with_debt_yield
2033Q1,2033-03-31,2033,1,2033,42668.8494165551,27788.850532120443,0.019410997699656374,0.026980251202325566,0.02918726795707865,193.83050120609002,1107.2558179658174,273.83148801127936,608.1071375951134,137.50586993770924,57.62241271852136,30.188909703194064,5.6542680689403735,30.657318478668483,0.0,1143.5674045134263,1337.3979057195163,-14.7595,0.0,53785.60105127828,55108.23945699779,1.291533289754383,0.018170679908784758,0.10720395981146219,0.12537463972024696,54525.47542000317,582.7640369946275,11621.22956703616,27955.402031152506,9325.71222248032,37281.114253632826,4368.649999545404,1254.4815997887665,0.21313394294170254,20.299926343486085,16724.76608191071,22176.719966292858,0.3067330629046671,0.4067221751936733,12580.573127171207,12580.573127171207,0,0.0,0.0,0.0,0.0,0.0,0.0,0.0,0.0,0.0,0.0,0.0,none,1224.4390809020451,13805.01220807325,1291.981087240848,1291.981087240848,0.0,13872.554214412055,0.2154110468670722,0.5181811771623273,0.1728613500867164,0.0702933619006643,0.0232530639832198,0.08526737363234253,0.0850463605248675,0.09888924186237726,0.8215973417663532,18562.36594692293,-7.275957614183426e-12,0.09762118965021557,0.10826824323411378,0.10827186414898005,0.07806544582155989,255.49012993894266,-61.65962873285264,0.013012242393726142,0.006980251202325566,0.00722103655552293,0.01625118965021556,0.04762118965021556,0.009030153094692631,500.0,17.309482238382223,16.265673309680693,True,0.0,24.39850996452104,65.06269323872277,24.39850996452104,0.0,0.09762118965021557,0.10826824323411378,0.10827186414898005,False,True,1,0.0,1.1736915348131733,1.6504554151261384,173.69153481317335,423.4026921243684,1112.9100860347578,689.5073939103894,678.6332601241161,0.0636186135228491,0.15668784534991487,106.33358331163605,0.009968263477044182,-0.005780294484240702,0.0,False,stress_wide_capacity_with_debt_yield
2033Q2,2033-06-30,2033,2,2033,43174.83969078521,27927.824005873343,0.020154770200732752,0.02757408215721643,0.029785530398536996,190.87400240279658,1163.1052588326645,283.61956388308244,643.7537554126549,143.55105610287472,60.902272337961996,31.278611096090007,5.6542680689403735,32.173472728503135,0.0,1200.932999630108,1391.8070020329046,-14.7595,0.0,55108.23945699779,56485.286959030695,1.3082917588941583,0.01768381805420204,0.1112623007502606,0.12894611880446263,55902.52292203607,582.7640369946275,11910.93028959296,28652.2904387925,9558.188962882441,38210.479401674944,4495.359189126606,1285.7540416415525,0.21306605975913515,20.361569672582206,17179.799426128528,22582.175378474865,0.3073170677840099,0.40395628315324666,12830.98977830633,12830.98977830633,0,0.0,0.0,0.0,0.0,0.0,0.0,0.0,0.0,0.0,0.0,0.0,none,1254.4815997887665,14085.471378095097,1344.8740293044016,1344.8740293044016,0.0,14175.86380761073,0.2154110468670722,0.5181811771623273,0.1728613500867164,0.0702933619006643,0.0232530639832198,0.08728617038447026,0.087169033992982,0.10010093535350091,0.8449180141119502,19763.29894655304,0.0,0.0987339812759527,0.10929940829272188,0.10927578353332924,0.0787984129737337,256.1324551759094,-65.25845277311284,0.013618460902904122,0.00757408215721643,0.0078316949668252,0.01740398127595271,0.04873398127595271,0.009572286309127511,500.0,18.38489860140724,17.309482238382223,True,0.0,25.964223357573335,69.2379289535289,25.964223357573335,0.0,0.0987339812759527,0.10929940829272188,0.10927578353332924,False,True,1,0.0,1.1839499357914696,1.660954304852797,183.94993579146956,430.77618113124424,1168.7595269016049,737.9833457703606,725.8090158793136,0.06724370221893125,0.15668784534991487,113.7254508336718,0.010536270814035627,-0.006045970592177176,0.0,False,stress_wide_capacity_with_debt_yield
2033Q3,2033-09-30,2033,3,2033,43698.23387607423,28070.855955481704,0.020643858278194926,0.028154492606501217,0.030395962172347826,187.35977396278602,1220.7379145786108,294.0033920479623,681.1508867016993,149.90207559305375,63.23619391148169,32.44536632441373,5.6542680689403735,33.777580429995524,0.0,1260.1697630775468,1447.5295370403328,-14.7595,0.0,56485.286959030695,57918.05699607103,1.3254095614098143,0.017150329186678616,0.11535200865566499,0.1325023378423436,57335.2929590764,582.7640369946275,12212.28871923053,29377.22199680006,9800.020687693235,39177.24268449329,4627.476652605412,1318.2849027471545,0.21299775563974468,20.461691362860453,17670.347238820457,22932.674510840105,0.3081931970144956,0.39997483796251837,13198.415238227239,13198.415238227237,0,0.0,0.0,0.0,0.0,0.0,0.0,0.0,0.0,0.0,0.0,0.0,none,1285.7540416415525,14484.169279868789,1398.9924566103373,1398.9924566103373,0.0,14597.407694837573,0.2154110468670722,0.5181811771623273,0.1728613500867164,0.0702933619006643,0.0232530639832198,0.08935666363406912,0.08923879692717572,0.10119466309409289,0.8685671194738253,21023.468709630586,0.0,0.09993801854354656,0.11039874869787102,0.11033796871233618,0.07957174406198438,256.8436770617653,-69.48390309897925,0.014336724788944027,0.008154492606501217,0.008455795611112264,0.018628018543546558,0.049938018543546556,0.010172222932434295,500.0,19.498665401450175,18.38489860140724,True,0.0,27.57734790211086,73.53959440562896,27.57734790211086,0.0,0.09993801854354656,0.11039874869787102,0.11033796871233618,False,True,1,0.0,1.1926246060491876,1.6720500757403687,192.62460604918763,438.0693959671897,1226.3921826475512,788.3227866803616,774.6915431530679,0.07091284699057177,0.15668784534991487,121.3847487074548,0.011111181202580886,-0.006360339714967132,0.0,False,stress_wide_capacity_with_debt_yield
2033Q4,2033-12-31,2033,4,2034,44236.76451084768,28215.900874601346,0.020829145971745566,0.028785465692474525,0.03101913583302857,162.4798597545501,1281.7443049502465,305.1179841204013,719.7473957173587,156.5728809145097,66.62496760965907,33.68107658831782,5.687777001067564,35.47505574611003,0.0,1322.907137697424,1485.3869974519741,-17.2085,0.0,57918.05699607103,59386.23549352301,1.3424633593842605,0.014691839383027844,0.11962060537886061,0.13431244476188844,58803.47145652838,582.7640369946275,12520.908867458447,30119.62195274772,10047.679738900397,40167.301691648114,4763.661249875681,1351.59964754612,0.21292805607088647,20.50135601650453,17981.81797539212,23107.976813541925,0.30579517722326194,0.3929696026641038,13438.923305915521,13438.923305915521,0,0.0,0.0,0.0,0.0,0.0,0.0,0.0,0.0,0.0,0.0,0.0,none,1318.2849027471545,14757.208208662676,1432.7034417058642,1432.7034417058642,0.0,14871.626747621385,0.2154110468670722,0.5181811771623273,0.1728613500867164,0.0702933619006643,0.0232530639832198,0.09050913146266934,0.09136405510199803,0.10250668459216387,0.873643289229219,22346.37584732801,7.275957614183426e-12,0.10119665420769161,0.11155229046598623,0.11144779326442587,0.08038312691406334,236.50544179038957,-74.02558203583949,0.015099217684480524,0.008785465692474525,0.009103787353064267,0.019916654207691613,0.051196654207691615,0.010812866854627345,500.0,20.662340739547158,19.498665401450175,True,0.0,29.247998102175263,77.9946616058007,29.247998102175263,0.0,0.10119665420769161,0.11155229046598623,0.11144779326442587,False,True,1,0.0,1.2050339524389044,1.6837023496060728,205.03395243890444,445.19129640684406,1287.432081951314,842.2407855444701,827.0209123826698,0.07478132015553433,0.15668784534991487,129.58412482056127,0.011717323927592836,-0.006693580134477242,0.0,False,stress_wide_capacity_with_debt_yield
2034Q1,2034-03-31,2034,1,2034,44788.26256751575,28361.150961605625,0.020750784662662447,0.02944635360262219,0.031675924278030114,158.40221239520372,1331.5504242959023,316.768521256553,747.1400712482656,163.4731445992596,69.18609246188653,34.982594729937546,5.687777001067564,37.2833512093843,0.0,1374.5215525063543,1532.9237649015581,-17.2085,0.0,59386.23549352301,60901.95075842456,1.359774799627879,0.014146761076647833,0.12275730057037525,0.1369040616470231,60319.186721429935,582.7640369946275,12839.379433708567,30885.717542139082,10303.243475512514,41188.9610176516,4904.8685506397205,1385.9777194300382,0.21285730348129925,20.610949842259483,18295.60443911808,23252.372545036018,0.30331318165167004,0.38548882716906757,13903.454082012637,13903.454082012639,0,0.0,0.0,0.0,0.0,0.0,0.0,0.0,0.0,0.0,0.0,0.0,none,1351.59964754612,15255.053729558758,1478.4319136921736,1478.4319136921736,0.0,15381.885995704812,0.2154110468670722,0.5181811771623273,0.1728613500867164,0.0702933619006643,0.0232530639832198,0.09178932455611881,0.09258182749477475,0.10375428247249177,0.8798077798647372,23720.897399834364,-7.275957614183426e-12,0.10252945798247215,0.11276144459778625,0.11260966528705499,0.0812340801021682,237.25736046612803,-78.8551480709243,0.01589877823448689,0.00944635360262219,0.009781915093339623,0.021269457982472248,0.05252945798247215,0.011487542889132625,500.0,21.847918822415437,20.662340739547158,True,0.0,30.993511109320735,82.64936295818863,30.993511109320735,0.0,0.10252945798247215,0.11276144459778625,0.11260966528705499,False,True,1,0.0,1.21696839076182,1.6959260822416464,216.96839076182007,452.0258010771195,1337.23820129697,885.2124002198505,868.2726230841731,0.07754465775717928,0.15668784534991487,136.04776648737783,0.012150305342368982,-0.007042483324916182,0.0,False,stress_wide_capacity_with_debt_yield
2034Q2,2034-06-30,2034,2,2034,45348.55579820835,28503.560772560562,0.020236982568111017,0.030139211581943486,0.0323412891074926,155.04319214291525,1385.209032464152,329.1036535423599,776.1981182231018,170.66788130910948,72.90010645095012,36.339272938629925,5.687777001067564,39.18535492977816,0.0,1430.0821643949978,1585.125356537913,-17.2085,0.0,60901.95075842456,62469.86761496248,1.3775492188315857,0.01367568950445304,0.12614136342145635,0.13981705292590937,61887.10357796785,582.7640369946275,13168.685086848647,31677.877431207522,10567.50206680059,42245.379498008115,5051.513582260985,1421.5254108500956,0.21278561001418028,20.68605370436489,18575.453105008524,23344.430967737342,0.3001506296316877,0.37720994549901815,14213.551602867525,14213.551602867527,0,0.0,0.0,0.0,0.0,0.0,0.0,0.0,0.0,0.0,0.0,0.0,none,1385.9777194300382,15599.529322297565,1528.7315016081347,1528.7315016081347,0.0,15742.28310447566,0.2154110468670722,0.5181811771623273,0.1728613500867164,0.0702933619006643,0.0232530639832198,0.09303820107727265,0.09392685433460765,0.10519426209385177,0.8848489807406232,25150.97956422936,7.275957614183426e-12,0.10387693251973455,0.11398488721316322,0.11378763378883344,0.08209565408322958,238.01366096985237,-82.97046882693711,0.016532124556368714,0.010139211581943485,0.010492229852541661,0.02263693251973455,0.05387693251973455,0.012144702667192888,500.0,23.086698736925193,21.847918822415437,True,0.0,32.771878233623156,87.39167528966175,32.771878233623156,0.0,0.10387693251973455,0.11398488721316322,0.11378763378883344,False,True,1,0.0,1.2284655334955208,1.7082970426830613,228.4655334955208,458.8695854613263,1390.8968094652196,932.0272240038933,913.3134289165935,0.08055942799860251,0.15668784534991487,143.10511330608367,0.012622683195722632,-0.007318466254681933,0.0,False,stress_wide_capacity_with_debt_yield
2034Q3,2034-09-30,2034,3,2034,45923.29063135082,28645.911101451667,0.02012664421093624,0.03091786457813389,0.033058942660636075,151.8369708357589,1440.5695160103626,341.9806530350529,806.923416687777,178.1852212618696,75.71877736777711,37.761447657885526,5.687777001067564,41.241612217407244,0.0,1487.4989052288374,1639.3358760645963,-17.2085,0.0,62469.86761496248,64091.99499102708,1.3956315871509626,0.013225269247766243,0.1295637908154042,0.14278906006317044,63509.23095403245,582.7640369946275,13509.225344216222,32497.062677277027,10840.776114272085,43337.83879154911,5203.8809696001135,1458.2858486669957,0.21271278428791096,20.804999253666796,18775.552635674143,23351.03990962786,0.295635017990751,0.36767946263637147,14646.612707749497,14646.612707749495,0,0.0,0.0,0.0,0.0,0.0,0.0,0.0,0.0,0.0,0.0,0.0,none,1421.5254108500956,16068.13811859959,1580.885763847189,1580.885763847189,0.0,16227.498471596684,0.2154110468670722,0.5181811771623273,0.1728613500867164,0.0702933619006643,0.0232530639832198,0.09439455680120759,0.09524584968850223,0.10645061127274826,0.8907838249152161,26638.478469458198,7.275957614183426e-12,0.10525613125073453,0.11523260324858968,0.11499774512013734,0.08297607043590605,238.80509183251243,-86.96812099675351,0.0171217241147889,0.01091786457813389,0.01123631194956004,0.02402613125073453,0.05525613125073453,0.012789819301174489,500.0,24.362203596405173,23.086698736925193,True,0.0,34.630048105387786,92.34679494770077,34.630048105387786,0.0,0.10525613125073453,0.11523260324858968,0.11499774512013734,False,True,1,0.0,1.237813668366772,1.7209188249074896,237.813668366772,465.74147004655646,1446.2572930114302,980.5158229648737,959.9099582794885,0.08360985853432541,0.15668784534991487,150.40622309273974,0.013100648583754641,-0.007575077465148571,0.0,False,stress_wide_capacity_with_debt_yield
2034Q4,2034-12-31,2034,4,2035,46513.354113128924,28788.544701856823,0.020066031967132414,0.03169267359805525,0.03380953745793308,108.07315632995316,1499.9008380258977,355.48219898164297,839.3028235685628,186.04169607663843,79.82758294233447,39.246536456719674,5.709630652454863,43.438281545181574,0.0,1549.0487502235342,1657.1219065534874,-17.416,0.0,64091.99499102708,65731.70089758057,1.4131791213703733,0.009293946514121482,0.13321324851834734,0.14250719503246884,65148.936860585934,582.7640369946275,13853.079024399276,33324.218514269945,11116.709091030736,44440.92760530068,5359.526269000315,1495.4039618856564,0.21263706964311443,20.78034396669717,18986.397821041763,23609.761485643834,0.2914306623555699,0.36239672699751085,14737.680437951149,14737.680437951149,0,0.0,0.0,0.0,0.0,0.0,0.0,0.0,0.0,0.0,0.0,0.0,none,1458.2858486669957,16195.966286618144,1596.267625008306,1596.267625008306,0.0,16333.948062959455,0.2154110468670722,0.5181811771623273,0.1728613500867164,0.0702933619006643,0.0232530639832198,0.09561182674999151,0.09667658186894647,0.10780973490005737,0.8955258641371284,28187.52721968173,0.0,0.10665114807249766,0.11650519159383392,0.1162354554748108,0.0838749045757096,199.09106072151363,-91.01790439156046,0.017701790236668683,0.011692673598055248,0.012003513183950959,0.025441148072497654,0.05665114807249766,0.013437634888546698,500.0,25.674203187613088,24.362203596405173,True,0.0,36.543305394607756,97.4488143856207,36.543305394607756,0.0,0.10665114807249766,0.11650519159383392,0.1162354554748108,False,True,1,0.0,1.2561196626930131,1.7337968279430918,256.11966269301314,472.8423753984295,1505.6104686783526,1032.768093279923,1010.118904246692,0.08686700183262633,0.15668784534991487,158.27335465363115,0.013611003349161327,-0.007827249281588112,0.0,False,stress_wide_capacity_with_debt_yield
2035Q1,2035-03-31,2035,1,2035,47121.715586701015,28932.72143202523,0.02018350503324795,0.03251280311434691,0.03457225578603382,104.49663533425006,1558.4921168552924,369.36169557280465,871.4046160537094,194.059994885154,82.88168458459006,40.784125759034175,5.709630652454863,45.734003698059745,0.0,1609.935751205807,1714.432386540057,-17.416,0.0,65731.70089758057,67428.71728412062,1.4309478431458207,0.008870359156765656,0.13666189621162037,0.14553225536838602,66845.95324712599,582.7640369946275,14208.783491160424,34179.88196323842,11402.151993103214,45582.033956341635,5521.334462835678,1533.801336788245,0.21256011472573808,20.820239717712262,19175.554956330532,23831.557649326987,0.2868618670967188,0.3565145905126518,15232.34056211271,15232.340562112711,0,0.0,0.0,0.0,0.0,0.0,0.0,0.0,0.0,0.0,0.0,0.0,none,1495.4039618856564,16727.744523998368,1651.2823828419973,1651.2823828419973,0.0,16883.62294495471,0.2154110468670722,0.5181811771623273,0.1728613500867164,0.0702933619006643,0.0232530639832198,0.09694454384075749,0.09797012578234165,0.10914142240445222,0.9012484891700853,29797.46297088754,0.0,0.10809192913360133,0.11781007732834287,0.11750564584184581,0.08479709504494264,199.83244194012914,-95.33580660587909,0.018313181287932162,0.012512803114346906,0.012790746367159274,0.026891929133601323,0.058091929133601325,0.014101182766442052,500.0,27.011666012352165,25.674203187613088,True,0.0,38.51130478141963,102.69681275045235,38.51130478141963,0.0,0.10809192913360133,0.11781007732834287,0.11750564584184581,False,True,1,0.0,1.2648727644741469,1.7470070441424252,264.8727644741469,479.3560389782324,1564.2017475077473,1084.845708529515,1060.0139706043342,0.0899809319254495,0.15668784534991487,166.09130509480113,0.01409891834597605,-0.008092727984868646,0.0,False,stress_wide_capacity_with_debt_yield
2035Q2,2035-06-30,2035,2,2035,47746.74873135628,29077.20981321201,0.020125910346560083,0.03332530081897989,0.03536450185634688,100.89345830488563,1621.4068201623074,383.96370455029927,905.2994844942659,202.44528302490332,87.30303931340923,42.3953087794297,5.709630652454863,48.18048231840451,0.0,1675.296933133167,1776.1903914380525,-17.416,0.0,67428.71728412062,69187.49167555867,1.4490513702794137,0.00845238354322767,0.1403485663544638,0.14880094989769146,68604.72763856404,582.7640369946275,14577.264315888326,35066.27952871275,11697.84756568375,46764.12709439651,5689.758341872904,1573.5778864063097,0.21248192096449872,20.811714366977615,19360.047399571904,24137.0640216519,0.2821969865046042,0.35182799863028663,15532.353758983858,15532.353758983858,0,0.0,0.0,0.0,0.0,0.0,0.0,0.0,0.0,0.0,0.0,0.0,none,1533.801336788245,17066.155095772105,1710.593909119648,1710.593909119648,0.0,17242.947668103505,0.2154110468670722,0.5181811771623273,0.1728613500867164,0.0702933619006643,0.0232530639832198,0.0982305271020865,0.09938180648307823,0.11069844456162083,0.9056899789157404,31472.759904020706,0.0,0.10956271177388537,0.11914128373226684,0.11880102229188355,0.08573810578879551,200.61394090858244,-99.72048260369681,0.018915872266290188,0.013325300818979893,0.013597038854016204,0.02837271177388536,0.05956271177388536,0.01477567291986916,500.0,28.384883288523532,27.011666012352165,True,0.0,40.51749901852825,108.04666404940866,40.51749901852825,0.0,0.10956271177388537,0.11914128373226684,0.11880102229188355,False,True,1,0.0,1.278498147813231,1.7604878067158594,278.4981478132309,485.86998212492387,1627.1164508147624,1141.2464686898386,1114.0787363855488,0.09333232238733861,0.15668784534991487,174.56259675440745,0.01462404049637571,-0.008354117107723257,0.0,False,stress_wide_capacity_with_debt_yield
2035Q3,2035-09-30,2035,3,2035,48391.1168062168,29223.206638012078,0.020235791159548322,0.03415779417455405,0.03616494947090721,97.06483896234809,1686.1649496693783,399.28115217335414,940.8858109745069,211.2275171023412,90.6822357047403,44.08823371443565,5.709630652454863,50.75916215460862,0.0,1742.633742476442,1839.6985814387901,-17.416,0.0,69187.49167555867,71009.77425699747,1.4674134209664458,0.008023360101486906,0.1440457552947045,0.15206911539619142,70427.01022000283,582.7640369946275,14958.870030185866,35984.24961948806,12004.07549565145,47988.32511513951,5865.043840854754,1614.7712338226975,0.21240245728814447,20.807307218029575,19550.32564685897,24464.329068957173,0.2775969842506,0.3473713990205531,15915.466183607945,15915.466183607947,0,0.0,0.0,0.0,0.0,0.0,0.0,0.0,0.0,0.0,0.0,0.0,none,1573.5778864063097,17489.044070014257,1771.5234192841815,1771.5234192841815,0.0,17686.98960289213,0.2154110468670722,0.5181811771623273,0.1728613500867164,0.0702933619006643,0.0232530639832198,0.09954157442269423,0.10074848503820227,0.11206962710306531,0.9101453928939648,33215.39364649715,0.0,0.11107130983550623,0.12049621486990819,0.12011960823316253,0.08670338741103165,201.4445442462396,-104.3797052838915,0.019548148931618742,0.01415779417455405,0.01442388895421181,0.02989130983550622,0.061071309835506224,0.015467420881294415,500.0,29.786406740375714,28.384883288523532,True,0.0,42.5773249327853,113.53953315409413,42.5773249327853,0.0,0.11107130983550623,0.12049621486990819,0.12011960823316253,False,True,1,0.0,1.290935521062704,1.7743153597960775,290.935521062704,492.5429195984832,1691.8745803218333,1199.33166072335,1169.6375002560999,0.09668200094987986,0.15668784534991487,183.26797975558878,0.015148894412955097,-0.008628005483062697,0.0,False,stress_wide_capacity_with_debt_yield
2035Q4,2035-12-31,2035,4,2036,49054.981611688934,29370.1792980153,0.020269526387548087,0.035034850205641774,0.0369953607952082,149.29650574178902,1754.0881697301497,415.3753219779607,977.227769440336,220.42351184678432,95.19552348533331,45.86604297973573,5.7387688543045945,53.508138907003634,0.0,1813.3350774914582,1962.631583233247,-16.55475,0.0,71009.77425699747,72955.85109023072,1.487226142856134,0.012173809944408524,0.14786144182831557,0.16003525177272407,72373.08705323609,582.7640369946275,15366.55023389853,36964.9430933746,12331.227475284539,49296.17056865914,6051.586995913902,1658.7792547645047,0.21232409531729973,20.7140515924781,20006.465345578596,24853.924203907503,0.27643515234968863,0.34341390171218605,16056.674627838025,16056.674627838025,0,0.0,0.0,0.0,0.0,0.0,0.0,0.0,0.0,0.0,0.0,0.0,none,1614.7712338226975,17671.445861660723,1892.5686943262435,1892.5686943262435,0.0,17949.243322164268,0.2154110468670722,0.5181811771623273,0.1728613500867164,0.0702933619006643,0.0232530639832198,0.10074477823961585,0.10214566073276979,0.11339658090539037,0.9138090938908076,35028.728723988606,0.0,0.11261620028654001,0.12189261122596137,0.12147766283942028,0.08769106115432637,258.5194546700907,-109.22294892830165,0.020191090941832645,0.015034850205641773,0.015270363511104987,0.031446200286540014,0.06261620028654001,0.016175836775435024,500.0,31.21959213574015,29.786406740375714,True,0.0,44.67961011056357,119.14562696150286,44.67961011056357,0.0,0.11261620028654001,0.12189261122596137,0.12147766283942028,False,True,1,0.0,1.309548359221952,1.7884662446322257,309.5483592219519,499.3269610941214,1759.8269385844544,1260.499977490333,1228.0907736080494,0.10013994365175072,0.15668784534991487,192.42689721075536,0.015690712004254707,-0.008906165721792933,0.0,False,stress_wide_capacity_with_debt_yield
2036Q1,2036-03-31,2036,1,2036,49738.698088281424,29518.235964636384,0.020317203354787372,0.035881257626356126,0.037844632688686194,145.40918704184892,1824.3908510406898,432.6306247134738,1012.8403125089305,230.35892631656364,100.7883799862182,47.77260751550321,5.7387688543045945,56.45995753091083,0.0,1886.5895774259052,2031.9987644677542,-16.55475,0.0,72955.85109023072,74971.29510469847,1.507303125860504,0.011693847457266498,0.15172006103395705,0.16341390849122356,74388.53106770384,582.7640369946275,15788.5370403992,37980.05175804036,12669.860104164994,50649.91186220536,6245.750528716706,1704.3316363825645,0.21224423730090128,20.685798486649023,20461.332815982612,25246.90132379851,0.27506031537791725,0.3393923896792685,16583.088810648962,16583.088810648966,0,0.0,0.0,0.0,0.0,0.0,0.0,0.0,0.0,0.0,0.0,0.0,none,1658.7792547645047,18241.86806541347,1958.9840569368434,1958.9840569368434,0.0,18542.072867585808,0.2154110468670722,0.5181811771623273,0.1728613500867164,0.0702933619006643,0.0232530639832198,0.10206223435817537,0.10343732815028635,0.11487939143356846,0.9185749393037597,36915.31830141451,-1.4551915228366852e-11,0.11419943326584574,0.12331251376974532,0.12285755348721894,0.0887026554532839,259.7043169777582,-114.29512993590927,0.020851796959962872,0.015881257626356126,0.016137845176780012,0.033039433265845734,0.06419943326584573,0.016901588089065722,500.0,32.681526311258715,31.21959213574015,True,0.0,46.82938820361022,124.8783685429606,46.82938820361022,0.0,0.11419943326584574,0.12331251376974532,0.12285755348721894,False,True,1,0.0,1.3191240157378412,1.802961501349013,319.1240157378412,506.5918385923686,1830.1296198949944,1323.5377813026257,1288.1845009336307,0.1035961575550069,0.15668784534991487,201.842853864446,0.016232258713824336,-0.00919164628982016,0.0,False,stress_wide_capacity_with_debt_yield
2036Q2,2036-06-30,2036,2,2036,50442.842473615514,29666.87987126864,0.02029531330019685,0.03679921479100223,0.03871416021448409,141.42145994701846,1899.7775883483534,450.7604955276005,1050.2221459525217,241.2548471574999,107.76137160755246,49.7787281031791,5.7387688543045945,59.591455096915986,0.0,1965.107812299574,2106.5292722465924,-16.55475,0.0,74971.29510469847,77061.26962694505,1.52769482939532,0.011214392608504563,0.15582847563179555,0.1670428682403001,76478.50558995042,582.7640369946275,16225.90398243509,39032.15804586645,13020.834862345695,52052.99290821214,6448.064435549754,1751.5442637534418,0.21216293201951944,20.59293207469321,21020.450215646975,25782.313391365285,0.27485435356635873,0.33711842552992016,16929.376331220166,16929.37633122017,0,0.0,0.0,0.0,0.0,0.0,0.0,0.0,0.0,0.0,0.0,0.0,none,1704.3316363825645,18633.707967602735,2030.3830671496767,2030.3830671496767,0.0,18959.759398369846,0.2154110468670722,0.5181811771623273,0.1728613500867164,0.0702933619006643,0.0232530639832198,0.10331419158547603,0.10484587785526572,0.116540573154476,0.9221389161914331,38880.426113714086,-1.4551915228366852e-11,0.11582873694425859,0.12477378165488265,0.12427697899663268,0.0897365974188181,260.95140943657844,-119.52994948955998,0.021516420056079753,0.016799214791002232,0.017026553729754368,0.03466873694425858,0.06582873694425859,0.01764218321450422,500.0,34.17832178013829,32.681526311258715,True,0.0,49.02228946688807,130.72610524503486,49.02228946688807,0.0,0.11582873694425859,0.12477378165488265,0.12427697899663268,False,True,1,0.0,1.3337173666448534,1.8177790871281112,333.7173666448534,513.9006291635852,1905.5163572026581,1391.615728039073,1353.1124423080462,0.1072986672403167,0.15668784534991487,212.01627310140876,0.01681239697880272,-0.009478446782778427,0.0,False,stress_wide_capacity_with_debt_yield
2036Q3,2036-09-30,2036,3,2036,51169.397821089624,29816.95649392146,0.020388967569142213,0.03771301793987695,0.03960417543134642,137.1553849461738,1977.1588888358294,469.85649101606793,1089.2124786301408,252.15936782019273,114.0447478891644,51.88580348026386,5.7387688543045945,62.915732273662236,0.0,2045.8133899637965,2182.9687749099703,-16.55475,0.0,77061.26962694505,79227.68365185503,1.548341137976048,0.010721672779947768,0.15992475792791983,0.17064643070786759,78644.9196148604,582.7640369946275,16679.020751734974,40122.15126730366,13384.44841711591,53506.599684419576,6658.84213456513,1800.4570441407075,0.2120800788330055,20.496157912223328,21611.549720318777,26282.60544469122,0.2747990566479663,0.33419330292919486,17373.165477665054,17373.16547766505,0,0.0,0.0,0.0,0.0,0.0,0.0,0.0,0.0,0.0,0.0,0.0,none,1751.5442637534418,19124.709741418494,2103.4982926363077,2103.4982926363077,0.0,19476.66377030136,0.2154110468670722,0.5181811771623273,0.1728613500867164,0.0702933619006643,0.0232530639832198,0.10458207353317227,0.10619152266074071,0.11817077899724614,0.9256201288063018,40926.23950367788,0.0,0.11749156097049142,0.12627291899488932,0.12573210919730102,0.09079752875226645,262.271250222751,-125.11586527657721,0.022217378575177353,0.017713017939876948,0.017937130472757058,0.03634156097049142,0.06749156097049142,0.018404430497734357,500.0,35.702672766733826,34.17832178013829,True,0.0,51.267482670207436,136.71328712055316,51.267482670207436,0.0,0.11749156097049142,0.12627291899488932,0.12573210919730102,False,True,1,0.0,1.3466481188874475,1.8329858488415396,346.6481188874475,521.3278055273912,1982.897657690134,1461.5698521627428,1419.6757658160632,0.11097850092196625,0.15668784534991487,222.44593684120926,0.017388982189626433,-0.009780522781529417,0.0,False,stress_wide_capacity_with_debt_yield
2036Q4,2036-12-31,2036,4,2037,51917.89744929252,29967.491788644606,0.020348037327583057,0.03867296385463393,0.040515331791118804,135.2078188199105,2036.104058580387,489.9110458951404,1129.9335309464027,263.5888426136896,120.63590076447704,32.03473836067588,5.894658234200658,66.44513480488914,0.0,2108.4438516194764,2243.651670439387,0.0,0.0,79227.68365185503,81471.33532229441,1.5692341047105447,0.010417048876215843,0.1624444713832076,0.17286152025942347,80888.57128529978,582.7640369946275,17148.01509082183,41250.338712864264,13760.80327828331,55011.141991147575,6878.330436311869,1851.0837670185006,0.21199552443990577,20.39209503920497,22015.173574242966,26819.18602549285,0.2721666760140178,0.33155717302633103,17824.962901936575,17824.962901936575,0,0.0,0.0,0.0,0.0,0.0,0.0,0.0,0.0,0.0,0.0,0.0,none,1800.4570441407075,19625.419946077283,2177.206535634498,2177.206535634498,0.0,20002.169437571072,0.2154110468670722,0.5181811771623273,0.1728613500867164,0.0702933619006643,0.0232530639832198,0.09270390657869076,0.10644985461821511,0.07082455090249169,0.9276154800688267,43034.68335529736,0.0,0.07017023639064911,0.07876193967054024,0.07817391022710483,0.04284824203542147,266.12277443957845,-130.91495561966795,0.02292792102091873,0.01867296385463393,0.0188693730666667,0.03805479054047542,0.06920479054047542,0.019185417473808714,0.0,37.21400404771538,35.702672766733826,True,0.0,53.55400915010074,142.8106910669353,53.55400915010074,0.0,0.07017023639064911,0.07876193967054024,0.07817391022710483,False,True,4,9.65445850173694,1.3582007916843994,1.3582007914095926,358.20079168439946,528.9568504093874,2041.9987168145876,1513.0418664052004,1467.510362392323,0.11306392858652412,0.15668784534991487,229.94103671192585,0.01771574335701911,-0.010086306422368567,0.0,False,stress_wide_capacity_with_debt_yield
2037Q1,2037-03-31,2037,1,2037,52664.938408967624,30111.027844401986,0.019296990362778654,0.03876473067153974,0.04144743897248616,132.12599704949326,1876.247296135008,300.8200681383465,1148.348806421568,270.9441253962984,122.86423620515512,33.27005997363992,5.894658234200658,70.19056804311266,0.0,1952.3325224123214,2084.458519461815,0.0,0.0,81471.33532229441,83555.79384175623,1.5865544775331704,0.010035215157642358,0.1482832853426358,0.15831850050027815,82973.0298047616,582.7640369946275,17581.910658907727,42294.09445105076,14108.992355801955,56403.08680685272,7090.110670428964,1897.9216685721888,0.2118991038446899,20.30173559736199,22388.05399762973,27300.126220109432,0.2698232672750362,0.32902409715961406,18399.17392693328,18399.17392693328,0,0.0,0.0,0.0,0.0,0.0,0.0,0.0,0.0,0.0,0.0,0.0,none,1851.0837670185006,20250.25769395178,2014.2679514187018,2014.2679514187018,0.0,20413.44187835198,0.2154110468670722,0.5181811771623273,0.1728613500867164,0.0702933619006643,0.0232530639832198,0.09217966234670644,0.09585371417758368,0.07141379803643093,0.9295652709791701,44987.01587770968,0.0,0.07089314836297712,0.07928946187939004,0.07865717580057462,0.04295367478864587,267.52814408484466,-135.4021470353514,0.023387927411425653,0.018764730671539737,0.019825028319844007,0.039743148362977126,0.07089314836297712,0.019918120043133116,0.0,38.34480471423176,37.21400404771538,True,0.0,55.821006071573066,148.8560161908615,55.821006071573066,0.0,0.07089314836297712,0.07928946187939004,0.07865717580057462,False,True,1,0.0,1.3537554273657302,1.3638953098742828,353.75542736573016,536.7144539006248,1882.1419543692086,1345.4275004685837,1296.1499249294045,0.09844499692483834,0.15668784534991487,203.0909389876423,0.015425134453631913,-0.010284044840906566,0.0,False,stress_wide_capacity_with_debt_yield
2037Q2,2037-06-30,2037,2,2037,53292.506590023986,30174.39363721909,0.008444227786814418,0.039743905366398866,0.042224183991264264,144.32799607599276,1913.8679050584642,311.6092502116386,1165.073948088916,277.91699583176035,124.67680837873466,34.59090254741421,5.894658234200658,73.68682468479597,0.0,1993.449387977461,2137.7773840534537,0.0,0.0,83555.79384175623,85693.57122580969,1.607985375599709,0.010832892300322765,0.14962324090423787,0.16045613320456065,85110.80718881506,582.7640369946275,18026.53856712977,43363.667326874056,14465.793836595667,57829.46116346972,7308.889359799208,1945.9180984163484,0.21180081781081675,20.20388796374403,22811.728173668558,27836.145523431103,0.2680238729620037,0.32705770797917216,18844.67945065114,18844.67945065114,0,0.0,0.0,0.0,0.0,0.0,0.0,0.0,0.0,0.0,0.0,0.0,none,1897.9216685721888,20742.601119223327,2064.0905593686575,2064.0905593686575,0.0,20908.770010019798,0.2154110468670722,0.5181811771623273,0.1728613500867164,0.0702933619006643,0.0232530639832198,0.09176769921558389,0.09543081556990742,0.0724825159628903,0.9315171117619085,46980.46526568714,1.4551915228366852e-11,0.071902697977914,0.08021624419057018,0.0796142708746496,0.043628069696091766,268.28537184679715,-123.95737577080439,0.021111886141595006,0.019743905366398865,0.020804203014702247,0.040752697977914004,0.071902697977914,0.019948494963211754,0.0,39.89055325461155,38.34480471423176,True,0.0,57.51720707134764,153.37921885692705,57.51720707134764,0.0,0.071902697977914,0.08021624419057018,0.0796142708746496,False,True,1,0.0,1.3655874295402133,1.373431964992367,365.5874295402133,544.527414848838,1919.762563292665,1375.2351484438268,1323.5574666705263,0.09934285710016033,0.15668784534991487,207.38536764939653,0.015565818229928613,-0.009303925351036756,0.0,False,stress_wide_capacity_with_debt_yield
2037Q3,2037-09-30,2037,3,2037,54003.443587518166,30273.262390598928,0.013170868473934894,0.04073109695078947,0.0432033586861225,150.10742528295947,1954.4147906125734,324.0391895448876,1182.3748935236326,285.1811291686971,126.87941528081835,35.94016309453638,5.894658234200658,77.69448499398749,0.0,2038.0039338407616,2188.1113591237213,0.0,0.0,85693.57122580969,87881.6825849334,1.627334791021466,0.011118359520143922,0.15095362802469925,0.16207198754484317,87298.91854793877,582.7640369946275,18481.14567531199,44457.24562701384,14830.603346703521,59287.848973717366,7534.932141887667,1994.991757021754,0.21169959471105443,20.092400185868016,23176.55425479059,28327.523900797885,0.265485009898073,0.3244888295522503,19312.19907038059,19312.19907038059,0,0.0,0.0,0.0,0.0,0.0,0.0,0.0,0.0,0.0,0.0,0.0,none,1945.9180984163484,21258.117168796936,2110.4168741297335,2110.4168741297335,0.0,21422.615944510322,0.2154110468670722,0.5181811771623273,0.1728613500867164,0.0702933619006643,0.0232530639832198,0.09137355963696439,0.09512984018231434,0.07344323625627562,0.9331646515008394,49018.4691995279,-1.4551915228366852e-11,0.07287805915117529,0.08117962735157311,0.08072025087743218,0.04434761256377938,269.4233611789471,-119.31593589598765,0.020032656851591932,0.02073109695078947,0.02179139459909374,0.04172805915117529,0.07287805915117529,0.01993666455208155,0.0,41.231603215187704,39.89055325461155,True,0.0,59.83582988191732,159.5622130184462,59.83582988191732,0.0,0.07287805915117529,0.08117962735157311,0.08072025087743218,False,True,1,0.0,1.3753060577479022,1.3833616770780885,375.3060577479022,552.407215575577,1960.309448846774,1407.902233271197,1352.9112027109727,0.10020925428715968,0.15668784534991487,211.98474130254422,0.01570157213837677,-0.00883765389535753,0.0,False,stress_wide_capacity_with_debt_yield
2037Q4,2037-12-31,2037,4,2038,54773.23862901917,30393.79374083894,0.016021146947144738,0.04156198222730329,0.044190550270513995,162.2967211353598,1996.100987859073,336.71750692671867,1200.3139154440453,292.54300796329187,129.1711587251377,37.355398799878756,5.91068424521801,81.8982521180488,0.0,2083.9099242223397,2246.2066453576995,0.0,0.0,87881.6825849334,90127.8892302911,1.6454730720001798,0.011852264003200576,0.1521845321827125,0.16403679618591305,89545.12519329647,582.7640369946275,18947.361612042932,45578.749497965066,15204.72861756294,60783.47811552801,7768.966907156351,2045.3185585691747,0.211595679509546,19.90815668277113,23776.693314636865,29814.604967859716,0.2655275009478331,0.3329562039642075,19561.88308866127,19561.88308866127,0,0.0,0.0,0.0,0.0,0.0,0.0,0.0,0.0,0.0,0.0,0.0,none,1994.991757021754,21556.874845683025,2164.3083932396507,2164.3083932396507,0.0,21726.19148190092,0.2154110468670722,0.5181811771623273,0.1728613500867164,0.0702933619006643,0.0232530639832198,0.09107268525030236,0.09485070667409407,0.07437953021883968,0.9347717236721378,51102.37912375024,0.0,0.07389835217293365,0.0821460046119783,0.08176681737254181,0.045058916568744986,281.16758567266686,-118.87086453730704,0.019670450762561353,0.02156198222730329,0.02262227987560756,0.04274835217293366,0.07389835217293365,0.020126072297326093,0.0,42.435965247849914,41.231603215187704,True,0.0,61.847404822781556,164.92641286075082,61.847404822781556,0.0,0.07389835217293365,0.0821460046119783,0.08176681737254181,False,True,1,0.0,1.3910208611046455,1.393312953024832,391.0208611046455,560.4069799842699,2002.011672104291,1441.604692120021,1382.6452697664522,0.10097232183995189,0.15668784534991487,216.64370820295719,0.015821135549080212,-0.008680944746935494,0.0,False,stress_wide_capacity_with_debt_yield
2038Q1,2038-03-31,2038,1,2038,55603.425007282516,30524.212581476855,0.017274668710625996,0.043985007670357255,0.04502143554702782,162.3313891065446,2040.7627590406553,350.04470028866814,1220.0694494068546,300.1907661374956,131.61715945742006,38.84068375021609,5.91068424521801,86.00382574218965,0.0,2132.6772690280627,2295.0086581346072,0.0,0.0,90127.8892302911,92422.89788842571,1.6621799444246619,0.011677797839631906,0.15342056851704663,0.16509836635667852,91840.13385143108,582.7640369946275,19423.205655523005,46723.41422237144,15586.580175238374,62309.994397609815,8010.249109022217,2096.6846892760377,0.21148930038520786,19.77014075524484,24361.098246487065,31327.268066994944,0.26525547410346534,0.3411065157817907,20139.475534415786,20139.475534415786,0,0.0,0.0,0.0,0.0,0.0,0.0,0.0,0.0,0.0,0.0,0.0,none,2045.3185585691747,22184.79409298496,2209.004832392418,2209.004832392418,0.0,22348.480366808202,0.2154110468670722,0.5181811771623273,0.1728613500867164,0.0702933619006643,0.0232530639832198,0.09081104273731606,0.09465115791533664,0.07537904154000218,0.9365768051807027,53235.0563927783,0.0,0.07496016490925014,0.08312301846911499,0.08277946855376493,0.04577047724180256,282.7519991438389,-120.42061003729427,0.01962857422356051,0.023985007670357255,0.02337179368919092,0.043810164909250146,0.07496016490925014,0.02043837122005922,0.0,43.550349182208635,42.435965247849914,True,0.0,63.653947871774875,169.74386099139966,63.653947871774875,0.0,0.07496016490925014,0.08312301846911499,0.08277946855376493,False,True,1,0.0,1.3957162661668212,1.4033670388541164,395.7162661668212,568.5340126632934,2046.6734432858732,1478.1394306225798,1414.7841577369168,0.1017767633955368,0.15668784534991487,221.67948131099158,0.015947181763134748,-0.008662819603038661,0.0,False,stress_wide_capacity_with_debt_yield
2038Q2,2038-06-30,2038,2,2038,56461.450628996274,30658.244817908915,0.017680079939098814,0.04469779884232712,0.04599648592729796,161.77866701478055,2087.088269203321,363.9916747510711,1240.4714858072662,308.30490242036,133.9377509244027,40.382455300220336,5.91068424521801,90.56336331927966,0.0,2183.5623167678186,2345.3409837825993,0.0,0.0,92422.89788842571,94768.23887220831,1.6784591578229704,0.011461176800278503,0.15469402875358862,0.16615520555386715,94185.47483521368,582.7640369946275,19908.909663199454,47891.7975439824,15976.344078856977,63868.14162283938,8259.308371622246,2149.115177552603,0.21137983004313518,19.641728936347512,24960.503437345877,32905.27290631236,0.26501436108929344,0.3493667464530303,20667.20149566143,20667.20149566143,0,0.0,0.0,0.0,0.0,0.0,0.0,0.0,0.0,0.0,0.0,0.0,none,2096.6846892760377,22763.886184937466,2254.7776204633196,2254.7776204633196,0.0,22921.97911612475,0.2154110468670722,0.5181811771623273,0.1728613500867164,0.0702933619006643,0.0232530639832198,0.09058383354540442,0.09450308815912037,0.07644519031341801,0.9383561582205314,55418.61870954612,0.0,0.07604058794680084,0.08410049333743183,0.08376543364628378,0.04647784635073172,284.42219387084725,-122.6435268560667,0.019688267385220705,0.02469779884232712,0.024084584861160788,0.04489058794680084,0.07604058794680084,0.02080600308564005,0.0,44.62538587865896,43.550349182208635,True,0.0,65.32552377331295,174.20139672883454,65.32552377331295,0.0,0.07604058794680084,0.08410049333743183,0.08376543364628378,False,True,1,0.0,1.4018934186146343,1.4134218507725564,401.89341861463436,576.7362156963856,2092.998953448539,1516.2627377521535,1448.2070712931347,0.10259793577102287,0.15668784534991487,226.91644562143182,0.01607584949331053,-0.008688655745807709,0.0,False,stress_wide_capacity_with_debt_yield
2038Q3,2038-09-30,2038,3,2038,57343.27474104544,30793.408584748326,0.01775186381284022,0.045393821598517535,0.046709277099267824,161.11403542078315,2135.048934820832,378.47129904235777,1261.5249688295685,316.7156138045324,136.3636322712529,41.97342087311942,5.91068424521801,94.80182638430504,0.0,2235.761445450355,2396.8754808711383,0.0,0.0,94768.23887220831,97165.11435307945,1.6944465552737284,0.01123856536958188,0.15595631435747292,0.16719487972705482,96582.35031608482,582.7640369946275,20404.80175907757,49084.68878017877,16374.283638770632,65458.9724189494,8515.930694523378,2202.6454435344704,0.2112684325065483,19.472928239259723,25584.05857695844,34612.03232740689,0.2648937253362499,0.3583680891398084,21104.643101939706,21104.643101939706,0,0.0,0.0,0.0,0.0,0.0,0.0,0.0,0.0,0.0,0.0,0.0,none,2149.115177552603,23253.758279492307,2302.073654486833,2302.073654486833,0.0,23406.71675642654,0.2154110468670722,0.5181811771623273,0.1728613500867164,0.0702933619006643,0.0232530639832198,0.09038808344909387,0.09436754220853262,0.07755509521262738,0.9398156661870303,57654.38015499648,0.0,0.07712223618637035,0.0850729850215765,0.08473627244464865,0.04717992597498402,286.1549417174326,-125.04090629664947,0.019765945999826125,0.025393821598517535,0.0247806076173512,0.04597223618637035,0.07712223618637035,0.021191628569019145,0.0,45.67519156088342,44.62538587865896,True,0.0,66.93807881798844,178.50154351463584,66.93807881798844,0.0,0.07712223618637035,0.0850729850215765,0.08473627244464865,False,True,1,0.0,1.4109508316224249,1.4234239091457577,410.95083162242486,585.0201772386581,2140.95961906605,1555.9394418273919,1482.9216534156508,0.10344171379205856,0.15668784534991487,232.35579869643155,0.016208059253380227,-0.008722271747563596,0.0,False,stress_wide_capacity_with_debt_yield
2038Q4,2038-12-31,2038,4,2039,58248.297030405054,30929.10357385602,0.017743350743898878,0.04607950548928464,0.04740529985545824,167.30853150721128,2184.6665889979045,393.41598514991136,1283.354871322923,325.14559254586914,139.13984654561466,43.6102934335853,5.922339525957902,99.1789705343301,0.0,2289.767899058192,2457.0764305654034,0.0,0.0,97165.11435307945,99622.19078364485,1.7103022038849138,0.011489333768496465,0.15724187767157932,0.16873121144007577,99039.42674665022,582.7640369946275,20912.718919348074,50306.50686164572,16781.872977077644,67088.37983872337,8780.85420454033,2257.473784038444,0.2111554923762258,19.3041977464598,26980.283019986204,36263.060553972355,0.27241962020846155,0.36614772263106693,21618.923332992872,21618.923332992872,0,0.0,0.0,0.0,0.0,0.0,0.0,0.0,0.0,0.0,0.0,0.0,none,2202.6454435344704,23821.568776527343,2357.8974600310735,2357.8974600310735,0.0,23976.820793023944,0.2154110468670722,0.5181811771623273,0.1728613500867164,0.0702933619006643,0.0232530639832198,0.09022062623177868,0.09426296317575929,0.07862309936642292,0.9412384236576822,59944.14805405467,0.0,0.0781962111952183,0.08603593713054612,0.08569318222196241,0.04787438433174166,294.7989452375197,-127.49041373030842,0.019841497883780236,0.02607950548928464,0.025466291508117418,0.0470462111952183,0.0781962111952183,0.021579919687100883,0.0,46.70393913849749,45.67519156088342,True,0.0,68.51278734132512,182.70076624353368,68.51278734132512,0.0,0.0781962111952183,0.08603593713054612,0.08569318222196241,False,True,1,0.0,1.4176540544094645,1.4333272014986969,417.65405440946444,593.4024500340859,2190.5889285238623,1597.1864784897764,1518.9474757531643,0.10430845557323595,0.15668784534991487,238.00060717545537,0.01634386715554766,-0.00875496247821698,0.0,False,stress_wide_capacity_with_debt_yield
2039Q1,2039-03-31,2039,1,2039,59164.39223466726,31063.7011219366,0.017521195049414073,0.046080810162744394,0.048090983746224454,166.72449528824987,2236.1083759977823,408.82384632089486,1306.021793042481,333.8774994056871,142.0895367816875,45.29570044703136,5.922339525957902,103.71782233289983,0.0,2345.74853785664,2512.4730331448895,0.0,0.0,99622.19078364485,102134.66381678973,1.7262860304841283,0.011271948480563143,0.15859191309208803,0.16986386157265118,101551.8997797951,582.7640369946275,21431.5914009556,51554.678472280175,17198.253654847016,68752.93212712719,9053.891528636948,2313.4847230753694,0.2110407727223992,19.17151998855049,28429.02298416636,38088.460232506644,0.2799457523277436,0.375063985165197,22214.445820299068,22214.44582029907,0,0.0,0.0,0.0,0.0,0.0,0.0,0.0,0.0,0.0,0.0,0.0,none,2257.473784038444,24471.919604337516,2408.75521081199,2408.75521081199,0.0,24623.20103111106,0.2154110468670722,0.5181811771623273,0.1728613500867164,0.0702933619006643,0.0232530639832198,0.09008483287183618,0.0941857840870428,0.07963039124310914,0.9428764849464168,62289.89659191131,-1.4551915228366852e-11,0.07925909451050349,0.08698741175365214,0.08663612291065063,0.04856013812602637,296.6915534494389,-129.96705816118904,0.01991518833774348,0.026080810162744394,0.02614292243794463,0.04810909451050349,0.07925909451050349,0.021966172072558857,0.0,47.72222698255027,46.70393913849749,True,0.0,70.05590870774623,186.81575655398996,70.05590870774623,0.0,0.07925909451050349,0.08698741175365214,0.08663612291065063,False,True,1,0.0,1.421902851842567,1.4431120766930852,421.9028518425669,601.9138894719133,2242.03071552374,1640.1168260518268,1556.381822096546,0.10522422445739836,0.15668784534991487,243.86611424608233,0.016487357008845564,-0.008786843116426715,0.0,False,stress_wide_capacity_with_debt_yield
2039Q2,2039-06-30,2039,2,2039,60104.84494818927,31199.07311147739,0.017545812163076935,0.046748441587012315,0.04893961591458767,166.09368304700087,2289.401689740333,424.66213208970845,1329.4892926000666,343.2243635828904,144.99783169482689,47.02806977284083,5.922339525957902,108.79669220295666,0.0,2404.1207214692477,2570.2144045162486,0.0,0.0,102134.66381678973,104704.87822130599,1.7420372402850755,0.011053596973100894,0.15999513673425922,0.1710487337073601,104122.11418431136,582.7640369946275,21961.80796714216,52830.13879993487,17623.737643724853,70453.87644365973,9335.709546880247,2370.7202266292215,0.2109235693031218,19.05735220822483,29936.97424451125,39810.02457484933,0.2875179252653133,0.38233976410025416,22791.549089001597,22791.549089001597,0,0.0,0.0,0.0,0.0,0.0,0.0,0.0,0.0,0.0,0.0,0.0,none,2313.4847230753694,25105.033812076967,2461.4177123132918,2461.4177123132918,0.0,25252.966801314888,0.2154110468670722,0.5181811771623273,0.1728613500867164,0.0702933619006643,0.0232530639832198,0.08997171037694963,0.09415493747673309,0.08063841766180364,0.9445876279577907,64694.01731338056,1.4551915228366852e-11,0.0803112259679421,0.08792925352333901,0.08756950377699105,0.049238947031353585,298.645749732584,-132.55206668558316,0.019995053264123756,0.026748441587012315,0.026810553862212552,0.0491612259679421,0.0803112259679421,0.02235067210572955,0.0,48.7204029287039,47.72222698255027,True,0.0,71.5833404738254,190.88890793020107,71.5833404738254,0.0,0.0803112259679421,0.08792925352333901,0.08756950377699105,False,True,1,0.0,1.427191243158474,1.4527978865550635,427.1912431584739,610.561142459098,2295.324029266291,1684.762886807193,1595.2439313461791,0.10616408262736815,0.15668784534991487,249.95533441016033,0.016634621360432644,-0.008821389809746208,0.0,False,stress_wide_capacity_with_debt_yield
2039Q3,2039-09-30,2039,3,2039,61070.27462017241,31335.252665597232,0.017574080842169826,0.04740714181003268,0.0496072473388547,165.4068326742188,2344.4081209776946,440.9449305784263,1353.7881459966502,352.9592745446712,147.90675606607158,48.80901379187471,5.922339525957902,113.68617250515827,0.0,2464.0166330088105,2629.4234656830295,0.0,0.0,104704.87822130599,107334.30168698901,1.7575539385495889,0.010833868601572164,0.16138893419646813,0.1722228027980403,106751.53764999438,582.7640369946275,22503.725571108138,54133.746511944955,18058.61138868708,72192.35790063204,9626.235351381756,2429.218826872459,0.21080469721092887,18.921692951724015,31563.636097531962,41735.14185987026,0.29567383095707217,0.39095588483893334,23285.080139253616,23285.080139253616,0,0.0,0.0,0.0,0.0,0.0,0.0,0.0,0.0,0.0,0.0,0.0,none,2370.7202266292215,25655.80036588284,2515.7372931778714,2515.7372931778714,0.0,25800.81743243149,0.2154110468670722,0.5181811771623273,0.1728613500867164,0.0702933619006643,0.0232530639832198,0.08989459827733372,0.09413187522364808,0.08172213806071092,0.9462691908467741,67158.03394638936,0.0,0.08135305582434448,0.08886035230756384,0.08848968908365369,0.049909588351477824,300.6621871532301,-135.2553544790113,0.02008200910579497,0.02740714181003268,0.027469254085232916,0.05020305582434448,0.08135305582434448,0.022733801739111558,0.0,49.69879970354032,48.7204029287039,True,0.0,73.08060439305585,194.8816117148156,73.08060439305585,0.0,0.08135305582434448,0.08886035230756384,0.08848968908365369,False,True,1,0.0,1.435052592815098,1.4623728395387179,435.05259281509785,619.2375005699652,2350.3304605036524,1731.0929599336873,1635.5078299998477,0.10712300477912803,0.15668784534991487,256.26419793559097,0.016784872806250205,-0.008858997626602088,0.0,False,stress_wide_capacity_with_debt_yield
2039Q4,2039-12-31,2039,4,2040,62061.24487613797,31472.231516493935,0.017600579937340877,0.04805745992417545,0.050265947561875954,169.16938077079013,2401.5658576778924,457.6867106605222,1378.995667207208,363.0502622069777,151.19304749444157,50.64017010874178,5.935451716790281,118.7523801253152,0.0,2526.253689519998,2695.423070290788,0.0,0.0,107334.30168698901,110029.72475727981,1.7729216514569999,0.010903383011953365,0.1628232688249746,0.17372665183692798,109446.96072028518,582.7640369946275,23058.768901908385,55468.92876333457,18504.018162917957,73972.94692625252,9926.110576829707,2489.1343152945633,0.21068441508247943,18.98012525154112,32371.19764759656,42644.337638596466,0.2957706402677366,0.3896347359300646,24605.929611325264,24605.929611325264,0,0.0,0.0,0.0,0.0,0.0,0.0,0.0,0.0,0.0,0.0,0.0,none,2429.218826872459,27035.148438197724,2576.670690165473,2576.670690165473,0.0,27182.600301490736,0.2154110468670722,0.5181811771623273,0.1728613500867164,0.0702933619006643,0.0232530639832198,0.08971934248231757,0.09414525085883997,0.08293410098624909,0.9479281729655621,69684.28763590936,1.4551915228366852e-11,0.08238511055249703,0.08978115286990372,0.08939707515766454,0.050572375231779564,307.24748852514386,-138.07810775435374,0.020175613963172124,0.028057459924175448,0.028119572199375685,0.051235110552497035,0.08238511055249703,0.023115538353121346,0.0,50.65863452169841,49.69879970354032,True,0.0,74.54819955531048,198.79519881416127,74.54819955531048,0.0,0.08238511055249703,0.08978115286990372,0.08939707515766454,False,True,1,0.0,1.414574933313452,1.4718415029761593,414.57493331345205,628.0221623600976,2407.5013093946827,1779.4791470345851,1677.5250999546975,0.10812062202765718,0.15668784534991487,262.8477934323021,0.016941187303406147,-0.008899473932882297,0.0,False,stress_wide_capacity_with_debt_yield
2040Q1,2040-03-31,2040,1,2040,63080.9230092999,31613.067779509234,0.018020258464742422,0.04846468252847494,0.05091626567601961,168.37352352219418,2457.4222569204544,474.92480629705074,1401.851458799666,373.4945241421712,154.62526159328164,52.5262060882849,5.935451716790281,124.00687944985253,0.0,2587.364588087097,2755.7381116092915,0.0,0.0,110029.72475727981,112785.4628688891,1.7879488360096023,0.010676668348519327,0.16406637472350535,0.1747430430720247,112202.69883189446,582.7640369946275,23625.67288170062,56832.64235118982,18958.942776774416,75791.58512796424,10235.110692207025,2550.330130022604,0.21056242967111985,19.058677835655292,33317.05469869969,43681.21309144762,0.29693630407782196,0.38930626042152655,25292.079730666974,25292.079730666974,0,0.0,0.0,0.0,0.0,0.0,0.0,0.0,0.0,0.0,0.0,0.0,none,2489.1343152945633,27781.214045961537,2631.731232159439,2631.731232159439,0.0,27923.810962826414,0.2154110468670722,0.5181811771623273,0.1728613500867164,0.0702933619006643,0.0232530639832198,0.08956930658009109,0.09406056749827184,0.08389666779029982,0.9498542658676427,72271.65222399647,0.0,0.08340879347576545,0.09069289028507875,0.09029285054656198,0.05122819191613749,309.4227728912402,-141.049249369046,0.020278648892860116,0.02846468252847494,0.02876210130173587,0.05225879347576545,0.08340879347576545,0.02349669217402958,0.0,51.59262130549045,50.65863452169841,True,0.0,75.98795178254761,202.63453808679364,75.98795178254761,0.0,0.08340879347576545,0.09069289028507875,0.09029285054656198,False,True,1,0.0,1.4174460575310308,1.4812165730156073,417.44605753103076,636.943463524977,2463.3577086372447,1826.4142451122677,1717.7703195955196,0.10892486905064924,0.15668784534991487,269.1537301834566,0.017067203036567856,-0.008944019373226444,0.0,False,stress_wide_capacity_with_debt_yield
2040Q2,2040-06-30,2040,2,2040,64125.45168227277,31753.73535176429,0.017917811320874222,0.04909997734023055,0.051008438855898924,167.73181911633816,2515.080090171213,492.6472175289398,1425.307331894864,384.2460976753501,158.4194069848593,54.46003608720023,5.935451716790281,128.09443737293466,0.0,2649.1099792609384,2816.8417983772765,0.0,0.0,112785.4628688891,115602.30466726638,1.8027522868774457,0.010462729834475815,0.16524546243427238,0.1757081922687482,115019.54063027175,582.7640369946275,24204.858765495643,58225.900623807145,19423.723275639724,77649.62389944687,10552.206220886495,2612.851744442751,0.21044127487260383,19.167947183614146,34106.886218461565,44547.43814032822,0.29653123314148455,0.38730321731613554,25963.3307516038,25963.3307516038,0,0.0,0.0,0.0,0.0,0.0,0.0,0.0,0.0,0.0,0.0,0.0,none,2550.330130022604,28513.660881626405,2688.7473610043417,2688.7473610043417,0.0,28652.078112608142,0.2154110468670722,0.5181811771623273,0.1728613500867164,0.0702933619006643,0.0232530639832198,0.08946648616808202,0.093952178299449,0.08494167651230243,0.9519145436256834,74920.76220325741,0.0,0.08441644933899994,0.09158873020007342,0.09117027319169606,0.051872117865323544,311.6528100466339,-143.92099093029572,0.020356022063994457,0.029099977340230548,0.02939739611349148,0.05326644933899995,0.08441644933899994,0.023869053225508464,0.0,52.509411233588295,51.59262130549045,True,0.0,77.38893195823567,206.3704852219618,77.38893195823567,0.0,0.08441644933899994,0.09158873020007342,0.09117027319169606,False,True,1,0.0,1.420412056200953,1.490427770400711,420.41205620095303,645.9057451507801,2521.0155418880036,1875.1097967372234,1759.4880447249134,0.10975286714191314,0.15668784534991487,275.6903906468813,0.01719694027344184,-0.008977464464087799,0.0,False,stress_wide_capacity_with_debt_yield
2040Q3,2040-09-30,2040,3,2040,65196.54385683147,31894.785429620442,0.017886737299445565,0.04972874835153233,0.05164373366765453,167.12840353044743,2575.274357321573,510.8220584337779,1449.39846377352,396.55111352074994,162.0590795118058,56.44364208171937,5.935451716790281,133.67714392270648,0.0,2714.8869529610697,2882.015356491517,0.0,0.0,115602.30466726638,118484.32002375789,1.8173405063302719,0.010253819828084968,0.1665663111788768,0.17682013100696176,117901.55598676325,582.7640369946275,24796.88117700987,59650.03775403625,19898.80472955928,79548.84248359554,10879.073297410729,2676.759028747142,0.2103185235298659,19.282826803631966,34998.58471177053,45417.313559280126,0.2968458254757876,0.385213860658286,26613.466962361465,26613.46696236146,0,0.0,0.0,0.0,0.0,0.0,0.0,0.0,0.0,0.0,0.0,0.0,none,2612.851744442751,29226.318706804213,2748.338212568811,2748.338212568811,0.0,29361.805174930272,0.2154110468670722,0.5181811771623273,0.1728613500867164,0.0702933619006643,0.0232530639832198,0.08939033358955399,0.09393885219763476,0.08591513071646524,0.9540347169530403,77635.64915621848,-1.4551915228366852e-11,0.08540925334055986,0.09247085169045804,0.09203339116371514,0.052506038355318176,313.9435460222598,-146.81514249181237,0.020425613309859772,0.029728748351532327,0.03002616712479326,0.054259253340559865,0.08540925334055986,0.024233086215766603,0.0,53.407351959396124,52.509411233588295,True,0.0,78.76411685038244,210.03764493435318,78.76411685038244,0.0,0.08540925334055986,0.09247085169045804,0.09203339116371514,False,True,1,0.0,1.424712300095569,1.4994977838860382,424.712300095569,655.5052821377033,2581.2098090383633,1925.70452690066,1802.683757430841,0.11059995826707927,0.15668784534991487,282.4586337991271,0.017329669156659157,-0.00900754143128884,0.0,False,stress_wide_capacity_with_debt_yield
2040Q4,2040-12-31,2040,4,2041,66295.43260749176,32036.513977574177,0.017893336608265642,0.05034958633287613,0.052272504678955424,177.11778807124153,2637.569489304129,529.4707766257491,1474.223001774353,409.56719709375204,165.82862565096355,58.47988815931087,5.957305368177581,139.46431465169366,0.0,2782.9911093240003,2960.108897395242,0.0,0.0,118484.32002375789,121444.42892115313,1.8318672063002606,0.010686575596836891,0.16791450028245272,0.1786010758792896,120861.6648841585,582.7640369946275,25404.47917941859,61111.64268427885,20386.38516024711,81498.02784452596,11216.810202510358,2742.347657703601,0.21019468169471153,19.361983193949545,35708.987067722024,46064.12989277614,0.29545337723047077,0.38113102228839,27147.710631141144,27147.71063114114,0,0.0,0.0,0.0,0.0,0.0,0.0,0.0,0.0,0.0,0.0,0.0,none,2676.759028747142,29824.469659888284,2820.644582743548,2820.644582743548,0.0,29968.35521388469,0.2154110468670722,0.5181811771623273,0.1728613500867164,0.0702933619006643,0.0232530639832198,0.08934829939394233,0.09395306007633647,0.08697150392494331,0.9561541219028481,80418.64026554248,0.0,0.08638909633816742,0.09334042504753488,0.09288248895284207,0.05313065096299313,326.91780518806036,-149.80001711681882,0.020496863353138786,0.03034958633287613,0.030647005106137062,0.055239096338167426,0.08638909633816742,0.02459209123203036,0.0,54.28546077845242,53.407351959396124,True,0.0,80.11102793909419,213.6294078375845,80.11102793909419,0.0,0.08638909633816742,0.09334042504753488,0.09288248895284207,False,True,1,0.0,1.4323867704457485,1.5084385191644205,432.3867704457484,665.3773165399596,2643.5267946723066,1978.149478132347,1847.348459223511,0.11146158258961268,0.15668784534991487,289.45704968621703,0.017464675215257994,-0.00903833107198945,0.0,False,stress_wide_capacity_with_debt_yield
2041Q1,2041-03-31,2041,1,2041,67437.68335261756,32175.713566330414,0.017493720960259695,0.05231169667987269,0.052893342660301004,176.479069156337,2702.538896515522,548.6674998129403,1500.0384384171375,423.0688704372224,170.18730305201612,60.57678479620656,5.957305368177581,145.46924492523732,0.0,2853.965446808937,3030.444515965274,0.0,0.0,121444.42892115313,124474.87343711841,1.8457762373933473,0.010467682778102849,0.16928015939611377,0.1797478421742166,123892.10940012378,582.7640369946275,26025.93472273894,62606.58256631058,20885.085880565883,83491.66844687646,11565.074058237282,2809.4321722711015,0.21006934863531299,19.49849218308654,36422.88718475677,46675.78522327583,0.2939887565165662,0.3767454234920727,28021.02493674049,28021.02493674049,0,0.0,0.0,0.0,0.0,0.0,0.0,0.0,0.0,0.0,0.0,0.0,none,2742.347657703601,30763.372594444092,2884.9752710400367,2884.9752710400367,0.0,30906.000207780526,0.2154110468670722,0.5181811771623273,0.1728613500867164,0.0702933619006643,0.0232530639832198,0.08930816923523235,0.094000703767543,0.08776767333055092,0.9586826497331309,83272.60571235142,1.4551915228366852e-11,0.0873575568925971,0.09419848678621559,0.09371796275767941,0.05374659756306641,329.41638492087355,-152.93731576453655,0.020573229486235814,0.03231169667987269,0.03125960180260591,0.0562075568925971,0.0873575568925971,0.024947955089991185,0.0,55.133835290690605,54.28546077845242,True,0.0,81.42819116767862,217.14184311380967,81.42819116767862,0.0,0.0873575568925971,0.09419848678621559,0.09371796275767941,False,True,1,0.0,1.4349089949334592,1.5172605423188115,434.90899493345927,675.365036419604,2708.4962018836995,2033.1311654640954,1894.190341070747,0.11235204098968948,0.15668784534991487,296.7966032249957,0.01760419922333976,-0.00907132678119201,0.0,False,stress_wide_capacity_with_debt_yield
2041Q2,2041-06-30,2041,2,2041,68610.01063327878,32315.77435404964,0.017526010178285922,0.0529163164450089,0.05409817981952171,175.76249453918132,2769.105685931238,568.3905183061713,1526.3054235106526,436.8299993075501,174.84767447461329,62.73207033225165,5.957305368177581,153.3358102508873,0.0,2928.398801550303,3104.161296089484,0.0,0.0,124474.87343711841,127579.03473320788,1.8594813432564403,0.010247046628727908,0.17072720289770102,0.18097424952642893,126996.27069621325,582.7640369946275,26661.57512976547,64135.644790163016,21395.16955791823,85530.81434808124,11925.833312269926,2878.0479060966222,0.20993982723746596,19.582112452515965,37137.15054427727,47273.43839338006,0.2924270952263846,0.3722427291307039,28570.924823504243,28570.924823504243,0,0.0,0.0,0.0,0.0,0.0,0.0,0.0,0.0,0.0,0.0,0.0,none,2809.4321722711015,31380.356995775346,2950.8254858385967,2950.8254858385967,0.0,31521.75030934284,0.2154110468670722,0.5181811771623273,0.1728613500867164,0.0702933619006643,0.0232530639832198,0.08926593635292832,0.09410409412561986,0.08887418792208641,0.9605756934572468,86201.00451390172,-1.4551915228366852e-11,0.08831636926694694,0.09504485224381369,0.0945367187497496,0.05435325992707707,331.9843636641065,-156.2218691249252,0.020657698579367213,0.032916316445008906,0.03186422156774212,0.057166369266946945,0.08831636926694694,0.02530214769920482,0.0,55.96325465669474,55.133835290690605,True,0.0,82.70075293603591,220.53534116276242,82.70075293603591,0.0,0.08831636926694694,0.09504485224381369,0.0945367187497496,False,True,1,0.0,1.4423433600176632,1.525961523735474,442.34336001766314,685.3137512053354,2775.0629912994154,2089.74924009408,1942.3202312890662,0.11323829938874594,0.15668784534991487,304.3379720202321,0.017743065142311183,-0.00910781780576789,0.0,False,stress_wide_capacity_with_debt_yield
2041Q3,2041-09-30,2041,3,2041,69812.87200214337,32456.56585533614,0.017541187591146645,0.0535134257828291,0.05470279958465792,174.99477820300285,2837.168160338057,588.6633785997041,1553.146148747183,450.8577753160336,179.5536212420249,64.94723643311256,5.957305368177581,159.8513801991731,0.0,3002.9768459054076,3177.9716241084107,0.0,0.0,127579.03473320788,130757.0063573163,1.8729641484066413,0.010026505037502553,0.1720586338756103,0.18208513891311284,130174.24232032167,582.7640369946275,27311.711571076663,65699.57789096936,21916.885898004424,87616.46378897378,12297.83851103393,2948.228449237294,0.20980887681197585,19.69303055290726,37766.7733178132,47862.11168703758,0.29012477925456204,0.36767728264753463,29372.453484913545,29372.453484913545,0,0.0,0.0,0.0,0.0,0.0,0.0,0.0,0.0,0.0,0.0,0.0,none,2878.0479060966222,32250.501391010166,3018.120243909237,3018.120243909237,0.0,32390.573728822783,0.2154110468670722,0.5181811771623273,0.1728613500867164,0.0702933619006643,0.0232530639832198,0.08922287007130827,0.09415267491826397,0.08970084298355288,0.9624083045734331,89203.98135980712,1.4551915228366852e-11,0.08926567805981775,0.09588124674336741,0.09534314089258666,0.05495232722841309,334.62103293090416,-159.6262547279013,0.020745980988692844,0.03351342578282909,0.03246133090556143,0.05811567805981775,0.08926567805981775,0.02565434715425632,0.0,56.773529256891386,55.96325465669474,True,0.0,83.9448819850421,223.85301862677895,83.9448819850421,0.0,0.08926567805981775,0.09588124674336741,0.09534314089258666,False,True,1,0.0,1.4443345076535157,1.5345596020207766,444.3345076535157,695.3379214226904,2843.1254657062345,2147.787544283544,1991.491565429434,0.11410454882121407,0.15668784534991487,312.042522419667,0.017878795899420197,-0.009145949745370769,0.0,False,stress_wide_capacity_with_debt_yield
2041Q4,2041-12-31,2041,4,2042,71046.70065562261,32597.939229292064,0.017537252074314225,0.05410366107947901,0.055299908922478117,195.32507598493473,2906.7809223138493,609.4996130915821,1580.656325463457,465.4416907713118,183.96012091411308,67.22317207338457,5.987900480119798,166.60119043095816,0.0,3079.370013224927,3274.6950892098616,0.0,0.0,130757.0063573163,134031.70144652616,1.886529567308189,0.010996996295814717,0.17337159838857213,0.18436859468438685,133448.93740953153,582.7640369946275,27981.229331573788,67310.13364616966,22454.155205543637,89764.2888517133,12682.918070712996,3020.501155531455,0.20967742325069455,19.72102577199304,38374.545685363344,48700.695542107045,0.28755976952891393,0.3649388034664757,29763.036020843883,29763.036020843883,0,0.0,0.0,0.0,0.0,0.0,0.0,0.0,0.0,0.0,0.0,0.0,none,2948.228449237294,32711.264470081176,3108.0938987789036,3108.0938987789036,0.0,32871.129919622785,0.2154110468670722,0.5181811771623273,0.1728613500867164,0.0702933619006643,0.0232530639832198,0.08923222908811454,0.094201300534826,0.09068085289560908,0.9641288243489738,92283.35137303204,0.0,0.09020483467388721,0.09670715539394902,0.09613682903970006,0.05554344672547731,358.4421223447535,-163.11704635981877,0.020833283969276653,0.034103661079479014,0.03305156620221223,0.05905483467388721,0.09020483467388721,0.026003268471674976,0.0,57.56513004005321,56.773529256891386,True,0.0,85.16029388533708,227.09411702756555,85.16029388533708,0.0,0.09020483467388721,0.09670715539394902,0.09613682903970006,False,True,1,0.0,1.4581397530664122,1.543049498374582,458.13975306641214,705.6216194470069,2912.768822793969,2207.1472033469618,2041.5547087124853,0.11494156321816007,0.15668784534991487,319.8868084721324,0.018009945881804528,-0.009183652152996059,0.0,False,stress_wide_capacity_with_debt_yield
2042Q1,2042-03-31,2042,1,2042,72269.80027556485,32738.970543320087,0.017418179696520264,0.052330763296886386,0.05589014421912803,194.8232730892561,2980.2398346924897,631.0105414566842,1610.2350940923816,480.40556449606964,189.0167490674108,69.57188557994255,5.987900480119798,173.61499254328493,0.0,3159.8427277158944,3354.6660008051504,0.0,0.0,134031.70144652616,137386.36744733131,1.9010204390143173,0.010783108426833598,0.17489146037030182,0.18567456879713543,136803.60341033668,582.7640369946275,28666.462859401032,68958.4944022442,23004.035977526495,91962.5303797707,13080.139833004512,3094.4703381604536,0.20954464754424032,19.797802898000526,38959.04402679969,49402.152629979704,0.28478083219740685,0.3611173346202001,30696.28024314712,30696.28024314712,0,0.0,0.0,0.0,0.0,0.0,0.0,0.0,0.0,0.0,0.0,0.0,none,3020.501155531455,33716.78139867858,3181.0510082618653,3181.0510082618653,0.0,33877.331251408985,0.2154110468670722,0.5181811771623273,0.1728613500867164,0.0702933619006643,0.0232530639832198,0.08923951436916636,0.09430135389205839,0.09142663621546697,0.9661395441698972,95443.19410074793,0.0,0.091132903776627,0.09752194733847813,0.09691750390433468,0.05612622139432148,361.3942422686716,-166.57096917941547,0.020916064546264924,0.03233076329688639,0.03363529373748956,0.059982903776627,0.091132903776627,0.02634761003913744,0.0,58.373103733709385,57.56513004005321,True,0.0,86.34769506007981,230.26052016021285,86.34769506007981,0.0,0.091132903776627,0.09752194733847813,0.09691750390433468,False,True,1,0.0,1.457132284062335,1.5514247762885152,457.1322840623351,716.0947765068472,2986.2277351726093,2270.132958665762,2094.800869275659,0.11594336009166652,0.15668784534991487,328.22983464393167,0.018166915275392534,-0.00921939557293808,0.0,False,stress_wide_capacity_with_debt_yield
2042Q2,2042-06-30,2042,2,2042,73525.80630335219,32881.4036448671,0.01751616440339565,0.05290805446029231,0.05635079123077439,194.1115280296786,3055.4335359457664,653.1145003455115,1640.3525758035883,495.5058567661241,194.47026572290156,71.9903373076418,5.987900480119798,180.4984061465313,0.0,3241.919842572417,3436.0313706020956,0.0,0.0,137386.36744733131,140822.3988179334,1.9152785382173092,0.01056018493582048,0.1763690875661767,0.18692927250199717,140239.63478093877,582.7640369946275,29367.740623384667,70645.45030605653,23566.791801014097,94212.24210707063,13489.480596001056,3170.1714544824204,0.20941113166230452,19.820858242016694,39544.85214564647,50154.99517413347,0.28198056995383286,0.3576378051217693,31288.392382132897,31288.3923821329,0,0.0,0.0,0.0,0.0,0.0,0.0,0.0,0.0,0.0,0.0,0.0,none,3094.4703381604536,34382.86272029336,3255.5329644555645,3255.5329644555645,0.0,34543.92534658847,0.2154110468670722,0.5181811771623273,0.1728613500867164,0.0702933619006643,0.0232530639832198,0.0892383576916432,0.09438839974614643,0.09248039105413193,0.9675642725784959,98685.11394332035,0.0,0.0920567488980196,0.098336027233571,0.09770261594249344,0.0567093400090662,364.4294111888434,-170.3178831591648,0.021023433336135267,0.03290805446029231,0.03421258490089637,0.06090674889801959,0.0920567488980196,0.026694163997123228,0.0,59.160652853600524,58.373103733709385,True,0.0,87.55965560056407,233.49241493483754,87.55965560056407,0.0,0.0920567488980196,0.098336027233571,0.09770261594249344,False,True,1,0.0,1.4645930468768202,1.559793492266278,464.5930468768202,726.627586214702,3061.421436425886,2334.793850211184,2149.286091332522,0.11692689679403254,0.15668784534991487,336.7670066914332,0.018321023522108827,-0.009265747183048555,0.0,False,stress_wide_capacity_with_debt_yield
2042Q3,2042-09-30,2042,3,2042,74814.46827753459,33024.76224505136,0.017553857096068937,0.05347876663505206,0.0569280823941812,193.29709256943946,3132.163770433042,675.8746810672731,1671.2344184262756,510.76698979535695,199.80774056516867,74.47994057896875,5.987900480119798,188.01510836735943,0.0,3326.166779280521,3519.4638718499605,0.0,0.0,140822.3988179334,144341.86268978336,1.9293308635747743,0.010334743908217177,0.17783548320849635,0.18817022711671352,143759.09865278873,582.7640369946275,30085.37148911047,72371.74434797394,24142.670532014425,96514.41487998837,13911.67443795342,3247.6378457365,0.20927629465578076,19.846394766237502,40223.34668511818,51026.282432640095,0.27979687589908175,0.35494297690249366,32060.435268744233,32060.43526874423,0,0.0,0.0,0.0,0.0,0.0,0.0,0.0,0.0,0.0,0.0,0.0,none,3170.1714544824204,35230.60672322665,3331.448763482601,3331.448763482601,0.0,35391.88403222683,0.2154110468670722,0.5181811771623273,0.1728613500867164,0.0702933619006643,0.0232530639832198,0.08923829580416587,0.09447834455883283,0.09328595932986201,0.9688766610746246,102011.28072260087,0.0,0.09297591473944901,0.09914353398262672,0.09847721851116462,0.05728705529776459,367.5432626211467,-174.24617005170725,0.021140269934793836,0.03347876663505206,0.03478329707565434,0.06182591473944901,0.09297591473944901,0.027042617663794666,0.0,59.93050366449295,59.160652853600524,True,0.0,88.74097928040078,236.6426114144021,88.74097928040078,0.0,0.09297591473944901,0.09914353398262672,0.09847721851116462,False,True,1,0.0,1.469280391768095,1.5680940196610238,469.28039176809494,737.0346260615829,3138.1516709131615,2401.1170448515786,2205.0470468604112,0.1178941505635239,0.15668784534991487,345.50407066775057,0.018472580431157008,-0.009316175016057967,0.0,False,stress_wide_capacity_with_debt_yield
2042Q4,2042-12-31,2042,4,2043,76136.02353473104,33168.784696587136,0.01755862161936217,0.054044506693706196,0.057498794568938284,204.97024791207784,3210.7902472911273,699.3037336190462,1703.2218603110305,526.2858405676124,204.93728091736784,77.04153187607223,6.009754131507097,195.80337664226244,0.0,3412.603378064897,3617.5736259769747,0.0,0.0,144341.86268978336,147959.43631576034,1.9433565012528602,0.010768634262522333,0.17928981418411832,0.19005844844664066,147376.6722787657,582.7640369946275,30822.45860065826,74144.84128375324,24734.162357000983,98879.00364075422,14348.005549073096,3327.204488280158,0.20914068776337283,19.793032922570777,41193.10607874549,51950.0989424514,0.2795089985532308,0.3524987919674752,32472.44640176567,32472.44640176567,0,0.0,0.0,0.0,0.0,0.0,0.0,0.0,0.0,0.0,0.0,0.0,none,3247.6378457365,35720.08424750217,3421.7702493347124,3421.7702493347124,0.0,35894.21665110038,0.2154110468670722,0.5181811771623273,0.1728613500867164,0.0702933619006643,0.0232530639832198,0.08929848371678051,0.09457002464764351,0.09422874358260519,0.9701453507061258,105423.88410066577,0.0,0.09388931406217275,0.09994406109630341,0.09924185849688345,0.057859232580760325,383.26392949755467,-178.29368158547683,0.021258315366864896,0.03404450669370619,0.03534903713430937,0.06273931406217276,0.09388931406217275,0.027390276927863385,0.0,60.684175686585505,59.93050366449295,True,0.0,89.89575549673943,239.7220146579718,89.89575549673943,0.0,0.09388931406217275,0.09994406109630341,0.09924185849688345,False,True,1,0.0,1.4850267919187772,1.576322318655963,485.0267919187772,747.4908697561533,3216.8000014226345,2469.3091316664813,2262.242294976779,0.11885266342783503,0.15668784534991487,354.465870859358,0.0186227677466061,-0.009367112875504692,0.0,False,stress_wide_capacity_with_debt_yield
2043Q1,2043-03-31,2043,1,2043,77536.74265715988,33312.830368526826,0.017484720892123606,0.05716201555309337,0.05806453462759509,204.08352040268466,3293.835135305917,723.4748739313803,1737.6597569940677,542.3022487180968,210.71480221636315,79.68345344600996,6.009754131507097,203.8902196915272,0.0,3503.7351091289515,3707.8186295316364,0.0,0.0,147959.43631576034,151667.254945292,1.956069467812326,0.01052835150968722,0.1807522466927058,0.19128059820239302,151084.49090829736,582.7640369946275,31577.243487569194,75960.5110318567,25339.856152533146,101300.36718438985,14798.198676551532,3408.6815597867917,0.20900387126257322,19.78565486676219,42066.65666074444,52900.519868884614,0.27843133605472004,0.35013865123319143,33442.9195257469,33442.91952574689,0,0.0,0.0,0.0,0.0,0.0,0.0,0.0,0.0,0.0,0.0,0.0,none,3327.204488280158,36770.124014027046,3503.928409840109,3503.928409840109,0.0,36946.847935587,0.2154110468670722,0.5181811771623273,0.1728613500867164,0.0702933619006643,0.0232530639832198,0.08936952785761623,0.09472150466028076,0.09495688483646156,0.9717882110913766,108927.61920979472,2.9103830456733704e-11,0.09479628030280589,0.10073733658009214,0.09999681042603704,0.05842576650439077,386.6337875898395,-182.55026718715487,0.021375075323745597,0.03716201555309337,0.03591047258771081,0.06364628030280589,0.09479628030280589,0.027735807715095078,0.0,61.391554368482694,60.684175686585505,True,0.0,91.02626352987826,242.73670274634202,91.02626352987826,0.0,0.09479628030280589,0.10073733658009214,0.09999681042603704,False,True,1,0.0,1.4847374774138198,1.5844756725641305,484.73747741381976,758.0986165025424,3299.844889437424,2541.7462729348817,2323.2288426343516,0.11985176384862337,0.15668784534991487,364.021721607153,0.018779314638827614,-0.009417484456076663,0.0,False,stress_wide_capacity_with_debt_yield
2043Q2,2043-06-30,2043,2,2043,78974.0975756755,33457.69712467586,0.017508505317038514,0.05771930502335105,0.0582260493644728,203.10738614810782,3379.403291779753,748.3513062093903,1772.9335102952,558.8211364007672,216.89381181686127,82.40352705753503,6.009754131507097,210.8603556039075,0.0,3596.2734015151677,3799.3807876632754,0.0,0.0,151667.254945292,155466.63573295524,1.968577552709382,0.010287291270583185,0.18214951544430646,0.19243680671488964,154883.8716959606,582.7640369946275,32350.25043054298,77820.01477361229,25960.172639232696,103780.18741284499,15261.308197574113,3492.1256549985605,0.20886777994578423,19.73180620323539,43008.54143161348,53890.24931882587,0.2776825047093341,0.3479397094657683,34081.22331081075,34081.22331081074,0,0.0,0.0,0.0,0.0,0.0,0.0,0.0,0.0,0.0,0.0,0.0,none,3408.6815597867917,37489.90487059753,3588.520432059368,3588.520432059368,0.0,37669.74374287011,0.2154110468670722,0.5181811771623273,0.1728613500867164,0.0702933619006643,0.0232530639832198,0.08944031956407718,0.09484640314252096,0.09599448714193506,0.9729697576714995,112523.89261130989,-2.9103830456733704e-11,0.09569841622012853,0.10152004532036871,0.10073082985745725,0.05898294126533667,390.08694680635085,-186.97956065824303,0.021497818100996914,0.03771930502335105,0.036467762057968485,0.06454841622012854,0.09569841622012853,0.02808065416216005,0.0,62.08335610727234,61.391554368482694,True,0.0,92.08733155272404,245.56621747393078,92.08733155272404,0.0,0.09569841622012853,0.10152004532036871,0.10073082985745725,False,True,1,0.0,1.4922739085831072,1.5925188117894198,492.27390858310713,768.8656999804106,3385.4130459112603,2616.5473459308496,2386.079990786276,0.12085380214695624,0.15668784534991487,373.8697325888463,0.01893632186075149,-0.009470424678373729,0.0,False,stress_wide_capacity_with_debt_yield
2043Q3,2043-09-30,2043,3,2043,80448.90435739925,33603.31585759761,0.01752328184658114,0.058272454301616414,0.05878333883473048,202.0557193774497,3467.1618332372404,773.9669326318735,1809.1634725314643,575.780116287411,223.04697042462172,85.20434136187,6.009754131507097,219.49670736533307,0.0,3692.6682947340805,3894.7240141115303,0.0,0.0,155466.63573295524,159361.35974706677,1.9809015550925844,0.010046412489587408,0.1836031614963541,0.19364957398594154,158778.59571007214,582.7640369946275,33141.93499216363,79724.44838576116,26595.47739335241,106319.92577911358,15739.148988079767,3577.585950715206,0.20873049571921154,19.701955186098242,43995.53129585843,54867.584669757605,0.2770872931524962,0.34556033465584474,35006.73654903309,35006.73654903309,0,0.0,0.0,0.0,0.0,0.0,0.0,0.0,0.0,0.0,0.0,0.0,none,3492.1256549985605,38498.862204031655,3675.2273067461974,3675.2273067461974,0.0,38681.963855779286,0.2154110468670722,0.5181811771623273,0.1728613500867164,0.0702933619006643,0.0232530639832198,0.08950208297456219,0.09500863712203743,0.09677633540817508,0.9741223783795736,116216.56090604396,0.0,0.09659596277975872,0.1022969755009098,0.1014563238327882,0.059535484805970214,393.6238222250327,-191.56810284758302,0.02162428467007627,0.03827245430161641,0.03702091133623385,0.06544596277975873,0.09659596277975872,0.028425051443524873,0.0,62.76064743653753,62.08335610727234,True,0.0,93.12503416090851,248.33342442908935,93.12503416090851,0.0,0.09659596277975872,0.1022969755009098,0.1014563238327882,False,True,1,0.0,1.4941365321440656,1.6005021108728754,494.13653214406554,779.6300649064781,3473.1715873687476,2693.5415224622693,2450.6598533437163,0.12184925937370174,0.15668784534991487,383.9886121059653,0.01909229790874824,-0.009524957704658343,0.0,False,stress_wide_capacity_with_debt_yield
2043Q4,2043-12-31,2043,4,2044,81961.95413606826,33749.59575465762,0.017526584306704285,0.05882190516095066,0.05933648811299584,220.96528397597976,3556.827347153295,800.3442797380552,1846.3281386500928,593.1520589640152,228.91496535671033,88.08790444442079,6.019952502154488,228.45412435674027,0.0,3791.3014240121893,4012.266707988169,0.0,0.0,159361.35974706677,163373.62645505497,1.9932861310728631,0.010783797741530009,0.18502738076342595,0.19581117850495597,162790.86241806034,582.7640369946275,33957.010021952476,81685.1488445089,27249.552345034044,108934.70118954295,16233.580019741996,3665.571186822899,0.20859285046815515,19.647043774705683,44766.476095619386,56100.22520224771,0.27499378915172396,0.3446153203499697,35759.18460343078,35759.18460343079,0,0.0,0.0,0.0,0.0,0.0,0.0,0.0,0.0,0.0,0.0,0.0,none,3577.585950715206,39336.770554145995,3783.812583631429,3783.812583631429,0.0,39542.99718706222,0.2154110468670722,0.5181811771623273,0.1728613500867164,0.0702933619006643,0.0232530639832198,0.0901743577175453,0.09516237637604551,0.09774085658752871,0.975228104956023,120007.86233005614,2.9103830456733704e-11,0.09748865202169174,0.10306808613174934,0.10217358498546078,0.0600834231263265,417.26091301553345,-196.2956290395537,0.021751595940542573,0.03882190516095066,0.03757036219556899,0.06633865202169174,0.09748865202169174,0.028768289826122753,0.0,63.423631644919666,62.76064743653753,True,0.0,94.1409711548063,251.04258974615013,94.1409711548063,0.0,0.09748865202169174,0.10306808613174934,0.10217358498546078,False,True,1,0.0,1.4988981539597295,1.608425197571751,498.8981539597295,790.3820103617949,3562.847299655449,2772.465289293654,2516.6985658330295,0.12282277026508955,0.15668784534991487,394.3360756755983,0.019244835232744475,-0.009579841335343254,0.0,False,stress_wide_capacity_with_debt_yield
2044Q1,2044-03-31,2044,1,2044,83467.69087298593,33894.98221696683,0.01734285739459418,0.05719971717052004,0.05988593897233098,220.13986257086228,3674.1027039066817,827.6057834318061,1908.7992493600548,611.1272665402848,235.50329394616367,91.06711062837303,6.019952502154488,237.76592743698268,0.0,3917.8885838458186,4138.028446416681,0.0,0.0,163373.62645505497,167511.65490147163,2.0069041463765505,0.010549704215771465,0.1877559349189487,0.19830563913472016,166928.890864477,582.7640369946275,34797.1696542223,83706.19146783593,27923.756989757498,111629.94845759343,16745.50851193321,3756.264240728088,0.20845504618174665,19.616212198150876,45685.986963337695,57460.55433321404,0.2736853202986195,0.3442217463714175,36703.07008046142,36703.070080461424,0,0.0,0.0,0.0,0.0,0.0,0.0,0.0,0.0,0.0,0.0,0.0,none,3665.571186822899,40368.64126728432,3900.262518979698,3900.262518979698,0.0,40603.33259944112,0.2154110468670722,0.5181811771623273,0.1728613500867164,0.0702933619006643,0.0232530639832198,0.09083773756332875,0.09592462795514067,0.09843477228650417,0.9766768574119834,123925.75091390197,-2.9103830456733704e-11,0.09837562904874818,0.10383276653329898,0.10288226718234185,0.06062635927111204,421.16028050756347,-201.0204179367012,0.021875976056022713,0.037199717170520036,0.03811641203186218,0.06722562904874818,0.09837562904874818,0.029109217016885996,0.0,64.13588494702526,63.423631644919666,True,0.0,95.13544746737949,253.69452657967867,95.13544746737949,0.0,0.09837562904874818,0.10383276653329898,0.10288226718234185,False,True,1,0.0,1.4944939342083796,1.6162818300355521,494.4939342083796,801.3910324006769,3680.122656408836,2878.731624008159,2609.4897992709275,0.12505388717374863,0.15668784534991487,408.8753341103435,0.019594424133886026,-0.009633448144269238,0.0,False,stress_wide_capacity_with_debt_yield
2044Q2,2044-06-30,2044,2,2044,85028.3014535201,34047.52347224072,0.01812351977735438,0.05774248468631535,0.061193209059274126,217.51915386405065,3795.3102698103685,855.7983634625324,1972.952526222407,629.7658575626851,242.5992874778795,94.19423508486439,6.019952502154488,250.5006235613995,0.0,4051.8308458739225,4269.349999737973,0.0,0.0,167511.65490147163,171781.0049012096,2.0202803297806913,0.010232788384368958,0.19061092726114573,0.20084371564551468,171198.24086421498,582.7640369946275,35662.87420554557,85788.68356842118,28618.460718718536,114407.14428713972,17278.507569118447,3849.7148024112453,0.2083133215944164,19.55140502805328,46601.81397830632,58848.78768970613,0.2722096543928177,0.34374645085507477,37467.532776910746,37467.532776910746,0,0.0,0.0,0.0,0.0,0.0,0.0,0.0,0.0,0.0,0.0,0.0,none,3756.264240728088,41223.79701763883,4018.8493761765735,4018.8493761765735,0.0,41486.38215308732,0.2154110468670722,0.5181811771623273,0.1728613500867164,0.0702933619006643,0.0232530639832198,0.09150991886661963,0.09675340735561741,0.09950479340337358,0.977717403341387,127977.58175977589,0.0,0.09930629268680673,0.10463760225715873,0.10363250032221337,0.06119852908545716,425.2321757198081,-207.71302185575743,0.022196374006758116,0.037742484686315345,0.03865917954765749,0.06815629268680673,0.09930629268680673,0.029497113139149236,0.0,64.82504840059642,64.13588494702526,True,0.0,96.20382742053789,256.54353978810104,96.20382742053789,0.0,0.09930629268680673,0.10463760225715873,0.10363250032221337,False,True,1,0.0,1.5000028305029325,1.6245516757526883,500.0028305029325,812.5897555604845,3801.330222312523,2988.7404667520386,2705.240402325391,0.12726305740938199,0.15668784534991487,423.87828979390235,0.01994057425811858,-0.009771476946146067,0.0,False,stress_wide_capacity_with_debt_yield
2044Q3,2044-09-30,2044,3,2044,86636.44399429331,34203.63826431136,0.018467340809651622,0.05828185965872356,0.061735976575069434,213.99969361632344,3921.2316015130123,885.3869559771697,2039.501758940923,649.1344271502086,249.73574106646328,97.47271837824802,6.019952502154488,260.7158776383959,0.0,4187.967431653563,4401.967125269886,0.0,0.0,171781.0049012096,176182.9720264795,2.0335896062179626,0.00988035444439153,0.19335823302855884,0.20323858747295034,175600.20798948486,582.7640369946275,36554.94547213744,87934.60201484384,29334.32300043241,117268.92501527625,17830.325919428185,3946.011582643009,0.20817142468490923,19.515157976553425,47485.077923720964,60146.54287988853,0.2704158410026737,0.34251977015591106,38518.698694393664,38518.69869439366,0,0.0,0.0,0.0,0.0,0.0,0.0,0.0,0.0,0.0,0.0,0.0,none,3849.7148024112453,42368.413496804904,4141.2512476314905,4141.2512476314905,0.0,42659.949942025145,0.2154110468670722,0.5181811771623273,0.1728613500867164,0.0702933619006643,0.0232530639832198,0.09217950220962574,0.097518754976711,0.1003493025093817,0.9787204320241801,132165.54919142945,0.0,0.10027785914654931,0.10546965162000134,0.10439394893351311,0.06178768683336412,429.4344099248447,-215.43471630852127,0.022603187652386718,0.03828185965872356,0.0391985545200657,0.06912785914654931,0.10027785914654931,0.02992930462648361,0.0,65.51089833751213,64.82504840059642,True,0.0,97.23757260089462,259.30019360238566,97.23757260089462,0.0,0.10027785914654931,0.10546965162000134,0.10439394893351311,False,True,1,0.0,1.5005649237285061,1.633099053666832,500.5649237285061,823.8706563838708,3927.2515540151667,3103.3808976312957,2804.9629352835605,0.12950498916914557,0.15668784534991487,439.50359861595376,0.02029185771497748,-0.009946609365578847,0.0,False,stress_wide_capacity_with_debt_yield
2044Q4,2044-12-31,2044,4,2045,88289.2430836687,34361.56647914316,0.018597482016608824,0.058829671008726846,0.062275351547477646,228.74119101615503,4051.5231703805503,916.4129182911972,2108.4279761238067,669.2534157176425,256.52498917182817,100.90387107607584,6.028693962709422,271.3405177534892,0.0,4328.892382096749,4557.633573112905,0.0,0.0,176182.9720264795,180740.6055995924,2.047141863344674,0.010363264335583206,0.19612320735355748,0.20648647168914072,180157.84156259778,582.7640369946275,37478.26034637148,90155.67839593267,30075.25740484916,120230.93580078182,18402.964386134357,4045.6810293101134,0.2080301363587843,19.41818122380305,48882.15230940814,62574.55934451498,0.2713295845766642,0.34733186633329405,39125.1862503503,39125.1862503503,0,0.0,0.0,0.0,0.0,0.0,0.0,0.0,0.0,0.0,0.0,0.0,none,3946.011582643009,43071.19783299331,4286.293055359415,4286.293055359415,0.0,43411.47930570971,0.2154110468670722,0.5181811771623273,0.1728613500867164,0.0702933619006643,0.0232530639832198,0.09284107274381317,0.09828174272020197,0.10141121139750105,0.9796889619100514,136494.44157352622,2.9103830456733704e-11,0.10128441449073618,0.10632744561867886,0.10517156658037284,0.06239384199599491,452.46002031041616,-223.71882929426113,0.023042842059636467,0.03882967100872685,0.039746365870069876,0.07013441449073618,0.10128441449073618,0.0303880486206663,0.0,66.20309903992995,65.51089833751213,True,0.0,98.2663475062682,262.0435933500485,98.2663475062682,0.0,0.10128441449073618,0.10632744561867886,0.10517156658037284,False,True,1,0.0,1.5141810554500532,1.64190980474635,514.1810554500532,835.3282739018275,4057.5518643432597,3222.223590441432,2908.2251849586655,0.13175898142892176,0.15668784534991487,455.68353802353096,0.020645030905597196,-0.010135723061177472,0.0,False,stress_wide_capacity_with_debt_yield
2045Q1,2045-03-31,2045,1,2045,90004.53067830965,34515.201475474394,0.018004819891497492,0.06090495572768173,0.06282316289748183,224.68776686052618,4186.553746843256,948.9909138284025,2178.6563792301304,690.1642471009204,264.2422357676219,104.49997091618164,6.028693962709422,282.4631103429336,0.0,4475.045551148899,4699.733318009426,0.0,0.0,180740.6055995924,185440.33891760182,2.0603444906611954,0.009985620286765145,0.19888090154676394,0.2088665218335291,184857.5748806072,582.7640369946275,38429.78914609965,92444.62467198537,30838.83269664422,123283.45736862958,18995.932269797817,4148.396096080153,0.20788863626995027,19.366643227960108,50285.25059511706,65021.71261199482,0.2720215854156611,0.3517395089381108,40311.96744093822,40311.96744093822,0,0.0,0.0,0.0,0.0,0.0,0.0,0.0,0.0,0.0,0.0,0.0,none,4045.6810293101134,44357.648470248336,4417.270207666492,4417.270207666492,0.0,44729.237648604714,0.2154110468670722,0.5181811771623273,0.1728613500867164,0.0702933619006643,0.0232530639832198,0.09351711406358151,0.09903796739649721,0.10225353968976317,0.9809902206646266,140969.48712467513,0.0,0.10232002959116272,0.10720798704936142,0.10596625441155325,0.06301547965157085,457.0616966004871,-232.37392973996091,0.023488399947743495,0.04090495572768173,0.040307629811811685,0.07117002959116273,0.10232002959116272,0.030862399779351037,0.0,66.89437857941245,66.20309903992995,True,0.0,99.30464855989493,264.8123961597198,99.30464855989493,0.0,0.10232002959116272,0.10720798704936142,0.10596625441155325,False,True,1,0.0,1.512838687962551,1.6509536786863275,512.838687962551,847.0071241421571,4192.582440805965,3345.5753166638083,3015.334372450795,0.13400811491270698,0.15668784534991487,472.4662458288528,0.020997442785075853,-0.010327210329911142,0.0,False,stress_wide_capacity_with_debt_yield
2045Q2,2045-06-30,2045,2,2045,91765.1759537627,34669.36190045411,0.01798585225297722,0.06148137365502369,0.062441061852950064,220.5070672683825,4327.0299974022355,983.0342906527649,2251.4684714965406,711.8826528410566,272.391775405742,108.25280700613004,6.028693962709422,289.83067517429924,0.0,4622.889366539244,4843.396433807627,0.0,0.0,185440.33891760182,190283.73535140944,2.073594186178936,0.009611797284821354,0.20150952988390972,0.21112132716873105,189700.9713144148,582.7640369946275,39410.6775131449,94804.19673708007,31625.96822139022,126430.1649584703,19605.8483907822,4254.280452017452,0.2077515852453108,19.27761635287149,51752.02199975362,67616.8200441587,0.27280841864525096,0.3564389764356504,41147.121760004804,41147.121760004804,0,0.0,0.0,0.0,0.0,0.0,0.0,0.0,0.0,0.0,0.0,0.0,none,4148.396096080153,45295.51785608496,4553.565758633327,4553.565758633327,0.0,45700.68751863813,0.2154110468670722,0.5181811771623273,0.1728613500867164,0.0702933619006643,0.0232530639832198,0.09419728624787481,0.09971701720397241,0.10345481199446109,0.981899961485173,145592.37649121438,0.0,0.10338039618099039,0.10810695392265456,0.10677294952226007,0.06364935487740707,461.77072465711274,-241.26365738873022,0.023929382324175165,0.04148137365502369,0.04088404773915364,0.07223039618099039,0.10338039618099039,0.031346348441836744,0.0,67.5967809478134,66.89437857941245,True,0.0,100.34156786911868,267.5775143176498,100.34156786911868,0.0,0.10338039618099039,0.10810695392265456,0.10677294952226007,False,True,1,0.0,1.519223713402339,1.6601861132279314,519.223713402339,858.9036369937165,4333.058691364945,3474.1550543712283,3126.976419749318,0.13630340212391218,0.15668784534991487,489.9591976705116,0.02135708639265881,-0.010516567091215285,0.0,False,stress_wide_capacity_with_debt_yield
2045Q3,2045-09-30,2045,3,2045,93573.404534134,34824.25112386087,0.017990558468220286,0.062072996697105226,0.0630174797802929,216.1363948966967,4472.737745470054,1018.5728637675423,2327.0111969054487,734.3350722162453,280.6493120353282,112.16930054549002,6.028693962709422,301.8357469641482,0.0,4780.602186396911,4996.738581293607,0.0,0.0,190283.73535140944,195280.47393270305,2.0869228271102185,0.009239223301653143,0.20435730473622035,0.2135965280378735,194697.70989570842,582.7640369946275,40422.011447626996,97237.00701443563,32437.535463858363,129674.542478294,20237.704641768316,4363.451328019114,0.2076142111238977,19.2017765662634,53186.508770264496,70236.1346885252,0.27317480415539724,0.3607445343150046,42259.99038169259,42259.990381692594,0,0.0,0.0,0.0,0.0,0.0,0.0,0.0,0.0,0.0,0.0,0.0,none,4254.280452017452,46514.27083371005,4694.902834329459,4694.902834329459,0.0,46954.89321602206,0.2154110468670722,0.5181811771623273,0.1728613500867164,0.0702933619006643,0.0232530639832198,0.09486931802178661,0.10049418417329804,0.1044289616272285,0.9826965474230611,150372.9786776113,0.0,0.10446488583496881,0.10902568151839852,0.10759615529660967,0.06429696005965642,466.59380029525454,-250.45740539855785,0.024371738634188955,0.04207299669710522,0.04147567078123518,0.07331488583496881,0.10446488583496881,0.03183921505373363,0.0,68.310824179725,67.5967809478134,True,0.0,101.39517142172011,270.3871237912536,101.39517142172011,0.0,0.10446488583496881,0.10902568151839852,0.10759615529660967,False,True,1,0.0,1.521644722811739,1.6696213106510003,521.6447228117388,870.7533092407989,4478.766439432763,3608.013130191964,3243.273711367911,0.13864083400683874,0.15668784534991487,508.18156971425964,0.021723333558046766,-0.010706350020948323,0.0,False,stress_wide_capacity_with_debt_yield
2045Q4,2045-12-31,2045,4,2046,95431.32201875783,34979.995189724665,0.0180095166737948,0.06267924622093103,0.06360910282237356,229.69107305264095,4623.335970346099,1055.6702027740391,2405.282982536215,757.4272274652786,288.698326662555,116.25723090801188,6.044719973726774,314.4218739853916,0.0,4943.802564305217,5173.493637357858,0.0,0.0,195280.47393270305,200453.96757006092,2.100504984418638,0.009627492030656066,0.20721928439107115,0.2168467764217272,199871.2035330663,582.7640369946275,41468.70918297729,99754.88654069623,33277.48116904317,133032.3677097394,20893.687005717766,4476.439634631871,0.20747715753918894,19.16518871920907,55267.9143491819,72784.35510618298,0.2765176442240139,0.36415628574599385,43473.44339024577,43473.443390245775,0,0.0,0.0,0.0,0.0,0.0,0.0,0.0,0.0,0.0,0.0,0.0,none,4363.451328019114,47836.89471826489,4859.071763372466,4859.071763372466,0.0,48332.51515361824,0.2154110468670722,0.5181811771623273,0.1728613500867164,0.0702933619006643,0.0232530639832198,0.09556026287813292,0.10126568140159133,0.10544581684624377,0.9837185842435389,155316.78124191653,0.0,0.10557364748082516,0.10996435923757752,0.10843615341230248,0.06495844736737133,489.6959847092384,-260.00491165659747,0.024819057338180087,0.04267924622093103,0.042081920305060985,0.07442364748082517,0.10557364748082516,0.03234172717576418,0.0,69.034799210802,68.310824179725,True,0.0,102.46623626958751,273.2432967189,102.46623626958751,0.0,0.10557364748082516,0.10996435923757752,0.10843615341230248,False,True,1,0.0,1.5211810584394716,1.6792612326379468,521.1810584394716,882.7900135700772,4629.380690319826,3746.590676749748,3363.5400947268013,0.1409826469370578,0.15668784534991487,527.0258501907911,0.022090267180295362,-0.010898095348841183,0.0,False,stress_wide_capacity_with_debt_yield
2046Q1,2046-03-31,2046,1,2046,97319.33091786965,35134.68533563405,0.017806668114442425,0.06259411228451987,0.06421535234619848,225.14081211145907,4780.782557040684,1094.5007211921254,2486.7460946094925,782.3749144444462,296.62645433755506,120.5343724570657,6.044719973726774,327.6364278332333,0.0,5114.463704847643,5339.6045169591025,0.0,0.0,200453.96757006092,205793.57208702003,2.1146217318396348,0.009253693381902156,0.21021368135643573,0.21946737473833788,205210.8080500254,582.7640369946275,42548.34247592025,102351.99406501949,34143.856739521005,136495.8508045405,21573.63152027449,4592.98324929017,0.20733967611271237,19.164995291214872,57392.51245502295,75399.3386893722,0.2796758757513009,0.3674238184910401,44769.011961272896,44769.01196127289,0,0.0,0.0,0.0,0.0,0.0,0.0,0.0,0.0,0.0,0.0,0.0,none,4476.439634631871,49245.45159590476,5011.9680891258695,5011.9680891258695,0.0,49780.98005039876,0.2154110468670722,0.5181811771623273,0.1728613500867164,0.0702933619006643,0.0232530639832198,0.0962679860480186,0.10205761984850872,0.10640982780254413,0.9850507318103776,160431.24494676417,0.0,0.10670557165525417,0.11092189862306083,0.10929170551194778,0.06563300570924739,494.9596357087416,-269.8188235972825,0.025267233008333077,0.04259411228451987,0.042702586217011104,0.07555557165525417,0.10670557165525417,0.03285298543824307,0.0,69.78420491949049,69.034799210802,True,0.0,103.552198816203,276.139196843208,103.552198816203,0.0,0.10670557165525417,0.11092189862306083,0.10929170551194778,False,True,1,0.0,1.5211273438128716,1.6890946619815546,521.1273438128716,895.1443119752945,4786.82727701441,3891.682965039116,3489.475041483198,0.14342371689456263,0.15668784534991487,546.7583256523071,0.0224727531722852,-0.011090040223354587,0.0,False,stress_wide_capacity_with_debt_yield
2046Q2,2046-06-30,2046,2,2046,99260.82152412753,35290.523030934484,0.017860137412578858,0.06322920400046957,0.06586202320213734,220.25549818582664,4944.965341067783,1135.036301719151,2571.2700429864844,808.4537305700475,305.20342231883774,125.00184347326397,6.044719973726774,346.7699422282657,0.0,5297.780003269775,5518.035501455602,0.0,0.0,205793.57208702003,211311.60758847563,2.128852092334453,0.008875828138588946,0.213489266839567,0.22236509497815596,210728.843551481,582.7640369946275,43662.29020366105,105031.64653991892,35037.76868574598,140069.4152256649,22283.907103941972,4713.231018213105,0.20719655395913736,19.130324187432965,59638.14666828973,78246.35853003606,0.2830089401298316,0.3713129973634601,45756.06403113733,45756.06403113733,0,0.0,0.0,0.0,0.0,0.0,0.0,0.0,0.0,0.0,0.0,0.0,none,4592.98324929017,50349.0472804275,5171.265559227336,5171.265559227336,0.0,50927.329590364665,0.2154110468670722,0.5181811771623273,0.1728613500867164,0.0702933619006643,0.0232530639832198,0.096973216510943,0.10297270122760886,0.1076603660761065,0.9859857483661706,165729.02495003396,0.0,0.1078633131789301,0.11190261562212105,0.11017033855726115,0.06632428732738863,500.3611710955659,-280.10567290973927,0.025729075606326948,0.04322920400046956,0.043337677932961685,0.0767133131789301,0.1078633131789301,0.03337563524596841,0.0,70.54482700515918,69.78420491949049,True,0.0,104.67630737923574,279.13681967796197,104.67630737923574,0.0,0.1078633131789301,0.11190261562212105,0.11017033855726115,False,True,1,0.0,1.5277672607119714,1.6991664641657003,527.7672607119714,907.7642730256858,4951.010061041509,4043.2457880158236,3621.0097232638573,0.14591899070203407,0.15668784534991487,567.3682115293053,0.02286373224873598,-0.011287662890908209,0.0,False,stress_wide_capacity_with_debt_yield
2046Q3,2046-09-30,2046,3,2046,101257.72930275918,35447.48336212397,0.01790969199100223,0.06387848442231209,0.06649711491808792,215.0286782480751,5115.168475896424,1177.3898205867058,2659.0156913144815,835.341756626052,313.75105556503235,129.67015180415186,6.044719973726774,361.55881816700037,0.0,5482.77201403715,5697.8006922852255,0.0,0.0,211311.60758847563,217009.40828076084,2.1431391931761157,0.008494311682820475,0.21658680485096557,0.22508111653378607,216426.6442437662,582.7640369946275,44811.77565210076,107796.7866358724,35960.19866049533,143756.98529636773,23020.56830335584,4837.314991941914,0.20705295232332047,19.09745585346026,61976.34835725674,81137.79222570003,0.2863619152522246,0.37489742775992363,46936.854034364675,46936.854034364675,0,0.0,0.0,0.0,0.0,0.0,0.0,0.0,0.0,0.0,0.0,0.0,none,4713.231018213105,51650.08505257778,5336.2418741182255,5336.2418741182255,0.0,52273.0959084829,0.2154110468670722,0.5181811771623273,0.1728613500867164,0.0702933619006643,0.0232530639832198,0.09768925278596617,0.10378553410496444,0.10880976475277308,0.9869271600149714,171211.7969640711,-2.9103830456733704e-11,0.10904777937094441,0.11290505857898209,0.11106682048753577,0.06703061373624608,505.90501584126093,-290.87633759318584,0.026203616061510206,0.04387848442231208,0.04398695835480243,0.07789777937094441,0.10904777937094441,0.033910821016141984,0.0,71.31429958869997,70.54482700515918,True,0.0,105.81724050773877,282.1793080206367,105.81724050773877,0.0,0.10904777937094441,0.11290505857898209,0.11106682048753577,False,True,1,0.0,1.5315808788095024,1.7094611493873306,531.5808788095025,920.4275673905288,5121.21319587015,4200.785628479622,3757.7178255715166,0.14844171803758283,0.15668784534991487,588.7887095217682,0.023259012959348447,-0.01149053369440943,0.0,False,stress_wide_capacity_with_debt_yield
2046Q4,2046-12-31,2046,4,2047,103311.64808941759,35605.39128681271,0.017938222459558784,0.06454248979159477,0.06714639533992867,233.82536374603347,5292.302766683106,1221.6561561326357,2750.068279492828,863.407626099914,322.6225964167407,134.54810854098784,6.052004524189207,377.07097605620174,0.0,5675.425747263497,5909.251111009531,0.0,0.0,217009.40828076084,222918.65939177037,2.1577301641614635,0.009053204283166775,0.21974001391794046,0.22879321820110726,222335.89535477574,582.7640369946275,46003.46836642828,110663.45825047654,36916.49878754628,147579.9570380228,23786.514819737982,4965.95513058668,0.20690976728261404,19.158594160962373,63639.086215675794,83153.63225301269,0.2862294732666919,0.37400003323946657,48898.08815345902,48898.08815345902,0,0.0,0.0,0.0,0.0,0.0,0.0,0.0,0.0,0.0,0.0,0.0,none,4837.314991941914,53735.40314540094,5532.180134953329,5532.180134953329,0.0,54430.26828841235,0.2154110468670722,0.5181811771623273,0.1728613500867164,0.0702933619006643,0.0232530639832198,0.09857527195987503,0.10461160725199134,0.11004959220624343,0.9874221806422501,176887.22271133462,0.0,0.11025850498892094,0.1139285236799956,0.11197997232994035,0.06775139743276547,535.9184864457989,-302.0931226997654,0.026685570041536967,0.044542489791594767,0.044650963724086,0.07910850498892094,0.11025850498892094,0.03445754126483494,0.0,72.09375412185786,71.31429958869997,True,0.0,106.97144938304996,285.25719835479987,106.97144938304996,0.0,0.11025850498892094,0.1139285236799956,0.11197997232994035,False,True,1,0.0,1.5082371686330729,1.7199714084754625,508.2371686330728,933.2236493653407,5298.354771207295,4365.131121841954,3900.358678056562,0.15101331747919655,0.15668784534991487,611.138797356525,0.023661951334957944,-0.011696381900259682,0.0,False,stress_wide_capacity_with_debt_yield
2047Q1,2047-03-31,2047,1,2047,105414.88944980942,35762.70361043446,0.0177903347733257,0.06500672291871375,0.06781040070921224,228.28268573760272,5486.231285014247,1268.0684115968747,2849.590238347326,891.4603830126781,337.45001215152814,139.6622399058418,6.052004524189207,393.3768549592815,0.0,5885.660144497718,6113.942830235321,0.0,0.0,222918.65939177037,229032.6022220057,2.172677915021233,0.008662255851296742,0.22333316195526717,0.23199541780656394,228449.83818501106,582.7640369946275,47235.74147183464,113627.74786157985,37905.36354529263,151533.1114068725,24582.009489073975,5098.9758172300035,0.2067663599462941,19.248163409914056,65366.614153708375,85215.95450096657,0.28613114665798517,0.37301823095166337,50356.76572524626,50356.76572524625,0,0.0,0.0,0.0,0.0,0.0,0.0,0.0,0.0,0.0,0.0,0.0,none,4965.95513058668,55322.72085583293,5720.565975276039,5720.565975276039,0.0,56077.33170052229,0.2154110468670722,0.5181811771623273,0.1728613500867164,0.0702933619006643,0.0232530639832198,0.09949947077529471,0.10561090149306725,0.11115777012877417,0.9881465517404466,182772.88285583234,0.0,0.1114957727029177,0.11497339264546685,0.1129103880002019,0.06848694946973753,542.0363988520189,-313.7537131144162,0.027175596593944275,0.04500672291871374,0.04533016141329489,0.0803457727029177,0.1114957727029177,0.035015611289622814,0.0,72.89833615087929,72.09375412185786,True,0.0,108.14063118278679,288.3750164874314,108.14063118278679,0.0,0.1114957727029177,0.11497339264546685,0.1129103880002019,False,True,1,0.0,1.5085204704363824,1.730701198899415,508.5204704363823,946.229141724825,5492.283289538436,4546.054147813611,4058.6230066893154,0.15400568279765542,0.15668784534991487,635.9368940057419,0.024130818609207075,-0.011905479946978532,0.0,False,stress_wide_capacity_with_debt_yield
2047Q2,2047-06-30,2047,2,2047,107585.46004017851,35923.04132157704,0.018054476105580308,0.06570125389294007,0.0676818510643727,221.74963758105247,5690.042974938922,1316.6463736493647,2953.383213838774,920.6894163652167,354.2905675149643,145.0334035706063,6.052004524189207,405.78049148987435,0.0,6101.875470952986,6323.625108534038,0.0,0.0,229032.6022220057,235356.22733053972,2.187621145484198,0.008244595040937263,0.22686617573319665,0.2351107707741339,234773.4632935451,582.7640369946275,48510.510575988796,116694.26355150352,38928.3301553983,155622.59370690183,25403.77517390164,5236.583836752884,0.20662689000474677,19.31462430222994,67252.16046388751,87438.10256021962,0.28645554536033696,0.3724360553087418,51574.946944522584,51574.946944522584,0,0.0,0.0,0.0,0.0,0.0,0.0,0.0,0.0,0.0,0.0,0.0,none,5098.9758172300035,56673.92276175259,5917.844617044164,5917.844617044164,0.0,57492.791561566744,0.2154110468670722,0.5181811771623273,0.1728613500867164,0.0702933619006643,0.0232530639832198,0.10042006026777717,0.10656780583645155,0.11250256143535238,0.9886202666202718,188874.75832678532,0.0,0.1127745372947425,0.11605315339368867,0.11387160310772286,0.06924701907000315,548.3490810888848,-326.5994435078323,0.027732526610570934,0.045701253892940066,0.046024692387521215,0.0816245372947425,0.1127745372947425,0.03559984490722129,0.0,73.70824876022941,72.89833615087929,True,0.0,109.34750422631893,291.59334460351715,109.34750422631893,0.0,0.1127745372947425,0.11605315339368867,0.11387160310772286,False,True,1,0.0,1.513620135136961,1.7417892540861486,513.6201351369609,959.4195425183086,5696.0949794631115,4736.675436944803,4225.5200291433375,0.15710375835416007,0.15668784534991487,662.087628849379,0.024616249392887028,-0.012142884117830106,0.0,False,stress_wide_capacity_with_debt_yield
2047Q3,2047-09-30,2047,3,2047,109823.74022694769,36085.652504226746,0.01822993146071017,0.0664112958408263,0.06837638203859903,214.42507125422674,5901.798284294976,1367.6875960347122,3061.6632479658697,951.2679613829218,370.50092305795135,150.6785558535211,6.052004524189207,423.54403825427113,0.0,6331.394327073436,6545.819398327663,0.0,0.0,235356.22733053972,241902.0467288674,2.2026389397136135,0.007809789424804631,0.23060202881416303,0.23841181823896765,241319.28269187277,582.7640369946275,49829.31632051068,119866.71140449827,39986.63493974322,159853.3463442415,26257.67452969705,5378.945497423561,0.2064870894885552,19.384755461375665,69128.79204092523,89582.82395697835,0.2864619489574397,0.37122115960936986,52974.434819843256,52974.434819843256,0,0.0,0.0,0.0,0.0,0.0,0.0,0.0,0.0,0.0,0.0,0.0,none,5236.583836752884,58211.01865659614,6122.275360073392,6122.275360073392,0.0,59096.71017991665,0.2154110468670722,0.5181811771623273,0.1728613500867164,0.0702933619006643,0.0232530639832198,0.10135989643599654,0.10760529940312953,0.1137779066272767,0.9890812791469794,195206.15265385876,0.0,0.11409683454009534,0.11716636321910581,0.11485671677413933,0.07002965458408208,554.8515634474081,-340.4264921931814,0.02833406056467399,0.0464112958408263,0.04673473433540745,0.08294683454009534,0.11409683454009534,0.03621210020468789,0.0,74.52885569610454,73.70824876022941,True,0.0,110.5623731403441,294.83299504091764,110.5623731403441,0.0,0.11409683454009534,0.11716636321910581,0.11485671677413933,False,True,1,0.0,1.5167316987631347,1.7532199281172973,516.7316987631347,972.6760931090364,5907.850288819165,4935.1741957101285,4399.276563615543,0.16023044032281403,0.15668784534991487,689.3131658512971,0.025106162453649845,-0.012399012872433576,0.0,False,stress_wide_capacity_with_debt_yield
2047Q4,2047-12-31,2047,4,2048,112129.74177378975,36249.64421883931,0.018302343181823888,0.06714055275075241,0.06908642398648526,229.961672303775,6123.276079197323,1421.3418148668452,3174.5370125283143,983.2467678892101,387.5425253590206,156.60795855393448,6.05491834437418,442.21500037367775,0.0,6571.545997915376,6801.507670219151,0.0,0.0,241902.0467288674,248703.55439908654,2.2179981017063293,0.008203413961933456,0.23442650964711204,0.24262992360904548,248120.7903620919,582.7640369946275,51199.1782118562,123161.97716607856,41085.91085624927,164247.88802232782,27146.90559114442,5526.8185367635,0.20634779591480154,19.455034813852034,70856.22164502606,91536.69398590006,0.2855714812999867,0.3689198871739734,54386.94154152713,54386.941541527136,0,0.0,0.0,0.0,0.0,0.0,0.0,0.0,0.0,0.0,0.0,0.0,none,5378.945497423561,59765.8870389507,6359.292669845473,6359.292669845473,0.0,60746.234211372604,0.2154110468670722,0.5181811771623273,0.1728613500867164,0.0702933619006643,0.0232530639832198,0.10231543634135333,0.10866457868843091,0.11510379530983073,0.9895188361866672,201777.69865177415,0.0,0.11545997054920705,0.11831180626632086,0.11586652755304525,0.07083431362901921,584.9298689780758,-354.96819667430077,0.028954239380636855,0.04714055275075241,0.047463991245333556,0.08430997054920705,0.11545997054920705,0.0368459793038735,0.0,75.3659163694107,74.52885569610454,True,0.0,111.79328354415682,298.1154227844182,111.79328354415682,0.0,0.11545997054920705,0.11831180626632086,0.11586652755304525,False,True,1,0.0,1.5208210766134338,1.7649810136030388,520.8210766134338,986.0862979856838,6129.330997541698,5143.244699556014,4581.5309391713645,0.16343677838531487,0.15668784534991487,717.8702112627329,0.025608556656126522,-0.012662766936194777,0.0,False,stress_wide_capacity_with_debt_yield
2048Q1,2048-03-31,2048,1,2048,114530.52398489858,36413.32277093093,0.01818395592697919,0.06899445685227826,0.06981568089641225,221.79777457316612,6355.367611315021,1477.86390212113,3292.4974544083757,1016.7767068238305,405.37737831322727,162.85216964846063,6.05491834437418,461.8970608078015,0.0,6823.3195904671975,7045.117365040363,0.0,0.0,248703.55439908654,255748.67176412692,2.233017564800879,0.007746328816321884,0.23830571460117955,0.24605204341750142,255165.9077271323,582.7640369946275,52617.2765893475,126573.27801284473,42223.8952059572,168797.17321880194,28071.559339269446,5679.898579713451,0.2062080983232879,19.54676269709892,72611.6437566429,93500.32195572625,0.2845663999686505,0.36642952339743223,56057.17829260075,56057.17829260074,0,0.0,0.0,0.0,0.0,0.0,0.0,0.0,0.0,0.0,0.0,0.0,none,5526.8185367635,61583.996829364245,6583.220304232562,6583.220304232562,0.0,62640.39859683331,0.2154110468670722,0.5181811771623273,0.1728613500867164,0.0702933619006643,0.0232530639832198,0.10331676299034911,0.10974221268294442,0.11636560364407131,0.9902000651956364,208601.01824224135,2.9103830456733704e-11,0.11686322895546106,0.1194898091720073,0.1169029810254947,0.07166150193314214,592.0826927983863,-370.2849182252202,0.029588709560508214,0.048994456852278254,0.04821475505430731,0.08571322895546106,0.11686322895546106,0.03749847390115375,0.0,76.20582959968696,75.3659163694107,True,0.0,113.04887455411605,301.4636654776428,113.04887455411605,0.0,0.11686322895546106,0.1194898091720073,0.1169029810254947,False,True,1,0.0,1.5235458839617975,1.7770761095468477,523.5458839617975,999.7662944306982,6361.422529659396,5361.656235228697,4772.959932346935,0.1666965195401105,0.15668784534991487,747.8648077409166,0.026119318474069893,-0.01293227011775635,0.0,False,stress_wide_capacity_with_debt_yield
2048Q2,2048-06-30,2048,2,2048,117004.91778232461,36578.07427746513,0.018221133777472476,0.06976741611403033,0.07114534002609021,213.15689310888837,6600.027761502082,1537.2562102684344,3416.0316984908995,1051.7041879208216,425.62467532328094,169.4109894986474,6.05491834437418,486.4965042206492,0.0,7092.579184067106,7305.736077175995,0.0,0.0,255748.67176412692,263054.40784130286,2.2482337736494804,0.007287108854875465,0.2424711479995091,0.24975825685438457,262471.64380430826,582.7640369946275,54086.21612459518,130106.87960211064,43402.67816510302,173509.55776721367,29037.40311867917,5838.466793820286,0.2060649879760741,19.632138979049312,74423.6128793964,95470.43370308867,0.28354915525611835,0.3637361823903112,57573.66723373072,57573.66723373071,0,0.0,0.0,0.0,0.0,0.0,0.0,0.0,0.0,0.0,0.0,0.0,none,5679.898579713451,63253.56581344416,6819.2395729553455,6819.2395729553455,0.0,64392.90680668606,0.2154110468670722,0.5181811771623273,0.1728613500867164,0.0702933619006643,0.0232530639832198,0.10432572304956036,0.11093045582826695,0.11780525581401263,0.9906342519888479,215693.59742630846,-5.820766091346741e-11,0.1183056440153508,0.12069760745146604,0.11796015384755008,0.07250869644762845,599.4367658058022,-386.27987269691386,0.03023297520230301,0.04976741611403032,0.048987714316059375,0.08715564401535081,0.1183056440153508,0.038167929699291434,0.0,77.06701422382966,76.20582959968696,True,0.0,114.30874439953044,304.82331839874786,114.30874439953044,0.0,0.1183056440153508,0.12069760745146604,0.11796015384755008,False,True,1,0.0,1.5272323101488212,1.7894763153324333,527.2323101488212,1013.6372672514839,6606.082679846457,5592.445412594973,4975.57788044975,0.17009807706395014,0.15668784534991487,779.6125774583677,0.02665230119331412,-0.013205594432040783,0.0,False,stress_wide_capacity_with_debt_yield
2048Q3,2048-09-30,2048,3,2048,119557.53232930029,36744.35332607576,0.01830783227822197,0.07056298440133851,0.07191829928784228,203.8587245078159,6855.477935855053,1599.6761577434208,3545.317852063415,1088.2779147092945,445.8986464429461,176.3073648959803,6.05491834437418,508.5629734351899,0.0,7370.095827634617,7573.954552142433,0.0,0.0,263054.40784130286,270628.36239344534,2.263582704668468,0.006820439349528317,0.24657905475449188,0.2533994941040202,270045.59835645073,582.7640369946275,55608.1795210903,133768.03252747798,44624.01129228966,178392.04381976763,30042.616219326348,6002.7587962664675,0.20592144385812003,19.708839491654647,76219.71126294501,97558.80137947458,0.2822475601410754,0.36126788206597754,59108.23177468862,59108.23177468862,0,0.0,0.0,0.0,0.0,0.0,0.0,0.0,0.0,0.0,0.0,0.0,none,5838.466793820286,64946.6985685089,7065.391578707244,7065.391578707244,0.0,66173.62335339586,0.2154110468670722,0.5181811771623273,0.1728613500867164,0.0702933619006643,0.0232530639832198,0.10534955330891102,0.11206952794466604,0.11929661245702049,0.9910593514915901,223063.69325394309,5.820766091346741e-11,0.11979018079376078,0.12194018772889492,0.11904689608641214,0.07338014253045484,607.0079025845343,-403.14917807671844,0.030899587334235465,0.05056298440133851,0.04978328260336867,0.08864018079376078,0.11979018079376078,0.038856898190392106,0.0,77.94503746793782,77.06701422382966,True,0.0,115.60052133574449,308.26805689531864,115.60052133574449,0.0,0.11979018079376078,0.12194018772889492,0.11904689608641214,False,True,1,0.0,1.5316973099983537,1.8022334910169184,531.6973099983537,1027.588512464493,6861.532854199428,5833.944341734935,5187.709120977206,0.1735636064046076,0.15668784534991487,812.8509644680192,0.02719530751869865,-0.0134880394475294,0.0,False,stress_wide_capacity_with_debt_yield
2048Q4,2048-12-31,2048,4,2049,122191.0611786961,36911.95835557921,0.018370745027193047,0.07138129726141132,0.07271386757515158,226.25127984316197,7122.704523937268,1665.3284696108283,3680.5531775815166,1126.5991350146978,466.66398809135546,183.5597536388716,6.05491834437418,531.8387337666982,0.0,7660.598176048341,7886.849455891503,0.0,0.0,270628.36239344534,278515.2118493368,2.2793419515526367,0.007406475650859105,0.2507744217016084,0.25818089735246746,277932.4478123422,582.7640369946275,57192.53008046174,137579.2606415101,45895.40837561843,183474.66901712853,31091.463383566625,6173.785331185303,0.20577852831015142,19.760134323705323,78037.52637394324,99813.51599723937,0.2807787539317236,0.35912869038102624,60522.835511025434,60522.83551102544,0,0.0,0.0,0.0,0.0,0.0,0.0,0.0,0.0,0.0,0.0,0.0,none,6002.7587962664675,66525.5943072919,7355.0107221248045,7355.0107221248045,0.0,67877.84623315025,0.2154110468670722,0.5181811771623273,0.1728613500867164,0.0702933619006643,0.0232530639832198,0.10637482682788216,0.11322683414698713,0.12077557002455527,0.9914851169980303,230724.29142999143,-5.820766091346741e-11,0.12131692784527016,0.1232169515041432,0.1201614789098101,0.07427521954282576,647.1090432572505,-420.85776341408854,0.03158256340324064,0.051381297261411316,0.05060159546343948,0.09016692784527017,0.12131692784527016,0.03956533238183069,0.0,78.84119332956297,77.94503746793782,True,0.0,116.91755620190673,311.7801498717513,116.91755620190673,0.0,0.12131692784527016,0.1232169515041432,0.1201614789098101,False,True,1,0.0,1.5433869171371495,1.815341313691881,543.3869171371495,1041.674440210799,7128.759442281643,6087.085002070844,5410.2056734920425,0.17710643057858336,0.15668784534991487,847.7134698793532,0.0277504250049725,-0.0137770393138206,0.0,False,stress_wide_capacity_with_debt_yield
2049Q1,2049-03-31,2049,1,2049,124865.34778064344,37079.22360860983,0.018249438293332254,0.07091696703287875,0.07353218043522328,216.28861985705288,7402.263812383568,1734.6055112649553,3821.1612375928735,1166.8581740094169,488.4270758470235,191.2118136693022,6.05491834437418,556.4389996746443,0.0,7964.757730402586,8181.046350259639,0.0,0.0,278515.2118493368,286696.2581995964,2.2960434043178144,0.006928699553602872,0.25514709635517563,0.2620757959087785,286113.4941626018,582.7640369946275,58834.954731801634,141530.1886538368,47213.40829612165,188743.59694995848,32183.861667086403,6351.080813755384,0.2056350222278052,19.83124823370717,79896.11058099852,102205.6092303112,0.27924621596348953,0.3572205132422957,62395.354111577246,62395.354111577246,0,0.0,0.0,0.0,0.0,0.0,0.0,0.0,0.0,0.0,0.0,0.0,none,6173.785331185303,68569.13944276255,7624.607350584995,7624.607350584995,0.0,70019.96146216225,0.2154110468670722,0.5181811771623273,0.1728613500867164,0.0702933619006643,0.0232530639832198,0.10744603627207758,0.11438883610725195,0.12221838935920057,0.9920831189952558,238689.049160394,0.0,0.12288627295053131,0.12452838371233282,0.12130461380709073,0.0751943154747001,655.5656995085221,-439.27707965146925,0.03228061972891051,0.05091696703287875,0.05144353879422481,0.09173627295053131,0.12288627295053131,0.040292734156306506,0.0,79.78075011066579,78.84119332956297,True,0.0,118.26178999434445,315.3647733182519,118.26178999434445,0.0,0.12288627295053131,0.12452838371233282,0.12130461380709073,False,True,1,0.0,1.544153822872508,1.8288048045389171,544.153822872508,1056.0930564252608,7408.318730727942,6352.225674302681,5643.207585513503,0.1807773793391319,0.15668784534991487,884.2220374364061,0.028325618056652794,-0.014072025184222191,0.0,False,stress_wide_capacity_with_debt_yield
2049Q2,2049-06-30,2049,2,2049,127626.67400192613,37248.040535232125,0.01833623425460651,0.0717830500611887,0.07381017278944324,205.5879804842582,7697.048098426277,1807.5020765510822,3968.696095799092,1209.0170435329073,512.5667010890296,199.26618145416617,6.05491834437418,578.11007294888,0.0,8281.213089719531,8486.80107020379,0.0,0.0,286696.2581995964,295183.05926980026,2.31286336949708,0.006443417321402749,0.25954490013880804,0.2659883174602108,294600.29523280566,582.7640369946275,60538.574138868506,145628.32346460744,48580.515299325794,194208.83876393322,33317.90021846585,6534.9821115380655,0.20549393574445796,19.895639660776553,81758.70012967194,104422.8706003017,0.2775241622384076,0.35445609624315655,64141.592532916766,64141.592532916766,0,0.0,0.0,0.0,0.0,0.0,0.0,0.0,0.0,0.0,0.0,0.0,none,6351.080813755384,70492.67334667215,7908.690997254909,7908.690997254909,0.0,72050.28353017167,0.2154110468670722,0.5181811771623273,0.1728613500867164,0.0702933619006643,0.0232530639832198,0.10853280017651835,0.11553988380209963,0.1237895098428469,0.9924847966638439,246970.26225011353,5.820766091346741e-11,0.12450064299140316,0.12588009476015213,0.1224876215399678,0.07614243401230145,664.2812609547667,-458.6932804705085,0.03300116059694578,0.05178305006118869,0.05230962182253475,0.09335064299140317,0.12450064299140316,0.041041021168868416,0.0,80.73711921823339,79.78075011066579,True,0.0,119.67112516599869,319.12300044266317,119.67112516599869,0.0,0.12450064299140316,0.12588009476015213,0.1224876215399678,False,True,1,0.0,1.5490392650071383,1.842682512552664,549.0392650071383,1070.7618671325938,7703.103016770651,6632.341149638058,5889.68241514034,0.18459095518077837,0.15668784534991487,922.8416474236227,0.02892315903835887,-0.0143760944663836,0.0,False,stress_wide_capacity_with_debt_yield
2049Q3,2049-09-30,2049,3,2049,130479.66946162474,37418.63320826467,0.018445878126482018,0.07267369480847263,0.07467625581775318,194.02959524059105,8005.752352620941,1884.272851517965,4123.301384971727,1253.1120993825896,537.3139875853252,207.75202916333402,6.05491834437418,605.3172612716456,0.0,8617.124532236961,8811.154127477552,0.0,0.0,295183.05926980026,303994.2133972778,2.329820535655827,0.005948193953623003,0.2641675769962411,0.2701157709498641,303411.4493602832,582.7640369946275,62306.20204863833,149880.43367154003,49998.9873386095,199879.42101014953,34500.033340271526,6725.792961223816,0.20535217830442976,19.944312325446806,83826.13155211914,107033.6673694118,0.27627873545596016,0.35276739752268094,65835.49568530462,65835.49568530462,0,0.0,0.0,0.0,0.0,0.0,0.0,0.0,0.0,0.0,0.0,0.0,none,6534.9821115380655,72370.47779684268,8205.836866205906,8205.836866205906,0.0,74041.33255151052,0.2154110468670722,0.5181811771623273,0.1728613500867164,0.0702933619006643,0.0232530639832198,0.10963433046345276,0.11676990615319592,0.12545806847499724,0.9928911738859693,255587.38678235048,0.0,0.1261630285239986,0.12727033927573383,0.12370136194929254,0.07711708214473431,673.2706093273608,-479.2410140867698,0.03375002840373198,0.05267369480847263,0.05320026656981869,0.0950130285239986,0.1261630285239986,0.04181276195417992,0.0,81.71027205627013,80.73711921823339,True,0.0,121.10567882735009,322.94847687293355,121.10567882735009,0.0,0.1261630285239986,0.12727033927573383,0.12370136194929254,False,True,1,0.0,1.556419295816621,1.8569553923632067,556.419295816621,1085.539716289704,8011.807270965315,6926.267554675611,6148.4805095583315,0.18848853725420128,0.15668784534991487,963.3921632186416,0.02953386277551796,-0.014691668550791936,0.0,False,stress_wide_capacity_with_debt_yield
2049Q4,2049-12-31,2049,4,2050,133427.60242368883,37590.76502252199,0.01852801107612545,0.07358975911289212,0.07556690056503712,207.37382599510448,8329.109645702843,1965.1847865710945,4284.958709659337,1299.5651848134362,562.7062794596509,216.6946851993276,6.057832164559153,634.0698068391607,0.0,8969.237284706564,9176.611110701668,0.0,0.0,303994.2133972778,313170.82450797944,2.3471217260843087,0.006216819375547355,0.2688870105370089,0.2751038299125563,312588.06047098484,582.7640369946275,64146.35981380856,154307.0177803333,51475.66256156669,205782.68034189998,35734.58709453446,6924.433220741828,0.20521052441080928,19.964845622243786,86100.63665983322,109662.38224754081,0.2754444188626497,0.35082076417861113,67454.86006467718,67454.8600646772,0,0.0,0.0,0.0,0.0,0.0,0.0,0.0,0.0,0.0,0.0,0.0,none,6725.792961223816,74180.65302590102,8542.541303862507,8542.541303862507,0.0,75997.40136853971,0.2154110468670722,0.5181811771623273,0.1728613500867164,0.0702933619006643,0.0232530639832198,0.11073610703316736,0.11801852653010902,0.1271100621304294,0.9932715123675279,264556.62406705704,-5.820766091346741e-11,0.12787383625909182,0.12869941800275927,0.12494602695205385,0.07811845893798643,708.2538280123425,-500.88000201723804,0.03452029536565289,0.05358975911289211,0.05411633087423906,0.09672383625909181,0.12787383625909182,0.042607505384852765,0.0,82.70145791635153,81.71027205627013,True,0.0,122.56540808440519,326.8410882250805,122.56540808440519,0.0,0.12787383625909182,0.12869941800275927,0.12494602695205385,False,True,1,0.0,1.5708975347587872,1.8716265210918452,570.8975347587872,1100.5683896254868,8335.167477867402,7234.5990882419155,6420.0323077979665,0.19246489305598583,0.15668784534991487,1005.9410293857048,0.03015690939844421,-0.01501578362853986,0.0,False,stress_wide_capacity_with_debt_yield
2050Q1,2050-03-31,2050,1,2050,136493.94469183052,37761.68721206753,0.018312102069694358,0.07544921395100264,0.07648296486945749,194.4918862764191,8667.502769977606,2050.660277861936,4453.053953756341,1348.1894643228588,589.4591947119388,226.13987932452952,6.057832164559153,664.5056321161691,0.0,9338.066234258333,9532.558120534752,0.0,0.0,313170.82450797944,322703.3826285142,2.364232225518124,0.005699648778281954,0.27365510624933204,0.279354755027614,322120.6185915196,582.7640369946275,66056.63628401095,158902.27565791935,53008.606087354594,211910.88174527395,37022.45794957312,7130.642612661577,0.20506801636245836,20.00245595279085,88554.99420326951,112590.48973480029,0.27491252994135684,0.3495289752860435,69575.10875459669,69575.1087545967,0,0.0,0.0,0.0,0.0,0.0,0.0,0.0,0.0,0.0,0.0,0.0,none,6924.433220741828,76499.54197533854,8868.052488418583,8868.052488418583,0.0,78443.16124301529,0.2154110468670722,0.5181811771623273,0.1728613500867164,0.0702933619006643,0.0232530639832198,0.11188829303197266,0.11927121562398803,0.12872821692716613,0.9938137556506444,273894.6903013154,0.0,0.12963300467517697,0.13016747219383534,0.126222085504129,0.07914672102504122,718.1664447828936,-523.6745585064745,0.03530732829958966,0.055449213951002635,0.055059005960978194,0.09848300467517697,0.12963300467517697,0.043423998714198775,0.0,83.70047445187588,82.70145791635153,True,0.0,124.0521868745273,330.8058316654061,124.0521868745273,0.0,0.12963300467517697,0.13016747219383534,0.126222085504129,False,True,1,0.0,1.5735087323800383,1.8866974000273409,573.5087323800383,1115.855370448568,8673.560602142164,7557.705231693597,6704.647794979572,0.1964819116369449,0.15668784534991487,1050.536816825407,0.03078632738462526,-0.015346455395916699,0.0,False,stress_wide_capacity_with_debt_yield
2050Q2,2050-06-30,2050,2,2050,139663.33497053265,37933.68639955336,0.018344297727263426,0.07641925155372224,0.07782533890316452,180.89665777874552,9025.09860158373,2140.780060057914,4629.57772041958,1399.2361999994325,619.4106978854843,236.09392322131686,6.057832164559153,700.205228339091,0.0,9731.36166208738,9912.258319866125,0.0,0.0,322703.3826285142,332615.64094838034,2.3815530469651063,0.005180934790563683,0.2787091304712317,0.28389006526179533,332032.87691138574,582.7640369946275,68041.01428425184,163675.7881729687,54601.01402182647,218276.80219479516,38370.20935972308,7344.851072615673,0.20492252127915303,20.03108980777981,90890.97983083481,115431.77979108598,0.2737409038415559,0.34765165686256083,71523.89563485111,71523.89563485113,0,0.0,0.0,0.0,0.0,0.0,0.0,0.0,0.0,0.0,0.0,0.0,none,7130.642612661577,78654.53824751271,9212.053091527034,9212.053091527034,0.0,80735.94872637816,0.2154110468670722,0.5181811771623273,0.1728613500867164,0.0702933619006643,0.0232530639832198,0.11305391032519199,0.12062298923330236,0.13054954456643325,0.9942025411953767,283626.0519634028,0.0,0.13143907235069946,0.13167187543080586,0.12752472595609998,0.08019960734313111,728.3877088951511,-547.4910511164056,0.03610314936135044,0.05641925155372224,0.0560290435636978,0.10028907235069945,0.13143907235069946,0.044260028787001665,0.0,84.72204680599793,83.70047445187588,True,0.0,125.55071167781381,334.8018978075035,125.55071167781381,0.0,0.13143907235069946,0.13167187543080586,0.12752472595609998,False,True,1,0.0,1.5791323418626262,1.902140692616009,579.1323418626262,1131.5561707024542,9031.156433748289,7899.600263045834,7006.123025340358,0.20065747468563797,0.15668784534991487,1097.7743210970077,0.0314405873618477,-0.015680308686081997,0.0,False,stress_wide_capacity_with_debt_yield
2050Q3,2050-09-30,2050,3,2050,142942.6350926462,38107.32449739256,0.01843574683715188,0.07741711038042366,0.07879537650588413,166.32656159303656,9400.009000614551,2235.8119498306883,4814.945669681098,1453.3027993249461,649.353602135402,246.59497964241453,6.057832164559153,734.4887959725551,0.0,10140.555628751665,10306.8821903447,0.0,0.0,332615.64094838034,342922.523138725,2.399021977707804,0.004654358344107324,0.2837657392332025,0.2884200975773098,342339.7591017304,582.7640369946275,70103.013566357,168636.02225032533,56255.7108675388,224891.73311786412,39777.57386882175,7567.438548687561,0.20477613745567028,20.058223901621815,93504.95263667814,118511.27391517952,0.27313494898175705,0.34618028074256624,73641.34229241061,73641.34229241061,0,0.0,0.0,0.0,0.0,0.0,0.0,0.0,0.0,0.0,0.0,0.0,none,7344.851072615673,80986.19336502628,9572.393394372146,9572.393394372146,0.0,83213.73568678276,0.2154110468670722,0.5181811771623273,0.1728613500867164,0.0702933619006643,0.0232530639832198,0.11425193107956833,0.12194923365405308,0.13234271217290594,0.9946195832612578,293766.6075921544,0.0,0.13329542802402733,0.1332173780389201,0.12886153273441275,0.08128102103291336,738.9421852050755,-572.6156236120389,0.03692286022351275,0.05741711038042366,0.05702690239039922,0.10214542802402733,0.13329542802402733,0.045118525633628115,0.0,85.76132920821138,84.72204680599793,True,0.0,127.0830702089969,338.88818722399174,127.0830702089969,0.0,0.13329542802402733,0.1332173780389201,0.12886153273441275,False,True,1,0.0,1.5846063182656205,1.918005676268233,584.6063182656205,1147.4129203432317,9406.06683277911,8258.653912435879,7322.901867842869,0.20491861964337332,0.15668784534991487,1147.4097153811663,0.03210825698399891,-0.01602364817861113,0.0,False,stress_wide_capacity_with_debt_yield
2050Q4,2050-12-31,2050,4,2051,146336.473918556,38282.473056795934,0.01851190451802731,0.0784427612942967,0.07979323533258643,188.14380919734504,9794.798127606064,2336.1027997754377,5009.746676275134,1510.2909670492654,680.9811352775104,257.6765492287144,6.063659804929099,770.7999383737437,0.0,10571.661725784737,10759.805534982082,0.0,0.0,342922.523138725,353682.32867370715,2.416911650273534,0.005142772793666111,0.28896860619091935,0.29411137898458545,353099.56463671254,582.7640369946275,72254.75571908345,173812.1369290569,57982.42386099229,231794.5607900492,41250.53459262564,7799.713534954236,0.20462997679825223,20.06587249204183,96019.7950837518,121756.88142948874,0.27193405118622005,0.3448230856777143,75677.51615472259,75677.51615472259,0,0.0,0.0,0.0,0.0,0.0,0.0,0.0,0.0,0.0,0.0,0.0,none,7567.438548687561,83244.95470341014,9989.005596608338,9989.005596608338,0.0,85666.52175133093,0.2154110468670722,0.5181811771623273,0.1728613500867164,0.0702933619006643,0.0232530639832198,0.11546630010883463,0.12331253869269011,0.1342864325911127,0.995008056821004,304338.2693179391,5.820766091346741e-11,0.1352027838460103,0.13480378726573933,0.1302309236062896,0.08239059130423686,787.2022573914003,-599.0584481940552,0.03776261942316979,0.058442761294296694,0.05805255330427225,0.1040527838460103,0.1352027838460103,0.04600023054173806,0.0,86.81990913724678,85.76132920821138,True,0.0,128.64199381231708,343.0453168328455,128.64199381231708,0.0,0.1352027838460103,0.13480378726573933,0.1302309236062896,False,True,1,0.0,1.5913265861101313,1.9342901629526268,591.3265861101313,1163.5255520297226,9800.861787410993,8637.33623538127,7657.284579670906,0.20930624811781623,0.15668784534991487,1199.8034220197628,0.0327957450358553,-0.016374822548408895,0.0,False,stress_wide_capacity_with_debt_yield
2051Q1,2051-03-31,2051,1,2051,149805.45659583117,38458.10953942209,0.018478314054648726,0.0783218354854,0.0808188862464577,172.27492632614258,10210.321030274426,2442.261029833379,5215.345005541766,1570.1134908579263,713.1932853362002,269.4082187051548,6.063659804929099,809.324409935984,0.0,11025.70910001534,11197.984026341483,0.0,0.0,353682.32867370715,364880.3127000486,2.4356944065427495,0.004599963986383569,0.2944007341404723,0.2990006981268559,364297.548663054,582.7640369946275,74492.58776259904,179195.34479822466,59778.221587875494,238973.56638610014,42790.11281264043,8041.281701714403,0.20448281366696405,20.108441511234737,98741.5768337121,125204.666534115,0.2710465035959935,0.3436879193769137,78247.26765211813,78247.26765211813,0,0.0,0.0,0.0,0.0,0.0,0.0,0.0,0.0,0.0,0.0,0.0,none,7799.713534954236,86046.98118707236,10388.659616405499,10388.659616405499,0.0,88635.92726852362,0.2154110468670722,0.5181811771623273,0.1728613500867164,0.0702933619006643,0.0232530639832198,0.1167442847449714,0.12469618305626129,0.1359719308950188,0.9955794876983322,315363.97841795447,0.0,0.13716313509351757,0.1364328376907251,0.1316345312016574,0.08352955391734582,799.0395882366154,-626.7646619104728,0.038626351127256986,0.0583218354854,0.059106873851597574,0.10601313509351758,0.13716313509351757,0.04690626124192,0.0,87.92121919529694,86.81990913724678,True,0.0,130.22986370587017,347.2796365489871,130.22986370587017,0.0,0.13716313509351757,0.1364328376907251,0.1316345312016574,False,True,1,0.0,1.5889867098469146,1.951011978141792,588.9867098469146,1179.9118295818912,10216.384690079356,9036.472860497464,8009.9314570342,0.21387555938351854,0.15668784534991487,1255.058901403193,0.03351170057281129,-0.01673542943369433,0.0,False,stress_wide_capacity_with_debt_yield
2051Q2,2051-06-30,2051,2,2051,153400.14145339825,38635.79983451734,0.018609919675242503,0.07940545517375823,0.08195728246431616,155.12643982193413,10651.112327881992,2554.4092196867714,5430.9564494971355,1633.0512176108844,750.8876528025927,281.8077882846084,6.063659804929099,851.0144561262729,0.0,11508.190443813195,11663.316883635129,0.0,0.0,364880.3127000486,376543.62958368374,2.4546498198508813,0.004045014257540573,0.30008291608542725,0.3041279303429678,375960.86554668914,582.7640369946275,76821.67714755211,184798.0763979463,61647.25078304056,246445.32718098687,44401.160356283006,8292.70086186719,0.20433423844751714,20.112057920578415,101587.91808146767,128779.46757569184,0.27020875679107575,0.34253423528119636,80304.12953368618,80304.12953368618,0,0.0,0.0,0.0,0.0,0.0,0.0,0.0,0.0,0.0,0.0,0.0,none,8041.281701714403,88345.41123540058,10812.302427508856,10812.302427508856,0.0,91116.43196119503,0.2154110468670722,0.5181811771623273,0.1728613500867164,0.0702933619006643,0.0232530639832198,0.11801921441049175,0.12615852424215115,0.13813052885641108,0.9959551481142478,326872.1688617677,0.0,0.13918053277478237,0.1381110824603812,0.13308375406550985,0.08470344926668573,811.2848087799307,-656.1583689579966,0.0395243802922269,0.059405455173758226,0.0601904935399558,0.10803053277478236,0.13918053277478237,0.047840039234826576,0.0,89.04187185147174,87.92121919529694,True,0.0,131.8818287929454,351.68487678118777,131.8818287929454,0.0,0.13918053277478237,0.1381110824603812,0.13308375406550985,False,True,1,0.0,1.597986601525036,1.9682392391865648,597.9866015250359,1196.5829420636849,10657.175987686922,9460.593045623236,8385.256033340504,0.21865054240221488,0.15668784534991487,1313.8677005714974,0.034259882373593245,-0.017109720049569375,0.0,False,stress_wide_capacity_with_debt_yield
2051Q3,2051-09-30,2051,3,2051,157127.9095899085,38815.872738462705,0.01877385645930807,0.08051922637059454,0.08304090215267439,136.4858940731707,11112.501633476671,2673.0204885121566,5658.380671692543,1699.1819204186388,786.9892142238366,294.9293386294958,6.063659804929099,894.3893388324898,0.0,12012.954632114092,12149.440526187262,0.0,0.0,376543.62958368374,388693.07010987104,2.4737366590335825,0.0034745168933867487,0.30581338893814497,0.3092879058315317,388110.30607287644,582.7640369946275,79246.13950636268,190630.23207123202,63592.814126581805,254223.04619781382,46086.70508143874,8554.415287261165,0.20418457914251428,20.134800184558976,104487.63411192986,132466.12129503526,0.2692214880073552,0.34131049658382884,82983.43454093083,82983.43454093083,0,0.0,0.0,0.0,0.0,0.0,0.0,0.0,0.0,0.0,0.0,0.0,none,8292.70086186719,91276.13540279801,11255.051187354771,11255.051187354771,0.0,94238.4857282856,0.2154110468670722,0.5181811771623273,0.1728613500867164,0.0702933619006643,0.0232530639832198,0.11934481954108683,0.12761288401448642,0.1400337207582248,0.9963029426144033,338885.1234938818,5.820766091346741e-11,0.1412597262542951,0.13983857546844197,0.13457161186773614,0.0859111439048683,823.9632391245812,-687.4773450514105,0.04046504525723926,0.06051922637059454,0.06130426473679211,0.11010972625429508,0.1412597262542951,0.04880546151750298,0.0,90.17823994143446,89.04187185147174,True,0.0,133.5628077772076,356.16748740588696,133.5628077772076,0.0,0.1412597262542951,0.13983857546844197,0.13457161186773614,False,True,1,0.0,1.6007462482267267,1.9859714599151423,600.7462482267267,1213.2468061689397,11118.565293281601,9905.318487112661,8779.007017073909,0.22348689141188038,0.15668784534991487,1375.5636938170942,0.03501767947927793,-0.017501088045928245,0.0,False,stress_wide_capacity_with_debt_yield
2051Q4,2051-12-31,2051,4,2052,160992.344129181,38997.61900078635,0.018861018988035827,0.0816646038933923,0.0841546733495107,162.90927525768643,11600.845309223596,2798.571993344618,5898.174859436969,1768.6322344636553,826.6533192571021,308.8129027212466,6.070944355391532,940.4245081291195,0.0,12547.340761708107,12710.250036965794,0.0,0.0,388693.07010987104,401403.3201468368,2.493306885604131,0.004047627882900252,0.31174999853757174,0.31579762642047204,400820.5561098422,582.7640369946275,81781.48994497219,196729.13411875983,65627.36205778162,262356.49617654143,47854.470194974056,8828.099793354537,0.20403516910085948,20.125198890005723,107765.30595760964,137302.17163039246,0.2688617245670336,0.3425527197581297,85179.52239322085,85179.52239322086,0,0.0,0.0,0.0,0.0,0.0,0.0,0.0,0.0,0.0,0.0,0.0,none,8554.415287261165,93733.93768048202,11769.825528836674,11769.825528836674,0.0,96949.34792205754,0.2154110468670722,0.5181811771623273,0.1728613500867164,0.0702933619006643,0.0232530639832198,0.12067450009960659,0.12912338013292984,0.1422027079436269,0.9966314349469192,351432.4642555899,0.0,0.14339930368174497,0.1416137137525238,0.13609594781744616,0.08715138783208766,883.4041130345665,-720.4948377768801,0.0414288354396201,0.0616646038933923,0.06244964225958988,0.11224930368174497,0.14339930368174497,0.0497996614221551,0.0,91.33667887035269,90.17823994143446,True,0.0,135.26735991215168,360.7129597657378,135.26735991215168,0.0,0.14339930368174497,0.1416137137525238,0.13609594781744616,False,True,1,0.0,1.6154586133247064,2.0,615.4586133247064,1230.1135934004612,11606.916253578987,10376.802660178526,9197.073309523335,0.22850958185051484,0.15668784534991487,1441.0696003944222,0.03580467402196719,-0.017901344108605603,0.0,False,stress_wide_capacity_with_debt_yield
2052Q1,2052-03-31,2052,1,2052,165055.3285691343,39180.013736696135,0.018839954395876823,0.08440455758840305,0.08530005087230846,141.99609893414788,12114.634716426397,2931.8521780411597,6150.0162191095105,1841.9494516938698,867.261732352978,323.5551352288747,6.070944355391532,989.3887390323861,0.0,13110.094399814174,13252.09049874832,0.0,0.0,401403.3201468368,414655.4106455851,2.512220685271027,0.0034411757600342377,0.31771393298152,0.32115510874155423,414072.6466085905,582.7640369946275,84423.01136845128,203083.43535179997,67747.10923967685,270830.5445914768,49705.84546668206,9113.245181980354,0.20388454069571427,20.153977735841504,111143.34919923825,142324.33041821048,0.26841509602129904,0.34371826196175925,88283.88970201064,88283.88970201064,0,0.0,0.0,0.0,0.0,0.0,0.0,0.0,0.0,0.0,0.0,0.0,none,8828.099793354537,97111.98949536518,12262.701759715936,12262.701759715936,0.0,100546.59146172658,0.2154110468670722,0.5181811771623273,0.1728613500867164,0.0702933619006643,0.0232530639832198,0.12208035965294477,0.13064261047983747,0.14411280936755175,0.9971193682546182,364542.558655404,0.0,0.1456023913650976,0.14343979535437598,0.13766086723068977,0.0884266975131017,897.7181026284985,-755.7220036943506,0.04242530170740304,0.06440455758840305,0.06362855212983244,0.11445239136509758,0.1456023913650976,0.05082383923526515,0.0,92.48724582815098,91.33667887035269,True,0.0,137.00501830552903,365.34671548141074,137.00501830552903,0.0,0.1456023913650976,0.14343979535437598,0.13766086723068977,False,True,1,0.0,1.6157942128591665,2.0,615.7942128591665,1247.3756267295284,12120.705660781789,10873.33003405226,9637.450530217458,0.23355684699826607,0.15668784534991487,1510.071358246168,0.03659551912287804,-0.01831439215554468,0.0,False,stress_wide_capacity_with_debt_yield
2052Q2,2052-06-30,2052,2,2052,169270.04287889646,39363.699534593274,0.018885300994414322,0.08561771667218361,0.08616427382041615,119.84420651648179,12661.393876462544,3073.048085372332,6415.8596145102665,1918.8427628176703,914.480183317187,339.16323044508545,6.070944355391532,1037.7625706058557,0.0,13705.22739142379,13825.071597940272,0.0,0.0,414655.4106455851,428480.4822435254,2.5313426697131516,0.0028320240127126055,0.3238665781216618,0.3266986021343744,427897.7182065308,582.7640369946275,87177.53899264215,209709.5781963226,69957.54074211794,279667.1189384406,51642.47097848197,9410.589296966165,0.20373452646121543,20.148163264086445,114636.81597281717,147571.6552370809,0.2679070513703607,0.34487600414324576,90749.65132488278,90749.65132488278,0,0.0,0.0,0.0,0.0,0.0,0.0,0.0,0.0,0.0,0.0,0.0,none,9113.245181980354,99862.89650686314,12787.309027334417,12787.309027334417,0.0,103536.9603522172,0.2154110468670722,0.5181811771623273,0.1728613500867164,0.0702933619006643,0.0232530639832198,0.12348479274618472,0.13220835459579175,0.14649722497996204,0.9973857059115713,378247.7860468278,0.0,0.14786606194496504,0.14531013333294632,0.1392529293037428,0.08973111784670516,912.5292163454313,-792.6850098289495,0.04343433140882595,0.0656177166721836,0.064841711213613,0.11671606194496503,0.14786606194496504,0.05187435073135205,0.0,93.66301260627495,92.48724582815098,True,0.0,138.73086874222645,369.9489833126039,138.73086874222645,0.0,0.14786606194496504,0.14531013333294632,0.1392529293037428,False,True,1,0.0,1.625077024241283,2.0,625.0770242412831,1264.7913250083982,12667.464820817935,11402.673495809537,10107.996485632078,0.23886084776061176,0.15668784534991487,1583.8001901382022,0.0374265915740643,-0.018731844013203748,0.0,False,stress_wide_capacity_with_debt_yield
2052Q3,2052-09-30,2052,3,2052,173648.64064096508,39549.696129793876,0.01903469723585216,0.08686640055035554,0.08737743290419671,95.90497005589486,13235.102329664145,3222.649845223907,6696.758925928276,1999.5493078289808,960.432250196433,355.71200048654913,6.070944355391532,1092.9106268197927,0.0,14334.083900839329,14429.988870895224,0.0,0.0,428480.4822435254,442910.4711144206,2.550612947383675,0.0022091729529674217,0.3301859167553496,0.33239508970831705,442327.707077426,582.7640369946275,90050.49297934648,216620.6011007437,72263.00609360101,288883.6071943447,53672.889673010046,9720.71723072486,0.20358320661017024,20.15534721587238,118309.64558858248,153086.10456169499,0.26747057372979194,0.3460920537245442,93824.23307504716,93824.23307504716,0,0.0,0.0,0.0,0.0,0.0,0.0,0.0,0.0,0.0,0.0,0.0,none,9410.589296966165,103234.82237201332,13337.078244075432,13337.078244075432,0.0,107161.31131912259,0.2154110468670722,0.5181811771623273,0.1728613500867164,0.0702933619006643,0.0232530639832198,0.1249380591013967,0.1338131793148291,0.14866059296244277,0.9976191854842208,392581.8699476671,0.0,0.15019648271175765,0.14723431392475939,0.14088844639838868,0.09107269324682006,927.8853166113366,-831.9803465554418,0.04448262168174577,0.06686640055035553,0.06609039509178492,0.11904648271175765,0.15019648271175765,0.052956087619972725,0.0,94.85712877796692,93.66301260627495,True,0.0,140.49451890941242,374.6520504250998,140.49451890941242,0.0,0.15019648271175765,0.14723431392475939,0.14088844639838868,False,True,1,0.0,1.6295134619258482,2.0,629.5134619258482,1282.1076704422244,13241.173274019537,11959.065603577312,10603.002496807116,0.2442403800610181,0.15668784534991487,1661.3616154644747,0.03826949889920524,-0.019164684353058414,0.0,False,stress_wide_capacity_with_debt_yield
2052Q4,2052-12-31,2052,4,2053,178197.07214564944,39737.45696158768,0.019125522505783588,0.08815065253304939,0.08862611678236952,95.51744203222427,13842.94278982435,3381.316827989417,6993.464008789865,2084.3319264797296,1010.571394259433,373.25863230590767,6.072401265484019,1151.6084833706386,0.0,15000.623674460474,15096.141116492698,0.0,0.0,442910.4711144206,458006.6122309133,2.570225238361725,0.0021440855538670815,0.3367198684880683,0.33886395404193537,457423.8481939187,582.7640369946275,93054.29935191936,223846.39543555336,74673.47683089075,298519.87226644414,55804.70623529635,10044.970340258944,0.20343123717605172,20.149386485463232,122885.53752516385,158772.0420686786,0.2686469846518981,0.34710049048725883,96721.89438290802,96721.89438290802,0,0.0,0.0,0.0,0.0,0.0,0.0,0.0,0.0,0.0,0.0,0.0,none,9720.71723072486,106442.61161363288,13944.532633122059,13944.532633122059,0.0,110666.42701603008,0.2154110468670722,0.5181811771623273,0.1728613500867164,0.0702933619006643,0.0232530639832198,0.1264196249848444,0.13547319065830116,0.15106476886690798,0.9978285147446302,407582.4936221276,0.0,0.1525930419315672,0.14921085076537033,0.14256437247697026,0.09245009028247864,968.980687187066,-873.4632451548417,0.04555526107931711,0.06815065253304939,0.06737464707447878,0.12144304193156719,0.1525930419315672,0.05406839485708842,0.0,96.07490519748742,94.85712877796692,True,0.0,142.28569316695038,379.4285151118677,142.28569316695038,0.0,0.1525930419315672,0.14921085076537033,0.14256437247697026,False,True,1,0.0,1.6366461542715605,2.0,636.6461542715604,1299.5109744148833,13849.015191089835,12549.504216674952,11129.172569893632,0.24981718130132238,0.15668784534991487,1743.806070504008,0.03914331586949324,-0.019606680056806238,0.0,False,stress_wide_capacity_with_debt_yield
2053Q1,2053-03-31,2053,1,2053,182888.60267739088,39927.0226991724,0.01921879691971129,0.08862144708641059,0.08991036876506249,68.65450617213105,14485.651483777192,3549.8596507300094,7307.792138390292,2173.8178806334818,1062.27881741647,391.9029966069369,6.072401265484019,1214.152753054629,0.0,15705.876638097305,15774.531144269436,0.0,0.0,458006.6122309133,473781.14337518276,2.590544935218933,0.0015015589854603505,0.3435069524983342,0.3450085114837945,473198.37933818816,582.7640369946275,96190.76570395163,231391.30945024194,77190.4034973696,308581.7129476115,58042.35693601525,10383.543750609753,0.20327788492953705,20.178763016981517,127679.77243650398,164757.4769725329,0.269822928419738,0.34817844727820396,100321.16384599594,100321.16384599594,0,0.0,0.0,0.0,0.0,0.0,0.0,0.0,0.0,0.0,0.0,0.0,none,10044.970340258944,110366.13418625487,14560.378391214808,14560.378391214808,0.0,114881.54223721074,0.2154110468670722,0.5181811771623273,0.1728613500867164,0.0702933619006643,0.0232530639832198,0.12798111221483074,0.137167247971336,0.15323264799598435,0.9981943666000993,423288.37026022485,0.0,0.15505939423683124,0.15124328145724644,0.1442846591974105,0.09386593289803874,985.9438761060967,-917.2893699339656,0.046663158782508755,0.06862144708641059,0.06869611143389395,0.12390939423683124,0.15505939423683124,0.05521328280293729,0.0,97.33188988129369,96.07490519748742,True,0.0,144.11235779623115,384.2996207899497,144.11235779623115,0.0,0.15505939423683124,0.15124328145724644,0.1442846591974105,False,True,1,0.0,1.6381704654286326,2.0,638.1704654286326,1317.1333029579228,14491.723885042677,13174.590582084755,11686.738343176396,0.25560342573760914,0.15668784534991487,1831.1698501605433,0.04004995004288295,-0.02006225333903463,0.0,False,stress_wide_capacity_with_debt_yield
2053Q2,2053-06-30,2053,2,2053,187769.6301830521,40119.07579345151,0.019379680513258446,0.08998084052249174,0.09142184607324474,39.627596386953996,15170.974851435623,3728.820465307925,7640.317766884191,2268.378562832732,1121.751274347355,411.7067820634181,6.072401265484019,1283.3879962980382,0.0,16460.435248999143,16500.0628453861,0.0,0.0,473781.14337518276,490281.20622056886,2.611078297073949,0.0008441747762579498,0.3506517051336206,0.35149587990987863,489698.44218357425,582.7640369946275,99468.60556302955,239276.30393603878,79820.77845561354,319097.08239165234,60395.37616440497,10737.37806448745,0.20312216048614987,20.174790372913698,132727.44716231787,171021.9117519885,0.2710391451736783,0.34923923994815803,103252.76735727217,103252.76735727218,0,0.0,0.0,0.0,0.0,0.0,0.0,0.0,0.0,0.0,0.0,0.0,none,10383.543750609753,113636.31110788193,15216.674849088062,15216.674849088062,0.0,118469.44220636024,0.2154110468670722,0.5181811771623273,0.1728613500867164,0.0702933619006643,0.0232530639832198,0.1295493147259968,0.13897079256245776,0.1558850441252148,0.9983766062425057,439748.805509224,0.0,0.1575997196917445,0.15333707325100232,0.1460576157983896,0.0953246433280663,1003.5566612673239,-963.9290648803699,0.04781357568339015,0.06998084052249173,0.0700555048699751,0.12644971969174448,0.1575997196917445,0.0563942148217694,0.0,98.61288839925739,97.33188988129369,True,0.0,145.99783482194053,389.32755952517476,145.99783482194053,0.0,0.1575997196917445,0.15333707325100232,0.1460576157983896,False,True,1,0.0,1.6489897945542362,2.0,648.9897945542361,1334.9471004232212,15177.047252701108,13842.100152277886,12283.339573682097,0.261668291335662,0.15668784534991487,1924.6500115015897,0.04100024076577868,-0.020534291172446973,0.0,False,stress_wide_capacity_with_debt_yield
2053Q3,2053-09-30,2053,3,2053,192852.8681296718,40314.1698326651,0.019593844697255225,0.09137951995204276,0.09278123950932589,8.021365607479424,15892.955669690178,3919.056088715538,7992.430181021887,2368.2448372155422,1180.452969536122,432.77159320109104,6.072401265484019,1354.6289926272243,0.0,17253.657063582887,17261.678429190368,0.0,0.0,490281.20622056886,507542.8846497592,2.6317621800080975,0.0001663727521456608,0.35786156007763903,0.35802793282978473,506960.1206127646,582.7640369946275,102895.15973472588,247519.03753825644,82570.49249711398,330089.53003537044,62868.165139848265,11107.265702820092,0.20296499774056412,20.188190680131683,138014.66288611558,177510.05491383962,0.27223968370391094,0.3501459931390314,106928.47031926914,106928.47031926912,0,0.0,0.0,0.0,0.0,0.0,0.0,0.0,0.0,0.0,0.0,0.0,none,10737.37806448745,117665.84838375657,15907.049436563142,15907.049436563142,0.0,122835.51975583227,0.2154110468670722,0.5181811771623273,0.1728613500867164,0.0702933619006643,0.0232530639832198,0.13117927325060488,0.1407653962230057,0.15830867339344643,0.9985666116632453,457002.4625728069,0.0,0.16022058498896657,0.15549487200161344,0.14788044785418614,0.09682722575437189,1021.865281971024,-1013.8439163635446,0.0490203476737989,0.07137951995204275,0.07145418429952612,0.12907058498896656,0.16022058498896657,0.05761640068944046,0.0,99.91229857701424,98.61288839925739,True,0.0,147.9193325988861,394.45155359702954,147.9193325988861,0.0,0.16022058498896657,0.15549487200161344,0.14788044785418614,False,True,1,0.0,1.6535054004946428,2.0,653.5054004946428,1352.9158826226546,15899.028070955663,14546.112188333009,12912.867602729102,0.26782837565156986,0.15668784534991487,2023.2894019603434,0.041965451104412084,-0.02102833991935964,0.0,False,stress_wide_capacity_with_debt_yield
2053Q4,2053-12-31,2053,4,2054,198145.04557342804,40511.44669023563,0.01971809373759892,0.09281925080705564,0.09417991893887691,26.345409957951006,16660.86109635014,4121.480671307735,8365.329507224016,2474.0247682892177,1244.8480275131715,455.1781220160017,6.073858175576505,1430.6500335400003,0.0,18097.58498806572,18123.93039802367,0.0,0.0,507542.8846497592,525666.815047783,2.6529394844393566,0.0005318409023391502,0.36534014636988066,0.3658719872722198,525084.0510107883,582.7640369946275,106491.07673368485,256169.1812082253,85456.1154782947,341625.29668652,65472.2419713582,11495.435619225258,0.2028076772255589,20.227861122539252,142738.6107024322,183637.81626345727,0.2718395472642141,0.34973032585917235,111135.77327630056,111135.77327630056,0,0.0,0.0,0.0,0.0,0.0,0.0,0.0,0.0,0.0,0.0,0.0,none,11107.265702820092,122243.03897912065,16693.280364483668,16693.280364483668,0.0,127829.05364078423,0.2154110468670722,0.5181811771623273,0.1728613500867164,0.0702933619006643,0.0232530639832198,0.13290733178398872,0.14262901154099988,0.16098223067926845,0.9987361898118794,475100.0475608726,1.1641532182693481e-10,0.1629208547610178,0.1577149858573154,0.1497503468113145,0.09837227216706104,1093.1025107479886,-1066.7571007900376,0.05026050360252114,0.07281925080705563,0.072893915154539,0.1317708547610178,0.1629208547610178,0.058876939606478815,0.0,101.23812500104083,99.91229857701424,True,0.0,149.86844786552138,399.64919430805696,149.86844786552138,0.0,0.1629208547610178,0.1577149858573154,0.1497503468113145,False,True,1,0.0,1.6353443064100335,2.0,635.3443064100335,1370.9754276652534,16666.934954525717,15295.959526860464,13584.597894097475,0.2742354289966505,0.15668784534991487,2128.5413739711244,0.04296935848809473,-0.021534873056308072,0.0,False,stress_wide_capacity_with_debt_yield
2054Q1,2054-03-31,2054,1,2054,203649.62962651186,40710.56363354494,0.019805737785736133,0.09416842115766982,0.09561964979388979,-9.182824125318803,17484.486344268807,4337.404311468268,8770.183394786283,2586.1697893244373,1311.6427421101148,479.0861065797041,6.073858175576505,1511.925795519332,0.0,19002.485997963715,18993.303173838394,0.0,0.0,525666.815047783,544660.1182216214,2.674495992064969,-0.00018036515248586238,0.37323880299343104,0.37305843784094517,544077.3541846267,582.7640369946275,110256.75853542691,265227.70191654155,88477.96997328631,353705.6718898279,68212.99255345379,11901.931205918125,0.20264904923429783,20.30100940098298,147716.48612399588,189964.71832834714,0.2714990524561879,0.34915020238810507,115449.37426171963,115449.37426171961,0,0.0,0.0,0.0,0.0,0.0,0.0,0.0,0.0,0.0,0.0,0.0,none,11495.435619225258,126944.80988094487,17481.377378319066,17481.377378319066,0.0,132930.75164003868,0.2154110468670722,0.5181811771623273,0.1728613500867164,0.0702933619006643,0.0232530639832198,0.13472530168491464,0.14459718935262364,0.16345086587380017,0.9990421947443235,494102.5335588363,0.0,0.1657048113525923,0.16000182726460022,0.15167265567671237,0.09996312442645226,1113.8719537443183,-1123.054777869637,0.051545762752705074,0.07416842115766982,0.07437725771187614,0.13455481135259229,0.1657048113525923,0.060177553640716155,0.0,102.5967445608674,101.23812500104083,True,0.0,151.85718750156124,404.9525000041633,151.85718750156124,0.0,0.1657048113525923,0.16000182726460022,0.15167265567671237,False,True,1,0.0,1.6361458548814438,2.0,636.1458548814438,1389.4326523597103,17490.560202444383,16101.127550084673,14307.371864285084,0.2810193544770876,0.15668784534991487,2241.7912700348243,0.0440323171546388,-0.02205856754916354,0.0,False,stress_wide_capacity_with_debt_yield
2054Q2,2054-06-30,2054,2,2054,209394.14367767208,40913.38876027864,0.02007792567627953,0.09569650621958468,0.09723635751649734,-48.09969936069433,18365.637021839306,4567.518843365309,9200.371858847266,2705.153109242735,1388.0045218616326,504.58868852236753,6.073858175576505,1600.947732844324,0.0,19972.658612859206,19924.558913498513,0.0,0.0,544660.1182216214,564584.6771351198,2.696277303744489,-0.0009188356181486321,0.3815323248696742,0.3806134892515256,564001.9130981251,582.7640369946275,114203.86680223682,274722.6523279977,91645.41414043822,366368.0664684359,71101.96851834691,12328.01130910552,0.20248843869146171,20.344560204316736,152900.81320343213,196679.65674790254,0.27109981305476605,0.34872161278233854,119086.4731074511,119086.47310745111,0,0.0,0.0,0.0,0.0,0.0,0.0,0.0,0.0,0.0,0.0,0.0,none,11901.931205918125,130988.40431336923,18323.61118065419,18323.61118065419,0.0,137410.08428810528,0.2154110468670722,0.5181811771623273,0.1728613500867164,0.0702933619006643,0.0232530639832198,0.13656328822515154,0.14667979493760078,0.16641328862886445,0.9992081595251187,514075.1921716955,-1.1641532182693481e-10,0.16858212236060166,0.16236360345458123,0.1536547590046477,0.10160557286443093,1135.5078627085115,-1183.6075620692059,0.05290283841585233,0.07569650621958468,0.0759053427737899,0.13743212236060165,0.16858212236060166,0.06152677958681177,0.0,103.98083469597398,102.5967445608674,True,0.0,153.8951168413011,410.3869782434696,153.8951168413011,0.0,0.16858212236060166,0.16236360345458123,0.1536547590046477,False,True,1,0.0,1.645475893966791,2.0,645.4758939667911,1408.044778405092,18371.71088001488,16963.66610160979,15083.223515410373,0.2881307614529759,0.15668784534991487,2363.3577935608196,0.04514658819109709,-0.02261013686975268,0.0,False,stress_wide_capacity_with_debt_yield
2054Q3,2054-09-30,2054,3,2054,215393.26893108647,41120.1375862864,0.020367050826664235,0.0972711451292692,0.09876444257841109,-90.74725022060807,19298.745093932106,4813.182561827136,9657.837280254847,2831.534282891257,1464.3601367004057,531.8308322584572,6.073858175576505,1694.074651455721,0.0,20998.893603563403,20908.146353342796,0.0,0.0,564584.6771351198,585492.8234884626,2.718250325992252,-0.0016852383674002738,0.38996378499240564,0.3882785466250054,584910.0594514679,582.7640369946275,118342.79010211931,284679.0226205629,94966.7845154894,379645.8071360523,74146.66486552867,12774.79734776767,0.20232647428410083,20.40397568854354,158257.5284203244,203413.2666418281,0.2705672878471935,0.34776845320901173,123543.73405344368,123543.73405344368,0,0.0,0.0,0.0,0.0,0.0,0.0,0.0,0.0,0.0,0.0,0.0,none,12328.01130910552,135871.7453625492,19214.071701887075,19214.071701887075,0.0,142757.80575533077,0.2154110468670722,0.5181811771623273,0.1728613500867164,0.0702933619006643,0.0232530639832198,0.13847475234831766,0.14877409504004532,0.16915839330317312,0.9993600765838514,535074.085775259,0.0,0.17156013769735756,0.16480472847741418,0.15569740272706828,0.10330219405307488,1158.0617362600567,-1248.8089864806648,0.05433636101779778,0.07727114512926919,0.0774799816834764,0.14041013769735755,0.17156013769735756,0.06293015601388116,0.0,105.38754008577713,103.98083469597398,True,0.0,155.971252043961,415.92333878389593,155.971252043961,0.0,0.17156013769735756,0.16480472847741418,0.15569740272706828,False,True,1,0.0,1.649945224941484,2.0,649.9452249414841,1426.8683397945838,19304.818952107682,17877.9506123131,15906.178836690147,0.29538859622914615,0.15668784534991487,2492.3048896713944,0.046283802684080895,-0.02319123513335437,0.0,False,stress_wide_capacity_with_debt_yield
2054Q4,2054-12-31,2054,4,2055,221655.96815212432,41329.74644747418,0.02054633479917123,0.09889571580055169,0.10033908148809849,-82.25493521488852,20295.22747291622,5075.726341352268,10144.313800014763,2965.6953992258796,1548.5568556403905,560.9350766829164,6.0767719957614785,1793.8007700901667,0.0,22095.105015002147,22012.85007978726,0.0,0.0,585492.8234884626,607505.6735682499,2.7407593787473106,-0.0014843712244812877,0.39872790611869463,0.3972435348942133,606922.9095312553,582.7640369946275,122698.19668057811,295156.15339296486,98461.87667663353,393618.0300695984,77361.73058603279,13244.952195045931,0.20216438488924665,20.446594235788993,164071.34161578733,210473.33491213727,0.27033308355834607,0.3467875929657889,127708.93924229604,127708.93924229604,0,0.0,0.0,0.0,0.0,0.0,0.0,0.0,0.0,0.0,0.0,0.0,none,12774.79734776767,140483.7365900637,20219.049309697093,20219.049309697093,0.0,147927.98855199313,0.2154110468670722,0.5181811771623273,0.1728613500867164,0.0702933619006643,0.0232530639832198,0.14042751883558371,0.15095047541902137,0.17221881804201997,0.9995118281288519,557169.1907902611,0.0,0.17463803523848048,0.16732415744172682,0.157799033653551,0.10505214863210681,1236.0585597626787,-1318.3134949775672,0.05581820849493267,0.07889571580055169,0.07910455235475801,0.14348803523848047,0.17463803523848048,0.06438348288372248,0.0,106.82661532516671,105.38754008577713,True,0.0,158.0813101286657,421.55016034310853,158.0813101286657,0.0,0.17463803523848048,0.16732415744172682,0.157799033653551,False,True,1,0.0,1.6594413685238796,2.0,659.4413685238795,1445.9286639742854,20301.304244911982,18855.375580937696,16787.404091959226,0.3029452214963667,0.15668784534991487,2630.382176187435,0.04746783401531841,-0.023790263911555004,0.0,False,stress_wide_capacity_with_debt_yield
2055Q1,2055-03-31,2055,1,2055,228208.00890278516,41542.652019279056,0.020765321470352482,0.10072771775364109,0.1019636521593792,-131.0095665760232,21356.941378291052,5356.942998900202,10663.183152595882,3108.6587857087234,1636.039487269954,592.116953816302,6.0767719957614785,1900.8109545573398,0.0,23263.829104844153,23132.81953826813,0.0,0.0,607505.6735682499,630638.493106518,2.763437164798038,-0.0022963184720100204,0.4077653403435874,0.40546902187157735,630055.7290695234,582.7640369946275,127271.80587668592,306158.18059439276,102132.07034546652,408290.2509398593,80755.01080384289,13738.66144913523,0.2020008707239961,20.522836333375494,170038.75763864015,217550.9658945014,0.2698789167265508,0.3452884496674353,132910.96730905183,132910.96730905183,0,0.0,0.0,0.0,0.0,0.0,0.0,0.0,0.0,0.0,0.0,0.0,none,13244.952195045931,146155.91950409778,21232.00858371079,21232.00858371079,0.0,154142.97589276262,0.2154110468670722,0.5181811771623273,0.1728613500867164,0.0702933619006643,0.0232530639832198,0.14248438970272295,0.15317604504465976,0.175047640048988,0.9997840918747714,580433.0198951053,0.0,0.17782041251542585,0.1699268016853443,0.1599658523877795,0.10685919855648793,1261.6752694707036,-1392.6848360467268,0.057357650678550254,0.08072771775364108,0.08078264296873072,0.14667041251542584,0.17782041251542585,0.06588776954669513,0.0,108.29268951724802,106.82661532516671,True,0.0,160.23992298775008,427.30646130066685,160.23992298775008,0.0,0.17782041251542585,0.1699268016853443,0.1599658523877795,False,True,1,0.0,1.661936503119792,2.0,661.936503119792,1465.3091177213896,21363.018150286814,19897.709032565424,17728.219604969618,0.3107379042515848,0.15668784534991487,2777.7965317928083,0.04868885268572897,-0.024410796847011616,0.0,False,stress_wide_capacity_with_debt_yield
2055Q2,2055-06-30,2055,2,2055,235057.52106643232,41758.67051600041,0.020962481043225623,0.10246115740396243,0.10326272030789985,-183.7114260794333,22496.702824245236,5657.8812556438725,11216.71799094616,3260.7108596071303,1735.9062056967996,625.4865123512761,6.0767719957614785,2008.5591536030506,0.0,24511.33874984405,24327.627323764616,0.0,0.0,630638.493106518,654966.1204302827,2.7864078437429582,-0.003126237786324863,0.41711217983817017,0.41398594205184536,654383.356393288,582.7640369946275,132079.57971631797,317723.5016119733,105990.17460203811,423713.6762140114,84332.45229361673,14257.648169341841,0.20183823201783482,20.569028963508277,176441.6552982354,225181.40231841058,0.26963041399878296,0.3441123618417265,137336.4656255237,137336.4656255237,0,0.0,0.0,0.0,0.0,0.0,0.0,0.0,0.0,0.0,0.0,0.0,none,13738.66144913523,151075.12707465893,22319.068170161565,22319.068170161565,0.0,159655.53379568527,0.2154110468670722,0.5181811771623273,0.1728613500867164,0.0702933619006643,0.0232530639832198,0.14456766883168565,0.1554699817266242,0.1784114422558616,0.9999153716107575,604944.3586449493,0.0,0.1811098844795093,0.17261381678721904,0.16219701804665376,0.10872384566734185,1288.3917989934225,-1472.1032250728558,0.058950465030029264,0.08246115740396243,0.08251608261905206,0.14995988447950928,0.1811098844795093,0.06744380186045723,0.0,109.79327486622219,108.29268951724802,True,0.0,162.43903427587202,433.1707580689921,162.43903427587202,0.0,0.1811098844795093,0.17261381678721904,0.16219701804665376,False,True,1,0.0,1.6725688322438406,2.0,672.5688322438406,1484.7999748910183,22502.779596241,21017.97962134998,18741.640400557848,0.31892858080913833,0.15668784534991487,2936.5872526863245,0.04997223214749009,-0.02505094443937078,0.0,False,stress_wide_capacity_with_debt_yield
2055Q3,2055-09-30,2055,3,2055,242227.84762014466,41978.75017207146,0.02124833904602963,0.10425229479229528,0.10499615995822119,-241.21418659859205,23708.077893514615,5980.229356131122,11807.527516167898,3422.655218929156,1836.412712438903,661.253089847536,6.0767719957614785,2131.467771232814,0.0,25845.62243674319,25604.4082501446,0.0,0.0,654966.1204302827,680570.5286804272,2.80962959200166,-0.003983261032428572,0.4267985318892585,0.42281527085682996,679987.7646434326,582.7640369946275,137135.91039792882,329886.73754079704,110047.73878372794,439934.47632452496,88113.91196480647,14803.46595617229,0.20167408522392932,20.624357383058307,182925.6971043522,232998.7087361838,0.26901321849559096,0.34265132529018677,142654.20497849182,142654.20497849182,0,0.0,0.0,0.0,0.0,0.0,0.0,0.0,0.0,0.0,0.0,0.0,none,14257.648169341841,156911.85314783367,23472.940478911787,23472.940478911787,0.0,166127.14545740362,0.2154110468670722,0.5181811771623273,0.1728613500867164,0.0702933619006643,0.0232530639832198,0.14672741396214153,0.1578440266178275,0.18158461695846817,1.0,630789.9810816925,0.0,0.18451533380362845,0.17539299158265456,0.16449997684830298,0.11065165813174754,1316.3002433100066,-1557.5144299085987,0.060619906233343096,0.08425229479229528,0.08430722000738403,0.15336533380362843,0.18451533380362845,0.06905811379624442,0.0,111.3225979044044,109.79327486622219,True,0.0,164.6899122993333,439.17309946488876,164.6899122993333,0.0,0.18451533380362845,0.17539299158265456,0.16449997684830298,False,True,1,0.0,1.678883697183003,2.0,678.8836971830029,1504.5308062143438,23714.154665510378,22209.623859296033,19820.481003969187,0.3273030941521,0.15668784534991487,3105.6284623108495,0.051284416599052876,-0.025719824458021057,0.0,False,stress_wide_capacity_with_debt_yield
2055Q4,2055-12-31,2055,4,2056,249733.5532872682,42202.03764224281,0.021446595146139558,0.10610317829394847,0.10678729734655315,-254.03550184947107,25005.002850255798,6325.919570884579,12438.248869776084,3594.540167020774,1946.6930725127972,699.6011700615699,6.084056546223911,2263.6297817639424,0.0,27274.716688565964,27020.681186716494,0.0,0.0,680570.5286804272,707591.2098671438,2.8333846235439673,-0.004068904614627484,0.4368610677987974,0.4327921631841699,707008.4458301491,582.7640369946275,142468.85275841158,342715.3755808836,114327.27611375425,457042.65169463784,92117.79812057206,15379.14325652751,0.20150940713463292,20.677410374067144,189541.02494682575,241303.38868833543,0.26808877045913093,0.34130198883975693,147996.52708544486,147996.52708544486,0,0.0,0.0,0.0,0.0,0.0,0.0,0.0,0.0,0.0,0.0,0.0,none,14803.46595617229,162799.99304161716,24757.051404952552,24757.051404952552,0.0,172753.57849039743,0.2154110468670722,0.5181811771623273,0.1728613500867164,0.0702933619006643,0.0232530639832198,0.14894517102703658,0.1603050119813416,0.184886602569995,1.0,658064.6977702584,0.0,0.18803712742214185,0.17826373525226696,0.16687260287283256,0.11264195339673158,1394.718417828444,-1648.753919677915,0.0623435315541962,0.08610317829394847,0.0861581035090381,0.15688712742214184,0.18803712742214185,0.07072902391310375,0.0,112.88905919615004,111.3225979044044,True,0.0,166.9838968566066,445.2903916176176,166.9838968566066,0.0,0.18803712742214185,0.17826373525226696,0.16687260287283256,False,True,1,0.0,1.6931497794116543,2.0,693.1497794116543,1524.509208535873,25011.086906802022,23486.57769826615,20978.363513497898,0.33601193331624946,0.15668784534991487,3287.054577897255,0.052648985843182394,-0.026408208235941054,0.0,False,stress_wide_capacity_with_debt_yield
2056Q1,2056-03-31,2056,1,2056,257636.87194572465,42429.2127822954,0.02170663626096392,0.10865972316855592,0.10863818084820723,-320.5262539032026,26393.006460417393,6697.3584549549505,13110.604789330551,3776.787311483325,2067.4393267412916,740.8165779072664,6.084056546223911,2405.9656987395106,0.0,28805.056215703127,28484.529961799926,0.0,0.0,707591.2098671438,736075.7398289436,2.8570279334241016,-0.004976403439189816,0.44721946820983566,0.4422430647706459,735492.975791949,582.7640369946275,148086.46358710763,356228.79670941964,118835.25194059008,475064.04865000973,96356.91377490455,15985.549779926963,0.20134313781536,20.755778118720407,196296.7978685185,249783.08266962782,0.2668914650845633,0.33961314504828755,154140.455620136,154140.455620136,0,0.0,0.0,0.0,0.0,0.0,0.0,0.0,0.0,0.0,0.0,0.0,none,15379.14325652751,169519.5988766635,26078.564263060416,26078.564263060416,0.0,180219.0198831964,0.2154110468670722,0.5181811771623273,0.1728613500867164,0.0702933619006643,0.0232530639832198,0.1512653248574409,0.1628344491227443,0.18821062009954573,1.0,686869.7539859615,-1.1641532182693481e-10,0.19168084458289572,0.18123149231659422,0.16932104596990777,0.11469878117087037,1426.2785492815099,-1746.8048031847125,0.06413271604872542,0.08865972316855592,0.08807213581285793,0.1605308445828957,0.19168084458289572,0.0724587087700378,0.0,114.47570817146546,112.88905919615004,True,0.0,169.33358879422508,451.5562367846002,169.33358879422508,0.0,0.19168084458289572,0.18123149231659422,0.16932104596990777,False,True,1,0.0,1.6953469370355785,2.0,695.3469370355784,1544.911854481045,26399.090516963617,24854.178662482573,22219.921814912414,0.3449804625728168,0.15668784534991487,3481.591673022196,0.054054245368351614,-0.027120416266390706,0.0,False,stress_wide_capacity_with_debt_yield
2056Q2,2056-06-30,2056,2,2056,265923.0475107384,42659.88852939209,0.021924870961302467,0.11063889234555052,0.11098078717888853,-392.4717143214225,27885.89328028055,7096.3346029177565,13830.388974182988,3971.8506850207573,2202.2312689230503,785.0877492359953,6.084056546223911,2568.8742845077686,0.0,30460.851621334543,30068.37990701312,0.0,0.0,736075.7398289436,766144.1197359568,2.8810745323043823,-0.005903538155045757,0.4581904713634042,0.45228693320835844,765561.3556989621,582.7640369946275,154010.16088157846,370478.52290427155,123588.8536092136,494067.37651348516,100858.8207602245,16624.99754367399,0.20117285144437086,20.812963254628542,203485.0102443263,259003.65853987538,0.2657984350040021,0.33831861628308485,159776.3440583957,159776.3440583957,0,0.0,0.0,0.0,0.0,0.0,0.0,0.0,0.0,0.0,0.0,0.0,none,15985.549779926963,175761.89383832266,27499.505622505352,27499.505622505352,0.0,187275.84968090107,0.2154110468670722,0.5181811771623273,0.1728613500867164,0.0702933619006643,0.0232530639832198,0.15363493743787948,0.16553107226934732,0.1919482604347365,1.0,717330.6056072961,0.0,0.19544935833782312,0.18429587497908706,0.17183996243749766,0.11682103539463137,1459.2812614431923,-1851.7529757646148,0.06598182921594345,0.09063889234555052,0.09005130498985253,0.1642993583378231,0.19544935833782312,0.07424805334797059,0.0,116.1047499615985,114.47570817146546,True,0.0,171.7135622571982,457.9028326858618,171.7135622571982,0.0,0.19544935833782312,0.18429587497908706,0.17183996243749766,False,True,1,0.0,1.7070245700279028,2.0,707.0245700279028,1565.5266291364678,27891.977336826774,26326.450707690306,23559.0509420823,0.3543739613788977,0.15668784534991487,3691.4169306037575,0.055526092456573424,-0.02785396742551753,0.0,False,stress_wide_capacity_with_debt_yield
2056Q3,2056-09-30,2056,3,2056,274622.5608335851,42895.013656334675,0.02222942144233908,0.1126858292086761,0.11295995635588313,-470.91585475371744,29482.317658711054,7525.296780452354,14601.150364083986,4180.238719718408,2342.9198038806526,832.7119905756537,6.084056546223911,2734.9808599787953,0.0,32223.38257523607,31752.466720482353,0.0,0.0,766144.1197359568,797896.5864564391,2.905429852647634,-0.006859099315428517,0.4693479294261289,0.46248883011070036,797313.8224194444,582.7640369946275,160260.84788823998,385514.8378857585,128604.85539118246,514119.69327694096,105633.5382552431,17299.74299902046,0.20100096521834943,20.8684251834863,211110.12869430476,268606.63038235914,0.26477670743709447,0.3368894691519003,166035.13452403742,166035.13452403742,0,0.0,0.0,0.0,0.0,0.0,0.0,0.0,0.0,0.0,0.0,0.0,none,16624.99754367399,182660.1320677114,29017.48586050356,29017.48586050356,0.0,195052.620384541,0.2154110468670722,0.5181811771623273,0.1728613500867164,0.0702933619006643,0.0232530639832198,0.1560787663973106,0.16823666328649242,0.19567125789698248,1.0,749553.9881825321,0.0,0.199351786732747,0.18746705254379992,0.1744427933510128,0.11901660586061327,1493.8463582019845,-1964.762212955702,0.0679137046964047,0.0926858292086761,0.092098241852979,0.168201786732747,0.199351786732747,0.076103544879768,0.0,117.76843688798681,116.1047499615985,True,0.0,174.15712494239776,464.418999846394,174.15712494239776,0.0,0.199351786732747,0.18746705254379992,0.1744427933510128,False,True,1,0.0,1.7175786062504446,2.0,717.5786062504445,1586.3474776870326,29488.401715257278,27902.054237570246,24993.85290019245,0.36404660745026185,0.15668784534991487,3916.232957923876,0.05704167852832779,-0.028617637341839548,0.0,False,stress_wide_capacity_with_debt_yield
