quarter,quarter_end,calendar_year,calendar_quarter,fiscal_year,nominal_gdp_billions_saar,real_gdp_billions_chained_saar,annual_real_gdp_growth_rate,annual_inflation_rate,annual_tips_reference_inflation_rate,primary_deficit_billions,marketable_interest_excluding_tips_inflation_billions,bills_interest_cost_billions,notes_interest_cost_billions,bonds_interest_cost_billions,tips_real_interest_cost_billions,frns_interest_cost_billions,other_public_debt_interest_billions,tips_inflation_compensation_billions,tips_deflation_floor_cost_billions,modeled_debt_interest_cost_billions,modeled_total_deficit_billions,other_financing_adjustment_billions,treasury_debt_management_adjustment_billions,beginning_debt_held_by_public_billions,debt_held_by_public_billions,debt_held_by_public_gdp_ratio,primary_deficit_gdp_ratio_annualized,modeled_interest_gdp_ratio_annualized,modeled_total_deficit_gdp_ratio_annualized,marketable_debt_billions,other_public_debt_billions,bills_outstanding_billions,notes_outstanding_billions,bonds_outstanding_billions,nominal_fixed_rate_debt_outstanding_billions,tips_outstanding_billions,frns_outstanding_billions,bill_share_of_marketable_debt,weighted_average_remaining_maturity_quarters,principal_maturing_next_four_quarters_billions,principal_maturing_next_eight_quarters_billions,share_marketable_debt_maturing_next_four_quarters,share_marketable_debt_maturing_next_eight_quarters,principal_maturing_billions,principal_refinanced_billions,treasury_buyback_operation_count,treasury_buyback_cash_limit_billions,treasury_buyback_face_value_limit_billions,treasury_buyback_cash_spent_billions,treasury_buyback_face_value_retired_billions,treasury_buyback_premium_or_discount_billions,treasury_buyback_unfilled_cash_limit_billions,treasury_buyback_unfilled_face_value_limit_billions,treasury_buyback_weighted_price_per_dollar_face,treasury_buyback_notes_retired_billions,treasury_buyback_bonds_retired_billions,treasury_buyback_financing_issuance_billions,treasury_buyback_financing_instrument,frn_principal_reset_billions,principal_repriced_or_reset_billions,net_new_borrowing_requirement_billions,genuinely_new_borrowing_billions,debt_repayment_billions,gross_treasury_issuance_billions,new_borrowing_bill_share,new_borrowing_note_share,new_borrowing_bond_share,new_borrowing_tips_share,new_borrowing_frn_share,average_effective_marketable_rate_excluding_tips_inflation,average_effective_debt_cost_rate_including_tips_inflation,average_new_issuance_stated_rate,share_marketable_debt_repriced_since_scenario_start,cumulative_modeled_interest_billions,debt_identity_residual_billions,phase_in_quarters
2026Q4,2026-12-31,2026,4,2027,32813.516450759125,24573.2,0.01902398695529306,0.02374108660242924,0.02771554138299126,-24.70446469975016,253.59837549789904,55.91196830625741,138.7066086465815,45.90202768161394,6.830451248587104,6.247319614859042,4.968063415379199,15.669722733652822,0.0,274.23616164693107,249.5316969471809,5.538,0.0,32215.665354410852,32470.73505135803,0.9895536523823809,-0.003011498598368434,0.0334296584224318,0.030418159824063366,31887.971014363404,582.7640369946275,6851.4439270382145,16481.46337436995,5498.092435352719,21979.555809722668,2317.3756703671297,739.5956072353862,0.21485982673378923,24.3385276541631,10340.698916288167,13330.629932589789,0.3242821222971625,0.41804572409405505,7665.516018009889,7665.51601800989,0,0.0,0.0,0.0,0.0,0.0,0.0,0.0,0.0,0.0,0.0,0.0,none,734.0288243174178,8399.544842327308,239.39997421352808,239.39997421352808,0.0,7904.9159922234185,0.2154110468670722,0.5181811771623273,0.1728613500867164,0.0702933619006643,0.0232530639832198,0.03238830110416606,0.034050038530013926,0.03371199785982142,0.2682028342264516,274.23616164693107,-3.637978807091713e-12,0
2027Q1,2027-03-31,2027,1,2027,33147.220203151985,24680.599999999995,0.017597408546793147,0.023296209984862815,0.026152401325720165,-26.937492370448666,258.2206607042126,56.14758298207816,142.21293351838492,46.270592728267594,7.343812635982698,6.24573883949915,4.968063415379199,15.00487105770838,0.0,278.1935951773002,251.25610280685154,5.538,0.0,32470.73505135803,32727.529154164884,0.9873385748061253,-0.0032506487367996145,0.0335706696938462,0.030320020957046587,32144.765117170256,582.7640369946275,6903.527998570483,16606.75400310289,5539.888448389306,22146.642451492196,2349.3767193958633,745.2179477117025,0.21476367842186955,24.40684115129651,10278.078655091293,13093.158008509216,0.3197434673305861,0.40731851549649223,7771.157880725285,7771.157880725286,0,0.0,0.0,0.0,0.0,0.0,0.0,0.0,0.0,0.0,0.0,0.0,none,739.5956072353862,8510.753487960672,241.78923174914314,241.78923174914314,0.0,8012.94711247443,0.2154110468670722,0.5181811771623273,0.1728613500867164,0.0702933619006643,0.0232530639832198,0.0326751546404666,0.03427007054041609,0.03356650586491338,0.299391699640849,552.4297568242313,0.0,0
2027Q2,2027-06-30,2027,2,2027,33480.81936295423,24789.999999999996,0.01784876327045648,0.022616048740021766,0.02507028033791192,-29.169820144465376,262.60826389356845,56.33278846833496,145.76141320453553,46.65481484808066,7.588128766560189,6.271118606057153,4.968063415379199,14.588439638897242,0.0,282.1647669478449,252.99494680337952,5.538,0.0,32727.529154164884,32986.062100968265,0.985222665651564,-0.003484958934636005,0.0337106166834201,0.030225657748784097,32403.298063973638,582.7640369946275,6956.076340236256,16733.16145498767,5582.0570252439975,22315.218480231666,2381.112838560554,750.8904049451533,0.21467186230558744,24.427111836060025,10245.052102619991,12867.240997123978,0.3161731278832558,0.3970966465117304,7805.7385017587785,7805.738501758778,0,0.0,0.0,0.0,0.0,0.0,0.0,0.0,0.0,0.0,0.0,0.0,none,745.2179477117025,8550.956449470481,243.94450716448227,243.94450716448227,0.0,8049.68300892326,0.2154110468670722,0.5181811771623273,0.1728613500867164,0.0702933619006643,0.0232530639832198,0.03296339187431053,0.03448653463800359,0.033568730737664504,0.3296884657484086,834.5945237720762,0.0,0
2027Q3,2027-09-30,2027,3,2027,33819.64204625321,24903.499999999993,0.01843999428756682,0.022248000239960097,0.024382592342289344,-31.43710189314706,267.0594184934474,56.55290064612076,149.20007720694386,47.10264513427748,7.91712036128286,6.286675144822409,4.968063415379199,14.38357018308257,0.0,286.4110520919092,254.97395019876214,5.538,0.0,32986.062100968265,33246.57405116703,0.9830551726626074,-0.0037182063429473692,0.033875113367575094,0.030156907024627724,32663.8100141724,582.7640369946275,7009.095112239131,16860.700548677258,5624.603109308165,22485.303657985423,2412.797600034102,756.6136439137441,0.21458290105159122,24.487114068480995,10146.109273654236,12574.83206827883,0.3106223453189316,0.38497750454777857,7893.12292475771,7893.122924757709,0,0.0,0.0,0.0,0.0,0.0,0.0,0.0,0.0,0.0,0.0,0.0,none,750.8904049451533,8644.013329702862,246.12838001567957,246.12838001567957,0.0,8139.251304773389,0.2154110468670722,0.5181811771623273,0.1728613500867164,0.0702933619006643,0.0232530639832198,0.033306347259786616,0.03473116023552286,0.03352179118234485,0.3606285608635978,1121.0055758639853,0.0,0
2027Q4,2027-12-31,2027,4,2028,34158.5183188548,25016.899999999994,0.01833909570101455,0.021945305341696475,0.024162847358085493,-13.118242242517965,272.0117421966893,56.808715884698145,153.1860929002718,47.50625761076326,8.204301078935208,6.306374722021059,5.137064986107641,14.444780915753393,0.0,291.5935880985503,278.47534585603233,2.14175,0.0,33246.57405116703,33527.191147023055,0.98151772375082,-0.0015361605699714398,0.034145929325932925,0.032609768755961485,32944.42711002843,582.7640369946275,7066.431569247448,16998.62603216103,5670.614015024448,22669.240047185478,2445.952527811889,762.8029657836122,0.21449550619432065,24.38898368283138,10062.63450917027,12460.4083661346,0.3054426921907881,0.3782250735312254,7742.572250136809,7742.572250136809,0,0.0,0.0,0.0,0.0,0.0,0.0,0.0,0.0,0.0,0.0,0.0,none,756.6136439137441,8499.185894050554,266.17231494027897,266.17231494027897,0.0,8008.744565077088,0.2154110468670722,0.5181811771623273,0.1728613500867164,0.0702933619006643,0.0232530639832198,0.03357901566177699,0.03508254265835426,0.0332519883196962,0.3852585719543173,1412.5991639625356,-7.275957614183426e-12,0
2028Q1,2028-03-31,2028,1,2028,34499.59871590287,25131.59999999999,0.018466116274653555,0.0216767083117837,0.023850744937782276,-15.400631814345388,276.5941607941056,57.13209923736562,156.86619725184667,47.9033095800053,8.349848064397458,6.342706660490734,5.137064986107641,14.455789360077278,0.0,296.18701514029055,280.78638332594517,2.14175,0.0,33527.191147023055,33810.119280349,0.9800148563688641,-0.0017856012692978186,0.034340922928330846,0.03255532165903303,33227.355243354374,582.7640369946275,7124.263477915993,17137.743347392796,5717.022506863334,22854.76585425613,2479.28014080668,769.0457703755756,0.21440958588905082,24.3209726620164,9945.327332795005,12294.626487168496,0.2993114336051202,0.37001519973900054,7871.900076980691,7871.900076980691,0,0.0,0.0,0.0,0.0,0.0,0.0,0.0,0.0,0.0,0.0,0.0,none,762.8029657836122,8634.703042764302,268.4723439658679,268.4723439658679,0.0,8140.372420946558,0.2154110468670722,0.5181811771623273,0.1728613500867164,0.0702933619006643,0.0232530639832198,0.03387446149212432,0.035336931607715616,0.03316021659294633,0.41150956356010593,1708.7861791028263,-7.275957614183426e-12,0
2028Q2,2028-06-30,2028,2,2028,34836.751701773224,25242.599999999988,0.017784392025415263,0.02150065998978512,0.023590801926968608,-17.65674053745255,281.4262458833054,57.45718494939248,160.58215054031533,48.40104065497734,8.604712458928905,6.381157279691318,5.137064986107641,14.494448678987363,0.0,301.0577595484004,283.40101901094783,2.14175,0.0,33810.119280349,34095.66204935995,0.9787267866201327,-0.002027369335534668,0.0345678336632145,0.03254046432767983,33512.898012365324,582.7640369946275,7182.650280350262,17278.195485090284,5763.876285454653,23042.071770544935,2512.827487159329,775.3484743107988,0.2143249526704633,24.256443578368646,9810.942001269186,12171.869178999139,0.2927512266366586,0.36319954109931224,7941.451118878365,7941.451118878366,0,0.0,0.0,0.0,0.0,0.0,0.0,0.0,0.0,0.0,0.0,0.0,none,769.0457703755756,8710.496889253942,271.0483203319605,271.0483203319605,0.0,8212.499439210327,0.2154110468670722,0.5181811771623273,0.1728613500867164,0.0702933619006643,0.0232530639832198,0.034145868852123194,0.03561747381629383,0.033105741307796144,0.43761195468123776,2009.8439386512266,0.0,0
2028Q3,2028-09-30,2028,3,2028,35168.71769035311,25350.699999999986,0.01724012308766243,0.02106182624872388,0.023346411992499982,-19.878139706368586,286.1195021383201,57.80237813111855,164.40756160573716,48.90471877483403,8.583019888151378,6.4218237384791905,5.137064986107641,14.539694818622202,0.0,305.79626194304996,285.91812223668137,2.14175,0.0,34095.66204935995,34383.72192159663,0.977679147256148,-0.0022608887684092303,0.03478048470637653,0.03251959593796729,33800.95788460201,582.7640369946275,7241.569548107153,17419.928492602423,5811.157352599098,23231.08584520152,2546.5938347963315,781.7086564970026,0.21424154820789984,24.16708165356871,9676.446755716992,12082.255802711014,0.28627729393802437,0.3574530592878574,7967.369554688552,7967.369554688551,0,0.0,0.0,0.0,0.0,0.0,0.0,0.0,0.0,0.0,0.0,0.0,none,775.3484743107988,8742.71802899935,273.5201774180592,273.5201774180592,0.0,8240.88973210661,0.2154110468670722,0.5181811771623273,0.1728613500867164,0.0702933619006643,0.0232530639832198,0.03441858699979796,0.035875093025071844,0.03311359699865893,0.4623701697747615,2315.6402005942764,0.0,0
2028Q4,2028-12-31,2028,4,2029,35502.9460537084,25460.399999999983,0.01742186418178404,0.020775810233577552,0.02309377715644856,-63.76842788837254,290.88574678514914,58.1679073951707,168.05396857522967,49.37625048954267,8.822889735975805,6.46473058923021,5.268186894431433,14.576979017097708,0.0,310.7309126966783,246.96248480830573,-2.42575,0.0,34383.72192159663,34628.25865640494,0.9753629629501663,-0.00718457874362364,0.03500902851573033,0.027824449772106692,34045.49461941031,582.7640369946275,7291.105419839434,17539.089309558272,5850.908506450778,23389.99781600905,2577.3354581498497,787.0559254119813,0.21415771752901971,23.90624870883823,9695.084629390829,11889.648013236096,0.2847685057236144,0.34922823551688004,7833.811367773244,7833.8113677732445,0,0.0,0.0,0.0,0.0,0.0,0.0,0.0,0.0,0.0,0.0,0.0,none,781.7086564970026,8615.520024270247,229.95975579120804,229.95975579120804,0.0,8063.771123564453,0.2154110468670722,0.5181811771623273,0.1728613500867164,0.0702933619006643,0.0232530639832198,0.034609628726429746,0.036148606995510424,0.03281433379678528,0.4806030085359582,2626.371113290955,7.275957614183426e-12,0
2029Q1,2029-03-31,2029,1,2029,35840.4078533226,25572.199999999983,0.017680562926939647,0.020522825130940392,0.02297286568423096,-66.02660308400255,294.6160527195629,58.47466546711226,170.9613526965918,49.77815829999,8.902761951779402,6.499114304089415,5.268186894431433,14.676359328640215,0.0,314.56059894263456,248.533995858632,-2.42575,0.0,34628.25865640494,34874.36690226357,0.9730460391239809,-0.007368956665249726,0.035106810193676195,0.027737853528426473,34291.60286526894,582.7640369946275,7340.958404795281,17659.01295695328,5890.914134809468,23549.927091762747,2608.279942833697,792.4374258772203,0.2140745194570743,23.682205170470308,9696.042167744274,11753.55658649652,0.28275266705495916,0.34275319916295605,7921.591048940158,7921.591048940157,0,0.0,0.0,0.0,0.0,0.0,0.0,0.0,0.0,0.0,0.0,0.0,none,787.0559254119813,8708.646974352137,231.4318865299918,231.4318865299918,0.0,8153.022935470149,0.2154110468670722,0.5181811771623273,0.1728613500867164,0.0702933619006643,0.0232530639832198,0.034786824668786555,0.03633571090753679,0.03273246794603876,0.49960407970642384,2940.931712233589,0.0,0
2029Q2,2029-06-30,2029,2,2029,36178.04858394721,25682.99999999998,0.01744428695602207,0.020418069374665837,0.022841686194156274,-68.28597562276858,298.2654242461543,58.782724426398026,173.64862205990164,50.182646648847324,9.117784534649706,6.5336465763576825,5.268186894431433,14.768471892212139,0.0,318.30208303279784,250.01610741002926,-2.42575,0.0,34874.36690226357,35121.957259673596,0.9708085050020576,-0.007549989929867934,0.03519284157012644,0.027642851640258505,34539.19322267897,582.7640369946275,7391.11081088824,17779.656875660054,5931.160040269813,23710.816915929867,2639.4142477830064,797.8512480778599,0.2139919934793127,23.442148117647672,9757.053202684623,11564.213340722554,0.28249221514178247,0.3348142287564873,7965.968965402591,7965.968965402591,0,0.0,0.0,0.0,0.0,0.0,0.0,0.0,0.0,0.0,0.0,0.0,none,792.4374258772203,8758.40639127981,232.82188551781715,232.82188551781715,0.0,8198.790850920408,0.2154110468670722,0.5181811771623273,0.1728613500867164,0.0702933619006643,0.0232530639832198,0.03485281220625464,0.03650842854579682,0.03262831198669549,0.5182778660571844,3259.233795266387,-7.275957614183426e-12,0
2029Q3,2029-09-30,2029,3,2029,36519.26990879109,25795.399999999983,0.017620997896754975,0.020285549943514614,0.02275805762511629,-70.56930823363999,300.98925804214565,59.09193093305148,175.7547786676012,50.618006731164606,8.954236682407268,6.570305027921156,5.268186894431433,14.89050156065654,0.0,321.14794649723365,250.57863826359366,-2.42575,0.0,35121.957259673596,35370.1101479372,0.9685327838227878,-0.007729542064766439,0.03517572473922053,0.027446182674454093,34787.34611094257,582.7640369946275,7441.358105802631,17900.529053789476,5971.4820913597305,23872.011145149205,2670.7015467099864,803.2753132807417,0.21390991086445388,23.177027131966316,9852.266475637916,11466.587882966478,0.28321408722060654,0.3296195072310961,7982.153808719315,7982.153808719315,0,0.0,0.0,0.0,0.0,0.0,0.0,0.0,0.0,0.0,0.0,0.0,none,797.8512480778599,8780.005056797174,233.2623867029371,233.2623867029371,0.0,8215.416195422253,0.2154110468670722,0.5181811771623273,0.1728613500867164,0.0702933619006643,0.0232530639832198,0.03502367851564055,0.03657517650543581,0.032659969058941196,0.5357297975200224,3580.3817417636205,1.4551915228366852e-11,0
2029Q4,2029-12-31,2029,4,2030,36865.49983791807,25910.199999999983,0.017920813193843088,0.020183196343088072,0.022686563355431177,-54.48940665569293,304.6411508463834,59.419244474833825,178.3164669404305,51.00401958785837,9.2924722032435,6.608947640017304,5.3789120614604125,15.020074453013407,0.0,325.0401373608573,270.55073070516437,-5.94,0.0,35370.1101479372,35634.72087864236,0.9666143422797217,-0.005912238477195176,0.035267677236431955,0.029355438759236786,35051.956841647734,582.7640369946275,7495.1226903541465,18029.862233854932,6014.626669168507,24044.48890302344,2703.266187489955,809.0790607801869,0.21382893754589632,22.871899061844825,9693.608766469908,11342.647437098713,0.2765497176166849,0.3235952699685429,8002.365658747312,8002.365658747312,0,0.0,0.0,0.0,0.0,0.0,0.0,0.0,0.0,0.0,0.0,0.0,none,803.2753132807417,8805.640972028054,249.59065625215092,249.59065625215092,0.0,8251.956314999463,0.2154110468670722,0.5181811771623273,0.1728613500867164,0.0702933619006643,0.0232530639832198,0.03511180584848189,0.03675873623252641,0.032610592138505194,0.5522604666336437,3905.421879124478,-7.275957614183426e-12,0
2030Q1,2030-03-31,2030,1,2030,37214.787548312044,26025.99999999998,0.017997333864965714,0.02008187040489151,0.022638322874940497,-56.82671667019477,307.7287662766503,59.792341262300205,180.41238871272301,51.47159894986099,9.403830169805053,6.6486071819611645,5.3789120614604125,15.171160236011362,0.0,328.27883857412206,271.45212190392726,-5.94,0.0,35634.72087864236,35900.233000546286,0.9646765537473724,-0.006107971633203347,0.0352847736290798,0.029176801995876453,35317.468963551655,582.7640369946275,7549.048898980742,18159.584208063963,6057.9009457844295,24217.485153848393,2736.03465554305,814.9002551794719,0.21374829851967914,22.579758695117487,9610.538684566938,11270.12637939453,0.2721185568106596,0.3191091182390655,8076.45286380678,8076.452863806781,0,0.0,0.0,0.0,0.0,0.0,0.0,0.0,0.0,0.0,0.0,0.0,none,809.0790607801869,8885.531924586969,250.3409616679159,250.3409616679159,0.0,8326.793825474697,0.2154110468670722,0.5181811771623273,0.1728613500867164,0.0702933619006643,0.0232530639832198,0.035253063523711756,0.03684932341040176,0.03257632044140427,0.5689650372578681,4233.7007176986,0.0,0
2030Q2,2030-06-30,2030,2,2030,37564.73739844506,26141.29999999998,0.017838848225115722,0.01995316485744958,0.022612820884429397,-59.168457490009814,311.31264945946907,60.14704710262887,182.75954138655175,51.94090847976067,9.772784144866506,6.692368345661414,5.3789120614604125,15.337908775593649,0.0,332.02947029652313,272.8610128065133,-5.94,0.0,35900.233000546286,36167.1540133528,0.9627953372795278,-0.006300425514749799,0.03535544164994131,0.029055016135191514,35584.38997635817,582.7640369946275,7603.242678794109,18289.94983706486,6101.389940806222,24391.339777871082,2769.0571864983817,820.7503331945999,0.213667922475153,22.352434842064294,9413.073520447288,11089.503519129905,0.2645281688600315,0.31163955674096516,8184.7937564618505,8184.793756461851,0,0.0,0.0,0.0,0.0,0.0,0.0,0.0,0.0,0.0,0.0,0.0,none,814.9002551794719,8999.694011641323,251.58310403091969,251.58310403091969,0.0,8436.376860492772,0.2154110468670722,0.5181811771623273,0.1728613500867164,0.0702933619006643,0.0232530639832198,0.03541152683517406,0.03699468694718173,0.03261610530731377,0.5868641455148633,4565.730187995123,7.275957614183426e-12,0
2030Q3,2030-09-30,2030,3,2030,37917.82965732295,26257.099999999977,0.017837173553037378,0.019938881222312688,0.022609552821165613,-61.531226199471405,315.0735114873163,60.540819829898105,185.5450039454869,52.33712039458606,9.91631083348358,6.734256483861692,5.3789120614604125,15.520804704007544,0.0,335.9732282527843,274.4420020533129,-5.94,0.0,36167.1540133528,36435.656015406115,0.9609109050989528,-0.0064910071863871115,0.035442242479497905,0.028951235293110795,35852.891978411484,582.7640369946275,7657.737623352808,18421.03993170726,6145.120612126577,24566.160543833837,2802.3608900617273,826.6329211631147,0.213587724749341,22.099016776864424,9274.792967837906,10943.425915690004,0.2586902326714019,0.30523133035626515,8239.342832330594,8239.342832330594,0,0.0,0.0,0.0,0.0,0.0,0.0,0.0,0.0,0.0,0.0,0.0,none,820.7503331945999,9060.093165525193,252.98119734930532,252.98119734930532,0.0,8492.3240296799,0.2154110468670722,0.5181811771623273,0.1728613500867164,0.0702933619006643,0.0232530639832198,0.035633876982692554,0.037157828689395246,0.03258323045436604,0.6045321460750007,4901.703416247907,0.0,0
2030Q4,2030-12-31,2030,4,2031,38272.713722319015,26372.999999999978,0.01777342391157455,0.019839987430776862,0.02260563078501021,-71.77948504273795,319.44853682184504,60.9173027937716,188.48224618941526,52.812035485125115,10.458562399995476,6.77838995353754,5.499835599136797,15.704772785781882,0.0,340.6531452067637,268.87366016402575,-9.2495,0.0,36435.656015406115,36695.28017557014,0.9587843820484309,-0.007501896579743099,0.03560271661720286,0.028100820037459753,36112.51613857551,582.7640369946275,7710.280553939131,18547.43436699163,6187.284846741105,24734.719213732737,2835.2115766190777,832.3047942845687,0.21350715426065212,21.60108262126666,9362.06608010447,11734.966078199108,0.25924712762132573,0.32495564787477593,8005.04276610142,8005.04276610142,0,0.0,0.0,0.0,0.0,0.0,0.0,0.0,0.0,0.0,0.0,0.0,none,826.6329211631147,8831.675687264535,243.91938737824387,243.91938737824387,0.0,8248.962153479664,0.2154110468670722,0.5181811771623273,0.1728613500867164,0.0702933619006643,0.0232530639832198,0.03576404688698984,0.0373977781613401,0.032374256124465824,0.6140651882802918,5242.356561454671,-7.275957614183426e-12,0
2031Q1,2031-03-31,2031,1,2031,38631.20724469732,26489.69999999998,0.01781775002184327,0.01982598390139856,0.02258993228072148,-74.17839710020408,322.9393401270362,61.2967304038161,190.95707471289046,53.27014989421196,10.592566564969871,6.822818551147754,5.499835599136797,15.877929834572834,0.0,344.31710556074586,270.1387084605418,-9.2495,0.0,36695.28017557014,36956.16938403068,0.9566402921333359,-0.0076806708763041435,0.035651705459762276,0.027971034583458138,36373.40534703605,582.7640369946275,7763.058689962191,18674.394599768082,6229.637827150862,24904.032426918944,2868.3121729318505,838.0020572230688,0.21342677750118266,21.220805427261627,9425.543114939108,12542.457766128666,0.2591328203947548,0.3448249523645635,8154.9757356985065,8154.975735698507,0,0.0,0.0,0.0,0.0,0.0,0.0,0.0,0.0,0.0,0.0,0.0,none,832.3047942845687,8987.280529983076,245.01127862596888,245.01127862596888,0.0,8399.987014324477,0.2154110468670722,0.5181811771623273,0.1728613500867164,0.0702933619006643,0.0232530639832198,0.03592839792142756,0.037532576823323976,0.03229807535910827,0.6260396275049027,5586.673667015417,0.0,0
2031Q2,2031-06-30,2031,2,2031,38992.312000821,26606.499999999975,0.017754036595319045,0.019811706497828263,0.02259593162071094,-76.59478261179319,326.7651873309007,61.69690893847451,193.40402573570498,53.68411196497038,11.116903843093848,6.863236848656935,5.499835599136797,16.067532382545004,0.0,348.3325553125825,271.73777270078926,-9.2495,0.0,36956.16938403068,37218.65765673146,0.95451271665932,-0.00785742405940745,0.03573346000157653,0.02787603594216908,36635.89361973684,582.7640369946275,7816.140439603903,18802.0851890634,6272.234449011642,25074.31963807504,2901.7014475934157,843.7320944644815,0.21334652078455424,20.751629614445683,9495.714956517848,13385.938935972603,0.2591915746638762,0.3653777105838413,8146.141924887415,8146.141924887415,0,0.0,0.0,0.0,0.0,0.0,0.0,0.0,0.0,0.0,0.0,0.0,none,838.0020572230688,8984.143982110485,246.42074031824427,246.42074031824427,0.0,8392.56266520566,0.2154110468670722,0.5181811771623273,0.1728613500867164,0.0702933619006643,0.0232530639832198,0.03603847411641199,0.03770223603998332,0.03237902297208387,0.6362499740888193,5935.006222327999,-1.4551915228366852e-11,0
2031Q3,2031-09-30,2031,3,2031,39355.30429460343,26722.899999999972,0.017614655473791707,0.019797160110517797,0.022579104221777335,-79.02379885885117,330.12120353454435,62.060155090454984,195.76496185768272,54.14745671926101,11.255338655370831,6.893291211774813,5.499835599136797,16.242566109134334,0.0,351.8636052428155,272.8398063839643,-9.2495,0.0,37218.65765673146,37482.24796311543,0.952406508727088,-0.008031832077048608,0.035762763017544705,0.027730930940496095,36899.4839261208,582.7640369946275,7869.421875276709,18930.256132287454,6314.991313336448,25245.2474456239,2935.330917924999,849.483687295197,0.21326644814417087,20.35063478228886,9541.150288541656,14241.179395164676,0.2585713748095963,0.3859452187374219,8260.217596421415,8260.217596421415,0,0.0,0.0,0.0,0.0,0.0,0.0,0.0,0.0,0.0,0.0,0.0,none,843.7320944644815,9103.949690885896,247.34774027482996,247.34774027482996,0.0,8507.565336696245,0.2154110468670722,0.5181811771623273,0.1728613500867164,0.0702933619006643,0.0232530639832198,0.03620948612534602,0.03781582973658659,0.032183583791286635,0.647975963085084,6286.869827570815,0.0,0
2031Q4,2031-12-31,2031,4,2032,39720.68513087373,26839.599999999966,0.017582923791722438,0.019727225080271582,0.0225727995952707,-73.55404838877553,334.0788979667488,62.32582125219154,198.36825431034336,54.612651403114896,11.846755240424967,6.9254157606740945,5.6120176762582625,16.426260735497536,0.0,356.1171763785046,282.5631279897291,-11.316,0.0,37482.24796311543,37753.49509110516,0.9504744182209602,-0.007407127862616257,0.035862138349844835,0.02845501048722858,37170.73105411053,582.7640369946275,7924.3131050555185,19062.299509246775,6359.039992480282,25421.33950172706,2969.6693941022395,855.4090532257192,0.21318690486662373,19.88303362873851,10300.324785060662,14983.046176019987,0.27710848005830646,0.40308720735701226,8250.765046503533,8250.765046503535,0,0.0,0.0,0.0,0.0,0.0,0.0,0.0,0.0,0.0,0.0,0.0,none,849.483687295197,9100.248733798731,254.82086725423156,254.82086725423156,0.0,8505.585913757766,0.2154110468670722,0.5181811771623273,0.1728613500867164,0.0702933619006643,0.0232530639832198,0.03631341412700821,0.03800382268736318,0.03223330869359232,0.6578830975457844,6642.98700394932,0.0,0
2032Q1,2032-03-31,2032,1,2032,40089.031498890115,26956.799999999967,0.017581469158450158,0.01968526656714742,0.02257678241908323,-76.01889220993081,337.502951666998,62.62188431270123,200.836188465188,55.09212127559553,11.991866442888782,6.9608911706242695,5.6120176762582625,16.621328412803802,0.0,359.7362977560601,283.71740554612927,-11.316,0.0,37753.49509110516,38025.89649665129,0.9485361724865828,-0.007585006608307355,0.03589373794335935,0.028308731335051997,37443.13245965666,582.7640369946275,7979.4109592385485,19194.839930710394,6403.254481938833,25598.094412649225,3004.2703640439568,861.3567237249333,0.213107462839441,19.491107357662127,11099.327168444228,15746.185664714994,0.2964315867643624,0.4205360136917182,8380.527800019572,8380.527800019572,0,0.0,0.0,0.0,0.0,0.0,0.0,0.0,0.0,0.0,0.0,0.0,none,855.4090532257192,9235.936853245292,255.78007713332548,255.78007713332548,0.0,8636.307877152898,0.2154110468670722,0.5181811771623273,0.1728613500867164,0.0702933619006643,0.0232530639832198,0.03643079332749397,0.038114224591705693,0.032058203099844765,0.6694923422429027,7002.7233017053795,0.0,0
2032Q2,2032-06-30,2032,2,2032,40460.63202228239,27074.499999999967,0.017579698909776065,0.01967074272996472,0.02256916678199805,-78.50551168972646,341.0773521359482,62.93760394099385,203.07567074331553,55.573617065799155,12.494090397383896,6.996369988455771,5.6120176762582625,16.8093661799617,0.0,363.4987359921682,284.9932243024417,-11.316,0.0,38025.89649665129,38299.57372095373,0.9465886172974627,-0.007761175025292939,0.035936041314627305,0.02817486628933437,37716.80968395911,582.7640369946275,8034.743133463215,19327.94401980747,6447.657006687768,25775.60102649524,3039.135835535572,867.3296884650879,0.21302817499117313,19.036991406667553,11927.747522586242,16546.04661274712,0.31624486860189266,0.43869157416524873,8379.087273136603,8379.087273136603,0,0.0,0.0,0.0,0.0,0.0,0.0,0.0,0.0,0.0,0.0,0.0,none,861.3567237249333,9240.443996861537,256.8678581224801,256.8678581224801,0.0,8635.955131259083,0.2154110468670722,0.5181811771623273,0.1728613500867164,0.0702933619006643,0.0232530639832198,0.03647793213963403,0.038236966854856856,0.03209470986662672,0.6793505095309651,7366.222037697547,0.0,0
2032Q3,2032-09-30,2032,3,2032,40836.05204124299,27192.699999999968,0.017577617243731636,0.01971028327301072,0.022571739816290792,-81.01768988509247,344.0170631316045,63.25351531818915,205.07497892152603,56.0573825729388,12.597142545498684,7.034043773451865,5.6120176762582625,17.006366485405014,0.0,366.6354472932678,285.61775740817535,-11.316,0.0,38299.57372095373,38573.87547836191,0.9446034459796367,-0.007935898387362953,0.03591291801890925,0.027977019631546297,37991.111441367284,582.7640369946275,8090.1674029759615,19461.26964835427,6492.133435333768,25953.40308368804,3074.228360050482,873.3125946528028,0.21294895295342273,18.627397969555634,12792.90294606738,17393.73963637407,0.3367341059713669,0.45783708284550456,8471.569358315426,8471.569358315426,0,0.0,0.0,0.0,0.0,0.0,0.0,0.0,0.0,0.0,0.0,0.0,none,867.3296884650879,9338.899046780514,257.29539092277037,257.29539092277037,0.0,8728.864749238197,0.2154110468670722,0.5181811771623273,0.1728613500867164,0.0702933619006643,0.0232530639832198,0.036534243859854404,0.03829133451609998,0.03193778391679083,0.6900493419908473,7732.8574849908155,0.0,0
2032Q4,2032-12-31,2032,4,2033,41216.34791573707,27311.899999999965,0.017649746885700424,0.0197758101815233,0.02257356533731114,-26.71249558388493,347.05690064634825,63.58871578739106,207.00400643409967,56.542175645180194,12.84817076298944,7.073832016687701,5.6542680689403735,17.20411661411026,0.0,369.9152853293989,343.202789745514,-14.7595,0.0,38573.87547836191,38902.31876810742,0.943856521389026,-0.002592417517291547,0.03589986051997191,0.03330744300268036,38319.554731112796,582.7640369946275,8157.211759086239,19622.547929466527,6545.9346590011355,26168.48258846766,3113.3105244991816,880.5498590597118,0.21287334407524194,18.694546975536404,12842.654754951122,17340.94123175856,0.33514624178353997,0.45253503996691613,9175.009792137755,9175.009792137753,0,0.0,0.0,0.0,0.0,0.0,0.0,0.0,0.0,0.0,0.0,0.0,none,873.3125946528028,10048.322386790556,311.23917313140373,311.23917313140373,0.0,9486.248965269157,0.2154110468670722,0.5181811771623273,0.1728613500867164,0.0702933619006643,0.0232530639832198,0.03661415571318261,0.03835915170482713,0.03292131227455422,0.7181397854581103,8102.7727703202145,0.0,0
2033Q1,2033-03-31,2033,1,2033,41600.43694465073,27431.899999999965,0.017690923464234398,0.019759214646802636,0.022564008293708637,-29.282683732582115,350.82533849564095,64.03411230882698,209.5202045674476,57.12887798927284,13.016293895652728,7.125849734440718,5.6542680689403735,17.415514708119698,0.0,373.89512127270103,344.6124375401189,-14.7595,0.0,38902.31876810742,39232.171705647546,0.9430711450902749,-0.0028156130928665623,0.035951076357218795,0.033135463264352225,38649.407668652915,582.7640369946275,8224.51423141893,19784.447121019173,6599.943013729489,26384.39013474866,3152.6883160417415,887.8149864435766,0.21279793734302235,18.855643834510037,12874.102724992741,17302.472583008766,0.33309961268654686,0.4476775616160905,9357.962122738054,9357.962122738054,0,0.0,0.0,0.0,0.0,0.0,0.0,0.0,0.0,0.0,0.0,0.0,none,880.5498590597118,10238.511981797767,312.43742283199924,312.43742283199924,0.0,9670.399545570053,0.2154110468670722,0.5181811771623273,0.1728613500867164,0.0702933619006643,0.0232530639832198,0.03671731796552546,0.038444507485679714,0.0328379482163825,0.7486540078594506,8476.667891592915,7.275957614183426e-12,0
2033Q2,2033-06-30,2033,2,2033,41988.19529528469,27552.599999999962,0.017716447921211298,0.01974238719039123,0.022564493843014066,-31.87742568648943,354.84055099954514,64.50075285990296,212.18276199537246,57.71810913935918,13.263162376980253,7.1757646279302065,5.6542680689403735,17.636166063638875,0.0,378.1309851321244,346.253559445635,-14.7595,0.0,39232.171705647546,39563.665765093174,0.9422568768878763,-0.0030367988395128085,0.03602259944471477,0.03298580060520196,38980.90172809855,582.7640369946275,8292.12268879984,19947.082373673547,6654.196912914874,26601.279286588422,3192.3866085902614,895.1131441200267,0.21272270063528675,18.968479073578877,12913.166908929554,17228.53345238345,0.33126906604167583,0.4419737022133747,9396.518205110191,9396.518205110191,0,0.0,0.0,0.0,0.0,0.0,0.0,0.0,0.0,0.0,0.0,0.0,none,887.8149864435766,10284.333191553767,313.85789338199606,313.85789338199606,0.0,9710.376098492186,0.2154110468670722,0.5181811771623273,0.1728613500867164,0.0702933619006643,0.0232530639832198,0.0368026950409593,0.03855315356684083,0.03293924138816438,0.7779915412037376,8854.798876725039,-7.275957614183426e-12,0
2033Q3,2033-09-30,2033,3,2033,42379.52583009044,27674.099999999962,0.017756007302464516,0.019698696995388953,0.022564267205522626,-34.496071435434175,358.7208175604558,64.94805096002474,214.79791773825735,58.310154814219686,13.434417626324374,7.230276421629515,5.6542680689403735,17.858060783214402,0.0,382.2331464126106,347.73707497717646,-14.7595,0.0,39563.665765093174,39896.64334007035,0.9414131602138601,-0.0032559185842462794,0.03607715177796692,0.03282123319372065,39313.87930307573,582.7640369946275,8360.002913240605,20110.371374485392,6708.668897577112,26819.040272062506,3232.3954794266756,902.4406383459399,0.21264762118213448,19.144645290040216,12963.762779499537,17075.154948782056,0.32975028181676574,0.4343289253433247,9539.30663151997,9539.30663151997,0,0.0,0.0,0.0,0.0,0.0,0.0,0.0,0.0,0.0,0.0,0.0,none,895.1131441200267,10434.419775639997,315.119514193962,315.119514193962,0.0,9854.426145713933,0.2154110468670722,0.5181811771623273,0.1728613500867164,0.0702933619006643,0.0232530639832198,0.036858268916104345,0.03864486659877235,0.03283594203501496,0.8087509054383382,9237.03202313765,0.0,0
2033Q4,2033-12-31,2033,4,2034,42774.423913041785,27796.199999999968,0.017765412373738743,0.019681678339410258,0.022563340221916306,-57.54408995676624,362.3291737071937,65.43792280339083,217.12048363925638,58.904852706769674,13.58321860632503,7.282695951451736,5.687777001067564,18.081131865169063,0.0,386.09808257343036,328.5539926166641,-17.2085,0.0,39896.64334007035,40207.98883268701,0.9400007096396622,-0.005381167968386944,0.03610550859629091,0.03072434062790396,39625.22479569239,582.7640369946275,8423.175296198888,20262.335446159363,6759.362970908934,27021.698417068295,3271.091149134716,909.2599332904924,0.2125710412907124,19.157786676232295,12924.400974768641,16838.09281112092,0.3261659975787352,0.42493368549801563,9426.86662544395,9426.86662544395,0,0.0,0.0,0.0,0.0,0.0,0.0,0.0,0.0,0.0,0.0,0.0,none,902.4406383459399,10329.30726378989,293.264360751495,293.264360751495,0.0,9720.130986195445,0.2154110468670722,0.5181811771623273,0.1728613500867164,0.0702933619006643,0.0232530639832198,0.03689630937117509,0.03870983122889952,0.0327470319334272,0.8129817901824099,9623.13010571108,-7.275957614183426e-12,0
2034Q1,2034-03-31,2034,1,2034,43170.439807305294,27917.299999999963,0.01754105922100746,0.019664438509282567,0.022572136924965847,-60.19408847666824,365.5781067941961,65.8692308162753,219.1672138310025,59.45855872273649,13.74992206219404,7.333181361987799,5.687777001067564,18.30465910652237,0.0,389.57054290178604,329.3764544251178,-17.2085,0.0,40207.98883268701,40520.15678711214,0.9386088482762068,-0.0055773430843280136,0.03609604577953482,0.030518702695206804,39937.392750117506,582.7640369946275,8486.476696279275,20414.60987445235,6810.160576878638,27224.770451330987,3310.0524472083885,916.0931552988555,0.21249450982886972,19.25017691529368,12917.950917073202,16602.11574596183,0.3234550386876518,0.41570354504208296,9588.826407057431,9588.826407057431,0,0.0,0.0,0.0,0.0,0.0,0.0,0.0,0.0,0.0,0.0,0.0,none,909.2599332904924,10498.086340347923,293.8632953185954,293.8632953185954,0.0,9882.689702376027,0.2154110468670722,0.5181811771623273,0.1728613500867164,0.0702933619006643,0.0232530639832198,0.036928249671112946,0.03875553632118853,0.03265181678783987,0.8189979485751434,10012.700648612865,7.275957614183426e-12,0
2034Q2,2034-06-30,2034,2,2034,43571.60204462971,28039.99999999996,0.017696739357757174,0.019646981729401825,0.022559374014152977,-62.878524507013196,368.7771236119642,66.32181538142231,221.1769102656115,60.01364956197043,13.881037571251142,7.383710831708775,5.687777001067564,18.51229597158261,0.0,392.9771965846144,330.0986720776012,-17.2085,0.0,40520.15678711214,40833.04695918974,0.9371481663071533,-0.0057724317267570475,0.036076451463234606,0.030304019736477558,40250.28292219511,582.7640369946275,8549.888942745778,20567.150948823517,6861.047133977984,27428.1980828015,3349.2575537606403,922.9383428871932,0.21241810794902846,19.297674754282387,12868.377037743678,16309.189949919024,0.31970898347767146,0.4051944176751535,9629.244479531006,9629.244479531008,0,0.0,0.0,0.0,0.0,0.0,0.0,0.0,0.0,0.0,0.0,0.0,none,916.0931552988555,10545.337634829863,294.37787610601856,294.37787610601856,0.0,9923.622355637026,0.2154110468670722,0.5181811771623273,0.1728613500867164,0.0702933619006643,0.0232530639832198,0.03695578647814705,0.03879325528272436,0.03277112879631326,0.8235454701243029,10405.677845197479,7.275957614183426e-12,0
2034Q3,2034-09-30,2034,3,2034,43977.58425017203,28163.69999999996,0.01776333439337474,0.01968155262857385,0.022566712808094413,-65.59521406260421,371.9460726927906,66.77463264284452,223.1151641878968,60.569966847459035,14.049733316776726,7.436575697813558,5.687777001067564,18.737603236769097,0.0,396.37145293062724,330.77623886802303,-17.2085,0.0,40833.04695918974,41146.61469805776,0.9356269881490091,-0.005966240772977212,0.03605213516739057,0.03008589439441336,40563.85066106314,582.7640369946275,8613.398610910068,20719.926375567848,6912.011869269452,27631.9382448373,3388.7197584205587,929.794046895208,0.21234173951779162,19.41921684412258,12727.569365004869,15921.428545312285,0.31376630072307077,0.39250288830678287,9780.620637976474,9780.620637976472,0,0.0,0.0,0.0,0.0,0.0,0.0,0.0,0.0,0.0,0.0,0.0,none,922.9383428871932,10703.558980863665,294.83013563125394,294.83013563125394,0.0,10075.450773607725,0.2154110468670722,0.5181811771623273,0.1728613500867164,0.0702933619006643,0.0232530639832198,0.03699681934605318,0.03882849627428269,0.03267095955881936,0.8296326958465106,10802.049298128106,0.0,0
2034Q4,2034-12-31,2034,4,2035,44387.20338625174,28287.799999999956,0.0177423648279893,0.01968916041410429,0.02257322550837304,-107.0329906730475,375.2577508648906,67.24910965468035,225.19175721763625,61.12739363970947,14.202323790241024,7.487166562623663,5.709630652454863,18.963802523351763,0.0,399.93118404069725,292.89819336764975,-17.416,0.0,41146.61469805776,41422.09689142542,0.9331990693573473,-0.00964539169018243,0.03604022362576416,0.02639483193558173,40839.33285443079,582.7640369946275,8668.655506022495,20852.84937729933,6956.3539846328695,27809.203361932203,3425.7151010257035,935.758885450383,0.2122624171389226,19.321178601105498,12587.205445997773,15751.370813687567,0.30821280775726845,0.38569118819429127,9576.987197439372,9576.987197439372,0,0.0,0.0,0.0,0.0,0.0,0.0,0.0,0.0,0.0,0.0,0.0,none,929.794046895208,10506.78124433458,256.518390844298,256.518390844298,0.0,9833.50558828367,0.2154110468670722,0.5181811771623273,0.1728613500867164,0.0702933619006643,0.0232530639832198,0.03701032961296227,0.038878647682242994,0.032512946510176846,0.8340389658337873,11201.980482168803,7.275957614183426e-12,0
2035Q1,2035-03-31,2035,1,2035,44800.92530649948,28412.399999999954,0.017735654711652504,0.019722056747187633,0.02256874260208286,-109.80147166633304,377.94685727317795,67.63718458574051,226.8030905029884,61.61260723707366,14.361115919499888,7.532859027875584,5.709630652454863,19.167058656166752,0.0,402.8235465817996,293.02207491546653,-17.416,0.0,41422.09689142542,41697.702966340876,0.9307330748432465,-0.009803500344257723,0.03596564524736368,0.02616214490310596,41114.93892934625,582.7640369946275,8723.895302972473,20985.731248614924,7000.682379198362,27986.413627813286,3462.9081202572374,941.7218783032545,0.2121831025448926,19.328917132692695,12414.68562428316,15519.939122362059,0.30195072515168053,0.37747688617590347,9765.4391962551,9765.439196255102,0,0.0,0.0,0.0,0.0,0.0,0.0,0.0,0.0,0.0,0.0,0.0,none,935.758885450383,10701.198081705485,256.43901625929976,256.43901625929976,0.0,10021.8782125144,0.2154110468670722,0.5181811771623273,0.1728613500867164,0.0702933619006643,0.0232530639832198,0.03701714826042089,0.038899387217182245,0.03245036975364209,0.8401730971187525,11604.804028750603,-1.4551915228366852e-11,0
2035Q2,2035-06-30,2035,2,2035,45218.33639157957,28537.399999999954,0.017714424126451522,0.01972826196496369,0.022573755489187608,-112.59463924792743,380.5675039369326,68.04638336318529,228.3957225048322,62.097892336579385,14.448998916690384,7.578506815645441,5.709630652454863,19.37942332948708,0.0,405.6565579188745,293.0619186709471,-17.416,0.0,41697.702966340876,41973.34888501183,0.9282373531288954,-0.0099600868349411,0.03588425318490175,0.025924166349960653,41390.5848480172,582.7640369946275,8779.097937010933,21118.523722838218,7044.980951565078,28163.504674403295,3500.3013770867765,947.6808595161849,0.21210374217342068,19.265010167845247,12228.832523549729,15351.488186753551,0.2954496190003835,0.3708932416181831,9752.890216279711,9752.89021627971,0,0.0,0.0,0.0,0.0,0.0,0.0,0.0,0.0,0.0,0.0,0.0,none,941.7218783032545,10694.612094582964,256.26649534146003,256.26649534146003,0.0,10009.15671162117,0.2154110468670722,0.5181811771623273,0.1728613500867164,0.0702933619006643,0.0232530639832198,0.03703290732930461,0.03891404361015547,0.03255643769233489,0.8444856957864698,12010.460586669476,7.275957614183426e-12,0
2035Q3,2035-09-30,2035,3,2035,45639.620134528195,28662.899999999958,0.017707331988727093,0.01973390522034224,0.022567910616891007,-115.41372128843199,383.28233494032116,68.45501616384274,230.0110634761069,62.58307245042584,14.609090335138193,7.6240925148077086,5.709630652454863,19.583656882817834,0.0,408.57562247559383,293.16190118716185,-17.416,0.0,41973.34888501183,42249.094786198984,0.9257109209424786,-0.010115221901342416,0.035808853909937786,0.025693632008595372,41666.33074920436,582.7640369946275,8834.27811422435,21251.262176136388,7089.26150295677,28340.52367909316,3537.8915393137668,953.637416573079,0.21202438408601756,19.210277077865108,12038.20221761171,15186.107409785402,0.2889191824946473,0.36446951619504886,9805.914899457326,9805.914899457326,0,0.0,0.0,0.0,0.0,0.0,0.0,0.0,0.0,0.0,0.0,0.0,none,947.6808595161849,10753.595758973512,256.16224430434403,256.16224430434403,0.0,10062.07714376167,0.2154110468670722,0.5181811771623273,0.1728613500867164,0.0702933619006643,0.0232530639832198,0.037049975879394216,0.03893667132397827,0.03239700304515815,0.8489621811093608,12419.03620914507,-7.275957614183426e-12,0
2035Q4,2035-12-31,2035,4,2036,46065.09112612179,28788.899999999954,0.01769999094559438,0.019764486694536787,0.022571471840996393,-65.48857291823182,386.01385429478967,68.86319790037881,231.65865129374458,63.068165890921826,14.754210286955603,7.669628922788989,5.7387688543045945,19.797065676177315,0.0,411.5496888252716,346.0611159070397,-16.55475,0.0,42249.094786198984,42578.60115210603,0.9243138374681581,-0.005686611819690568,0.03573636163649285,0.030049749816802286,41995.8371151114,582.7640369946275,8900.992918811547,21411.747705908136,7142.7982707290885,28554.545976637222,3579.4591129150726,960.8391067475457,0.2119494104716559,19.006295213870974,12074.895065911813,15062.905986335732,0.2875260000845868,0.35867616937955105,9603.651742420743,9603.651742420743,0,0.0,0.0,0.0,0.0,0.0,0.0,0.0,0.0,0.0,0.0,0.0,none,953.637416573079,10557.289158993823,309.70930023086237,309.70930023086237,0.0,9913.361042651606,0.2154110468670722,0.5181811771623273,0.1728613500867164,0.0702933619006643,0.0232530639832198,0.037061495269201696,0.03896411896235066,0.03200983296201741,0.8522952807724973,12830.58589797034,7.275957614183426e-12,0
2036Q1,2036-03-31,2036,1,2036,46494.040876359606,28915.29999999995,0.017678326506116004,0.019743412449576114,0.022574269177581208,-68.35895317242986,389.18783121983387,69.36098731983898,233.51420868127593,63.654928865706445,14.932559934762265,7.725146418250268,5.7387688543045945,20.03212803720102,0.0,414.95872811133944,346.5997749389096,-16.55475,0.0,42578.60115210603,42908.64617704494,0.9228848550968238,-0.005881093738805371,0.03569994952383927,0.029818855785033904,42325.88214005031,582.7640369946275,8967.773121475439,21572.390553760168,7196.387518631812,28768.77807239198,3621.283089708059,968.0478564748242,0.2118744528891886,18.91348662667453,12082.016348796182,14923.25882172852,0.2854522041340689,0.352579983385806,9772.231961602123,9772.231961602123,0,0.0,0.0,0.0,0.0,0.0,0.0,0.0,0.0,0.0,0.0,0.0,none,960.8391067475457,10733.071068349669,310.0128969017086,310.0128969017086,0.0,10082.244858503831,0.2154110468670722,0.5181811771623273,0.1728613500867164,0.0702933619006643,0.0232530639832198,0.03706982412579869,0.0389828427316302,0.031950569722188994,0.85764269059669,13245.54462608168,7.275957614183426e-12,0
2036Q2,2036-06-30,2036,2,2036,46926.90943172654,29041.99999999995,0.017642589134278408,0.019772661061247865,0.022576315037704076,-71.2555566867101,392.3373616001254,69.85895261629366,235.36630589611028,64.21698917370689,15.112009147956915,7.783104766057588,5.7387688543045945,20.268013650821228,0.0,418.3441441052512,347.0885874185411,-16.55475,0.0,42908.64617704494,43239.180014463476,0.921415463708977,-0.006073748094609047,0.03565921124329704,0.029585463148687992,42656.41597746885,582.7640369946275,9034.607807380318,21733.164463553363,7250.020487814068,28983.18495136743,3663.360731194393,975.2624875267015,0.21179950542850118,18.713684852424475,12165.738007221378,14894.912258679935,0.2852030047167425,0.349183397558469,9756.341421954143,9756.341421954143,0,0.0,0.0,0.0,0.0,0.0,0.0,0.0,0.0,0.0,0.0,0.0,none,968.0478564748242,10724.389278428967,310.2658237677199,310.2658237677199,0.0,10066.607245721863,0.2154110468670722,0.5181811771623273,0.1728613500867164,0.0702933619006643,0.0232530639832198,0.037082063265833326,0.03899858712662484,0.03197958872845558,0.8611030672773693,13663.888770186932,0.0,0
2036Q3,2036-09-30,2036,3,2036,47363.26883080593,29168.899999999947,0.01759302613883751,0.01977588746711989,0.022577621701592054,-74.17551969439754,395.5296603938204,70.37959481949267,237.2136387403929,64.80520876321327,15.292545827225482,7.838672243495862,5.7387688543045945,20.50469545786561,0.0,421.77312470599054,347.59760501159303,-16.55475,0.0,43239.180014463476,43570.22286947507,0.91991587458035,-0.006264391924414848,0.0356202715832537,0.029355879658838853,42987.45883248044,582.7640369946275,9101.50115742196,21894.079492624736,7303.700533327969,29197.780025952707,3705.6941978857344,982.4834512200357,0.21172456815579555,18.506520357744957,12257.447473814313,14808.286870368282,0.28514008054257994,0.34447923353821147,9815.69211315974,9815.69211315974,0,0.0,0.0,0.0,0.0,0.0,0.0,0.0,0.0,0.0,0.0,0.0,none,975.2624875267015,10790.95460068644,310.5381595537274,310.5381595537274,0.0,10126.230272713467,0.2154110468670722,0.5181811771623273,0.1728613500867164,0.0702933619006643,0.0232530639832198,0.037091389544699614,0.039017680221031734,0.03195440540173094,0.864556319270274,14085.661894892923,0.0,0
2036Q4,2036-12-31,2036,4,2037,47803.10567352211,29295.799999999945,0.017515988152144724,0.01980359078796723,0.022578201318361746,-74.85048752691782,398.7022779985475,70.87794026342351,239.05923450647643,65.39421306261455,15.474179426851663,7.896710739181037,5.894658234200658,20.742173925807297,0.0,425.3391101585555,350.48862263163767,0.0,0.0,43570.22286947507,43920.71149210671,0.9187836412150553,-0.006263232187307622,0.035590918553574116,0.02932768636626649,43337.94745511208,582.7640369946275,9172.532185138383,22064.947895580222,7360.7009496375595,29425.64884521778,3749.6153582658785,990.1510664900318,0.21165128308485234,18.271194053369843,12168.62239345683,14758.563212151072,0.28078446507095567,0.34054596672898435,9840.06689345242,9840.06689345242,0,0.0,0.0,0.0,0.0,0.0,0.0,0.0,0.0,0.0,0.0,0.0,none,982.4834512200357,10822.550344672456,329.74644870583035,329.74644870583035,0.0,10169.81334215825,0.2154110468670722,0.5181811771623273,0.1728613500867164,0.0702933619006643,0.0232530639832198,0.03710317810260753,0.03904860541409298,0.03198931105123755,0.8655842649822935,14511.001005051477,7.275957614183426e-12,0
2037Q1,2037-03-31,2037,1,2037,48236.208408672086,29422.887487607255,0.01746555549210771,0.01893970235169573,0.022578065905819455,-77.74865808961053,402.08107770090874,71.43109439176516,241.00908204423698,66.0197926316123,15.662769436380549,7.958339196913631,5.894658234200658,20.987892466867883,0.0,428.9636284019773,351.21497031236675,0.0,0.0,43920.71149210671,44271.92646241907,0.917815224765048,-0.006447327487343104,0.035571919315686235,0.029124591828343125,43689.162425424445,582.7640369946275,9243.666745680935,22236.065351509078,7417.784448149125,29653.8497996582,3793.8160222251404,997.829857860165,0.211578026048439,18.109849715395246,12092.997537661742,14697.162868585268,0.2767962777566171,0.3364029441780374,9984.348380543961,9984.348380543961,0,0.0,0.0,0.0,0.0,0.0,0.0,0.0,0.0,0.0,0.0,0.0,none,990.1510664900318,10974.499447033993,330.22707784549885,330.22707784549885,0.0,10314.57545838946,0.2154110468670722,0.5181811771623273,0.1728613500867164,0.0702933619006643,0.0232530639832198,0.03711279323107721,0.03906709284334515,0.03195488197439838,0.8669765816659307,14939.964633453455,-7.275957614183426e-12,0
2037Q2,2037-06-30,2037,2,2037,48673.235114379044,29550.526290744652,0.01746555549210771,0.01893970235169662,0.022399155671420257,-80.67308647760458,405.44425782145476,71.98505478199029,242.9588999592453,66.6283753479848,15.851870249683229,8.020057482551076,5.894658234200658,21.06841758032521,0.0,432.40733363598065,351.7342471583761,0.0,0.0,44271.92646241907,44623.66070957745,0.9168007962633807,-0.006629769834532503,0.035535532628546314,0.02890576279401381,44040.89667258282,582.7640369946275,9314.895818193512,22407.410160327192,7474.94378987753,29882.35395020472,3838.1280526321775,1005.5188515524079,0.2115055896214847,17.93604646201969,12053.137501289786,14672.501400279725,0.2736805653821607,0.3331562822019909,10048.62233313146,10048.622333131458,0,0.0,0.0,0.0,0.0,0.0,0.0,0.0,0.0,0.0,0.0,0.0,none,997.829857860165,11046.452190991622,330.6658295780508,330.6658295780508,0.0,10379.288162709508,0.2154110468670722,0.5181811771623273,0.1728613500867164,0.0702933619006643,0.0232530639832198,0.03712127668534885,0.03906830971116981,0.032050548450436984,0.8684577221689214,15372.371967089435,7.275957614183426e-12,0
2037Q3,2037-09-30,2037,3,2037,49114.22134235779,29678.718801062332,0.017465555492108598,0.01893970235169573,0.022399155671420257,-83.62401059042125,408.80217354525996,72.53975118418198,244.91103546928878,67.22737223482814,16.042156887608428,8.081857769352478,5.894658234200658,21.314498137468295,0.0,436.01132991692896,352.38731932650774,0.0,0.0,44623.66070957745,44976.048028903955,0.9157438884227014,-0.006810574070390567,0.035509986150662864,0.028699412080272303,44393.28399190933,582.7640369946275,9386.212561195078,22578.965864537382,7532.173484725286,30111.139349262667,3882.714772404962,1013.2173090466217,0.21143316549651325,17.735580523967535,11946.144374397372,14592.247291630465,0.269098009883084,0.3287039385121835,10120.539595885817,10120.539595885817,0,0.0,0.0,0.0,0.0,0.0,0.0,0.0,0.0,0.0,0.0,0.0,none,1005.5188515524079,11126.058447438225,331.0728211890394,331.0728211890394,0.0,10451.612417074857,0.2154110468670722,0.5181811771623273,0.1728613500867164,0.0702933619006643,0.0232530639832198,0.03713186207047353,0.03908342103572413,0.032032030413549614,0.8694354730126193,15808.383297006365,-7.275957614183426e-12,0
2037Q4,2037-12-31,2037,4,2038,49559.202966426594,29807.46742058563,0.01746555549210682,0.01893970235169573,0.022399155671420257,-77.23032048298407,412.1909777673947,73.09513032030668,246.86301907592033,67.85546813578225,16.23362611392317,8.143734121462222,5.91068424521801,21.56210414292738,0.0,439.6637661555401,362.433445672556,0.0,0.0,44976.048028903955,45338.48147457652,0.9148347584461888,-0.006233378735755941,0.0354859432629202,0.02925256452716425,44755.71743758189,582.7640369946275,9459.640013720958,22755.598977552112,7591.096965027968,30346.69594258008,3928.237869119596,1021.143612161256,0.2113615992618988,17.390585964047506,12058.646097686265,15492.318205758917,0.2694325281346173,0.34615282901821703,9964.670755090585,9964.670755090585,0,0.0,0.0,0.0,0.0,0.0,0.0,0.0,0.0,0.0,0.0,0.0,none,1013.2173090466217,10977.888064137207,340.8713415296287,340.8713415296287,0.0,10305.542096620213,0.2154110468670722,0.5181811771623273,0.1728613500867164,0.0702933619006643,0.0232530639832198,0.03714010006336429,0.03910203634369914,0.03177987038996693,0.8704265490451691,16248.047063161905,7.275957614183426e-12,0
2038Q1,2038-03-31,2038,1,2038,50028.44495100026,29936.599810103187,0.017441798459170377,0.020613213981166334,0.022399155671420257,-80.37032214102024,415.64868929797024,73.66694660685197,248.84295883173561,68.50215333210417,16.42918874453243,8.207441782746097,5.91068424521801,21.81491018452634,0.0,443.3742837277146,363.00396158669434,0.0,0.0,45338.48147457652,45701.4854361632,0.9135100137716644,-0.006425970043221448,0.03544977535575788,0.029023805312536424,45118.72139916858,582.7640369946275,9533.135904463083,22932.396721842586,7650.0753650881525,30582.47208693074,3974.036104770879,1029.077303003885,0.21129002792704923,17.13337525275383,12146.107379239076,16395.381292351885,0.26920327089461576,0.36338310980270844,10125.355482200484,10125.355482200483,0,0.0,0.0,0.0,0.0,0.0,0.0,0.0,0.0,0.0,0.0,0.0,none,1021.143612161256,11146.499094361738,341.18905140216805,341.18905140216805,0.0,10466.544533602651,0.2154110468670722,0.5181811771623273,0.1728613500867164,0.0702933619006643,0.0232530639832198,0.037147492903824735,0.03911681814719234,0.03176353483990331,0.8719012913871822,16691.42134688962,-7.275957614183426e-12,0
2038Q2,2038-06-30,2038,2,2038,50502.12986497769,30066.291629034426,0.017441798459170377,0.020613213981166334,0.022624692238107036,-83.54005431370129,419.1045824367276,74.23929585600627,250.82455558469147,69.14266969427402,16.626852478862148,8.271208822893723,5.91068424521801,22.289606572895458,0.0,447.3048732548411,363.76481894113977,0.0,0.0,45701.4854361632,46065.25025510434,0.9121447031692372,-0.006616754939805801,0.035428594750419734,0.028811839810613936,45482.48621810972,582.7640369946275,9606.693437438482,23109.34274935932,7709.103231319275,30818.445980678596,4020.329152026883,1037.017647965767,0.21121742095121865,16.89447646479864,12235.05298343937,17343.01484872348,0.26900580862634876,0.38131193544600095,10227.749396512827,10227.749396512827,0,0.0,0.0,0.0,0.0,0.0,0.0,0.0,0.0,0.0,0.0,0.0,none,1029.077303003885,11256.826699516712,341.47521236824434,341.47521236824434,0.0,10569.224608881072,0.2154110468670722,0.5181811771623273,0.1728613500867164,0.0702933619006643,0.0232530639832198,0.03715461303944671,0.039150138686817604,0.0317805236608752,0.873418878986172,17138.72622014446,0.0,0
2038Q3,2038-09-30,2038,3,2038,50980.29977539962,30196.54530094844,0.01744179845916949,0.020613213981166334,0.022624692238107036,-86.73979849880877,422.5648897134573,74.81212514405217,252.80667361703138,69.78534823799953,16.825713368849314,8.335029345524852,5.91068424521801,22.549255399225466,0.0,451.0248293579008,364.285030859092,0.0,0.0,46065.25025510434,46429.535285963444,0.9107348424884679,-0.0068057503687465395,0.035388166122596355,0.02858241575384981,45846.77124896881,582.7640369946275,9680.307098582223,23286.423795765593,7768.176138838199,31054.599934603793,4066.900163964911,1044.9640518178905,0.211144794603174,16.572918753976897,12335.48648222736,18391.32364615671,0.269059001237842,0.4011476303594742,10233.671164400152,10233.671164400152,0,0.0,0.0,0.0,0.0,0.0,0.0,0.0,0.0,0.0,0.0,0.0,none,1037.017647965767,11270.68881236592,341.73577545986655,341.73577545986655,0.0,10575.406939860019,0.2154110468670722,0.5181811771623273,0.1728613500867164,0.0702933619006643,0.0232530639832198,0.037161850267248414,0.03916399688356619,0.031796186507765944,0.8743582481565632,17589.751049502363,7.275957614183426e-12,0
2038Q4,2038-12-31,2038,4,2039,51462.997147610695,30327.36325991377,0.017441798459170377,0.020613213981167222,0.022624692238107036,-83.9141638594333,426.0326737567894,75.38539153020905,254.78894004932044,70.4336733980197,17.025770212753933,8.398898566486297,5.922339525957902,22.81046327616297,0.0,454.7654765589103,370.851312699477,0.0,0.0,46429.535285963444,46800.386598662924,0.9093987756761609,-0.006522291239178575,0.03534698729298738,0.02882469605380881,46217.62256166829,582.7640369946275,9755.278942309003,23466.772012820344,7828.338949954841,31295.110962775187,4114.1755886258015,1053.0570679583052,0.2110727121303678,16.24737312993889,13198.22889789567,19246.522173297602,0.28556702327743577,0.41643254469909,10297.319846251023,10297.319846251025,0,0.0,0.0,0.0,0.0,0.0,0.0,0.0,0.0,0.0,0.0,0.0,none,1044.9640518178905,11342.283898068916,348.040849423314,348.040849423314,0.0,10645.360695674339,0.2154110468670722,0.5181811771623273,0.1728613500867164,0.0702933619006643,0.0232530639832198,0.03716896854761493,0.0391789815476697,0.03181006156662021,0.8753001565826221,18044.516526061274,0.0,0
2039Q1,2039-03-31,2039,1,2039,51938.92936982024,30457.141414438727,0.017227156981449054,0.019937887724799763,0.022624692238107036,-87.09893422521498,429.5614344501729,75.96923476323137,256.80539421926346,71.09396025002485,17.22889903393835,8.463946183714874,5.922339525957902,23.07562206900656,0.0,458.55939604513736,371.4604618199224,0.0,0.0,46800.386598662924,47171.84706048283,0.9082175476626714,-0.006707795888902161,0.03531527519792035,0.028607479309018188,46589.08302348821,582.7640369946275,9830.324885352366,23647.298479187983,7888.561223703928,31535.85970289191,4161.740352316126,1061.158082927817,0.21100060888505445,15.993941141696716,14089.170277055426,20192.838623983855,0.3024135561962504,0.43342425550216335,10435.160664479368,10435.160664479368,0,0.0,0.0,0.0,0.0,0.0,0.0,0.0,0.0,0.0,0.0,0.0,none,1053.0570679583052,11488.217732437673,348.38483975091583,348.38483975091583,0.0,10783.545504230284,0.2154110468670722,0.5181811771623273,0.1728613500867164,0.0702933619006643,0.0232530639832198,0.03718017854540452,0.03919278701498917,0.031792689376782375,0.8767834092996248,18503.07592210641,-1.4551915228366852e-11,0
2039Q2,2039-06-30,2039,2,2039,52419.26303564348,30587.47492121266,0.017227156981449054,0.019937887724799763,0.022796693476643037,-90.31315749738428,433.1455737939509,76.55365504468155,258.82179328079957,71.80706082444648,17.434006552491063,8.529058091532328,5.922339525957902,23.518371007790353,0.0,462.58628432769916,372.2731268303149,0.0,0.0,47171.84706048283,47544.12018731315,0.9069971120155699,-0.006891600703044919,0.03529895367000141,0.02840735296695649,46961.35615031853,582.7640369946275,9905.450512403966,23828.01662910106,7948.847441644572,31776.864070745632,4209.773867589526,1069.2676995794104,0.2109276929886272,15.77778239994169,15022.15182939986,21014.61055695822,0.3198832627685512,0.44748730189333946,10541.064810747592,10541.064810747592,0,0.0,0.0,0.0,0.0,0.0,0.0,0.0,0.0,0.0,0.0,0.0,none,1061.158082927817,11602.222893675409,348.75475582252454,348.75475582252454,0.0,10889.819566570117,0.2154110468670722,0.5181811771623273,0.1728613500867164,0.0702933619006643,0.0232530639832198,0.03718618648059047,0.03922562402397175,0.03177125739098836,0.8785179967764876,18965.66220643411,0.0,0
2039Q3,2039-09-30,2039,3,2039,52904.03884983833,30718.366156722746,0.017227156981449054,0.019937887724799763,0.02279669347664215,-93.557106057807,436.6775640447603,77.13869586534588,260.8380712420597,72.466170245364,17.640387556621253,8.594239135369511,5.922339525957902,23.78981274547004,0.0,466.38971631618824,372.83261025838124,0.0,0.0,47544.12018731315,47916.95279757153,0.9057333587248029,-0.007073721257717767,0.035263070756467466,0.0281893494987497,47334.18876057691,582.7640369946275,9980.638186817634,24008.88403679633,8009.183450860699,32018.06748765703,4258.09907201939,1077.3840140828602,0.21085474258999407,15.516656617583664,16045.416172481684,21990.745038287943,0.3389815394036157,0.46458480886870746,10558.948845591924,10558.948845591924,0,0.0,0.0,0.0,0.0,0.0,0.0,0.0,0.0,0.0,0.0,0.0,none,1069.2676995794104,11628.216545171334,349.0427975129112,349.0427975129112,0.0,10907.991643104835,0.2154110468670722,0.5181811771623273,0.1728613500867164,0.0702933619006643,0.0232530639832198,0.03719274642692356,0.03923847697496284,0.03181241764539086,0.8802822625529014,19432.0519227503,0.0,0
2039Q4,2039-12-31,2039,4,2040,53393.29789360222,30849.817507625736,0.017227156981449054,0.019937887724799763,0.022796693476643037,-92.95413480734948,440.2224140003375,77.72421987984232,262.8528093457421,73.13788684005206,17.848023921510055,8.659474013190989,5.935451716790281,24.0629028449474,0.0,470.2207685620752,377.2666337547257,0.0,0.0,47916.95279757153,48294.21943132626,0.904499653262906,-0.006963730541056358,0.035226950730714746,0.02826322018965839,47711.455394331635,582.7640369946275,10056.722172250265,24191.907561857286,8070.238724641429,32262.146286498715,4306.989852545844,1085.5970830368171,0.21078212955635506,15.697323574566136,16112.526639773767,21925.324479484836,0.3377077162414127,0.45954004752681843,11385.072359264634,11385.072359264634,0,0.0,0.0,0.0,0.0,0.0,0.0,0.0,0.0,0.0,0.0,0.0,none,1077.3840140828602,12462.456373347493,353.2037309097783,353.2037309097783,0.0,11738.276090174411,0.2154110468670722,0.5181811771623273,0.1728613500867164,0.0702933619006643,0.0232530639832198,0.03720130644286507,0.03925297758799941,0.03258516283204138,0.8820951058184089,19902.272691312373,0.0,0
2040Q1,2040-03-31,2040,1,2040,53889.0305474941,30984.73913358242,0.017609093307503265,0.01970258122673907,0.022796693476643926,-96.27140266985208,443.8335928693287,78.31672391639894,264.9415049225655,73.79175695966515,18.058120515790865,8.725486554908416,5.935451716790281,24.339189066082113,0.0,474.1082336522011,377.836830982349,0.0,0.0,48294.21943132626,48672.056262308615,0.9031904223886975,-0.007145899764146253,0.0351914464844087,0.028045546720262448,48089.292225313984,582.7640369946275,10132.86946936049,24375.083386069564,8131.344804275545,32506.42819034511,4356.177579286179,1093.8169863222133,0.21070947399027415,15.92951207537843,16244.544929057738,21947.78068623525,0.33779962601542896,0.4563964173854495,11552.937030901878,11552.937030901876,0,0.0,0.0,0.0,0.0,0.0,0.0,0.0,0.0,0.0,0.0,0.0,none,1085.5970830368171,12638.534113938693,353.4976419162669,353.4976419162669,0.0,11906.434672818143,0.2154110468670722,0.5181811771623273,0.1728613500867164,0.0702933619006643,0.0232530639832198,0.037205949066472,0.03926832148732638,0.03257485358893768,0.8845398895371337,20376.380924964575,7.275957614183426e-12,0
2040Q2,2040-06-30,2040,2,2040,54389.36585516145,31120.25083904756,0.017609093307503265,0.01970258122673907,0.022246337554163054,-99.61946986609183,447.40203061278817,78.90972099264482,267.0292837366394,74.42502451821852,18.246447337720788,8.791554027564791,5.935451716790281,24.027719749823557,0.0,477.365202079402,377.7457322133102,0.0,0.0,48672.056262308615,49049.80199452193,0.901827061656524,-0.007326393187328411,0.03510724529134042,0.027780852104012006,48467.0379575273,582.7640369946275,10209.06423672099,24558.373402151406,8192.488977459974,32750.862379611382,4405.069327296882,1102.0420138980442,0.21063932658041556,16.247568424439688,16207.860544405044,21781.46777307775,0.334409966596439,0.44940785925818943,11701.155880814267,11701.155880814267,0,0.0,0.0,0.0,0.0,0.0,0.0,0.0,0.0,0.0,0.0,0.0,none,1093.8169863222133,12794.972867136481,353.7180124634866,353.7180124634866,0.0,12054.873893277754,0.2154110468670722,0.5181811771623273,0.1728613500867164,0.0702933619006643,0.0232530639832198,0.037255859901526696,0.039231151402910516,0.03269341712948387,0.8875108496749187,20853.746127043978,0.0,0
2040Q3,2040-09-30,2040,3,2040,54894.34655016561,31256.35520473291,0.017609093307503265,0.01970258122673907,0.022246337554163054,-102.99862235397069,451.5215374043077,79.50308774346472,269.1177529313557,75.58656317401545,18.456470868766612,8.85766268670553,5.935451716790281,24.29739590464013,0.0,481.75438502573815,378.75576267176746,0.0,0.0,49049.80199452193,49428.55775719369,0.900430752227336,-0.007505226226518217,0.03510411656584587,0.02759889033932765,48845.793720199064,582.7640369946275,10285.418484577089,24742.047055897834,8253.76112928887,32995.8081851867,4454.282793455402,1110.284256979868,0.2105691749732749,16.591145829394716,16237.125942304132,21579.205230947293,0.332416052758083,0.44178226183729113,11810.57515366096,11810.57515366096,0,0.0,0.0,0.0,0.0,0.0,0.0,0.0,0.0,0.0,0.0,0.0,none,1102.0420138980442,12912.617167559005,354.4583667671273,354.4583667671273,0.0,12165.033520428087,0.2154110468670722,0.5181811771623273,0.1728613500867164,0.0702933619006643,0.0232530639832198,0.037317637745116684,0.039286958596044266,0.03271060717232376,0.8907624512725977,21335.500512069717,-7.275957614183426e-12,0
2040Q4,2040-12-31,2040,4,2041,55404.01576282974,31393.054822636957,0.017609093307502377,0.01970258122673907,0.022246337554162166,-97.53434874638083,455.80481196274536,80.09769644864407,271.20517071125295,76.91015330427108,18.667881783101766,8.923909715475686,5.957305368177581,24.56884658617178,0.0,486.3309639170947,388.7966151707139,0.0,0.0,49428.55775719369,49817.354372364396,0.8991650458266347,-0.007041680817065691,0.03511160389520874,0.028069923078143048,49234.59033536977,582.7640369946275,10363.877169505942,24930.783029778184,8316.722033105467,33247.50506288365,4504.454434392959,1118.7536685872296,0.21049991680464147,16.801453687257798,16183.060605616276,21237.046518088755,0.3286929066614064,0.43134402811984435,11679.073079822281,11679.073079822281,0,0.0,0.0,0.0,0.0,0.0,0.0,0.0,0.0,0.0,0.0,0.0,none,1110.284256979868,12789.35733680215,364.2277685845421,364.2277685845421,0.0,12043.300848406823,0.2154110468670722,0.5181811771623273,0.1728613500867164,0.0702933619006643,0.0232530639832198,0.037374377703388174,0.03935627386144525,0.03268777316788883,0.8941660095585287,21821.83147598681,-7.275957614183426e-12,0
2041Q1,2041-03-31,2041,1,2041,55931.13799773581,31527.09931704546,0.017189212325988024,0.02105209487726678,0.022246337554163942,-101.06166460047393,460.13162959132643,80.70869345752753,273.3349332256163,78.212540513621,18.883479783291975,8.991982611269858,5.957305368177581,24.845582349556967,0.0,490.934517309061,389.87285270858706,0.0,0.0,49817.354372364396,50207.22722507299,0.8976614641222831,-0.007227577926597173,0.03510992516039526,0.02788234723379809,49624.46318807836,582.7640369946275,10442.50807594901,25119.933290429177,8379.821139878195,33499.754430307374,4554.959010761475,1127.2416710605082,0.21043065063236166,17.12251543871759,16152.213525601279,20874.65150037038,0.32548893202902474,0.42065243952876136,11917.284007375702,11917.284007375703,0,0.0,0.0,0.0,0.0,0.0,0.0,0.0,0.0,0.0,0.0,0.0,none,1118.7536685872296,13036.037675962933,365.02727035903007,365.02727035903007,0.0,12282.311277734734,0.2154110468670722,0.5181811771623273,0.1728613500867164,0.0702933619006643,0.0232530639832198,0.037418732029893445,0.03941875464839227,0.03254738032180727,0.8985617126690354,22312.765993295874,7.275957614183426e-12,0
2041Q2,2041-06-30,2041,2,2041,56463.275353778976,31661.71616500741,0.017189212325988024,0.02105209487726678,0.0228385780169158,-104.62253987423406,464.32870422781565,81.32103164145293,275.46498811146665,79.37218544443574,19.110294099311645,9.060204931148835,5.957305368177581,25.78738052702117,0.0,496.0733901230144,391.45085024878034,0.0,0.0,50207.22722507299,50598.678075321775,0.8961343060296857,-0.0074117230513962296,0.03514308279247305,0.027731359741076822,50015.914038327144,582.7640369946275,10521.27602676282,25309.413217614856,8443.030220931692,33752.44343854655,4606.450105899497,1135.7444671182745,0.21035856744915982,17.33785356374888,16101.728618426703,20476.112338245715,0.32193210757056173,0.40939194518278504,11896.408030250761,11896.40803025076,0,0.0,0.0,0.0,0.0,0.0,0.0,0.0,0.0,0.0,0.0,0.0,none,1127.2416710605082,13023.649701311268,365.66346972175916,365.66346972175916,0.0,12262.071499972519,0.2154110468670722,0.5181811771623273,0.1728613500867164,0.0702933619006643,0.0232530639832198,0.03746020308600101,0.03952207023097904,0.032721642464592623,0.9016956414334166,22808.83938341889,7.275957614183426e-12,0
2041Q3,2041-09-30,2041,3,2041,57000.47554558473,31796.90781040229,0.017189212325988024,0.02105209487726767,0.0228385780169158,-108.21729385708579,468.51040174475884,81.93443705841547,277.5946164551602,80.52122683315247,19.331575243567684,9.12854615446313,5.957305368177581,26.078891484845453,0.0,500.54659859778184,392.32930474069605,0.0,0.0,50598.678075321775,50991.00738006247,0.894571613517218,-0.007594132703018708,0.03512578404350202,0.027531651340483312,50408.243343067836,582.7640369946275,10600.17041169776,25499.197287891962,8506.340761836915,34005.53804972888,4658.2739702296085,1144.2609114115933,0.21028644738828217,17.620226906960003,15949.104756582945,20042.258428699184,0.3163987415319497,0.3975988270865901,12076.38020012509,12076.38020012509,0,0.0,0.0,0.0,0.0,0.0,0.0,0.0,0.0,0.0,0.0,0.0,none,1135.7444671182745,13212.124667243364,366.2504132558506,366.2504132558506,0.0,12442.630613380941,0.2154110468670722,0.5181811771623273,0.1728613500867164,0.0702933619006643,0.0232530639832198,0.037511240113576545,0.03956993483921951,0.032631241669574096,0.9048080863715791,23309.385982016673,-7.275957614183426e-12,0
2041Q4,2041-12-31,2041,4,2042,57542.78674174274,31932.67670754465,0.017189212325988024,0.02105209487726678,0.02283857801691669,-94.74332137622127,472.8290111090345,82.54882708109632,279.7223999092265,81.8064963707944,19.554290672446488,9.196997075470682,5.987900480119798,26.37228637746878,0.0,505.18919796662306,410.4458765904018,0.0,0.0,50991.00738006247,51401.453256652865,0.8932736172015314,-0.006585939037081254,0.03511746486898232,0.028531525831901064,50818.68921965824,582.7640369946275,10682.904105839523,25698.21699298546,8572.732241173779,34270.94923415924,4711.6440804804,1153.1917991790795,0.2102160498407158,17.707522650357934,15743.924759109195,19836.091454006433,0.3098058017800852,0.3903306393493758,11860.200402189043,11860.200402189044,0,0.0,0.0,0.0,0.0,0.0,0.0,0.0,0.0,0.0,0.0,0.0,none,1144.2609114115933,13004.461313600637,384.073590212933,384.073590212933,0.0,12244.273992401977,0.2154110468670722,0.5181811771623273,0.1728613500867164,0.0702933619006643,0.0232530639832198,0.03755807846206886,0.03962966992992984,0.03252943765711294,0.9077755377325483,23814.575179983294,0.0,0
2042Q1,2042-03-31,2042,1,2042,58055.26898098634,32068.229387565312,0.017088232020256333,0.018695469559396827,0.0228385780169158,-98.17267154914117,477.2744523448343,83.19311572422528,281.9386922756772,83.09008602515769,19.78377923387226,9.268779085901853,5.987900480119798,26.674435164878265,0.0,509.93678798983234,411.76411644069117,0.0,0.0,51401.453256652865,51813.21737309356,0.8924808769736798,-0.00676408348612035,0.03513457413533587,0.02837049064921552,51230.45333609893,582.7640369946275,10765.856677220854,25897.763217342024,8639.29936338358,34537.0625807256,4765.387763975412,1162.1463141770637,0.21014564533698596,17.908145003138426,15495.343115507885,19586.105146646114,0.3024635174287883,0.3823137191106017,12128.70462710343,12128.70462710343,0,0.0,0.0,0.0,0.0,0.0,0.0,0.0,0.0,0.0,0.0,0.0,none,1153.1917991790795,13281.89642628251,385.0896812758129,385.0896812758129,0.0,12513.794308379243,0.2154110468670722,0.5181811771623273,0.1728613500867164,0.0702933619006643,0.0232530639832198,0.03760066805806383,0.039682674763584155,0.03240225792408999,0.9114488608412308,24324.511967973125,7.275957614183426e-12,0
2042Q2,2042-06-30,2042,2,2042,58572.31544209702,32204.357482206833,0.017088232020256333,0.01869546955939594,0.02271549749328483,-101.63256388303859,481.6876553514597,83.8391088738574,284.1573501075608,84.19940201951962,20.151043350323622,9.340751000198152,5.987900480119798,26.834523262939822,0.0,514.5100790945193,412.87751521148067,0.0,0.0,51813.21737309356,52226.094888305044,0.8916515335634004,-0.006940655367022992,0.03513674166445749,0.028196086297434496,51643.33085131041,582.7640369946275,10849.014602252186,26097.80342934519,8706.031276163321,34803.83470550851,4819.358546980605,1171.1229965691168,0.2100758108242141,17.9896182827611,15230.275873018953,19371.71533312378,0.29491273358934583,0.3751058464625009,12089.623436049633,12089.623436049635,0,0.0,0.0,0.0,0.0,0.0,0.0,0.0,0.0,0.0,0.0,0.0,none,1162.1463141770637,13251.769750226698,386.0429919485409,386.0429919485409,0.0,12475.666427998176,0.2154110468670722,0.5181811771623273,0.1728613500867164,0.0702933619006643,0.0232530639832198,0.037624810940177986,0.03972037292258193,0.03253188195269549,0.91387089797125,24839.022047067643,0.0,0
2042Q3,2042-09-30,2042,3,2042,59093.966774525,32341.063434076666,0.017088232020256333,0.018695469559397715,0.02271549749328483,-105.12327038967993,485.88178160168695,84.48670121503889,286.3764081159328,85.2218649978119,20.383906187978816,9.412901084924277,5.987900480119798,27.138439817856995,0.0,519.0081218996638,413.8848515099839,0.0,0.0,52226.094888305044,52639.979739815026,0.8907843323611127,-0.007115668561616876,0.03513103961221332,0.02801537105059644,52057.215702820395,582.7640369946275,10932.32405166687,26298.208140219118,8772.884783029614,35071.09292324873,4873.682692279318,1180.1160356254748,0.21000593105240875,18.06982294312378,15032.371794124478,19256.59215352586,0.28876634278598273,0.3699120648990561,12173.090007359491,12173.090007359491,0,0.0,0.0,0.0,0.0,0.0,0.0,0.0,0.0,0.0,0.0,0.0,none,1171.1229965691168,13344.213003928608,386.7464116921268,386.7464116921268,0.0,12559.836419051619,0.2154110468670722,0.5181811771623273,0.1728613500867164,0.0702933619006643,0.0232530639832198,0.03764261745056727,0.039750865770045156,0.03238577516769497,0.9160875195409304,25358.030168967307,0.0,0
2042Q4,2042-12-31,2042,4,2043,59620.26398974879,32478.34969615101,0.017088232020256333,0.018695469559396827,0.022715497493283943,-98.83311300339705,490.007918261339,85.13547355235575,288.59571372435676,86.17325049822303,20.61829785006365,9.48518263633975,6.009754131507097,27.44434620217533,0.0,523.4620185950214,424.62890559162435,0.0,0.0,52639.979739815026,53064.60864540665,0.890043168116979,-0.006630840347864987,0.035119738395323195,0.02848889804745821,52481.84460841202,582.7640369946275,11017.881993404388,26504.021702754246,8841.54264219927,35345.56434495351,4929.046476456013,1189.3517935981045,0.20993701870834,17.94235946990719,15116.924640535595,19184.13875927684,0.28804103120477187,0.3655385762908555,11903.28828432193,11903.28828432193,0,0.0,0.0,0.0,0.0,0.0,0.0,0.0,0.0,0.0,0.0,0.0,none,1180.1160356254748,13083.404319947405,397.1845593894491,397.1845593894491,0.0,12300.472843711379,0.2154110468670722,0.5181811771623273,0.1728613500867164,0.0702933619006643,0.0232530639832198,0.037658350079750116,0.03977676444271829,0.03221778164168885,0.918286766704532,25881.49218756233,0.0,0
2043Q1,2043-03-31,2043,1,2043,60187.929052490006,32615.668008118973,0.01701953976476145,0.021251542965382564,0.02271549749328572,-102.63172714453384,494.21171144082115,85.80175602363667,290.86532798492914,87.12797483284378,20.857237558366695,9.559415041044765,6.009754131507097,27.75610692932019,0.0,527.9775725016484,425.34584535711457,0.0,0.0,53064.60864540665,53489.95449076376,0.8887156500120659,-0.006820751520128132,0.03508860203787362,0.028267850517745486,52907.19045376913,582.7640369946275,11103.527215182725,26710.04522144042,8910.270541164522,35620.31576260494,4984.750502756629,1198.5969732248375,0.20986801831567878,17.917624199432428,15201.12214322556,19124.531788204567,0.2873167524650258,0.36147320665072524,12133.821507192435,12133.821507192433,0,0.0,0.0,0.0,0.0,0.0,0.0,0.0,0.0,0.0,0.0,0.0,none,1189.3517935981045,13323.173300790539,397.58973842779443,397.58973842779443,0.0,12531.411245620227,0.2154110468670722,0.5181811771623273,0.1728613500867164,0.0702933619006643,0.0232530639832198,0.03767798546630892,0.039798847931188944,0.03207062314014311,0.9214205855929408,26409.469760063977,-7.275957614183426e-12,0
2043Q2,2043-06-30,2043,2,2043,60760.99904976006,32753.56690127342,0.01701953976476145,0.021251542965382564,0.02231557677676199,-106.46650919890112,498.4756064479705,86.46871818823547,293.13555741898745,88.06157845667435,21.176029211778502,9.633723172294632,6.009754131507097,27.579660807615,0.0,532.0650213870925,425.5985121881914,0.0,0.0,53489.95449076376,53915.55300295196,0.8873381584591451,-0.007008871536935109,0.035026746084366345,0.028017874547431234,53332.78896595733,582.7640369946275,11189.264872631444,26916.291098381607,8979.072617174135,35895.363715555744,5040.308246727627,1207.8521310425176,0.20980085777576016,17.78274911881794,15337.494972418663,19088.618448506822,0.28758096603964756,0.3579152491104715,12077.901233180968,12077.901233180968,0,0.0,0.0,0.0,0.0,0.0,0.0,0.0,0.0,0.0,0.0,0.0,none,1198.5969732248375,13276.498206405806,398.0188513805765,398.0188513805765,0.0,12475.920084561545,0.2154110468670722,0.5181811771623273,0.1728613500867164,0.0702933619006643,0.0232530639832198,0.037689262462370365,0.03978803320754109,0.032204502918959065,0.9235659374836581,26941.53478145107,7.275957614183426e-12,0
2043Q3,2043-09-30,2043,3,2043,61339.52544380172,32892.04883030893,0.017019539764762337,0.021251542965382564,0.02231557677676199,-110.33780353365461,502.6362104109131,87.13640019561737,295.4045139721717,88.97091130038234,21.416273439487455,9.708111503254235,6.009754131507097,27.88705106377911,0.0,536.5330156061993,426.19521207254473,0.0,0.0,53915.55300295196,54341.74821502449,0.8859173236482163,-0.007195217291646269,0.03498775132179737,0.027792534030151105,53758.98417802987,582.7640369946275,11275.064850570041,27122.686890126493,9047.924703636667,36170.61159376316,5096.193717501182,1217.1140161954932,0.2097335919375113,17.698219410536232,15506.235263349108,19029.785944310745,0.28843988591745323,0.3539833617631452,12232.660449561123,12232.660449561123,0,0.0,0.0,0.0,0.0,0.0,0.0,0.0,0.0,0.0,0.0,0.0,none,1207.8521310425176,13440.512580603641,398.30816100876564,398.30816100876564,0.0,12630.96861056989,0.2154110468670722,0.5181811771623273,0.1728613500867164,0.0702933619006643,0.0232530639832198,0.03769067885993431,0.03980543540575932,0.03210342424177244,0.9257169462032231,27478.067797057272,-1.4551915228366852e-11,0
2043Q4,2043-12-31,2043,4,2044,61923.56018684745,33031.116260298484,0.01701953976476145,0.021251542965381676,0.02231557677676199,-99.12334029478808,506.6723219536037,87.80456752381419,297.6714886191375,89.75577554876261,21.65793635671833,9.782553905171277,6.019952502154488,28.196254568980898,0.0,540.8885290247391,441.76518872995103,0.0,0.0,54341.74821502449,54783.51340375445,0.8846957965344903,-0.00640294840901876,0.03493911056745886,0.0285361621584401,54200.74936675982,582.7640369946275,11364.152167629354,27336.990527267786,9119.414787949654,36456.40531521744,5153.461122830012,1226.7307610830105,0.20966780534216656,17.55443747890273,15438.242743903398,19164.22702363106,0.28483448890046803,0.3535786358589367,12243.845736210755,12243.845736210753,0,0.0,0.0,0.0,0.0,0.0,0.0,0.0,0.0,0.0,0.0,0.0,none,1217.1140161954932,13460.959752406246,413.5689341609701,413.5689341609701,0.0,12657.414670371723,0.2154110468670722,0.5181811771623273,0.1728613500867164,0.0702933619006643,0.0232530639832198,0.037693283437483606,0.039813848232081235,0.032194045289872165,0.9278291464127538,28018.95632608201,7.275957614183426e-12,0
2044Q1,2044-03-31,2044,1,2044,62477.308177911254,33169.36987577106,0.016847634395924738,0.019083305138657858,0.02231557677676199,-102.82882630677466,510.87158497308116,88.49833500541361,300.0234710367633,90.58427492564778,21.905655513051624,9.859848492204693,6.019952502154488,28.513104050901404,0.0,545.4046415261371,442.5758152193624,0.0,0.0,54783.51340375445,55226.08921897381,0.883938358254988,-0.006583435125851316,0.03491857491510583,0.028335139789254515,54643.325181979184,582.7640369946275,11453.345849710771,27551.550030360093,9190.990227222801,36742.54025758289,5211.080086886646,1236.358987798876,0.20960191956780788,17.508605930724574,15383.73204493898,19283.659106653893,0.2815299397265154,0.3529005426085133,12480.314612227878,12480.314612227876,0,0.0,0.0,0.0,0.0,0.0,0.0,0.0,0.0,0.0,0.0,0.0,none,1226.7307610830105,13707.045373310886,414.06271116846096,414.06271116846096,0.0,12894.377323396337,0.2154110468670722,0.5181811771623273,0.1728613500867164,0.0702933619006643,0.0232530639832198,0.03770107623878167,0.03982253839811298,0.03204802570716334,0.9308050664529521,28564.360967608147,0.0,0
2044Q2,2044-06-30,2044,2,2044,63036.0080295703,33308.202159613196,0.01684763439592385,0.019083305138657858,0.023076797027411944,-106.56744842122134,515.154434640714,89.19293080462262,302.37826158320127,91.4227765430947,22.223230345361944,9.93723536443346,6.019952502154488,29.807041230001722,0.0,550.9814283728703,444.4139799516489,0.0,0.0,55226.08921897381,55670.503198925464,0.8831540089405778,-0.0067623221553769946,0.034962964540165925,0.02820064238478893,55087.73916193083,582.7640369946275,11542.656764419153,27766.391541926547,9262.659742405545,37029.05128433209,5270.031243706739,1245.999869472857,0.2095322287685364,17.38212986993846,15300.770541334088,19383.903521288943,0.2777527408840896,0.3518732809910715,12477.222343295505,12477.222343295505,0,0.0,0.0,0.0,0.0,0.0,0.0,0.0,0.0,0.0,0.0,0.0,none,1236.358987798876,13713.581331094381,414.60693872164717,414.60693872164717,0.0,12891.829282017152,0.2154110468670722,0.5181811771623273,0.1728613500867164,0.0702933619006643,0.0232530639832198,0.03770610827662598,0.03990732902981454,0.03222069049805817,0.9328838697663723,29115.342395981017,7.275957614183426e-12,0
2044Q3,2044-09-30,2044,3,2044,63599.704023562444,33447.615533874276,0.016847634395925626,0.019083305138657858,0.023076797027411944,-110.33950295588073,519.4139091527923,89.88843955291416,304.73614717264314,92.29601786105941,22.478580615287466,10.01472395088809,6.019952502154488,30.144238036152178,0.0,555.5780996910989,445.2385967352182,0.0,0.0,55670.503198925464,56115.74179566068,0.8823270903095853,-0.006939623675921643,0.03494218145954064,0.028002557783618993,55532.97775866605,582.7640369946275,11632.072674775134,27981.48562535067,9334.413513663643,37315.89913901431,5329.353859721846,1255.6520851547602,0.20946243375108625,17.321470850026806,15162.172004972792,19378.217264870647,0.2730300555980307,0.3489497240555704,12669.789994119024,12669.789994119026,0,0.0,0.0,0.0,0.0,0.0,0.0,0.0,0.0,0.0,0.0,0.0,none,1245.999869472857,13915.789863591883,415.094358699066,415.094358699066,0.0,13084.884352818091,0.2154110468670722,0.5181811771623273,0.1728613500867164,0.0702933619006643,0.0232530639832198,0.03771489567977914,0.03991902840941611,0.03213096980088165,0.9349239330862514,29670.920495672115,0.0,0
2044Q4,2044-12-31,2044,4,2045,64168.440837612405,33587.61243074127,0.01684763439592385,0.01908330513865697,0.023076797027411944,-100.54553137830965,523.7344219475588,90.58476595481136,307.0968047382229,93.22500539248541,22.735542227607873,10.092303634431385,6.028693962709422,30.483559564885518,0.0,560.2466754751537,459.701144096844,0.0,0.0,56115.74179566068,56575.442939757515,0.8816708369606474,-0.006267600089131339,0.034923502467073465,0.02865590237794213,55992.67890276289,582.7640369946275,11724.53088399292,28203.898098562207,9408.608644806796,37612.506743369006,5390.008566290366,1265.6327091106048,0.20939399781806808,17.083317317304456,15459.862599092072,20367.303857717026,0.27610507127083045,0.363749408973394,12442.531907489229,12442.531907489227,0,0.0,0.0,0.0,0.0,0.0,0.0,0.0,0.0,0.0,0.0,0.0,none,1255.6520851547602,13698.183992643986,429.21758453195855,429.21758453195855,0.0,12871.749492021185,0.2154110468670722,0.5181811771623273,0.1728613500867164,0.0702933619006643,0.0232530639832198,0.03772248661817801,0.039935081141062374,0.032032426111291354,0.9369411542561297,30231.16717114727,-7.275957614183426e-12,0
2045Q1,2045-03-31,2045,1,2045,64756.51202054044,33723.099819437724,0.01623329428827147,0.020597325915870046,0.023076797027411944,-104.48069606975349,528.1765710125909,91.30478425909486,309.5377816317196,94.16314037031322,22.998341851986677,10.172522899476487,6.028693962709422,30.830500565472086,0.0,565.0357655407724,460.55506947101895,0.0,0.0,56575.442939757515,57035.99800922854,0.8807762529139465,-0.006453756869215732,0.03490217418514116,0.02844841731592543,56453.23397223392,582.7640369946275,11817.098303245366,28426.573281533252,9482.89141395324,37909.464695486495,5451.045851495524,1275.6251220065271,0.20932544465136424,16.95360649825873,15728.686058772451,21331.111985850417,0.2786144380410249,0.37785456181911486,12698.957778928836,12698.957778928836,0,0.0,0.0,0.0,0.0,0.0,0.0,0.0,0.0,0.0,0.0,0.0,none,1265.6327091106048,13964.590488039441,429.72456890554685,429.72456890554685,0.0,13128.682347834383,0.2154110468670722,0.5181811771623273,0.1728613500867164,0.0702933619006643,0.0232530639832198,0.03773750400762811,0.039949188989465416,0.03188608197463121,0.9398262075519342,30796.20293668804,7.275957614183426e-12,0
2045Q2,2045-06-30,2045,2,2045,65349.97257730514,33859.133743930186,0.01623329428827147,0.020597325915870046,0.02213343204113838,-108.45192454777066,532.7284554263882,92.0256530365233,311.98164176482686,95.12310895775336,23.34521474915696,10.252836918127462,6.028693962709422,29.915421563942058,0.0,568.6725709530397,460.220646405269,0.0,0.0,57035.99800922854,57496.21865563381,0.8798200884877067,-0.006638223109855385,0.034807823080894716,0.028169599971039332,56913.45461863918,582.7640369946275,11909.790802200807,28649.54934948063,9557.27455606868,38206.82390554931,5511.208873956985,1285.631036932076,0.20926142828624472,16.730376916467353,16007.480576905562,22363.962822709243,0.28126004095458834,0.39294685189229467,12667.377268184828,12667.377268184828,0,0.0,0.0,0.0,0.0,0.0,0.0,0.0,0.0,0.0,0.0,0.0,none,1275.6251220065271,13943.002390191356,430.305224841327,430.305224841327,0.0,13097.682493026155,0.2154110468670722,0.5181811771623273,0.1728613500867164,0.0702933619006643,0.0232530639832198,0.03774099618388317,0.03988166006044304,0.03205494406352874,0.9418171880244481,31364.87550764108,0.0,0
2045Q3,2045-09-30,2045,3,2045,65948.87189878161,33995.71640886204,0.01623329428827036,0.020597325915870046,0.022133432041139267,-112.459547318656,537.1214635297333,92.7474958721388,314.42880411054927,96.00551094830419,23.60639313939947,10.333259459341564,6.028693962709422,30.24559713548087,0.0,573.3957546279237,460.9362073092677,0.0,0.0,57496.21865563381,57957.154862943076,0.8788195035677907,-0.0068210141632905575,0.0347781994213925,0.02795718525810194,57374.39082594845,582.7640369946275,12002.566317414161,28872.725116853246,9631.724316412992,38504.449433266236,5571.72916202063,1295.6459132474195,0.20919727677502095,16.527857793787565,16234.5617106015,23380.99959548878,0.2829583282173894,0.40751630228925,12809.085823979609,12809.085823979609,0,0.0,0.0,0.0,0.0,0.0,0.0,0.0,0.0,0.0,0.0,0.0,none,1285.631036932076,14094.716860911685,430.69061017378675,430.69061017378675,0.0,13239.776434153395,0.2154110468670722,0.5181811771623273,0.1728613500867164,0.0702933619006643,0.0232530639832198,0.03774796933837996,0.039891023655813165,0.03195769227780325,0.9435033870642007,31938.271262269005,-7.275957614183426e-12,0
2045Q4,2045-12-31,2045,4,2046,66553.2598284873,34132.8500277699,0.01623329428827236,0.020597325915870046,0.02213343204113838,-103.83972541762705,541.5719655642131,93.46998519686278,316.87815815746376,96.94094413226992,23.869124049890697,10.413754027726132,6.044719973726774,30.577733386011932,0.0,578.1944189239517,474.3546935063247,0.0,0.0,57957.154862943076,58431.5095564494,0.877966153829756,-0.006241000106394773,0.0347507797763176,0.028509779669922828,57848.74551945477,582.7640369946275,12098.160776969164,29102.68198444591,9708.436200876768,38811.11818532267,5633.501469867555,1305.965087295376,0.2091343670175268,16.438296510175107,17021.024354698282,24168.36748884131,0.29423324917173943,0.4177855072192255,13019.7811555558,13019.7811555558,0,0.0,0.0,0.0,0.0,0.0,0.0,0.0,0.0,0.0,0.0,0.0,none,1295.6459132474195,14315.42706880322,443.7769601203128,443.7769601203128,0.0,13463.558115676113,0.2154110468670722,0.5181811771623273,0.1728613500867164,0.0702933619006643,0.0232530639832198,0.03776118794245531,0.03990495532717328,0.031949429696910996,0.9460444290012862,32516.465681192956,-7.275957614183426e-12,0
2046Q1,2046-03-31,2046,1,2046,67148.1831460386,34268.80739428492,0.01602817697257164,0.01989152606750877,0.02213343204113749,-107.82074217428561,546.2410810441808,94.21442705064737,319.4019347792932,97.99068141661608,24.13734340848753,10.49669438913658,6.044719973726774,30.91674073993188,0.0,583.2025417578394,475.3817995835538,0.0,0.0,58431.5095564494,58906.89135603295,0.8772670919169636,-0.006422853880635278,0.034741225417191074,0.028318371536555795,58324.12731903833,582.7640369946275,12193.903460590504,29332.995411845026,9785.267031014848,39118.26244285987,5695.6611538409825,1316.300261746972,0.20907134013148165,16.44102164684709,17810.6191967106,24924.60200167453,0.30537309369902577,0.4273463341394664,13252.231253156186,13252.231253156186,0,0.0,0.0,0.0,0.0,0.0,0.0,0.0,0.0,0.0,0.0,0.0,none,1305.965087295376,14558.19634045156,444.46505884362193,444.46505884362193,0.0,13696.696311999807,0.2154110468670722,0.5181811771623273,0.1728613500867164,0.0702933619006643,0.0232530639832198,0.0377831392755464,0.03992383877705027,0.03182693922973223,0.9494742430023908,33099.66822295079,0.0,0
2046Q2,2046-06-30,2046,2,2046,67748.42451644977,34405.30630378551,0.01602817697257164,0.01989152606750788,0.023159436985126236,-111.83734546272626,551.057010037669,94.96002319934854,321.92962464499834,99.08403746460668,24.503561374923716,10.579763353791286,6.044719973726774,32.69448605059766,0.0,589.7962160619934,477.95887059926713,0.0,0.0,58906.89135603295,59384.85022663222,0.8765495382437001,-0.006603096456394873,0.03482272659602804,0.02821963013963317,58802.08618963759,582.7640369946275,12289.818327798755,29563.723034778912,9862.236033673464,39425.95906845237,5759.654770416136,1326.654022970331,0.209003100471026,16.349413846468707,18660.158742767235,25810.318714075176,0.3173383795021821,0.43893542536631297,13230.908806207142,13230.908806207144,0,0.0,0.0,0.0,0.0,0.0,0.0,0.0,0.0,0.0,0.0,0.0,none,1316.300261746972,14547.209067954116,445.2643845486695,445.2643845486695,0.0,13676.173190755813,0.2154110468670722,0.5181811771623273,0.1728613500867164,0.0702933619006643,0.0232530639832198,0.03779849937406467,0.040049386581768036,0.03192571688199047,0.9519193108652336,33689.46443901279,0.0,0
2046Q3,2046-09-30,2046,3,2046,68354.0314780933,34542.348913336136,0.016028176972572528,0.019891526067509657,0.023159436985126236,-115.88985339295044,555.7990969677312,95.70696022773281,324.4618603066977,100.18535719315507,24.781937530521265,10.662981709624036,6.044719973726774,33.06182503863289,0.0,594.9056419800908,479.0157885871403,0.0,0.0,59384.85022663222,59863.86601521936,0.8757912989287993,-0.006781742108662126,0.034813199989279425,0.0280314578806173,59281.10197822474,582.7640369946275,12385.88173794126,29794.807984570685,9939.324237888979,39734.132222459666,5824.064198805523,1337.0238190182954,0.20893474184219565,16.260197366916422,19545.835000026425,26686.356706253726,0.3297144342425693,0.4501663399586637,13323.380116737537,13323.380116737539,0,0.0,0.0,0.0,0.0,0.0,0.0,0.0,0.0,0.0,0.0,0.0,none,1326.654022970331,14650.03413970787,445.95396354850755,445.95396354850755,0.0,13769.334080286046,0.2154110468670722,0.5181811771623273,0.1728613500867164,0.0702933619006643,0.0232530639832198,0.03781339590654112,0.04007120602037282,0.03191425925405585,0.954486301468026,34284.37008099288,7.275957614183426e-12,0
2046Q4,2046-12-31,2046,4,2047,68965.05199428966,34679.937388593244,0.01602817697257164,0.01989152606750877,0.023159436985126236,-103.74070191856168,560.5479863436608,96.45505403421755,326.99801763066245,101.28646081424216,25.06212491917884,10.746328945359547,6.052004524189207,33.43155088803378,0.0,600.0315417558838,496.29083983732215,0.0,0.0,59863.86601521936,60360.15685505669,0.8752281787600846,-0.006017001302465571,0.03480206419944796,0.028785062896982388,59777.39281806206,582.7640369946275,12485.586741925974,30034.652955778944,10019.334719476932,40053.98767525588,5890.031685200748,1347.7867156794605,0.20886803778691043,16.44812284714105,19646.67110568238,26672.643961639045,0.32866390084088837,0.44619951965485793,14092.893280056871,14092.893280056871,0,0.0,0.0,0.0,0.0,0.0,0.0,0.0,0.0,0.0,0.0,0.0,none,1337.0238190182954,15429.917099075166,462.8592889492883,462.8592889492883,0.0,14555.75256900616,0.2154110468670722,0.5181811771623273,0.1728613500867164,0.0702933619006643,0.0232530639832198,0.037822347611562356,0.04009306993994247,0.03253272522985391,0.955503675495333,34884.40162274876,0.0,0
2047Q1,2047-03-31,2047,1,2047,69574.80901325062,34816.54327558161,0.01584952735551126,0.019676561505418855,0.023159436985126236,-107.82098056685044,565.3750124307127,97.23150675274852,329.630316189673,102.33120431269539,25.34914944832174,10.832835727273663,6.052004524189207,33.81022037090626,0.0,605.2372373258081,497.4162567589577,0.0,0.0,60360.15685505669,60857.57311181564,0.8747070092599928,-0.006198851687616751,0.034796343441520036,0.028597491753903286,60274.809074821016,582.7640369946275,12585.452603558218,30274.88487745406,10099.47428483532,40374.35916228938,5956.430332466816,1358.5669765065988,0.2088012023055187,16.706140428242506,19713.347594079572,26648.855837304392,0.32705781895731556,0.442122608870056,14334.689092274042,14334.68909227404,0,0.0,0.0,0.0,0.0,0.0,0.0,0.0,0.0,0.0,0.0,0.0,none,1347.7867156794605,15682.4758079535,463.60603638805145,463.60603638805145,0.0,14798.295128662092,0.2154110468670722,0.5181811771623273,0.1728613500867164,0.0702933619006643,0.0232530639832198,0.037835306604948334,0.040108393938019016,0.03246184340784123,0.9571239298923863,35489.63886007457,-7.275957614183426e-12,0
2047Q2,2047-06-30,2047,2,2047,70189.95722110248,34953.68725951492,0.01584952735551126,0.019676561505418855,0.02235168965107781,-111.93733514741456,570.2707141261217,98.00921215020963,332.26686153005744,103.3557048378602,25.719453534322497,10.919482073671787,6.052004524189207,33.008669891438046,0.0,609.331388541749,497.39405339433443,0.0,0.0,60857.57311181564,61354.96716520998,0.8741274335292475,-0.006379108327124656,0.03472470493876036,0.028345596611635708,60772.20312821535,582.7640369946275,12685.486345168345,30515.520642134572,10179.748569188168,40695.26921132274,6022.082212182199,1369.3653595420637,0.2087382996203855,16.906422298591572,19850.732710157707,26676.41819185365,0.326641650102387,0.4389575631407101,14375.214049843427,14375.214049843426,0,0.0,0.0,0.0,0.0,0.0,0.0,0.0,0.0,0.0,0.0,0.0,none,1358.5669765065988,15733.781026350025,464.38538350289633,464.38538350289633,0.0,14839.599433346322,0.2154110468670722,0.5181811771623273,0.1728613500867164,0.0702933619006643,0.0232530639832198,0.03784415209461715,0.040049667272942624,0.032574716731384,0.9581537714129112,36098.97024861632,7.275957614183426e-12,0
2047Q3,2047-09-30,2047,3,2047,70810.54428423816,35091.37145998209,0.01584952735551126,0.019676561505418855,0.02235168965107781,-116.09008462692316,575.1114451578125,98.78822491299849,334.907839047426,104.40351896224138,26.005588157826825,11.006274077319336,6.052004524189207,33.37249203059175,0.0,614.5359417125934,498.44585708567024,0.0,0.0,61354.96716520998,61853.413022295645,0.8735056854528895,-0.006557785188653823,0.03471437469797187,0.028156589509318045,61270.64898530102,582.7640369946275,12785.668285604852,30756.512905905656,10260.141778960964,41016.65468486662,6088.146274572967,1380.1797402565808,0.208675254748357,17.12206441347814,19941.22589001175,26579.252313579414,0.3254613133736465,0.4338007309169492,14508.070307609181,14508.070307609181,0,0.0,0.0,0.0,0.0,0.0,0.0,0.0,0.0,0.0,0.0,0.0,none,1369.3653595420637,15877.435667151245,465.0733650550785,465.0733650550785,0.0,14973.14367266426,0.2154110468670722,0.5181811771623273,0.1728613500867164,0.0702933619006643,0.0232530639832198,0.03785400714155784,0.04006429928046985,0.032578518106366874,0.9591784904281357,36713.50619032892,-7.275957614183426e-12,0
2047Q4,2047-12-31,2047,4,2048,71436.61829049476,35229.59800492117,0.01584952735551126,0.019676561505418855,0.02235168965107781,-105.37627329220078,579.9798034857828,99.56839177414778,337.5527291423138,105.47196670744059,26.2935211995686,11.09319466231227,6.05491834437418,33.738598356935796,0.0,619.7733201870927,514.3970468948919,0.0,0.0,61853.413022295645,62367.81006919054,0.8730509864783045,-0.005900406587763798,0.03470339638233176,0.02880298979456796,61785.04603219591,582.7640369946275,12889.207425189916,31005.58106658207,10343.229047305822,41348.81011388789,6155.671971203595,1391.3565219145091,0.20861370595197756,17.288801290275632,19930.09210093432,26324.396526419827,0.3225714534638177,0.4260642051266305,14493.214780216487,14493.214780216487,0,0.0,0.0,0.0,0.0,0.0,0.0,0.0,0.0,0.0,0.0,0.0,none,1380.1797402565808,15873.394520473068,480.6584485379562,480.6584485379562,0.0,14973.873228754443,0.2154110468670722,0.5181811771623273,0.1728613500867164,0.0702933619006643,0.0232530639832198,0.037863491308714504,0.04008013720851198,0.03249425853251816,0.9601599389978811,37333.27951051601,7.275957614183426e-12,0
2048Q1,2048-03-31,2048,1,2048,72084.6419407788,35366.86293546704,0.015676506274730606,0.02077970179797095,0.0223516896510787,-109.71261872426453,584.9959179791675,100.37470282366647,340.2862522057374,106.56406553333612,26.58786937153961,11.183028044887866,6.05491834437418,34.11280460209724,0.0,625.163640925639,515.4510222013745,0.0,0.0,62367.81006919054,62883.26109139192,0.8723531032179325,-0.006087988551813798,0.03469053180228003,0.028602543250466232,62300.49705439729,582.7640369946275,12992.892994540107,31255.00147079088,10426.433821448365,41681.43529223924,6223.619657332014,1402.549110285914,0.2085519957119354,17.49677992768429,19942.7141812306,26052.48684794452,0.3201052178414844,0.41817462267109934,14706.523788939181,14706.523788939183,0,0.0,0.0,0.0,0.0,0.0,0.0,0.0,0.0,0.0,0.0,0.0,none,1391.3565219145091,16097.880310853692,481.3382175992772,481.3382175992772,0.0,15187.86200653846,0.2154110468670722,0.5181811771623273,0.1728613500867164,0.0702933619006643,0.0232530639832198,0.03787581228765692,0.04009527608758977,0.03240046498819386,0.9618400471563626,37958.44315144165,0.0,0
2048Q2,2048-06-30,2048,2,2048,72738.54401394143,35504.66269076893,0.015676506274730606,0.02077970179797095,0.022930584971782908,-114.08830048639288,590.0728575261244,101.18215419498108,343.0236411419291,107.63407312624472,26.9600005890465,11.272988473923036,6.05491834437418,35.3750575596153,0.0,631.5028334301138,517.4145329437209,0.0,0.0,62883.26109139192,63400.675624335636,0.8716242053481844,-0.006273884198975782,0.03472727379910584,0.02845338960013006,62817.91158734101,582.7640369946275,13096.729622563851,31504.785253584123,10509.759815958356,42014.54506954248,6292.878890185212,1413.7580050494585,0.20848718608472633,17.695106740734584,19937.04791248702,25729.532993844005,0.31737839429390885,0.4095891178755613,14820.745592005378,14820.745592005378,0,0.0,0.0,0.0,0.0,0.0,0.0,0.0,0.0,0.0,0.0,0.0,none,1402.549110285914,16223.294702291292,482.0394753841057,482.0394753841057,0.0,15302.785067389485,0.2154110468670722,0.5181811771623273,0.1728613500867164,0.0702933619006643,0.0232530639832198,0.03788386207104597,0.04016985267429524,0.03246075378979056,0.9629063973224634,38589.94598487177,-7.275957614183426e-12,0
2048Q3,2048-09-30,2048,3,2048,73398.37783497396,35642.99935466223,0.015676506274730606,0.02077970179796984,0.022930584971782908,-118.50367541059728,595.1003578145022,101.99078193571599,345.76501815808496,108.71915062615503,27.26232712896164,11.36307996558502,6.05491834437418,35.76872707729398,0.0,636.9240032361704,518.4203278255732,0.0,0.0,63400.675624335636,63919.09595216121,0.8708516160380875,-0.006458108688834312,0.03471052205912264,0.02825241337028833,63336.331915166586,582.7640369946275,13200.698109153105,31754.886228219144,10593.191623285218,42348.077851504364,6362.574820905842,1424.9811336032615,0.20842220744381396,17.87917940811738,19853.54247165454,25414.629799318973,0.31346214520674487,0.4012646301235067,14908.991214143112,14908.991214143112,0,0.0,0.0,0.0,0.0,0.0,0.0,0.0,0.0,0.0,0.0,0.0,none,1413.7580050494585,16322.74921919257,482.6516007482791,482.6516007482791,0.0,15391.642814891391,0.2154110468670722,0.5181811771623273,0.1728613500867164,0.0702933619006643,0.0232530639832198,0.03789137402796226,0.04018405147668138,0.03252417919477572,0.9639821298003298,39226.86998810794,0.0,0
2048Q4,2048-12-31,2048,4,2049,74064.19721259525,35781.87501910156,0.015676506274729718,0.02077970179797184,0.022930584971782908,-103.37644606582279,600.1309633064176,102.80043652502981,348.50987635470443,109.80080315321354,27.56656141213392,11.453285861336214,6.05491834437418,36.164878785891474,0.0,642.3507604366832,538.9743143708604,0.0,0.0,63919.09595216121,64458.07026653207,0.870299992336519,-0.005583072521212327,0.034691566754871735,0.029108494233659403,63875.30622953744,582.7640369946275,13309.008816047106,32015.432613438894,10680.107941156775,42695.54055459567,6434.083865314375,1436.6729935802855,0.20835921738239288,17.958269051947504,19718.465052690626,25231.763231428115,0.3087024738767099,0.39501592588467865,14792.751313728179,14792.751313728177,0,0.0,0.0,0.0,0.0,0.0,0.0,0.0,0.0,0.0,0.0,0.0,none,1424.9811336032615,16217.732447331438,502.809435584969,502.809435584969,0.0,15295.560749313147,0.2154110468670722,0.5181811771623273,0.1728613500867164,0.0702933619006643,0.0232530639832198,0.03789904785123609,0.04019773752228511,0.03237839085906773,0.9651163684040552,39869.22074854462,0.0,0
2049Q1,2049-03-31,2049,1,2049,74708.85169853843,35919.71301209475,0.015497958573625237,0.019473428238653945,0.022930584971783796,-107.69024623986559,605.3608890977706,103.64390615496683,351.3693729324911,110.92159141630704,27.878759408104226,11.547259185901543,6.05491834437418,36.571336233690936,0.0,647.9871436758357,540.2968974359701,0.0,0.0,64458.07026653207,64998.36716396804,0.8700223023939161,-0.005765862748066968,0.03469399563471072,0.02892813288664375,64415.603126973416,582.7640369946275,13417.516866519392,32276.453717709443,10767.182621739388,43043.63633944883,6506.063764720276,1448.3861562849056,0.20829606826891506,18.10193059163164,19542.898526506422,25138.378807777735,0.3033876510941651,0.3902529447442413,15036.104781495218,15036.104781495218,0,0.0,0.0,0.0,0.0,0.0,0.0,0.0,0.0,0.0,0.0,0.0,none,1436.6729935802855,16472.777775075505,503.7255612022792,503.7255612022792,0.0,15539.830342697498,0.2154110468670722,0.5181811771623273,0.1728613500867164,0.0702933619006643,0.0232530639832198,0.03791343060265067,0.0402113895744275,0.032342356714988925,0.9667608782799147,40517.20789222045,0.0,0
2049Q2,2049-06-30,2049,2,2049,75359.11725463274,36058.08198096057,0.015497958573625237,0.019473428238653945,0.022366633995218432,-112.0415937139307,610.7100061233114,104.48891259801977,354.2340795518603,112.07949447394644,28.26611576834535,11.641403731139926,6.05491834437418,36.07847350524476,0.0,652.8433979729303,540.8018042589997,0.0,0.0,64998.36716396804,65539.16896822704,0.8696913041958169,-0.00594707569810568,0.03465239093855211,0.02870531524044643,64956.40493123241,582.7640369946275,13526.239847575294,32537.991847380723,10854.429778113748,43392.42162549447,6577.620937973901,1460.1225201887464,0.20823565993061283,18.225711464021956,19333.18363628827,24884.293635429738,0.2976332150271523,0.3830922241120651,15136.592463323543,15136.592463323543,0,0.0,0.0,0.0,0.0,0.0,0.0,0.0,0.0,0.0,0.0,0.0,none,1448.3861562849056,16584.97861960845,504.72333075375485,504.72333075375485,0.0,15641.315794077298,0.2154110468670722,0.5181811771623273,0.1728613500867164,0.0702933619006643,0.0232530639832198,0.03792547054452576,0.04017598757987479,0.03233897581177691,0.967898969190171,41170.05129019338,0.0,0
2049Q3,2049-09-30,2049,3,2049,76015.04271961107,36196.983971110225,0.015497958573625237,0.019473428238653945,0.022366633995218432,-116.43081529957237,616.0331620429752,105.3355928129926,357.1044605250025,113.27843230067897,28.578941648284253,11.735734756017047,6.05491834437418,36.47528387672328,0.0,658.5633642640727,542.1325489645003,0.0,0.0,65539.16896822704,66081.30151719155,0.8693187447245001,-0.006126724981477092,0.034654370540486215,0.02852764555900912,65498.537480196916,582.7640369946275,13635.164008403794,32800.013924244595,10941.838375637979,43741.85229988257,6649.64057098314,1471.880600927412,0.2081750911236194,18.304063799033706,19210.866869007157,24835.155083605012,0.2933022264018559,0.379171139372597,15150.419511613663,15150.419511613665,0,0.0,0.0,0.0,0.0,0.0,0.0,0.0,0.0,0.0,0.0,0.0,none,1460.1225201887464,16610.54203180241,505.657265087777,505.657265087777,0.0,15656.076776701442,0.2154110468670722,0.5181811771623273,0.1728613500867164,0.0702933619006643,0.0232530639832198,0.037943317649988755,0.04019357429346349,0.03235592083550425,0.9691121248804944,41828.61465445746,1.4551915228366852e-11,0
2049Q4,2049-12-31,2049,4,2050,76676.67735729841,36336.421035834224,0.015497958573625237,0.019473428238653057,0.022366633995218432,-106.08188565291101,621.4672961989519,106.18383971544453,359.98015281858346,114.5792722654803,28.89379106948957,11.830240329954075,6.057832164559153,36.87465875458274,0.0,664.3997871180937,558.3179014651828,0.0,0.0,66081.30151719155,66639.61941865673,0.8690989452780936,-0.005533984481804815,0.03465981104121765,0.02912582655941284,66056.8553816621,582.7640369946275,13747.488643197845,33070.21599757572,11031.975758566528,44102.191756142245,6723.169228308233,1484.0057540137793,0.20811600194662394,18.249893650292833,19273.54756080593,24763.61208991413,0.29177210222084565,0.3748833023739229,14983.137765352534,14983.137765352534,0,0.0,0.0,0.0,0.0,0.0,0.0,0.0,0.0,0.0,0.0,0.0,none,1471.880600927412,16455.018366279946,521.4432427106001,521.4432427106001,0.0,15504.581008063135,0.2154110468670722,0.5181811771623273,0.1728613500867164,0.0702933619006643,0.0232530639832198,0.037958989732248115,0.04021711266962532,0.03214844009139177,0.9702634374231168,42493.01444157555,0.0,0
2050Q1,2050-03-31,2050,1,2050,77356.14328070718,36473.8915487907,0.015219177974386433,0.020390207990024445,0.022366633995218432,-110.62863167356176,627.0239895629446,107.05856780890322,362.9456205733925,115.8768368508605,29.215268081902718,11.92769624788575,6.057832164559153,37.282401717319225,0.0,670.364223444823,559.7355917712612,0.0,0.0,66639.61941865673,67199.35501042799,0.8687009481144554,-0.005720483311693374,0.03466378725796758,0.0289433039462742,66616.59097343335,582.7640369946275,13860.030831806405,33340.94140661008,11122.287722356366,44463.22912896644,6797.176621190175,1496.154391470341,0.20805674126035323,18.24318283669704,19468.899659925024,24813.44730103446,0.29225301648487545,0.3724814935506088,15191.499570558171,15191.49957055817,0,0.0,0.0,0.0,0.0,0.0,0.0,0.0,0.0,0.0,0.0,0.0,none,1484.0057540137793,16675.50532457195,522.4531900539421,522.4531900539421,0.0,15713.952760612112,0.2154110468670722,0.5181811771623273,0.1728613500867164,0.0702933619006643,0.0232530639832198,0.03798961686097981,0.04023817838654371,0.03207363859209457,0.9719055581154338,43163.37866502037,0.0,0
2050Q2,2050-06-30,2050,2,2050,78041.63025193631,36611.88214989548,0.015219177974386433,0.020390207990024445,0.02276633294218633,-115.2156684200225,632.8513178244812,107.9349901026924,365.91683193754466,117.28291732676882,29.691237536032386,12.025340921442863,6.057832164559153,38.360732449640025,0.0,677.2698824386804,562.0542140186578,0.0,0.0,67199.35501042799,67761.40922444664,0.8682726002224358,-0.00590534400924634,0.0347132616400912,0.028807917630844858,67178.64518745201,582.7640369946275,13972.840192908649,33612.30951136175,11212.814084612,44825.12359597375,6872.349529064762,1508.3318695048602,0.20799526626235937,18.22219091122002,19535.41408051886,24741.732437705126,0.290797976440403,0.3682975798137489,15260.139179808077,15260.139179808077,0,0.0,0.0,0.0,0.0,0.0,0.0,0.0,0.0,0.0,0.0,0.0,none,1496.154391470341,16756.293571278416,523.6934815690179,523.6934815690179,0.0,15783.832661377095,0.2154110468670722,0.5181811771623273,0.1728613500867164,0.0702933619006643,0.0232530639832198,0.03801939918706313,0.04031407041532358,0.032149260847894275,0.9732187269634204,43840.64854745905,0.0,0
2050Q3,2050-09-30,2050,3,2050,78733.19162615138,36750.394806782766,0.015219177974387321,0.020390207990024445,0.02276633294218633,-119.84335292622046,638.691407264285,108.8134930022761,368.89509688719426,118.83883396282165,30.02076601084785,12.123217401145318,6.057832164559153,38.7849803347766,0.0,683.5342197636207,563.6908668374003,0.0,0.0,67761.40922444664,68325.10009128404,0.8678055427463418,-0.0060885809631735675,0.03472661050039707,0.0286380295372235,67742.33605428941,582.7640369946275,14085.910719426867,33884.305861529116,11303.55002482131,45187.85588635043,6948.031908843254,1520.5375396688744,0.20793364297532155,18.191477404994043,19721.83989920011,24744.49464913844,0.29113020081555535,0.3652737134619619,15365.580679915076,15365.580679915076,0,0.0,0.0,0.0,0.0,0.0,0.0,0.0,0.0,0.0,0.0,0.0,none,1508.3318695048602,16873.912549419936,524.9058865026236,524.9058865026236,0.0,15890.4865664177,0.2154110468670722,0.5181811771623273,0.1728613500867164,0.0702933619006643,0.0232530639832198,0.03805396995309557,0.040349468972792166,0.032133098692351585,0.9747383144956103,44524.18276722267,0.0,0
2050Q4,2050-12-31,2050,4,2051,79430.88123132168,36889.43149453083,0.015219177974386433,0.020390207990024445,0.022766332942187217,-104.23301788991733,644.6365422381353,109.69402972753673,371.8802568302811,120.48840602428739,30.352529180941172,12.221320475088582,6.063659804929099,39.21210348952797,0.0,689.9123055325924,585.679287642675,0.0,0.0,68325.10009128404,68910.77937892672,0.8675565260096018,-0.005248992143817009,0.03474277484211226,0.02949378269829525,68328.01534193208,582.7640369946275,14203.625787643798,34167.47487029418,11398.01308005211,45565.48795034629,7025.657027875299,1533.2445760667176,0.20787411600593061,18.100150484979757,19705.482590746415,24774.244144606,0.2883953601189027,0.36257813168769654,15381.88514726491,15381.885147264911,0,0.0,0.0,0.0,0.0,0.0,0.0,0.0,0.0,0.0,0.0,0.0,none,1520.5375396688744,16902.422686933787,546.4671841531472,546.4671841531472,0.0,15928.352331418058,0.2154110468670722,0.5181811771623273,0.1728613500867164,0.0702933619006643,0.0232530639832198,0.03808346677150163,0.04038997701347542,0.03222560916790857,0.9761883764287042,45214.09507275526,0.0,0
2051Q1,2051-03-31,2051,1,2051,80109.2122534556,37027.85847642142,0.015094632227163673,0.01921496163380243,0.02276633294218544,-108.77216955200282,650.7141722764164,110.61073582127608,374.98803670147754,122.09911353245143,30.692832941074997,12.323453280136242,6.063659804929099,39.65019074082216,0.0,696.4280228221677,587.6558532701649,0.0,0.0,68910.77937892672,69498.43523219689,0.8675461070858177,-0.005431194065814113,0.03477392940121573,0.029342735335401618,68915.67119520226,582.7640369946275,14321.672261098327,34451.441089595246,11492.742078732099,45944.18316832735,7103.828378975908,1545.9873868006791,0.2078144493511857,18.14725766193756,19678.302357053533,24769.50835758915,0.28554176453299185,0.35941764663990594,15732.946018209768,15732.946018209768,0,0.0,0.0,0.0,0.0,0.0,0.0,0.0,0.0,0.0,0.0,0.0,none,1533.2445760667176,17266.190594276486,548.0056625293428,548.0056625293428,0.0,16280.951680739112,0.2154110468670722,0.5181811771623273,0.1728613500867164,0.0702933619006643,0.0232530639832198,0.038119234898982626,0.04042491053497729,0.032061912460759,0.9782395921371866,45910.52309557743,1.4551915228366852e-11,0
2051Q2,2051-06-30,2051,2,2051,80793.3361481909,37166.80490327331,0.015094632227163673,0.01921496163380243,0.022850408612718587,-113.35008507190815,656.929029317538,111.53002273330323,378.1045659583068,123.64475613751914,31.223810866998463,12.425873621410458,6.063659804929099,40.238171217760424,0.0,703.2308603402275,589.8807752683194,0.0,0.0,69498.43523219689,70088.31600746521,0.8675011993428448,-0.00561185317878206,0.03481628034521875,0.029204427166436692,69505.55197047058,582.7640369946275,14440.071349839602,34736.25554118073,11587.754041333455,46324.00958251419,7182.702776676218,1558.7682614405703,0.20775421445432823,18.074321390124915,19658.95224140949,24745.29428751799,0.28284002765364114,0.3560189594355142,15673.351948030433,15673.351948030433,0,0.0,0.0,0.0,0.0,0.0,0.0,0.0,0.0,0.0,0.0,0.0,none,1545.9873868006791,17219.33933483111,549.6426040505589,549.6426040505589,0.0,16222.994552080992,0.2154110468670722,0.5181811771623273,0.1728613500867164,0.0702933619006643,0.0232530639832198,0.038144285767082904,0.040474629852640956,0.032249265325617185,0.9797754844720311,46613.75395591766,0.0,0
2051Q3,2051-09-30,2051,3,2051,81483.30238602485,37306.272724295144,0.015094632227163673,0.01921496163380243,0.022850408612718587,-117.96709548873179,662.9877274845472,112.4520556368759,381.23040456445756,125.20600472959379,31.570662652291187,12.528599901328585,6.063659804929099,40.68493898157005,0.0,709.7363262710464,591.7692307823147,0.0,0.0,70088.31600746521,70680.08523824751,0.8674180251483009,-0.005790982546577015,0.03484082286742334,0.029049840320846333,70097.32120125288,582.7640369946275,14558.780994048398,35021.81704822171,11683.015216025717,46704.83226424742,7262.125283219109,1571.5826597379603,0.20769382830264535,18.05648413737369,19594.01102323469,24691.766384005266,0.27952581764115225,0.35224978588146016,15906.801162037973,15906.801162037973,0,0.0,0.0,0.0,0.0,0.0,0.0,0.0,0.0,0.0,0.0,0.0,none,1558.7682614405703,17465.569423478544,551.0842918007445,551.0842918007445,0.0,16457.885453838717,0.2154110468670722,0.5181811771623273,0.1728613500867164,0.0702933619006643,0.0232530639832198,0.038170430797305935,0.04050525774912049,0.03216089284070446,0.9812336208141506,47323.49028218871,-1.4551915228366852e-11,0
2051Q4,2051-12-31,2051,4,2052,82179.16085992736,37446.26389600992,0.015094632227163673,0.01921496163380243,0.022850408612718587,-98.97689966860952,669.0910224734566,113.37650699115191,384.3644421042323,126.79855276383725,31.919924986591216,12.631595627643858,6.070944355391532,41.13481139491191,0.0,716.2967782237602,617.3198785551506,0.0,0.0,70680.08523824751,71297.40511680266,0.8675849737420364,-0.004817615494386153,0.03486512983235119,0.030047514337965035,70714.64107980803,582.7640369946275,14682.89762255456,35320.385304586154,11782.615344634842,47103.000649220994,7343.762080061673,1584.9807279708134,0.20763589262913104,17.897892321170655,19764.44706679088,25612.89145683621,0.2794958266773194,0.3622006852573809,15719.085374584434,15719.085374584434,0,0.0,0.0,0.0,0.0,0.0,0.0,0.0,0.0,0.0,0.0,0.0,none,1571.5826597379603,17290.668034322396,576.1850671602385,576.1850671602385,0.0,16295.270441744673,0.2154110468670722,0.5181811771623273,0.1728613500867164,0.0702933619006643,0.0232530639832198,0.03819645999969761,0.04053740319125402,0.03209985819017128,0.9826595475822764,48039.78706041247,0.0,0
2052Q1,2052-03-31,2052,1,2052,82909.72255926982,37585.44010062169,0.014949853670766178,0.020776005458570612,0.022850408612718587,-103.86556057843251,675.4440473747113,114.34306523564364,387.64122871783206,128.44154212199933,32.278928698170624,12.739282601065412,6.070944355391532,41.59722619912412,0.0,723.112217929227,619.2466573507945,0.0,0.0,71297.40511680266,71916.65177415346,0.8674091476152543,-0.005011019570313093,0.03488672718267966,0.029875707612366572,71333.88773715883,582.7640369946275,14807.32969124111,35619.712366807486,11882.468605180546,47502.18097198803,7425.964226776456,1598.4128471532538,0.20757777489713017,17.853827424167985,19911.244545391623,26557.06860421807,0.27912742704782617,0.372292460801686,16070.031346834307,16070.031346834307,0,0.0,0.0,0.0,0.0,0.0,0.0,0.0,0.0,0.0,0.0,0.0,none,1584.9807279708134,17655.01207480512,577.6494311516703,577.6494311516703,0.0,16647.680777985977,0.2154110468670722,0.5181811771623273,0.1728613500867164,0.0702933619006643,0.0232530639832198,0.03822104011107162,0.04056878180879607,0.031918797499870026,0.9845712563728373,48762.8992783417,0.0,0
2052Q2,2052-06-30,2052,2,2052,83646.77885396908,37725.133580227404,0.014949853670766178,0.020776005458570612,0.02253572169058371,-108.79768102695624,681.7958877419925,115.31207997054014,390.9263432257111,129.94472898505236,32.765492301694366,12.847243258994277,6.070944355391532,41.488379632222276,0.0,729.3552117296063,620.55753070265,0.0,0.0,71916.65177415346,72537.20930485611,0.8671847296294803,-0.005202719459975654,0.03487786244598458,0.02967514298600892,71954.44526786148,582.7640369946275,14932.067583281618,35919.77510116755,11982.56728042815,47902.3423815957,7508.15732381038,1611.8779791738034,0.20752112712000909,17.698612742197927,20030.901244051438,27534.99062695848,0.27838309599196176,0.3826725440583309,16019.944366691629,16019.944366691629,0,0.0,0.0,0.0,0.0,0.0,0.0,0.0,0.0,0.0,0.0,0.0,none,1598.4128471532538,17618.357213844884,579.0691510704278,579.0691510704278,0.0,16599.013517762058,0.2154110468670722,0.5181811771623273,0.1728613500867164,0.0702933619006643,0.0232530639832198,0.038230066563886236,0.04056669456859967,0.03208935925126111,0.9857837649277321,49492.254490071304,0.0,0
2052Q3,2052-09-30,2052,3,2052,84390.3874801053,37865.34625737856,0.014949853670766178,0.020776005458570612,0.02253572169058371,-113.77364736364115,687.8898616549361,116.28347630480559,394.2195317353128,131.30375530140861,33.12762905579979,12.955469257609442,6.070944355391532,41.94758712484603,0.0,735.9083931351736,622.1347457715324,0.0,0.0,72537.20930485611,73159.34405062765,0.8669156077506419,-0.005392730179866177,0.03488114772828415,0.029488417548417974,72576.58001363302,582.7640369946275,15057.046306504533,36220.41716600955,12082.859215974793,48303.276381984346,7590.888216848098,1625.369108296057,0.20746425780432431,17.574014286070348,20167.309769689116,28560.21550782272,0.27787627587164926,0.3935183430034575,16215.523235406625,16215.523235406625,0,0.0,0.0,0.0,0.0,0.0,0.0,0.0,0.0,0.0,0.0,0.0,none,1611.8779791738034,17827.40121458043,580.1871586466864,580.1871586466864,0.0,16795.710394053312,0.2154110468670722,0.5181811771623273,0.1728613500867164,0.0702933619006643,0.0232530639832198,0.038233972250221814,0.04058101491290248,0.032003782727870723,0.9868593919950085,50228.162883206474,1.4551915228366852e-11,0
2052Q4,2052-12-31,2052,4,2053,85140.60668702472,38006.08006177218,0.014949853670767954,0.020776005458570612,0.022535721690584598,-106.76252937254253,693.9088153352267,117.25674811190406,397.5190783969537,132.57694982835608,33.492134790083334,13.063904207929555,6.072401265484019,42.40979924880123,0.0,742.391015849512,635.6284864769694,0.0,0.0,73159.34405062765,73794.97253710462,0.8667423854327649,-0.005015821875218701,0.03487835216295921,0.02986253028774051,73212.20850010999,582.7640369946275,15184.832164941463,36527.81192367213,12185.403799145723,48713.215722817855,7674.997351964464,1639.163260386215,0.20740847019959313,17.406110630706838,21045.76669058282,29435.242765872095,0.2874625301127366,0.4020537471674259,16262.005101949258,16262.005101949258,0,0.0,0.0,0.0,0.0,0.0,0.0,0.0,0.0,0.0,0.0,0.0,none,1625.369108296057,17887.374210245314,593.2186872281682,593.2186872281682,0.0,16855.223789177428,0.2154110468670722,0.5181811771623273,0.1728613500867164,0.0702933619006643,0.0232530639832198,0.0382339270004851,0.04059035933049172,0.032094451599499925,0.9878425806744195,50970.55389905599,0.0,0
2053Q1,2053-03-31,2053,1,2053,85878.75613703064,38146.96482258528,0.014910252990658845,0.01992533565251664,0.02253572169058371,-111.7019648303542,699.9856964655178,118.25188048448165,400.89273586230064,133.8035983977346,33.862707015646606,13.174774705354205,6.072401265484019,42.879711521695036,0.0,748.9378092526969,637.2358444223427,0.0,0.0,73794.97253710462,74432.20838152696,0.8667126974075028,-0.005202775161397042,0.03488349589310166,0.02968072073170462,73849.44434453233,582.7640369946275,15312.863041741457,36835.79608427224,12288.145002711251,49123.94108698349,7759.656354234024,1652.983861573373,0.20735244764065977,17.34536530303844,21971.027423832886,30339.47674339304,0.29751107295175716,0.41082877484966907,16597.017362410108,16597.017362410108,0,0.0,0.0,0.0,0.0,0.0,0.0,0.0,0.0,0.0,0.0,0.0,none,1639.163260386215,18236.180622796324,594.3561329006476,594.3561329006476,0.0,17191.373495310756,0.2154110468670722,0.5181811771623273,0.1728613500867164,0.0702933619006643,0.0232530639832198,0.03823442225801881,0.04059560067597427,0.03192018617749744,0.9893569207691273,51719.491708308684,0.0,0
2053Q2,2053-06-30,2053,2,2053,86623.30517275418,38288.37182920213,0.014910252990658845,0.01992533565251664,0.022725734639350792,-116.68422405591184,706.089517324989,119.24892093756159,404.27286202488676,135.0432682463207,34.23860832882405,13.285857787395988,6.072401265484019,43.71516962168538,0.0,755.8770882121584,639.1928641562465,0.0,0.0,74432.20838152696,75071.40124568321,0.8666420785488059,-0.005388121537187099,0.034904098231056925,0.02951597669386983,74488.63720868858,582.7640369946275,15441.135515307138,37144.36141700005,12391.08008093502,49535.44149793507,7845.229652941397,1666.830542504965,0.20729518076759815,17.168045171640376,22957.61173865105,31284.904373705493,0.3082028695777133,0.41999566035900476,16518.753396305194,16518.753396305194,0,0.0,0.0,0.0,0.0,0.0,0.0,0.0,0.0,0.0,0.0,0.0,none,1652.983861573373,18171.737257878565,595.4776945345611,595.4776945345611,0.0,17114.231090839756,0.2154110468670722,0.5181811771623273,0.1728613500867164,0.0702933619006643,0.0232530639832198,0.038233416706451084,0.04062096797330853,0.032079889608308605,0.9902818301685067,52475.368796520845,1.4551915228366852e-11,0
2053Q3,2053-09-30,2053,3,2053,87374.3092771295,38430.303017536,0.014910252990657957,0.01992533565251664,0.022725734639350792,-121.70967832141832,712.1826965145226,120.24784282545433,407.65936655157464,136.2626790678753,34.61565758423484,13.39715048538366,6.072401265484019,44.197259433051656,0.0,762.4523572130582,640.7426788916399,0.0,0.0,75071.40124568321,75712.14392457485,0.8665263800190376,-0.0055718748143867135,0.034905104876755,0.02933323006236829,75129.37988758022,582.7640369946275,15569.637988616469,37453.4800246859,12494.199727530679,49947.67975221658,7931.360095434638,1680.7020513125326,0.20723767468750684,17.04160166193234,23975.231062256928,32216.522721240948,0.31911924600112823,0.4288139043533717,16736.516889154427,16736.516889154427,0,0.0,0.0,0.0,0.0,0.0,0.0,0.0,0.0,0.0,0.0,0.0,none,1666.830542504965,18403.347431659393,596.5454194585883,596.5454194585883,0.0,17333.062308613014,0.2154110468670722,0.5181811771623273,0.1728613500867164,0.0702933619006643,0.0232530639832198,0.03822747300210602,0.04062544961524352,0.03199032151266474,0.9913104785656074,53237.8211537339,0.0,0
2053Q4,2053-12-31,2053,4,2054,88131.82441411512,38572.760330676436,0.014910252990658845,0.01992533565251664,0.022725734639350792,-103.55210711792165,718.1976312825356,121.24855583635076,411.05194327092687,137.39332822453477,34.995161213298765,13.508642737424484,6.073858175576505,44.68248799618619,0.0,768.9539774542983,665.4018703363766,0.0,0.0,75712.14392457485,76377.54579491122,0.8666284432741035,-0.0046998735272448,0.03490017289741449,0.03020029937016969,75794.78175791659,582.7640369946275,15703.347800577052,37775.125124914404,12601.498117986997,50376.623242901405,8019.675035612427,1695.135678825714,0.20718243969264907,17.135897267178336,24105.51725881522,32331.637784663584,0.3180366339177097,0.4265681229603464,17523.64036594802,17523.64036594802,0,0.0,0.0,0.0,0.0,0.0,0.0,0.0,0.0,0.0,0.0,0.0,none,1680.7020513125326,19204.342417260552,620.7193823401905,620.7193823401905,0.0,18144.35974828821,0.2154110468670722,0.5181811771623273,0.1728613500867164,0.0702933619006643,0.0232530639832198,0.038221303024235494,0.04062513290973969,0.0325615008981264,0.992256631329211,54006.7751311882,-1.4551915228366852e-11,0
2054Q1,2054-03-31,2054,1,2054,88891.20434754388,38714.97092715584,0.0148290126082804,0.01979116344579368,0.022725734639350792,-108.63360947370961,724.4420561314176,122.28982099699378,414.58199824593476,138.56130485319824,35.384279016728996,13.624653018561675,6.073858175576505,45.180023249521646,0.0,775.6959375565159,667.0623280828063,0.0,0.0,76377.54579491122,77044.60812299403,0.8667292640312035,-0.00488838508921434,0.034905407942217796,0.030017022853003457,76461.8440859994,582.7640369946275,15837.308118889297,38097.37282968934,12708.997532795518,50806.37036248486,8108.56925677521,1709.5963478500346,0.20712694427140033,17.34885070831841,24218.679730639342,32422.314573864245,0.3167420302262095,0.42403260033066553,17915.541137103428,17915.541137103428,0,0.0,0.0,0.0,0.0,0.0,0.0,0.0,0.0,0.0,0.0,0.0,none,1695.135678825714,19610.676815929142,621.8823048332846,621.8823048332846,0.0,18537.423441936713,0.2154110468670722,0.5181811771623273,0.1728613500867164,0.0702933619006643,0.0232530639832198,0.038213446961223946,0.04062429236149653,0.03242310018142573,0.9937063748588797,54782.471068744715,1.4551915228366852e-11,0
2054Q2,2054-06-30,2054,2,2054,89657.12740982682,38857.705827666825,0.014829012608279513,0.01979116344579479,0.022859099804621197,-113.75889613722427,730.6690520375779,123.3330369758504,418.1186668058396,139.73309011920918,35.74337749083387,13.74088064584465,6.073858175576505,45.94664096930469,0.0,782.6895511824591,668.9306550452349,0.0,0.0,77044.60812299403,77713.53877803926,0.8667859547050524,-0.0050752862342879745,0.03491923392123638,0.029843947686948404,77130.77474104463,582.7640369946275,15971.505757542844,38420.19141945653,12816.687390551126,51236.878810007656,8198.307538504281,1724.0826349898653,0.2070704697465422,17.469041205788407,24311.717358444203,32520.44859949399,0.31520125967964485,0.42162740759024747,17899.88789089963,17899.88789089963,0,0.0,0.0,0.0,0.0,0.0,0.0,0.0,0.0,0.0,0.0,0.0,none,1709.5963478500346,19609.484238749665,622.9840140759302,622.9840140759302,0.0,18522.87190497556,0.2154110468670722,0.5181811771623273,0.1728613500867164,0.0702933619006643,0.0232530639832198,0.038206810929281375,0.040635656160803536,0.032601446108406505,0.9947473597959344,55565.16061992718,0.0,0
2054Q3,2054-09-30,2054,3,2054,90429.64997924482,39000.96696522091,0.014829012608281289,0.019791163445792792,0.022859099804621197,-118.92834437201248,736.933854812835,124.3781010868649,421.66160082853435,140.8982498267329,36.138588891971715,13.857314178731041,6.073858175576505,46.45513667073346,0.0,789.462849659145,670.5345052871326,0.0,0.0,77713.53877803926,78384.07328332639,0.866796159238888,-0.005260590719937923,0.03492053103557696,0.02965994031563904,77801.30924633176,582.7640369946275,16105.939347664644,38743.5776013289,12924.566592771422,51668.14419410032,8288.631312087902,1738.5943924789096,0.20701373156421554,17.639622252437803,24359.575446501545,32443.83978637006,0.31309981390383956,0.41700891798166945,18156.794540360566,18156.79454036057,0,0.0,0.0,0.0,0.0,0.0,0.0,0.0,0.0,0.0,0.0,0.0,none,1724.0826349898653,19880.877175350433,624.079368616399,624.079368616399,0.0,18780.87390897697,0.2154110468670722,0.5181811771623273,0.1728613500867164,0.0702933619006643,0.0232530639832198,0.038202485703756735,0.040634507812800105,0.03251274277674994,0.9957428812250247,56354.623469586324,0.0,0
2054Q4,2054-12-31,2054,4,2055,91208.82891985717,39144.756279956215,0.014829012608279513,0.01979116344579368,0.022859099804622085,-101.71368719227871,743.2567153735159,125.42500266993842,425.2107641745836,142.11061760159959,36.5363784978452,13.973952429549236,6.0767719957614785,46.96695002083672,0.0,796.3004373901142,694.5867501978355,0.0,0.0,78384.07328332639,79078.66003352423,0.8670066370768622,-0.004460694798818298,0.03492207703224883,0.03046138223343053,78495.8959965296,582.7640369946275,16245.443806792615,39079.16199173825,13036.515025772907,52115.67701751116,8381.121635096622,1753.6535371292255,0.20695914863511905,17.703759898445817,24487.384962724278,32314.27018292609,0.3119575189485944,0.411668276063181,18054.760450761107,18054.76045076111,0,0.0,0.0,0.0,0.0,0.0,0.0,0.0,0.0,0.0,0.0,0.0,none,1738.5943924789096,19793.35484324002,647.6198001769988,647.6198001769988,0.0,18702.38025093811,0.2154110468670722,0.5181811771623273,0.1728613500867164,0.0702933619006643,0.0232530639832198,0.038193919378743814,0.04063582837864593,0.03252701669868416,0.9967960832850788,57150.92390697644,0.0,0
2055Q1,2055-03-31,2055,1,2055,91998.29702064375,39289.12037721519,0.014833626650489373,0.019945074784910366,0.022859099804621197,-106.99652893903476,749.7246402017591,126.5113936453975,428.89380285932623,143.28075074936058,36.94370264299874,14.094990304676148,6.0767719957614785,47.49103997182913,0.0,803.2924521693498,696.295923230315,0.0,0.0,79078.66003352423,79774.95595675455,0.867135137717317,-0.004652109110890412,0.03492640530026754,0.030274296189377128,79192.19191975992,582.7640369946275,16385.203545907792,39415.36046989381,13148.668313835822,52564.02878372963,8474.219351530255,1768.7402385922608,0.20690428120123014,17.87758094643749,24606.685747771186,32083.36877858841,0.3107211096354483,0.4051329809269115,18439.85380771215,18439.85380771215,0,0.0,0.0,0.0,0.0,0.0,0.0,0.0,0.0,0.0,0.0,0.0,none,1753.6535371292255,20193.507344841375,648.8048832584859,648.8048832584859,0.0,19088.658690970635,0.2154110468670722,0.5181811771623273,0.1728613500867164,0.0702933619006643,0.0232530639832198,0.03818147101452681,0.040632577832189154,0.03236615925461109,0.9982822277303461,57954.21635914579,1.4551915228366852e-11,0
2055Q2,2055-06-30,2055,2,2055,92794.59844984312,39434.016882759664,0.014833626650488485,0.019945074784910366,0.022480077339169124,-112.32509690648624,756.1252218730281,127.59977261375694,432.58358115708336,144.44428198881903,37.28133644568316,14.216249667685295,6.0767719957614785,47.228978911607825,0.0,809.4309727803974,697.1058758739111,0.0,0.0,79774.95595675455,80472.06183262846,0.8672063156361932,-0.0048418808328460905,0.03489129696349328,0.03004941613064719,79889.29779563383,582.7640369946275,16525.194208617166,39752.114445372325,13261.006911634891,53013.121357007214,8567.130362350916,1783.8518676585413,0.2068511636050494,17.949654423259396,24755.488269214573,31911.45744011089,0.309872397834088,0.3994459623583641,18404.797915301428,18404.797915301428,0,0.0,0.0,0.0,0.0,0.0,0.0,0.0,0.0,0.0,0.0,0.0,none,1768.7402385922608,20173.53815389369,649.8768969623034,649.8768969623034,0.0,19054.67481226373,0.2154110468670722,0.5181811771623273,0.1728613500867164,0.0702933619006643,0.0232530639832198,0.03817153634272485,0.040585718315867665,0.0325484232595184,0.9993067981453493,58763.647331926186,0.0,0
2055Q3,2055-09-30,2055,3,2055,93597.79235408481,39579.447760087416,0.014833626650490261,0.019945074784911254,0.022480077339169124,-117.69978688299136,762.5832007809354,128.6899498996062,436.2794560379602,145.5859978910441,37.69008756601946,14.337709386305526,6.0767719957614785,47.74679559638742,0.0,816.4067683730843,698.706981490093,0.0,0.0,80472.06183262846,81170.76881411855,0.8672295229682955,-0.005030024060299524,0.03489000104979312,0.029859976989493595,80588.00477712392,582.7640369946275,16665.418223729313,40089.42976078454,13373.532768221177,53462.962529005716,8660.635337877251,1798.9886865116562,0.20679775197089922,18.037145874959716,24773.1216297482,31640.380907677383,0.30740457836450136,0.39261898833682213,18623.958583544714,18623.958583544718,0,0.0,0.0,0.0,0.0,0.0,0.0,0.0,0.0,0.0,0.0,0.0,none,1783.8518676585413,20407.81045120326,650.9601858937056,650.9601858937056,0.0,19274.918769438424,0.2154110468670722,0.5181811771623273,0.1728613500867164,0.0702933619006643,0.0232530639832198,0.03816375763346468,0.040580879862186475,0.03246913539003184,1.0,59580.05410029927,0.0,0
2055Q4,2055-12-31,2055,4,2056,94407.93839194835,39725.414979937486,0.014833626650489373,0.019945074784910366,0.022480077339169124,-104.49268558269705,769.096442781027,129.781944417292,439.98149162460913,146.77218340671132,38.101451764576964,14.459371567837437,6.084056546223911,48.26792259747998,0.0,823.448421924731,718.9557363420339,0.0,0.0,81170.76881411855,81889.72455046058,0.8674029530279903,-0.004427283864578438,0.034888948363899844,0.030461664499321407,81306.96051346595,582.7640369946275,16809.891787809014,40436.96756161911,13489.46876919177,53926.43633081088,8756.048161688643,1814.5842331574243,0.206746036030027,18.044063678789524,24659.696876626167,31557.084884822634,0.3032913384155107,0.38812279644368447,18604.32243564029,18604.32243564029,0,0.0,0.0,0.0,0.0,0.0,0.0,0.0,0.0,0.0,0.0,0.0,none,1798.9886865116562,20403.311122151947,670.6878137445539,670.6878137445539,0.0,19275.010249384843,0.2154110468670722,0.5181811771623273,0.1728613500867164,0.0702933619006643,0.0232530639832198,0.03815863054962639,0.04057856954936237,0.03226927413741276,1.0,60403.502522224,0.0,0
2056Q1,2056-03-31,2056,1,2056,95240.53370351072,39872.106310048424,0.01485254191540597,0.02058758735569799,0.022480077339169124,-110.06411939451652,775.8540654476359,130.90703229756272,443.79571898876867,148.04538406888014,38.521209318422066,14.584720774002799,6.084056546223911,48.79968252211204,0.0,830.7378045159718,720.6736851214553,0.0,0.0,81889.72455046058,82610.39823558203,0.8673869729956887,-0.004622574658691119,0.03489009446763944,0.03026751980894832,82027.6341985874,582.7640369946275,16954.620870071707,40785.12002319081,13605.609816369259,54390.72983956007,8852.076126627122,1830.207362328529,0.2066940127643433,18.16298326412973,24452.930023959903,31386.9143832544,0.29810600126245024,0.3826382985429917,18988.027489498465,18988.027489498465,0,0.0,0.0,0.0,0.0,0.0,0.0,0.0,0.0,0.0,0.0,0.0,none,1814.5842331574243,20802.61172265589,671.8740025993433,671.8740025993433,0.0,19659.901492097808,0.2154110468670722,0.5181811771623273,0.1728613500867164,0.0702933619006643,0.0232530639832198,0.03815348161337824,0.040578366044158314,0.03219735486267198,1.0,61234.24032673997,0.0,0
2056Q2,2056-06-30,2056,2,2056,96080.47177633495,40019.33931722782,0.01485254191540597,0.02058758735569799,0.022908651366030597,-115.68468837176181,782.6298785390408,132.03411002568342,447.616692254518,149.32103128726953,38.94775329685436,14.710291674715549,6.084056546223911,50.2674840824495,0.0,838.9814191677142,723.2967307959524,0.0,0.0,82610.39823558203,83333.69496637798,0.8673322833007097,-0.004816158215420231,0.03492828058216754,0.030112122366747315,82750.93092938335,582.7640369946275,17099.59880467842,41133.87111051749,13721.950560604,54855.82167112149,8949.653099118534,1845.8573544649362,0.20663935272547687,18.18588873921926,24276.581140389015,31362.676094526872,0.29336928138132695,0.3790008854557859,18983.811277501853,18983.811277501853,0,0.0,0.0,0.0,0.0,0.0,0.0,0.0,0.0,0.0,0.0,0.0,none,1830.207362328529,20814.01863983038,673.0292467135029,673.0292467135029,0.0,19656.840524215357,0.2154110468670722,0.5181811771623273,0.1728613500867164,0.0702933619006643,0.0232530639832198,0.03814803948492149,0.04062352619461637,0.03228160504903933,1.0,62073.221745907686,0.0,0
2056Q3,2056-09-30,2056,3,2056,96927.8173671428,40167.11600168965,0.01485254191540597,0.0205875873556971,0.022908651366030597,-121.35482584354747,789.4187895640792,133.16312569143318,451.4442354379282,150.59827320251466,39.37707674569118,14.836078486511923,6.084056546223911,50.821585610877555,0.0,846.3244317211808,724.9696058776333,0.0,0.0,83333.69496637798,84058.66457225561,0.8672295204364145,-0.005008049459480973,0.03492596675381543,0.02991791729433446,83475.90053526098,582.7640369946275,17244.817735467444,41483.20192524097,13838.484697545598,55321.68662278657,9047.862815492637,1861.5333615143597,0.20658438692953154,18.1842405924386,24132.599184220533,31326.40818626753,0.28909660188723213,0.37527487556764927,19075.681714948925,19075.681714948925,0,0.0,0.0,0.0,0.0,0.0,0.0,0.0,0.0,0.0,0.0,0.0,none,1845.8573544649362,20921.539069413862,674.1480202667557,674.1480202667557,0.0,19749.82973521568,0.2154110468670722,0.5181811771623273,0.1728613500867164,0.0702933619006643,0.0232530639832198,0.03814255361880162,0.04062339643346624,0.032239347197253146,1.0,62919.546177628865,0.0,0
2026Q4,2026-12-31,2026,4,2027,32813.516450759125,24573.2,0.01902398695529306,0.02374108660242924,0.02771554138299126,181.01413211050513,253.59837549789904,55.91196830625741,138.7066086465815,45.90202768161394,6.830451248587104,6.247319614859042,4.968063415379199,15.669722733652822,0.0,274.23616164693107,455.2502937574362,5.538,0.0,32215.665354410852,32676.453648168288,0.9958229773149575,0.022065801131937807,0.0334296584224318,0.05549545955436961,32093.68961117366,582.7640369946275,6895.757985337136,16588.06287902927,5533.653229735284,22121.71610876455,2331.8363221424097,744.3791949295533,0.21486336002128986,24.384760130779657,10385.012974587089,13379.727578582877,0.3235842653308228,0.4168958988724258,7665.516018009889,7665.51601800989,0,0.0,0.0,0.0,0.0,0.0,0.0,0.0,0.0,0.0,0.0,0.0,none,734.0288243174178,8399.544842327308,445.1185710237834,445.1185710237834,0.0,8110.634589033673,0.2154110468670722,0.5181811771623273,0.1728613500867164,0.0702933619006643,0.0232530639832198,0.0324247835945924,0.034050038530013926,0.03382278434328908,0.2728936095133243,274.23616164693107,0.0,16
2027Q1,2027-03-31,2027,1,2027,33147.220203151985,24680.599999999995,0.017597408546793147,0.023296209984862815,0.026152401325720165,166.87440338955508,260.1793363131211,56.51073668983783,143.33142882102285,46.643714363326666,7.407487626926626,6.285968812007096,4.968063415379199,15.098502926754508,0.0,280.24590265525484,447.1203060448099,5.538,0.0,32676.453648168288,33129.1119542131,0.9994537023367901,0.02013736323792086,0.03381832937274253,0.05395569261066339,32546.34791721847,582.7640369946275,6990.013200593747,16814.798132887896,5609.290408045949,22424.088540933844,2377.6923746629245,754.5538010279424,0.2147710464588169,24.490055552875017,10364.563857114556,13188.97906384872,0.31845551099855474,0.40523683632322877,7815.471939024207,7815.471939024208,0,0.0,0.0,0.0,0.0,0.0,0.0,0.0,0.0,0.0,0.0,0.0,none,744.3791949295533,8559.851133953762,437.5598031180554,437.5598031180554,0.0,8253.031742142264,0.2154110468670722,0.5181811771623273,0.1728613500867164,0.0702933619006643,0.0232530639832198,0.032742576159861266,0.034305546822516256,0.03367255351052798,0.3080363636661604,554.4820643021859,0.0,16
2027Q2,2027-06-30,2027,2,2027,33480.81936295423,24789.999999999996,0.01784876327045648,0.022616048740021766,0.02507028033791192,152.4529463523869,266.4377791361546,57.0385077168448,147.95167097162633,47.385468394260364,7.712778996575898,6.349353056847243,4.968063415379199,14.764265518284336,0.0,286.1701080698181,438.62305442220503,5.538,0.0,33129.1119542131,33573.2730086353,1.002761391370946,0.0182137652844987,0.034189140351380876,0.05240290563587957,32990.50897164067,582.7640369946275,7082.510012412899,17037.303466431855,5683.516516698782,22720.819983130637,2422.640384062616,764.5385920345144,0.21468325991882006,24.539529869592933,10371.485774796634,13007.322856389981,0.3143778649705641,0.3942746948090842,7892.223703782042,7892.223703782041,0,0.0,0.0,0.0,0.0,0.0,0.0,0.0,0.0,0.0,0.0,0.0,none,754.5538010279424,8646.777504809983,429.3967889039207,429.3967889039207,0.0,8321.620492685963,0.2154110468670722,0.5181811771623273,0.1728613500867164,0.0702933619006643,0.0232530639832198,0.03305636001414109,0.03455210130175859,0.033664835741244584,0.34161960160284244,840.6521723720041,-7.275957614183426e-12,16
2027Q3,2027-09-30,2027,3,2027,33819.64204625321,24903.499999999993,0.01843999428756682,0.022248000239960097,0.024382592342289344,137.74089279297084,272.6660571583177,57.58080640091687,152.41089447725517,48.17374966815345,8.09990086403821,6.400705747954021,4.968063415379199,14.634425310814011,0.0,292.26854588451096,430.0094386774818,5.538,0.0,33573.2730086353,34008.820447312784,1.005593743446511,0.01629123012060156,0.03456790530009653,0.050859135420698094,33426.05641031815,582.7640369946275,7173.179325262187,17255.41266718114,5756.276108458412,23011.68877563955,2466.862200150712,774.3261092656994,0.2145984329472958,24.62026714084778,10310.193486677294,12756.628746653842,0.30844779773346764,0.3816372649546552,8019.556596934353,8019.5565969343525,0,0.0,0.0,0.0,0.0,0.0,0.0,0.0,0.0,0.0,0.0,0.0,none,764.5385920345144,8784.095188968868,420.91301336666777,420.91301336666777,0.0,8440.469610301021,0.2154110468670722,0.5181811771623273,0.1728613500867164,0.0702933619006643,0.0232530639832198,0.03341850995265093,0.034821573197148493,0.03360762655896764,0.3752087604928251,1132.920718256515,7.275957614183426e-12,16
2027Q4,2027-12-31,2027,4,2028,34158.5183188548,25016.899999999994,0.01833909570101455,0.021945305341696475,0.024162847358085493,143.32904156875802,279.2970039222273,58.13861843125002,157.36261393710714,48.899513670442104,8.442249762698612,6.454008120729606,5.137064986107641,14.768451373636475,0.0,299.20252028197143,442.5315618507294,2.14175,0.0,34008.820447312784,34453.49375916351,1.0086354869832246,0.016783988137991725,0.03503694363895377,0.051820931776945495,33870.729722168886,582.7640369946275,7265.785581310801,17478.181273850965,5830.590043049324,23308.77131690029,2511.8501094647186,784.3227144930704,0.21451517699529332,24.539683671285854,10266.77210892779,12681.28212690741,0.30311635424282096,0.3744023890517873,7906.656463159866,7906.656463159866,0,0.0,0.0,0.0,0.0,0.0,0.0,0.0,0.0,0.0,0.0,0.0,none,774.3261092656994,8680.982572425564,429.904860477093,429.904860477093,0.0,8336.561323636959,0.2154110468670722,0.5181811771623273,0.1728613500867164,0.0702933619006643,0.0232530639832198,0.03370697532484602,0.03519116703803386,0.03333792559207618,0.402070627533296,1432.1232385384865,-7.275957614183426e-12,16
2028Q1,2028-03-31,2028,1,2028,34499.59871590287,25131.59999999999,0.018466116274653555,0.0216767083117837,0.023850744937782276,128.0388754749042,285.45503855916013,58.74387642489783,161.9503275989648,49.59933729107048,8.639853873217335,6.521643371009881,5.137064986107641,14.84524972322013,0.0,305.4373532684879,433.4762287433921,2.14175,0.0,34453.49375916351,34889.111737906904,1.0112903638448552,0.014845259683079577,0.03541343837459699,0.05025869805767657,34306.34770091228,582.7640369946275,7356.424675362151,17696.217781892447,5903.325385067423,23599.54316695987,2556.272888906885,794.1069696833705,0.2144333386782099,24.482645854741158,10186.824383557403,12551.84888392245,0.29693701213453605,0.3658754057223255,8071.254089044043,8071.254089044043,0,0.0,0.0,0.0,0.0,0.0,0.0,0.0,0.0,0.0,0.0,0.0,none,784.3227144930704,8855.576803537113,420.772729020172,420.772729020172,0.0,8492.026818064216,0.2154110468670722,0.5181811771623273,0.1728613500867164,0.0702933619006643,0.0232530639832198,0.03401308970970453,0.035460827909477424,0.0332366150802367,0.43001857966987717,1737.5605918069743,0.0,16
2028Q2,2028-06-30,2028,2,2028,34836.751701773224,25242.599999999988,0.017784392025415263,0.02150065998978512,0.023590801926968608,112.47222833517243,291.7543056483066,59.32956500679574,166.51268923031765,50.3794238342146,8.943524996030758,6.589102580947746,5.137064986107641,14.944566202063845,0.0,311.83593683647814,424.30816517165056,2.14175,0.0,34889.111737906904,35315.56165307856,1.0137443914232958,0.012914203861256959,0.035805397645108844,0.048719601506365805,34732.79761608393,582.7640369946275,7445.067473375089,17909.452108030102,5974.458755258211,23883.910863288314,2600.1435495281266,803.6757298923974,0.21435265755636845,24.423410545853542,10087.007381383375,12462.613627605566,0.2904173597784799,0.3588139880167449,8173.612316324524,8173.612316324525,0,0.0,0.0,0.0,0.0,0.0,0.0,0.0,0.0,0.0,0.0,0.0,none,794.1069696833705,8967.719286007896,411.5053489695867,411.5053489695867,0.0,8585.117665294112,0.2154110468670722,0.5181811771623273,0.1728613500867164,0.0702933619006643,0.0232530639832198,0.03429184713872855,0.035751662487602906,0.033171697857109037,0.45736437892312315,2049.3965286434523,7.275957614183426e-12,16
2028Q3,2028-09-30,2028,3,2028,35168.71769035311,25350.699999999986,0.01724012308766243,0.02106182624872388,0.023346411992499982,96.63833165206779,297.8024791402528,59.914180491985846,171.12050882147128,51.14410756376557,8.967238030196263,6.656444232833782,5.137064986107641,15.044922060083692,0.0,317.98446618644414,414.62279783851193,2.14175,0.0,35315.56165307856,35732.32620091707,1.0160258476162343,0.010991396672796631,0.03616673988357196,0.04715813655636859,35149.56216392244,582.7640369946275,7531.602318511069,18117.615656605176,6043.900552126601,24161.516208731777,2643.426694625651,813.0169420539382,0.21427300526211152,24.335027806140697,9984.191991472864,12403.596858671865,0.28404882953906757,0.35288055085371545,8229.786747713379,8229.78674771338,0,0.0,0.0,0.0,0.0,0.0,0.0,0.0,0.0,0.0,0.0,0.0,none,803.6757298923974,9033.462477605777,401.7196257784282,401.7196257784282,0.0,8631.50637349181,0.2154110468670722,0.5181811771623273,0.1728613500867164,0.0702933619006643,0.0232530639832198,0.03456821542714895,0.0360163566769976,0.033166543355519364,0.4829977351012016,2367.3809948298963,-7.275957614183426e-12,16
2028Q4,2028-12-31,2028,4,2029,35502.9460537084,25460.399999999983,0.01742186418178404,0.020775810233577552,0.02309377715644856,38.86169287455877,303.80688727055946,60.497595623440155,175.48237271821162,51.85431033760111,9.248958480520376,6.72365011078607,5.268186894431433,15.13126079796538,0.0,324.20633496295625,363.06802783751505,-2.42575,0.0,35732.32620091707,36092.968478754585,1.0166189708356486,0.0043784189419964524,0.0365272599600609,0.04090567890205735,35510.20444175995,582.7640369946275,7606.029208395665,18296.652962137283,6103.626053001892,24400.279015139175,2682.8450863850453,821.0511318400663,0.2141927743860293,24.078714268513554,10026.744578962353,12238.567008220412,0.2823623444750128,0.3446492973109407,8128.627725871326,8128.627725871327,0,0.0,0.0,0.0,0.0,0.0,0.0,0.0,0.0,0.0,0.0,0.0,none,813.0169420539382,8941.644667925266,345.51101703954964,345.51101703954964,0.0,8474.138742910876,0.2154110468670722,0.5181811771623273,0.1728613500867164,0.0702933619006643,0.0232530639832198,0.0347631646331408,0.036292776813913165,0.03286999096808961,0.5020268749162254,2691.5873297928524,0.0,16
2029Q1,2029-03-31,2029,1,2029,35840.4078533226,25572.199999999983,0.017680562926939647,0.020522825130940392,0.02297286568423096,22.442844645455352,308.6545449823059,61.00035425133323,179.03567446009012,52.47169141656565,9.366995133147546,6.779829721169327,5.268186894431433,15.277172549020372,0.0,329.19990442575767,351.642749071213,-2.42575,0.0,36092.968478754585,36442.1854778258,1.0167904792536397,0.0025047532647846002,0.03674064265931495,0.03924539592409955,35859.42144083117,582.7640369946275,7677.963536017419,18469.694294545938,6161.351342262242,24631.04563680818,2721.596012012836,828.8162559927322,0.2141128670658066,23.853769754048788,10048.772644957968,12126.940547834169,0.28022684809733095,0.33818003918004885,8241.067103118461,8241.067103118461,0,0.0,0.0,0.0,0.0,0.0,0.0,0.0,0.0,0.0,0.0,0.0,none,821.0511318400663,9062.118234958527,333.9398265221927,333.9398265221927,0.0,8575.006929640655,0.2154110468670722,0.5181811771623273,0.1728613500867164,0.0702933619006643,0.0232530639832198,0.034942202793565705,0.0364835499323958,0.032778855012479256,0.5214820126860821,3020.78723421861,0.0,16
2029Q2,2029-06-30,2029,2,2029,36178.04858394721,25682.99999999998,0.01744428695602207,0.020418069374665837,0.022841686194156274,5.738130141915121,313.29557645566973,61.48129301465928,182.29674761575984,53.06759640231316,9.616349392277382,6.833590030660076,5.268186894431433,15.410084456540632,0.0,333.9738478066418,339.7119779485569,-2.42575,0.0,36442.1854778258,36779.471705774355,1.0166239790527012,0.0006344322445806238,0.0369255790048147,0.03756001124939532,36196.70766877972,582.7640369946275,7747.29921304857,18636.4844534811,6216.991286986978,24853.47574046808,2759.63185271105,836.3008625520241,0.21403325639283893,23.60959639581695,10127.92067333719,11958.851357357047,0.2798022617419621,0.3303850578562912,8307.28643039785,8307.28643039785,0,0.0,0.0,0.0,0.0,0.0,0.0,0.0,0.0,0.0,0.0,0.0,none,828.8162559927322,9136.10268639058,321.8761434920163,321.8761434920163,0.0,8629.162573889866,0.2154110468670722,0.5181811771623273,0.1728613500867164,0.0702933619006643,0.0232530639832198,0.03501274086433876,0.03665793842247545,0.03266672985590562,0.5403368169242928,3354.761082025252,0.0,16
2029Q3,2029-09-30,2029,3,2029,36519.26990879109,25795.399999999983,0.017620997896754975,0.020285549943514614,0.02275805762511629,-11.269916499557695,316.88132340427563,61.93965720832332,184.90209117713,53.66948150437298,9.48315591133343,6.886937603115896,5.268186894431433,15.568720387164364,0.0,337.71823068587145,326.4483141863137,-2.42575,0.0,36779.471705774355,37103.49426996066,1.0159977010117867,-0.0012344076459036492,0.036990688097471996,0.03575628045156835,36520.73023296604,582.7640369946275,7813.743578451517,18796.319429361192,6270.311034865534,25066.630464226728,2796.88283077004,843.4733595177557,0.21395365121692755,23.337706998850273,10238.247768491781,11879.171401852378,0.28034071890627366,0.3252720119799097,8342.406489142239,8342.406489142239,0,0.0,0.0,0.0,0.0,0.0,0.0,0.0,0.0,0.0,0.0,0.0,none,836.3008625520241,9178.707351694262,308.45384379914935,308.45384379914935,0.0,8650.860332941387,0.2154110468670722,0.5181811771623273,0.1728613500867164,0.0702933619006643,0.0232530639832198,0.035181461725048616,0.03672899201897453,0.032683871326722284,0.5577654630769227,3692.4793127111234,-7.275957614183426e-12,16
2029Q4,2029-12-31,2029,4,2030,36865.49983791807,25910.199999999983,0.017920813193843088,0.020183196343088072,0.022686563355431177,-10.196921809168401,321.2619156266374,62.39274247393517,187.88564914260456,54.196226923045735,9.847620021619555,6.9396770654323365,5.3789120614604125,15.72972030748696,0.0,342.3705479955848,332.1736261864164,-5.94,0.0,37103.49426996066,37429.72789614709,1.015305042945564,-0.0011063918139181546,0.0371480706352381,0.03604167882131995,36846.963859152456,582.7640369946275,7880.629549873212,18957.216708823038,6323.985159242964,25281.201868066004,2834.438914505043,850.6935267081983,0.21387459710376475,23.023933089405837,10096.374671401769,11769.768762545791,0.274008320196887,0.3194230278384873,8378.558414753701,8378.558414753701,0,0.0,0.0,0.0,0.0,0.0,0.0,0.0,0.0,0.0,0.0,0.0,none,843.4733595177557,9222.031774271456,310.50390587892946,310.50390587892946,0.0,8689.06232063263,0.2154110468670722,0.5181811771623273,0.1728613500867164,0.0702933619006643,0.0232530639832198,0.03526951106708994,0.03690979027522712,0.03262426925129874,0.574072185164349,4034.849860706708,1.4551915228366852e-11,16
2030Q1,2030-03-31,2030,1,2030,37214.787548312044,26025.99999999998,0.017997333864965714,0.02008187040489151,0.022638322874940497,-27.8311972623124,324.94079493817446,62.86772223411356,190.3236468421054,54.77792024598614,9.980931560244665,6.990574055724599,5.3789120614604125,15.907322464263215,0.0,346.2270294638981,318.3958322015857,-5.94,0.0,37429.72789614709,37742.18372834867,1.0141716832146888,-0.002991412725512092,0.03721391976395705,0.034222507038444955,37159.41969135404,582.7640369946275,7944.509374802599,19110.882564684456,6375.246935002361,25486.129499686816,2871.191628685375,857.5891881792487,0.21379530253135423,22.718794213265234,10026.652644512753,11708.275788216166,0.26982802013040247,0.31508230982789953,8465.501173924184,8465.501173924184,0,0.0,0.0,0.0,0.0,0.0,0.0,0.0,0.0,0.0,0.0,0.0,none,850.6935267081983,9316.194700632383,296.5485097373225,296.5485097373225,0.0,8762.049683661506,0.2154110468670722,0.5181811771623273,0.1728613500867164,0.0702933619006643,0.0232530639832198,0.03540626431790098,0.037000218695101735,0.0325783794385311,0.5903309565839944,4381.076890170606,0.0,16
2030Q2,2030-06-30,2030,2,2030,37564.73739844506,26141.29999999998,0.017838848225115722,0.01995316485744958,0.022612820884429397,-45.76469098370515,328.9725654991286,63.297878443739506,192.93047091245433,55.3338542040968,10.367410730915802,7.042951207922082,5.3789120614604125,16.09558387310841,0.0,350.44706143369746,304.6823704499923,-5.94,0.0,37742.18372834867,38040.92609879866,1.0126764815444527,-0.004873154362644315,0.037316599098409106,0.03244344473576479,37458.16206180403,582.7640369946275,8005.39461499274,19257.344809274015,6424.105640127715,25681.45044940173,2907.155405417393,864.1615919921725,0.21371562763235025,22.471422526335,9838.996002627844,11535.066714126107,0.26266627781667473,0.3079453470005774,8583.520288557513,8583.520288557513,0,0.0,0.0,0.0,0.0,0.0,0.0,0.0,0.0,0.0,0.0,0.0,none,857.5891881792487,9441.109476736761,282.64678657688387,282.64678657688387,0.0,8866.167075134397,0.2154110468670722,0.5181811771623273,0.1728613500867164,0.0702933619006643,0.0232530639832198,0.0355579713284716,0.037141153671028514,0.03260387232143366,0.6075304673262167,4731.523951604304,7.275957614183426e-12,16
2030Q3,2030-09-30,2030,3,2030,37917.82965732295,26257.099999999977,0.017837173553037378,0.019938881222312688,0.022609552821165613,-64.01500143401034,333.03624039476347,63.7429546218797,195.89062199206552,55.78834089782108,10.523877020701532,7.090445862295776,5.3789120614604125,16.294857149101208,0.0,354.7100096053251,290.6950081713148,-5.94,0.0,38040.92609879866,38325.681106969976,1.0107561918319936,-0.006753023789867396,0.037418809337028715,0.03066578554716132,37742.91706997535,582.7640369946275,8063.223897166527,19396.45580635188,6470.5120242778985,25866.96783062978,2942.321229118203,870.4041130608367,0.213635418857989,22.19536851405092,9706.88146768366,11392.683381401444,0.2571841876897619,0.30184957247155575,8644.475798504562,8644.475798504562,0,0.0,0.0,0.0,0.0,0.0,0.0,0.0,0.0,0.0,0.0,0.0,none,864.1615919921725,9508.637390496735,268.46015102221355,268.46015102221355,0.0,8912.935949526774,0.2154110468670722,0.5181811771623273,0.1728613500867164,0.0702933619006643,0.0232530639832198,0.03576877761144561,0.03729772600005413,0.03255978483276881,0.6243357072422364,5086.233961209629,0.0,16
2030Q4,2030-12-31,2030,4,2031,38272.713722319015,26372.999999999978,0.01777342391157455,0.019839987430776862,0.02260563078501021,-74.28650665661175,337.56186573098074,64.14294610195972,198.914971236443,56.292314229692074,11.074320435786872,7.137313727098861,5.499835599136797,16.48912762448168,0.0,359.55082895459924,285.2643222979875,-9.2495,0.0,38325.681106969976,38601.69592926797,1.0085957376666788,-0.007763913183223381,0.03757777214997164,0.029813858966748263,38018.93189227334,582.7640369946275,8119.128598745051,19530.93713632167,6515.373986241354,26046.311122563024,2977.053290320893,876.4388806443693,0.213554884228484,21.688252672689067,9795.269545425608,12187.94820936483,0.257641892023177,0.3205757658815715,8417.999548480455,8417.999548480457,0,0.0,0.0,0.0,0.0,0.0,0.0,0.0,0.0,0.0,0.0,0.0,none,870.4041130608367,9288.403661541293,259.5256946735058,259.5256946735058,0.0,8677.525243153963,0.2154110468670722,0.5181811771623273,0.1728613500867164,0.0702933619006643,0.0232530639832198,0.03589216117225329,0.03752583840073863,0.032359481143966196,0.6334174469667697,5445.784790164229,0.0,16
2031Q1,2031-03-31,2031,1,2031,38631.20724469732,26489.69999999998,0.01781775002184327,0.01982598390139856,0.02258993228072148,-76.70890152785373,341.2056827486699,64.54707236002317,201.4776638706753,56.77973944642501,11.21659934746424,7.184607724082219,5.499835599136797,16.67228070289801,0.0,363.37779905070477,286.668897522851,-9.2495,0.0,38601.69592926797,38879.11532679081,1.0064173009278015,-0.00794268747978443,0.037625311241142594,0.02968262376135816,38296.351289796185,582.7640369946275,8175.296408146808,19666.051384257116,6560.447084886069,26226.498469143186,3012.0543624709712,882.5020500352239,0.21347455130340479,21.293008231782046,9859.816281999545,12999.195477125437,0.2574609838777677,0.339436918644231,8570.759669813926,8570.759669813926,0,0.0,0.0,0.0,0.0,0.0,0.0,0.0,0.0,0.0,0.0,0.0,none,876.4388806443693,9447.198550458295,260.74711681995296,260.74711681995296,0.0,8831.50678663388,0.2154110468670722,0.5181811771623273,0.1728613500867164,0.0702933619006643,0.0232530639832198,0.036048117819929636,0.037654076102411886,0.0322866808511971,0.6448170190010507,5809.162589214934,-1.4551915228366852e-11,16
2031Q2,2031-06-30,2031,2,2031,38992.312000821,26606.499999999975,0.017754036595319045,0.019811706497828263,0.02259593162071094,-79.14894089986782,345.18667693295185,64.97316820374677,204.0132490382681,57.22326920239741,11.749298698750838,7.227691789788484,5.499835599136797,16.87273842216413,0.0,367.5592509542528,288.4103100543849,-9.2495,0.0,38879.11532679081,39158.276136845205,1.0042563297098337,-0.008119440662887731,0.03770581759260786,0.029586376929720125,38575.51209985057,582.7640369946275,8231.79615623785,19801.96412597114,6605.786555060056,26407.750681031197,3047.3642112346047,888.6010513469232,0.2133943454834845,20.813438015237253,9931.011385967442,13846.463609488992,0.257443410219975,0.3589443887004841,8564.762761203805,8564.762761203807,0,0.0,0.0,0.0,0.0,0.0,0.0,0.0,0.0,0.0,0.0,0.0,none,882.5020500352239,9447.26481123903,262.2880716322208,262.2880716322208,0.0,8827.050832836028,0.2154110468670722,0.5181811771623273,0.1728613500867164,0.0702933619006643,0.0232530639832198,0.03615227558431302,0.037815598206369185,0.032362112175096595,0.6545397189034294,6176.721840169187,7.275957614183426e-12,16
2031Q3,2031-09-30,2031,3,2031,39355.30429460343,26722.899999999972,0.017614655473791707,0.019797160110517797,0.022579104221777335,-81.60173464890241,348.6965834374376,65.36046148052853,206.46362162318022,57.71644928921496,11.89618045500938,7.259870589504363,5.499835599136797,17.05792809961184,0.0,371.25434713618625,289.6526124872838,-9.2495,0.0,39158.276136845205,39438.679249332476,1.0021185188686363,-0.00829384868052889,0.037733601992460696,0.029439753311931802,38855.91521233785,582.7640369946275,8288.5236180942,19938.424643617178,6651.308759172144,26589.733402789323,3082.9335576851777,894.7246337691624,0.21331433252310472,20.39872821502858,9977.420997224835,14705.522084456132,0.2567799765544249,0.3784628930780329,8681.686023080803,8681.686023080805,0,0.0,0.0,0.0,0.0,0.0,0.0,0.0,0.0,0.0,0.0,0.0,none,888.6010513469232,9570.287074427728,263.34518438767196,263.34518438767196,0.0,8945.031207468477,0.2154110468670722,0.5181811771623273,0.1728613500867164,0.0702933619006643,0.0232530639832198,0.036313691912589166,0.03792346178251313,0.032172497027478944,0.6657006990887822,6547.976187305373,-1.4551915228366852e-11,16
2031Q4,2031-12-31,2031,4,2032,39720.68513087373,26839.599999999966,0.017582923791722438,0.019727225080271582,0.0225727995952707,-76.15591814025083,352.804315651381,65.64510705530606,209.157104645552,58.21173086995448,12.496130503765233,7.294242576803099,5.6120176762582625,17.252252595952694,0.0,375.668585923592,299.51266778334116,-11.316,0.0,39438.679249332476,39726.875917115816,1.000155857992421,-0.007669144466096538,0.03783102780687896,0.030161883340782427,39144.11188012119,582.7640369946275,8346.8880382125,20078.822939624533,6698.144576579892,26776.967516204426,3119.2314041128607,901.0249215914108,0.21323482989663523,19.92086239872399,10742.678384062228,15557.836482201981,0.2744391906747475,0.3974502354236019,8675.090492369523,8675.090492369523,0,0.0,0.0,0.0,0.0,0.0,0.0,0.0,0.0,0.0,0.0,0.0,none,894.7246337691624,9569.815126138687,270.9444151873885,270.9444151873885,0.0,8946.034907556912,0.2154110468670722,0.5181811771623273,0.1728613500867164,0.0702933619006643,0.0232530639832198,0.036411490473963616,0.038101538192859274,0.03221631744675496,0.6751303131072176,6923.644773228965,0.0,16
2032Q1,2032-03-31,2032,1,2032,40089.031498890115,26956.799999999967,0.017581469158450158,0.01968526656714742,0.02257678241908323,-78.64489017746911,356.3807564205951,65.9612827219743,211.71598209423456,58.721538742437815,12.64986256249832,7.332090299450083,5.6120176762582625,17.458431455789878,0.0,379.4512055526433,300.80631537517417,-11.316,0.0,39726.875917115816,40016.366232491,0.9981874027961706,-0.007847023211787636,0.03786085034886898,0.030013827137081336,39433.60219549637,582.7640369946275,8405.486711108797,20219.784741459567,6745.168375300829,26964.953116760396,3155.8118712335163,907.3504963936642,0.2131554370670395,19.51496000757493,11547.867464250812,16426.29931903898,0.2928433321156156,0.416555891536457,8807.718650846657,8807.718650846657,0,0.0,0.0,0.0,0.0,0.0,0.0,0.0,0.0,0.0,0.0,0.0,none,901.0249215914108,9708.743572438067,272.0318839193843,272.0318839193843,0.0,9079.75053476604,0.2154110468670722,0.5181811771623273,0.1728613500867164,0.0702933619006643,0.0232530639832198,0.036522172889594896,0.03820599498881427,0.032047020505570976,0.686175207961518,7303.095978781608,7.275957614183426e-12,16
2032Q2,2032-06-30,2032,2,2032,40460.63202228239,27074.499999999967,0.017579698909776065,0.01967074272996472,0.02256916678199805,-81.15585103401247,360.1098260037297,66.29827643387041,214.04717320460674,59.23362791050883,13.16079404778621,7.369954406957538,5.6120176762582625,17.65726479664403,0.0,383.37910847663204,302.22325744261957,-11.316,0.0,40016.366232491,40307.27348993362,0.9962096852005595,-0.008023191628773223,0.03790144536204954,0.02987825373327632,39724.50945293899,582.7640369946275,8464.347778081086,20361.377744308455,6792.402737940798,27153.780482249254,3192.676796652577,913.7043959560756,0.2130762064691741,19.05010663522892,12382.58041127091,17326.167976300163,0.31171134853006455,0.43615813549129423,8809.15140707845,8809.15140707845,0,0.0,0.0,0.0,0.0,0.0,0.0,0.0,0.0,0.0,0.0,0.0,none,907.3504963936642,9716.501903472115,273.24999264597557,273.24999264597557,0.0,9082.401399724426,0.2154110468670722,0.5181811771623273,0.1728613500867164,0.0702933619006643,0.0232530639832198,0.03656615492763574,0.038322231084075814,0.032078762155043995,0.6955563209255868,7686.47508725824,7.275957614183426e-12,16
2032Q3,2032-09-30,2032,3,2032,40836.05204124299,27192.699999999968,0.017577617243731636,0.01971028327301072,0.022571739816290792,-83.69262079894014,363.2055780997878,66.63557788294335,216.13896809814335,59.74824629147129,13.272643176025984,7.410142651203772,5.6120176762582625,17.86554948892384,0.0,386.6831452649699,302.99052446602974,-11.316,0.0,40307.27348993362,40598.94801439965,0.9941937573543134,-0.00819791499084324,0.03787664340073162,0.029678728409888385,40016.18397740502,582.7640369946275,8523.329256022505,20503.260401279702,6839.7337270212,27342.994128300903,3229.789299511217,920.0712935703982,0.21299705291327053,18.627623167791636,13254.1367797222,18268.372306842095,0.33121940830755114,0.45652459807654977,8904.514966008785,8904.514966008785,0,0.0,0.0,0.0,0.0,0.0,0.0,0.0,0.0,0.0,0.0,0.0,none,913.7043959560756,9818.21936196486,273.80897497710595,273.80897497710595,0.0,9178.32394098589,0.2154110468670722,0.5181811771623273,0.1728613500867164,0.0702933619006643,0.0232530639832198,0.03661896558855537,0.03837353527387959,0.03192716921528878,0.7057348097859669,8073.15823252321,-7.275957614183426e-12,16
2032Q4,2032-12-31,2032,4,2033,41216.34791573707,27311.899999999965,0.017649746885700424,0.0197758101815233,0.02257356533731114,-29.412337456070674,366.40392527973063,66.99336795233688,218.16126722054344,60.264154072447674,13.53255855648242,7.452577477920223,5.6542680689403735,18.07467280891391,0.0,390.13286615758494,360.72052870151424,-14.7595,0.0,40598.94801439965,40944.90904310116,0.9934142910189219,-0.0028544341207718277,0.037861953898018795,0.03500751977724696,40362.14500610653,582.7640369946275,8593.95959919876,20673.1649391516,6896.4126051758085,27569.57754432741,3270.9122065971787,927.6956559831935,0.2129212805191238,18.658886531515936,13411.83930224407,18304.3901104845,0.3322875754054931,0.45350389846018246,9616.005048211693,9616.005048211693,0,0.0,0.0,0.0,0.0,0.0,0.0,0.0,0.0,0.0,0.0,0.0,none,920.0712935703982,10536.07634178209,327.88635589260036,327.88635589260036,0.0,9943.891404104294,0.2154110468670722,0.5181811771623273,0.1728613500867164,0.0702933619006643,0.0232530639832198,0.03669419294888108,0.038437731541143626,0.032864625779124045,0.7324037680349483,8463.291098680795,-7.275957614183426e-12,16
2033Q1,2033-03-31,2033,1,2033,41600.43694465073,27431.899999999965,0.017690923464234398,0.019759214646802636,0.022564008293708637,-32.00768503046541,370.33339015506493,67.46258285371026,220.77153468385518,60.88223723872368,13.70965828273172,7.507377096043993,5.6542680689403735,18.297121085319606,0.0,394.2847793093249,362.2770942788595,-14.7595,0.0,40944.90904310116,41292.42663738002,0.992595983843138,-0.0030776296963468484,0.03791159980688854,0.03483397011054169,40709.662600385396,582.7640369946275,8664.877325979454,20843.760791496956,6953.322100648232,27797.082892145187,3312.3513415498005,935.3510407109488,0.21284571702388475,18.779476173677182,13546.039178070667,18348.846166336316,0.3327475177340926,0.4507245944642786,9802.011758612429,9802.01175861243,0,0.0,0.0,0.0,0.0,0.0,0.0,0.0,0.0,0.0,0.0,0.0,none,927.6956559831935,10729.707414595625,329.2204731935399,329.2204731935399,0.0,10131.23223180597,0.2154110468670722,0.5181811771623273,0.1728613500867164,0.0702933619006643,0.0232530639832198,0.03679162183370334,0.038518564434399036,0.03278436693603338,0.7613742513299494,8857.575877990119,0.0,16
2033Q2,2033-06-30,2033,2,2033,41988.19529528469,27552.599999999962,0.017716447921211298,0.01974238719039123,0.022564493843014066,-34.62782676587378,374.5119634035657,67.95430042899388,223.5289726810286,61.50311983432782,13.965595672668988,7.559974786546241,5.6542680689403735,18.529322427290605,0.0,398.69555389979666,364.06772713392286,-14.7595,0.0,41292.42663738002,41641.73486451394,0.9917486229561846,-0.0032988154429930937,0.03798168043145884,0.03468286498846574,41058.97082751932,582.7640369946275,8736.130756123854,21015.164193718305,7010.500988696025,28025.66518241433,3354.132225234741,943.0426637463913,0.21277032960281994,18.854373676475177,13682.463451121945,18351.727662273646,0.33323931835990944,0.44696024504281057,9843.633381872774,9843.633381872774,0,0.0,0.0,0.0,0.0,0.0,0.0,0.0,0.0,0.0,0.0,0.0,none,935.3510407109488,10778.984422583722,330.77890470663226,330.77890470663226,0.0,10174.412286579407,0.2154110468670722,0.5181811771623273,0.1728613500867164,0.0702933619006643,0.0232530639832198,0.036872049679606736,0.03862166371582309,0.032879091367491474,0.7892277925937828,9256.271431889916,0.0,16
2033Q3,2033-09-30,2033,3,2033,42379.52583009044,27674.099999999962,0.017756007302464516,0.019698696995388953,0.022564267205522626,-37.272106289210484,378.55607975766475,68.42574414734007,226.23981085606314,62.12708445014937,14.146013187700731,7.617427116411475,5.6542680689403735,18.762858167617384,0.0,402.9732059942225,365.701099705012,-14.7595,0.0,41641.73486451394,41992.67646421895,0.9908717863568729,-0.003517935187726563,0.03803470643912701,0.03451677125140044,41409.91242722433,582.7640369946275,8807.68572658541,21187.29296503645,7067.921854428286,28255.214819464734,3396.2450438969513,950.7668372772257,0.21269510632422708,18.989516996626037,13824.844429657549,18268.851125060904,0.33385350558163973,0.44117096739017303,9989.499398460952,9989.49939846095,0,0.0,0.0,0.0,0.0,0.0,0.0,0.0,0.0,0.0,0.0,0.0,none,943.0426637463913,10932.542062207342,332.17874153739467,332.17874153739467,0.0,10321.678139998345,0.2154110468670722,0.5181811771623273,0.1728613500867164,0.0702933619006643,0.0232530639832198,0.036924429032687264,0.038708589572969625,0.032780014054469196,0.8184313035282682,9659.244637884138,0.0,16
2033Q4,2033-12-31,2033,4,2034,42774.423913041785,27796.199999999968,0.017765412373738743,0.019681678339410258,0.022563340221916306,-60.34599227414651,382.3317803721523,68.9421600248473,228.6588849515647,62.75397675178132,14.30407026713191,7.672688376827214,5.687777001067564,18.99766129360494,0.0,407.0172186668248,346.6712263926783,-17.2085,0.0,41992.67646421895,42322.13919061163,0.989426281383716,-0.005643184571867229,0.038061737031855294,0.03241855245998807,41739.37515361701,582.7640369946275,8874.563331274056,21348.170117937265,7121.5892647360715,28469.759382673335,3437.0663383690803,957.9861013005291,0.21261849988439543,19.04140838601328,13770.0533412768,17989.17116212582,0.3299055937133148,0.43098803218588505,9986.747568388302,9986.747568388302,0,0.0,0.0,0.0,0.0,0.0,0.0,0.0,0.0,0.0,0.0,0.0,none,950.7668372772257,10937.514405665528,310.46506509907334,310.46506509907334,0.0,10297.212633487376,0.2154110468670722,0.5181811771623273,0.1728613500867164,0.0702933619006643,0.0232530639832198,0.03696447734846398,0.038770305009125615,0.03280657720845112,0.8224544910498547,10066.261856550962,7.275957614183426e-12,16
2034Q1,2034-03-31,2034,1,2034,43170.439807305294,27917.299999999963,0.01754105922100746,0.019664438509282567,0.022572136924965847,-63.021931478933254,385.7943351796379,69.39908525056312,230.84880606001457,63.340159040868116,14.48012692120338,7.7261579069887425,5.687777001067564,19.233437645719988,0.0,410.7155498264255,347.69361834749225,-17.2085,0.0,42322.13919061163,42652.62430895913,0.9880053226083062,-0.005839359687808294,0.0380552574085126,0.0322158977207043,42069.8602719645,582.7640369946275,8941.61038165316,21509.454880237066,7175.39265047894,28684.847530716004,3478.1787030485584,965.2236565467721,0.2125419557813906,19.164063204536298,13747.521732696712,17709.017140391286,0.32677840249110857,0.4209430938422355,10146.652889231425,10146.652889231425,0,0.0,0.0,0.0,0.0,0.0,0.0,0.0,0.0,0.0,0.0,0.0,none,957.9861013005291,11104.638990531954,311.2516807017722,311.2516807017722,0.0,10457.904569933198,0.2154110468670722,0.5181811771623273,0.1728613500867164,0.0702933619006643,0.0232530639832198,0.03699792983166784,0.03881803308444626,0.032709244349689616,0.8281727115421696,10476.977406377388,7.275957614183426e-12,16
2034Q2,2034-06-30,2034,2,2034,43571.60204462971,28039.99999999996,0.017696739357757174,0.019646981729401825,0.022559374014152977,-65.73264530099533,389.2009236401485,69.87868513261921,232.993736596091,63.9280955385733,14.62070370109807,7.779702671766982,5.687777001067564,19.452584096422477,0.0,414.34128473763855,348.6086394366432,-17.2085,0.0,42652.62430895913,42984.024448395765,0.986514666235313,-0.006034448330237333,0.03803773699330451,0.03200328866306718,42401.26041140114,582.7640369946275,9008.80733111662,21671.10023167617,7229.316326051301,28900.41655772747,3519.559129546538,972.4773930105073,0.2124655551204858,19.239593501213125,13681.193093812328,17370.332954790043,0.3226600568254248,0.4096654860316225,10184.84536345793,10184.84536345793,0,0.0,0.0,0.0,0.0,0.0,0.0,0.0,0.0,0.0,0.0,0.0,none,965.2236565467721,11150.069020004701,311.94755534022073,311.94755534022073,0.0,10496.79291879815,0.2154110468670722,0.5181811771623273,0.1728613500867164,0.0702933619006643,0.0232530639832198,0.0370265182670808,0.03885728406639745,0.032815153590352725,0.8324968484076004,10891.318691115026,-7.275957614183426e-12,16
2034Q3,2034-09-30,2034,3,2034,43977.58425017203,28163.69999999996,0.01776333439337474,0.01968155262857385,0.022566712808094413,-68.47592837622875,392.5726626294307,70.35878525602081,235.06155361544015,64.51761612176814,14.79897104201963,7.835736594182165,5.687777001067564,19.690364649246842,0.0,417.95080427974506,349.4748759035163,-17.2085,0.0,42984.024448395765,43316.290824299285,0.9849629433460716,-0.006228257376457497,0.038014894306352,0.0317866369298945,42733.52678730466,582.7640369946275,9076.139656926436,21833.07123714061,7283.348637361435,29116.419874502048,3561.221512876349,979.7457429998225,0.21238920209185236,19.38087724305232,13522.924937142076,16935.199544501094,0.3164476689333183,0.3962977272807782,10333.834087909112,10333.83408790911,0,0.0,0.0,0.0,0.0,0.0,0.0,0.0,0.0,0.0,0.0,0.0,none,972.4773930105073,11306.311480919618,312.5760112542695,312.5760112542695,0.0,10646.41009916338,0.2154110468670722,0.5181811771623273,0.1728613500867164,0.0702933619006643,0.0232530639832198,0.037067520414409916,0.03889359450569954,0.03271339204988363,0.838282622503717,11309.26949539477,7.275957614183426e-12,16
2034Q4,2034-12-31,2034,4,2035,44387.20338625174,28287.799999999956,0.0177423648279893,0.01968916041410429,0.02257322550837304,-109.94053674036104,396.0848299180552,70.86196037145315,237.26363006687214,65.10859452672273,14.961242357501202,7.88940259550607,5.709630652454863,19.929149155602065,0.0,421.72360972611216,311.7830729857511,-17.416,0.0,43316.290824299285,43610.65789728504,0.982505194521734,-0.009907408293662713,0.038004071223530576,0.02809666292986786,43027.89386029041,582.7640369946275,9135.256617398714,21975.279803568905,7330.78834738971,29306.068150958614,3600.441826331009,986.127265602067,0.21231010393073088,19.310114651362685,13359.232541870733,16733.48749137358,0.3104784209342792,0.3888985955414514,10132.791867675072,10132.791867675072,0,0.0,0.0,0.0,0.0,0.0,0.0,0.0,0.0,0.0,0.0,0.0,none,979.7457429998225,11112.537610674895,274.43792383014903,274.43792383014903,0.0,10407.229791505222,0.2154110468670722,0.5181811771623273,0.1728613500867164,0.0702933619006643,0.0232530639832198,0.03708192948721179,0.03894364930152666,0.03255762678598366,0.8424803701248655,11730.993105120882,0.0,16
2035Q1,2035-03-31,2035,1,2035,44800.92530649948,28412.399999999954,0.017735654711652504,0.019722056747187633,0.02256874260208286,-112.73611823672877,398.9710473742511,71.27783975725347,238.9973572090997,65.62770355370712,15.129822366094357,7.938324488096638,5.709630652454863,20.14466400102569,0.0,424.8253420277316,312.08922379100284,-17.416,0.0,43610.65789728504,43905.331121076044,0.9800094712487221,-0.010065516947738008,0.03793005069617169,0.027864533748433683,43322.56708408141,582.7640369946275,9194.393101857982,22117.535335845558,7378.243724872367,29495.779060717927,3639.8840257374222,992.5108957680844,0.2122310315548314,19.335208954527317,13162.514001974616,16467.989494000172,0.3038258092238281,0.3801249695577533,10318.651553546779,10318.65155354678,0,0.0,0.0,0.0,0.0,0.0,0.0,0.0,0.0,0.0,0.0,0.0,none,986.127265602067,11304.778819148847,274.5285597899772,274.5285597899772,0.0,10593.180113336757,0.2154110468670722,0.5181811771623273,0.1728613500867164,0.0702933619006643,0.0232530639832198,0.03708978963201106,0.03896527706858363,0.032490709787285445,0.8483175445611206,12155.818447148615,0.0,16
2035Q2,2035-06-30,2035,2,2035,45218.33639157957,28537.399999999954,0.017714424126451522,0.01972826196496369,0.022573755489187608,-115.55662797701507,401.78848734861043,71.71626619449226,240.71016688471485,66.14722129869851,15.22760153701126,7.987231433693658,5.709630652454863,20.36983106550435,0.0,427.8679490665696,312.31132108955455,-17.416,0.0,43905.331121076044,44200.2264421656,0.9774845774820774,-0.010222103438421382,0.03784906595070985,0.02762696251228847,43617.46240517097,582.7640369946275,9253.52892505576,22259.78927742728,7425.698571711142,29685.487849138422,3679.551176424142,998.8944545526384,0.2121519321573079,19.287714020529812,12951.590460396923,16263.016417514189,0.2969359001238338,0.37285562984943765,10303.315751166441,10303.315751166441,0,0.0,0.0,0.0,0.0,0.0,0.0,0.0,0.0,0.0,0.0,0.0,none,992.5108957680844,11295.826646934525,274.5254900240502,274.5254900240502,0.0,10577.841241190492,0.2154110468670722,0.5181811771623273,0.1728613500867164,0.0702933619006643,0.0232530639832198,0.037105860212318306,0.038980956356908424,0.032583917244851365,0.8524254358532473,12583.686396215184,0.0,16
2035Q3,2035-09-30,2035,3,2035,45639.620134528195,28662.899999999958,0.017707331988727093,0.01973390522034224,0.022567910616891007,-118.40330585137684,404.6990369467328,72.15439179312227,242.44387297039188,66.66697050870019,15.397695787642723,8.036105886875976,5.709630652454863,20.586532403627572,0.0,430.99520000281524,312.5918941514384,-17.416,0.0,44200.2264421656,44495.40233631703,0.9749292874296839,-0.0103772385048227,0.03777377627003956,0.02739653776521686,43912.6382993224,582.7640369946275,9312.678506928418,22402.076316134015,7473.164459502318,29875.24077563633,3719.4395182071826,1005.2794985504717,0.2120728534562251,19.244284629843833,12735.018037367377,16058.613164780552,0.29000803710679995,0.3656945650889836,10353.35780748698,10353.35780748698,0,0.0,0.0,0.0,0.0,0.0,0.0,0.0,0.0,0.0,0.0,0.0,none,998.8944545526384,11352.25226203962,274.5893617478108,274.5893617478108,0.0,10627.94716923479,0.2154110468670722,0.5181811771623273,0.1728613500867164,0.0702933619006643,0.0232530639832198,0.037122934483384704,0.03900389067614908,0.032425349382262415,0.8566883712465779,13014.681596217999,-1.4551915228366852e-11,16
2035Q4,2035-12-31,2035,4,2036,46065.09112612179,28788.899999999954,0.01769999094559438,0.019764486694536787,0.022571471840996393,-68.50602759720087,407.6255310533595,72.59232896150701,244.20835519127704,67.18695930945252,15.552927224030887,8.084960367092167,5.7387688543045945,20.812958114255665,0.0,434.1772580219197,365.67123042471883,-16.55475,0.0,44495.40233631703,44844.51881674175,0.9735033128223228,-0.005948628423170852,0.03770119606043406,0.03175256763726321,44261.75477974713,582.7640369946275,9383.398712359462,22572.197021791388,7529.91544960713,30102.11247139852,3763.3300346284695,1012.9135613606733,0.2119978920639863,19.054514808570044,12767.781992725155,15902.197543263237,0.2884608180642516,0.35927625604531194,10147.927217720047,10147.927217720046,0,0.0,0.0,0.0,0.0,0.0,0.0,0.0,0.0,0.0,0.0,0.0,none,1005.2794985504717,11153.206716270517,328.3035223104632,328.3035223104632,0.0,10476.230740030509,0.2154110468670722,0.5181811771623273,0.1728613500867164,0.0702933619006643,0.0232530639832198,0.037134467743673266,0.03903120189723921,0.03205157355167131,0.859856814067169,13448.85885423992,7.275957614183426e-12,16
2036Q1,2036-03-31,2036,1,2036,46494.040876359606,28915.29999999995,0.017678326506116004,0.019743412449576114,0.022574269177581208,-71.40450584055421,410.9942496297463,73.1201344660611,246.17984280079423,67.80895016100125,15.741497168549971,8.143825033339814,5.7387688543045945,21.06114547528017,0.0,437.79416395933106,366.3896581187769,-16.55475,0.0,44844.51881674175,45194.35372486053,0.972046156303013,-0.0061431103422856575,0.03766453985993996,0.031521429517654305,44611.589687865904,582.7640369946275,9454.220212752924,22742.561397138084,7586.747726090774,30329.309123228857,3807.5017931846933,1020.5585586994264,0.21192296169899583,18.96550568878009,12769.451514389571,15735.315218088088,0.2862361911721516,0.3527181014660861,10313.153595374702,10313.153595374702,0,0.0,0.0,0.0,0.0,0.0,0.0,0.0,0.0,0.0,0.0,0.0,none,1012.9135613606733,11326.067156735377,328.77376264349664,328.77376264349664,0.0,10641.9273580182,0.2154110468670722,0.5181811771623273,0.1728613500867164,0.0702933619006643,0.0232530639832198,0.037142800651459626,0.03904995977308958,0.03198664736775935,0.8649364718509897,13886.653018199251,0.0,16
2036Q2,2036-06-30,2036,2,2036,46926.90943172654,29041.99999999995,0.017642589134278408,0.019772661061247865,0.022576315037704076,-74.32946404199211,414.3385153500331,73.64837545734528,248.147011090391,68.40656216982003,15.931275820533328,8.20529081194339,5.7387688543045945,21.31026390593922,0.0,441.3875481102769,367.05808406828476,-16.55475,0.0,45194.35372486053,45544.857058928814,0.9705488303079396,-0.006335764698089334,0.03762340656611507,0.03128764186802573,44962.09302193419,582.7640369946275,9525.13203661798,22913.143049748483,7643.652484638229,30556.795534386714,3851.952144706745,1028.213306222744,0.21184805680579116,18.770236117547512,12846.155405706138,15685.887949777065,0.2857107964133098,0.34886916723660755,10293.71261922927,10293.71261922927,0,0.0,0.0,0.0,0.0,0.0,0.0,0.0,0.0,0.0,0.0,0.0,none,1020.5585586994264,11314.271177928696,329.1930701623455,329.1930701623455,0.0,10622.905689391617,0.2154110468670722,0.5181811771623273,0.1728613500867164,0.0702933619006643,0.0232530639832198,0.037154820568218956,0.039065724961786834,0.03200631094017334,0.8682257665958594,14328.040566309528,7.275957614183426e-12,16
2036Q3,2036-09-30,2036,3,2036,47363.26883080593,29168.899999999947,0.01759302613883751,0.01977588746711989,0.022577621701592054,-77.27801040159036,417.7267918838966,74.20077856525407,250.1088322900556,69.03066510918924,16.12225147063236,8.264264448765303,5.7387688543045945,21.560286152800643,0.0,445.02584689100183,367.7478364894115,-16.55475,0.0,45544.857058928814,45896.05014541822,0.9690220138599598,-0.00652640852789513,0.03758404838827754,0.03105763986038241,45313.2861084236,582.7640369946275,9596.138583220214,23083.952562258222,7700.633255537281,30784.5858177955,3896.683428587936,1035.8782788199392,0.21177317752367383,18.5632115793706,12929.236212547168,15584.508972886792,0.28532991806444297,0.3439280244561579,10349.316740631462,10349.316740631462,0,0.0,0.0,0.0,0.0,0.0,0.0,0.0,0.0,0.0,0.0,0.0,none,1028.213306222744,11377.530046854206,329.6328003366108,329.6328003366108,0.0,10678.949540968073,0.2154110468670722,0.5181811771623273,0.1728613500867164,0.0702933619006643,0.0232530639832198,0.03716384249514784,0.03908461904405139,0.03197370906597911,0.8715083334376325,14773.06641320053,0.0,16
2036Q4,2036-12-31,2036,4,2037,47803.10567352211,29295.799999999945,0.017515988152144724,0.01980359078796723,0.022578201318361746,-77.98178937301415,421.0947667391227,74.72992921682743,252.06864488134053,69.65588661787909,16.314434357060378,8.32587166601526,5.894658234200658,21.811212985598434,0.0,448.8006379589218,370.81884858590763,0.0,0.0,45896.05014541822,46266.86899400414,0.9678632453295,-0.006525248790787906,0.037554098767060666,0.031028849976272758,45684.104957009506,582.7640369946275,9671.318683369478,23264.801749712235,7760.963186617723,31025.764936329957,3943.0275616088825,1043.9937757011853,0.21169986130779098,18.341440237757457,12815.193690149345,15508.39456576878,0.280517560806082,0.3394702507658358,10393.045605785312,10393.045605785312,0,0.0,0.0,0.0,0.0,0.0,0.0,0.0,0.0,0.0,0.0,0.0,none,1035.8782788199392,11428.92388460525,349.00763560030924,349.00763560030924,0.0,10742.05324138562,0.2154110468670722,0.5181811771623273,0.1728613500867164,0.0702933619006643,0.0232530639832198,0.037175174140311976,0.039114532648184784,0.031973937282418805,0.8724873330271116,15221.867051159452,7.275957614183426e-12,16
2037Q1,2037-03-31,2037,1,2037,48236.208408672086,29422.887487607255,0.01746555549210771,0.01893970235169573,0.022578065905819455,-80.90832996261238,424.6705576018302,75.31539424673981,254.13237159263943,70.31800761148695,16.5136841787657,8.391099972198278,5.894658234200658,22.070487383328903,0.0,452.63570321935975,371.72737325674734,0.0,0.0,46266.86899400414,46638.59636726088,0.9668794025459931,-0.0067093440908233895,0.037534932213949324,0.03082558812312593,46055.832330266254,582.7640369946275,9746.638639199751,23445.987366437035,7821.40534797692,31267.392714413956,3989.6766070119706,1052.1243696405736,0.2116265876883221,18.184103407655495,12721.887007180834,15428.08185676276,0.2762274909277986,0.33498649522014984,10532.439196483658,10532.43919648366,0,0.0,0.0,0.0,0.0,0.0,0.0,0.0,0.0,0.0,0.0,0.0,none,1043.9937757011853,11576.432972184844,349.6568858734185,349.6568858734185,0.0,10882.096082357079,0.2154110468670722,0.5181811771623273,0.1728613500867164,0.0702933619006643,0.0232530639832198,0.0371843342014348,0.03913259860121662,0.0319341303795624,0.873812252739093,15674.502754378811,-7.275957614183426e-12,16
2037Q2,2037-06-30,2037,2,2037,48673.235114379044,29550.526290744652,0.01746555549210771,0.01893970235169662,0.022399155671420257,-83.86138541387132,428.2311688785306,75.90194840276807,256.195800276998,70.96345165261222,16.713518925166063,8.456449620986112,5.894658234200658,22.15610147528522,0.0,456.28192858801646,372.4205431741451,0.0,0.0,46638.59636726088,47011.01691043502,0.9658494406620411,-0.006891786438012787,0.03749756329249803,0.03060577685448524,46428.2528734404,582.7640369946275,9822.089469266413,23627.487807154655,7881.952532256355,31509.440339411012,4036.4539736485267,1060.2690911144439,0.21155414777378384,18.009167953971794,12672.096801969787,15392.201878161684,0.2729393422688741,0.33152662281132056,10591.588998568523,10591.588998568523,0,0.0,0.0,0.0,0.0,0.0,0.0,0.0,0.0,0.0,0.0,0.0,none,1052.1243696405736,11643.713368209097,350.2644416988599,350.2644416988599,0.0,10941.853440267383,0.2154110468670722,0.5181811771623273,0.1728613500867164,0.0702933619006643,0.0232530639832198,0.03719232498304461,0.0391334185956175,0.03201743131262821,0.8752216698348176,16130.784682966827,0.0,16
2037Q3,2037-09-30,2037,3,2037,49114.22134235779,29678.718801062332,0.017465555492108598,0.01893970235169573,0.022399155671420257,-86.8411959550971,431.78708166250294,76.4895217419122,258.26136568254816,71.5996301114531,16.914651306756824,8.521912819832343,5.894658234200658,22.415872926466168,0.0,460.0976128231698,373.25641686807273,0.0,0.0,47011.01691043502,47384.273327303104,0.9647770448604726,-0.007072590673870851,0.03747164061634961,0.030399049942478763,46801.50929030847,582.7640369946275,9897.664398120287,23809.286773210588,7942.599302347259,31751.886075557846,4083.531607899708,1068.427208730626,0.21148173527322264,17.803131015906953,12563.145366244036,15308.648477967274,0.2684346200955869,0.32709732463985614,10658.145365496246,10658.145365496244,0,0.0,0.0,0.0,0.0,0.0,0.0,0.0,0.0,0.0,0.0,0.0,none,1060.2690911144439,11718.414456610688,350.84054394160654,350.84054394160654,0.0,11008.985909437852,0.2154110468670722,0.5181811771623273,0.1728613500867164,0.0702933619006643,0.0232530639832198,0.037202220031663874,0.03914806724557725,0.0319923684780028,0.8761538203850113,16590.882295789997,1.4551915228366852e-11,16
2037Q4,2037-12-31,2037,4,2038,49559.202966426594,29807.46742058563,0.01746555549210682,0.01893970235169573,0.022399155671420257,-80.47665399109738,435.37454389847534,77.07806150036174,260.3266914917168,72.26522841320076,17.11707880302356,8.587483690172402,5.91068424521801,22.67731187112958,0.0,463.96254001482293,383.4858860237256,0.0,0.0,47384.273327303104,47767.75921332682,0.9638524502842919,-0.006495395339236228,0.037447134920965526,0.030951739581729303,47184.995176332195,582.7640369946275,9975.386550797113,23996.250984895243,8004.96915959814,32001.22014449338,4131.571367450608,1076.8171135910904,0.21141014243020897,17.459120344769282,12678.674344631414,16205.194868679555,0.2687014017327056,0.3434395787923703,10505.042993470794,10505.042993470794,0,0.0,0.0,0.0,0.0,0.0,0.0,0.0,0.0,0.0,0.0,0.0,none,1068.427208730626,11573.470202201419,360.80857415259595,360.80857415259595,0.0,10865.85156762339,0.2154110468670722,0.5181811771623273,0.1728613500867164,0.0702933619006643,0.0232530639832198,0.037209873214694454,0.03916595169118991,0.03175382718587344,0.8770975235522411,17054.84483580482,-1.4551915228366852e-11,16
2038Q1,2038-03-31,2038,1,2038,50028.44495100026,29936.599810103187,0.017441798459170377,0.020613213981166334,0.022399155671420257,-83.64739294688562,439.0325955034313,77.68332276433253,262.42090461385,72.94973759652918,17.323712978231068,8.654917550488388,5.91068424521801,22.944093841775338,0.0,467.88737359042466,384.23998064353907,0.0,0.0,47767.75921332682,48151.99919397036,0.9624924228832665,-0.006687986646701733,0.03740970754127506,0.03072172089457333,47569.23515697574,582.7640369946275,10053.213676001847,24183.467712822086,8067.423254371471,32250.890967193558,4179.912163816561,1085.2183499637658,0.21133856037051724,17.197496333387917,12769.139583012366,17104.502628395094,0.2684327284404498,0.3595706883230563,10668.482609889363,10668.482609889365,0,0.0,0.0,0.0,0.0,0.0,0.0,0.0,0.0,0.0,0.0,0.0,none,1076.8171135910904,11745.299723480455,361.2958868017637,361.2958868017637,0.0,11029.778496691128,0.2154110468670722,0.5181811771623273,0.1728613500867164,0.0702933619006643,0.0232530639832198,0.03721672393284645,0.039180181888028597,0.03173994083734798,0.8785002549142844,17522.732209395243,0.0,16
2038Q2,2038-06-30,2038,2,2038,50502.12986497769,30066.291629034426,0.017441798459170377,0.020613213981166334,0.022624692238107036,-86.84815344763675,442.69056171599226,78.28940150186439,264.51770588380674,73.62839970817579,17.532612134311478,8.722442487833767,5.91068424521801,23.44432591563049,0.0,472.04557187684077,385.19741842920405,0.0,0.0,48151.99919397036,48537.196612399566,0.9610920716050677,-0.006878771543286088,0.03738817140100032,0.030509399857714236,47954.432575404935,582.7640369946275,10131.139288367598,24370.921356142877,8129.956382341412,32500.87773848429,4228.785330782933,1093.6302177701116,0.21126596112751625,16.952347276150718,12861.069280283247,18048.150015260784,0.2681935451964765,0.3763604122910088,10773.615142597306,10773.615142597304,0,0.0,0.0,0.0,0.0,0.0,0.0,0.0,0.0,0.0,0.0,0.0,none,1085.2183499637658,11858.833492561069,361.7530925135735,361.7530925135735,0.0,11135.368235110878,0.2154110468670722,0.5181811771623273,0.1728613500867164,0.0702933619006643,0.0232530639832198,0.03722330842761073,0.03921295728348083,0.03175755310985595,0.8799438595601881,17994.77778127208,0.0,16
2038Q3,2038-09-30,2038,3,2038,50980.29977539962,30196.54530094844,0.01744179845916949,0.020613213981166334,0.022624692238107036,-90.07921974669799,446.35461960282436,78.89624720816266,266.6159466594571,74.30954849948485,17.742824360392373,8.790052875327271,5.91068424521801,23.718446138731682,0.0,475.98374998677406,385.90453024007604,0.0,0.0,48537.196612399566,48923.10114263964,0.9596471844649163,-0.007067766972226823,0.03734648498214273,0.030278718009915905,48340.33710564501,582.7640369946275,10209.158171904553,24558.599367554325,8192.564357821791,32751.163725376115,4277.963054406783,1102.052153957552,0.21119335906973566,16.62789219554779,12964.467879390051,19092.23550514071,0.2681915074579839,0.39495453793414254,10782.256464609398,10782.2564646094,0,0.0,0.0,0.0,0.0,0.0,0.0,0.0,0.0,0.0,0.0,0.0,none,1093.6302177701116,11875.88668237951,362.18608410134436,362.18608410134436,0.0,11144.442548710744,0.2154110468670722,0.5181811771623273,0.1728613500867164,0.0702933619006643,0.0232530639832198,0.03723000478791608,0.03922630750908896,0.031773735453758396,0.8808392948626522,18470.761531258857,0.0,16
2038Q4,2038-12-31,2038,4,2039,51462.997147610695,30327.36325991377,0.017441798459170377,0.020613213981167222,0.022624692238107036,-87.28520378881643,450.0278863065822,79.50381926370672,268.715302292248,74.996671030382,17.9543495328115,8.857744187433822,5.922339525957902,23.994274561732215,0.0,479.9445003942723,392.6592966054559,0.0,0.0,48923.10114263964,49315.7604392451,0.9582761046309313,-0.006784307842658859,0.03730404578012845,0.030519737937469593,48732.99640225047,582.7640369946275,10288.572690246265,24749.634642655517,8256.292291262018,33005.92693391754,4327.8720327831525,1110.6247453035098,0.21112128228936775,16.29957633539427,13824.998469589478,20050.929142758956,0.28368866046067803,0.41144461910889213,10853.766276732096,10853.766276732098,0,0.0,0.0,0.0,0.0,0.0,0.0,0.0,0.0,0.0,0.0,0.0,none,1102.052153957552,11955.818430689651,368.6650220437237,368.6650220437237,0.0,11222.431298775822,0.2154110468670722,0.5181811771623273,0.1728613500867164,0.0702933619006643,0.0232530639832198,0.037236578912563954,0.03924072588897842,0.03178854156222317,0.8817365907691783,18950.706031653128,0.0,16
2039Q1,2039-03-31,2039,1,2039,51938.92936982024,30457.141414438727,0.017227156981449054,0.019937887724799763,0.022624692238107036,-90.50114969068568,453.7638549575778,80.12225982529279,270.849798866965,75.69608509988849,18.16906477505427,8.926646390376959,5.922339525957902,24.27420445243677,0.0,483.9603989359725,393.4592492452868,0.0,0.0,49315.7604392451,49709.21968849038,0.957070549809495,-0.006969812492382448,0.0372714959517193,0.030301683459336856,49126.45565149576,582.7640369946275,10368.09922723276,24940.939383757002,8320.110116536734,33261.04950029374,4378.097495197525,1119.209428771726,0.2110492012854398,16.038730871112428,14713.554761145599,21096.768468826915,0.2995036903440359,0.4294380327066111,10994.448561442603,10994.448561442603,0,0.0,0.0,0.0,0.0,0.0,0.0,0.0,0.0,0.0,0.0,0.0,none,1110.6247453035098,12105.073306746113,369.18504479285,369.18504479285,0.0,11363.633606235453,0.2154110468670722,0.5181811771623273,0.1728613500867164,0.0702933619006643,0.0232530639832198,0.037247032470894566,0.039254014913320937,0.03177367694879424,0.8831475241215337,19434.6664305891,-7.275957614183426e-12,16
2039Q2,2039-06-30,2039,2,2039,52419.26303564348,30587.47492121266,0.017227156981449054,0.019937887724799763,0.022796693476643037,-93.74683681176896,457.55698884203565,80.74157273207511,272.9852053110367,76.4486468523039,18.385918162867164,8.995645783752746,5.922339525957902,24.741024783785427,0.0,488.22035315177897,394.47351634001,0.0,0.0,49709.21968849038,50103.6932048304,0.9558259750954804,-0.007153617306525199,0.0372550337321457,0.030101416425620496,49520.92916783577,582.7640369946275,10447.743690299658,25132.527801466767,8384.022574198068,33516.55037566484,4428.828259816707,1127.8068420545578,0.210976325886178,15.812297310857401,15643.974507320658,22013.938157096363,0.31590632022069454,0.4445380675812236,11103.179815346175,11103.179815346177,0,0.0,0.0,0.0,0.0,0.0,0.0,0.0,0.0,0.0,0.0,0.0,none,1119.209428771726,12222.389244117903,369.7324915562246,369.7324915562246,0.0,11472.9123069024,0.2154110468670722,0.5181811771623273,0.1728613500867164,0.0702933619006643,0.0232530639832198,0.03725254758620648,0.039286100744391365,0.031754903686762745,0.8847969996706175,19922.88678374088,7.275957614183426e-12,16
2039Q3,2039-09-30,2039,3,2039,52904.03884983833,30718.366156722746,0.017227156981449054,0.019937887724799763,0.02279669347664215,-97.02254020026294,461.29973562822863,81.36180398820859,275.1214635744656,77.14755425415596,18.60416631838481,9.06474749301351,5.922339525957902,25.02770892138537,0.0,492.24978407557194,395.227243875309,0.0,0.0,50103.6932048304,50498.9204487057,0.9545380947575804,-0.007335737861198053,0.03721831412325724,0.029882576262059188,49916.156411711076,582.7640369946275,10527.488759673786,25324.35823227414,8448.015765611679,33772.37399788582,4479.878538624066,1136.4151155273996,0.2109034332059245,15.542269324775514,16664.493728379217,23081.201976060645,0.3338496976996706,0.46239942405993123,11123.876303319523,11123.876303319523,0,0.0,0.0,0.0,0.0,0.0,0.0,0.0,0.0,0.0,0.0,0.0,none,1127.8068420545578,12251.683145374082,370.1995349539236,370.1995349539236,0.0,11494.075838273446,0.2154110468670722,0.5181811771623273,0.1728613500867164,0.0702933619006643,0.0232530639832198,0.0372585851755973,0.03929848301307378,0.03179543004806511,0.8864747931397088,20415.13656781645,-7.275957614183426e-12,16
2039Q4,2039-12-31,2039,4,2040,53393.29789360222,30849.817507625736,0.017227156981449054,0.019937887724799763,0.022796693476643037,-96.4516174480226,465.05711852151524,81.98281871595961,277.2571626339352,77.85940842346142,18.823792257107538,9.133936491051475,5.935451716790281,25.316198662553045,0.0,496.3087689008586,399.857151452836,0.0,0.0,50498.9204487057,50898.777600158544,0.9532802731456194,-0.00722574714453664,0.03718135335186539,0.029955606207328754,50316.01356316391,582.7640369946275,10608.169018408931,25518.43830408651,8512.759420373774,34031.19772446028,4531.522480027727,1145.1243402669681,0.2108308720660477,15.690200215345335,16841.820376790518,23102.483898305414,0.33472088077184886,0.45914773970127515,11952.796876893231,11952.796876893231,0,0.0,0.0,0.0,0.0,0.0,0.0,0.0,0.0,0.0,0.0,0.0,none,1136.4151155273996,13089.21199242063,374.5409527902829,374.5409527902829,0.0,12327.337829683514,0.2154110468670722,0.5181811771623273,0.1728613500867164,0.0702933619006643,0.0232530639832198,0.037266513161465294,0.039312426047205064,0.032533767353359666,0.8881983348609972,20911.44533671731,7.275957614183426e-12,16
2040Q1,2040-03-31,2040,1,2040,53889.0305474941,30984.73913358242,0.017609093307503265,0.01970258122673907,0.022796693476643926,-99.801357857077,468.8826212874844,82.61111623085955,279.46780764932834,78.55375852434499,19.04600199805567,9.203936884895757,5.935451716790281,25.608043244727448,0.0,500.4261162490022,400.6247583919252,0.0,0.0,50898.777600158544,51299.40235855046,0.9519451702390282,-0.007407916367626537,0.03714493366570853,0.02973701729808199,50716.63832155584,582.7640369946275,10688.951761611439,25712.764906997036,8577.585316059203,34290.35022305624,4583.491708949095,1153.844627939063,0.21075828594633741,15.885971676620256,17080.32327836068,23207.060800500734,0.33677948388588513,0.45758278877559505,12123.443410707248,12123.443410707248,0,0.0,0.0,0.0,0.0,0.0,0.0,0.0,0.0,0.0,0.0,0.0,none,1145.1243402669681,13268.567750974216,375.0167151471977,375.0167151471977,0.0,12498.460125854446,0.2154110468670722,0.5181811771623273,0.1728613500867164,0.0702933619006643,0.0232530639832198,0.03727072547574788,0.039327161856825686,0.032525860032202744,0.8905212337376884,21411.871452966312,-7.275957614183426e-12,16
2040Q2,2040-06-30,2040,2,2040,54389.36585516145,31120.25083904756,0.017609093307503265,0.01970258122673907,0.022246337554163054,-103.18219909279577,472.6670527422675,83.24021184354909,281.6785315425671,79.22785106406151,19.24643209502964,9.274026197060218,5.935451716790281,25.281534614646056,0.0,503.88403907370383,400.70183998090806,0.0,0.0,51299.40235855046,51700.10419853138,0.9505553776120215,-0.007588409790808691,0.03705754102120212,0.02946913123039343,51117.34016153675,582.7640369946275,10769.821442605542,25907.300642762366,8642.480976894783,34549.78161965715,4635.16279895371,1162.5743003203447,0.21068822064238185,16.16211599543917,17146.243034198713,23118.117215003906,0.33542909275041677,0.452255871333445,12274.425597444642,12274.42559744464,0,0.0,0.0,0.0,0.0,0.0,0.0,0.0,0.0,0.0,0.0,0.0,none,1153.844627939063,13428.270225383703,375.420305366262,375.420305366262,0.0,12649.845902810903,0.2154110468670722,0.5181811771623273,0.1728613500867164,0.0702933619006643,0.0232530639832198,0.03731787241925433,0.039289661548247465,0.03264067559034527,0.8933431218958828,21915.755492040014,7.275957614183426e-12,16
2040Q3,2040-09-30,2040,3,2040,54894.34655016561,31256.35520473291,0.017609093307503265,0.01970258122673907,0.022246337554163054,-106.59442991230674,477.0043905572042,83.86998448429065,283.8909705201575,80.43056229682982,19.4686823171016,9.344190938824767,5.935451716790281,25.56654101009292,0.0,508.5063832840874,401.91195337178067,0.0,0.0,51700.10419853138,52102.01615190315,0.9491326416334939,-0.007767242829998504,0.03705346107504058,0.029286218245042076,51519.25211490852,582.7640369946275,10850.890401865992,26102.31575155958,8707.536552974567,34809.85230453415,4687.183924234598,1171.3254842737822,0.21061816615008638,16.46139716147989,17274.09786773364,22988.305441756813,0.3352940339507549,0.44620805811551195,12386.589388257431,12386.589388257433,0,0.0,0.0,0.0,0.0,0.0,0.0,0.0,0.0,0.0,0.0,0.0,none,1162.5743003203447,13549.163688577777,376.34541236168775,376.34541236168775,0.0,12762.934800619121,0.2154110468670722,0.5181811771623273,0.1728613500867164,0.0702933619006643,0.0232530639832198,0.0373762648726527,0.03934277434578418,0.03265877426905968,0.8964310514497003,22424.2618753241,-7.275957614183426e-12,16
2040Q4,2040-12-31,2040,4,2041,55404.01576282974,31393.054822636957,0.017609093307502377,0.01970258122673907,0.022246337554162166,-101.16354175371703,481.507326641898,84.50130900453142,286.10336905604134,81.7956755082389,19.692444493235776,9.41452857985052,5.957305368177581,25.853478123322354,0.0,513.3181101333979,412.1545683796809,0.0,0.0,52102.01615190315,52514.17072028284,0.947840512952751,-0.007303697420545975,0.03705999307564852,0.029756295655102547,51931.40668328821,582.7640369946275,10934.103924124005,26302.489705247724,8774.313080976252,35076.802786223976,4740.19180469793,1180.3081682423008,0.2105489649222742,16.6926446174369,17201.273918899195,22605.50220639841,0.3312306563117739,0.43529539540997986,12370.993411314277,12370.993411314277,0,0.0,0.0,0.0,0.0,0.0,0.0,0.0,0.0,0.0,0.0,0.0,none,1171.3254842737822,13542.31889558806,386.3010902563585,386.3010902563585,0.0,12757.294501570635,0.2154110468670722,0.5181811771623273,0.1728613500867164,0.0702933619006643,0.0232530639832198,0.037430295403401245,0.03940869456082634,0.03273006194703371,0.899662006178236,22937.579985457498,7.275957614183426e-12,16
2041Q1,2041-03-31,2041,1,2041,55931.13799773581,31527.09931704546,0.017189212325988024,0.02105209487726678,0.022246337554163942,-104.72538630221237,486.06124769811686,85.1493343091157,288.36472780955415,83.13993919302018,19.920519484179096,9.48672690224749,5.957305368177581,26.14585796163993,0.0,518.1644110279343,413.43902472572194,0.0,0.0,52514.17072028284,52927.60974500855,0.9462995325993753,-0.007489594530077456,0.03705731222911363,0.029567717699036173,52344.84570801393,582.7640369946275,11017.53115062112,26503.177734308458,8841.261100662448,35344.438834970904,4793.561801392573,1189.3139210293298,0.21047977124774198,17.025283155537032,17150.85947846602,22200.89433066736,0.3276513522293227,0.42412761047203607,12608.39633360081,12608.39633360081,0,0.0,0.0,0.0,0.0,0.0,0.0,0.0,0.0,0.0,0.0,0.0,none,1180.3081682423008,13788.704501843109,387.29316676408206,387.29316676408206,0.0,12995.689500364892,0.2154110468670722,0.5181811771623273,0.1728613500867164,0.0702933619006643,0.0232530639832198,0.03747251212388165,0.03946853993280719,0.03259177592359174,0.9038335009411158,23455.744396485432,-1.4551915228366852e-11,16
2041Q2,2041-06-30,2041,2,2041,56463.275353778976,31661.71616500741,0.017189212325988024,0.02105209487726678,0.0228385780169158,-108.32111878162635,490.4867078896609,85.79902383546197,290.6266563142602,84.34182594306023,20.16009115660508,9.55911064027324,5.957305368177581,27.138202991565127,0.0,523.5822162494036,415.26109746777723,0.0,0.0,52927.60974500855,53342.87084247633,0.9447356801079766,-0.007673739654876513,0.03709187700988453,0.02941813735500802,52760.10680548171,582.7640369946275,11101.137109633319,26704.29571265179,8908.35254820117,35612.64826085296,4847.982467467487,1198.338967527938,0.2104077831108546,17.254058821623904,17079.979539758853,21758.558239698476,0.323729055415488,0.4124055002374974,12586.54099902173,12586.54099902173,0,0.0,0.0,0.0,0.0,0.0,0.0,0.0,0.0,0.0,0.0,0.0,none,1189.3139210293298,13775.85492005106,388.12289447621214,388.12289447621214,0.0,12974.663893497942,0.2154110468670722,0.5181811771623273,0.1728613500867164,0.0702933619006643,0.0232530639832198,0.03751191544131368,0.03956968537002797,0.03275152602058307,0.9068087112524899,23979.326612734836,7.275957614183426e-12,16
2041Q3,2041-09-30,2041,3,2041,57000.47554558473,31796.90781040229,0.017189212325988024,0.02105209487726767,0.0228385780169158,-111.95106160688954,494.8979760928551,86.45010524126948,292.88848336115484,85.53347630395228,20.394261734972694,9.6316494515058,5.957305368177581,27.44629938086129,0.0,528.301580841894,416.3505192350044,0.0,0.0,53342.87084247633,53759.22136171133,0.9431363659188897,-0.007856149306498991,0.03707348584622931,0.029217336539730326,53176.457324716706,582.7640369946275,11184.911374763122,26905.818559099207,8975.579056699575,35881.39761579878,4902.76615191925,1207.3821822355505,0.21033577521841257,17.54272132888814,16906.098679732306,21279.294268217607,0.31792450137279565,0.40016381945637575,12765.374060271568,12765.374060271566,0,0.0,0.0,0.0,0.0,0.0,0.0,0.0,0.0,0.0,0.0,0.0,none,1198.338967527938,13963.713027799504,388.90421985414315,388.90421985414315,0.0,13154.278280125709,0.2154110468670722,0.5181811771623273,0.1728613500867164,0.0702933619006643,0.0232530639832198,0.03756032531833131,0.039615534184651593,0.032660513788471866,0.9097635046055731,24507.62819357673,-7.275957614183426e-12,16
2041Q4,2041-12-31,2041,4,2042,57542.78674174274,31932.67670754465,0.017189212325988024,0.02105209487726678,0.02283857801691669,-98.5126127604367,499.4473959908981,87.10249733096781,295.14884109690706,86.8617235859294,20.6299996873753,9.704334289718233,5.987900480119798,27.75645095726346,0.0,533.1917474282814,434.67913466784466,0.0,0.0,53759.22136171133,54193.90049637918,0.941801806360306,-0.006847955640561536,0.03706401984466233,0.030216064204100796,53611.13645938455,582.7640369946275,11272.567016055176,27116.67823435841,9045.920261186699,36162.598495545106,4959.126566348173,1216.844381436096,0.2102653993279027,17.64279746213159,16683.956534620895,21026.08977255707,0.3112031871822108,0.39219630772957587,12547.87755595184,12547.87755595184,0,0.0,0.0,0.0,0.0,0.0,0.0,0.0,0.0,0.0,0.0,0.0,none,1207.3821822355505,13755.259738187391,406.92268371058117,406.92268371058117,0.0,12954.800239662422,0.2154110468670722,0.5181811771623273,0.1728613500867164,0.0702933619006643,0.0232530639832198,0.037604682568504647,0.03967257961872446,0.03255938732199337,0.912579240136602,25040.81994100501,7.275957614183426e-12,16
2042Q1,2042-03-31,2042,1,2042,58055.26898098634,32068.229387565312,0.017088232020256333,0.018695469559396827,0.0228385780169158,-101.97553264727424,504.1249450405401,87.78511563752969,297.4981363182826,88.1886614738168,20.87264489511819,9.780386715792618,5.987900480119798,28.075529010457878,0.0,538.1883745311178,436.21284188384357,0.0,0.0,54193.90049637918,54630.11333826302,0.9410018125341029,-0.007026100089600633,0.03708110453901297,0.030055004449412333,54047.3493012684,582.7640369946275,11360.484301886747,27328.167307587013,9116.471428110755,36444.638735697765,5015.891439197603,1226.3348244862802,0.21019503174080983,17.84658722411119,16417.69595122204,20727.421352764402,0.30376505348499566,0.38350486417430957,12814.890863974497,12814.890863974495,0,0.0,0.0,0.0,0.0,0.0,0.0,0.0,0.0,0.0,0.0,0.0,none,1216.844381436096,14031.735245410591,408.13731287338567,408.13731287338567,0.0,13223.02817684788,0.2154110468670722,0.5181811771623273,0.1728613500867164,0.0702933619006643,0.0232530639832198,0.03764496136993011,0.039723169552416726,0.03243299126940663,0.9160640612133543,25579.008315536128,0.0,16
2042Q2,2042-06-30,2042,2,2042,58572.31544209702,32204.357482206833,0.017088232020256333,0.01869546955939594,0.02271549749328483,-105.46929367056708,508.77160336939426,88.46977150094304,299.85029497001545,89.34170235891773,21.25316838770912,9.856666151808476,5.987900480119798,28.24514230028633,0.0,543.0046461498005,437.5353524792334,0.0,0.0,54630.11333826302,55067.64869074225,0.9401651321976612,-0.007202671970503275,0.037082682632657744,0.029880010662154465,54484.88465374763,582.7640369946275,11448.649934533838,27540.25379049855,9187.221886419566,36727.47567691812,5072.906966364399,1235.8520759312769,0.21012524863161966,17.93369834987776,16134.235395864323,20462.690457533863,0.29612314494923986,0.37556637198692094,12774.128510700333,12774.128510700333,0,0.0,0.0,0.0,0.0,0.0,0.0,0.0,0.0,0.0,0.0,0.0,none,1226.3348244862802,14000.463335186614,409.29021017894695,409.29021017894695,0.0,13183.418720879281,0.2154110468670722,0.5181811771623273,0.1728613500867164,0.0702933619006643,0.0232530639832198,0.03766771240617413,0.03975863222450825,0.03255010034292839,0.9183627947408887,26122.012961685927,0.0,16
2042Q3,2042-09-30,2042,3,2042,59093.966774525,32341.063434076666,0.017088232020256333,0.018695469559397715,0.02271549749328483,-108.9941705047894,513.2006295757274,89.15636136518226,302.2034112838625,90.40826887439152,21.499426991993104,9.933161060297635,5.987900480119798,28.566204208757306,0.0,547.7547342646045,438.7605637598151,0.0,0.0,55067.64869074225,55506.40925450207,0.9392906295542593,-0.007377685165097161,0.03707686345407009,0.02969917828897293,54923.645217507445,582.7640369946275,11537.0103309437,27752.808786596062,9258.128637209518,37010.93742380558,5130.307111138686,1245.3903516194734,0.21005543760351444,18.015844286540247,15917.230087501699,20295.554383637715,0.2898065127408537,0.3695230770511261,12855.721795646497,12855.721795646497,0,0.0,0.0,0.0,0.0,0.0,0.0,0.0,0.0,0.0,0.0,0.0,none,1235.8520759312769,14091.573871577773,410.19435955105774,410.19435955105774,0.0,13265.916155197556,0.2154110468670722,0.5181811771623273,0.1728613500867164,0.0702933619006643,0.0232530639832198,0.03768443197229035,0.03978776993663002,0.03240587000632294,0.9204668576144677,26669.76769595053,0.0,16
2042Q4,2042-12-31,2042,4,2043,59620.26398974879,32478.34969615101,0.017088232020256333,0.018695469559396827,0.022715497493283943,-102.73848777069503,517.5633694180929,89.84446795222406,304.5575858551446,91.4041387268648,21.74735193271751,10.009824951141518,6.009754131507097,28.88943194940011,0.0,552.462555499,449.724067728305,0.0,0.0,55506.40925450207,55956.13332223038,0.9385421931686109,-0.006892856951345272,0.037065421622017064,0.03017256467067179,55373.36928523575,582.7640369946275,11627.662760394756,27970.877373554653,9330.87468051351,37301.752054068165,5188.778424441228,1255.176046331595,0.20998654968057093,17.89813870378914,15976.802948123357,20177.76107916033,0.288528640289607,0.3643946781569664,12589.027180944007,12589.027180944007,0,0.0,0.0,0.0,0.0,0.0,0.0,0.0,0.0,0.0,0.0,0.0,none,1245.3903516194734,13834.41753256348,420.83463577890495,420.83463577890495,0.0,13009.861816722912,0.2154110468670722,0.5181811771623273,0.1728613500867164,0.0702933619006643,0.0232530639832198,0.03769914333804811,0.0398125234846958,0.03224123632051243,0.9225537245137962,27222.23025144953,7.275957614183426e-12,16
2043Q1,2043-03-31,2043,1,2043,60187.929052490006,32615.668008118973,0.01701953976476145,0.021251542965382564,0.02271549749328572,-106.57428632974529,522.0053374237067,90.55042374657417,306.9627416837315,92.40373088235988,21.999963638650772,10.088477472390196,6.009754131507097,29.218691580463787,0.0,557.2337831356775,450.65949680593224,0.0,0.0,55956.13332223038,56406.792819036316,0.9371778312864668,-0.007082768123608417,0.037032926163630776,0.02995015804002236,55824.028782041685,582.7640369946275,11718.445765440876,28189.26006611063,9403.725507086418,37592.985573197046,5247.621607063115,1264.9758363406424,0.2099175932141007,17.87401528321019,16035.136057466543,20079.692588539816,0.28724433559021395,0.35969622806943224,12817.482432473926,12817.482432473926,0,0.0,0.0,0.0,0.0,0.0,0.0,0.0,0.0,0.0,0.0,0.0,none,1255.176046331595,14072.65847880552,421.4408052254685,421.4408052254685,0.0,13238.923237699395,0.2154110468670722,0.5181811771623273,0.1728613500867164,0.0702933619006643,0.0232530639832198,0.037717535293359764,0.03983361608828667,0.03209533028139902,0.9255264062002391,27779.46403458521,7.275957614183426e-12,16
2043Q2,2043-06-30,2043,2,2043,60760.99904976006,32753.56690127342,0.01701953976476145,0.021251542965382564,0.02231557677676199,-110.4466068476728,526.5090752195464,91.25739639837083,309.36939854116724,93.38258363668447,22.332453358735986,10.167243284587915,6.009754131507097,29.034075805695053,0.0,561.5529051567485,451.10629830907567,0.0,0.0,56406.792819036316,56857.89911734538,0.9357630718148949,-0.00727088814041539,0.03696798366971328,0.029697095529297887,56275.13508035076,582.7640369946275,11809.36478474384,28407.96994721495,9476.685481302455,37884.655428517406,5306.324558353458,1274.7903087360535,0.20985049201360767,17.741704203847465,16144.743145825958,20012.409575832648,0.28688946055436687,0.35561726413021544,12759.296735098675,12759.296735098675,0,0.0,0.0,0.0,0.0,0.0,0.0,0.0,0.0,0.0,0.0,0.0,none,1264.9758363406424,14024.272571439316,422.0722225033807,422.0722225033807,0.0,13181.368957602055,0.2154110468670722,0.5181811771623273,0.1728613500867164,0.0702933619006643,0.0232530639832198,0.03772798952197232,0.03982165105244091,0.03221570524978928,0.9275622933614566,28341.01693974196,-7.275957614183426e-12,16
2043Q3,2043-09-30,2043,3,2043,61339.52544380172,32892.04883030893,0.017019539764762337,0.021251542965382564,0.02231557677676199,-114.35579706262394,530.911205977229,91.96542826119267,311.7755671949147,94.33754941320795,22.586534001447152,10.246127106466032,6.009754131507097,29.35886788588007,0.0,566.2798279946161,451.92403093199215,0.0,0.0,56857.89911734538,57309.823148277384,0.9343049645987841,-0.007457233895126552,0.03692756498505568,0.029470331089929126,56727.05911128275,582.7640369946275,11900.38998888516,28626.935260829978,9549.730665886222,38176.6659267162,5365.386952171954,1284.6162435094445,0.20978330580367113,17.65328927990647,16285.797726270062,19929.512080010052,0.2870904640820855,0.3513228500161427,12911.605022530357,12911.605022530357,0,0.0,0.0,0.0,0.0,0.0,0.0,0.0,0.0,0.0,0.0,0.0,none,1274.7903087360535,14186.39533126641,422.56516304611216,422.56516304611216,0.0,13334.17018557647,0.2154110468670722,0.5181811771623273,0.1728613500867164,0.0702933619006643,0.0232530639832198,0.037729079053753216,0.03983825197803439,0.03211328753795941,0.9296035864308995,28907.296767736574,7.275957614183426e-12,16
2043Q4,2043-12-31,2043,4,2044,61923.56018684745,33031.116260298484,0.01701953976476145,0.021251542965381676,0.02231557677676199,-103.17959052367922,535.1906103544194,92.67428703844317,314.1806144876083,95.16843291346875,22.842172857691512,10.325103057207162,6.019952502154488,29.68564869208071,0.0,570.8962115486546,467.7166210249754,0.0,0.0,57309.823148277384,57777.539769302355,0.9330461555337752,-0.006664965012499042,0.03687747990109347,0.030212514888594427,57194.775732307724,582.7640369946275,11994.74669919559,28853.91466570699,9625.44929114348,38479.36395685047,5425.863270525926,1294.8018057357333,0.20971752307125655,17.504899600184725,16202.715454083136,20047.40718671885,0.2832901300272199,0.35051115997985516,12920.14925943221,12920.14925943221,0,0.0,0.0,0.0,0.0,0.0,0.0,0.0,0.0,0.0,0.0,0.0,none,1284.6162435094445,14204.765502941655,438.03097233289463,438.03097233289463,0.0,13358.180231765105,0.2154110468670722,0.5181811771623273,0.1728613500867164,0.0702933619006643,0.0232530639832198,0.03773127797402285,0.03984630767898746,0.03219239717159377,0.9316071389950773,29478.192979285228,-7.275957614183426e-12,16
2044Q1,2044-03-31,2044,1,2044,62477.308177911254,33169.36987577106,0.016847634395924738,0.019083305138657858,0.02231557677676199,-106.9213493276165,539.6351221004896,93.40908991998566,316.67171345613355,96.04334052721728,23.104008683552102,10.406969513600957,6.019952502154488,30.020252469375823,0.0,575.67532707202,468.75397774440347,0.0,0.0,57777.539769302355,58246.29374704676,0.932279181766023,-0.006845451729331601,0.036856602428050764,0.030011150698719163,57663.52971005213,582.7640369946275,12089.254790252973,29081.258223930818,9701.289395223099,38782.54761915392,5486.72359152409,1305.00370912115,0.20965166112863756,17.44548395923675,16140.922770817542,20158.03185678762,0.27991562174529516,0.34958026257060004,13153.787308540757,13153.787308540757,0,0.0,0.0,0.0,0.0,0.0,0.0,0.0,0.0,0.0,0.0,0.0,none,1294.8018057357333,14448.58911427649,438.7337252750276,438.7337252750276,0.0,13592.521033815785,0.2154110468670722,0.5181811771623273,0.1728613500867164,0.0702933619006643,0.0232530639832198,0.03773839553487441,0.03985460989655227,0.03204710302348741,0.9344292436871473,30053.868306357246,0.0,16
2044Q2,2044-06-30,2044,2,2044,63036.0080295703,33308.202159613196,0.01684763439592385,0.019083305138657858,0.023076797027411944,-110.69656860143732,544.1655634186087,94.14507167909504,319.16680900764,96.92864684091522,23.436068578897054,10.488967312061241,6.019952502154488,31.383704257727125,0.0,581.5692201784904,470.87265157705303,0.0,0.0,58246.29374704676,58717.16639862381,0.9314861177611293,-0.007024338758857278,0.03690393718496103,0.02987959842610375,58134.40236162918,582.7640369946275,12183.925564481537,29308.993124002576,9777.260048004906,39086.253172007484,5549.000451407075,1315.2231737330844,0.20958202147999325,17.305779655867703,16058.719651140014,20257.439564588134,0.27623436379797295,0.3484587222308624,13147.662236739545,13147.662236739545,0,0.0,0.0,0.0,0.0,0.0,0.0,0.0,0.0,0.0,0.0,0.0,none,1305.00370912115,14452.665945860696,439.48894731932586,439.48894731932586,0.0,13587.15118405887,0.2154110468670722,0.5181811771623273,0.1728613500867164,0.0702933619006643,0.0232530639832198,0.03774288016206051,0.03993862495039712,0.032203897816713296,0.9364012404760077,30635.437526535738,0.0,16
2044Q3,2044-09-30,2044,3,2044,63599.704023562444,33447.615533874276,0.016847634395925626,0.019083305138657858,0.023076797027411944,-114.50554756353205,548.6747712967384,94.88232033339996,321.66619953592755,97.84909314402967,23.706052024501307,10.571106258879663,6.019952502154488,31.739923870409477,0.0,586.4346476693024,471.9291001057704,0.0,0.0,58717.16639862381,59189.095498729585,0.9306504866249249,-0.007201640279401928,0.036882853885737574,0.029681213606335646,58606.33146173495,582.7640369946275,12278.74717575395,29537.090869518335,9853.351743302512,39390.44261282084,5611.682752347351,1325.458920812806,0.20951229789516765,17.224553102509145,15929.149997704668,20259.115604482686,0.27179913160244595,0.3456813470351782,13336.99394236717,13336.993942367171,0,0.0,0.0,0.0,0.0,0.0,0.0,0.0,0.0,0.0,0.0,0.0,none,1315.2231737330844,14652.217116100255,440.18917623536083,440.18917623536083,0.0,13777.183118602532,0.2154110468670722,0.5181811771623273,0.1728613500867164,0.0702933619006643,0.0232530639832198,0.03775092502947647,0.039949792105979216,0.03211182045647485,0.9383365638761707,31221.87217420504,0.0,16
2044Q4,2044-12-31,2044,4,2045,64168.440837612405,33587.61243074127,0.01684763439592385,0.01908330513865697,0.023076797027411944,-104.74883060803387,553.2471777255034,95.6207436311839,324.1695722929629,98.82568939178924,23.977796333534403,10.653376076032927,6.028693962709422,32.0984625797299,0.0,591.3743342679428,486.62550365990893,0.0,0.0,59189.095498729585,59675.72100238949,0.9299855228430375,-0.006529616692611625,0.03686387430010973,0.030334257607498097,59092.956965394864,582.7640369946275,12376.657321502424,29772.61822671737,9931.921901274553,39704.540127991924,5675.73144871937,1336.028067181147,0.20944386534507414,16.975925769389637,16230.838780786231,21312.87792510967,0.2746662142882965,0.36066697318244884,13119.827373905866,13119.827373905866,0,0.0,0.0,0.0,0.0,0.0,0.0,0.0,0.0,0.0,0.0,0.0,none,1325.458920812806,14445.286294718671,454.527041080179,454.527041080179,0.0,13574.354414986045,0.2154110468670722,0.5181811771623273,0.1728613500867164,0.0702933619006643,0.0232530639832198,0.03775782949846185,0.039965086763701994,0.0320179326252807,0.940249500396755,31813.246508472985,-7.275957614183426e-12,16
2045Q1,2045-03-31,2045,1,2045,64756.51202054044,33723.099819437724,0.01623329428827147,0.020597325915870046,0.023076797027411944,-108.7225164029665,557.9433994053938,96.38321889120013,326.75448503822236,99.81184028906405,24.255529596938445,10.738325589968467,6.028693962709422,32.464816982590236,0.0,596.4369103506936,487.71439394772705,0.0,0.0,59675.72100238949,60163.43539633721,0.9290715870745737,-0.006715773472696014,0.036841818173375784,0.030126044700679772,59580.67135934259,582.7640369946275,12474.723109462275,30008.51998841182,10010.616957775152,40019.13694618697,5740.197288970691,1346.614014722651,0.20937533641111225,16.830127582212643,16503.637667863728,22338.762701184223,0.27699650392200326,0.37493304777408115,13381.367999838269,13381.367999838267,0,0.0,0.0,0.0,0.0,0.0,0.0,0.0,0.0,0.0,0.0,0.0,none,1336.028067181147,14717.396067019414,455.2495769651368,455.2495769651368,0.0,13836.617576803403,0.2154110468670722,0.5181811771623273,0.1728613500867164,0.0702933619006643,0.0232530639832198,0.037771772409039395,0.039978530654154076,0.03187922470144955,0.9429847783423034,32409.68341882368,0.0,16
2045Q2,2045-06-30,2045,2,2045,65349.97257730514,33859.133743930186,0.01623329428827147,0.020597325915870046,0.02213343204113838,-112.73261901082947,562.7512517944444,97.14690621493747,329.3435068728189,100.82023373021605,24.617194833138523,10.823410143333305,6.028693962709422,31.502288998842904,0.0,600.2822347559968,487.54961574516733,0.0,0.0,60163.43539633721,60650.98501208238,0.9280950338630344,-0.006900239713335669,0.03674261586236466,0.029842376149028987,60068.22097508775,582.7640369946275,12572.96074153763,30244.835129026964,10089.449914379958,40334.285043406926,5803.756677752348,1357.2185123908591,0.20931135527972514,16.595790185550676,16786.38205949066,23430.972653812027,0.27945528911955825,0.39007269190691723,13354.932043336265,13354.932043336265,0,0.0,0.0,0.0,0.0,0.0,0.0,0.0,0.0,0.0,0.0,0.0,none,1346.614014722651,14701.546058058915,456.0473267463244,456.0473267463244,0.0,13810.979370082589,0.2154110468670722,0.5181811771623273,0.1728613500867164,0.0702933619006643,0.0232530639832198,0.037774819961714924,0.039910103590430436,0.03203928298433014,0.9448729332215661,33009.965653579675,0.0,16
2045Q3,2045-09-30,2045,3,2045,65948.87189878161,33995.71640886204,0.01623329428827036,0.020597325915870046,0.022133432041139267,-116.77947217322475,567.4024274169346,97.91193177472431,331.9370655410702,101.75147243478767,24.89331387301056,10.908643793341533,6.028693962709422,31.851103879795552,0.0,605.2822252594397,488.5027530862149,0.0,0.0,60650.98501208238,61139.4877651686,0.9270740500156779,-0.007083030766770839,0.036712211010276406,0.029629180243505568,60556.72372817397,582.7640369946275,12671.32855134676,30481.463418165862,10168.387334981106,40649.850753146966,5867.707361272344,1367.837062407899,0.2092472606052073,16.381145551472812,17017.388704367662,24504.56255896415,0.2810156768182347,0.40465469481076666,13501.814199976994,13501.814199976994,0,0.0,0.0,0.0,0.0,0.0,0.0,0.0,0.0,0.0,0.0,0.0,none,1357.2185123908591,14859.032712367853,456.65164920641934,456.65164920641934,0.0,13958.465849183413,0.2154110468670722,0.5181811771623273,0.1728613500867164,0.0702933619006643,0.0232530639832198,0.03778116744152611,0.039919036773358944,0.03194706787393708,0.9464723559769994,33615.247878839116,0.0,16
2045Q4,2045-12-31,2045,4,2046,66553.2598284873,34132.8500277699,0.01623329428827236,0.020597325915870046,0.02213343204113838,-108.19924019032732,572.1133153148023,98.6779710936129,334.5340610143696,102.73615769007216,25.171135127643797,10.99399038910349,6.044719973726774,32.20206619215089,0.0,610.36010148068,502.16086129035267,0.0,0.0,61139.4877651686,61641.64862645895,0.9262002910948925,-0.0065030167098750575,0.036684009351525285,0.030180992641650226,61058.884589464324,582.7640369946275,12772.56286738325,30724.98721982764,10249.625046786905,40974.612266614546,5932.944411126732,1378.7650443397947,0.20918434644296055,16.273617697759427,17870.653776069987,25452.17113693732,0.2926790080792527,0.4168463166018771,13717.710323862597,13717.710323862595,0,0.0,0.0,0.0,0.0,0.0,0.0,0.0,0.0,0.0,0.0,0.0,none,1367.837062407899,15085.547386270495,469.9587950982018,469.9587950982018,0.0,14187.669118960797,0.2154110468670722,0.5181811771623273,0.1728613500867164,0.0702933619006643,0.0232530639832198,0.03779342679453033,0.03993230063195947,0.03193929869008515,0.94888111505725,34225.60798031979,0.0,16
2046Q1,2046-03-31,2046,1,2046,67148.1831460386,34268.80739428492,0.01602817697257164,0.01989152606750877,0.02213343204113749,-112.21922689373486,577.0450539619397,99.46633332974707,337.2067347376076,103.83556592949706,25.454595921206735,11.081824043881097,6.044719973726774,32.56008810228384,0.0,615.6498620379504,503.4306351442155,0.0,0.0,61641.64862645895,62145.07926160317,0.9254915970912522,-0.006684870484115561,0.03667410394106966,0.029989233456954097,61562.31522460854,582.7640369946275,12873.993584860424,30968.983474184894,10331.020365264643,41300.003839449535,5998.603573000598,1389.714227297974,0.20912133563999316,16.253583457778085,18724.491838530346,26360.496055386804,0.3041550950482371,0.4281920840568001,13955.39350777353,13955.39350777353,0,0.0,0.0,0.0,0.0,0.0,0.0,0.0,0.0,0.0,0.0,0.0,none,1378.7650443397947,15334.158552113324,470.8705470419317,470.8705470419317,0.0,14426.264054815461,0.2154110468670722,0.5181811771623273,0.1728613500867164,0.0702933619006643,0.0232530639832198,0.03781396087609293,0.03995025284081646,0.0318230756243157,0.9521319061301096,34841.25784235774,7.275957614183426e-12,16
2046Q2,2046-06-30,2046,2,2046,67748.42451644977,34405.30630378551,0.01602817697257164,0.01989152606750788,0.023159436985126236,-116.27514848346141,582.1262064341404,100.25622504210057,339.8845936291784,104.9790172370154,25.836542423938504,11.169828101907466,6.044719973726774,34.43344952293643,0.0,622.6043759308035,506.3292274473421,0.0,0.0,62145.07926160317,62651.408489050504,0.9247655415785843,-0.006865113059875158,0.03675978476988087,0.02989467171000571,62068.64445205588,582.7640369946275,12975.645148395271,31213.5109838877,10412.59290653688,41626.10389042458,6066.208163220571,1400.687250015462,0.20905314209686246,16.144234164721187,19635.633562779796,27389.874642149956,0.3163535104741507,0.44128359631418906,13939.334842951397,13939.334842951399,0,0.0,0.0,0.0,0.0,0.0,0.0,0.0,0.0,0.0,0.0,0.0,none,1389.714227297974,15329.049070249373,471.89577792440576,471.89577792440576,0.0,14411.230620875805,0.2154110468670722,0.5181811771623273,0.1728613500867164,0.0702933619006643,0.0232530639832198,0.03782822554361023,0.04007425098356803,0.03191676210187941,0.9544497088422227,35463.862218288545,-7.275957614183426e-12,16
2046Q3,2046-09-30,2046,3,2046,68354.0314780933,34542.348913336136,0.016028176972572528,0.019891526067509657,0.023159436985126236,-120.36732618346906,587.1358114888086,101.04783659312818,342.5682830481667,106.1308608018483,26.130807273666093,11.258023771999271,6.044719973726774,34.82151638158595,0.0,628.0020478441213,507.63472166065225,0.0,0.0,62651.408489050504,63159.043210711156,0.9239988021913956,-0.007043758712142411,0.03674996393126506,0.02970620521912265,62576.27917371653,582.7640369946275,13077.49433591701,31458.513887177098,10494.324035540247,41952.83792271734,6134.265309352252,1411.6816057299272,0.20898485030746056,16.037203022753896,20580.166419970876,28400.813151406142,0.3288812740501678,0.45385909048000944,14037.10021871699,14037.10021871699,0,0.0,0.0,0.0,0.0,0.0,0.0,0.0,0.0,0.0,0.0,0.0,none,1400.687250015462,15437.787468732453,472.8132052790663,472.8132052790663,0.0,14509.913423996057,0.2154110468670722,0.5181811771623273,0.1728613500867164,0.0702933619006643,0.0232530639832198,0.037842051937388814,0.04009499948936512,0.03190586328473123,0.9568829876159625,36091.86426613267,0.0,16
2046Q4,2046-12-31,2046,4,2047,68965.05199428966,34679.937388593244,0.01602817697257164,0.01989152606750877,0.023159436985126236,-108.25819908915793,592.1545335159138,101.84098714095373,345.25718991176785,107.28292052248206,26.427045034655578,11.346390906054287,6.052004524189207,35.21218102169455,0.0,633.4187190617976,525.1605199726396,0.0,0.0,63159.043210711156,63684.2037306838,0.9234271836111554,-0.006279017905945855,0.03673853354677351,0.03045951564082765,63101.43969368917,582.7640369946275,13183.034620521217,31712.395894203426,10579.01716688405,42291.41306108748,6203.917606276452,1423.0744058040261,0.2089181274550169,16.252944204199757,20780.196491896113,28454.676611771585,0.3293141423201848,0.45093545804815227,14875.345389564436,14875.345389564434,0,0.0,0.0,0.0,0.0,0.0,0.0,0.0,0.0,0.0,0.0,0.0,none,1411.6816057299272,16287.026995294362,489.94833895094513,489.94833895094513,0.0,15365.29372851538,0.2154110468670722,0.5181811771623273,0.1728613500867164,0.0702933619006643,0.0232530639832198,0.037851327970229075,0.040115789401596,0.032498670063673775,0.9578476452869036,36725.28298519446,7.275957614183426e-12,16
2047Q1,2047-03-31,2047,1,2047,69574.80901325062,34816.54327558161,0.01584952735551126,0.019676561505418855,0.023159436985126236,-112.3784193532108,597.2708849167403,102.66288210730897,348.04354493888184,108.39621418529538,26.730283148604308,11.437960536649854,6.052004524189207,35.61200221692927,0.0,638.9348916578588,526.556472304648,0.0,0.0,63684.2037306838,64210.760202988444,0.9229024285321346,-0.006460868291097036,0.036733691444912064,0.030272823153815027,63627.99616599382,582.7640369946275,13288.789482776412,31966.79407763482,10663.882490801021,42630.67656843584,6274.03974580239,1434.4903689791836,0.2088512963398751,16.5313739711732,20940.52405668281,28491.77857985371,0.3291086521419409,0.4477868280736653,15119.821428894178,15119.821428894178,0,0.0,0.0,0.0,0.0,0.0,0.0,0.0,0.0,0.0,0.0,0.0,none,1423.0744058040261,16542.895834698204,490.94447008771874,490.94447008771874,0.0,15610.765898981897,0.2154110468670722,0.5181811771623273,0.1728613500867164,0.0702933619006643,0.0232530639832198,0.03786417750599084,0.04013145202285146,0.032431536786970645,0.959383493189492,37364.21787685232,-7.275957614183426e-12,16
2047Q2,2047-06-30,2047,2,2047,70189.95722110248,34953.68725951492,0.01584952735551126,0.019676561505418855,0.02235168965107781,-116.53506869478952,602.4548793475956,103.48644809712133,350.8355650020413,109.48645478840298,27.116695119359516,11.529716340670188,6.052004524189207,34.768761707179294,0.0,643.275645578964,526.7405768841745,0.0,0.0,64210.760202988444,64737.500779872615,0.9223185672552228,-0.006641124930604942,0.036659127376448344,0.030018002445843402,64154.73674287799,582.7640369946275,13394.765646512782,32221.72461195392,10748.92540297713,42970.650014931045,6343.390860358732,1445.9302210754352,0.20878841261864853,16.751372067772333,21165.786902344218,28573.28659380494,0.32991775786055105,0.44538077848128566,15162.962130200478,15162.962130200478,0,0.0,0.0,0.0,0.0,0.0,0.0,0.0,0.0,0.0,0.0,0.0,none,1434.4903689791836,16597.45249917966,491.9718151769953,491.9718151769953,0.0,15654.933945377474,0.2154110468670722,0.5181811771623273,0.1728613500867164,0.0702933619006643,0.0232530639832198,0.037872982605465726,0.04007276310359118,0.03253814174385124,0.9603600975866119,38007.49352243129,0.0,16
2047Q3,2047-09-30,2047,3,2047,70810.54428423816,35091.37145998209,0.01584952735551126,0.019676561505418855,0.02235168965107781,-120.72846920290976,607.5839178500315,104.3117374722183,353.63342761619344,110.59798502693278,27.419103582792953,11.621664151893807,6.052004524189207,35.153083846316214,0.0,648.789006220537,528.0605370176272,0.0,0.0,64737.500779872615,65265.56131689025,0.9216926938862384,-0.006819801792134109,0.03664928791487637,0.029829486122742267,64682.79727989562,582.7640369946275,13500.943357008997,32477.139976270315,10834.13005080013,43311.270027070444,6413.192066194352,1457.3918296218333,0.20872540961065225,16.98216749678787,21338.19359548715,28522.914777087644,0.32988977738783387,0.440966006056652,15298.376854423204,15298.376854423204,0,0.0,0.0,0.0,0.0,0.0,0.0,0.0,0.0,0.0,0.0,0.0,none,1445.9302210754352,16744.30707549864,492.907453171311,492.907453171311,0.0,15791.284307594515,0.2154110468670722,0.5181811771623273,0.1728613500867164,0.0702933619006643,0.0232530639832198,0.03788261419520547,0.04008736811923703,0.03254155538129836,0.9613319075672505,38656.28252865182,7.275957614183426e-12,16
2047Q4,2047-12-31,2047,4,2048,71436.61829049476,35229.59800492117,0.01584952735551126,0.019676561505418855,0.02235168965107781,-110.05566831434902,612.7411517224423,105.13859639270757,356.4366112395658,111.72868002588781,27.723477233695398,11.713786830585484,6.05491834437418,35.539900250244116,0.0,654.3359703170606,544.2803020027116,0.0,0.0,65265.56131689025,65809.84161889296,0.9212340000653348,-0.0061624231912440815,0.03663868676740682,0.030476263576162736,65227.07758189833,582.7640369946275,13610.53165953407,32740.759676520447,10922.071603490718,43662.83128001117,6484.4930396184745,1469.2216027346321,0.20866382741806652,17.20864730763895,21301.363317211715,28200.887114925634,0.3265724007099043,0.4323493886341442,15392.610047800157,15392.610047800159,0,0.0,0.0,0.0,0.0,0.0,0.0,0.0,0.0,0.0,0.0,0.0,none,1457.3918296218333,16850.001877421993,508.74040175246745,508.74040175246745,0.0,15901.350449552627,0.2154110468670722,0.5181811771623273,0.1728613500867164,0.0702933619006643,0.0232530639832198,0.037891782672398,0.04010298583903994,0.03253784775933001,0.9622622982019889,39310.61849896888,0.0,16
2048Q1,2048-03-31,2048,1,2048,72084.6419407788,35366.86293546704,0.015676506274730606,0.02077970179797095,0.0223516896510787,-114.43446198536833,618.0470638661687,105.99201529862158,359.32983744981095,112.88190871299047,28.034433772765766,11.808868631979609,6.05491834437418,35.935027896054976,0.0,660.0370101065979,545.6025481212296,0.0,0.0,65809.84161889296,66355.4441670142,0.9205212425349711,-0.00635000515529408,0.03662566629096122,0.03027566113566714,65772.68013001957,582.7640369946275,13720.319673619919,33004.859792112125,11010.173419132188,44015.033211244314,6556.254310962732,1481.0729341925971,0.20860210723506423,17.467441792958834,21287.197282500332,27859.345967009438,0.3236480137409599,0.4235701800798907,15603.211461132001,15603.211461132,0,0.0,0.0,0.0,0.0,0.0,0.0,0.0,0.0,0.0,0.0,0.0,none,1469.2216027346321,17072.433063866632,509.6675202251746,509.6675202251746,0.0,16112.878981357175,0.2154110468670722,0.5181811771623273,0.1728613500867164,0.0702933619006643,0.0232530639832198,0.037903554718447634,0.04011783003088777,0.032444728334679755,0.9638545361838479,39970.65550907548,1.4551915228366852e-11,16
2048Q2,2048-06-30,2048,2,2048,72738.54401394143,35504.66269076893,0.015676506274730606,0.02077970179797095,0.022930584971782908,-118.8529770475514,623.4152414259441,106.84698945831512,362.22833621842966,114.01224304889459,28.423548991731472,11.904123708573001,6.05491834437418,37.265753114033885,0.0,666.7359128843522,547.8829358368007,0.0,0.0,66355.4441670142,66903.32710285099,0.919778200262408,-0.006535900802456066,0.036664792892008524,0.030128892089552453,66320.56306585636,582.7640369946275,13830.312255498546,33269.45200493472,11098.439394715124,44367.891399649845,6629.413062494594,1492.9463482133813,0.20853731657502722,17.71030458129856,21253.641922035615,27464.28708464061,0.32046835761829606,0.41411420251918785,15714.45268603701,15714.452686037012,0,0.0,0.0,0.0,0.0,0.0,0.0,0.0,0.0,0.0,0.0,0.0,none,1481.0729341925971,17195.525620229608,510.6171827227669,510.6171827227669,0.0,16225.069868759778,0.2154110468670722,0.5181811771623273,0.1728613500867164,0.0702933619006643,0.0232530639832198,0.03791119376971779,0.04019178358334563,0.03249700603275812,0.9648654573221941,40637.39142195983,0.0,16
2048Q3,2048-09-30,2048,3,2048,73398.37783497396,35642.99935466223,0.015676506274730606,0.02077970179796984,0.022930584971782908,-123.31157382591789,628.7353813639639,107.70355668969492,365.1322357541576,115.15699974919035,28.743032897155913,11.99955627376505,6.05491834437418,37.68158749802938,0.0,672.4718872063675,549.1603133804496,0.0,0.0,66903.32710285099,67452.48741623144,0.9189915282308959,-0.0067201252923145965,0.0366477792584641,0.029927653966149503,66869.7233792368,582.7640369946275,13940.490423291114,33534.49065320596,11186.854297811791,44721.34495101775,6703.048209175567,1504.839795752381,0.2084723806053558,17.932836088666267,21141.108410316738,27074.753934911634,0.3161536692834757,0.4048880803852466,15799.452478936308,15799.452478936308,0,0.0,0.0,0.0,0.0,0.0,0.0,0.0,0.0,0.0,0.0,0.0,none,1492.9463482133813,17292.39882714969,511.47872588242024,511.47872588242024,0.0,16310.931204818728,0.2154110468670722,0.5181811771623273,0.1728613500867164,0.0702933619006643,0.0232530639832198,0.037918264729415466,0.04020558715548309,0.032552278785576774,0.965885311519742,41309.8633091662,0.0,16
2048Q4,2048-12-31,2048,4,2049,74064.19721259525,35781.87501910156,0.015676506274729718,0.02077970179797184,0.022930584971782908,-108.22795841410732,634.0602378592068,108.56156917137955,368.04103491893443,116.2978847019159,29.064599208617075,12.09514985835976,6.05491834437418,38.10012971231486,0.0,678.2152859158958,569.9873275017885,0.0,0.0,67452.48741623144,68022.47474373323,0.9184258697691714,-0.005845089124692612,0.03662850939809064,0.030783420273398025,67439.7107067386,582.7640369946275,14055.064801382137,33810.104587474074,11278.79703691552,45088.90162438959,6778.53647817243,1517.207802794435,0.20840932818499994,18.049655567251474,20970.69549689309,26819.192638407345,0.31095470720632395,0.39767656707530274,15684.851162500532,15684.851162500532,0,0.0,0.0,0.0,0.0,0.0,0.0,0.0,0.0,0.0,0.0,0.0,none,1504.839795752381,17189.69095825291,531.8871977894737,531.8871977894737,0.0,16216.738360290006,0.2154110468670722,0.5181811771623273,0.1728613500867164,0.0702933619006643,0.0232530639832198,0.03792543125992064,0.040218845109791665,0.03241026245376691,0.9669600799404573,41988.078595082094,0.0,16
2049Q1,2049-03-31,2049,1,2049,74708.85169853843,35919.71301209475,0.015497958573625237,0.019473428238653945,0.022930584971783796,-112.58398613285635,639.5861610968885,109.45381714076339,371.06589784752714,117.4775831280994,29.394305265538346,12.194557714960268,6.05491834437418,38.52920507486576,0.0,684.1702845161285,571.5862983832722,0.0,0.0,68022.47474373323,68594.0610421165,0.9181517247635389,-0.006027879351547249,0.03663128365441137,0.03060340430286412,68011.29700512187,582.7640369946275,14169.89118789162,34086.32473957935,11370.942005738112,45457.266745317465,6854.536058420937,1529.6030134918449,0.20834613971300237,18.220731454076848,20758.474527433184,26655.14806852457,0.30522097712487206,0.39192236058249547,15924.565559728857,15924.565559728857,0,0.0,0.0,0.0,0.0,0.0,0.0,0.0,0.0,0.0,0.0,0.0,none,1517.207802794435,17441.77336252329,533.0570933084064,533.0570933084064,0.0,16457.622653037262,0.2154110468670722,0.5181811771623273,0.1728613500867164,0.0702933619006643,0.0232530639832198,0.03793890980824555,0.04023201373332332,0.03237110367810411,0.9685181996624924,42672.24887959822,0.0,16
2049Q2,2049-06-30,2049,2,2049,75359.11725463274,36058.08198096057,0.015497958573625237,0.019473428238653945,0.022366633995218432,-116.97792870001354,645.232951428202,110.34802762570598,374.09741401688245,118.69418924067807,29.799136323994954,12.294184220940702,6.05491834437418,38.01087823877453,0.0,689.2987480113508,572.3208193113372,0.0,0.0,68594.0610421165,69166.38186142784,0.9178236739122073,-0.006209092301585964,0.036587410952931554,0.030378318651345586,68583.61782443321,582.7640369946275,14284.987451649546,34363.194093813865,11463.30354351667,45826.49763733053,6930.105378714647,1542.0273567384754,0.2082857088148601,18.366033474948946,20510.773311376095,26332.54228702862,0.2990622828308868,0.3839479911141045,16021.120783306204,16021.120783306204,0,0.0,0.0,0.0,0.0,0.0,0.0,0.0,0.0,0.0,0.0,0.0,none,1529.6030134918449,17550.723796798047,534.3099410725627,534.3099410725627,0.0,16555.430724378766,0.2154110468670722,0.5181811771623273,0.1728613500867164,0.0702933619006643,0.0232530639832198,0.037950145935858916,0.04019582672547257,0.03236293240409578,0.9695967109619235,43361.54762760957,0.0,16
2049Q3,2049-09-30,2049,3,2049,76015.04271961107,36196.983971110225,0.015497958573625237,0.019473428238653945,0.022366633995218432,-121.41011612627267,650.8557344893726,111.24433977972083,377.13605517960616,119.95168196450582,30.129612685753848,12.394044879785497,6.05491834437418,38.429937414740465,0.0,695.3405902484873,573.9304741222146,0.0,0.0,69166.38186142784,69740.31233555006,0.9174540964581712,-0.006388741584957376,0.036589630966245415,0.030200889381288037,69157.54829855543,582.7640369946275,14400.340182859582,34640.680392296,11555.870889264084,46196.55128156009,7006.177449154166,1554.4793849815828,0.20822514009161858,18.46133616909611,20349.137144291617,26217.141697521765,0.2942431830643232,0.37909298901605787,16030.72296100166,16030.72296100166,0,0.0,0.0,0.0,0.0,0.0,0.0,0.0,0.0,0.0,0.0,0.0,none,1542.0273567384754,17572.750317740134,535.5005367074741,535.5005367074741,0.0,16566.223497709136,0.2154110468670722,0.5181811771623273,0.1728613500867164,0.0702933619006643,0.0232530639832198,0.03796685186533936,0.040212633451989735,0.032373963421954796,0.970746350962808,44056.88821785806,0.0,16
2049Q4,2049-12-31,2049,4,2050,76676.67735729841,36336.421035834224,0.015497958573625237,0.019473428238653057,0.022366633995218432,-111.10452629473929,656.5915907243088,112.14264917401898,380.18146730544765,121.31105635133297,30.462289836719638,12.49412805678947,6.057832164559153,38.85178452185364,0.0,701.5012074107217,590.3966811159823,0.0,0.0,69740.31233555006,70330.70901666603,0.9172373065793997,-0.005796001085285101,0.036595284594394324,0.030799283509109224,69747.9449796714,582.7640369946275,14519.149046429115,34926.48057607103,11651.211684722784,46577.69226079382,7083.799178696778,1567.3044937517045,0.20816597608231807,18.424091921764738,20380.832557999027,26090.06490093778,0.29220692543614274,0.37406213055512877,15858.933999234254,15858.933999234254,0,0.0,0.0,0.0,0.0,0.0,0.0,0.0,0.0,0.0,0.0,0.0,none,1554.4793849815828,17413.413384215837,551.5448965941287,551.5448965941287,0.0,16410.478895828383,0.2154110468670722,0.5181811771623273,0.1728613500867164,0.0702933619006643,0.0232530639832198,0.03798146552596337,0.04023504821919945,0.03217294181972202,0.9718371084013813,44758.38942526878,0.0,16
2050Q1,2050-03-31,2050,1,2050,77356.14328070718,36473.8915487907,0.015219177974386433,0.020390207990024445,0.022366633995218432,-115.69578015374799,662.4521569337855,113.06787319906674,383.3181243223785,122.66717620188477,30.801773341926125,12.597209868529319,6.057832164559153,39.28222504841596,0.0,707.7922141467607,592.0964339930126,0.0,0.0,70330.70901666603,70922.80545065906,0.9168348167681646,-0.005982499915173657,0.036599146965140175,0.030616647049966514,70340.04141366442,582.7640369946275,14638.231333900863,35212.938493614,11746.771895228068,46959.71038884207,7161.940572998365,1580.1591179231261,0.20810666356896976,18.424763524621692,20548.645191037183,26095.43192102626,0.29213296975746955,0.37098971505519895,16062.500799510113,16062.500799510111,0,0.0,0.0,0.0,0.0,0.0,0.0,0.0,0.0,0.0,0.0,0.0,none,1567.3044937517045,17629.805293261816,552.8142089445967,552.8142089445967,0.0,16615.31500845471,0.2154110468670722,0.5181811771623273,0.1728613500867164,0.0702933619006643,0.0232530639832198,0.038010219524156064,0.04025508765902175,0.032096581697806374,0.973392737535587,45466.18163941555,1.4551915228366852e-11,16
2050Q2,2050-06-30,2050,2,2050,78041.63025193631,36611.88214989548,0.015219177974386433,0.020390207990024445,0.02276633294218633,-120.32771914219171,668.5857361153721,113.99522651275298,386.4619999674125,124.13189456038376,31.296086164515867,12.700528910307122,6.057832164559153,40.4193242948138,0.0,715.0628925747451,594.7351734325534,0.0,0.0,70922.80545065906,71517.5406240916,0.9164024430706605,-0.0061673606127266275,0.03665033086911987,0.030482970256393245,70934.77658709697,582.7640369946275,14757.637091258634,35500.174532839934,11842.591681284483,47342.766214124415,7241.324621883893,1593.0486598300388,0.20804516206713541,18.404849027058138,20591.188220385793,25990.66536200484,0.29028340133140457,0.3664023009939604,16126.046767956303,16126.046767956303,0,0.0,0.0,0.0,0.0,0.0,0.0,0.0,0.0,0.0,0.0,0.0,none,1580.1591179231261,17706.20588587943,554.3158491377396,554.3158491377396,0.0,16680.36261709404,0.2154110468670722,0.5181811771623273,0.1728613500867164,0.0702933619006643,0.0232530639832198,0.03803814132087745,0.04032908106390201,0.03216257054338069,0.974636846331875,46181.24453199029,0.0,16
2050Q3,2050-09-30,2050,3,2050,78733.19162615138,36750.394806782766,0.015219177974387321,0.020390207990024445,0.02276633294218633,-125.0007037889821,674.7343496196049,114.92509884817662,389.6144154979171,125.74656431213783,31.644142357989523,12.804128603383933,6.057832164559153,40.86733829088582,0.0,721.65952007505,596.6588162860678,0.0,0.0,71517.5406240916,72114.19944037768,0.9159313619952987,-0.006350597566653852,0.03666354710992559,0.030312949543271732,71531.43540338305,582.7640369946275,14877.360715373374,35788.17521516426,11938.666546537423,47726.84176170168,7321.260411678797,1605.9725146291892,0.2079835338334306,18.36863530922607,20757.328606154995,25972.13569792061,0.2901847067530437,0.3630870197341555,16226.095742105113,16226.095742105115,0,0.0,0.0,0.0,0.0,0.0,0.0,0.0,0.0,0.0,0.0,0.0,none,1593.0486598300388,17819.144401935155,555.791477995182,555.791477995182,0.0,16781.887220100296,0.2154110468670722,0.5181811771623273,0.1728613500867164,0.0702933619006643,0.0232530639832198,0.038070578364363866,0.04036265865842426,0.03214160059987792,0.9760764539522268,46902.90405206534,0.0,16
2050Q4,2050-12-31,2050,4,2051,79430.88123132168,36889.43149453083,0.015219177974386433,0.020390207990024445,0.022766332942187217,-109.4360703178366,680.9903316439604,115.85744657097015,392.7752229864267,127.45503878293286,31.994619217298514,12.908004086332106,6.063659804929099,41.31846610709188,0.0,728.3724575559814,618.9363872381448,0.0,0.0,72114.19944037768,72733.13582761581,0.9156783193151234,-0.0055110087472972965,0.03667956070812243,0.031168551960825127,72150.37179062118,582.7640369946275,15001.785996453396,36087.48594948601,12038.514360218418,48126.000309704425,7403.181583356265,1619.4039011071038,0.20792389039918263,18.27250442232778,20723.137125438985,25988.13551938342,0.28722148772257305,0.3601940624062261,16246.432556431968,16246.432556431968,0,0.0,0.0,0.0,0.0,0.0,0.0,0.0,0.0,0.0,0.0,0.0,none,1605.9725146291892,17852.405071061155,577.617921131053,577.617921131053,0.0,16824.05047756302,0.2154110468670722,0.5181811771623273,0.1728613500867164,0.0702933619006643,0.0232530639832198,0.038098205476287304,0.040401056280639024,0.03222383763489625,0.9774498600586934,47631.276509621326,-1.4551915228366852e-11,16
2051Q1,2051-03-31,2051,1,2051,80109.2122534556,37027.85847642142,0.015094632227163673,0.01921496163380243,0.02276633294218544,-114.01965547753565,687.3814906442669,116.82640844738083,396.06015829560783,129.1251407650962,32.353824281033546,13.015958855148348,6.063659804929099,41.78079867895138,0.0,735.2259491281474,621.2062936506118,0.0,0.0,72733.13582761581,73354.34212126643,0.915679234108337,-0.005693210669294394,0.03671118107125976,0.03101797040196537,72771.5780842718,582.7640369946275,15126.600648906713,36387.733334548284,12138.674633553883,48526.40796810217,7485.69214804773,1632.8773192151891,0.20786412837426213,18.304436019713183,20685.800511370377,25977.414695803447,0.28425658829901373,0.35697198521269907,16596.342357291793,16596.342357291793,0,0.0,0.0,0.0,0.0,0.0,0.0,0.0,0.0,0.0,0.0,0.0,none,1619.4039011071038,18215.746258398896,579.4254949716603,579.4254949716603,0.0,17175.767852263452,0.2154110468670722,0.5181811771623273,0.1728613500867164,0.0702933619006643,0.0232530639832198,0.03813177193649283,0.04043416749530503,0.032063335607203376,0.9793925986927134,48366.50245874947,0.0,16
2051Q2,2051-06-30,2051,2,2051,80793.3361481909,37166.80490327331,0.015094632227163673,0.01921496163380243,0.022850408612718587,-118.64238395225567,693.9126325069066,117.79840255336103,399.35537334666634,130.7306772219224,32.90392793176446,13.12425145319208,6.063659804929099,42.40115980673671,0.0,742.3774521185724,623.7350681663168,0.0,0.0,73354.34212126643,73978.07718943275,0.9156457786783601,-0.005873869782262347,0.03675439027579729,0.03088052049353495,73395.31315243812,582.7640369946275,15251.826394685777,36688.969623506426,12239.16479780411,48928.13442131053,7568.95722265991,1646.3951137818894,0.20780381933937053,18.219634943607605,20664.1998245529,25955.21087849232,0.2815465857013849,0.35363580811467815,16535.411763079155,16535.411763079155,0,0.0,0.0,0.0,0.0,0.0,0.0,0.0,0.0,0.0,0.0,0.0,none,1632.8773192151891,18168.289082294345,581.3339083595799,581.3339083595799,0.0,17116.745671438734,0.2154110468670722,0.5181811771623273,0.1728613500867164,0.0702933619006643,0.0232530639832198,0.038155186449215665,0.040481718226921266,0.032235355696155744,0.9808473313249958,49108.87991086804,0.0,16
2051Q3,2051-09-30,2051,3,2051,81483.30238602485,37306.272724295144,0.015094632227163673,0.01921496163380243,0.022850408612718587,-123.30459002161757,700.290354633588,118.77359804861548,402.66144161798195,132.35231650480392,33.270097735164654,13.232900727021937,6.063659804929099,42.87279765466396,0.0,749.226812093181,625.9222220715635,0.0,0.0,73978.07718943275,74603.99941150431,0.915574077472584,-0.006052999150057299,0.036779403394513396,0.030726404244456103,74021.23537450968,582.7640369946275,15377.421681574666,36991.09486059459,12339.951508476097,49331.04636907068,7652.814524511089,1659.952799353235,0.20774338071734091,18.18395093272476,20605.140904724685,25911.91867418608,0.27836796833331934,0.3500606081901362,16767.337746685775,16767.33774668578,0,0.0,0.0,0.0,0.0,0.0,0.0,0.0,0.0,0.0,0.0,0.0,none,1646.3951137818894,18413.732860467666,583.0494244168995,583.0494244168995,0.0,17350.387171102677,0.2154110468670722,0.5181811771623273,0.1728613500867164,0.0702933619006643,0.0232530639832198,0.03817963747484933,0.040510748078767464,0.03214609219246013,0.9822284388673144,49858.10672296122,0.0,16
2051Q4,2051-12-31,2051,4,2052,82179.16085992736,37446.26389600992,0.015094632227163673,0.01921496163380243,0.022850408612718587,-104.35997581995406,706.7154502676606,119.7516713452627,405.97726609502456,134.00577000370473,33.638872198867,13.341870624801626,6.070944355391532,43.347790051683745,0.0,756.1341846747359,651.7742088547818,0.0,0.0,74603.99941150431,75255.77362035909,0.9157525196519221,-0.005079632097866438,0.036804181340500695,0.03172454924263426,74673.00958336446,582.7640369946275,15508.483453390625,37306.369978506635,12445.124920658827,49751.49489916546,7738.930653009625,1674.1005777987446,0.20768526057701017,18.015003579119195,20786.609726148097,26843.36759243276,0.2783684472090557,0.35947884975045774,16586.2810712713,16586.2810712713,0,0.0,0.0,0.0,0.0,0.0,0.0,0.0,0.0,0.0,0.0,0.0,none,1659.952799353235,18246.233870624535,608.4264188030979,608.4264188030979,0.0,17194.707490074397,0.2154110468670722,0.5181811771623273,0.1728613500867164,0.0702933619006643,0.0232530639832198,0.038203976159623544,0.04054121444637384,0.03208799125023892,0.983578753880117,50614.24090763596,0.0,16
2052Q1,2052-03-31,2052,1,2052,82909.72255926982,37585.44010062169,0.014949853670766178,0.020776005458570612,0.022850408612718587,-109.29649155355065,713.3930697830148,120.77231489327949,409.43741051410933,135.71017699153086,34.017583990037814,13.45558339405741,6.070944355391532,43.835577106532924,0.0,763.2995912449392,654.0030996913886,0.0,0.0,75255.77362035909,75909.77672005047,0.9155714719197705,-0.005273036173793377,0.036825576913456816,0.031552540739663446,75327.01268305584,582.7640369946275,15639.920278194917,37622.54730362587,12550.599302391913,50173.146606017785,7825.656956601244,1688.288842241893,0.2076269816247868,17.954584879144758,20944.58647102263,27797.979533796606,0.2780488131017299,0.36903069089914303,16943.930814911495,16943.930814911495,0,0.0,0.0,0.0,0.0,0.0,0.0,0.0,0.0,0.0,0.0,0.0,none,1674.1005777987446,18618.03139271024,610.1675225848555,610.1675225848555,0.0,17554.09833749635,0.2154110468670722,0.5181811771623273,0.1728613500867164,0.0702933619006643,0.0232530639832198,0.038226943168233794,0.040570951810051804,0.0319164222910028,0.9853891422661847,51377.5404988809,0.0,16
2052Q2,2052-06-30,2052,2,2052,83646.77885396908,37725.133580227404,0.014949853670766178,0.020776005458570612,0.02253572169058371,-114.27689224880208,720.0721694645732,121.79587916644292,412.907456657293,137.27529445090275,34.523917620415446,13.569621569519214,6.070944355391532,43.72143694367767,0.0,769.8645507636425,655.5876585148403,0.0,0.0,75909.77672005047,76565.36437856533,0.9153414563904902,-0.005464736063455937,0.03681502438283609,0.03135028831938015,75982.6003415707,582.7640369946275,15771.72302152616,37939.60486258548,12656.36732352516,50595.972186110645,7912.388527292616,1702.5166066412585,0.20757019305243918,17.788977044900324,21075.570542269492,28786.44126438871,0.2773736414327331,0.37885570031800314,16900.590633467393,16900.59063346739,0,0.0,0.0,0.0,0.0,0.0,0.0,0.0,0.0,0.0,0.0,0.0,none,1688.288842241893,18588.879475709284,611.8662215711627,611.8662215711627,0.0,17512.456855038552,0.2154110468670722,0.5181811771623273,0.1728613500867164,0.0702933619006643,0.0232530639832198,0.038235189935528956,0.04056734634342792,0.032078053430981045,0.9865374269395345,52147.40504964454,1.4551915228366852e-11,16
2052Q3,2052-09-30,2052,3,2052,84390.3874801053,37865.34625737856,0.014949853670766178,0.020776005458570612,0.02253572169058371,-119.30156803712174,726.4962231382349,122.82229303013497,416.3871633668747,138.69676838538524,34.90602112996097,13.68397722587911,6.070944355391532,44.20600059373776,0.0,776.7731680873642,657.4716000502424,0.0,0.0,76565.36437856533,77222.83597861556,0.9150667307555679,-0.005654746783346462,0.03681808752308362,0.03116334073973715,76640.07194162093,582.7640369946275,15903.82720631265,38257.38755282502,12762.377243008952,51019.76479583397,7999.70302861018,1716.776910864128,0.20751320821341449,17.65242907679043,21223.45963472782,29822.311833881053,0.2769237958296069,0.38912165761793144,17102.95806451893,17102.95806451893,0,0.0,0.0,0.0,0.0,0.0,0.0,0.0,0.0,0.0,0.0,0.0,none,1702.5166066412585,18805.47467116019,613.2655994565046,613.2655994565046,0.0,17716.223663975434,0.2154110468670722,0.5181811771623273,0.1728613500867164,0.0702933619006643,0.0232530639832198,0.03823858779460804,0.04058091667907344,0.03199695582539086,0.9875561130862651,52924.178217731904,0.0,16
2052Q4,2052-12-31,2052,4,2053,85140.60668702472,38006.08006177218,0.014949853670767954,0.020776005458570612,0.022535721690584598,-112.33959251813872,732.8481012474349,123.85105436915975,419.87482839225356,140.03293187807546,35.29069218687602,13.798594421070426,6.072401265484019,44.69382103933225,0.0,783.6143235522512,671.2747310341125,0.0,0.0,77222.83597861556,77894.11070964967,0.9148878982738163,-0.0052778384786989815,0.0368150688158849,0.03153723033718592,77311.34667265504,582.7640369946275,16038.799656081548,38582.06998635356,12870.688865049211,51452.758851402774,8088.441328315825,1731.3468368549006,0.20745725364210293,17.47545831796806,22108.395928394995,30814.692542437882,0.28596573310259926,0.3985791719928352,17161.429554207218,17161.42955420722,0,0.0,0.0,0.0,0.0,0.0,0.0,0.0,0.0,0.0,0.0,0.0,none,1716.776910864128,18878.20646507135,626.5809099947802,626.5809099947802,0.0,17788.010464202,0.2154110468670722,0.5181811771623273,0.1728613500867164,0.0702933619006643,0.0232530639832198,0.03823824389805858,0.0405897718529399,0.032082874498216826,0.9884871812897488,53707.79254128416,0.0,16
2053Q1,2053-03-31,2053,1,2053,85878.75613703064,38146.96482258528,0.014910252990658845,0.01992533565251664,0.02253572169058371,-117.32737982888818,739.2607759154948,124.90215232173504,423.4382181002294,141.323075134859,35.68163015745016,13.915700201221263,6.072401265484019,45.189596154005976,0.0,790.5227733349848,673.1953935060966,0.0,0.0,77894.11070964967,78567.30610315577,0.9148631121041332,-0.005464791764877321,0.03682041095581793,0.03135561919094061,77984.54206616114,582.7640369946275,16174.079042327752,38907.49076969024,12979.24679504178,51886.737564732015,8177.775563258817,1745.9498958425618,0.20740109018792288,17.400035136708787,23040.162535613134,31831.255984102198,0.29544525011208167,0.4081739167884957,17503.47361309441,17503.473613094415,0,0.0,0.0,0.0,0.0,0.0,0.0,0.0,0.0,0.0,0.0,0.0,none,1731.3468368549006,19234.820449949315,628.0057973520907,628.0057973520907,0.0,18131.479410446504,0.2154110468670722,0.5181811771623273,0.1728613500867164,0.0702933619006643,0.0232530639832198,0.03823841231076347,0.04059473899286988,0.03191776522364407,0.9899212655932766,54498.31531461914,0.0,16
2053Q2,2053-06-30,2053,2,2053,86623.30517275418,38288.37182920213,0.014910252990658845,0.01992533565251664,0.022725734639350792,-122.35841010681213,745.7033814970202,125.95564054212737,427.0097111973493,142.62677213013026,36.07818533957866,14.033072287834589,6.072401265484019,46.07070591223644,0.0,797.8464886747407,675.4880785679286,0.0,0.0,78567.30610315577,79242.7941817237,0.914797628925479,-0.005650138140667382,0.03684211712234177,0.031191978981674386,78660.03014472907,582.7640369946275,16309.662497487838,39233.643004779384,13088.048731847075,52321.69173662646,8268.0901323337,1760.5857782810745,0.20734371023605222,17.21428750077147,24033.274044793856,32883.793637724804,0.3055334964984666,0.4180495936401356,17432.28958650112,17432.28958650112,0,0.0,0.0,0.0,0.0,0.0,0.0,0.0,0.0,0.0,0.0,0.0,none,1745.9498958425618,19178.23948234368,629.4173726556921,629.4173726556921,0.0,18061.70695915681,0.2154110468670722,0.5181811771623273,0.1728613500867164,0.0702933619006643,0.0232530639832198,0.038237155122539494,0.04061977065255106,0.03206905294524151,0.9907971910819432,55296.16180329388,0.0,16
2053Q3,2053-09-30,2053,3,2053,87374.3092771295,38430.303017536,0.014910252990657957,0.01992533565251664,0.022725734639350792,-127.43305825847574,752.13828591792,127.01149669918652,430.5892319774527,143.910754536421,36.47609451192604,14.150708192934136,6.072401265484019,46.57950637016693,0.0,804.7901935535709,677.3571352950952,0.0,0.0,79242.7941817237,79920.1513170188,0.9146870742466418,-0.005833891417867001,0.0368433330214252,0.0310094416035582,79337.38728002417,582.7640369946275,16445.538966874887,39560.50009906337,13197.08580438754,52757.58590345091,8359.00911885273,1775.2532908456494,0.20728611731099444,17.076783885986703,25057.43647742579,33917.11626822169,0.31583390046592613,0.42750483008105633,17657.180559751734,17657.180559751738,0,0.0,0.0,0.0,0.0,0.0,0.0,0.0,0.0,0.0,0.0,0.0,none,1760.5857782810745,19417.766338032812,630.7776289249283,630.7776289249283,0.0,18287.958188676665,0.2154110468670722,0.5181811771623273,0.1728613500867164,0.0702933619006643,0.0232530639832198,0.03823122209364301,0.04062401897176842,0.03198420212227259,0.9917713655658771,56100.95199684745,0.0,16
2053Q4,2053-12-31,2053,4,2054,88131.82441411512,38572.760330676436,0.014910252990658845,0.01992533565251664,0.022725734639350792,-109.32510744079843,758.4979046657606,128.06963470453817,434.17648858721947,145.10651700348623,36.8766660453452,14.268598325171908,6.073858175576505,47.091711902998505,0.0,811.6634747443358,702.3383673035373,0.0,0.0,79920.1513170188,80622.48968432234,0.9147942893533236,-0.004961890130725083,0.03683860989558003,0.03187671976485495,80039.72564732771,582.7640369946275,16586.686334870865,39900.03658229049,13310.352625879883,53210.389208170374,8452.160321038002,1790.4897832484692,0.2072306745272389,17.148368100639193,25306.03840024067,34128.327010626555,0.31616848003383385,0.4263923537294883,18451.480081378166,18451.480081378166,0,0.0,0.0,0.0,0.0,0.0,0.0,0.0,0.0,0.0,0.0,0.0,none,1775.2532908456494,20226.733372223815,655.2466554005388,655.2466554005388,0.0,19106.726736778706,0.2154110468670722,0.5181811771623273,0.1728613500867164,0.0702933619006643,0.0232530639832198,0.03822507417903085,0.040623720619582665,0.032526819636371704,0.9926673044700381,56912.61547159179,0.0,16
2054Q1,2054-03-31,2054,1,2054,88891.20434754388,38714.97092715584,0.0148290126082804,0.01979116344579368,0.022725734639350792,-114.45635233431346,765.0899979146806,129.16881983280686,437.9029014906372,146.34015326296125,37.2870616954157,14.39106163285957,6.073858175576505,47.61649295232581,0.0,818.7803490425829,704.3239967082694,0.0,0.0,80622.48968432234,81326.8136810306,0.9149028216904534,-0.005150401692694625,0.036844155956818524,0.031693754264123894,80744.04964403597,582.7640369946275,16728.148385740395,40240.33004963809,13423.871971591212,53664.2020212293,8545.938992214727,1805.7602448515668,0.20717499877064927,17.332397559850474,25532.53026208373,34309.27072888695,0.3162156267198031,0.4249139209655822,18850.628526086082,18850.628526086082,0,0.0,0.0,0.0,0.0,0.0,0.0,0.0,0.0,0.0,0.0,0.0,none,1790.4897832484692,20641.11830933455,656.7075037559437,656.7075037559437,0.0,19507.336029842027,0.2154110468670722,0.5181811771623273,0.1728613500867164,0.0702933619006643,0.0232530639832198,0.03821733010385907,0.04062292555084917,0.03239574405872666,0.9940401529722929,57731.39582063437,0.0,16
2054Q2,2054-06-30,2054,2,2054,89657.12740982682,38857.705827666825,0.014829012608279513,0.01979116344579479,0.022859099804621197,-119.63181013765472,771.6677386173138,130.27045555395333,441.6376222947769,147.57815004516976,37.66771275541957,14.513797967994467,6.073858175576505,48.42496600652225,0.0,826.1665627994126,706.5347526617579,0.0,0.0,81326.8136810306,82033.34843369236,0.9149673963868392,-0.005337302837768257,0.03685893521986122,0.03152163238209296,81450.58439669773,582.7640369946275,16869.912503837266,40581.35015358915,13537.633717817716,54118.98387140686,8640.624707624973,1821.0633138286437,0.20711837279980555,17.428656426769383,25733.72106014572,34491.63301848035,0.31594274308471443,0.42346698030418006,18842.26677009098,18842.266770090977,0,0.0,0.0,0.0,0.0,0.0,0.0,0.0,0.0,0.0,0.0,0.0,none,1805.7602448515668,20648.027014942545,658.1097866552357,658.1097866552357,0.0,19500.376556746214,0.2154110468670722,0.5181811771623273,0.1728613500867164,0.0702933619006643,0.0232530639832198,0.03821073820636568,0.04063439967239809,0.0325649227883861,0.9950259385936099,58557.56238343378,0.0,16
2054Q3,2054-09-30,2054,3,2054,90429.64997924482,39000.96696522091,0.014829012608281289,0.019791163445792792,0.022859099804621197,-124.8518618073806,778.2863275792855,131.3744436236327,445.3803179356398,148.81007780619666,38.084691828918935,14.636796384897726,6.073858175576505,48.961495995119364,0.0,833.3216817499814,708.4698199426008,0.0,0.0,82033.34843369236,82741.81825363496,0.914985497263626,-0.005522607323418206,0.03686055102242432,0.03133794369900611,82159.05421664033,582.7640369946275,17011.97788231634,40923.094953240616,13651.637217088706,54574.73217032932,8735.945260911827,1836.3989030828607,0.20706151068217588,17.572697970148518,25884.375985866696,34493.00041388076,0.3150520199224022,0.41983200443043345,19106.509473768914,19106.509473768914,0,0.0,0.0,0.0,0.0,0.0,0.0,0.0,0.0,0.0,0.0,0.0,none,1821.0633138286437,20927.572787597557,659.5083239474815,659.5083239474815,0.0,19766.017797716395,0.2154110468670722,0.5181811771623273,0.1728613500867164,0.0702933619006643,0.0232530639832198,0.038206335066345284,0.040633313044562906,0.032480845095016024,0.9959686802937523,59390.88406518376,0.0,16
2054Q4,2054-12-31,2054,4,2055,91208.82891985717,39144.756279956215,0.014829012608279513,0.01979116344579368,0.022859099804622085,-107.68824408252749,784.9660420484962,132.48077775853852,449.1309671118146,150.08977477529538,38.50446621931952,14.760056183528494,6.0767719957614785,49.501623248176166,0.0,840.5444372924339,732.8561932099065,0.0,0.0,82741.81825363496,83474.67444684487,0.9152038836085913,-0.00472271140229858,0.03686241550282368,0.0321397041005251,82891.91040985024,582.7640369946275,17159.180005613194,41277.19642872264,13769.76281064022,55046.959239362855,8833.482174252802,1852.2889906214064,0.20700669004697145,17.652530730263628,25997.6670118855,34355.49770624976,0.31363334351136074,0.41446140565928147,19123.618428442103,19123.618428442103,0,0.0,0.0,0.0,0.0,0.0,0.0,0.0,0.0,0.0,0.0,0.0,none,1836.3989030828607,20960.017331524963,683.3545699617302,683.3545699617302,0.0,19806.972998403835,0.2154110468670722,0.5181811771623273,0.1728613500867164,0.0702933619006643,0.0232530639832198,0.038197915212357915,0.04063456448181244,0.03255532638814472,0.9969659968989433,60231.42850247619,0.0,16
2055Q1,2055-03-31,2055,1,2055,91998.29702064375,39289.12037721519,0.014833626650489373,0.019945074784910366,0.022859099804621197,-113.02279926686458,791.7939150983203,133.62711429371274,453.01723080522976,151.32780293191956,38.933994305339034,14.887772762119553,6.0767719957614785,50.05430935056972,0.0,847.9249964446516,734.902197177787,0.0,0.0,83474.67444684487,84209.57664402266,0.9153384287659874,-0.004914125714370695,0.03686698662495387,0.03195286091058317,83626.81260702803,582.7640369946275,17306.703806074758,41632.07171341408,13888.146541134069,55520.21825454815,8931.676744029313,1868.2138023758255,0.2069516135620395,17.833950592516302,26101.67331950273,34113.95537866073,0.3121208677671058,0.40793083360675375,19511.169177164793,19511.169177164793,0,0.0,0.0,0.0,0.0,0.0,0.0,0.0,0.0,0.0,0.0,0.0,none,1852.2889906214064,21363.4581677862,684.8478878272173,684.8478878272173,0.0,20196.01706499201,0.2154110468670722,0.5181811771623273,0.1728613500867164,0.0702933619006643,0.0232530639832198,0.03818581966799698,0.04063148503727772,0.032399595521472264,0.998373318951039,61079.35349892084,0.0,16
2055Q2,2055-06-30,2055,2,2055,92794.59844984312,39434.016882759664,0.014833626650488485,0.019945074784910366,0.022480077339169124,-118.40352828327241,798.5573773658621,134.7759558898072,456.9119870547184,152.5597992690877,39.29386671565342,15.0157684365957,6.0767719957614785,49.77850526289293,0.0,854.4126546245166,736.0091263412442,0.0,0.0,84209.57664402266,84945.5857703639,0.9154151986150172,-0.005103897436326374,0.03683027542109962,0.03172637798477325,84362.82173336927,582.7640369946275,17454.525462553487,41987.66350444929,14006.76929276452,55994.432797213805,9029.692706686987,1884.1707669150053,0.2068983125969747,17.916727883447138,26234.38371227775,33928.62163602949,0.3109709131730106,0.40217504510768637,19478.425213262897,19478.425213262897,0,0.0,0.0,0.0,0.0,0.0,0.0,0.0,0.0,0.0,0.0,0.0,none,1868.2138023758255,21346.639015638724,686.2306210783512,686.2306210783512,0.0,20164.655834341247,0.2154110468670722,0.5181811771623273,0.1728613500867164,0.0702933619006643,0.0232530639832198,0.03817611551459572,0.04058505878666779,0.03256863359756248,0.999343556696412,61933.76615354536,0.0,16
2055Q3,2055-09-30,2055,3,2055,93597.79235408481,39579.447760087416,0.014833626650490261,0.019945074784911254,0.022480077339169124,-123.83083079445885,805.3813777900843,135.9271170396353,460.81460696132973,153.7705547757878,39.72507647425239,15.144022539079355,6.0767719957614785,50.32477314213119,0.0,861.7829229279771,737.9520921335182,0.0,0.0,84945.5857703639,85683.53786249743,0.9154440046871256,-0.005292040663779805,0.036829198691687604,0.0315371580279078,85100.7738255028,582.7640369946275,17602.64798319182,42343.97903805322,14125.633479481883,56469.612517535104,9128.353115815762,1900.160208960122,0.20684474643304243,18.011807838930554,26235.09670822574,33641.27343159215,0.30828270447951756,0.3953110168019484,19699.764411943608,19699.764411943605,0,0.0,0.0,0.0,0.0,0.0,0.0,0.0,0.0,0.0,0.0,0.0,none,1884.1707669150053,21583.93517885861,687.627318991387,687.627318991387,0.0,20387.391730934993,0.2154110468670722,0.5181811771623273,0.1728613500867164,0.0702933619006643,0.0232530639832198,0.03816845390898061,0.040580468784224395,0.03249011309183521,1.0,62795.54907647333,0.0,16
2055Q4,2055-12-31,2055,4,2056,94407.93839194835,39725.414979937486,0.014833626650489373,0.019945074784910366,0.022480077339169124,-110.67679742245559,812.2638173623202,137.0806211691063,464.72516994263293,155.02636717137153,40.15912139969259,15.27253767951698,6.084056546223911,50.87463268539542,0.0,869.2225065939396,758.545709171484,0.0,0.0,85683.53786249743,86442.0835716689,0.9156230402235028,-0.0046893004680587215,0.0368283651311285,0.032139064663069775,85859.31953467427,582.7640369946275,17755.088150615236,42710.68086951051,14247.962457180589,56958.6433266911,9228.972327587233,1916.615729780727,0.20679278902792664,18.028280632673958,26136.838473256637,33538.78757300624,0.3044146938842356,0.39062489377710014,19682.156418445225,19682.156418445225,0,0.0,0.0,0.0,0.0,0.0,0.0,0.0,0.0,0.0,0.0,0.0,none,1900.160208960122,21582.316627405347,707.6710764860885,707.6710764860885,0.0,20389.827494931313,0.2154110468670722,0.5181811771623273,0.1728613500867164,0.0702933619006643,0.0232530639832198,0.03816330284391526,0.040578273412978996,0.03229773341322966,1.0,63664.771583067275,0.0,16
2056Q1,2056-03-31,2056,1,2056,95240.53370351072,39872.106310048424,0.01485254191540597,0.02058758735569799,0.022480077339169124,-116.3027696831773,819.3938332585258,138.26774897291614,468.74972254287655,156.36977896646638,40.60178384815446,15.404798928112593,6.084056546223911,51.43540913378869,0.0,876.9132989385383,760.610529255361,0.0,0.0,86442.0835716689,87202.69410092426,0.915604845016842,-0.0048845912621714,0.036829415579228905,0.0319448243170575,86619.93006392963,582.7640369946275,17907.852305652705,43078.16206806934,14370.551425892712,57448.71349396205,9330.258040090668,1933.1062242242215,0.20674055373210135,18.14849500165297,25943.3431280898,33346.433811341354,0.29950778197283673,0.38497414840591654,20067.745010986157,20067.74501098616,0,0.0,0.0,0.0,0.0,0.0,0.0,0.0,0.0,0.0,0.0,0.0,none,1916.615729780727,21984.360740766886,709.1751201215724,709.1751201215724,0.0,20776.920131107734,0.2154110468670722,0.5181811771623273,0.1728613500867164,0.0702933619006643,0.0232530639832198,0.038158132004106955,0.04057807321182821,0.032225681159781555,1.0,64541.684882005815,0.0,16
2056Q2,2056-06-30,2056,2,2056,96080.47177633495,40019.33931722782,0.01485254191540597,0.02058758735569799,0.022908651366030597,-121.97835809066635,826.5454815460222,139.45739983027045,472.78282869705976,157.7162326615556,41.05167907993418,15.537341277202179,6.084056546223911,52.9828924657145,0.0,885.6124305579606,763.6340724672942,0.0,0.0,87202.69410092426,87966.32817339156,0.9155484621075525,-0.005078174818900511,0.03686961207349487,0.03179143725459436,87383.56413639693,582.7640369946275,18060.934420294165,43446.40813307434,14493.395548308503,57939.803681382844,9433.194993137367,1949.631041582549,0.20668571485711967,18.175448558837402,25778.337722943954,33296.96875260318,0.29500213201085007,0.38104383909804784,20065.24918220654,20065.24918220654,0,0.0,0.0,0.0,0.0,0.0,0.0,0.0,0.0,0.0,0.0,0.0,none,1933.1062242242215,21998.35540643076,710.6511800015797,710.6511800015797,0.0,20775.900362208118,0.2154110468670722,0.5181811771623273,0.1728613500867164,0.0702933619006643,0.0232530639832198,0.03815267209929811,0.04062316834078519,0.03230181088493171,1.0,65427.29731256377,1.4551915228366852e-11,16
2056Q3,2056-09-30,2056,3,2056,96927.8173671428,40167.11600168965,0.01485254191540597,0.0205875873556971,0.022908651366030597,-127.70400021587147,833.7134748526197,140.64952679804082,476.8243292604898,159.06487369075805,41.50458560661137,15.670159496719736,6.084056546223911,53.56743123094328,0.0,893.3649626297869,765.6609624139154,0.0,0.0,87966.32817339156,88731.98913580547,0.91544400303276,-0.005270066062961256,0.03686722705189585,0.0315971609889346,88149.22509881084,582.7640369946275,18214.327233313557,43815.401597312404,14616.488997496808,58431.890594809214,9536.817872662881,1966.1893980251834,0.20663059956450228,18.176801624192798,25643.72428855556,33232.34125209981,0.2909126456847492,0.37700094600772754,20158.676061914677,20158.676061914677,0,0.0,0.0,0.0,0.0,0.0,0.0,0.0,0.0,0.0,0.0,0.0,none,1949.631041582549,22108.307103497227,712.0935311829721,712.0935311829721,0.0,20870.769593097648,0.2154110468670722,0.5181811771623273,0.1728613500867164,0.0702933619006643,0.0232530639832198,0.03814717132883008,0.040623042074411184,0.03225803307557798,1.0,66320.66227519356,0.0,16
