quarter,quarter_end,calendar_year,calendar_quarter,fiscal_year,nominal_gdp_billions_saar,real_gdp_billions_chained_saar,annual_real_gdp_growth_rate,annual_inflation_rate,annual_tips_reference_inflation_rate,primary_deficit_billions,marketable_interest_excluding_tips_inflation_billions,bills_interest_cost_billions,notes_interest_cost_billions,bonds_interest_cost_billions,tips_real_interest_cost_billions,frns_interest_cost_billions,other_public_debt_interest_billions,tips_inflation_compensation_billions,tips_deflation_floor_cost_billions,modeled_debt_interest_cost_billions,modeled_total_deficit_billions,other_financing_adjustment_billions,treasury_debt_management_adjustment_billions,beginning_debt_held_by_public_billions,debt_held_by_public_billions,debt_held_by_public_gdp_ratio,primary_deficit_gdp_ratio_annualized,modeled_interest_gdp_ratio_annualized,modeled_total_deficit_gdp_ratio_annualized,marketable_debt_billions,other_public_debt_billions,bills_outstanding_billions,notes_outstanding_billions,bonds_outstanding_billions,nominal_fixed_rate_debt_outstanding_billions,tips_outstanding_billions,frns_outstanding_billions,bill_share_of_marketable_debt,weighted_average_remaining_maturity_quarters,principal_maturing_next_four_quarters_billions,principal_maturing_next_eight_quarters_billions,share_marketable_debt_maturing_next_four_quarters,share_marketable_debt_maturing_next_eight_quarters,principal_maturing_billions,principal_refinanced_billions,treasury_buyback_operation_count,treasury_buyback_cash_limit_billions,treasury_buyback_face_value_limit_billions,treasury_buyback_cash_spent_billions,treasury_buyback_face_value_retired_billions,treasury_buyback_premium_or_discount_billions,treasury_buyback_unfilled_cash_limit_billions,treasury_buyback_unfilled_face_value_limit_billions,treasury_buyback_weighted_price_per_dollar_face,treasury_buyback_notes_retired_billions,treasury_buyback_bonds_retired_billions,treasury_buyback_financing_issuance_billions,treasury_buyback_financing_instrument,frn_principal_reset_billions,principal_repriced_or_reset_billions,net_new_borrowing_requirement_billions,genuinely_new_borrowing_billions,debt_repayment_billions,gross_treasury_issuance_billions,new_borrowing_bill_share,new_borrowing_note_share,new_borrowing_bond_share,new_borrowing_tips_share,new_borrowing_frn_share,average_effective_marketable_rate_excluding_tips_inflation,average_effective_debt_cost_rate_including_tips_inflation,average_new_issuance_stated_rate,share_marketable_debt_repriced_since_scenario_start,cumulative_modeled_interest_billions,debt_identity_residual_billions,scenario
2026Q4,2026-12-31,2026,4,2027,32494.749328920883,24334.483486635447,-0.02,0.02374108660242924,0.02771554138299126,194.872,262.77373580186674,55.91196830625741,138.7066086465815,45.90202768161394,6.830451248587104,15.422679918826764,4.968063415379199,15.669722733652822,0.0,283.41152195089876,478.2835219508988,5.538,0.0,32215.665354410852,32699.486876361752,1.0063006347692809,0.023988121653434096,0.03488705440772952,0.05887517606116361,32116.722839367125,582.7640369946275,6900.719597135018,16599.998264328406,5537.634784657662,22137.633048986067,2333.4554051875534,744.9147880584759,0.21486375280719644,24.389899668742217,10389.974586384971,13385.224783509682,0.3235066864807714,0.416768075947734,7665.516018009889,7665.51601800989,0,0.0,0.0,0.0,0.0,0.0,0.0,0.0,0.0,0.0,0.0,0.0,none,734.0288243174178,8399.544842327308,468.151799217246,468.151799217246,0.0,8133.667817227136,0.2154110468670722,0.5181811771623273,0.1728613500867164,0.0702933619006643,0.0232530639832198,0.04609959276180814,0.03518928059787473,0.08383483966658266,0.2734150701709626,283.41152195089876,0.0,fixed_issuance
2027Q1,2027-03-31,2027,1,2027,32517.71732280901,24211.887731116716,-0.02,0.023296209984862815,0.026152401325720165,194.872,370.1700505911899,142.81039206270918,155.50621409485328,47.832561402724565,8.418975029950598,15.601908000952285,4.968063415379199,15.10898639416756,0.0,390.2471004007367,585.1191004007367,5.538,0.0,32699.486876361752,33290.14397676248,1.0237540244994894,0.02397117830448822,0.04800424292107422,0.07197542122556243,32707.37993976786,582.7640369946275,7024.699018895542,16898.236463557885,5637.124808684701,22535.361272242586,2389.0216034508285,758.2980451788922,0.21477412840257606,24.52427012331927,10399.249675416351,13227.409126301465,0.3179481112387188,0.4044166530813641,7820.433550822089,7820.43355082209,0,0.0,0.0,0.0,0.0,0.0,0.0,0.0,0.0,0.0,0.0,0.0,none,744.9147880584759,8565.348338880565,575.5481140065692,575.5481140065692,0.0,8395.98166482866,0.2154110468670722,0.5181811771623273,0.1728613500867164,0.0702933619006643,0.0232530639832198,0.04834168757309773,0.04773739745535198,0.08374712192371968,0.3114431881838891,673.6586223516355,-7.275957614183426e-12,fixed_issuance
2027Q2,2027-06-30,2027,2,2027,32535.292940369363,24089.909606100784,-0.02,0.022616048740021766,0.02507028033791192,194.872,395.32328562167703,145.13028173038174,173.8470840941636,50.18875277293736,10.297711636625886,15.859455387568357,4.968063415379199,14.834614291626274,0.0,415.12596332868253,609.9979633286825,5.538,0.0,33290.14397676248,33905.67994009117,1.042120014171486,0.023958229035424532,0.05103700330462981,0.07499523234005434,33322.915903096546,582.7640369946275,7154.096725346078,17209.50859572491,5740.962854878158,22950.47145060307,2446.0815350645357,772.2661920828573,0.21468999730246535,24.60515694854736,10443.072487729813,13086.637169371503,0.31339011622207363,0.39272184965528245,7926.909522083838,7926.909522083837,0,0.0,0.0,0.0,0.0,0.0,0.0,0.0,0.0,0.0,0.0,0.0,none,758.2980451788922,8685.207567262729,600.7013490370563,600.7013490370563,0.0,8527.610871120893,0.2154110468670722,0.5181811771623273,0.1728613500867164,0.0702933619006643,0.0232530639832198,0.050517801842078006,0.04987974382068793,0.0837547021761706,0.3481871603542527,1088.784585680318,0.0,fixed_issuance
2027Q3,2027-09-30,2027,3,2027,32549.94864533719,23968.546000000006,-0.02,0.022248000239960097,0.024382592342289344,194.872,420.90213948143173,147.5890154438896,192.72536974768812,52.5894884009301,11.879668641530317,16.118597247393637,4.968063415379199,14.776026093081922,0.0,440.64622898989285,635.5182289898928,5.538,0.0,33905.67994009117,34546.736169081065,1.0613453356102274,0.023947441776122815,0.05415015965661326,0.07809760143273607,33963.972132086434,582.7640369946275,7289.004399484202,17534.035208495443,5849.222496283483,23383.257704778927,2504.8809021110633,786.8291257122407,0.21460989224514573,24.71815207985729,10426.018560899307,12884.956837322397,0.3069728864560468,0.37937131697118914,8091.143309867532,8091.143309867531,0,0.0,0.0,0.0,0.0,0.0,0.0,0.0,0.0,0.0,0.0,0.0,none,772.2661920828573,8863.409501950387,626.280202896811,626.280202896811,0.0,8717.423512764342,0.2154110468670722,0.5181811771623273,0.1728613500867164,0.0702933619006643,0.0232530639832198,0.052751478619923575,0.05198494526798839,0.08371227776251552,0.38510409986146427,1529.430814670211,0.0,fixed_issuance
2027Q4,2027-12-31,2027,4,2028,32727.07720050504,23968.546000000006,0.0,0.021945305341696475,0.024162847358085493,215.4585,447.9770905266481,150.18993565137197,212.72345057038578,55.16176617923632,13.508353291439573,16.393584834214533,5.137064986107641,14.996059284267206,0.0,468.110214797023,683.568714797023,2.14175,0.0,34546.736169081065,35232.44663387809,1.0765534122715483,0.026333973997124935,0.05721381251727535,0.08354778651440029,34649.68259688346,582.7640369946275,7433.48369172453,17881.58678868377,5965.163093943028,23846.7498826268,2567.023731834027,802.4252906980962,0.21453251904804257,24.673518017902758,10435.005812470443,12867.082813526165,0.3011573275828221,0.3713477829861416,8022.48153738188,8022.48153738188,0,0.0,0.0,0.0,0.0,0.0,0.0,0.0,0.0,0.0,0.0,0.0,none,786.8291257122407,8809.31066309412,670.7144055127557,670.7144055127557,0.0,8693.195942894636,0.2154110468670722,0.5181811771623273,0.1728613500867164,0.0702933619006643,0.0232530639832198,0.05458754633131724,0.05420022458920172,0.08346877322722825,0.41551256317749463,1997.541029467234,0.0,fixed_issuance
2028Q1,2028-03-31,2028,1,2028,32903.007321605444,23968.546000000006,0.0,0.0216767083117837,0.023850744937782276,215.4585,472.9322887597373,153.01826179414945,230.1945377928837,58.03091127043561,14.986095476387613,16.702482425880866,5.137064986107641,15.171330566627459,0.0,493.24068431247235,708.6991843124723,2.14175,0.0,35232.44663387809,35943.28756819056,1.0924012877263272,0.026193168046195123,0.05996299116264556,0.08615615920884068,35360.52353119593,582.7640369946275,7583.338609341024,18242.069682868845,6085.417480860826,24327.48716372967,2631.0960176200533,818.6017405051794,0.21445775831488506,24.65283259406407,10417.482561687226,12803.257588723132,0.294607701509189,0.36207771577329106,8238.952199457772,8238.952199457772,0,0.0,0.0,0.0,0.0,0.0,0.0,0.0,0.0,0.0,0.0,0.0,none,802.4252906980962,9041.377490155868,695.6696037458448,695.6696037458448,0.0,8934.621803203616,0.2154110468670722,0.5181811771623273,0.1728613500867164,0.0702933619006643,0.0232530639832198,0.056494803453966035,0.055998459537941046,0.08338325426793425,0.4470109931586839,2490.7817137797065,-7.275957614183426e-12,fixed_issuance
2028Q2,2028-06-30,2028,2,2028,33078.45806907888,23968.546000000006,0.0,0.02150065998978512,0.023590801926968608,215.4585,499.5061216761336,155.95135850109816,248.67473069587598,60.823819406601466,17.0313433744015,17.024869698156447,5.137064986107641,15.381999625291852,0.0,520.0251862875331,735.483686287533,2.14175,0.0,35943.28756819056,36680.91300447809,1.1089063742897594,0.026054237419416662,0.06288384847946016,0.0889380858988768,36098.14896748346,582.7640369946275,7738.9178241253085,18616.32263707625,6210.265456413531,24826.58809348978,2697.2469365190236,835.3961133493469,0.21438544760553738,24.630444567578948,10388.585332181938,12788.184361812735,0.2877872032036818,0.35426149892982306,8400.526250303397,8400.526250303397,0,0.0,0.0,0.0,0.0,0.0,0.0,0.0,0.0,0.0,0.0,0.0,none,818.6017405051794,9219.127990808576,722.2434366622412,722.2434366622412,0.0,9122.76968696564,0.2154110468670722,0.5181811771623273,0.1728613500867164,0.0702933619006643,0.0232530639832198,0.058343454692066574,0.05787174423607818,0.08333390834604508,0.4778886523206932,3010.8069000672394,0.0,fixed_issuance
2028Q3,2028-09-30,2028,3,2028,33251.27226160394,23968.546000000006,0.0,0.02106182624872388,0.023346411992499982,215.4585,526.6187050010525,159.01541399121461,267.6453101405641,63.72653483820185,18.869826305389015,17.361619725682807,5.137064986107641,15.606780611821467,0.0,547.3625505989816,762.8210505989815,2.14175,0.0,36680.91300447809,37445.87580507707,1.1261486631390265,0.025918827803626053,0.06584560690401427,0.09176443470764031,36863.111768082446,582.7640369946275,7900.337388866886,19004.624821626872,6339.800149724121,25344.424971350993,2765.5284710362434,852.8209368283193,0.21431553143344,24.580214529833956,10365.430078275222,12812.135923802063,0.28118706156678897,0.3475598046200571,8523.637098463598,8523.637098463598,0,0.0,0.0,0.0,0.0,0.0,0.0,0.0,0.0,0.0,0.0,0.0,none,835.3961133493469,9359.033211812945,749.35601998716,749.35601998716,0.0,9272.993118450759,0.2154110468670722,0.5181811771623273,0.1728613500867164,0.0702933619006643,0.0232530639832198,0.06010149629126543,0.059689086859114796,0.08334083267083622,0.5070301345345619,3558.169450666221,-7.275957614183426e-12,fixed_issuance
2028Q4,2028-12-31,2028,4,2029,33567.27804848896,24072.26500958159,0.01742186418178404,0.020775810233577552,0.02309377715644856,173.80475,553.988726194189,162.21367743690934,286.59483450091807,66.85005478322783,20.617068615209455,17.713090857924193,5.268186894431433,15.830184595065484,0.0,575.0870976836859,748.8918476836859,-2.42575,0.0,37445.87580507707,38192.34190276076,1.1377848941934092,0.020711211644737323,0.06852948837292736,0.08924070001766467,37609.57786576613,582.7640369946275,8057.7244357839845,19383.226599148205,6466.098860082461,25849.325459230666,2832.71751028767,869.8104604638072,0.2142466066634179,24.371818341277233,10496.006789426774,12739.021564232473,0.27907802706237483,0.338717483341606,8497.898389356065,8497.898389356065,0,0.0,0.0,0.0,0.0,0.0,0.0,0.0,0.0,0.0,0.0,0.0,none,852.8209368283193,9350.719326184384,730.6359130886204,730.6359130886204,0.0,9228.534302444685,0.2154110468670722,0.5181811771623273,0.1728613500867164,0.0702933619006643,0.0232530639832198,0.06146337849396614,0.06143128826013071,0.08308291358251661,0.5298238246294465,4133.2565483499075,7.275957614183426e-12,fixed_issuance
2029Q1,2029-03-31,2029,1,2029,33886.340980372326,24177.969524360276,0.017680562926939647,0.020522825130940392,0.02297286568423096,173.80475,578.017590020644,165.34450542228737,302.5465573271736,69.90091586195312,22.170520776152063,18.05509063307746,5.268186894431433,16.130604933886623,0.0,599.416381848962,773.221131848962,-2.42575,0.0,38192.34190276076,38963.13728460972,1.1498183680314726,0.020516201510298364,0.07075610579450363,0.09127230730480199,38380.37324761509,582.7640369946275,8220.287565412966,19774.279681613003,6596.551232282892,26370.830913895894,2901.8960394989326,887.3587288072958,0.21417945866182436,24.19568172020491,10611.847201024373,12727.807050044281,0.2764915060247305,0.3316228054357228,8695.970981528808,8695.970981528808,0,0.0,0.0,0.0,0.0,0.0,0.0,0.0,0.0,0.0,0.0,0.0,none,869.8104604638072,9565.781441992614,754.6647769150754,754.6647769150754,0.0,9450.635758443883,0.2154110468670722,0.5181811771623273,0.1728613500867164,0.0702933619006643,0.0232530639832198,0.06282365452972132,0.06277869876375744,0.08300931783622405,0.5529126810882604,4732.67293019887,0.0,fixed_issuance
2029Q2,2029-06-30,2029,2,2029,34205.573087708595,24282.728560473675,0.01744428695602207,0.020418069374665837,0.022841686194156274,173.80475,602.9240918868302,168.57754724770624,318.6651012306089,73.05472931974312,24.2184572596648,18.40825682910735,5.268186894431433,16.430970230481215,0.0,624.6232490117428,798.4279990117428,-2.42575,0.0,38963.13728460972,39759.13953362146,1.1623585265381355,0.02032472890360137,0.07304344790950974,0.09336817681311112,39176.37549662683,582.7640369946275,8388.215830682739,20178.23884453382,6731.308976021849,26909.54782055567,2973.125695756148,905.4861496322769,0.21411413701109183,24.003678660970373,10792.830074379966,12668.953262071469,0.2754933282510847,0.32338247480710136,8853.593815690789,8853.593815690789,0,0.0,0.0,0.0,0.0,0.0,0.0,0.0,0.0,0.0,0.0,0.0,none,887.3587288072958,9740.952544498085,779.5712787812616,779.5712787812616,0.0,9633.16509447205,0.2154110468670722,0.5181811771623273,0.1728613500867164,0.0702933619006643,0.0232530639832198,0.06404699120035827,0.06412453334536451,0.08291900017647245,0.5752977744119095,5357.2961792106125,0.0,fixed_issuance
2029Q3,2029-09-30,2029,3,2029,34528.19057048822,24389.00036245153,0.017620997896754975,0.020285549943514614,0.02275805762511629,173.80475,627.4198893390029,171.91648344984276,334.3812100974148,76.19694300937624,26.14999746974394,18.775255312625237,5.268186894431433,16.773165807478307,0.0,649.4612420409127,823.2659920409127,-2.42575,0.0,39759.13953362146,40579.979775662374,1.1752709628041358,0.02013482283645105,0.0752383755198591,0.09537319835631014,39997.21573866774,582.7640369946275,8561.42076132553,20594.89126861393,6870.301096379837,27465.192364993767,3046.419439545713,924.1831728027333,0.21405041834071173,23.788576586173214,11013.225929693634,12707.558398011366,0.275349814388367,0.3177110747167882,8988.098523174607,8988.098523174607,0,0.0,0.0,0.0,0.0,0.0,0.0,0.0,0.0,0.0,0.0,0.0,none,905.4861496322769,9893.584672806885,804.0670762334344,804.0670762334344,0.0,9792.165599408041,0.2154110468670722,0.5181811771623273,0.1728613500867164,0.0702933619006643,0.0232530639832198,0.06528657254136118,0.06533956716962748,0.08294513729181593,0.5962036875718207,6006.757421251526,0.0,fixed_issuance
2029Q4,2029-12-31,2029,4,2030,34855.54358176037,24497.541313226066,0.017920813193843088,0.020183196343088072,0.022686563355431177,192.2015,652.9708960484521,175.38070429575325,350.73543702299884,79.52818396993084,28.170564045500736,19.15600671426866,5.3789120614604125,17.13311876928073,0.0,675.4829268791932,867.6844268791932,-5.94,0.0,40579.979775662374,41441.72420254156,1.1889564741784056,0.02205692182641243,0.07751799082343597,0.0995749126498484,40858.96016554694,582.7640369946275,8743.359367401254,21032.552950494937,7016.301747398224,28048.854697893163,3122.923126661356,943.8229735911642,0.21398878806450447,23.538181728258596,10990.296834477447,12725.628026956796,0.2689813149906022,0.31145256696197793,9131.835157386198,9131.835157386198,0,0.0,0.0,0.0,0.0,0.0,0.0,0.0,0.0,0.0,0.0,0.0,none,924.1831728027333,10056.018330188932,844.6113081099124,844.6113081099124,0.0,9976.44646549611,0.2154110468670722,0.5181811771623273,0.1728613500867164,0.0702933619006643,0.0232530639832198,0.06639072599898342,0.0665828746700668,0.08290291240637933,0.6158946107226043,6682.240348130719,0.0,fixed_issuance
2030Q1,2030-03-31,2030,1,2030,35185.787659983565,24607.027742665883,0.017997333864965714,0.02008187040489151,0.022638322874940497,192.2015,678.32190970274,179.04214144595917,366.80577659951706,82.93547416307244,29.984865038816302,19.55365245537492,5.3789120614604125,17.52634179296895,0.0,701.2271635571693,893.4286635571693,-5.94,0.0,41441.72420254156,42329.21286609874,1.2030201874445834,0.021849901654307863,0.07971709149540146,0.10156699314970931,41746.44882910411,582.7640369946275,8930.758861867389,21483.351050473586,7166.684608862957,28650.035659336543,3201.6020447780375,964.0522631221374,0.21392858823577796,23.299004663024494,11050.694077721248,12800.988350223844,0.264709798980964,0.3066365812964541,9334.623186069008,9334.623186069008,0,0.0,0.0,0.0,0.0,0.0,0.0,0.0,0.0,0.0,0.0,0.0,none,943.8229735911642,10278.446159660172,869.9623217642003,869.9623217642003,0.0,10204.585507833208,0.2154110468670722,0.5181811771623273,0.1728613500867164,0.0702933619006643,0.0232530639832198,0.06752541384929575,0.06768320353950563,0.08287035844019143,0.6353446976731126,7383.467511687889,7.275957614183426e-12,fixed_issuance
2030Q2,2030-06-30,2030,2,2030,35516.65777720346,24716.041432773058,0.017838848225115722,0.01995316485744958,0.022612820884429397,192.2015,704.910984697248,182.79030700527056,383.55266644762145,86.44616206396665,32.15391668047188,19.96793249991728,5.3789120614604125,17.947828255418436,0.0,728.2377250141268,920.4392250141268,-5.94,0.0,42329.21286609874,43243.71209111286,1.2175614147699745,0.02164634985709331,0.08201647008368561,0.10366281994077892,42660.948054118235,582.7640369946275,9123.885936813318,21947.927108632546,7321.663693728799,29269.590802361345,3282.5714848283637,984.8998301152128,0.21386974160159464,23.11391916850594,11002.679828120068,12774.296274069726,0.2579098761275169,0.2994377025532739,9576.995388257443,9576.995388257443,0,0.0,0.0,0.0,0.0,0.0,0.0,0.0,0.0,0.0,0.0,0.0,none,964.0522631221374,10541.04765137958,896.5513967587083,896.5513967587083,0.0,10473.546785016151,0.2154110468670722,0.5181811771623273,0.1728613500867164,0.0702933619006643,0.0232530639832198,0.06870188701134823,0.0688165619632742,0.08289934409226295,0.6553947338309116,8111.705236702016,0.0,fixed_issuance
2030Q3,2030-09-30,2030,3,2030,35850.49897484923,24825.52786221287,0.017837173553037378,0.019938881222312688,0.022609552821165613,192.2015,732.9049311586692,186.69751598204252,401.45157736619603,90.20220822607521,34.16127860181982,20.392350982535483,5.3789120614604125,18.39909670027135,0.0,756.6829399204009,948.884439920401,-5.94,0.0,43243.71209111286,44186.656531033266,1.2325255657398864,0.02144477823138118,0.08442648906518693,0.10587126729656811,43603.892494038635,582.7640369946275,9323.043217072443,22427.0091029223,7481.481849974218,29908.490952896518,3365.959981933181,1006.3983421364986,0.21381217785423756,22.906065232995743,11020.109622546712,12788.496930383022,0.25273224458236937,0.2932879657964348,9771.050731642572,9771.050731642572,0,0.0,0.0,0.0,0.0,0.0,0.0,0.0,0.0,0.0,0.0,0.0,none,984.8998301152128,10755.950561757785,924.5453432201296,924.5453432201296,0.0,10695.596074862702,0.2154110468670722,0.5181811771623273,0.1728613500867164,0.0702933619006643,0.0232530639832198,0.06989610139484778,0.06999241307740638,0.0828694867383901,0.6748302631549313,8868.388176622417,7.275957614183426e-12,fixed_issuance
2030Q4,2030-12-31,2030,4,2031,36186.034286952054,24935.10883951922,0.01777342391157455,0.019839987430776862,0.02260563078501021,184.328,762.1346173198476,190.70284900521685,420.03527483422704,93.93556035596818,36.62848744221008,20.832445682225526,5.499835599136797,18.863250950212453,0.0,786.4977038691968,970.8257038691968,-9.2495,0.0,44186.656531033266,45148.232734902456,1.2476700921930532,0.0203755955724018,0.0869393642455915,0.10731495981799329,44565.46869790783,582.7640369946275,9526.114001155871,22915.505210592033,7644.440483760029,30559.945694352064,3451.089695651372,1028.3193067485338,0.21375549903288873,22.500601221162427,11264.192049171756,13746.814037879813,0.2527560548174054,0.3084633560361314,9687.309795364654,9687.309795364654,0,0.0,0.0,0.0,0.0,0.0,0.0,0.0,0.0,0.0,0.0,0.0,none,1006.3983421364986,10693.708137501153,942.7129529189843,942.7129529189843,0.0,10630.022748283638,0.2154110468670722,0.5181811771623273,0.1728613500867164,0.0702933619006643,0.0232530639832198,0.07066091816483919,0.07119775657312492,0.08271235664659557,0.687267350173289,9654.885880491613,-7.275957614183426e-12,fixed_issuance
2031Q1,2031-03-31,2031,1,2031,36524.98226400305,25045.446199757793,0.01781775002184327,0.01982598390139856,0.02258993228072148,184.328,787.4680549909518,194.80903132363758,435.67417035101624,97.74308883437365,37.9581256304965,21.28363885142778,5.499835599136797,19.327009134786657,0.0,812.2948997248752,996.6228997248752,-9.2495,0.0,45148.232734902456,46135.606134627335,1.2631246690596198,0.020186512197889632,0.0889577324203579,0.10914424461824752,45552.84209763271,582.7640369946275,9734.641887568772,23417.128628815746,7811.778289784004,31228.90691859975,3538.4639400565407,1050.8293514076502,0.2136999897109529,22.193983276862408,11487.832890220694,14726.868257919828,0.2521869626838869,0.32329197432634293,9990.736867437596,9990.736867437594,0,0.0,0.0,0.0,0.0,0.0,0.0,0.0,0.0,0.0,0.0,0.0,none,1028.3193067485338,11019.056174186127,968.0463905900885,968.0463905900885,0.0,10958.783258027683,0.2154110468670722,0.5181811771623273,0.1728613500867164,0.0702933619006643,0.0232530639832198,0.0715348176759273,0.07196692765313221,0.0826495086538845,0.7013970679735119,10467.180780216488,0.0,fixed_issuance
2031Q2,2031-06-30,2031,2,2031,36866.39910685036,25155.878107862893,0.017754036595319045,0.019811706497828263,0.02259593162071094,184.328,814.8711852978527,199.0490899960625,451.78670351391185,101.81232818253363,40.48140432472022,21.741659280624276,5.499835599136797,19.82154678903462,0.0,840.1925676860241,1024.5205676860242,-9.2495,0.0,46135.606134627335,47150.877202313364,1.2789661682350741,0.019999566485000043,0.09116079552558232,0.11116036201058237,46568.11316531873,582.7640369946275,9949.072710968518,23932.951833359824,7983.853037909433,31916.804871269258,3628.25898027183,1073.9766028091333,0.21364560500119248,21.819491493501886,11723.833675149504,15749.11571568187,0.25175668237897914,0.33819527236956876,10138.734410788853,10138.734410788851,0,0.0,0.0,0.0,0.0,0.0,0.0,0.0,0.0,0.0,0.0,0.0,none,1050.8293514076502,11189.563762196502,995.4495208969894,995.4495208969894,0.0,11134.18393168584,0.2154110468670722,0.5181811771623273,0.1728613500867164,0.0702933619006643,0.0232530639832198,0.07227637531301251,0.07284547776260061,0.08270885515571809,0.7138319260187848,11307.373347902512,7.275957614183426e-12,fixed_issuance
2031Q3,2031-09-30,2031,3,2031,37209.60057628394,25265.93182450188,0.017614655473791707,0.019797160110517797,0.022579104221777335,184.328,841.6553350567997,203.35904621219652,468.36677143141213,105.83500560683584,41.89541542629034,22.199096380064788,5.499835599136797,20.309545076390307,0.0,867.4647157323268,1051.7927157323268,-9.2495,0.0,47150.877202313364,48193.42041804569,1.29518779217325,0.019815101172301647,0.0932517094833012,0.11306681065560285,47610.65638105106,582.7640369946275,10169.273136107282,24462.654080155287,8160.5577303231175,32623.211810478406,3720.4247667066807,1097.7466677586976,0.2135923742516314,21.501898217419342,11940.755909356441,16789.29363645875,0.2508000690809387,0.35263730670054055,10415.262520414395,10415.262520414397,0,0.0,0.0,0.0,0.0,0.0,0.0,0.0,0.0,0.0,0.0,0.0,none,1073.9766028091333,11489.23912322353,1022.2336706559364,1022.2336706559364,0.0,11437.496191070333,0.2154110468670722,0.5181811771623273,0.1728613500867164,0.0702933619006643,0.0232530639832198,0.07310480081463262,0.07359054738347616,0.08254488342244097,0.727172312269992,12174.83806363484,-7.275957614183426e-12,fixed_issuance
2031Q4,2031-12-31,2031,4,2032,37555.06036168092,25376.26918474045,0.017582923791722438,0.019727225080271582,0.0225727995952707,192.24275,870.3709469684553,207.65655743931072,485.46338523264956,109.9663613154678,44.613429925140714,22.671213055886497,5.6120176762582625,20.819685743618763,0.0,896.8026503883323,1089.0454003883324,-11.316,0.0,48193.42041804569,49271.149818434016,1.3119709925618317,0.020475829158421884,0.09551870152799749,0.11599453068641939,48688.38578143939,582.7640369946275,10396.943164182878,25010.32480024418,8343.256570516369,33353.58137076055,3815.5381895181495,1122.3230569778177,0.21354051890022444,21.13595934462524,12882.676834801441,17841.1251288579,0.2645944536471463,0.3664349278069341,10573.859203739079,10573.859203739079,0,0.0,0.0,0.0,0.0,0.0,0.0,0.0,0.0,0.0,0.0,0.0,none,1097.7466677586976,11671.605871497777,1056.9097146447136,1056.9097146447136,0.0,11630.768918383792,0.2154110468670722,0.5181811771623273,0.1728613500867164,0.0702933619006643,0.0232530639832198,0.07379307082221434,0.07443361708790695,0.08256956569998616,0.7388137814369933,13071.640714023171,-7.275957614183426e-12,fixed_issuance
2032Q1,2032-03-31,2032,1,2032,37903.323994075035,25487.079284311665,0.017581469158450158,0.01968526656714742,0.02257678241908323,192.24275,898.456259937482,212.1236329072412,502.8080547742394,114.23877369338697,46.1238564742343,23.16194208837968,5.6120176762582625,21.355681358176327,0.0,925.4239589719165,1117.6667089719165,-11.316,0.0,49271.149818434016,50377.50052740594,1.3291050815300747,0.02028769297701183,0.09766150948835799,0.11794920246536982,49794.736490411306,582.7640369946275,10630.663078926722,25572.54880086834,8530.810275827054,34103.35907669539,3913.1618190127992,1147.552515776395,0.21348969445744148,20.830994084787463,13872.700004641978,18975.11603690962,0.2785977190041635,0.381066702513097,10877.49959949374,10877.49959949374,0,0.0,0.0,0.0,0.0,0.0,0.0,0.0,0.0,0.0,0.0,0.0,none,1122.3230569778177,11999.822656471557,1084.9950276137404,1084.9950276137404,0.0,11962.49462710748,0.2154110468670722,0.5181811771623273,0.1728613500867164,0.0702933619006643,0.0232530639832198,0.07454014983118974,0.07512907349490625,0.08242738179622762,0.7514748971367103,13997.064672995088,0.0,fixed_issuance
2032Q2,2032-06-30,2032,2,2032,38254.66436095058,25598.362123215524,0.017579698909776065,0.01967074272996472,0.02256916678199805,192.24275,928.1816206762704,216.73264352161826,520.2627026088271,118.6256548606039,48.8952179286225,23.665401756598715,5.6120176762582625,21.8947571178946,0.0,955.6883954704233,1147.9311454704234,-11.316,0.0,50377.50052740594,51514.11567287636,1.3466100548371482,0.02010136575096831,0.09992908435458307,0.1200304501055514,50931.35163588173,582.7640369946275,10870.786164745808,26150.1759239117,8723.502347126861,34873.67827103856,4013.4140198072078,1173.473180290156,0.2134399699906494,20.48253807635586,14898.848614946448,20164.58027659202,0.2925280428734987,0.3959168494241539,11055.828550711669,11055.828550711667,0,0.0,0.0,0.0,0.0,0.0,0.0,0.0,0.0,0.0,0.0,0.0,none,1147.552515776395,12203.381066488062,1114.7203883525287,1114.7203883525287,0.0,12170.548939064196,0.2154110468670722,0.5181811771623273,0.1728613500867164,0.0702933619006643,0.0232530639832198,0.07515261674599776,0.07588216052525415,0.08244239520959983,0.7625455555599516,14952.75306846551,0.0,fixed_issuance
2032Q3,2032-09-30,2032,3,2032,38609.61597939811,25710.11770145202,0.017577617243731636,0.01971028327301072,0.022571739816290792,192.24275,957.1729191394415,221.465091141284,537.8016687231042,123.13368586866288,50.58719116061032,24.185282245780122,5.6120176762582625,22.458222788345992,0.0,985.2431596040458,1177.485909604046,-11.316,0.0,51514.11567287636,52680.2855824804,1.3644343318667123,0.019916566909402023,0.10207230863210516,0.12198887554150718,52097.521545485775,582.7640369946275,11117.154296516883,26742.82579212017,8921.20589341978,35664.03168553995,4116.267582106908,1200.0679813220377,0.21339123180381273,20.170419494943545,15968.398460087588,21420.816576402412,0.3065097529859603,0.4111676705714327,11334.29295494356,11334.29295494356,0,0.0,0.0,0.0,0.0,0.0,0.0,0.0,0.0,0.0,0.0,0.0,none,1173.473180290156,12507.766135233716,1143.7116868156997,1143.7116868156997,0.0,12478.004641759258,0.2154110468670722,0.5181811771623273,0.1728613500867164,0.0702933619006643,0.0232530639832198,0.07578885132566447,0.076502771850769,0.08231934054956976,0.7739744686420469,15937.996228069556,-7.275957614183426e-12,fixed_issuance
2032Q4,2032-12-31,2032,4,2033,38969.17761522756,25822.818758353802,0.017649746885700424,0.0197758101815233,0.02257356533731114,249.09275,987.3864901146524,226.3452614770838,555.4319341482349,127.75994885191716,53.1279452221822,24.72140041523398,5.6542680689403735,23.03561713817706,0.0,1016.0763753217698,1265.1691253217698,-14.7595,0.0,52680.2855824804,53930.69520780217,1.3839320844874143,0.025568181341621612,0.10429538804788414,0.12986356938950575,53347.93117080755,582.7640369946275,11381.544216517144,27378.82790049919,9133.37142153574,36512.199322034925,4225.579444589805,1228.6081876656715,0.2133455593634196,20.202893636648273,16342.714115479163,21796.292774318168,0.306342040952884,0.40856866041405726,12235.207212712856,12235.207212712856,0,0.0,0.0,0.0,0.0,0.0,0.0,0.0,0.0,0.0,0.0,0.0,none,1200.0679813220377,13435.275194034894,1227.3740081835929,1227.3740081835929,0.0,13462.581220896449,0.2154110468670722,0.5181811771623273,0.1728613500867164,0.0702933619006643,0.0232530639832198,0.0770474311513673,0.07715040752624021,0.08298418821276109,0.7975412039301084,16954.072603391327,0.0,fixed_issuance
2033Q1,2033-03-31,2033,1,2033,39332.32559763485,25936.27619818781,0.017690923464234398,0.019759214646802636,0.022564008293708637,249.09275,1027.876384983983,231.6144248061239,583.3469701157866,132.7256830374712,54.88919292009554,25.300114104505347,5.6542680689403735,23.637424018094077,0.0,1057.1680770710175,1306.2608270710175,-14.7595,0.0,53930.69520780217,55222.19653487319,1.403990119978917,0.025332115120594703,0.10751137249149463,0.13284348761208933,54639.43249787856,582.7640369946275,11654.656107158748,28035.81111026477,9352.536087543682,37388.347197808456,4338.339284785986,1258.0899081253763,0.21330119246043144,20.296518788582983,16759.802136729435,22207.215715906434,0.30673455727015747,0.406432034534192,12619.035046411924,12619.035046411926,0,0.0,0.0,0.0,0.0,0.0,0.0,0.0,0.0,0.0,0.0,0.0,none,1228.6081876656715,13847.643234077597,1267.8639030529234,1267.8639030529234,0.0,13886.898949464849,0.2154110468670722,0.5181811771623273,0.1728613500867164,0.0702933619006643,0.0232530639832198,0.07837645590460579,0.07840937877752976,0.08291276635929196,0.822209469022225,18011.240680462346,0.0,fixed_issuance
2033Q2,2033-06-30,2033,2,2033,39698.94284544474,26050.395473087516,0.017716447921211298,0.01974238719039123,0.022564493843014066,249.09275,1070.9190793160153,237.08484185987678,612.488702745499,137.85632786871713,57.59457130793186,25.894635533990552,5.6542680689403735,24.268707971410187,0.0,1100.8420553563658,1349.9348053563658,-14.7595,0.0,55222.19653487319,56557.37184022956,1.424656874628067,0.025098174625935377,0.11091902972249368,0.13601720434842907,55974.60780323493,582.7640369946275,11937.039869646393,28715.098234047568,9579.14117180523,38294.2394058528,4454.756024625344,1288.5725031103937,0.21325812431965832,20.349127788294318,17205.5166612608,22605.037144206337,0.3073807452433181,0.4038444936259103,12865.086583304934,12865.086583304934,0,0.0,0.0,0.0,0.0,0.0,0.0,0.0,0.0,0.0,0.0,0.0,none,1258.0899081253763,14123.17649143031,1310.9065973849558,1310.9065973849558,0.0,14175.99318068989,0.2154110468670722,0.5181811771623273,0.1728613500867164,0.0702933619006643,0.0232530639832198,0.07961577316812787,0.07973909945151686,0.08296707610022726,0.8453925761201389,19112.082735818713,7.275957614183426e-12,fixed_issuance
2033Q3,2033-09-30,2033,3,2033,40068.93751717752,26165.27113091945,0.017756007302464516,0.019698696995388953,0.022564267205522626,249.09275,1114.4398565602294,242.70986314958526,642.5722240647689,143.1617194039906,59.48044925913072,26.515600682754123,5.6542680689403735,24.91969601929894,0.0,1145.0138206484687,1394.1065706484687,-14.7595,0.0,56557.37184022956,57936.71891087803,1.445926009044802,0.024866419269861016,0.11430438555128669,0.13917080482114771,57353.9548738834,582.7640369946275,12228.798488320683,29416.937005413794,9813.269316378035,39230.20632179183,4574.882974257618,1320.0670895132703,0.21321630766720095,20.438682328077732,17684.13978058775,22946.273304053913,0.30833339774865937,0.400081796530176,13224.35493711374,13224.354937113738,0,0.0,0.0,0.0,0.0,0.0,0.0,0.0,0.0,0.0,0.0,0.0,none,1288.5725031103937,14512.927440224132,1354.42737462917,1354.42737462917,0.0,14578.782311742907,0.2154110468670722,0.5181811771623273,0.1728613500867164,0.0702933619006643,0.0232530639832198,0.080850770733648,0.08098069506362841,0.08288555662931495,0.8689062709458697,20257.096556467182,0.0,fixed_issuance
2033Q4,2033-12-31,2033,4,2034,40442.305229569334,26280.714075950556,0.017765412373738743,0.019681678339410258,0.022563340221916306,228.68725,1159.6137536130875,248.58090127133866,673.0713727025766,148.64441522952424,62.163284378359904,27.153780031287965,5.687777001067564,25.590637919076865,0.0,1190.892168533232,1419.579418533232,-17.2085,0.0,57936.71891087803,59339.089829411256,1.4672529049117002,0.022618616688822736,0.11778677419827324,0.14040539088709597,58756.32579241663,582.7640369946275,12525.372169873719,30130.358631916315,10051.261414457766,40181.62004637408,4697.252126699606,1352.0814494692263,0.2131748709768762,20.467564734373696,17981.89003047504,23108.713600605966,0.30604177146821976,0.393297458425974,13456.091010176056,13456.091010176056,0,0.0,0.0,0.0,0.0,0.0,0.0,0.0,0.0,0.0,0.0,0.0,none,1320.0670895132703,14776.158099689326,1376.7802806141551,1376.7802806141551,0.0,14832.871290790212,0.2154110468670722,0.5181811771623273,0.1728613500867164,0.0702933619006643,0.0232530639832198,0.08114845525038175,0.08222020100000062,0.08290074936103256,0.873875050814249,21447.988725000414,-7.275957614183426e-12,fixed_issuance
2034Q1,2034-03-31,2034,1,2034,40816.72980870861,26395.211542316374,0.01754105922100746,0.019664438509282567,0.022572136924965847,228.68725,1192.3465057729625,254.515562491834,691.6531836955462,154.21878514679673,64.15341943045125,27.80555500833461,5.687777001067564,26.285295944555912,0.0,1224.319578718586,1453.006828718586,-17.2085,0.0,59339.089829411256,60774.88815812985,1.4889700483835182,0.022411129071022006,0.11998213325334717,0.14239326232436916,60192.12412113522,582.7640369946275,12828.996847836355,30860.7417544648,10294.911740267906,41155.65349473271,4822.616832360648,1384.856946205503,0.21313414396239455,20.565006582835295,18279.514789791254,23237.183952630294,0.3036861558998012,0.38605023982649317,13907.59437987497,13907.59437987497,0,0.0,0.0,0.0,0.0,0.0,0.0,0.0,0.0,0.0,0.0,0.0,none,1352.0814494692263,15259.675829344196,1409.51303277403,1409.51303277403,0.0,15317.107412649,0.2154110468670722,0.5181811771623273,0.1728613500867164,0.0702933619006643,0.0232530639832198,0.08149542833980616,0.0825303914999893,0.08285932473624806,0.8799053842694805,22672.308303719,7.275957614183426e-12,fixed_issuance
2034Q2,2034-06-30,2034,2,2034,41196.0201454162,26511.221774546648,0.017696739357757174,0.019646981729401825,0.022559374014152977,228.68725,1226.7113286038289,260.6210709637952,710.7108013030919,159.9269031547138,66.97989436824248,28.47265881398515,5.687777001067564,26.971690504025396,0.0,1259.370796108922,1488.0580461089219,-17.2085,0.0,60774.88815812985,62245.73770423877,1.510964833120287,0.02220479057858171,0.12228082146416268,0.14448561204274438,61662.973667244136,582.7640369946275,13140.02408826039,31608.932081360763,10544.50241574808,42153.43449710884,4951.083551509063,1418.4315303658382,0.2130942331644391,20.62683135164868,18542.66612274993,23317.05311104881,0.30070989152765987,0.3781370200677658,14202.06616903083,14202.06616903083,0,0.0,0.0,0.0,0.0,0.0,0.0,0.0,0.0,0.0,0.0,0.0,none,1384.856946205503,15586.923115236332,1443.8778556048965,1443.8778556048965,0.0,15645.944024635726,0.2154110468670722,0.5181811771623273,0.1728613500867164,0.0702933619006643,0.0232530639832198,0.08178229955105047,0.08288757638399412,0.08292648955590533,0.8848199441576307,23931.67909982792,0.0,fixed_issuance
2034Q3,2034-09-30,2034,3,2034,41579.86765924117,26628.177485442204,0.01776333439337474,0.01968155262857385,0.022566712808094413,228.68725,1261.1157044459449,266.87388923256856,730.2300447843644,165.77543665790301,69.07692758561372,29.159406185495712,5.687777001067564,27.69910575437956,0.0,1294.502587201392,1523.189837201392,-17.2085,0.0,62245.73770423877,63751.719041440156,1.533235256155782,0.02199980547068182,0.12453166977925072,0.14653147524993254,63168.95500444553,582.7640369946275,13458.462411301383,32374.95010823013,10800.040278085215,43174.990386315345,5082.69608514987,1452.806121678932,0.21305501112618122,20.730817653530096,18723.374519579833,23310.53197549359,0.2964015237906369,0.3690188000395623,14615.035762761741,14615.03576276174,0,0.0,0.0,0.0,0.0,0.0,0.0,0.0,0.0,0.0,0.0,0.0,none,1418.4315303658382,16033.467293127578,1478.2822314470125,1478.2822314470125,0.0,16093.317994208752,0.2154110468670722,0.5181811771623273,0.1728613500867164,0.0702933619006643,0.0232530639832198,0.08212067528243495,0.08318658497404167,0.08285528836590943,0.890598888604003,25226.18168702931,0.0,fixed_issuance
2034Q4,2034-12-31,2034,4,2035,41967.153813296354,26745.511387803872,0.0177423648279893,0.01968916041410429,0.02257322550837304,189.9905,1297.263172227691,273.3077254175028,750.2521020286684,171.7646053064296,72.07994165928395,29.85879781580626,5.709630652454863,28.44355736572332,0.0,1331.4163602458693,1521.4068602458692,-17.416,0.0,63751.719041440156,65255.70990168603,1.554923409674049,0.01810849511932408,0.1269008011521658,0.14500929627148987,64672.9458646914,582.7640369946275,13776.311600516681,33139.55094659526,11055.10537697789,44194.656323573145,5214.860823078497,1487.1171175230716,0.21301506242408458,20.691002942284246,18907.993274270608,23549.405412200085,0.2923632598061927,0.3641307056194734,14686.190563506147,14686.190563506148,0,0.0,0.0,0.0,0.0,0.0,0.0,0.0,0.0,0.0,0.0,0.0,none,1452.806121678932,16138.99668518508,1475.547302880146,1475.547302880146,0.0,16161.737866386295,0.2154110468670722,0.5181811771623273,0.1728613500867164,0.0702933619006643,0.0232530639832198,0.08238089641438319,0.08353759743359494,0.08275278238679,0.8951997960729997,26557.59804727518,0.0,fixed_issuance
2035Q1,2035-03-31,2035,1,2035,42358.31906225067,26863.318029498183,0.017735654711652504,0.019722056747187633,0.02256874260208286,189.9905,1332.3631798406914,279.6935662694899,770.1220672271514,177.74396888722111,74.24332069172998,30.56025676509912,5.709630652454863,29.177424371852776,0.0,1367.2502348649991,1557.240734864999,-17.416,0.0,65255.70990168603,66795.53463655103,1.5769165565419845,0.017941269078292365,0.12911279438220005,0.1470540634604924,66212.7705995564,582.7640369946275,14101.721719116937,33922.3399482237,11316.237910574602,45238.5778587983,5350.22672555111,1522.2442960900476,0.21297585936105523,20.71455863915618,19066.016374378032,23745.24750557575,0.2879507412502954,0.35862035813578885,15153.417929021402,15153.4179290214,0,0.0,0.0,0.0,0.0,0.0,0.0,0.0,0.0,0.0,0.0,0.0,none,1487.1171175230716,16640.53504654447,1510.6473104931463,1510.6473104931463,0.0,16664.065239514544,0.2154110468670722,0.5181811771623273,0.1728613500867164,0.0702933619006643,0.0232530639832198,0.08268481181783059,0.08380877240780263,0.08270684933752355,0.9007551973474877,27924.848282140178,0.0,fixed_issuance
2035Q2,2035-06-30,2035,2,2035,42752.9723378467,26981.50286265861,0.017714424126451522,0.01972826196496369,0.022573755489187608,189.9905,1369.12409394174,286.26495089807383,790.3969080878315,183.86687396873003,77.31704631319427,31.27831467391026,5.709630652454863,29.941397525582737,0.0,1404.7751221197777,1594.7656221197776,-17.416,0.0,66795.53463655103,68372.8842586708,1.5992545200920287,0.017775652976699592,0.13143180885940065,0.14920746183610023,67790.12022167617,582.7640369946275,14435.05054470749,34724.177763594584,11583.724985413244,46307.90274900783,5488.940649416156,1558.2262785446972,0.2129373793335127,20.690027735454052,19218.35920736982,24015.6614767289,0.28349793663921946,0.35426491940413746,15426.128388697587,15426.128388697587,0,0.0,0.0,0.0,0.0,0.0,0.0,0.0,0.0,0.0,0.0,0.0,none,1522.2442960900476,16948.372684787635,1547.4082245941952,1547.4082245941952,0.0,16973.53661329178,0.2154110468670722,0.5181811771623273,0.1728613500867164,0.0702933619006643,0.0232530639832198,0.0829305063605123,0.08412389419523106,0.08276519286965664,0.9050476974729974,29329.623404259954,-1.4551915228366852e-11,fixed_issuance
2035Q3,2035-09-30,2035,3,2035,43151.28712883536,27100.16043515168,0.017707331988727093,0.01973390522034224,0.022567910616891007,189.9905,1405.9062002207872,292.9954384312002,811.1614588797489,190.14011459138328,79.59542942575376,32.0137588927008,5.709630652454863,30.709792885829124,0.0,1442.3256237590713,1632.3161237590712,-17.416,0.0,68372.8842586708,69987.78438242988,1.6219164951782243,0.017611571996242123,0.13369943004970097,0.15131100204594308,69405.02034543524,582.7640369946275,14776.302642317589,35545.075374095664,11857.570264802314,47402.64563889798,5631.008506549593,1595.063557670091,0.21289962266093368,20.668093143646587,19373.525021311292,24301.087409164964,0.27913722847263,0.35013443246923914,15772.734901116548,15772.734901116546,0,0.0,0.0,0.0,0.0,0.0,0.0,0.0,0.0,0.0,0.0,0.0,none,1558.2262785446972,17330.961179661244,1584.1903308732424,1584.1903308732424,0.0,17356.92523198979,0.2154110468670722,0.5181811771623273,0.1728613500867164,0.0702933619006643,0.0232530639832198,0.0831754666287585,0.0843799783728539,0.082665307570315,0.9093265633204344,30771.949028019026,0.0,fixed_issuance
2035Q4,2035-12-31,2035,4,2036,43553.56087408408,27219.290746977385,0.01769999094559438,0.019764486694536787,0.022571471840996393,242.76275,1443.6543556482127,299.8850621258354,831.8449240002474,196.56315561945394,82.5946207692373,32.766593133437844,5.7387688543045945,31.509571163647994,0.0,1480.9026956661653,1723.6654456661654,-16.55475,0.0,69987.78438242988,71694.89507809604,1.646131651218375,0.02229555931849903,0.13600749660378333,0.15830305592228236,71112.13104110141,582.7640369946275,15137.24563467832,36413.340337244896,12147.21693739064,48560.55727463553,5780.301713959055,1634.0264178285026,0.21286446367258055,20.553824879135018,19788.82994342528,24641.18854591901,0.278276429825844,0.34651174399030293,15872.206215784441,15872.206215784443,0,0.0,0.0,0.0,0.0,0.0,0.0,0.0,0.0,0.0,0.0,0.0,none,1595.063557670091,17467.269773454533,1675.6011245025175,1675.6011245025175,0.0,17547.80734028696,0.2154110468670722,0.5181811771623273,0.1728613500867164,0.0702933619006643,0.0232530639832198,0.08337430093418503,0.08463778122045763,0.08244412573606782,0.9127717980181712,32252.85172368519,0.0,fixed_issuance
2036Q1,2036-03-31,2036,1,2036,43959.12371141258,27338.799250269203,0.017678326506116004,0.019743412449576114,0.022574269177581208,242.76275,1482.707014162033,307.17255704170987,852.355809582659,203.35826655837604,86.25747835709024,33.56290262219746,5.7387688543045945,32.348950043846344,0.0,1520.794733060184,1763.557483060184,-16.55475,0.0,71694.89507809604,73441.89781115623,1.670686119525385,0.022089862536270204,0.13838262500809206,0.16047248754436227,72859.1337741616,582.7640369946275,15506.601001092455,37301.84165295414,12443.61430525414,49745.45595820828,5933.179442906812,1673.8973719540513,0.21282988415917234,20.503421196260714,20195.894454312554,24977.053845978982,0.277190976726582,0.3428129398765474,16349.179915912771,16349.179915912771,0,0.0,0.0,0.0,0.0,0.0,0.0,0.0,0.0,0.0,0.0,0.0,none,1634.0264178285026,17983.206333741273,1714.6537830163377,1714.6537830163377,0.0,18063.83369892911,0.2154110468670722,0.5181811771623273,0.1728613500867164,0.0702933619006643,0.0232530639832198,0.08362477031977883,0.08484814610042223,0.08240461899749202,0.9173007090880897,33773.64645674537,0.0,fixed_issuance
2036Q2,2036-06-30,2036,2,2036,44368.391695384074,27458.59139716061,0.017642589134278408,0.019772661061247865,0.022576315037704076,242.76275,1523.7121651594723,314.62893431216594,873.3367024073548,210.61643799742146,90.74823842259397,34.381852019936225,5.7387688543045945,33.207501032818094,0.0,1562.658435046595,1805.4211850465952,-16.55475,0.0,73441.89781115623,75230.76424620283,1.6955936731425305,0.021886098704385192,0.14088033172580997,0.16276643043019515,74648.0002092082,582.7640369946275,15884.789330009891,38211.59106607696,12747.099878879566,50958.69094495653,6089.798112762394,1714.7218214793852,0.21279591262312778,20.389360925620682,20692.322843412872,25437.444159465966,0.2771986226746952,0.3407652460638608,16650.650800017695,16650.650800017695,0,0.0,0.0,0.0,0.0,0.0,0.0,0.0,0.0,0.0,0.0,0.0,none,1673.8973719540513,18324.548171971746,1755.658934013777,1755.658934013777,0.0,18406.30973403147,0.2154110468670722,0.5181811771623273,0.1728613500867164,0.0702933619006643,0.0232530639832198,0.08381805174051861,0.08510991581751955,0.08242393716041527,0.920629550375012,35336.304891791966,0.0,fixed_issuance
2036Q3,2036-09-30,2036,3,2036,44780.96019760952,27578.572639785074,0.01759302613883751,0.01977588746711989,0.022577621701592054,242.76275,1564.7351143023964,322.3023755059007,894.8127890350723,217.73848569647615,94.66536465631472,35.21609940863288,5.7387688543045945,34.08603871270013,0.0,1604.5599218694013,1847.3226718694013,-16.55475,0.0,75230.76424620283,77061.53216807223,1.7208548416115894,0.02168446133613357,0.14332519131245025,0.16500965264858383,76478.7681310776,582.7640369946275,16271.81445534778,39142.59779927733,13057.676734878378,52200.27453415571,6250.178961308194,1756.50018026592,0.21276250720277531,20.27058337233633,21209.90699875407,25852.49758035177,0.2773306568223253,0.3380349633252847,17036.46522923479,17036.46522923479,0,0.0,0.0,0.0,0.0,0.0,0.0,0.0,0.0,0.0,0.0,0.0,none,1714.7218214793852,18751.187050714176,1796.6818831567011,1796.6818831567011,0.0,18833.14711239149,0.2154110468670722,0.5181811771623273,0.1728613500867164,0.0702933619006643,0.0232530639832198,0.08400380370768994,0.08531403012832688,0.08240741468032482,0.9238693327341557,36940.86481366137,-1.4551915228366852e-11,fixed_issuance
2026Q4,2026-12-31,2026,4,2027,32494.749328920883,24334.483486635447,-0.02,0.02374108660242924,0.02771554138299126,194.872,262.77373580186674,55.91196830625741,138.7066086465815,45.90202768161394,6.830451248587104,15.422679918826764,4.968063415379199,15.669722733652822,0.0,283.41152195089876,478.2835219508988,5.538,0.0,32215.665354410852,32699.486876361752,1.0063006347692809,0.023988121653434096,0.03488705440772952,0.05887517606116361,32116.722839367125,582.7640369946275,6994.349956978468,16540.09845566361,5503.904233479008,22044.002689142617,2333.4554051875534,744.9147880584759,0.21777906768261962,24.256573226985388,10483.60494622842,13478.855143353132,0.3264220013561946,0.4196833908231572,7665.516018009889,7665.51601800989,0,0.0,0.0,0.0,0.0,0.0,0.0,0.0,0.0,0.0,0.0,0.0,none,734.0288243174178,8399.544842327308,468.151799217246,468.151799217246,0.0,8133.667817227136,0.4154110468670722,0.3902316343752471,0.10081089287379652,0.0702933619006643,0.0232530639832198,0.046072801018103,0.03518928059787473,0.08372904938521182,0.2734150701709626,283.41152195089876,0.0,adaptive_issuance
2027Q1,2027-03-31,2027,1,2027,32517.71732280901,24211.887731116716,-0.02,0.023296209984862815,0.026152401325720165,194.872,369.95493483944955,144.74807235966938,154.12896774412795,47.05701170474937,8.418975029950598,15.601908000952285,4.968063415379199,15.10898639416756,0.0,390.03198464899634,584.9039846489964,5.538,0.0,32699.486876361752,33289.92886101075,1.023747409159624,0.02397117830448822,0.04797778156161225,0.07194895986610046,32707.16482401612,582.7640369946275,7233.349640080678,16764.6115918826,5561.904066732836,22326.515658615437,2389.006482241441,758.2930430785531,0.22115489615197081,24.235273992310606,10607.900296601487,13436.054745386262,0.3243295575656973,0.4107985151779489,7914.063910665539,7914.06391066554,0,0.0,0.0,0.0,0.0,0.0,0.0,0.0,0.0,0.0,0.0,0.0,none,744.9147880584759,8658.978698724015,575.3329982548288,575.3329982548288,0.0,8489.39690892037,0.4154110468670722,0.3902316343752471,0.10081089287379652,0.0702933619006643,0.0232530639832198,0.04828087226905984,0.04771108318900844,0.08360440638265929,0.31143865953039723,673.443506599895,0.0,adaptive_issuance
2027Q2,2027-06-30,2027,2,2027,32535.292940369363,24089.909606100784,-0.02,0.022616048740021766,0.02507028033791192,194.872,394.82341037939784,149.44100356406665,170.76936916510135,48.45623182477806,10.297454881738458,15.85935094371328,4.968063415379199,14.834520396573772,0.0,414.62599419135086,609.4979941913509,5.538,0.0,33289.92886101075,33904.964855202095,1.0420980354270382,0.023958229035424532,0.05097553539183148,0.07493376442725602,33322.20081820747,582.7640369946275,7482.679962640926,16998.82919395597,5622.410913210257,22621.240107166228,2446.0311820487846,772.2495663515258,0.224555394869127,24.162909703656698,10771.65572502466,13415.203780935019,0.3232576318650284,0.40259056879595007,8135.560143268974,8135.560143268973,0,0.0,0.0,0.0,0.0,0.0,0.0,0.0,0.0,0.0,0.0,0.0,none,758.2930430785531,8893.853186347525,600.201473794777,600.201473794777,0.0,8735.76161706375,0.4154110468670722,0.3902316343752471,0.10081089287379652,0.0702933619006643,0.0232530639832198,0.05042092378859515,0.04981999161637884,0.0835880847747466,0.3481731726373346,1088.069500791246,0.0,adaptive_issuance
2027Q3,2027-09-30,2027,3,2027,32549.94864533719,23968.546000000006,-0.02,0.022248000239960097,0.024382592342289344,194.872,420.0860561468158,154.36768762928233,187.86615408286065,49.85515011533601,11.87881380157007,16.11825051776672,4.968063415379199,14.775721926003298,0.0,439.8298414881983,634.7018414881984,5.538,0.0,33904.964855202095,34545.2046966903,1.0612982856929616,0.023947441776122815,0.054049835381378315,0.07799727715750114,33962.44065969567,582.7640369946275,7742.504667326049,17242.905079575805,5685.464509563844,22928.36958913965,2504.7728796870524,786.7935235429138,0.2279725637184353,24.12532843331382,10879.518828741155,13338.421502994917,0.32033972286485973,0.39274036977042276,8419.72654716238,8419.72654716238,0,0.0,0.0,0.0,0.0,0.0,0.0,0.0,0.0,0.0,0.0,0.0,none,772.2495663515258,9191.976113513905,625.464119562195,625.464119562195,0.0,9045.190666724575,0.4154110468670722,0.3902316343752471,0.10081089287379652,0.0702933619006643,0.0232530639832198,0.0526169683316319,0.051889726872342064,0.08352342623533872,0.3850763722872391,1527.8993422794442,7.275957614183426e-12,adaptive_issuance
2027Q4,2027-12-31,2027,4,2028,32727.07720050504,23968.546000000006,0.0,0.021945305341696475,0.024162847358085493,215.4585,446.814809046275,159.5343086702532,206.0007949379302,51.380342875131355,13.50651949994363,16.39284306301661,5.137064986107641,14.995412582592431,0.0,466.9472866149751,682.4057866149751,2.14175,0.0,34545.2046966903,35229.75223330528,1.0764710828732857,0.026333973997124935,0.057071676001396086,0.08340564999852103,34646.988196310645,582.7640369946275,8020.644016102412,17504.18549923638,5752.962657013096,23257.148156249477,2566.833362035611,802.3626619231396,0.23149613959681734,23.928549411149024,11022.166136848324,13454.180509129092,0.3181276847036883,0.38832179099947706,8475.981805223728,8475.98180522373,0,0.0,0.0,0.0,0.0,0.0,0.0,0.0,0.0,0.0,0.0,0.0,none,786.7935235429138,9262.775328766644,669.5521240323826,669.5521240323826,0.0,9145.533929256113,0.4154110468670722,0.3902316343752471,0.10081089287379652,0.0702933619006643,0.0232530639832198,0.05441319930667778,0.05406797160008866,0.08325914535374068,0.41546710920395863,1994.8466288944194,0.0,adaptive_issuance
2028Q1,2028-03-31,2028,1,2028,32903.007321605444,23968.546000000006,0.0,0.0216767083117837,0.023850744937782276,215.4585,471.38535102100695,165.10495707146814,221.47060691408552,53.12574422757737,14.982863999945678,16.70117880793015,5.137064986107641,15.170205464780578,0.0,491.69262147189517,707.1511214718952,2.14175,0.0,35229.75223330528,35939.045104777164,1.0922723492566022,0.026193168046195123,0.05977479403823734,0.08596796208443247,35356.28106778254,582.7640369946275,8308.99023944259,17775.054121649246,5822.937782737213,23597.991904386457,2630.7957832654847,818.5031406880062,0.2350074721804928,23.7596197380363,11143.129189688454,13528.810619007525,0.31516689123286584,0.382642354071998,8826.112523835654,8826.112523835654,0,0.0,0.0,0.0,0.0,0.0,0.0,0.0,0.0,0.0,0.0,0.0,none,802.3626619231396,9628.475185758794,694.1226660071145,694.1226660071145,0.0,9520.23518984277,0.4154110468670722,0.3902316343752471,0.10081089287379652,0.0702933619006643,0.0232530639832198,0.056279588627060874,0.05582697467932368,0.0831579771754477,0.44694463901852327,2486.5392503663147,-7.275957614183426e-12,adaptive_issuance
2028Q2,2028-06-30,2028,2,2028,33078.45806907888,23968.546000000006,0.0,0.02150065998978512,0.023590801926968608,215.4585,497.5438755202786,170.87438427413687,237.86950835516822,54.750916522519994,17.026247299994715,17.022819068458787,5.137064986107641,15.380244385384776,0.0,518.061184891771,733.5196848917709,2.14175,0.0,35939.045104777164,36674.70653966893,1.108718745688807,0.026054237419416662,0.06264635235534692,0.08870058977476357,36091.942502674305,582.7640369946275,8608.203002829508,18056.130627830298,5895.549972672363,23951.68060050266,2696.8070140453756,835.2518852967607,0.23850761155877565,23.59274397998165,11257.853885154806,13657.325312464349,0.3119215288653591,0.37840372020576013,9126.177880404963,9126.177880404965,0,0.0,0.0,0.0,0.0,0.0,0.0,0.0,0.0,0.0,0.0,0.0,none,818.5031406880062,9944.68102109297,720.2811905063862,720.2811905063862,0.0,9846.45907091135,0.4154110468670722,0.3902316343752471,0.10081089287379652,0.0702933619006643,0.0232530639832198,0.05808664179567203,0.057659983272388964,0.08309039339829555,0.47779886868808347,3004.600435258086,-7.275957614183426e-12,adaptive_issuance
2028Q3,2028-09-30,2028,3,2028,33251.27226160394,23968.546000000006,0.0,0.02106182624872388,0.023346411992499982,215.4585,524.2109184873377,176.87705120063913,254.6737353832437,56.43914993851223,18.862359658762543,17.358622306179935,5.137064986107641,15.604235137234216,0.0,544.9522186106796,760.4107186106795,2.14175,0.0,36674.70653966893,37437.25900827961,1.125889521271321,0.025918827803626053,0.06555565324818555,0.09147448105181159,36854.494971284985,582.7640369946275,8918.493550452222,18347.613457772346,5970.850491019327,24318.463948791672,2764.9167516792204,852.6207203618718,0.24199201637143655,23.40189633824467,11383.550637691233,13830.091868920952,0.3088782154404958,0.3752620102295963,9392.922277167798,9392.922277167798,0,0.0,0.0,0.0,0.0,0.0,0.0,0.0,0.0,0.0,0.0,0.0,none,835.2518852967607,10228.174162464558,746.9482334734453,746.9482334734453,0.0,10139.870510641244,0.4154110468670722,0.3902316343752471,0.10081089287379652,0.0702933619006643,0.0232530639832198,0.0598026239749065,0.05943630038552439,0.08307443287269702,0.5069148752924723,3549.5526538687654,0.0,adaptive_issuance
2028Q4,2028-12-31,2028,4,2029,33567.27804848896,24072.26500958159,0.01742186418178404,0.020775810233577552,0.02309377715644856,173.80475,551.1055019430065,183.11896882466027,271.37027336185605,58.30064063213465,20.60668676243929,17.708932361916077,5.268186894431433,15.826683047190103,0.0,572.2003718846281,746.0051218846281,-2.42575,0.0,37437.25900827961,38180.83838016425,1.1374421937045613,0.020711211644737323,0.06818549553622634,0.08889670718096367,37598.07434316962,582.7640369946275,9220.81005678251,18631.60557895836,6044.215889372335,24675.821468330694,2831.899617857043,869.543200199369,0.24524687016205232,23.066470395493162,11659.029781650343,13901.83992496656,0.31009646066536967,0.36974872165207273,9516.054550941402,9516.0545509414,0,0.0,0.0,0.0,0.0,0.0,0.0,0.0,0.0,0.0,0.0,0.0,none,852.6207203618718,10368.675271303273,727.752688837438,727.752688837438,0.0,10243.807239778838,0.4154110468670722,0.3902316343752471,0.10081089287379652,0.0702933619006643,0.0232530639832198,0.06112442955918427,0.061136994218308614,0.08282435309721066,0.5296799693296151,4121.753025753394,1.4551915228366852e-11,adaptive_issuance
2029Q1,2029-03-31,2029,1,2029,33886.340980372326,24177.969524360276,0.017680562926939647,0.020522825130940392,0.02297286568423096,173.80475,574.6547966148075,189.2110223651771,285.11877381620286,60.11881720753579,22.156640247753405,18.049542978138383,5.268186894431433,16.125947533482616,0.0,596.0489310427216,769.8536810427216,-2.42575,0.0,38180.83838016425,38948.26631120697,1.149379519428392,0.020516201510298364,0.0703586063054687,0.09087480781576705,38365.50227421234,582.7640369946275,9532.90920026539,18924.787379892536,6119.955313147756,25044.74269304029,2900.8371076140274,887.0132732926293,0.2484760692595704,22.767244361718205,11924.375238159964,14040.083229382037,0.3108098299595317,0.36595593429306367,9859.051600426994,9859.051600426994,0,0.0,0.0,0.0,0.0,0.0,0.0,0.0,0.0,0.0,0.0,0.0,none,869.543200199369,10728.594800626362,751.301983509239,751.301983509239,0.0,10610.353583936232,0.4154110468670722,0.3902316343752471,0.10081089287379652,0.0702933619006643,0.0232530639832198,0.06244431727765584,0.0624448237734226,0.08274181755114395,0.5527393841617475,4717.8019567961155,0.0,adaptive_issuance
2029Q2,2029-06-30,2029,2,2029,34205.573087708595,24282.728560473675,0.01744428695602207,0.020418069374665837,0.022841686194156274,173.80475,599.0520667497789,195.49613542444226,298.9566721817708,61.99768218465199,24.200486604458643,18.401090354455597,5.268186894431433,16.424974399465867,0.0,620.7452280436762,794.5499780436762,-2.42575,0.0,38948.26631120697,39740.39053925064,1.1618103996489075,0.02032472890360137,0.07258995210540523,0.0929146810090066,39157.62650225601,582.7640369946275,9855.143239275738,19227.489767425774,6198.154247509166,25425.64401493494,2971.788590375981,905.0506576693539,0.2516787691079271,22.45602354542777,12259.629880651712,14135.445178701546,0.31308409052692177,0.36098830397412246,10166.203826912222,10166.20382691222,0,0.0,0.0,0.0,0.0,0.0,0.0,0.0,0.0,0.0,0.0,0.0,none,887.0132732926293,11053.217100204849,775.6992536442103,775.6992536442103,0.0,10941.90308055643,0.4154110468670722,0.3902316343752471,0.10081089287379652,0.0702933619006643,0.0232530639832198,0.06362693942760542,0.06375074290431901,0.08264420303586063,0.5750944234852039,5338.547184839792,0.0,adaptive_issuance
2029Q3,2029-09-30,2029,3,2029,34528.19057048822,24389.00036245153,0.017620997896754975,0.020285549943514614,0.02275805762511629,173.80475,623.0075046223313,201.98116068895624,312.3117261884769,63.82108583662418,26.127306521499882,18.766225386774035,5.268186894431433,16.7656224028131,0.0,645.0413139195758,818.8460639195758,-2.42575,0.0,39740.39053925064,40556.81085317022,1.174599948131506,0.02013482283645105,0.07472633848017539,0.09486116131662645,39974.046816175585,582.7640369946275,10187.328631810882,19539.540324632195,6278.76815095169,25818.308475583886,3044.7646294051465,923.6450793756751,0.25484856908929615,22.125760313067737,12638.969185881866,14332.928175069661,0.31617937618383635,0.3585558460213193,10455.00695532961,10455.00695532961,0,0.0,0.0,0.0,0.0,0.0,0.0,0.0,0.0,0.0,0.0,0.0,none,905.0506576693539,11360.057612998964,799.6546915167628,799.6546915167628,0.0,11254.661646846373,0.4154110468670722,0.3902316343752471,0.10081089287379652,0.0702933619006643,0.0232530639832198,0.06482612742464491,0.06492551332956668,0.08265026074899676,0.5959696475831179,5983.588498759368,0.0,adaptive_issuance
2029Q4,2029-12-31,2029,4,2030,34855.54358176037,24497.541313226066,0.017920813193843088,0.020183196343088072,0.022686563355431177,192.2015,647.9911244861635,208.68742702264566,326.22585306456494,65.79050894208328,28.142482074110408,19.14485338275931,5.3789120614604125,17.123812086717304,0.0,670.4938486343411,862.6953486343411,-5.94,0.0,40556.81085317022,41413.566201804555,1.1881486256170724,0.02205692182641243,0.07694544737901667,0.09900236920542908,40830.80216480993,582.7640369946275,10536.120847390739,19867.191111412176,6363.412155836053,26230.60326724823,3120.908964953615,943.169085217346,0.2580434448694546,21.761428769347987,12782.853682977451,14517.735618572466,0.31306888440204017,0.3555584227802556,10757.71600126592,10757.71600126592,0,0.0,0.0,0.0,0.0,0.0,0.0,0.0,0.0,0.0,0.0,0.0,none,923.6450793756751,11681.361080641596,839.6315365476238,839.6315365476238,0.0,11597.347537813544,0.4154110468670722,0.3902316343752471,0.10081089287379652,0.0702933619006643,0.0232530639832198,0.06588958858072691,0.06612885328304165,0.08259551831311034,0.6156297214904333,6654.082347393709,0.0,adaptive_issuance
2030Q1,2030-03-31,2030,1,2030,35185.787659983565,24607.027742665883,0.017997333864965714,0.02008187040489151,0.022638322874940497,192.2015,672.7389072666068,215.7534146524439,339.7288133766629,67.76588840607212,29.950685308437603,19.54010552299035,5.3789120614604125,17.515037996786837,0.0,695.6328573248541,887.8343573248541,-5.94,0.0,41413.566201804555,42295.46055912941,1.2020609277771435,0.021849901654307863,0.07908111809769035,0.10093101975199821,41712.696522134785,582.7640369946275,10895.19356532306,20204.49926591373,6450.55100679916,26655.05027271289,3199.1841312633796,963.2685528354536,0.26119609792048665,21.412655369624872,13014.876923379084,14764.63934339283,0.31201236094800916,0.35396031842626124,11127.348695016277,11127.348695016277,0,0.0,0.0,0.0,0.0,0.0,0.0,0.0,0.0,0.0,0.0,0.0,none,943.169085217346,12070.517780233622,864.3793193280671,864.3793193280671,0.0,11991.728014344344,0.4154110468670722,0.3902316343752471,0.10081089287379652,0.0702933619006643,0.0232530639832198,0.06698336401365346,0.06718888722937776,0.08255209594841344,0.6350496326514687,7349.715204718563,0.0,adaptive_issuance
2030Q2,2030-06-30,2030,2,2030,35516.65777720346,24716.041432773058,0.017838848225115722,0.01995316485744958,0.022612820884429397,192.2015,698.6883851850315,222.99737429824944,353.82628044760463,69.80014488180585,32.11288565676744,19.95169990060434,5.3789120614604125,17.93427369870259,0.0,722.0015709451944,914.2030709451944,-5.94,0.0,42295.46055912941,43203.7236300746,1.2164355075607685,0.02164634985709331,0.0813141343956767,0.10296048425277,42620.95959307998,582.7640369946275,11265.045983043126,20551.933727594584,6540.305847800833,27092.23957539542,3279.7026093175145,983.9714253239297,0.26430765732623585,21.12219228788127,13143.531984708208,14914.52791550825,0.3083818879301398,0.349934118281321,11541.3844634777,11541.3844634777,0,0.0,0.0,0.0,0.0,0.0,0.0,0.0,0.0,0.0,0.0,0.0,none,963.2685528354536,12504.653016313154,890.3287972464918,890.3287972464918,0.0,12431.713260724191,0.4154110468670722,0.3902316343752471,0.10081089287379652,0.0702933619006643,0.0232530639832198,0.06812016053147023,0.06828170790913414,0.08256496917738902,0.6550714132301709,8071.716775663757,0.0,adaptive_issuance
2030Q3,2030-09-30,2030,3,2030,35850.49897484923,24825.52786221287,0.017837173553037378,0.019938881222312688,0.022609552821165613,192.2015,726.0194108854482,230.51100342801996,368.98964223442425,72.0330418890764,34.11259497259553,20.373128361331965,5.3789120614604125,18.38301640523769,0.0,749.7813393521462,941.9828393521462,-5.94,0.0,43203.7236300746,44139.76646942676,1.231217632434986,0.02144477823138118,0.0836564467209399,0.10510122495232108,43557.00243243213,582.7640369946275,11646.252010761355,20910.03362010365,6632.815953906521,27542.84957401017,3362.591019758857,1005.3098279017441,0.26737955691114473,20.812942939083634,13342.944937105685,15110.617209837179,0.30633294744751893,0.34691591170162706,11912.154789458518,11912.154789458518,0,0.0,0.0,0.0,0.0,0.0,0.0,0.0,0.0,0.0,0.0,0.0,none,983.9714253239297,12896.126214782447,917.6598229469085,917.6598229469085,0.0,12829.814612405427,0.4154110468670722,0.3902316343752471,0.10081089287379652,0.0702933619006643,0.0232530639832198,0.06927453848063835,0.06941821457539507,0.08252489479551987,0.6744802108523907,8821.498115015904,1.4551915228366852e-11,adaptive_issuance
2030Q4,2030-12-31,2030,4,2031,36186.034286952054,24935.10883951922,0.01777342391157455,0.019839987430776862,0.02260563078501021,184.328,754.546591694496,238.2240848801235,384.7471978048585,74.19407796770527,36.57131760424258,20.809913437566106,5.499835599136797,18.84437087460929,0.0,778.890798168242,963.218798168242,-9.2495,0.0,44139.76646942676,45093.73576759499,1.2461640700941599,0.0203755955724018,0.08609849777864098,0.10647409335104278,44510.971730600366,582.7640369946275,12034.713235759897,21274.94894882648,6727.086732775536,28002.035681602018,3447.168465570051,1027.0543476684068,0.27037633122456145,20.311439259326306,13772.342026891445,16254.148313403713,0.3094145441318965,0.3651717246655688,12010.451545255575,12010.451545255575,0,0.0,0.0,0.0,0.0,0.0,0.0,0.0,0.0,0.0,0.0,0.0,none,1005.3098279017441,13015.76137315732,935.1249272936327,935.1249272936327,0.0,12945.576472549208,0.4154110468670722,0.3902316343752471,0.10081089287379652,0.0702933619006643,0.0232530639832198,0.07000034254600175,0.07058404341198658,0.08237656015629587,0.6868844562410528,9600.388913184146,-1.4551915228366852e-11,adaptive_issuance
2031Q1,2031-03-31,2031,1,2031,36524.98226400305,25045.446199757793,0.01781775002184327,0.01982598390139856,0.02258993228072148,184.328,779.1542704689336,246.10988567128993,397.4986284215533,76.39671471597981,37.891584299243895,21.25745736086685,5.499835599136797,19.305049215953836,0.0,803.9591552840243,988.2871552840243,-9.2495,0.0,45093.73576759499,46072.77342287902,1.2614044023311064,0.020186512197889632,0.08804485099792761,0.10823136319581725,45490.00938588439,582.7640369946275,12433.396762359098,21649.46697225564,6823.838233713353,28473.30520596899,3533.936346192216,1049.37107136409,0.2733214815782649,19.913210347109707,14186.055912522166,17424.164852666592,0.3118499227420278,0.3830327820963988,12499.252904691055,12499.252904691053,0,0.0,0.0,0.0,0.0,0.0,0.0,0.0,0.0,0.0,0.0,0.0,none,1027.0543476684068,13526.30725235946,959.7326060680704,959.7326060680704,0.0,13458.985510759123,0.4154110468670722,0.3902316343752471,0.10081089287379652,0.0702933619006643,0.0232530639832198,0.07083645905767909,0.0713144867329232,0.0823187343300823,0.7009846250611337,10404.34806846817,7.275957614183426e-12,adaptive_issuance
2031Q2,2031-06-30,2031,2,2031,36866.39910685036,25155.878107862893,0.017754036595319045,0.019811706497828263,0.02259593162071094,184.328,805.8050015751123,254.23188029833764,410.64070850810015,78.8163521142763,40.40457318787522,21.711487466523018,5.499835599136797,19.796184395876537,0.0,831.1010215701256,1015.4290215701255,-9.2495,0.0,46072.77342287902,47078.95294444915,1.27701522483928,0.019999566485000043,0.09017436383318422,0.11017393031818426,46496.18890745452,582.7640369946275,12843.151297066888,22034.38495404166,6923.276418649723,28957.661372691382,3623.0687314808665,1072.3075062153846,0.27621944075093446,19.451001494306148,14617.291746098259,18641.52520518649,0.3143761260776093,0.4009258746408307,12837.387625499929,12837.387625499929,0,0.0,0.0,0.0,0.0,0.0,0.0,0.0,0.0,0.0,0.0,0.0,none,1049.37107136409,13886.758696864019,986.383337174249,986.383337174249,0.0,13823.770962674178,0.4154110468670722,0.3902316343752471,0.10081089287379652,0.0702933619006643,0.0232530639832198,0.07153929849278134,0.07215550181378173,0.08235187085639693,0.7133892569134416,11235.449090038297,0.0,adaptive_issuance
2031Q3,2031-09-30,2031,3,2031,37209.60057628394,25265.93182450188,0.017614655473791707,0.019797160110517797,0.022579104221777335,184.328,831.7874562382933,262.5140125120472,424.1605395805738,81.14096828262632,41.80733970957421,22.164596153471997,5.499835599136797,20.280492136026687,0.0,857.5677839734568,1041.895783973457,-9.2495,0.0,47078.95294444915,48111.59922842261,1.2929888653276007,0.019815101172301647,0.09218779784699324,0.1120028990192949,47528.83519142798,582.7640369946275,13263.699230466487,22429.442111575972,7025.3339180397425,29454.776029615714,3714.5118185983747,1095.8481127474033,0.2790663641775646,19.049853581655825,15034.46696861083,19881.82117580666,0.3163230680503266,0.4183107180247588,13309.219528610636,13309.219528610636,0,0.0,0.0,0.0,0.0,0.0,0.0,0.0,0.0,0.0,0.0,0.0,none,1072.3075062153846,14381.52703482602,1012.36579183743,1012.36579183743,0.0,14321.585320448066,0.4154110468670722,0.3902316343752471,0.10081089287379652,0.0702933619006643,0.0232530639832198,0.07232641139778631,0.07286209487159535,0.08219834799924998,0.7267026376844005,12093.016874011753,0.0,adaptive_issuance
2031Q4,2031-12-31,2031,4,2032,37555.06036168092,25376.26918474045,0.017582923791722438,0.019727225080271582,0.0225727995952707,192.24275,859.6260557941704,270.8447382861257,438.1091511948857,83.52707261836497,44.513090546278576,22.63200314851575,5.6120176762582625,20.7865965860218,0.0,886.0246700564504,1078.2674200564504,-11.316,0.0,48111.59922842261,49178.55064847905,1.309505301678548,0.020475829158421884,0.09437073582344715,0.11484656498186904,48595.78661148442,582.7640369946275,13698.287654979844,22837.688720464725,7130.798727986954,29968.487448451677,3808.8368577283472,1120.1746503245552,0.2818822085234564,18.603252903035322,16183.205623402615,21080.42140433681,0.3330166409854576,0.43379113446339335,13668.142476545896,13668.142476545894,0,0.0,0.0,0.0,0.0,0.0,0.0,0.0,0.0,0.0,0.0,0.0,none,1095.8481127474033,14763.990589293298,1046.1648234704287,1046.1648234704287,0.0,14714.307300016322,0.4154110468670722,0.3902316343752471,0.10081089287379652,0.0702933619006643,0.0232530639832198,0.07297377731889927,0.07366412127352598,0.08219351505433231,0.7383160916426913,12979.041544068205,-7.275957614183426e-12,adaptive_issuance
2032Q1,2032-03-31,2032,1,2032,37903.323994075035,25487.079284311665,0.017581469158450158,0.01968526656714742,0.02257678241908323,192.24275,886.7938118821401,279.4793138807263,452.19338789606024,85.99336719898051,46.010138560300156,23.11760434607298,5.6120176762582625,21.318173803731817,0.0,913.7240033621301,1105.96675336213,-11.316,0.0,49178.55064847905,50273.20140184119,1.326353367047697,0.02028769297701183,0.09642679396719522,0.11671448694420704,49690.437364846555,582.7640369946275,14144.161865490732,23256.537047214002,7239.002343682771,30495.539390896774,3905.6031869867516,1145.132921472301,0.28464554983967605,18.221692317276055,17385.272363651282,22352.570357494256,0.34987159070470314,0.4498364583385124,14178.678297335624,14178.678297335624,0,0.0,0.0,0.0,0.0,0.0,0.0,0.0,0.0,0.0,0.0,0.0,none,1120.1746503245552,15298.85294766018,1073.3325795583985,1073.3325795583985,0.0,15252.010876894023,0.4154110468670722,0.3902316343752471,0.10081089287379652,0.0702933619006643,0.0232530639832198,0.07368106778509265,0.07431890458857099,0.08206349423846929,0.7509532484597384,13892.765547430336,0.0,adaptive_issuance
2032Q2,2032-06-30,2032,2,2032,38254.66436095058,25598.362123215524,0.017579698909776065,0.01967074272996472,0.02256916678199805,192.24275,915.565284534687,288.36410003269197,466.2944787187143,88.52424977010568,48.76695234011302,23.615503673062523,5.6120176762582625,21.85246538041781,0.0,943.029767591363,1135.2725175913629,-11.316,0.0,50273.20140184119,51397.157919432546,1.3435527086181287,0.02010136575096831,0.09860546768294061,0.1187068334339089,50814.393882437915,582.7640369946275,14601.988063576124,23686.61291275986,7350.106437225986,31036.719349985848,4004.926251361422,1170.760217514528,0.2873592883417774,17.800264162437824,18629.00193233263,23682.38981087777,0.3666087600185082,0.4660567213626196,14569.137014535667,14569.137014535667,0,0.0,0.0,0.0,0.0,0.0,0.0,0.0,0.0,0.0,0.0,0.0,none,1145.132921472301,15714.269936007968,1102.1040522109454,1102.1040522109454,0.0,15671.241066746612,0.4154110468670722,0.3902316343752471,0.10081089287379652,0.0702933619006643,0.0232530639832198,0.07425380137535842,0.07503240225770272,0.08205363132835593,0.7619990147819349,14835.795315021698,-7.275957614183426e-12,adaptive_issuance
2032Q3,2032-09-30,2032,3,2032,38609.61597939811,25710.11770145202,0.017577617243731636,0.01971028327301072,0.022571739816290792,192.24275,943.5565416875112,297.4790018252046,480.38148316383734,91.12353003854919,50.44315857694566,24.129368082974416,5.6120176762582625,22.410727016967677,0.0,971.5792863807371,1163.8220363807372,-11.316,0.0,51397.157919432546,52549.66395581329,1.3610511947037627,0.019916566909402023,0.10065671587090291,0.12057328278030494,51966.89991881866,582.7640369946275,15071.442139098495,24127.61185233268,7464.032354395437,31591.644206728117,4106.775176941741,1197.0383960502998,0.2900200351116328,17.41904664581957,19921.502782762724,25080.94470479265,0.383349840261466,0.4826330749760608,15065.278755916543,15065.27875591654,0,0.0,0.0,0.0,0.0,0.0,0.0,0.0,0.0,0.0,0.0,0.0,none,1170.760217514528,16236.038973431068,1130.0953093637695,1130.0953093637695,0.0,16195.37406528031,0.4154110468670722,0.3902316343752471,0.10081089287379652,0.0702933619006643,0.0232530639832198,0.07485150255067338,0.07561346391205001,0.08194152679330467,0.7734063411874479,15807.374601402435,7.275957614183426e-12,adaptive_issuance
2032Q4,2032-12-31,2032,4,2033,38969.17761522756,25822.818758353802,0.017649746885700424,0.0197758101815233,0.02257356533731114,249.09275,972.7329307250765,306.8545619520454,494.46311685889407,93.78939650031434,52.96686445518668,24.658990958636178,5.6542680689403735,22.982495370278478,0.0,1001.3696941642953,1250.4624441642952,-14.7595,0.0,52549.66395581329,53785.366899977584,1.380202770277617,0.025568181341621612,0.1027858174531249,0.1283539987947465,53202.60286298295,582.7640369946275,15575.219610289123,24600.85373510585,7586.287785644673,32187.141520750523,4215.003869703432,1225.2378622398662,0.2927529626774327,17.380618965926246,20475.156996128873,25609.19655321695,0.38485254281374603,0.4813523244186083,16189.251566651104,16189.251566651104,0,0.0,0.0,0.0,0.0,0.0,0.0,0.0,0.0,0.0,0.0,0.0,none,1197.0383960502998,17386.289962701405,1212.7204487940169,1212.7204487940169,0.0,17401.97201544512,0.4154110468670722,0.3902316343752471,0.10081089287379652,0.0702933619006643,0.0232530639832198,0.0760730109606374,0.07622272865579527,0.08244892506231023,0.7969881671865336,16808.74429556673,0.0,adaptive_issuance
2033Q1,2033-03-31,2033,1,2033,39332.32559763485,25936.27619818781,0.017690923464234398,0.019759214646802636,0.022564008293708637,249.09275,1012.1156961549796,316.9557190693837,518.568749746141,96.65078486870271,54.70973179257815,25.230710678174447,5.6542680689403735,23.57826542195301,0.0,1041.348229645873,1290.440979645873,-14.7595,0.0,53785.366899977584,55061.04837962345,1.3998930280119108,0.025332115120594703,0.1059025332291556,0.1312346483497503,54478.284342628824,582.7640369946275,16095.357117295507,25089.464018798953,7712.5134286407365,32801.97744743969,4326.596679499812,1254.3530983938103,0.2954453744553959,17.406696407083693,21065.38510844153,26177.164355092023,0.38667489923059184,0.48050640123790755,16812.433921869902,16812.433921869902,0,0.0,0.0,0.0,0.0,0.0,0.0,0.0,0.0,0.0,0.0,0.0,none,1225.2378622398662,18037.671784109767,1252.10321422392,1252.10321422392,0.0,18064.537136093822,0.4154110468670722,0.3902316343752471,0.10081089287379652,0.0702933619006643,0.0232530639832198,0.07736665741103596,0.07744472444205318,0.08237930712814798,0.8216835600947751,17850.0925252126,-7.275957614183426e-12,adaptive_issuance
2033Q2,2033-06-30,2033,2,2033,39698.94284544474,26050.395473087516,0.017716447921211298,0.01974238719039123,0.022564493843014066,249.09275,1054.0074305087417,327.4198021585839,543.7688721764964,99.60572717124057,57.395306354730685,25.8177226476906,5.6542680689403735,24.203019734551198,0.0,1083.8647183122332,1332.9574683122332,-14.7595,0.0,55061.04837962345,56379.24634793568,1.4201699669291048,0.025098174625935377,0.10920842124506108,0.13430659587099647,55796.48231094106,582.7640369946275,16632.896913524866,25594.42178245573,7842.962214781035,33437.383997236764,4441.758954452366,1284.4424457270504,0.2980993823380035,17.394629134696736,21689.029922038844,26736.572121455512,0.3887167976140652,0.4791802460316172,17305.475116812257,17305.475116812253,0,0.0,0.0,0.0,0.0,0.0,0.0,0.0,0.0,0.0,0.0,0.0,none,1254.3530983938103,18559.828215206064,1293.9949485776822,1293.9949485776822,0.0,18599.470065389934,0.4154110468670722,0.3902316343752471,0.10081089287379652,0.0702933619006643,0.0232530639832198,0.07857028817987771,0.07873912685711529,0.0823994138763279,0.8448990051574137,18933.957243524834,0.0,adaptive_issuance
2033Q3,2033-09-30,2033,3,2033,40068.93751717752,26165.27113091945,0.017756007302464516,0.019698696995388953,0.022564267205522626,249.09275,1096.309654452841,338.1883764942443,569.7709073518158,102.65985937675032,59.2598968030826,26.430614426948377,5.6542680689403735,24.846991019056105,0.0,1126.8109135408374,1375.9036635408374,-14.7595,0.0,56379.24634793568,57740.39051147652,1.441026243501547,0.024866419269861016,0.11248722660118199,0.137353645871043,57157.62647448189,582.7640369946275,17188.00952088765,26115.887212099926,7977.675525887686,34093.56273798761,4560.53876622633,1315.515449380295,0.30071244348400755,17.422664784326027,22350.374618869817,27243.921332633377,0.3910304887983439,0.4766454279692049,17919.860944672535,17919.86094467254,0,0.0,0.0,0.0,0.0,0.0,0.0,0.0,0.0,0.0,0.0,0.0,none,1284.4424457270504,19204.30339039959,1336.2971725217815,1336.2971725217815,0.0,19256.15811719432,0.4154110468670722,0.3902316343752471,0.10081089287379652,0.0702933619006643,0.0232530639832198,0.07977205915640821,0.07994508522422598,0.08232413493040144,0.8684559824439798,20060.76815706567,0.0,adaptive_issuance
2033Q4,2033-12-31,2033,4,2034,40442.305229569334,26280.714075950556,0.017765412373738743,0.019681678339410258,0.022563340221916306,228.68725,1140.2299597880894,349.3892635358436,596.0461632598481,105.8145083395903,61.9198718590555,27.060152793752668,5.687777001067564,25.51040036195678,0.0,1171.4281371511138,1400.1153871511137,-17.2085,0.0,57740.39051147652,59123.297398627634,1.4619170955517076,0.022618616688822736,0.1158616582810048,0.1384802749698275,58540.53336163301,582.7640369946275,17751.887016478417,26645.586261634875,8114.515877704655,34760.10213933953,4681.465129076848,1347.079076738201,0.3032409511340882,17.366485224840623,22888.86577532881,27638.504862954585,0.39099175325126073,0.47212594890822496,18355.009560883867,18355.009560883867,0,0.0,0.0,0.0,0.0,0.0,0.0,0.0,0.0,0.0,0.0,0.0,none,1315.515449380295,19670.525010264162,1357.396486789157,1357.396486789157,0.0,19712.406047673023,0.4154110468670722,0.3902316343752471,0.10081089287379652,0.0702933619006643,0.0232530639832198,0.08003182318343094,0.08115138306300716,0.08228341136456978,0.8734101283442208,21232.196294216785,0.0,adaptive_issuance
2034Q1,2034-03-31,2034,1,2034,40816.72980870861,26395.211542316374,0.01754105922100746,0.019664438509282567,0.022572136924965847,228.68725,1171.625175213855,360.7183441748415,610.2989752760689,109.01965148002327,63.88552306980065,27.702681213121075,5.687777001067564,26.196953676907277,0.0,1203.50990589183,1432.1971558918299,-17.2085,0.0,59123.297398627634,60538.286054519456,1.4831733541182195,0.022411129071022006,0.11794280546552267,0.14035393453654466,59955.52201752483,582.7640369946275,18328.806431375822,27187.53671739699,8254.521209220662,35442.05792661765,4805.284920482188,1379.3727390491692,0.30570672749739985,17.378066558873307,23443.69004080422,28015.64189896824,0.3910180288973499,0.4672737548808156,19059.947182863267,19059.947182863263,0,0.0,0.0,0.0,0.0,0.0,0.0,0.0,0.0,0.0,0.0,0.0,none,1347.079076738201,20407.026259601465,1388.7917022149227,1388.7917022149227,0.0,20448.738885078186,0.4154110468670722,0.3902316343752471,0.10081089287379652,0.0702933619006643,0.0232530639832198,0.08034265069106426,0.08142373371210285,0.08223619264374174,0.8794314556344198,22435.706200108616,-7.275957614183426e-12,adaptive_issuance
2034Q2,2034-06-30,2034,2,2034,41196.0201454162,26511.221774546648,0.017696739357757174,0.019646981729401825,0.022559374014152977,228.68725,1204.610376409559,372.34970265339933,624.9153612471355,112.2996263841145,66.68578261005901,28.35990351485093,5.687777001067564,26.87475745309503,0.0,1237.1729108637217,1465.8601608637216,-17.2085,0.0,60538.286054519456,61986.93771538319,1.5046826731460454,0.02220479057858171,0.12012547877165551,0.1423302693502372,61404.17367838856,582.7640369946275,18919.428263233054,27742.3590421319,8397.85180832083,36140.21085045273,4932.101156348732,1412.433408354041,0.3081130667489435,17.35780430645974,23970.09201419373,28350.389488670568,0.3903658428780404,0.46170134357900494,19624.337531265097,19624.3375312651,0,0.0,0.0,0.0,0.0,0.0,0.0,0.0,0.0,0.0,0.0,0.0,none,1379.3727390491692,21003.71027031427,1421.7769034106266,1421.7769034106266,0.0,21046.11443467573,0.4154110468670722,0.3902316343752471,0.10081089287379652,0.0702933619006643,0.0232530639832198,0.08059407626360687,0.08174482572893133,0.08227117863629635,0.8843344951175618,23672.87911097234,1.4551915228366852e-11,adaptive_issuance
2034Q3,2034-09-30,2034,3,2034,41579.86765924117,26628.177485442204,0.01776333439337474,0.01968155262857385,0.022566712808094413,228.68725,1237.5821455184964,384.2535880262634,639.8794294771149,115.65822064752916,68.75480757535142,29.036099792238197,5.687777001067564,27.592907713981454,0.0,1270.8628302335455,1499.5500802335455,-17.2085,0.0,61986.93771538319,63469.279295616725,1.5264425518562372,0.02199980547068182,0.12225751564662278,0.1442573211173046,62886.5152586221,582.7640369946275,19523.74693221289,28310.04799421443,8544.506320904497,36854.55431511893,5061.953238974643,1446.2607723156425,0.3104599905388472,17.38375023795984,24420.072230788734,28605.05033197971,0.3883196919142471,0.4548677918364668,20313.456490230263,20313.456490230266,0,0.0,0.0,0.0,0.0,0.0,0.0,0.0,0.0,0.0,0.0,0.0,none,1412.433408354041,21725.889898584308,1454.748672519564,1454.748672519564,0.0,21768.20516274983,0.4154110468670722,0.3902316343752471,0.10081089287379652,0.0702933619006643,0.0232530639832198,0.08089907558872016,0.08200842803809989,0.0822096109799545,0.8901075396722263,24943.741941205884,-7.275957614183426e-12,adaptive_issuance
2034Q4,2034-12-31,2034,4,2035,41967.153813296354,26745.511387803872,0.0177423648279893,0.01968916041410429,0.02257322550837304,189.9905,1272.25717349312,396.4784908259133,655.231025081136,119.09543578620887,71.72794727684472,29.724274523017243,5.709630652454863,28.327477174181414,0.0,1306.2942813197565,1496.2847813197563,-17.416,0.0,63469.279295616725,64948.148076936486,1.54759477771302,0.01810849511932408,0.12450634962105878,0.14261484474038286,64365.38403994186,582.7640369946275,20126.317813891932,28876.095098059963,8690.736684925732,37566.8317829857,5192.244140992989,1479.9903020712427,0.31268853769912364,17.271316260260985,24880.81500514071,29104.32426048813,0.38655583861196186,0.4521735509637832,20664.619695092468,20664.619695092468,0,0.0,0.0,0.0,0.0,0.0,0.0,0.0,0.0,0.0,0.0,0.0,none,1446.2607723156425,22110.88046740811,1450.5413041455752,1450.5413041455752,0.0,22115.160999238044,0.4154110468670722,0.3902316343752471,0.10081089287379652,0.0702933619006643,0.0232530639832198,0.08112617467671492,0.08232608252792754,0.08211492728970435,0.8946990215894058,26250.03622252564,0.0,adaptive_issuance
2035Q1,2035-03-31,2035,1,2035,42358.31906225067,26863.318029498183,0.017735654711652504,0.019722056747187633,0.02256874260208286,189.9905,1305.8365959357063,408.614567416541,670.4252579238138,122.5234410947767,73.85952879301186,30.41380070756403,5.709630652454863,29.050882829618015,0.0,1340.5971094177794,1530.5876094177793,-17.416,0.0,64948.148076936486,66461.31968635427,1.5690263720966198,0.017941269078292365,0.12659587434974554,0.1445371434280379,65878.55564935964,582.7640369946275,20742.83795860104,29455.24595480664,8840.352220505592,38295.59817531223,5325.618859160946,1514.5006562854198,0.3148647955945687,17.22598300193393,25321.415309187112,29566.765757372388,0.3843650647710162,0.4488071340656326,21413.16686800468,21413.16686800468,0,0.0,0.0,0.0,0.0,0.0,0.0,0.0,0.0,0.0,0.0,0.0,none,1479.9903020712427,22893.157170075923,1484.1207265881615,1484.1207265881615,0.0,22897.28759459284,0.4154110468670722,0.3902316343752471,0.10081089287379652,0.0702933619006643,0.0232530639832198,0.08139893169544613,0.08256414688404852,0.08207514621249333,0.9002517088230529,27590.63333194342,0.0,adaptive_issuance
2035Q2,2035-06-30,2035,2,2035,42752.9723378467,26981.50286265861,0.017714424126451522,0.01972826196496369,0.022573755489187608,189.9905,1341.0351830336829,421.07961055960106,685.9053542069095,126.03155136528547,76.89946466686196,31.11920223502466,5.709630652454863,29.80368487383187,0.0,1376.5484985599696,1566.5389985599695,-17.416,0.0,66461.31968635427,68010.44268491425,1.5907769440560882,0.017775652976699592,0.12879090489260714,0.14656655786930672,67427.67864791962,582.7640369946275,21373.979985224763,30048.132413724252,8993.516157078695,39041.64857080295,5462.220606394388,1549.8294854975052,0.31699118839358453,17.135511679779043,25763.199134065046,30110.33243519428,0.38208640206331546,0.4465574529477486,21973.36245587413,21973.36245587413,0,0.0,0.0,0.0,0.0,0.0,0.0,0.0,0.0,0.0,0.0,0.0,none,1514.5006562854198,23487.86311215955,1519.319313686138,1519.319313686138,0.0,23492.681769560266,0.4154110468670722,0.3902316343752471,0.10081089287379652,0.0702933619006643,0.0232530639832198,0.08161392611036503,0.08284809901796761,0.08210546187421207,0.9045373037793423,28967.18183050339,0.0,adaptive_issuance
2035Q3,2035-09-30,2035,3,2035,43151.28712883536,27100.16043515168,0.017707331988727093,0.01973390522034224,0.022567910616891007,189.9905,1376.1958451766782,433.8383587500996,701.7506050808813,129.62362858776618,79.14200597838553,31.841246779546243,5.709630652454863,30.560298285776113,0.0,1412.4657741149092,1602.4562741149093,-17.416,0.0,68010.44268491425,69595.48295902915,1.6128251922414325,0.017611571996242123,0.1309315080125195,0.14854308000876162,69012.71892203452,582.7640369946275,22019.728139317845,30654.739675295652,9150.224671396467,39804.96434669212,5602.050528188458,1585.975907836094,0.3190676803241749,17.05079769305512,26214.771163588764,30675.331796076905,0.3798542004004259,0.44448809256061383,22614.072367955938,22614.072367955938,0,0.0,0.0,0.0,0.0,0.0,0.0,0.0,0.0,0.0,0.0,0.0,none,1549.8294854975052,24163.901853453444,1554.479975829133,1554.479975829133,0.0,24168.55234378507,0.4154110468670722,0.3902316343752471,0.10081089287379652,0.0702933619006643,0.0232530639832198,0.08182896340985657,0.083073464506545,0.08202384216251757,0.9088111319792316,30379.647604618298,-1.4551915228366852e-11,adaptive_issuance
2035Q4,2035-12-31,2035,4,2036,43553.56087408408,27219.290746977385,0.01769999094559438,0.019764486694536787,0.022571471840996393,242.76275,1412.262718396724,446.8903825874557,717.3899784866317,133.29922679108952,82.10322044482416,32.57991008672296,5.7387688543045945,31.34753030029926,0.0,1449.349017551328,1692.111767551328,-16.55475,0.0,69595.48295902915,71271.03997658048,1.6363998384111293,0.02229555931849903,0.13310957712426605,0.1554051364427651,70688.27593958584,582.7640369946275,22702.750923685566,31296.36223076091,9315.97889787781,40612.34112863872,5748.975071016599,1624.2088162449588,0.3211671330488893,16.874432055312486,26936.43234985047,31307.713139956395,0.38105940471474864,0.4428982419476989,23020.17865065697,23020.178650656973,0,0.0,0.0,0.0,0.0,0.0,0.0,0.0,0.0,0.0,0.0,0.0,none,1585.975907836094,24606.154558493068,1644.2094872510288,1644.2094872510288,0.0,24664.388137908,0.4154110468670722,0.3902316343752471,0.10081089287379652,0.0702933619006643,0.0232530639832198,0.08199747371577211,0.08330132680619859,0.08184898393001136,0.9122487676016757,31828.996622169627,0.0,adaptive_issuance
2036Q1,2036-03-31,2036,1,2036,43959.12371141258,27338.799250269203,0.017678326506116004,0.019743412449576114,0.022574269177581208,242.76275,1449.5380389543743,460.6955731188894,732.5675130190592,137.18782094434184,85.72588278641275,33.36124908567146,5.7387688543045945,32.17363324245177,0.0,1487.4504410511308,1730.213191051131,-16.55475,0.0,71271.03997658048,72984.6984176316,1.6602855620318804,0.022089862536270204,0.13534850701902976,0.15743836955529997,72401.93438063697,582.7640369946275,23401.258287988447,31952.530795489238,9485.490882706728,41438.02167819597,5899.345924384815,1663.308490067746,0.32321316395997884,16.765709584989487,27656.670649091615,31942.593660546285,0.3819880074431832,0.4411842574897964,23815.89510835817,23815.89510835817,0,0.0,0.0,0.0,0.0,0.0,0.0,0.0,0.0,0.0,0.0,0.0,none,1624.2088162449588,25440.10392460313,1681.484807808679,1681.484807808679,0.0,25497.37991616685,0.4154110468670722,0.3902316343752471,0.10081089287379652,0.0702933619006643,0.0232530639832198,0.08221872510238763,0.08348133780788966,0.08181545106824575,0.9167784845650396,33316.44706322076,-1.4551915228366852e-11,adaptive_issuance
2036Q2,2036-06-30,2036,2,2036,44368.391695384074,27458.59139716061,0.017642589134278408,0.019772661061247865,0.022576315037704076,242.76275,1488.7005726934217,474.8115306632856,748.0816392688204,141.4689440839383,90.1741022913857,34.16435638599151,5.7387688543045945,33.018137705436146,0.0,1527.4574792531625,1770.2202292531626,-16.55475,0.0,72984.6984176316,74738.36389688477,1.6844956745335502,0.021886098704385192,0.1377068152246838,0.159592913929069,74155.59985989014,582.7640369946275,24116.034201429833,32623.981819764835,9658.95087752908,42282.932697293916,6053.3141483730815,1703.3188127933124,0.32520853781770703,16.59610013836803,28473.397385093187,32708.94197560609,0.38396826994712374,0.4410852590688564,24443.0537054591,24443.0537054591,0,0.0,0.0,0.0,0.0,0.0,0.0,0.0,0.0,0.0,0.0,0.0,none,1663.308490067746,26106.362195526846,1720.6473415477265,1720.6473415477265,0.0,26163.701047006827,0.4154110468670722,0.3902316343752471,0.10081089287379652,0.0702933619006643,0.0232530639832198,0.08238423931924736,0.08371384755268976,0.08182228605190225,0.9201025229193014,34843.90454247392,0.0,adaptive_issuance
2036Q3,2036-09-30,2036,3,2036,44780.96019760952,27578.572639785074,0.01759302613883751,0.01977588746711989,0.022577621701592054,242.76275,1527.832382241307,489.31433394701133,763.9502699399576,145.53961651243182,94.04625172416358,34.98191011774266,5.7387688543045945,33.88182934491164,0.0,1567.4529804405233,1810.2157304405234,-16.55475,0.0,74738.36389688477,76532.0248773253,1.709030457131884,0.02168446133613357,0.14001066288205194,0.16169512421818552,75949.26084033067,582.7640369946275,24847.06590084131,33310.703314036364,9836.35578501172,43147.059099048085,6210.896770451201,1744.239069990075,0.327153492027759,16.42488573563577,29318.153769012864,33436.895277065625,0.3860228979798616,0.44025307036707756,25162.028286076104,25162.028286076107,0,0.0,0.0,0.0,0.0,0.0,0.0,0.0,0.0,0.0,0.0,0.0,none,1703.3188127933124,26865.34709886942,1759.7791510956117,1759.7791510956117,0.0,26921.80743717172,0.4154110468670722,0.3902316343752471,0.10081089287379652,0.0702933619006643,0.0232530639832198,0.08254174610401434,0.08389014148627129,0.08180274642606919,0.9233385607039784,36411.35752291445,0.0,adaptive_issuance
2026Q4,2026-12-31,2026,4,2027,32494.749328920883,24334.483486635447,-0.02,0.02374108660242924,0.02771554138299126,194.872,262.77373580186674,55.91196830625741,138.7066086465815,45.90202768161394,6.830451248587104,15.422679918826764,4.968063415379199,15.669722733652822,0.0,283.41152195089876,478.2835219508988,5.538,-13.395883219566299,32215.665354410852,32686.090993142185,1.005888387144781,0.023988121653434096,0.03488705440772952,0.05887517606116361,32103.326956147557,582.7640369946275,7012.954073758901,16540.09845566361,5471.904233479008,22012.002689142617,2333.4554051875534,744.9147880584759,0.2184494486611448,24.206969095203682,10502.209063008855,13497.459260133564,0.32713771620476106,0.42043802122349494,7665.516018009889,7665.51601800989,2,0.0,32.0,18.6041167804337,32.0,-13.395883219566299,0.0,0.0,0.5813786493885531,0.0,32.0,18.6041167804337,bill,734.0288243174178,8399.544842327308,468.151799217246,468.151799217246,0.0,8152.271934007569,0.4154110468670722,0.3902316343752471,0.10081089287379652,0.0702933619006643,0.0232530639832198,0.0461011331663635,0.03518928059787473,0.08372688358091386,0.27410866660604016,283.41152195089876,0.0,adaptive_plus_one_quarter_long_end_capacity
2027Q1,2027-03-31,2027,1,2027,32517.71732280901,24211.887731116716,-0.02,0.023296209984862815,0.026152401325720165,194.872,370.02802742868454,145.13308455644045,154.12896774412795,46.74509209721329,8.418975029950598,15.601908000952285,4.968063415379199,15.10898639416756,0.0,390.10507723823133,584.9770772382313,5.538,0.0,32686.090993142185,33276.60607038041,1.023337700492251,0.02397117830448822,0.04798677267110611,0.07195795097559433,32693.842033385787,582.7640369946275,7251.984120330124,16764.640114923157,5529.911435262019,22294.551550185177,2389.011620165268,758.2947427052073,0.2218149862266006,24.187531766253116,10626.534776850933,13454.69092526236,0.32503169147264777,0.41153593730351146,7932.668027445972,7932.668027445973,0,0.0,0.0,0.0,0.0,0.0,0.0,0.0,0.0,0.0,0.0,0.0,none,744.9147880584759,8677.58281550445,575.4060908440638,575.4060908440638,0.0,8508.074118290036,0.4154110468670722,0.3902316343752471,0.10081089287379652,0.0702933619006643,0.0232530639832198,0.04830960279550752,0.04773958162449938,0.08360232092462039,0.31213684732372765,673.5165991891301,-7.275957614183426e-12,adaptive_plus_one_quarter_long_end_capacity
2027Q2,2027-06-30,2027,2,2027,32535.292940369363,24089.909606100784,-0.02,0.022616048740021766,0.02507028033791192,194.872,394.8974297019189,149.82599192602018,170.77002704903182,48.14448217236758,10.297542122581442,15.859386431917818,4.968063415379199,14.834552300478755,0.0,414.7000454177769,609.572045417777,5.538,0.0,33276.60607038041,33891.71611579819,1.041690824112599,0.023958229035424532,0.050984639502442905,0.07494286853786744,33308.952078803566,582.7640369946275,7501.345191334629,16998.886601677732,5590.425743693432,22589.312345371163,2446.0415549435425,772.2529871542226,0.22520507921076788,24.116975706762066,10790.320953718363,13433.872430431418,0.323946575328765,0.40331116988156995,8154.19462351842,8154.194623518419,0,0.0,0.0,0.0,0.0,0.0,0.0,0.0,0.0,0.0,0.0,0.0,none,758.2947427052073,8912.489366223626,600.2754931172981,600.2754931172981,0.0,8754.470116635717,0.4154110468670722,0.3902316343752471,0.10081089287379652,0.0702933619006643,0.0232530639832198,0.050449992505258265,0.04984883909623253,0.08358583487501618,0.34887460918125596,1088.216644606907,0.0,adaptive_plus_one_quarter_long_end_capacity
2027Q3,2027-09-30,2027,3,2027,32549.94864533719,23968.546000000006,-0.02,0.022248000239960097,0.024382592342289344,194.872,420.16111582131043,154.7527512972334,187.86747978062053,49.54357298330186,11.878989901547605,16.118321858606965,4.968063415379199,14.775784585469628,0.0,439.9049638221593,634.7769638221594,5.538,0.0,33891.71611579819,34532.031079620356,1.0608935656359968,0.023947441776122815,0.054059067019164235,0.07800650879528706,33949.267042625725,582.7640369946275,7761.201076637712,17242.99177795702,5653.486906879824,22896.478684836846,2504.78859143814,786.7986897130241,0.22861174195286663,24.081182399238976,10898.215238052817,13357.12307847669,0.32101474309796824,0.39344363640327995,8438.391775856084,8438.391775856084,0,0.0,0.0,0.0,0.0,0.0,0.0,0.0,0.0,0.0,0.0,0.0,none,772.2529871542226,9210.644763010307,625.5391792366897,625.5391792366897,0.0,9063.930955092774,0.4154110468670722,0.3902316343752471,0.10081089287379652,0.0702933619006643,0.0232530639832198,0.05264636556312636,0.05191887744121676,0.08352117793388009,0.38578034128813815,1528.1216084290663,7.275957614183426e-12,adaptive_plus_one_quarter_long_end_capacity
2027Q4,2027-12-31,2027,4,2028,32727.07720050504,23968.546000000006,0.0,0.021945305341696475,0.024162847358085493,215.4585,446.89102519778373,159.91954818412003,206.00279908058968,51.06894100986203,13.506786223041125,16.392950700170857,5.137064986107641,14.995506644689586,0.0,467.023596828581,682.482096828581,2.14175,0.0,34532.031079620356,35216.65492644893,1.0760708849950547,0.026333973997124935,0.05708100286100391,0.08341497685812885,34633.890889454306,582.7640369946275,8039.372086445362,17504.301939570963,5720.9927377473605,23225.294677318325,2566.8545253383168,802.3696003522974,0.23212442725842491,23.88611806548995,11040.894207191273,13472.915517901198,0.31878873333729657,0.38900958488621834,8494.67821453539,8494.678214535392,0,0.0,0.0,0.0,0.0,0.0,0.0,0.0,0.0,0.0,0.0,0.0,none,786.7986897130241,9281.476904248417,669.6283401838913,669.6283401838913,0.0,9164.306554719284,0.4154110468670722,0.3902316343752471,0.10081089287379652,0.0702933619006643,0.0232530639832198,0.0544427259996235,0.05409743733309711,0.0832572967240465,0.41617001011218535,1995.1452052576474,-7.275957614183426e-12,adaptive_plus_one_quarter_long_end_capacity
2028Q1,2028-03-31,2028,1,2028,32903.007321605444,23968.546000000006,0.0,0.0216767083117837,0.023850744937782276,215.4585,471.462842466275,165.49047439947776,221.47330099570829,52.81452059840371,14.983223241352116,16.701323231333074,5.137064986107641,15.170330541715868,0.0,491.7702379940985,707.2287379940985,2.14175,0.0,35216.65492644893,35926.02541444304,1.0918766501581318,0.026193168046195123,0.05978422983496494,0.08597739788116007,35343.261377448405,582.7640369946275,8327.750500587943,17775.200801597166,5790.9756754532655,23566.17647705043,2630.8225187793314,818.511881030699,0.23562484547341914,23.718874968749887,11161.891150460458,13547.57962049557,0.31581384160496756,0.3833143601495678,8844.840594178604,8844.840594178604,0,0.0,0.0,0.0,0.0,0.0,0.0,0.0,0.0,0.0,0.0,0.0,none,802.3696003522974,9647.210194530902,694.2001574523825,694.2001574523825,0.0,9539.040751630986,0.4154110468670722,0.3902316343752471,0.10081089287379652,0.0702933619006643,0.0232530639832198,0.05630923815650817,0.05585655298848523,0.08315624107907245,0.4476463114023348,2486.9154432517457,7.275957614183426e-12,adaptive_plus_one_quarter_long_end_capacity
2028Q2,2028-06-30,2028,2,2028,33078.45806907888,23968.546000000006,0.0,0.02150065998978512,0.023590801926968608,215.4585,497.62267006814886,171.26018904459104,237.87290475181078,54.43987432662335,17.026701099387747,17.023000845735943,5.137064986107641,15.380400687420595,0.0,518.140135741677,733.598635741677,2.14175,0.0,35926.02541444304,36661.765800184716,1.108327532184925,0.026054237419416662,0.06265589945693686,0.08871013687635351,36079.001763190085,582.7640369946275,8626.99599610048,18056.308055903413,5863.59580873714,23919.903864640553,2696.8394445949284,835.2624578541169,0.2391140434739591,23.553648184431196,11276.650299228473,13676.128878292675,0.3125543875422178,0.37906062279821345,9144.938141550316,9144.938141550316,0,0.0,0.0,0.0,0.0,0.0,0.0,0.0,0.0,0.0,0.0,0.0,none,818.511881030699,9963.450022581015,720.3599850542564,720.3599850542564,0.0,9865.298126604572,0.4154110468670722,0.3902316343752471,0.10081089287379652,0.0702933619006643,0.0232530639832198,0.058116364456131706,0.0576896697883394,0.08308870831608996,0.47849850919828957,3005.055578993423,0.0,adaptive_plus_one_quarter_long_end_capacity
2028Q3,2028-09-30,2028,3,2028,33251.27226160394,23968.546000000006,0.0,0.02106182624872388,0.023346411992499982,215.4585,524.2910914503661,177.2632002298744,254.67784667379703,56.128292425473425,18.862910090868006,17.358842030353184,5.137064986107641,15.604422786524001,0.0,545.0325792229977,760.4910792229977,2.14175,0.0,36661.765800184716,37424.398629407704,1.125502757758312,0.025918827803626053,0.06556532032037285,0.0914841481239989,36841.63459241308,582.7640369946275,8937.319848457697,18347.82217187186,5938.90440939209,24286.72658126395,2764.9550055051664,852.6331571862669,0.24258749502656946,23.36440205309889,11402.382101866817,13848.930603750821,0.30949718241369634,0.37590434726809807,9411.71527043877,9411.71527043877,0,0.0,0.0,0.0,0.0,0.0,0.0,0.0,0.0,0.0,0.0,0.0,none,835.2624578541169,10246.977728292886,747.0284064364737,747.0284064364737,0.0,10158.743676875243,0.4154110468670722,0.3902316343752471,0.10081089287379652,0.0702933619006643,0.0232530639832198,0.05983236162879313,0.059466047783246885,0.08307271278398773,0.5076113356630293,3550.0881582164207,-1.4551915228366852e-11,adaptive_plus_one_quarter_long_end_capacity
2028Q4,2028-12-31,2028,4,2029,33567.27804848896,24072.26500958159,0.01742186418178404,0.020775810233577552,0.02309377715644856,173.80475,551.1871303267176,183.5055197884577,271.3751126782436,57.98997119440271,20.60733599085476,17.709190674758766,5.268186894431433,15.826902016234365,0.0,572.2822192373834,746.0869692373834,-2.42575,0.0,37424.398629407704,38168.05984864509,1.1370615095305066,0.020711211644737323,0.06819524876705275,0.08890646041179008,37585.29581165046,582.7640369946275,9239.670264120316,18631.84614703546,6012.278036775344,24644.124183810804,2831.9438285855513,869.5575351337934,0.2458320485336252,23.030444898177066,11677.896927417307,13920.71446723879,0.31070387169328767,0.37037661049680315,9534.880848946877,9534.880848946876,0,0.0,0.0,0.0,0.0,0.0,0.0,0.0,0.0,0.0,0.0,0.0,none,852.6331571862669,10387.514006133142,727.834317221149,727.834317221149,0.0,10262.715166168025,0.4154110468670722,0.3902316343752471,0.10081089287379652,0.0702933619006643,0.0232530639832198,0.06115406121862122,0.061166751124512656,0.0828230169775375,0.5303714631732246,4122.370377453804,7.275957614183426e-12,adaptive_plus_one_quarter_long_end_capacity
2029Q1,2029-03-31,2029,1,2029,33886.340980372326,24177.969524360276,0.017680562926939647,0.020522825130940392,0.02297286568423096,173.80475,574.7379592428607,189.59803381974888,285.12435493209347,59.80833940334569,22.157390552132817,18.049840535539694,5.268186894431433,16.12619928671704,0.0,596.1323454240091,769.9370954240092,-2.42575,0.0,38168.05984864509,38935.571194069096,1.149004881247621,0.020516201510298364,0.07036845267764984,0.09088465418794821,38352.80715707447,582.7640369946275,9551.803954277577,18925.060400657898,6088.025844249552,25013.08624490745,2900.88741587648,887.0295420129648,0.249050973378768,22.73266469595428,11943.277032888189,14058.994252114559,0.31140555068040593,0.3665701494687402,9877.913507391453,9877.913507391453,0,0.0,0.0,0.0,0.0,0.0,0.0,0.0,0.0,0.0,0.0,0.0,none,869.5575351337934,10747.471042525247,751.3851461372922,751.3851461372922,0.0,10629.298653528745,0.4154110468670722,0.3902316343752471,0.10081089287379652,0.0702933619006643,0.0232530639832198,0.06247382335254165,0.06247447187915379,0.0827405841501036,0.5534256957003783,4718.5027228778135,0.0,adaptive_plus_one_quarter_long_end_capacity
2029Q2,2029-06-30,2029,2,2029,34205.573087708595,24282.728560473675,0.01744428695602207,0.020418069374665837,0.022841686194156274,173.80475,599.1367970727191,195.88361959234717,298.9630095264297,61.687399741602896,24.201340363280575,18.40142784905895,5.268186894431433,16.425259252386653,0.0,620.8302432195372,794.6349932195373,-2.42575,0.0,38935.571194069096,39727.78043728863,1.1614417432919544,0.02032472890360137,0.0725998937807741,0.09292462268437546,39145.01640029401,582.7640369946275,9874.07319120008,19227.79585264354,6166.233320350472,25394.02917299401,2971.8451394706094,905.0688966293103,0.25224342966748425,22.42285009229005,12278.566984330711,14154.393369585843,0.31366871478021635,0.36158864323478823,10185.10030210045,10185.100302100449,0,0.0,0.0,0.0,0.0,0.0,0.0,0.0,0.0,0.0,0.0,0.0,none,887.0295420129648,11072.129844113413,775.7839839671506,775.7839839671506,0.0,10960.8842860676,0.4154110468670722,0.3902316343752471,0.10081089287379652,0.0702933619006643,0.0232530639832198,0.0636562573461235,0.06378026305304142,0.08264308814482967,0.5757750183554038,5339.33296609735,0.0,adaptive_plus_one_quarter_long_end_capacity
2029Q3,2029-09-30,2029,3,2029,34528.19057048822,24389.00036245153,0.017620997896754975,0.020285549943514614,0.02275805762511629,173.80475,623.0938368753973,202.36913005364562,312.31883451350467,63.51100256558608,26.12826617105219,18.766603571608723,5.268186894431433,16.765941429802695,0.0,645.1279651996315,818.9327151996315,-2.42575,0.0,39727.78043728863,40544.28740248828,1.1742372459315058,0.02013482283645105,0.0747363768029052,0.09487119963935625,39961.523365493646,582.7640369946275,10206.294447106848,19539.880099426173,6246.855927024512,25786.736026450686,3044.8275661110724,923.6653258250359,0.25540303741072784,22.093950765940427,12657.942271832117,14351.914236814988,0.31675324676841815,0.3591433215783689,10473.938652621366,10473.938652621366,0,0.0,0.0,0.0,0.0,0.0,0.0,0.0,0.0,0.0,0.0,0.0,none,905.0688966293103,11379.007549250677,799.7410237698288,799.7410237698288,0.0,11273.679676391195,0.4154110468670722,0.3902316343752471,0.10081089287379652,0.0702933619006643,0.0232530639832198,0.06485525266747957,0.06495484601441386,0.08264909789608962,0.596643799705926,5984.460931296982,1.4551915228366852e-11,adaptive_plus_one_quarter_long_end_capacity
2029Q4,2029-12-31,2029,4,2030,34855.54358176037,24497.541313226066,0.017920813193843088,0.020183196343088072,0.022686563355431177,192.2015,648.0791408729326,209.07594174898352,326.23374728318186,65.48062869567835,28.143550104050465,19.14527304103843,5.3789120614604125,17.124166043905074,0.0,670.5822189782981,862.7837189782981,-5.94,0.0,40544.28740248828,41401.13112146656,1.1877918651405408,0.02205692182641243,0.07695558870345186,0.09901251052986429,40818.36708447194,582.7640369946275,10555.123225666073,19867.565232984613,6331.508804919414,26199.074037904025,3120.978442584458,943.19137831738,0.25858759131208453,21.730948465516736,12801.863457758052,14536.760289947833,0.3136299752330886,0.35613282275267416,10776.683588820935,10776.683588820933,0,0.0,0.0,0.0,0.0,0.0,0.0,0.0,0.0,0.0,0.0,0.0,none,923.6653258250359,11700.348914645969,839.7195529343929,839.7195529343929,0.0,11616.403141755327,0.4154110468670722,0.3902316343752471,0.10081089287379652,0.0702933619006643,0.0232530639832198,0.06591845930078019,0.06615799777870983,0.08259442900291472,0.616296586106817,6655.043150275281,-7.275957614183426e-12,adaptive_plus_one_quarter_long_end_capacity
2030Q1,2030-03-31,2030,1,2030,35185.787659983565,24607.027742665883,0.017997333864965714,0.02008187040489151,0.022638322874940497,192.2015,672.8286919539898,216.14253585357704,339.73750916322217,67.45621523355061,29.951864323350073,19.54056738029029,5.3789120614604125,17.515427916312795,0.0,695.723031931763,887.924531931763,-5.94,0.0,41401.13112146656,42283.11565339833,1.2017100785692083,0.021849901654307863,0.07909136935115443,0.1009412710054623,41700.3516164037,582.7640369946275,10914.233241149372,20204.908424311467,6418.6567071570225,26623.565131468487,3199.260310081271,963.2929337045681,0.2617300050979913,21.383472220941577,13033.925827209694,14783.703400088258,0.3125615329843533,0.35452227204417097,11146.352875205146,11146.352875205146,0,0.0,0.0,0.0,0.0,0.0,0.0,0.0,0.0,0.0,0.0,0.0,none,943.19137831738,12089.544253522527,864.4691040154502,864.4691040154502,0.0,12010.821979220596,0.4154110468670722,0.3902316343752471,0.10081089287379652,0.0702933619006643,0.0232530639832198,0.06701197411989228,0.06721778010273051,0.08255104662262155,0.6357089729460419,7350.766182207044,7.275957614183426e-12,adaptive_plus_one_quarter_long_end_capacity
2030Q2,2030-06-30,2030,2,2030,35516.65777720346,24716.041432773058,0.017838848225115722,0.01995316485744958,0.022612820884429397,192.2015,698.7799293135076,223.3870688632245,353.83579416885055,69.49068301128757,32.11417838078911,19.952204889355862,5.3789120614604125,17.934700748760996,0.0,722.093542123729,914.295042123729,-5.94,0.0,42283.11565339833,43191.47069552206,1.2160905163560947,0.02164634985709331,0.08132449248501172,0.10297084234210503,42608.70665852743,582.7640369946275,11284.123687311683,20552.378609407195,6508.420776804025,27060.79938621122,3279.7856501300166,983.9979348745204,0.26483140588481935,21.094286922457762,13162.620776182062,14933.632129327398,0.3089185710720882,0.3504831125011085,11560.425971518674,11560.425971518674,0,0.0,0.0,0.0,0.0,0.0,0.0,0.0,0.0,0.0,0.0,0.0,none,963.2929337045681,12523.718905223242,890.420341374968,890.420341374968,0.0,12450.846312893642,0.4154110468670722,0.3902316343752471,0.10081089287379652,0.0702933619006643,0.0232530639832198,0.06814852069547922,0.06831034383018024,0.08256390513105996,0.6557232427452883,8072.859724330773,7.275957614183426e-12,adaptive_plus_one_quarter_long_end_capacity
2030Q3,2030-09-30,2030,3,2030,35850.49897484923,24825.52786221287,0.017837173553037378,0.019938881222312688,0.022609552821165613,192.2015,726.1128480511975,230.90138095161532,368.99999018671593,71.72379553049817,34.11400414079092,20.373677241576946,5.3789120614604125,18.383481856164323,0.0,749.8752419688221,942.0767419688221,-5.94,0.0,43191.47069552206,44127.60743749088,1.2308784730848075,0.02144477823138118,0.08366692385452086,0.10511170208590204,43544.843400496255,582.7640369946275,11665.36852986075,20910.514964054168,6600.940302393819,27511.455266447985,3362.6810940347937,1005.3385101527286,0.26789322498121115,20.78627385830085,13362.074432000158,15129.762411187561,0.3068577904645278,0.34745244740081294,11931.234357994113,11931.234357994115,0,0.0,0.0,0.0,0.0,0.0,0.0,0.0,0.0,0.0,0.0,0.0,none,983.9979348745204,12915.232292868635,917.7532601126578,917.7532601126578,0.0,12848.987618106774,0.4154110468670722,0.3902316343752471,0.10081089287379652,0.0702933619006643,0.0232530639832198,0.06930263765046323,0.06944660414599557,0.08252387745276527,0.6751241905362786,8822.734966299595,0.0,adaptive_plus_one_quarter_long_end_capacity
2030Q4,2030-12-31,2030,4,2031,36186.034286952054,24935.10883951922,0.01777342391157455,0.019839987430776862,0.02260563078501021,184.328,754.6419157253642,238.61511327830166,384.7583975126916,73.88505164827576,36.5728461259338,20.810507160161485,5.499835599136797,18.844875661855838,0.0,778.9866269863569,963.3146269863569,-9.2495,0.0,44127.60743749088,45081.67256447724,1.245830703828542,0.0203755955724018,0.0861090906849932,0.10648468625739499,44498.908527482614,582.7640369946275,12053.869353514749,21275.467491229356,6695.220690963499,27970.688182192855,3447.265745279834,1027.08524649518,0.2708801126227682,20.28591273492655,13791.513041241064,16273.335329985337,0.30992924315713044,0.36570189850690143,12029.569962465,12029.569962465,0,0.0,0.0,0.0,0.0,0.0,0.0,0.0,0.0,0.0,0.0,0.0,none,1005.3385101527286,13034.90847261773,935.220251324501,935.220251324501,0.0,12964.790213789502,0.4154110468670722,0.3902316343752471,0.10081089287379652,0.0702933619006643,0.0232530639832198,0.07002806439065987,0.07061217883519592,0.08237574072158281,0.6875186925522395,9601.72159328595,0.0,adaptive_plus_one_quarter_long_end_capacity
2031Q1,2031-03-31,2031,1,2031,36524.98226400305,25045.446199757793,0.01781775002184327,0.01982598390139856,0.02258993228072148,184.328,779.2515704548532,246.50162827937663,397.5106972712258,76.08791292720632,37.893235087710416,21.258096889333988,5.499835599136797,19.305594007890697,0.0,804.0570000618807,988.3850000618806,-9.2495,0.0,45081.67256447724,46060.80806453912,1.2610768085145394,0.020186512197889632,0.08805556637921368,0.10824207857710332,45478.04402754449,582.7640369946275,12452.59329960296,21650.023484191042,6791.982000799774,28442.005484990816,3534.0410102370593,1049.4042327136615,0.2738154985746716,19.88882035482483,14205.267602630847,17443.394551260026,0.3123544098340554,0.38355639351365156,12518.412655858472,12518.41265585847,0,0.0,0.0,0.0,0.0,0.0,0.0,0.0,0.0,0.0,0.0,0.0,none,1027.08524649518,13545.49790235365,959.8299060539899,959.8299060539899,0.0,13478.24256191246,0.4154110468670722,0.3902316343752471,0.10081089287379652,0.0702933619006643,0.0232530639832198,0.07086383519591095,0.0713422510144798,0.08231801352577314,0.7016095897995579,10405.778593347832,-7.275957614183426e-12,adaptive_plus_one_quarter_long_end_capacity
2031Q2,2031-06-30,2031,2,2031,36866.39910685036,25155.878107862893,0.017754036595319045,0.019811706497828263,0.02259593162071094,184.328,805.9043686211381,254.62440149363152,410.6536647057479,78.50777955945976,40.406349287453295,21.712173574845654,5.499835599136797,19.796770696400486,0.0,831.2009749166754,1015.5289749166753,-9.2495,0.0,46060.80806453912,47067.087539455795,1.2766933760750718,0.019999566485000043,0.09018520875961819,0.11018477524461824,46484.32350246117,582.7640369946275,12862.389112479364,22034.98024214183,6891.430203016777,28926.41044515861,3623.18096666996,1072.3429781532352,0.27670380341876655,19.42769798681356,14636.544983856029,18660.79849253682,0.3148705602455649,0.40144283247552903,12856.587854159456,12856.587854159454,0,0.0,0.0,0.0,0.0,0.0,0.0,0.0,0.0,0.0,0.0,0.0,none,1049.4042327136615,13905.992086873115,986.4827042202749,986.4827042202749,0.0,13843.070558379728,0.4154110468670722,0.3902316343752471,0.10081089287379652,0.0702933619006643,0.0232530639832198,0.0715662825429388,0.07218292599226829,0.0823510803419604,0.7140045019100975,11236.979568264507,0.0,adaptive_plus_one_quarter_long_end_capacity
2031Q3,2031-09-30,2031,3,2031,37209.60057628394,25265.93182450188,0.017614655473791707,0.019797160110517797,0.022579104221777335,184.328,831.8888392723783,262.9072334590782,424.1744022680135,80.83262990678776,41.80924428007139,22.165329358427375,5.499835599136797,20.28112038380184,0.0,857.6697952553169,1041.997795255317,-9.2495,0.0,47067.087539455795,48099.835834711106,1.2926727266556097,0.019815101172301647,0.09219876397189436,0.11201386514419602,47517.07179771648,582.7640369946275,13282.979161511288,22430.076962543237,6993.497922920985,29423.574885464222,3714.631808589549,1095.8859421514323,0.27954119769959446,19.02761890334254,15053.762606111539,19901.138936255487,0.31680745543825733,0.4188208191989615,13328.46109687993,13328.46109687993,0,0.0,0.0,0.0,0.0,0.0,0.0,0.0,0.0,0.0,0.0,0.0,none,1072.3429781532352,14400.804075033166,1012.467174871515,1012.467174871515,0.0,14340.928271751445,0.4154110468670722,0.3902316343752471,0.10081089287379652,0.0702933619006643,0.0232530639832198,0.07235300329035664,0.07288913252058286,0.08219768333592346,0.7273084219728203,12094.649363519824,-7.275957614183426e-12,adaptive_plus_one_quarter_long_end_capacity
2031Q4,2031-12-31,2031,4,2032,37555.06036168092,25376.26918474045,0.017582923791722438,0.019727225080271582,0.0225727995952707,192.24275,859.7292576670861,271.2384344780605,438.1239388621579,83.21897319814813,44.51512670843723,22.63278442028246,5.6120176762582625,20.787268056099904,0.0,886.1285433994443,1078.3712933994443,-11.316,0.0,48099.835834711106,49166.891128110554,1.3091948369833457,0.020475829158421884,0.09438179940230908,0.11485762856073096,48584.12709111593,582.7640369946275,13717.61045722271,22838.36384406753,7098.973136741151,29937.336980808683,3808.964773596202,1120.2148794883378,0.28234757478499817,18.582046259595835,16202.544427877488,21099.78443574346,0.33349460817708665,0.43429378480285086,13687.426226500416,13687.426226500416,0,0.0,0.0,0.0,0.0,0.0,0.0,0.0,0.0,0.0,0.0,0.0,none,1095.8859421514323,14783.312168651848,1046.2680253433443,1046.2680253433443,0.0,14733.69425184376,0.4154110468670722,0.3902316343752471,0.10081089287379652,0.0702933619006643,0.0232530639832198,0.07299994273816877,0.07369077486621875,0.08219278175904833,0.7389119424456935,12980.777906919267,0.0,adaptive_plus_one_quarter_long_end_capacity
2032Q1,2032-03-31,2032,1,2032,37903.323994075035,25487.079284311665,0.017581469158450158,0.01968526656714742,0.02257678241908323,192.24275,886.8989195633831,279.87354735348634,452.2091173389145,85.68551107333273,46.012309222208536,23.11843457544055,5.6120176762582625,21.31888975266979,0.0,913.829826992311,1106.072576992311,-11.316,0.0,49166.891128110554,50261.64770510286,1.3260485469021042,0.02028769297701183,0.09643796170859938,0.1167256546856112,49678.88366810824,582.7640369946275,14163.528330625499,23257.253187159047,7207.187348436163,30464.44053559521,3905.7392071758204,1145.1755947117208,0.28510158209770503,18.201496742640636,17404.6568372708,22372.008018908997,0.3503431549216525,0.450332341772625,14198.004989261106,14198.004989261106,0,0.0,0.0,0.0,0.0,0.0,0.0,0.0,0.0,0.0,0.0,0.0,none,1120.2148794883378,15318.219868749444,1073.4376872396413,1073.4376872396413,0.0,15271.442676500747,0.4154110468670722,0.3902316343752471,0.10081089287379652,0.0702933619006643,0.0232530639832198,0.07370682621619991,0.07434513804106196,0.08206287506148693,0.7515394651218036,13894.607733911578,0.0,adaptive_plus_one_quarter_long_end_capacity
2032Q2,2032-06-30,2032,2,2032,38254.66436095058,25598.362123215524,0.017579698909776065,0.01967074272996472,0.02256916678199805,192.24275,915.6723870848587,288.75893384062704,466.3111675338135,88.21664148487905,48.769260523596486,23.616383701942468,5.6120176762582625,21.85322643481333,0.0,943.1376311959302,1135.38038119593,-11.316,0.0,50261.64770510286,51385.712086298794,1.3432535076363672,0.02010136575096831,0.09861674616166932,0.11871811191263762,50802.94804930417,582.7640369946275,14621.399020293378,23687.370847508108,7318.302239083089,31005.673086591196,4005.0705612032066,1170.8053812163998,0.28780611326144573,17.781038727109532,18648.43293864244,23701.903339018656,0.36707383438740937,0.4665458255693351,14588.507440566573,14588.507440566573,0,0.0,0.0,0.0,0.0,0.0,0.0,0.0,0.0,0.0,0.0,0.0,none,1145.1755947117208,15733.683035278293,1102.2111547611169,1102.2111547611169,0.0,15690.71859532769,0.4154110468670722,0.3902316343752471,0.10081089287379652,0.0702933619006643,0.0232530639832198,0.07427912285119002,0.0750582342011185,0.08205296589147225,0.7625752781989537,14837.745365107508,0.0,adaptive_plus_one_quarter_long_end_capacity
2032Q3,2032-09-30,2032,3,2032,38609.61597939811,25710.11770145202,0.017577617243731636,0.01971028327301072,0.022571739816290792,192.24275,943.6656820002723,297.8744515409269,480.3991497683574,90.81617435156389,50.44560743255396,24.130298906870006,5.6120176762582625,22.411534544564205,0.0,971.6892342210948,1163.9319842210948,-11.316,0.0,51385.712086298794,52538.328070519885,1.3607575920608497,0.019916566909402023,0.10066810659184831,0.12058467350125034,51955.56403352526,582.7640369946275,15090.898433907329,24128.412377083554,7432.239158784918,31560.65153586847,4106.927966150624,1197.086097598848,0.2904577924352752,17.400768919714334,19940.981200519676,25100.535399531247,0.38380838648296456,0.48311544425414527,15084.693749601229,15084.693749601229,0,0.0,0.0,0.0,0.0,0.0,0.0,0.0,0.0,0.0,0.0,0.0,none,1170.8053812163998,16255.499130817629,1130.2044496765307,1130.2044496765307,0.0,16214.898199277759,0.4154110468670722,0.3902316343752471,0.10081089287379652,0.0702933619006643,0.0232530639832198,0.074876399487872,0.07563886495056907,0.08194095691234672,0.7739728129566025,15809.434599328602,-7.275957614183426e-12,adaptive_plus_one_quarter_long_end_capacity
2032Q4,2032-12-31,2032,4,2033,38969.17761522756,25822.818758353802,0.017649746885700424,0.0197758101815233,0.02257356533731114,249.09275,972.8442012689217,307.2506921143533,494.48178006947546,93.48229827258669,52.96945720196978,24.659973610536266,5.6542680689403735,22.98335041520653,0.0,1001.4818197530685,1250.5745697530685,-14.7595,0.0,52538.328070519885,53774.143140272965,1.3799147539428758,0.025568181341621612,0.10279732660940018,0.12836550795102178,53191.379103278334,582.7640369946275,15594.722128111061,24601.69768114291,7554.505807317029,32156.203488459938,4215.165335537851,1225.2881511694898,0.2931813837319724,17.363347905982405,20494.68374088259,25628.86580030309,0.38530085300268974,0.48182367579793606,16208.711976145756,16208.711976145756,0,0.0,0.0,0.0,0.0,0.0,0.0,0.0,0.0,0.0,0.0,0.0,none,1197.086097598848,17405.798073744605,1212.831719337862,1212.831719337862,0.0,17421.54369548362,0.4154110468670722,0.3902316343752471,0.10081089287379652,0.0702933619006643,0.0232530639832198,0.07609759667572237,0.07624771145429855,0.08244777915006259,0.7975469314914335,16810.91641908167,1.4551915228366852e-11,adaptive_plus_one_quarter_long_end_capacity
2033Q1,2033-03-31,2033,1,2033,39332.32559763485,25936.27619818781,0.017690923464234398,0.019759214646802636,0.022564008293708637,249.09275,1012.2291917438295,317.3525953070601,518.5884292319255,96.34394918148077,54.71247177040552,25.231746252957716,5.6542680689403735,23.579168643970892,0.0,1041.4626284567407,1290.5553784567408,-14.7595,0.0,53774.143140272965,55049.939018729696,1.3996105793968099,0.025332115120594703,0.10591416730460163,0.13124628242519634,54467.17498173507,582.7640369946275,16114.906782438826,25090.35225440514,7680.7428919047425,32771.09514630988,4326.767026542751,1254.406026443623,0.29586456040436776,17.390410847057307,21084.98796138007,26196.913628233076,0.38711366925952506,0.4809669977746763,16831.942335627205,16831.942335627202,0,0.0,0.0,0.0,0.0,0.0,0.0,0.0,0.0,0.0,0.0,0.0,none,1225.2881511694898,18057.230486796692,1252.21670981277,1252.21670981277,0.0,18084.15904543997,0.4154110468670722,0.3902316343752471,0.10081089287379652,0.0702933619006643,0.0232530639832198,0.07739094180508586,0.07746939831212374,0.08237824416297516,0.8222346997183351,17852.379047538412,-7.275957614183426e-12,adaptive_plus_one_quarter_long_end_capacity
2033Q2,2033-06-30,2033,2,2033,39698.94284544474,26050.395473087516,0.017716447921211298,0.01974238719039123,0.022564493843014066,249.09275,1054.123248115464,327.81749122176177,543.7895884810943,99.29915933167914,57.39819704165337,25.81881203927587,5.6542680689403735,24.203972657401955,0.0,1083.9814888418064,1333.0742388418064,-14.7595,0.0,55049.939018729696,56368.25375757151,1.4198930681107418,0.025098174625935377,0.10922018685101464,0.13431836147695003,55785.48972057688,582.7640369946275,16652.49469058144,25595.355213755884,7811.203353721386,33406.55856747727,4441.9383956270985,1284.4980668910825,0.29850942913635564,17.379287055095265,21708.710220926492,26756.402947749233,0.38914617994146744,0.4796301526036428,17325.030783959515,17325.030783959515,0,0.0,0.0,0.0,0.0,0.0,0.0,0.0,0.0,0.0,0.0,0.0,none,1254.406026443623,18579.43681040314,1294.1107661844046,1294.1107661844046,0.0,18619.14155014392,0.4154110468670722,0.3902316343752471,0.10081089287379652,0.0702933619006643,0.0232530639832198,0.07859424045924579,0.07876350151617804,0.08239831607054411,0.8454420682093,18936.36053638022,7.275957614183426e-12,adaptive_plus_one_quarter_long_end_capacity
2033Q3,2033-09-30,2033,3,2033,40068.93751717752,26165.27113091945,0.017756007302464516,0.019698696995388953,0.022564267205522626,249.09275,1096.427795774045,338.58684829624707,569.7926818005986,102.35356489396128,59.26294181178661,26.431758971451245,5.6542680689403735,24.847994804561452,0.0,1126.930058647547,1376.022808647547,-14.7595,0.0,56368.25375757151,57729.51706621905,1.440754875056781,0.024866419269861016,0.1124991206132614,0.13736553988312242,57146.75302922443,582.7640369946275,17207.65637515414,26116.866745880932,7945.928574760112,34062.795320641046,4560.727515737215,1315.5738176920283,0.3011134572484682,17.40824017535494,22370.13375011795,27263.835269311116,0.39145065230001835,0.4770845905342792,17939.464832052105,17939.46483205211,0,0.0,0.0,0.0,0.0,0.0,0.0,0.0,0.0,0.0,0.0,0.0,none,1284.4980668910825,19223.96289894319,1336.4153138429856,1336.4153138429856,0.0,19275.880145895095,0.4154110468670722,0.3902316343752471,0.10081089287379652,0.0702933619006643,0.0232530639832198,0.07979567872430297,0.07996913038989967,0.08232312903116329,0.8689909150815441,20063.290595027767,-7.275957614183426e-12,adaptive_plus_one_quarter_long_end_capacity
2033Q4,2033-12-31,2033,4,2034,40442.305229569334,26280.714075950556,0.017765412373738743,0.019681678339410258,0.022563340221916306,228.68725,1140.3505732908768,349.7886349659458,596.0690173134764,105.50849275763565,61.92307482389411,27.061353429925024,5.687777001067564,25.51145617484153,0.0,1171.5498064667859,1400.2370564667858,-17.2085,0.0,57729.51706621905,59112.54562268584,1.461651240875997,0.022618616688822736,0.11587369214653065,0.13849230883535338,58529.78158569121,582.7640369946275,17771.58397492637,26646.6128626202,8082.78108573199,34729.39394835219,4681.663412729219,1347.1402496834319,0.3036331845678883,17.35292387642621,22908.70523610919,27658.503562424867,0.3914025409879487,0.472554361439588,18374.662633819833,18374.662633819833,0,0.0,0.0,0.0,0.0,0.0,0.0,0.0,0.0,0.0,0.0,0.0,none,1315.5738176920283,19690.23645151186,1357.5171002919444,1357.5171002919444,0.0,19732.179734111778,0.4154110468670722,0.3902316343752471,0.10081089287379652,0.0702933619006643,0.0232530639832198,0.08005493574660548,0.08117509835552246,0.08228243762771462,0.8739336043120681,21234.84040149455,0.0,adaptive_plus_one_quarter_long_end_capacity
2034Q1,2034-03-31,2034,1,2034,40816.72980870861,26395.211542316374,0.01754105922100746,0.019664438509282567,0.022572136924965847,228.68725,1171.7482658928886,361.1185863705038,610.3229317612902,108.71392069587446,63.88888783048003,27.70393923473974,5.687777001067564,26.198063249981672,0.0,1203.634106143938,1432.321356143938,-17.2085,0.0,59112.54562268584,60527.65847882978,1.4829129810863895,0.022411129071022006,0.11795497696997098,0.14036610604099298,59944.89444183515,582.7640369946275,18348.55452305161,27188.61135225917,8222.798826129254,35411.410178388425,4805.49296616528,1379.4367742298352,0.30609036338958456,17.365360030477245,23463.584552682518,28035.698523549498,0.3914192321324272,0.4676911817861767,19079.678998110026,19079.67899811003,0,0.0,0.0,0.0,0.0,0.0,0.0,0.0,0.0,0.0,0.0,0.0,none,1347.1402496834319,20426.81924779346,1388.9147928939562,1388.9147928939562,0.0,20468.593791003987,0.4154110468670722,0.3902316343752471,0.10081089287379652,0.0702933619006643,0.0232530639832198,0.08036527974754468,0.08144694791706043,0.08223529446524816,0.8799439037579003,22438.47450763849,0.0,adaptive_plus_one_quarter_long_end_capacity
2034Q2,2034-06-30,2034,2,2034,41196.0201454162,26511.221774546648,0.017696739357757174,0.019646981729401825,0.022559374014152977,228.68725,1204.7360579244237,372.750885135793,624.9404533856091,111.99418630903136,66.68931301582532,28.361220078165424,5.687777001067564,26.875921000598403,0.0,1237.2997559260898,1465.9870059260898,-17.2085,0.0,60527.65847882978,61976.43698475587,1.5044277764208216,0.02220479057858171,0.12013779501598401,0.14234258559456572,61393.67294776124,582.7640369946275,18939.228564398505,27743.482721897024,8366.142095295152,36109.624817192176,4932.319200155538,1412.5003660150132,0.30848827990000777,17.345913398233396,23990.042842765255,28370.505424992993,0.3907575763251361,0.46210796752839567,19644.120958980682,19644.120958980682,0,0.0,0.0,0.0,0.0,0.0,0.0,0.0,0.0,0.0,0.0,0.0,none,1379.4367742298352,21023.557733210517,1421.9025849254913,1421.9025849254913,0.0,21066.023543906173,0.4154110468670722,0.3902316343752471,0.10081089287379652,0.0702933619006643,0.0232530639832198,0.08061622067271018,0.0817675612783765,0.08227025248753002,0.8848359381199467,23675.77426356458,7.275957614183426e-12,adaptive_plus_one_quarter_long_end_capacity
2034Q3,2034-09-30,2034,3,2034,41579.86765924117,26628.177485442204,0.01776333439337474,0.01968155262857385,0.022566712808094413,228.68725,1237.710473417482,384.6557321429337,639.9056798867397,115.35307746376127,68.75850764969361,29.037476274353637,5.687777001067564,27.594127571897587,0.0,1270.9923779904473,1499.6796279904472,-17.2085,0.0,61976.43698475587,63458.908112746314,1.5261931238648976,0.02199980547068182,0.122269978192965,0.14426978366364682,62876.14407575169,582.7640369946275,19543.6005422052,28311.22175158531,8512.809544728896,36824.031296314206,5062.181523238808,1446.3307139934607,0.31082695717885517,17.372650223697313,24440.080646210645,28625.226960062602,0.3887019632877903,0.4552637153699439,20333.292656869275,20333.292656869275,0,0.0,0.0,0.0,0.0,0.0,0.0,0.0,0.0,0.0,0.0,0.0,none,1412.5003660150132,21745.79302288429,1454.8770004185496,1454.8770004185496,0.0,21788.169657287825,0.4154110468670722,0.3902316343752471,0.10081089287379652,0.0702933619006643,0.0232530639832198,0.08092075721514747,0.08203068390672855,0.08220876115767452,0.8905983503867109,24946.766641555027,0.0,adaptive_plus_one_quarter_long_end_capacity
2034Q4,2034-12-31,2034,4,2035,41967.153813296354,26745.511387803872,0.0177423648279893,0.01968916041410429,0.02257322550837304,189.9905,1272.3882541914795,396.8816680108321,655.2584572395772,118.79059580986466,71.73182113185516,29.72571199935061,5.709630652454863,28.328754688409024,0.0,1306.4266395323434,1496.4171395323433,-17.416,0.0,63458.908112746314,64937.90925227865,1.5473508053744767,0.01810849511932408,0.12451896503102208,0.14262746015034614,64355.14521528403,582.7640369946275,20146.22587625437,28877.320007265997,8659.053123112373,37536.37313037837,5192.482916874352,1480.063291776927,0.31304763292601107,17.260947265782846,24900.88230619305,29124.56299379411,0.38692916040968256,0.45255997630593753,20684.50974910504,20684.50974910504,0,0.0,0.0,0.0,0.0,0.0,0.0,0.0,0.0,0.0,0.0,0.0,none,1446.3307139934607,22130.840463098502,1450.6723848439344,1450.6723848439344,0.0,22135.182133948972,0.4154110468670722,0.3902316343752471,0.10081089287379652,0.0702933619006643,0.0232530639832198,0.08114739942521156,0.0823478801249614,0.08211415692115935,0.8951795090724551,26253.19328108737,-7.275957614183426e-12,adaptive_plus_one_quarter_long_end_capacity
2035Q1,2035-03-31,2035,1,2035,42358.31906225067,26863.318029498183,0.017735654711652504,0.019722056747187633,0.02256874260208286,189.9905,1305.9704395711171,409.0187508526544,670.4538964959293,122.21891089611931,73.86358068039877,30.415300646015847,5.709630652454863,29.052218793406237,0.0,1340.7322890169783,1530.7227890169784,-17.416,0.0,64937.90925227865,66451.21604129564,1.5687878440982879,0.017941269078292365,0.1266086396909764,0.14454990876926876,65868.45200430101,582.7640369946275,20762.801621088183,29456.52309403327,8808.682151588624,38265.205245621895,5325.8683793251985,1514.5767582657222,0.3152161769299275,17.216327432867274,25341.541084377215,29571.07415869384,0.38472956799899427,0.4489413863371639,21433.11370503601,21433.11370503601,0,0.0,0.0,0.0,0.0,0.0,0.0,0.0,0.0,0.0,0.0,0.0,none,1480.063291776927,22913.176996812934,1484.2545702235723,1484.2545702235723,0.0,22917.36827525958,0.4154110468670722,0.3902316343752471,0.10081089287379652,0.0702933619006643,0.0232530639832198,0.08141971855197055,0.08258549155368333,0.08207442699334841,0.9007222250979566,27593.925570104348,1.4551915228366852e-11,adaptive_plus_one_quarter_long_end_capacity
2035Q2,2035-06-30,2035,2,2035,42752.9723378467,26981.50286265861,0.017714424126451522,0.01972826196496369,0.022573755489187608,189.9905,1341.1718994442683,421.48487290809004,685.9352241707469,125.72733754131622,76.9036988836498,31.120765940464924,5.709630652454863,29.80508125996868,0.0,1376.6866113566919,1566.677111356692,-17.416,0.0,66451.21604129564,68000.47715265234,1.590543848397074,0.017775652976699592,0.12880382682894698,0.1465794798056466,67417.71311565771,582.7640369946275,21394.00044121915,30049.46290401924,8961.859870665148,39011.32277468439,5462.481133200904,1549.9087665532504,0.3173350066697888,17.126535056856852,25783.38469781034,30114.712051537572,0.38244229159149823,0.44668842444825463,21993.365561604627,21993.365561604627,0,0.0,0.0,0.0,0.0,0.0,0.0,0.0,0.0,0.0,0.0,0.0,none,1514.5767582657222,23507.942319870348,1519.4560300967235,1519.4560300967235,0.0,23512.82159170135,0.4154110468670722,0.3902316343752471,0.10081089287379652,0.0702933619006643,0.0232530639832198,0.08163427441213461,0.08286900937982292,0.08210472518412776,0.9049978454083314,28970.612181461038,0.0,adaptive_plus_one_quarter_long_end_capacity
2035Q3,2035-09-30,2035,3,2035,43151.28712883536,27100.16043515168,0.017707331988727093,0.01973390522034224,0.022567910616891007,189.9905,1376.3354970149667,434.24472395564567,701.7817324871445,129.3197379979584,79.14642696538193,31.842875608836525,5.709630652454863,30.561755893861296,0.0,1412.606883561283,1602.597383561283,-17.416,0.0,68000.47715265234,69585.65853621361,1.6125975183186083,0.017611571996242123,0.13094458845166862,0.14855616044791076,69002.89449921898,582.7640369946275,22039.80660822857,30656.124662155737,9118.58246340943,39774.70712556517,5602.322329200268,1586.0584362249704,0.3194040883093394,17.04247431418822,26235.01784516047,30679.78423578588,0.38020170074832754,0.44461590283191865,22634.132967447415,22634.132967447415,0,0.0,0.0,0.0,0.0,0.0,0.0,0.0,0.0,0.0,0.0,0.0,none,1549.9087665532504,24184.041734000664,1554.6196276674216,1554.6196276674216,0.0,24188.752595114835,0.4154110468670722,0.3902316343752471,0.10081089287379652,0.0702933619006643,0.0232530639832198,0.08184888178177027,0.0830939394963457,0.08202318459381158,0.9092618974468287,30383.21906502232,-1.4551915228366852e-11,adaptive_plus_one_quarter_long_end_capacity
2035Q4,2035-12-31,2035,4,2036,43553.56087408408,27219.290746977385,0.01769999094559438,0.019764486694536787,0.022571471840996393,242.76275,1412.405369601153,447.2978751139989,717.4223898977442,132.99566641077556,82.10783275248298,32.581605426151455,5.7387688543045945,31.3490512238273,0.0,1449.493189679285,1692.2559396792851,-16.55475,0.0,69585.65853621361,71261.35972589291,1.6361775775788736,0.02229555931849903,0.13312281802811535,0.1554183773466144,70678.59568889828,582.7640369946275,22722.88865148246,31297.802884633642,9284.351070686062,40582.15395531971,5749.258420384675,1624.2946617114194,0.3214960403500436,16.866729523448576,26956.741509901007,31312.2400177023,0.38139894047350453,0.443022950760475,23040.297996848254,23040.297996848254,0,0.0,0.0,0.0,0.0,0.0,0.0,0.0,0.0,0.0,0.0,0.0,none,1586.0584362249704,24626.356433073226,1644.3521384554579,1644.3521384554579,0.0,24684.650135303713,0.4154110468670722,0.3902316343752471,0.10081089287379652,0.0702933619006643,0.0232530639832198,0.0820169494120028,0.08332137513220159,0.0818484738474477,0.912689502816752,31832.712254701604,1.4551915228366852e-11,adaptive_plus_one_quarter_long_end_capacity
2036Q1,2036-03-31,2036,1,2036,43959.12371141258,27338.799250269203,0.017678326506116004,0.019743412449576114,0.022574269177581208,242.76275,1449.6837551887036,461.10421796020785,732.6012358730998,136.88459793748532,85.73069106635837,33.36301235155256,5.7387688543045945,32.17521898226373,0.0,1487.597743025272,1730.360493025272,-16.55475,0.0,71261.35972589291,72975.16546891817,1.6600687026427805,0.022089862536270204,0.13536191055956512,0.15745177309583533,72392.40143192354,582.7640369946275,23421.456547918788,31954.028312446244,9453.877745298667,41407.90605774491,5899.641102376697,1663.397723883127,0.32353473685969497,16.75861181186607,27661.051674159888,31947.196634967197,0.3820988270457062,0.44130593823454994,23836.074484837016,23836.074484837016,0,0.0,0.0,0.0,0.0,0.0,0.0,0.0,0.0,0.0,0.0,0.0,none,1624.2946617114194,25460.369146548437,1681.6305240430083,1681.6305240430083,0.0,25517.705008880024,0.4154110468670722,0.3902316343752471,0.10081089287379652,0.0702933619006643,0.0232530639832198,0.08223777501644204,0.08350094630511247,0.08181497572743157,0.9172095609341644,33320.30999772688,-1.4551915228366852e-11,adaptive_plus_one_quarter_long_end_capacity
2036Q2,2036-06-30,2036,2,2036,44368.391695384074,27458.59139716061,0.017642589134278408,0.019772661061247865,0.022576315037704076,242.76275,1488.8494211063207,475.2213533572723,748.116701465406,141.16606573613163,90.17911129895221,34.166189248559434,5.7387688543045945,33.01978979156715,0.0,1527.6079797521925,1770.3707297521926,-16.55475,0.0,72975.16546891817,74728.98144867037,1.6842842075892712,0.021886098704385192,0.13772038348742935,0.15960648219181453,74146.21741167574,582.7640369946275,24136.2942946352,32625.537422081285,9627.352745662425,42252.89016774371,6053.621441506451,1703.4115077903625,0.3255229347793335,16.589574717720577,28477.85181137226,32713.622760786657,0.3840769334632016,0.44120420302971886,24463.294403680742,24463.294403680742,0,0.0,0.0,0.0,0.0,0.0,0.0,0.0,0.0,0.0,0.0,0.0,none,1663.397723883127,26126.69212756387,1720.7961899606255,1720.7961899606255,0.0,26184.09059364137,0.4154110468670722,0.3902316343752471,0.10081089287379652,0.0702933619006643,0.0232530639832198,0.0824028680430848,0.08373303273442176,0.08182181689036798,0.9205239923772146,34847.91797747907,0.0,adaptive_plus_one_quarter_long_end_capacity
2036Q3,2036-09-30,2036,3,2036,44780.96019760952,27578.572639785074,0.01759302613883751,0.01977588746711989,0.022577621701592054,242.76275,1527.9844819216034,489.7254112381483,763.9867002143835,145.2370903071681,94.05146632065866,34.98381384124456,5.7387688543045945,33.88354933717518,0.0,1567.6068001130834,1810.3695501130835,-16.55475,0.0,74728.98144867037,76522.79624878344,1.7088243733743866,0.02168446133613357,0.140024402620716,0.16170886395684958,75940.03221178881,582.7640369946275,24867.389177934096,33312.31827045964,9804.772986449641,43117.09125690928,6211.216475174707,1744.3353017707225,0.32746087213370606,16.418909178210964,29322.683228934908,33441.655613535295,0.3861294547144385,0.4403692576830888,25182.33162768864,25182.33162768864,0,0.0,0.0,0.0,0.0,0.0,0.0,0.0,0.0,0.0,0.0,0.0,none,1703.4115077903625,26885.743135479002,1759.9312507759082,1759.9312507759082,0.0,26942.26287846455,0.4154110468670722,0.3902316343752471,0.10081089287379652,0.0702933619006643,0.0232530639832198,0.08255995935382558,0.08390890761383316,0.08180229715652838,0.9237506295317343,36415.52477759215,-1.4551915228366852e-11,adaptive_plus_one_quarter_long_end_capacity
2026Q4,2026-12-31,2026,4,2027,32494.749328920883,24334.483486635447,-0.02,0.02374108660242924,0.02771554138299126,194.872,262.77373580186674,55.91196830625741,138.7066086465815,45.90202768161394,6.830451248587104,15.422679918826764,4.968063415379199,15.669722733652822,0.0,283.41152195089876,478.2835219508988,5.538,-13.395883219566299,32215.665354410852,32686.090993142185,1.005888387144781,0.023988121653434096,0.03488705440772952,0.05887517606116361,32103.326956147557,582.7640369946275,7012.954073758901,16540.09845566361,5471.904233479008,22012.002689142617,2333.4554051875534,744.9147880584759,0.2184494486611448,24.206969095203682,10502.209063008855,13497.459260133564,0.32713771620476106,0.42043802122349494,7665.516018009889,7665.51601800989,2,0.0,32.0,18.6041167804337,32.0,-13.395883219566299,0.0,0.0,0.5813786493885531,0.0,32.0,18.6041167804337,bill,734.0288243174178,8399.544842327308,468.151799217246,468.151799217246,0.0,8152.271934007569,0.4154110468670722,0.3902316343752471,0.10081089287379652,0.0702933619006643,0.0232530639832198,0.0461011331663635,0.03518928059787473,0.08372688358091386,0.27410866660604016,283.41152195089876,0.0,adaptive_plus_sustained_long_end_capacity
2027Q1,2027-03-31,2027,1,2027,32517.71732280901,24211.887731116716,-0.02,0.023296209984862815,0.026152401325720165,194.872,370.02802742868454,145.13308455644045,154.12896774412795,46.74509209721329,8.418975029950598,15.601908000952285,4.968063415379199,15.10898639416756,0.0,390.10507723823133,584.9770772382313,5.538,-12.996831879529068,32686.090993142185,33263.60923850088,1.022938015860316,0.02397117830448822,0.04798677267110611,0.07195795097559433,32680.845201506258,582.7640369946275,7270.987288450595,16764.640114923157,5497.91143526202,22262.551550185177,2389.011620165268,758.2947427052073,0.22248467699101845,24.13850988647972,10645.537944971404,13473.694093382832,0.32574243044609974,0.41228107811489006,7932.668027445972,7932.668027445973,2,0.0,32.0,19.00316812047093,32.0,-12.996831879529068,0.0,0.0,0.5938490037647166,0.0,32.0,19.00316812047093,bill,744.9147880584759,8677.58281550445,575.4060908440638,575.4060908440638,0.0,8527.077286410507,0.4154110468670722,0.3902316343752471,0.10081089287379652,0.0702933619006643,0.0232530639832198,0.048337944681706775,0.04773958162449938,0.0836001763273918,0.3128424581519164,673.5165991891301,-7.275957614183426e-12,adaptive_plus_sustained_long_end_capacity
2027Q2,2027-06-30,2027,2,2027,32535.292940369363,24089.909606100784,-0.02,0.022616048740021766,0.02507028033791192,194.872,394.9720209543931,150.2185973793891,170.77002704903182,47.826467971472795,10.297542122581442,15.859386431917818,4.968063415379199,14.834552300478755,0.0,414.7746366702511,609.6466366702512,5.538,-13.511226610644666,33263.60923850088,33865.28264856049,1.0408783689339676,0.023958229035424532,0.05099381000570051,0.07495203904112505,33282.518611565865,582.7640369946275,7538.868118874732,16998.915709544093,5526.433263304195,22525.34897284829,2446.0467982134473,772.2547216293891,0.22651134689833638,24.02152067921207,10827.843881258466,13471.397092446688,0.3253312649691039,0.40475894416732333,8173.1977916388905,8173.19779163889,2,0.0,32.0,18.488773389355334,32.0,-13.511226610644666,0.0,0.0,0.5777741684173542,0.0,32.0,18.488773389355334,bill,758.2947427052073,8931.492534344097,600.3500843697723,600.3500843697723,0.0,8792.036649398018,0.4154110468670722,0.3902316343752471,0.10081089287379652,0.0702933619006643,0.0232530639832198,0.05050830199643707,0.049877285858706065,0.08358131351869076,0.35028040718771747,1088.2912358593812,0.0,adaptive_plus_sustained_long_end_capacity
2027Q3,2027-09-30,2027,3,2027,32549.94864533719,23968.546000000006,-0.02,0.022248000239960097,0.024382592342289344,194.872,420.31289593776984,155.52684929238578,187.86815275449084,48.92045694359797,11.879078916208796,16.118358031086558,4.968063415379199,14.775816258450197,0.0,440.0567756115993,634.9287756115993,5.538,-14.147279826205697,33865.28264856049,34491.60214434589,1.0596515072931412,0.023947441776122815,0.05407772287525717,0.07802516465137999,33908.83810735126,582.7640369946275,7816.639775488681,17243.080115226297,5557.509727579647,22800.589842805944,2504.804535515681,786.80395354095,0.23051924547641975,23.94224296720144,10953.653936903787,13412.567041155586,0.3230324171599702,0.3955478214468166,8475.914703396187,8475.914703396187,2,0.0,32.0,17.852720173794303,32.0,-14.147279826205697,0.0,0.0,0.557897505431072,0.0,32.0,17.852720173794303,bill,772.2547216293891,9248.169425025577,625.6909593531491,625.6909593531491,0.0,9119.45838292313,0.4154110468670722,0.3902316343752471,0.10081089287379652,0.0702933619006643,0.0232530639832198,0.0527361399092536,0.05197733385878647,0.08351453951491777,0.38787913785994416,1528.3480114709805,0.0,adaptive_plus_sustained_long_end_capacity
2027Q4,2027-12-31,2027,4,2028,32727.07720050504,23968.546000000006,0.0,0.021945305341696475,0.024162847358085493,215.4585,447.1199535190846,161.06186257394427,206.00484395550495,50.15312972749122,13.507056890118566,16.39306037202569,5.137064986107641,14.995602097663758,0.0,467.25262060285604,682.711120602856,2.14175,-14.049070684982631,34491.60214434589,35162.405944263766,1.0744132673027442,0.026333973997124935,0.057108994822873516,0.08344296881999845,34579.641907269135,582.7640369946275,8112.856813964958,17504.47961191322,5593.038636915659,23097.518248828877,2566.8866570101704,802.3801874651261,0.2346136734359739,23.70618264538979,11114.378934710869,13546.410832533624,0.3214139395808627,0.39174526066118615,8550.11691338636,8550.116913386362,2,0.0,32.0,17.95092931501737,32.0,-14.049070684982631,0.0,0.0,0.5609665410942928,0.0,32.0,17.95092931501737,bill,786.80395354095,9336.920866927312,669.8572685051922,669.8572685051922,0.0,9237.92511120657,0.4154110468670722,0.3902316343752471,0.10081089287379652,0.0702933619006643,0.0232530639832198,0.0545640626879569,0.05418740696908467,0.08325008852280245,0.4189556901240757,1995.6006320738366,0.0,adaptive_plus_sustained_long_end_capacity
2028Q1,2028-03-31,2028,1,2028,32903.007321605444,23968.546000000006,0.0,0.0216767083117837,0.023850744937782276,215.4585,471.77342464909043,167.00315751546867,221.4774182209789,51.6075366426632,14.983768667892981,16.7015436020866,5.137064986107641,15.170520442654185,0.0,492.0810100778523,707.5395100778522,2.14175,-14.460245203048316,35162.405944263766,35857.626959138564,1.0897978597717115,0.026193168046195123,0.05982201022150726,0.08601517826770239,35274.86292214393,582.7640369946275,8418.904002174191,17775.499672932223,5631.052884688724,23406.552557620947,2630.8766722179,818.5296901308966,0.23866581766046188,23.50031379130399,11253.044652046709,13638.750931182018,0.319010301383271,0.38664220924924525,8918.3253216982,8918.325321698201,2,0.0,32.0,17.539754796951684,32.0,-14.460245203048316,0.0,0.0,0.5481173374047401,0.0,32.0,17.539754796951684,bill,802.3801874651261,9720.705509163326,694.510739635198,694.510739635198,0.0,9630.37581613035,0.4154110468670722,0.3902316343752471,0.10081089287379652,0.0702933619006643,0.0232530639832198,0.05646336829318849,0.055978081915993363,0.08314787686169864,0.4511110976777047,2487.6816421516887,-1.4551915228366852e-11,adaptive_plus_sustained_long_end_capacity
2028Q2,2028-06-30,2028,2,2028,33078.45806907888,23968.546000000006,0.0,0.02150065998978512,0.023590801926968608,215.4585,498.01903873257993,173.13476080471224,237.87983682368932,52.95344959250026,17.027620281180667,17.023371230497304,5.137064986107641,15.380717281025005,0.0,518.5368209997125,733.9953209997125,2.14175,-14.679365201953399,35857.626959138564,36579.08466493632,1.1058279859522764,0.026054237419416662,0.06270386847135792,0.08875810589077458,35996.32062794169,582.7640369946275,8735.63478840661,18056.761602830207,5671.712976251566,23728.474579081772,2696.9217767130754,835.2894837402295,0.2426813250914785,23.298980180304472,11385.290826009772,13784.79469648492,0.31629040489132887,0.3829501031220576,9236.091643136564,9236.091643136566,2,0.0,32.0,17.3206347980466,32.0,-14.679365201953399,0.0,0.0,0.5412698374389563,0.0,32.0,17.3206347980466,bill,818.5296901308966,10054.621333267463,720.7563537186875,720.7563537186875,0.0,9974.1686316533,0.4154110468670722,0.3902316343752471,0.10081089287379652,0.0702933619006643,0.0232530639832198,0.058304577298642205,0.057843964029254846,0.08307906952643944,0.48263453371717385,3006.218463151401,0.0,adaptive_plus_sustained_long_end_capacity
2028Q3,2028-09-30,2028,3,2028,33251.27226160394,23968.546000000006,0.0,0.02106182624872388,0.023346411992499982,215.4585,524.7835597929359,179.49545581478463,254.68837495318346,54.376017844707036,18.864307484429467,17.359403695831322,5.137064986107641,15.604899175722121,0.0,545.5255239547656,760.9840239547656,2.14175,-14.068105123271623,36579.08466493632,37328.14233376781,1.1226079423394435,0.025918827803626053,0.06562461967323847,0.09154344747686452,36745.37829677319,582.7640369946275,9064.095112430292,18348.46789552485,5715.071223079843,24063.53911860469,2765.0724312679417,852.6716344702589,0.24667306563629143,23.075569010466477,11529.162629667337,13975.744345007408,0.3137581694370466,0.38034019495275395,9520.3540627449,9520.3540627449,2,0.0,32.0,17.93189487672838,32.0,-14.068105123271623,0.0,0.0,0.5603717148977618,0.0,32.0,17.93189487672838,bill,835.2894837402295,10355.64354648513,747.5208747790434,747.5208747790434,0.0,10285.806832400673,0.4154110468670722,0.3902316343752471,0.10081089287379652,0.0702933619006643,0.0232530639832198,0.06005075534861408,0.05965436576139271,0.08306127653000166,0.5124175044750499,3551.7439871061665,0.0,adaptive_plus_sustained_long_end_capacity
2028Q4,2028-12-31,2028,4,2029,33567.27804848896,24072.26500958159,0.01742186418178404,0.020775810233577552,0.02309377715644856,173.80475,551.7535707790856,186.10853289597497,271.39011291004874,55.935606231850514,20.60932889326427,17.70998984794728,5.268186894431433,15.827574174022809,0.0,572.8493318475399,746.6540818475399,-2.42575,-13.452216492868882,37328.14233376781,38058.91844912249,1.1338100871373966,0.020711211644737323,0.06826282798623606,0.08897403963097339,37476.15441212786,582.7640369946275,9385.228617221346,18632.712913671956,5756.50195383086,24389.214867502815,2832.101743509829,869.609183893867,0.25043200841824215,22.70900370123294,11823.465867631168,14066.324469099896,0.31549303959012703,0.37534065834000885,9661.656112919472,9661.65611291947,2,0.0,32.0,18.54778350713112,32.0,-13.452216492868882,0.0,0.0,0.5796182345978474,0.0,32.0,18.54778350713112,bill,852.6716344702589,10514.327747389729,728.4007576735171,728.4007576735171,0.0,10408.604654100118,0.4154110468670722,0.3902316343752471,0.10081089287379652,0.0702933619006643,0.0232530639832198,0.0614017246232701,0.06138524941588947,0.08281284398603421,0.5358347794458439,4124.593318953706,7.275957614183426e-12,adaptive_plus_sustained_long_end_capacity
2029Q1,2029-03-31,2029,1,2029,33886.340980372326,24177.969524360276,0.017680562926939647,0.020522825130940392,0.02297286568423096,173.80475,575.3897318134905,192.58489122538205,285.14450270237694,57.44935471007602,22.16007054097843,18.050912634676926,5.268186894431433,16.12709851625455,0.0,596.7850172241765,770.5897672241765,-2.42575,-13.824464053323636,38058.91844912249,38813.25800229334,1.1453953681447868,0.020516201510298364,0.07044549514151992,0.09096169665181829,38230.49396529871,582.7640369946275,9715.808596851166,18926.181509569873,5800.315467079865,24726.496976649738,2901.092045315479,887.0963464823259,0.25413766836677737,22.38117826916475,12107.299484561978,14223.06569915751,0.31669220637200257,0.3720345782627761,10023.471860492484,10023.471860492484,2,0.0,32.0,18.175535946676362,32.0,-13.824464053323636,0.0,0.0,0.5679854983336363,0.0,32.0,18.175535946676362,bill,869.609183893867,10893.08104438635,752.0369187079219,752.0369187079219,0.0,10793.684315147082,0.4154110468670722,0.3902316343752471,0.10081089287379652,0.0702933619006643,0.0232530639832198,0.06275146378472068,0.0627222255957656,0.0827300333274644,0.5595301962513758,4721.378336177882,0.0,adaptive_plus_sustained_long_end_capacity
2029Q2,2029-06-30,2029,2,2029,34205.573087708595,24282.728560473675,0.01744428695602207,0.020418069374665837,0.022841686194156274,173.80475,599.8800553223214,199.2469447999251,298.9890841075875,59.0363996698761,24.204813037156672,18.40281370777585,5.268186894431433,16.426417894934403,0.0,621.5746601116872,795.3794101116872,-2.42575,-13.869214176663483,38813.25800229334,39592.34244822836,1.1574822134015186,0.02032472890360137,0.07268694589830373,0.0930116748019051,39009.578411233735,582.7640369946275,10056.517377284563,19229.20700443702,5846.597871708563,25075.804876145583,2972.10317367328,905.1529841303053,0.2577961051326961,22.043560132988635,12461.036461826143,14336.921643171323,0.3194353020292496,0.3675231116838388,10349.106679149207,10349.106679149205,2,0.0,32.0,18.130785823336517,32.0,-13.869214176663483,0.0,0.0,0.5665870569792661,0.0,32.0,18.130785823336517,bill,887.0963464823259,11236.20302563153,776.5272422167528,776.5272422167528,0.0,11143.764707189293,0.4154110468670722,0.3902316343752471,0.10081089287379652,0.0702933619006643,0.0232530639832198,0.06396414043439676,0.06405797318792053,0.0826325097791354,0.5825052582674893,5342.9529962895695,0.0,adaptive_plus_sustained_long_end_capacity
2029Q3,2029-09-30,2029,3,2029,34528.19057048822,24389.00036245153,0.017620997896754975,0.020285549943514614,0.02275805762511629,173.80475,623.9410890967216,206.10832364744715,312.3516721695519,60.580101090215756,26.13264506356496,18.768347125941858,5.268186894431433,16.7673971538145,0.0,645.9766731449675,819.7814231449676,-2.42575,-14.728019512067654,39592.34244822836,40394.970101861254,1.1699127418622237,0.02013482283645105,0.07483469738458798,0.09496952022103902,39812.20606486663,582.7640369946275,10406.362571611484,19541.621875838708,5895.3058906355245,25436.927766474233,3045.1466122447705,923.7691145361433,0.26138623302251174,21.689556532178003,12858.04360979282,14552.086150030733,0.32296737309263934,0.36551820630890935,10656.386368058607,10656.386368058607,2,0.0,32.0,17.271980487932346,32.0,-14.728019512067654,0.0,0.0,0.5397493902478858,0.0,32.0,17.271980487932346,bill,905.1529841303053,11561.539352188913,800.5882759911531,800.5882759911531,0.0,11474.246624537693,0.4154110468670722,0.3902316343752471,0.10081089287379652,0.0702933619006643,0.0232530639832198,0.06519439101862731,0.06526278903448646,0.08263704237494614,0.6039725053924568,5988.929669434537,0.0,adaptive_plus_sustained_long_end_capacity
2029Q4,2029-12-31,2029,4,2030,34855.54358176037,24497.541313226066,0.017920813193843088,0.020183196343088072,0.022686563355431177,192.2015,649.0336290388393,213.174337279461,326.27429758503007,62.28860556607198,28.14896428672862,19.14742432154791,5.3789120614604125,17.125960365209142,0.0,671.5385014655088,863.7400014655088,-5.94,-14.677788311389271,40394.970101861254,41238.09231501538,1.1831143077221997,0.02205692182641243,0.07706533107312313,0.09912225289953557,40655.32827802075,582.7640369946275,10772.910066787543,19869.67948087412,5948.054991334669,25817.73447220879,3121.366377221536,943.3173618028803,0.26498150483786986,21.303264106807696,13019.691360526765,14754.673114554802,0.3202456335241431,0.362921017723808,10976.757036610474,10976.757036610472,2,0.0,32.0,17.32221168861073,32.0,-14.677788311389271,0.0,0.0,0.5413191152690853,0.0,32.0,17.32221168861073,bill,923.7691145361433,11900.526151146616,840.6740411002996,840.6740411002996,0.0,11834.753289399381,0.4154110468670722,0.3902316343752471,0.10081089287379652,0.0702933619006643,0.0232530639832198,0.0662863137839362,0.06649723960900436,0.08258217504063776,0.6242030885748191,6660.468170900045,1.4551915228366852e-11,adaptive_plus_sustained_long_end_capacity
2030Q1,2030-03-31,2030,1,2030,35185.787659983565,24607.027742665883,0.017997333864965714,0.02008187040489151,0.022638322874940497,192.2015,673.8807218945146,220.60226589264192,339.78675201816424,63.99007908078433,29.958447459772994,19.543177443151155,5.3789120614604125,17.517605067259836,0.0,696.7772390232349,888.9787390232349,-5.94,-14.973839159164083,41238.09231501538,42106.15721487945,1.1966808195903016,0.021849901654307863,0.07921121399998357,0.10106111565429143,41523.39317788482,582.7640369946275,11149.483267970607,20207.433207564078,6003.3089496499115,26210.74215721399,3199.7243725906364,963.4433801095876,0.26851089023978836,20.934445996888712,13269.224849400092,15019.10387331451,0.31956022458365047,0.3617022291259574,11364.146938313985,11364.146938313985,2,0.0,32.0,17.026160840835917,32.0,-14.973839159164083,0.0,0.0,0.5320675262761224,0.0,32.0,17.026160840835917,bill,943.3173618028803,12307.464300116864,865.521133955975,865.521133955975,0.0,12246.694233110797,0.4154110468670722,0.3902316343752471,0.10081089287379652,0.0702933619006643,0.0232530639832198,0.06740986425410997,0.06758578779062757,0.08253833094454602,0.6441749387976312,7357.24540992328,0.0,adaptive_plus_sustained_long_end_capacity
2030Q2,2030-06-30,2030,2,2030,35516.65777720346,24716.041432773058,0.017838848225115722,0.01995316485744958,0.022612820884429397,192.2015,699.945826006906,228.2020487871881,353.89462097184423,65.77178190168848,32.122053335665136,19.955321010519835,5.3789120614604125,17.937302232050108,0.0,723.2620403004165,915.4635403004165,-5.94,-16.345952181447238,42106.15721487945,42999.33480299842,1.210680776122965,0.02164634985709331,0.08145609250030793,0.10310244235740125,42416.570766003795,582.7640369946275,11535.512088317417,20555.358362431984,6061.190554383573,26616.548916815555,3280.334268920879,984.1754919499494,0.2719576778602514,20.62649901374941,13414.067973277843,15185.198087408558,0.31624593245121563,0.35800155017668833,11795.685215125826,11795.685215125826,2,0.0,32.0,15.65404781855276,32.0,-16.345952181447238,0.0,0.0,0.48918899432977375,0.0,32.0,15.65404781855276,bill,963.4433801095876,12759.128595235414,891.5862380683664,891.5862380683664,0.0,12702.925501012745,0.4154110468670722,0.3902316343752471,0.10081089287379652,0.0702933619006643,0.0232530639832198,0.06857835689165649,0.0687084348837068,0.08255016953971547,0.6647256696523632,8080.507450223697,0.0,adaptive_plus_sustained_long_end_capacity
2030Q3,2030-09-30,2030,3,2030,35850.49897484923,24825.52786221287,0.017837173553037378,0.019938881222312688,0.022609552821165613,192.2015,727.3974987573225,236.0454161071951,369.06944167131434,67.78197344353718,34.12331397445179,20.377353560823707,5.3789120614604125,18.38655691187332,0.0,751.1629677306562,943.3644677306562,-5.94,-16.688951845875017,42999.33480299842,43920.0703188832,1.225089512692561,0.02144477823138118,0.08381060115873215,0.10525537939011333,43337.306281888574,582.7640369946275,11932.6016371153,20913.996028423608,6121.839586758083,27035.83561518169,3363.3230902983655,1005.5459392932235,0.27534248574425463,20.301398582523337,13629.378114509747,15397.202947582604,0.3144952763297544,0.3552874940456871,12182.634210397728,12182.634210397728,2,0.0,32.0,15.311048154124983,32.0,-16.688951845875017,0.0,0.0,0.4784702548164057,0.0,32.0,15.311048154124983,bill,984.1754919499494,13166.809702347677,919.0379108187828,919.0379108187828,0.0,13116.983169370635,0.4154110468670722,0.3902316343752471,0.10081089287379652,0.0702933619006643,0.0232530639832198,0.06976463086055136,0.06987670587669428,0.08250995979166104,0.6846443071746998,8831.670417954352,0.0,adaptive_plus_sustained_long_end_capacity
2030Q4,2030-12-31,2030,4,2031,36186.034286952054,24935.10883951922,0.01777342391157455,0.019839987430776862,0.02260563078501021,184.328,756.0516432804873,244.08136648719346,384.83955963030104,69.73217569343602,36.583740526186766,20.81480094336973,5.499835599136797,18.848473487348066,0.0,780.3999523669721,964.7279523669721,-9.2495,-15.930847639919484,43920.0703188832,44859.61792361026,1.2396942303176264,0.0203755955724018,0.0862653195073513,0.10664091507975311,44276.85388661563,582.7640369946275,12337.757229528848,21279.498675886658,6184.262091221303,27463.76076710796,3448.010433858113,1027.3254561207132,0.2786502686284674,19.784073183907637,14075.485839093419,16557.46341562497,0.3178971540104902,0.3739530242601563,12296.816241195631,12296.816241195631,2,0.0,32.0,16.069152360080516,32.0,-15.930847639919484,0.0,0.0,0.5021610112525161,0.0,32.0,16.069152360080516,bill,1005.5459392932235,13302.362180488853,936.629978879624,936.629978879624,0.0,13249.515372435335,0.4154110468670722,0.3902316343752471,0.10081089287379652,0.0702933619006643,0.0232530639832198,0.07051679728410622,0.07107456310528204,0.08236387406161591,0.6975151588014109,9612.070370321324,7.275957614183426e-12,adaptive_plus_sustained_long_end_capacity
2031Q1,2031-03-31,2031,1,2031,36524.98226400305,25045.446199757793,0.01781775002184327,0.01982598390139856,0.02258993228072148,184.328,780.7740147866589,252.30713534386499,397.6047129493611,71.69322578153282,37.90587208384162,21.263068628058463,5.499835599136797,19.30976445961008,0.0,805.5836148454057,989.9116148454057,-9.2495,-15.042144984883754,44859.61792361026,45825.23789347078,1.2546272455998846,0.020186512197889632,0.08822275219986549,0.10840926439775511,45242.47385647615,582.7640369946275,12754.07147082585,21654.64877478819,6249.176880030017,27903.825654818207,3534.896886997445,1049.6798438346525,0.2819048204854119,19.37156372224486,14506.847224889592,17745.148333603905,0.32064663994524334,0.39222321020502304,12802.315687581859,12802.315687581857,2,0.0,32.0,16.957855015116245,32.0,-15.042144984883754,0.0,0.0,0.5299329692223826,0.0,32.0,16.957855015116245,bill,1027.3254561207132,13829.64114370257,961.3523503857956,961.3523503857956,0.0,13780.625892982769,0.4154110468670722,0.3902316343752471,0.10081089287379652,0.0702933619006643,0.0232530639832198,0.0713769419278555,0.07183151815668189,0.08230695438023831,0.7120800190145183,10417.65398516673,0.0,adaptive_plus_sustained_long_end_capacity
2031Q2,2031-06-30,2031,2,2031,36866.39910685036,25155.878107862893,0.017754036595319045,0.019811706497828263,0.02259593162071094,184.328,807.5346504909862,260.7888763997115,410.7615646396974,73.84546036940269,40.420873113235864,21.717875968938966,5.499835599136797,19.80156509350018,0.0,832.8360511836231,1017.1640511836231,-9.2495,-14.701897980887686,45825.23789347078,46818.45054667351,1.2699491049011593,0.019999566485000043,0.09036261434373383,0.11036218082873388,46235.68650967889,582.7640369946275,13181.84262281961,22040.241720297545,6316.789432417955,28357.0311527155,3624.1562358209244,1072.6564983228568,0.28510104678688286,18.89595396297672,14956.117255181653,18980.565523046684,0.32347561773632943,0.410517653264937,13158.085042889144,13158.085042889144,2,0.0,32.0,17.298102019112314,32.0,-14.701897980887686,0.0,0.0,0.5405656880972598,0.0,32.0,17.298102019112314,bill,1049.6798438346525,14207.764886723797,988.112986090123,988.112986090123,0.0,14163.49613099838,0.4154110468670722,0.3902316343752471,0.10081089287379652,0.0702933619006643,0.0232530639832198,0.0721031371682507,0.07269671381693242,0.08233826089555628,0.7249244422747759,11250.490036350353,-7.275957614183426e-12,adaptive_plus_sustained_long_end_capacity
2031Q3,2031-09-30,2031,3,2031,37209.60057628394,25265.93182450188,0.017614655473791707,0.019797160110517797,0.022579104221777335,184.328,833.6458793457,269.4368632104328,424.2971746766134,75.91423756787844,41.82579407044209,22.171809820333447,5.499835599136797,20.2865795511024,0.0,859.4322944959391,1043.7602944959392,-9.2495,-15.909726892829767,46818.45054667351,47837.05161427663,1.2856104573389655,0.019815101172301647,0.09238823112158966,0.11220333229389132,47254.287577282,582.7640369946275,13619.25283881495,22436.024093318425,6387.0342811007695,28823.058374419194,3715.7360451615627,1096.2403188863,0.288212002276859,18.48350067353557,15390.173137300653,20237.766990294018,0.32568839625675877,0.42827366632490593,13647.937837783047,13647.937837783047,2,0.0,32.0,16.090273107170233,32.0,-15.909726892829767,0.0,0.0,0.5028210345990698,0.0,32.0,16.090273107170233,bill,1072.6564983228568,14720.594336105903,1014.2242149448367,1014.2242149448367,0.0,14678.252325835056,0.4154110468670722,0.3902316343752471,0.10081089287379652,0.0702933619006643,0.0232530639832198,0.07291620552596048,0.07342680370331071,0.08218636734502247,0.7386585233868332,12109.922330846292,7.275957614183426e-12,adaptive_plus_sustained_long_end_capacity
2031Q4,2031-12-31,2031,4,2032,37555.06036168092,25376.26918474045,0.017582923791722438,0.019727225080271582,0.0225727995952707,192.24275,861.629478952169,278.1051429686013,438.26274182900113,78.08762599141208,44.53386497735537,22.640103185799312,5.6120176762582625,20.793447419978357,0.0,888.0349440484057,1080.2776940484057,-11.316,-16.750434992888355,47837.05161427663,48889.26287333215,1.301802271185164,0.020475829158421884,0.09458485066949933,0.1150606798279212,48306.498836337516,582.7640369946275,14069.9230724468,22845.052501300474,6460.701057925343,29305.753559225817,3810.2087624745773,1120.61344219033,0.29126356518024044,18.026927001310494,16555.012330888854,21452.49561366954,0.3427077666501408,0.4440912947624423,14023.727421863374,14023.727421863374,2,0.0,32.0,15.249565007111645,32.0,-16.750434992888355,0.0,0.0,0.4765489064722389,0.0,32.0,15.249565007111645,bill,1096.2403188863,15119.967740749675,1048.1682466284274,1048.1682466284274,0.0,15087.145233498914,0.4154110468670722,0.3902316343752471,0.10081089287379652,0.0702933619006643,0.0232530639832198,0.07358890414560569,0.07425498972711587,0.08217974642103765,0.7506601459360862,12997.957274894698,0.0,adaptive_plus_sustained_long_end_capacity
2032Q1,2032-03-31,2032,1,2032,37903.323994075035,25487.079284311665,0.017581469158450158,0.01968526656714742,0.02257678241908323,192.24275,888.9449852899611,287.06160548559575,452.3652609019723,80.35803996005927,46.03341902913098,23.12665991320291,5.6120176762582625,21.325852395626058,0.0,915.8828553618454,1108.1256053618454,-11.316,-16.20075495386694,48889.26287333215,49969.871723740114,1.3183506473350806,0.02028769297701183,0.09665462116251484,0.11694231413952667,49387.10768674549,582.7640369946275,14532.490149201158,23264.740283964507,6537.121535333129,29801.861819297636,3907.1339835357417,1145.6217347109668,0.29425675707470894,17.636735118022138,17773.792815931596,22741.415977483903,0.35988729950876885,0.46047272340241224,14550.349289392083,14550.349289392083,2,0.0,32.0,15.799245046133061,32.0,-16.20075495386694,0.0,0.0,0.49372640769165815,0.0,32.0,15.799245046133061,bill,1120.61344219033,15670.962731582413,1075.4837529662193,1075.4837529662193,0.0,15641.632287404434,0.4154110468670722,0.3902316343752471,0.10081089287379652,0.0702933619006643,0.0232530639832198,0.07431855861368149,0.0749352967529757,0.08205138419004505,0.763678365569438,13913.840130256543,-7.275957614183426e-12,adaptive_plus_sustained_long_end_capacity
2032Q2,2032-06-30,2032,2,2032,38254.66436095058,25598.362123215524,0.017579698909776065,0.01967074272996472,0.02256916678199805,192.24275,917.848965144532,296.28114291683823,466.48598659847266,82.6633223380827,48.792929067061486,23.62558422407692,5.6120176762582625,21.861030428373176,0.0,945.3220132491634,1137.5647632491634,-11.316,-15.413653283356158,49969.871723740114,51080.70683370593,1.3352804863672485,0.02010136575096831,0.09884515041926495,0.11894651617023326,50497.9427967113,582.7640369946275,15007.851360156039,23695.707313927138,6616.4558487576605,30312.1631626848,4006.6261405459422,1171.3021333245317,0.2971972822848029,17.207297422780304,19035.080037689342,24088.88153885581,0.3769476335762535,0.4770269877295795,14957.505586598556,14957.505586598556,2,0.0,32.0,16.586346716643842,32.0,-15.413653283356158,0.0,0.0,0.5183233348951201,0.0,32.0,16.586346716643842,bill,1145.6217347109668,16103.127321309523,1104.3877328207902,1104.3877328207902,0.0,16078.47966613599,0.4154110468670722,0.3902316343752471,0.10081089287379652,0.0702933619006643,0.0232530639832198,0.07491153915366114,0.07567135801151571,0.08204006491591373,0.7750824057724044,14859.162143505708,1.4551915228366852e-11,adaptive_plus_sustained_long_end_capacity
2032Q3,2032-09-30,2032,3,2032,38609.61597939811,25710.11770145202,0.017577617243731636,0.01971028327301072,0.022571739816290792,192.24275,945.9858725921816,305.7474518347789,480.593839835126,85.03203922875704,50.47200472570122,24.14053696781861,5.6120176762582625,22.420239240185367,0.0,974.0181295086253,1166.2608795086253,-11.316,-15.493922950769322,51080.70683370593,52220.15779026378,1.3525168915984085,0.019916566909402023,0.10090938278467791,0.12082594969407993,51637.393753269156,582.7640369946275,15494.820683621936,24137.65425526933,6698.6266689446975,30836.28092421403,4108.655344185936,1197.636801247267,0.3000697664498406,16.819424761419757,20345.1209730837,25505.096690163547,0.3939997644012708,0.4939268781075695,15471.187412926834,15471.187412926834,2,0.0,32.0,16.506077049230676,32.0,-15.493922950769322,0.0,0.0,0.5158149077884586,0.0,32.0,16.506077049230676,bill,1171.3021333245317,16642.489546251367,1132.52464026844,1132.52464026844,0.0,16620.218130244506,0.4154110468670722,0.3902316343752471,0.10081089287379652,0.0702933619006643,0.0232530639832198,0.07552753570395734,0.07627287795210486,0.08192944250032393,0.786833354867877,15833.180273014334,-7.275957614183426e-12,adaptive_plus_sustained_long_end_capacity
2032Q4,2032-12-31,2032,4,2033,38969.17761522756,25822.818758353802,0.017649746885700424,0.0197758101815233,0.02257356533731114,249.09275,975.2942419313244,315.47454911854265,494.6976567715859,87.45194810159425,52.998769833908405,24.671318105693697,5.6542680689403735,22.99301723551902,0.0,1003.9415272357838,1253.0342772357837,-14.7595,-14.024209535401797,52220.15779026378,53444.40835796416,1.3714533287220376,0.025568181341621612,0.10304980383712121,0.12861798517874282,52861.644320969535,582.7640369946275,16017.637942246703,24611.895642700663,6789.140308263563,31401.035950964226,4217.07460198843,1225.895825770193,0.30301058826300475,16.777770877822167,20917.842829932943,26052.566961381686,0.3957092727370023,0.4928444299460993,16612.680177821483,16612.680177821483,2,0.0,32.0,17.975790464598205,32.0,-14.024209535401797,0.0,0.0,0.5617434520186939,0.0,32.0,17.975790464598205,bill,1197.636801247267,17810.31697906875,1215.281760000265,1215.281760000265,0.0,17845.937728286346,0.4154110468670722,0.3902316343752471,0.10081089287379652,0.0702933619006643,0.0232530639832198,0.07676873337191643,0.07690068890775847,0.08242355735703609,0.8108125835636566,16837.12180025012,0.0,adaptive_plus_sustained_long_end_capacity
2033Q1,2033-03-31,2033,1,2033,39332.32559763485,25936.27619818781,0.017690923464234398,0.019759214646802636,0.022564008293708637,249.09275,1014.8257086277899,325.9589321247204,518.826683065357,90.05096277497843,54.74487087056161,25.244259792172695,5.6542680689403735,23.589848869309865,0.0,1044.0698255660402,1293.1625755660402,-14.7595,-14.187564195403242,53444.40835796416,54708.6238693348,1.390932853271828,0.025332115120594703,0.10617931278681601,0.13151142790741072,54125.859832340175,582.7640369946275,16556.713654176037,25101.563458990204,6883.639150036711,31985.202609026914,4328.8694911196735,1255.0740780175624,0.30589285242695413,16.802247063825334,21527.066813031393,26639.687422879284,0.3977223988628257,0.49218040148273234,17254.90870696759,17254.908706967588,2,0.0,32.0,17.81243580459676,32.0,-14.187564195403242,0.0,0.0,0.5566386188936487,0.0,32.0,17.81243580459676,bill,1225.895825770193,18480.80453273778,1254.8132266967305,1254.8132266967305,0.0,18527.534369468915,0.4154110468670722,0.3902316343752471,0.10081089287379652,0.0702933619006643,0.0232530639832198,0.07808121960182172,0.07814249293007323,0.08235482998868153,0.8358940856803737,17881.19162581616,0.0,adaptive_plus_sustained_long_end_capacity
2033Q2,2033-06-30,2033,2,2033,39698.94284544474,26050.395473087516,0.017716447921211298,0.01974238719039123,0.022564493843014066,249.09275,1056.8602345071586,336.80494751007603,544.0515623337952,92.73728785076403,57.43387460172779,25.83256221079648,5.6542680689403735,24.21573386266696,0.0,1086.7302364387658,1335.8229864387658,-14.7595,-14.450476895739298,54708.6238693348,56015.236878877826,1.4110007185066717,0.025098174625935377,0.10949714612498432,0.1345953207509197,55432.4728418832,582.7640369946275,17112.988059805146,25607.63447701384,6982.375529895284,32590.01000690912,4444.245013384234,1285.2297617847094,0.308717745798904,16.789515806586206,22169.53469094045,27218.08155879336,0.3999376819103365,0.4910133025533754,17766.89458225216,17766.89458225216,2,0.0,32.0,17.5495231042607,32.0,-14.450476895739298,0.0,0.0,0.5484225970081469,0.0,32.0,17.5495231042607,bill,1255.0740780175624,19021.968660269722,1296.847752576099,1296.847752576099,0.0,19081.29185793252,0.4154110468670722,0.3902316343752471,0.10081089287379652,0.0702933619006643,0.0232530639832198,0.07930133848103717,0.0794558634144624,0.08237317600023852,0.8594670323049751,18967.921862254923,0.0,adaptive_plus_sustained_long_end_capacity
2033Q3,2033-09-30,2033,3,2033,40068.93751717752,26165.27113091945,0.017756007302464516,0.019698696995388953,0.022564267205522626,249.09275,1099.2907844653946,347.94982972598814,570.0796615769787,95.51239401285956,59.30208372644351,26.446815423124857,5.6542680689403735,24.860897915982832,0.0,1129.8059504503178,1378.8987004503178,-14.7595,-12.933537028280243,56015.236878877826,57366.442542299876,1.4316936284548831,0.024866419269861016,0.11278621500417585,0.13765263427403687,56783.678505305244,582.7640369946275,17688.40552447901,26130.263237895117,7085.389371380273,33215.65260927539,4563.248285705972,1316.3720858448783,0.31150510129114656,16.817761814796462,22851.304417511103,27746.028410441824,0.402427335090243,0.48862682272071434,18400.02228840393,18400.022288403932,2,0.0,32.0,19.06646297171976,32.0,-12.933537028280243,0.0,0.0,0.5958269678662425,0.0,32.0,19.06646297171976,bill,1285.2297617847094,19685.252050188643,1339.2783025343351,1339.2783025343351,0.0,19758.367053909988,0.4154110468670722,0.3902316343752471,0.10081089287379652,0.0702933619006643,0.0232530639832198,0.08051610050982891,0.08067847345844888,0.08229913444770828,0.8833688835463356,20097.72781270524,1.4551915228366852e-11,adaptive_plus_sustained_long_end_capacity
2033Q4,2033-12-31,2033,4,2034,40442.305229569334,26280.714075950556,0.017765412373738743,0.019681678339410258,0.022563340221916306,228.68725,1143.3349104981805,359.56106329884705,596.3821597942552,98.34806283628964,61.965850762959086,27.07777380582915,5.687777001067564,25.525556669195314,0.0,1174.5482441684435,1403.2354941684434,-17.2085,-11.886160446192012,57366.442542299876,58740.58337602213,1.452453885667082,0.022618616688822736,0.11617025661629933,0.13878887330512207,58157.8193390275,582.7640369946275,18273.686690448536,26661.173937420317,7190.542736050656,33851.716673470975,4684.408062287676,1348.0079128203106,0.31420859478797136,16.76171228028891,23411.350023659597,28162.34070772041,0.4025486218316499,0.4842399702703732,18855.483487171125,18855.483487171125,2,0.0,32.0,20.11383955380799,32.0,-11.886160446192012,0.0,0.0,0.6285574860564996,0.0,32.0,20.11383955380799,bill,1316.3720858448783,20171.855573016004,1360.5014374992481,1360.5014374992481,0.0,20236.09876422418,0.4154110468670722,0.3902316343752471,0.10081089287379652,0.0702933619006643,0.0232530639832198,0.08078158617439678,0.08189793141189645,0.08225823775633806,0.8885336713345486,21272.276056873685,0.0,adaptive_plus_sustained_long_end_capacity
2034Q1,2034-03-31,2034,1,2034,40816.72980870861,26395.211542316374,0.01754105922100746,0.019664438509282567,0.022572136924965847,228.68725,1174.8692683698184,371.3213135499143,610.6633516823726,101.22735743967877,63.93546297070251,27.72178272714966,5.687777001067564,26.213422001005057,0.0,1206.770467371891,1435.457717371891,-17.2085,-12.756127377842985,58740.58337602213,60146.076466016166,1.4735643141402148,0.022411129071022006,0.11826233733349367,0.14067346640451567,59563.31242902154,582.7640369946275,18871.197610102154,27204.39034095675,7298.87510749428,34503.26544845103,4808.472360231366,1380.3770102370022,0.3168258587463544,16.77493684544587,23986.922582727948,28560.40295551918,0.4027130393614677,0.4794965523375334,19581.86097583634,19581.86097583634,2,0.0,32.0,19.243872622157014,32.0,-12.756127377842985,0.0,0.0,0.6013710194424067,0.0,32.0,19.243872622157014,bill,1348.0079128203106,20929.86888865665,1392.035795370886,1392.035795370886,0.0,20993.140643829378,0.4154110468670722,0.3902316343752471,0.10081089287379652,0.0702933619006643,0.0232530639832198,0.081098656754207,0.08217626710629462,0.08221169750188217,0.8947548455468858,22479.046524245576,-1.4551915228366852e-11,adaptive_plus_sustained_long_end_capacity
2034Q2,2034-06-30,2034,2,2034,41196.0201454162,26511.221774546648,0.017696739357757174,0.019646981729401825,0.022559374014152977,228.68725,1207.9904390538984,383.36837944922473,625.3094059845242,104.19223081075488,66.73987147892173,28.380551330472766,5.687777001067564,26.892584006894218,0.0,1240.5708000618602,1469.25805006186,-17.2085,-12.468830403807152,60146.076466016166,61585.65718567422,1.4949419135218753,0.02220479057858171,0.12045540279695159,0.1426601933755333,61002.8931486796,582.7640369946275,19482.75472691714,27760.531673061647,7410.546453727591,35171.07812678924,4935.544018618412,1413.5162763548094,0.3193742742566767,16.756814287899807,24534.423146314057,28916.429541778543,0.40218458305768245,0.4740173465429227,20166.880093462798,20166.880093462798,2,0.0,32.0,19.531169596192846,32.0,-12.468830403807152,0.0,0.0,0.6103490498810265,0.0,32.0,19.531169596192846,bill,1380.3770102370022,21547.2571036998,1425.156966054966,1425.156966054966,0.0,21611.568229113956,0.4154110468670722,0.3902316343752471,0.10081089287379652,0.0702933619006643,0.0232530639832198,0.08135574215764828,0.08250385547677808,0.08224504810348018,0.8998351646124837,23719.617324307437,7.275957614183426e-12,adaptive_plus_sustained_long_end_capacity
2034Q3,2034-09-30,2034,3,2034,41579.86765924117,26628.177485442204,0.01776333439337474,0.01968155262857385,0.022566712808094413,228.68725,1241.1132152291095,395.69474850368715,640.3043999773718,107.24247498663574,68.81323091025062,29.058360851163997,5.687777001067564,27.61216899388382,0.0,1274.413161224061,1503.100411224061,-17.2085,-13.28521112038475,61585.65718567422,63058.263885777895,1.5165575899028414,0.02199980547068182,0.12259905891651594,0.14459886438719774,62475.49984878327,582.7640369946275,20107.255030141638,28329.598560248443,7525.556936601586,35855.15549685003,5065.663573285288,1447.4257485063213,0.3218422434203739,16.78613696654664,25004.757607884647,29191.62992165516,0.4002330140360073,0.46724924157967623,20876.973323794056,20876.973323794056,2,0.0,32.0,18.71478887961525,32.0,-13.28521112038475,0.0,0.0,0.5848371524879765,0.0,32.0,18.71478887961525,bill,1413.5162763548094,22290.489600148867,1458.2797422301771,1458.2797422301771,0.0,22353.967854903847,0.4154110468670722,0.3902316343752471,0.10081089287379652,0.0702933619006643,0.0232530639832198,0.08166747572864688,0.08277337415637803,0.08218481776304104,0.9057750014412297,24994.030485531497,-7.275957614183426e-12,adaptive_plus_sustained_long_end_capacity
2034Q4,2034-12-31,2034,4,2035,41967.153813296354,26745.511387803872,0.0177423648279893,0.01968916041410429,0.02257322550837304,189.9905,1275.946372083395,408.3280815246013,655.6883152784163,110.3908480299873,71.79090955421435,29.74821769617617,5.709630652454863,28.348240781732,0.0,1310.0042435175822,1499.9947435175823,-17.416,-13.05127309241379,63058.263885777895,64527.79135620307,1.5375784510732984,0.01810849511932408,0.12485995589269974,0.14296845101202382,63945.02731920844,582.7640369946275,20730.30717257675,28897.085306089382,7640.159212026697,36537.24451811608,5196.234565082817,1481.2410634327882,0.3241895115486107,16.676428528403417,25486.155960260567,29711.75863731961,0.3985635322827485,0.46464533495311366,21248.35649502786,21248.356495027856,2,0.0,32.0,18.94872690758621,32.0,-13.05127309241379,0.0,0.0,0.592147715862069,0.0,32.0,18.94872690758621,bill,1447.4257485063213,22695.782243534177,1454.23050273585,1454.23050273585,0.0,22721.535724671292,0.4154110468670722,0.3902316343752471,0.10081089287379652,0.0702933619006643,0.0232530639832198,0.08190034909370382,0.08309802159415552,0.08209169662973737,0.9105209872439797,26304.03472904908,7.275957614183426e-12,adaptive_plus_sustained_long_end_capacity
2035Q1,2035-03-31,2035,1,2035,42358.31906225067,26863.318029498183,0.017735654711652504,0.019722056747187633,0.02256874260208286,189.9905,1309.6876374436379,420.8770613712395,670.9163261024431,113.5275021549086,73.92724396150278,30.43950385354379,5.709630652454863,29.073209465177914,0.0,1344.4704775612709,1534.4609775612707,-17.416,-13.393080618998935,64527.79135620307,66031.44325314533,1.5588778005119641,0.017941269078292365,0.12696164600728455,0.1449029150855769,65448.67921615071,582.7640369946275,21367.034001851196,29477.73896105775,7758.162974539466,37235.90193559721,5329.902312540747,1515.8409661615515,0.32647005650464633,16.634984056764257,25947.13986706449,30178.23757569871,0.3964501679456587,0.4610977324085045,22017.427134529178,22017.427134529178,2,0.0,32.0,18.606919381001063,32.0,-13.393080618998935,0.0,0.0,0.5814662306562832,0.0,32.0,18.606919381001063,bill,1481.2410634327882,23498.668197961968,1487.9717680960928,1487.9717680960928,0.0,23524.00582200627,0.4154110468670722,0.3902316343752471,0.10081089287379652,0.0702933619006643,0.0232530639832198,0.08217906462952357,0.08334210418823061,0.08205277523210534,0.9162202596461879,27648.50520661035,-1.4551915228366852e-11,adaptive_plus_sustained_long_end_capacity
2035Q2,2035-06-30,2035,2,2035,42752.9723378467,26981.50286265861,0.017714424126451522,0.01972826196496369,0.022573755489187608,189.9905,1345.0523811318067,433.7507902375793,686.4316929419317,116.75100323957912,76.97215246051154,31.146742252204465,5.709630652454863,29.827656302895633,0.0,1380.5896680871572,1570.5801680871573,-17.416,-12.690164410554747,66031.44325314533,67571.91725682194,1.5805197524712096,0.017775652976699592,0.12916899972964005,0.14694465270633963,66989.1532198273,582.7640369946275,22019.154652531775,30072.193057754805,7879.731888439692,37951.9249461945,5466.810413562988,1551.2632075380452,0.3286973128362308,16.548543774288696,26410.08272235971,30721.82026579201,0.3942441642110937,0.4586088760515789,22597.873187834495,22597.87318783449,2,0.0,32.0,19.309835589445253,32.0,-12.690164410554747,0.0,0.0,0.6034323621701642,0.0,32.0,19.309835589445253,bill,1515.8409661615515,24113.714153996043,1523.3365117842616,1523.3365117842616,0.0,24140.519535208197,0.4154110468670722,0.3902316343752471,0.10081089287379652,0.0702933619006643,0.0232530639832198,0.08239761041750934,0.08363225760759935,0.0820818716833842,0.9206315090118677,29029.094874697505,0.0,adaptive_plus_sustained_long_end_capacity
2035Q3,2035-09-30,2035,3,2035,43151.28712883536,27100.16043515168,0.017707331988727093,0.01973390522034224,0.022567910616891007,189.9905,1380.373416490529,446.9337915597637,702.3137463892285,120.03528363051198,79.21989231215555,31.87070259886915,5.709630652454863,30.585977562805418,0.0,1416.6690247057895,1606.6595247057894,-17.416,-12.822419670899642,67571.91725682194,69148.33836185683,1.6024629382526399,0.017611571996242123,0.13132113723292543,0.14893270922916754,68565.5743248622,582.7640369946275,22685.815796226805,30680.430539807727,8004.861547451659,38685.29208725938,5606.959670166318,1587.5067712096895,0.3308630609399099,16.46849253275894,26882.75303307726,31308.163265236344,0.39207362146063796,0.456616364312781,23259.610015873583,23259.610015873583,2,0.0,32.0,19.17758032910036,32.0,-12.822419670899642,0.0,0.0,0.5992993852843862,0.0,32.0,19.17758032910036,bill,1551.2632075380452,24810.87322341163,1558.657547142984,1558.657547142984,0.0,24837.445143345667,0.4154110468670722,0.3902316343752471,0.10081089287379652,0.0702933619006643,0.0232530639832198,0.08261629976125323,0.08386140765083976,0.08200212226875088,0.9250178858974193,30445.763899403293,1.4551915228366852e-11,adaptive_plus_sustained_long_end_capacity
2035Q4,2035-12-31,2035,4,2036,43553.56087408408,27219.290746977385,0.01769999094559438,0.019764486694536787,0.022571471840996393,242.76275,1416.6118756891321,460.40863158442306,717.991397956982,123.41396252474071,82.18652577541135,32.61135784757505,5.7387688543045945,31.375000505383124,0.0,1453.7256450488198,1696.48839504882,-16.55475,-6.341291073940235,69148.33836185683,70821.93071583171,1.6260881841689614,0.02229555931849903,0.1335115307105774,0.15580709002907644,70239.16667883708,582.7640369946275,23380.303977504416,31323.750274031354,8155.054216362899,39478.80449039425,5754.217400087062,1625.8408108513484,0.3328670467348932,16.313741942198625,27616.078825380944,31952.471443994265,0.393172073803968,0.4549096032146048,23686.66932684044,23686.669326840445,2,0.0,32.0,9.658708926059765,16.0,-6.341291073940235,0.0,16.0,0.6036693078787353,0.0,16.0,9.658708926059765,bill,1587.5067712096895,25274.176098050135,1648.558644543437,1648.558644543437,0.0,25344.886680309944,0.4154110468670722,0.3902316343752471,0.10081089287379652,0.0702933619006643,0.0232530639832198,0.08277905285853196,0.08409316431821677,0.08183179257494484,0.9283165850638074,31899.489544452113,0.0,adaptive_plus_sustained_long_end_capacity
2036Q1,2036-03-31,2036,1,2036,43959.12371141258,27338.799250269203,0.017678326506116004,0.019743412449576114,0.022574269177581208,242.76275,1454.0564406763908,474.44481846350834,733.208791927807,127.19321785802278,85.81484217216659,33.3947702548867,5.7387688543045945,32.202971475922254,0.0,1491.9981810066176,1734.7609310066177,-16.55475,-6.8642734874590605,70821.93071583171,72533.27262335087,1.6500163447188991,0.022089862536270204,0.13576232236124106,0.15785218489751127,71950.50858635624,582.7640369946275,24089.824062309348,31981.68206204843,8309.021705303774,40290.7037673522,5904.935205336207,1665.0455513584798,0.334811032411207,16.226655333055657,28330.983822868046,32576.364120016788,0.39375654709743585,0.4527607206684032,24493.895988208882,24493.895988208882,2,0.0,32.0,9.13572651254094,16.0,-6.8642734874590605,0.0,16.0,0.5709829070338087,0.0,16.0,9.13572651254094,bill,1625.8408108513484,26119.73679906023,1686.0032095306956,1686.0032095306956,0.0,26189.03492425212,0.4154110468670722,0.3902316343752471,0.10081089287379652,0.0702933619006643,0.0232530639832198,0.08299564325412026,0.08426758016485945,0.08179919909710572,0.9327120989872024,33391.48772545873,0.0,adaptive_plus_sustained_long_end_capacity
2036Q2,2036-06-30,2036,2,2036,44368.391695384074,27458.59139716061,0.017642589134278408,0.019772661061247865,0.022576315037704076,242.76275,1493.3971013052567,488.78253022425673,748.7643336911747,131.3812524614065,90.26894930351605,34.20003562490318,5.7387688543045945,33.04942043584269,0.0,1532.185290595404,1774.948040595404,-16.55475,-6.865675777318797,72533.27262335087,74284.80023816896,1.6742729993049823,0.021886098704385192,0.13813304760873782,0.16001914631312303,73702.03620117433,582.7640369946275,24815.685289840698,32654.965820360107,8466.955161368891,41121.920981728996,6059.264846840268,1705.1650827643562,0.3367028452525345,16.077787766464027,29137.653138057114,33328.845874207094,0.3953439367472028,0.4522106524063178,25132.11457485065,25132.114574850646,2,0.0,32.0,9.134324222681203,16.0,-6.865675777318797,0.0,16.0,0.5708952639175752,0.0,16.0,9.134324222681203,bill,1665.0455513584798,26797.160126209124,1725.3438701595614,1725.3438701595614,0.0,26866.592769232888,0.4154110468670722,0.3902316343752471,0.10081089287379652,0.0702933619006643,0.0232530639832198,0.08315638946962917,0.08449558307132789,0.0818060456080202,0.9358926078064618,34923.67301605414,-1.4551915228366852e-11,adaptive_plus_sustained_long_end_capacity
2036Q3,2036-09-30,2036,3,2036,44780.96019760952,27578.572639785074,0.01759302613883751,0.01977588746711989,0.022577621701592054,242.76275,1532.7185750216117,503.5102545308678,764.6760225144038,135.36523826479615,94.14723182427149,35.01982788727296,5.7387688543045945,33.91513681004666,0.0,1572.3724806859632,1815.1352306859633,-16.55475,-7.1281660152683095,74284.80023816896,76076.25255283965,1.6988526422195993,0.02168446133613357,0.14045009073029202,0.1621345520664256,75493.48851584502,582.7640369946275,25557.61860169497,33343.594061626165,8628.852650308467,41972.44671193463,6217.224243300942,1746.1989589144735,0.3385407020412202,15.92685714849498,29993.556925201272,34068.22421903759,0.3972999196997771,0.4512736778866319,25862.227646689487,25862.227646689487,2,0.0,32.0,8.87183398473169,16.0,-7.1281660152683095,0.0,16.0,0.5544896240457307,0.0,16.0,8.87183398473169,bill,1705.1650827643562,27567.392729453844,1764.6653438759165,1764.6653438759165,0.0,27635.764824550137,0.4154110468670722,0.3902316343752471,0.10081089287379652,0.0702933619006643,0.0232530639832198,0.08330893865635045,0.08466725228551118,0.08178699817104954,0.938983086620485,36496.0454967401,0.0,adaptive_plus_sustained_long_end_capacity
