date,variable,value,estimate_type
2023q1,chained_cpiu,168.305,actual
2023q2,chained_cpiu,169.149,actual
2023q3,chained_cpiu,170.687,actual
2023q4,chained_cpiu,171.722,actual
2024q1,chained_cpiu,173.024,actual
2024q2,chained_cpiu,173.933,actual
2024q3,chained_cpiu,174.57,actual
2024q4,chained_cpiu,175.92,actual
2025q1,chained_cpiu,177.186,actual
2025q2,chained_cpiu,177.723,actual
2025q3,chained_cpiu,178.938,projected
2025q4,chained_cpiu,180.242,projected
2026q1,chained_cpiu,181.457,projected
2026q2,chained_cpiu,182.578,projected
2026q3,chained_cpiu,183.684,projected
2026q4,chained_cpiu,184.732,projected
2027q1,chained_cpiu,185.739,projected
2027q2,chained_cpiu,186.724,projected
2027q3,chained_cpiu,187.706,projected
2027q4,chained_cpiu,188.68,projected
2028q1,chained_cpiu,189.649,projected
2028q2,chained_cpiu,190.61,projected
2028q3,chained_cpiu,191.567,projected
2028q4,chained_cpiu,192.523,projected
2029q1,chained_cpiu,193.48,projected
2029q2,chained_cpiu,194.437,projected
2029q3,chained_cpiu,195.395,projected
2029q4,chained_cpiu,196.356,projected
2030q1,chained_cpiu,197.32,projected
2030q2,chained_cpiu,198.288,projected
2030q3,chained_cpiu,199.258,projected
2030q4,chained_cpiu,200.234,projected
2031q1,chained_cpiu,201.214,projected
2031q2,chained_cpiu,202.198,projected
2031q3,chained_cpiu,203.187,projected
2031q4,chained_cpiu,204.18,projected
2032q1,chained_cpiu,205.178,projected
2032q2,chained_cpiu,206.181,projected
2032q3,chained_cpiu,207.189,projected
2032q4,chained_cpiu,208.202,projected
2033q1,chained_cpiu,209.22,projected
2033q2,chained_cpiu,210.243,projected
2033q3,chained_cpiu,211.27,projected
2033q4,chained_cpiu,212.303,projected
2034q1,chained_cpiu,213.342,projected
2034q2,chained_cpiu,214.385,projected
2034q3,chained_cpiu,215.434,projected
2034q4,chained_cpiu,216.488,projected
2035q1,chained_cpiu,217.548,projected
2035q2,chained_cpiu,218.614,projected
2035q3,chained_cpiu,219.684,projected
2035q4,chained_cpiu,220.76,projected
2036q1,chained_cpiu,221.842,projected
2036q2,chained_cpiu,222.93,projected
2036q3,chained_cpiu,224.022,projected
2036q4,chained_cpiu,225.121,projected
2023q1,chained_cpiu_pct_change,3.215,actual
2023q2,chained_cpiu_pct_change,2.02,actual
2023q3,chained_cpiu_pct_change,3.687,actual
2023q4,chained_cpiu_pct_change,2.448,actual
2024q1,chained_cpiu_pct_change,3.068,actual
2024q2,chained_cpiu_pct_change,2.117,actual
2024q3,chained_cpiu_pct_change,1.473,actual
2024q4,chained_cpiu_pct_change,3.127,actual
2025q1,chained_cpiu_pct_change,2.911,actual
2025q2,chained_cpiu_pct_change,1.217,actual
2025q3,chained_cpiu_pct_change,2.762,projected
2025q4,chained_cpiu_pct_change,2.946,projected
2026q1,chained_cpiu_pct_change,2.724,projected
2026q2,chained_cpiu_pct_change,2.492,projected
2026q3,chained_cpiu_pct_change,2.444,projected
2026q4,chained_cpiu_pct_change,2.301,projected
2027q1,chained_cpiu_pct_change,2.199,projected
2027q2,chained_cpiu_pct_change,2.137,projected
2027q3,chained_cpiu_pct_change,2.119,projected
2027q4,chained_cpiu_pct_change,2.092,projected
2028q1,chained_cpiu_pct_change,2.071,projected
2028q2,chained_cpiu_pct_change,2.042,projected
2028q3,chained_cpiu_pct_change,2.022,projected
2028q4,chained_cpiu_pct_change,2.012,projected
2029q1,chained_cpiu_pct_change,2.001,projected
2029q2,chained_cpiu_pct_change,1.993,projected
2029q3,chained_cpiu_pct_change,1.986,projected
2029q4,chained_cpiu_pct_change,1.98,projected
2030q1,chained_cpiu_pct_change,1.979,projected
2030q2,chained_cpiu_pct_change,1.975,projected
2030q3,chained_cpiu_pct_change,1.972,projected
2030q4,chained_cpiu_pct_change,1.972,projected
2031q1,chained_cpiu_pct_change,1.972,projected
2031q2,chained_cpiu_pct_change,1.97,projected
2031q3,chained_cpiu_pct_change,1.97,projected
2031q4,chained_cpiu_pct_change,1.97,projected
2032q1,chained_cpiu_pct_change,1.969,projected
2032q2,chained_cpiu_pct_change,1.969,projected
2032q3,chained_cpiu_pct_change,1.969,projected
2032q4,chained_cpiu_pct_change,1.969,projected
2033q1,chained_cpiu_pct_change,1.969,projected
2033q2,chained_cpiu_pct_change,1.969,projected
2033q3,chained_cpiu_pct_change,1.97,projected
2033q4,chained_cpiu_pct_change,1.97,projected
2034q1,chained_cpiu_pct_change,1.97,projected
2034q2,chained_cpiu_pct_change,1.97,projected
2034q3,chained_cpiu_pct_change,1.971,projected
2034q4,chained_cpiu_pct_change,1.972,projected
2035q1,chained_cpiu_pct_change,1.972,projected
2035q2,chained_cpiu_pct_change,1.973,projected
2035q3,chained_cpiu_pct_change,1.973,projected
2035q4,chained_cpiu_pct_change,1.974,projected
2036q1,chained_cpiu_pct_change,1.974,projected
2036q2,chained_cpiu_pct_change,1.974,projected
2036q3,chained_cpiu_pct_change,1.975,projected
2036q4,chained_cpiu_pct_change,1.975,projected
2023q1,change_pri_inv,45.9,actual
2023q2,change_pri_inv,17.6,actual
2023q3,change_pri_inv,82.5,actual
2023q4,change_pri_inv,68.9,actual
2024q1,change_pri_inv,15.5,actual
2024q2,change_pri_inv,97.7,actual
2024q3,change_pri_inv,83.3,actual
2024q4,change_pri_inv,17.8,actual
2025q1,change_pri_inv,212.2,actual
2025q2,change_pri_inv,-45.8,actual
2025q3,change_pri_inv,-10.1,projected
2025q4,change_pri_inv,43.7,projected
2026q1,change_pri_inv,55.5,projected
2026q2,change_pri_inv,70.3,projected
2026q3,change_pri_inv,69.7,projected
2026q4,change_pri_inv,66.5,projected
2027q1,change_pri_inv,62.3,projected
2027q2,change_pri_inv,63.6,projected
2027q3,change_pri_inv,59.2,projected
2027q4,change_pri_inv,58.4,projected
2028q1,change_pri_inv,58.0,projected
2028q2,change_pri_inv,60.2,projected
2028q3,change_pri_inv,61.4,projected
2028q4,change_pri_inv,62.7,projected
2029q1,change_pri_inv,63.1,projected
2029q2,change_pri_inv,63.6,projected
2029q3,change_pri_inv,65.1,projected
2029q4,change_pri_inv,67.4,projected
2030q1,change_pri_inv,68.7,projected
2030q2,change_pri_inv,70.0,projected
2030q3,change_pri_inv,71.8,projected
2030q4,change_pri_inv,73.5,projected
2031q1,change_pri_inv,74.3,projected
2031q2,change_pri_inv,75.6,projected
2031q3,change_pri_inv,76.7,projected
2031q4,change_pri_inv,78.1,projected
2032q1,change_pri_inv,79.7,projected
2032q2,change_pri_inv,81.3,projected
2032q3,change_pri_inv,82.5,projected
2032q4,change_pri_inv,84.4,projected
2033q1,change_pri_inv,85.5,projected
2033q2,change_pri_inv,86.4,projected
2033q3,change_pri_inv,87.7,projected
2033q4,change_pri_inv,89.5,projected
2034q1,change_pri_inv,90.7,projected
2034q2,change_pri_inv,92.0,projected
2034q3,change_pri_inv,93.3,projected
2034q4,change_pri_inv,94.9,projected
2035q1,change_pri_inv,96.0,projected
2035q2,change_pri_inv,97.2,projected
2035q3,change_pri_inv,98.3,projected
2035q4,change_pri_inv,99.6,projected
2036q1,change_pri_inv,100.5,projected
2036q2,change_pri_inv,101.4,projected
2036q3,change_pri_inv,102.0,projected
2036q4,change_pri_inv,102.8,projected
2023q1,compensation,13888.3,actual
2023q2,compensation,14092.5,actual
2023q3,compensation,14334.5,actual
2023q4,compensation,14514.3,actual
2024q1,compensation,14739.7,actual
2024q2,compensation,14943.7,actual
2024q3,compensation,15115.7,actual
2024q4,compensation,15309.1,actual
2025q1,compensation,15510.9,actual
2025q2,compensation,15701.3,actual
2025q3,compensation,15868.7,projected
2025q4,compensation,16017.4,projected
2026q1,compensation,16194.9,projected
2026q2,compensation,16386.4,projected
2026q3,compensation,16575.6,projected
2026q4,compensation,16758.0,projected
2027q1,compensation,16940.7,projected
2027q2,compensation,17122.0,projected
2027q3,compensation,17303.3,projected
2027q4,compensation,17484.7,projected
2028q1,compensation,17666.3,projected
2028q2,compensation,17849.1,projected
2028q3,compensation,18031.5,projected
2028q4,compensation,18213.7,projected
2029q1,compensation,18395.6,projected
2029q2,compensation,18577.7,projected
2029q3,compensation,18761.5,projected
2029q4,compensation,18948.1,projected
2030q1,compensation,19136.1,projected
2030q2,compensation,19324.4,projected
2030q3,compensation,19513.9,projected
2030q4,compensation,19704.3,projected
2031q1,compensation,19896.2,projected
2031q2,compensation,20089.1,projected
2031q3,compensation,20282.5,projected
2031q4,compensation,20476.7,projected
2032q1,compensation,20671.9,projected
2032q2,compensation,20868.2,projected
2032q3,compensation,21065.9,projected
2032q4,compensation,21265.3,projected
2033q1,compensation,21466.1,projected
2033q2,compensation,21668.3,projected
2033q3,compensation,21871.8,projected
2033q4,compensation,22076.6,projected
2034q1,compensation,22283.0,projected
2034q2,compensation,22490.8,projected
2034q3,compensation,22700.3,projected
2034q4,compensation,22911.3,projected
2035q1,compensation,23124.1,projected
2035q2,compensation,23338.6,projected
2035q3,compensation,23555.2,projected
2035q4,compensation,23773.7,projected
2036q1,compensation,23994.2,projected
2036q2,compensation,24216.6,projected
2036q3,compensation,24440.9,projected
2036q4,compensation,24667.0,projected
2023q1,compensation_share_of_gdp,51.0,actual
2023q2,compensation_share_of_gdp,51.2,actual
2023q3,compensation_share_of_gdp,51.1,actual
2023q4,compensation_share_of_gdp,51.1,actual
2024q1,compensation_share_of_gdp,51.3,actual
2024q2,compensation_share_of_gdp,51.3,actual
2024q3,compensation_share_of_gdp,51.2,actual
2024q4,compensation_share_of_gdp,51.3,actual
2025q1,compensation_share_of_gdp,51.6,actual
2025q2,compensation_share_of_gdp,51.5,actual
2025q3,compensation_share_of_gdp,51.2,projected
2025q4,compensation_share_of_gdp,51.1,projected
2026q1,compensation_share_of_gdp,51.1,projected
2026q2,compensation_share_of_gdp,51.1,projected
2026q3,compensation_share_of_gdp,51.1,projected
2026q4,compensation_share_of_gdp,51.1,projected
2027q1,compensation_share_of_gdp,51.1,projected
2027q2,compensation_share_of_gdp,51.1,projected
2027q3,compensation_share_of_gdp,51.2,projected
2027q4,compensation_share_of_gdp,51.2,projected
2028q1,compensation_share_of_gdp,51.2,projected
2028q2,compensation_share_of_gdp,51.2,projected
2028q3,compensation_share_of_gdp,51.3,projected
2028q4,compensation_share_of_gdp,51.3,projected
2029q1,compensation_share_of_gdp,51.3,projected
2029q2,compensation_share_of_gdp,51.4,projected
2029q3,compensation_share_of_gdp,51.4,projected
2029q4,compensation_share_of_gdp,51.4,projected
2030q1,compensation_share_of_gdp,51.4,projected
2030q2,compensation_share_of_gdp,51.4,projected
2030q3,compensation_share_of_gdp,51.5,projected
2030q4,compensation_share_of_gdp,51.5,projected
2031q1,compensation_share_of_gdp,51.5,projected
2031q2,compensation_share_of_gdp,51.5,projected
2031q3,compensation_share_of_gdp,51.5,projected
2031q4,compensation_share_of_gdp,51.6,projected
2032q1,compensation_share_of_gdp,51.6,projected
2032q2,compensation_share_of_gdp,51.6,projected
2032q3,compensation_share_of_gdp,51.6,projected
2032q4,compensation_share_of_gdp,51.6,projected
2033q1,compensation_share_of_gdp,51.6,projected
2033q2,compensation_share_of_gdp,51.6,projected
2033q3,compensation_share_of_gdp,51.6,projected
2033q4,compensation_share_of_gdp,51.6,projected
2034q1,compensation_share_of_gdp,51.6,projected
2034q2,compensation_share_of_gdp,51.6,projected
2034q3,compensation_share_of_gdp,51.6,projected
2034q4,compensation_share_of_gdp,51.6,projected
2035q1,compensation_share_of_gdp,51.6,projected
2035q2,compensation_share_of_gdp,51.6,projected
2035q3,compensation_share_of_gdp,51.6,projected
2035q4,compensation_share_of_gdp,51.6,projected
2036q1,compensation_share_of_gdp,51.6,projected
2036q2,compensation_share_of_gdp,51.6,projected
2036q3,compensation_share_of_gdp,51.6,projected
2036q4,compensation_share_of_gdp,51.6,projected
2023q1,core_cpiu,303.968,actual
2023q2,core_cpiu,307.468,actual
2023q3,core_cpiu,309.74,actual
2023q4,core_cpiu,312.345,actual
2024q1,core_cpiu,315.568,actual
2024q2,core_cpiu,317.997,actual
2024q3,core_cpiu,319.869,actual
2024q4,core_cpiu,322.534,actual
2025q1,core_cpiu,325.291,actual
2025q2,core_cpiu,326.961,actual
2025q3,core_cpiu,329.663,projected
2025q4,core_cpiu,332.442,projected
2026q1,core_cpiu,335.297,projected
2026q2,core_cpiu,337.785,projected
2026q3,core_cpiu,340.134,projected
2026q4,core_cpiu,342.357,projected
2027q1,core_cpiu,344.506,projected
2027q2,core_cpiu,346.594,projected
2027q3,core_cpiu,348.673,projected
2027q4,core_cpiu,350.733,projected
2028q1,core_cpiu,352.78,projected
2028q2,core_cpiu,354.814,projected
2028q3,core_cpiu,356.837,projected
2028q4,core_cpiu,358.859,projected
2029q1,core_cpiu,360.882,projected
2029q2,core_cpiu,362.91,projected
2029q3,core_cpiu,364.944,projected
2029q4,core_cpiu,366.986,projected
2030q1,core_cpiu,369.04,projected
2030q2,core_cpiu,371.107,projected
2030q3,core_cpiu,373.186,projected
2030q4,core_cpiu,375.277,projected
2031q1,core_cpiu,377.381,projected
2031q2,core_cpiu,379.497,projected
2031q3,core_cpiu,381.625,projected
2031q4,core_cpiu,383.767,projected
2032q1,core_cpiu,385.921,projected
2032q2,core_cpiu,388.087,projected
2032q3,core_cpiu,390.266,projected
2032q4,core_cpiu,392.458,projected
2033q1,core_cpiu,394.662,projected
2033q2,core_cpiu,396.879,projected
2033q3,core_cpiu,399.109,projected
2033q4,core_cpiu,401.352,projected
2034q1,core_cpiu,403.608,projected
2034q2,core_cpiu,405.876,projected
2034q3,core_cpiu,408.158,projected
2034q4,core_cpiu,410.453,projected
2035q1,core_cpiu,412.76,projected
2035q2,core_cpiu,415.081,projected
2035q3,core_cpiu,417.415,projected
2035q4,core_cpiu,419.762,projected
2036q1,core_cpiu,422.123,projected
2036q2,core_cpiu,424.497,projected
2036q3,core_cpiu,426.885,projected
2036q4,core_cpiu,429.286,projected
2023q1,core_cpiu_pct_change,4.869,actual
2023q2,core_cpiu_pct_change,4.685,actual
2023q3,core_cpiu_pct_change,2.989,actual
2023q4,core_cpiu_pct_change,3.406,actual
2024q1,core_cpiu_pct_change,4.192,actual
2024q2,core_cpiu_pct_change,3.114,actual
2024q3,core_cpiu_pct_change,2.375,actual
2024q4,core_cpiu_pct_change,3.374,actual
2025q1,core_cpiu_pct_change,3.462,actual
2025q2,core_cpiu_pct_change,2.069,actual
2025q3,core_cpiu_pct_change,3.347,projected
2025q4,core_cpiu_pct_change,3.414,projected
2026q1,core_cpiu_pct_change,3.48,projected
2026q2,core_cpiu_pct_change,3.0,projected
2026q3,core_cpiu_pct_change,2.81,projected
2026q4,core_cpiu_pct_change,2.64,projected
2027q1,core_cpiu_pct_change,2.534,projected
2027q2,core_cpiu_pct_change,2.446,projected
2027q3,core_cpiu_pct_change,2.42,projected
2027q4,core_cpiu_pct_change,2.383,projected
2028q1,core_cpiu_pct_change,2.355,projected
2028q2,core_cpiu_pct_change,2.326,projected
2028q3,core_cpiu_pct_change,2.299,projected
2028q4,core_cpiu_pct_change,2.286,projected
2029q1,core_cpiu_pct_change,2.274,projected
2029q2,core_cpiu_pct_change,2.266,projected
2029q3,core_cpiu_pct_change,2.261,projected
2029q4,core_cpiu_pct_change,2.256,projected
2030q1,core_cpiu_pct_change,2.257,projected
2030q2,core_cpiu_pct_change,2.258,projected
2030q3,core_cpiu_pct_change,2.259,projected
2030q4,core_cpiu_pct_change,2.26,projected
2031q1,core_cpiu_pct_change,2.261,projected
2031q2,core_cpiu_pct_change,2.261,projected
2031q3,core_cpiu_pct_change,2.262,projected
2031q4,core_cpiu_pct_change,2.263,projected
2032q1,core_cpiu_pct_change,2.263,projected
2032q2,core_cpiu_pct_change,2.264,projected
2032q3,core_cpiu_pct_change,2.264,projected
2032q4,core_cpiu_pct_change,2.265,projected
2033q1,core_cpiu_pct_change,2.265,projected
2033q2,core_cpiu_pct_change,2.266,projected
2033q3,core_cpiu_pct_change,2.266,projected
2033q4,core_cpiu_pct_change,2.266,projected
2034q1,core_cpiu_pct_change,2.267,projected
2034q2,core_cpiu_pct_change,2.267,projected
2034q3,core_cpiu_pct_change,2.267,projected
2034q4,core_cpiu_pct_change,2.267,projected
2035q1,core_cpiu_pct_change,2.267,projected
2035q2,core_cpiu_pct_change,2.268,projected
2035q3,core_cpiu_pct_change,2.268,projected
2035q4,core_cpiu_pct_change,2.268,projected
2036q1,core_cpiu_pct_change,2.268,projected
2036q2,core_cpiu_pct_change,2.268,projected
2036q3,core_cpiu_pct_change,2.268,projected
2036q4,core_cpiu_pct_change,2.268,projected
2023q1,core_pce_price_index,117.917,actual
2023q2,core_pce_price_index,119.069,actual
2023q3,core_pce_price_index,119.768,actual
2023q4,core_pce_price_index,120.403,actual
2024q1,core_pce_price_index,121.588,actual
2024q2,core_pce_price_index,122.454,actual
2024q3,core_pce_price_index,123.168,actual
2024q4,core_pce_price_index,123.997,actual
2025q1,core_pce_price_index,125.0,actual
2025q2,core_pce_price_index,125.804,actual
2025q3,core_pce_price_index,126.691,projected
2025q4,core_pce_price_index,127.588,projected
2026q1,core_pce_price_index,128.59,projected
2026q2,core_pce_price_index,129.51,projected
2026q3,core_pce_price_index,130.364,projected
2026q4,core_pce_price_index,131.164,projected
2027q1,core_pce_price_index,131.946,projected
2027q2,core_pce_price_index,132.712,projected
2027q3,core_pce_price_index,133.465,projected
2027q4,core_pce_price_index,134.207,projected
2028q1,core_pce_price_index,134.94,projected
2028q2,core_pce_price_index,135.666,projected
2028q3,core_pce_price_index,136.386,projected
2028q4,core_pce_price_index,137.102,projected
2029q1,core_pce_price_index,137.814,projected
2029q2,core_pce_price_index,138.523,projected
2029q3,core_pce_price_index,139.23,projected
2029q4,core_pce_price_index,139.937,projected
2030q1,core_pce_price_index,140.642,projected
2030q2,core_pce_price_index,141.348,projected
2030q3,core_pce_price_index,142.054,projected
2030q4,core_pce_price_index,142.761,projected
2031q1,core_pce_price_index,143.47,projected
2031q2,core_pce_price_index,144.18,projected
2031q3,core_pce_price_index,144.892,projected
2031q4,core_pce_price_index,145.605,projected
2032q1,core_pce_price_index,146.321,projected
2032q2,core_pce_price_index,147.04,projected
2032q3,core_pce_price_index,147.761,projected
2032q4,core_pce_price_index,148.485,projected
2033q1,core_pce_price_index,149.212,projected
2033q2,core_pce_price_index,149.941,projected
2033q3,core_pce_price_index,150.674,projected
2033q4,core_pce_price_index,151.41,projected
2034q1,core_pce_price_index,152.149,projected
2034q2,core_pce_price_index,152.891,projected
2034q3,core_pce_price_index,153.637,projected
2034q4,core_pce_price_index,154.386,projected
2035q1,core_pce_price_index,155.138,projected
2035q2,core_pce_price_index,155.894,projected
2035q3,core_pce_price_index,156.653,projected
2035q4,core_pce_price_index,157.416,projected
2036q1,core_pce_price_index,158.183,projected
2036q2,core_pce_price_index,158.953,projected
2036q3,core_pce_price_index,159.727,projected
2036q4,core_pce_price_index,160.504,projected
2023q1,core_pce_price_index_pct_change,4.72,actual
2023q2,core_pce_price_index_pct_change,3.965,actual
2023q3,core_pce_price_index_pct_change,2.368,actual
2023q4,core_pce_price_index_pct_change,2.137,actual
2024q1,core_pce_price_index_pct_change,3.995,actual
2024q2,core_pce_price_index_pct_change,2.879,actual
2024q3,core_pce_price_index_pct_change,2.352,actual
2024q4,core_pce_price_index_pct_change,2.719,actual
2025q1,core_pce_price_index_pct_change,3.275,actual
2025q2,core_pce_price_index_pct_change,2.597,actual
2025q3,core_pce_price_index_pct_change,2.852,projected
2025q4,core_pce_price_index_pct_change,2.861,projected
2026q1,core_pce_price_index_pct_change,3.177,projected
2026q2,core_pce_price_index_pct_change,2.895,projected
2026q3,core_pce_price_index_pct_change,2.663,projected
2026q4,core_pce_price_index_pct_change,2.477,projected
2027q1,core_pce_price_index_pct_change,2.404,projected
2027q2,core_pce_price_index_pct_change,2.342,projected
2027q3,core_pce_price_index_pct_change,2.288,projected
2027q4,core_pce_price_index_pct_change,2.242,projected
2028q1,core_pce_price_index_pct_change,2.203,projected
2028q2,core_pce_price_index_pct_change,2.169,projected
2028q3,core_pce_price_index_pct_change,2.14,projected
2028q4,core_pce_price_index_pct_change,2.114,projected
2029q1,core_pce_price_index_pct_change,2.093,projected
2029q2,core_pce_price_index_pct_change,2.074,projected
2029q3,core_pce_price_index_pct_change,2.058,projected
2029q4,core_pce_price_index_pct_change,2.044,projected
2030q1,core_pce_price_index_pct_change,2.032,projected
2030q2,core_pce_price_index_pct_change,2.022,projected
2030q3,core_pce_price_index_pct_change,2.013,projected
2030q4,core_pce_price_index_pct_change,2.006,projected
2031q1,core_pce_price_index_pct_change,1.999,projected
2031q2,core_pce_price_index_pct_change,1.994,projected
2031q3,core_pce_price_index_pct_change,1.989,projected
2031q4,core_pce_price_index_pct_change,1.985,projected
2032q1,core_pce_price_index_pct_change,1.981,projected
2032q2,core_pce_price_index_pct_change,1.978,projected
2032q3,core_pce_price_index_pct_change,1.976,projected
2032q4,core_pce_price_index_pct_change,1.973,projected
2033q1,core_pce_price_index_pct_change,1.972,projected
2033q2,core_pce_price_index_pct_change,1.97,projected
2033q3,core_pce_price_index_pct_change,1.968,projected
2033q4,core_pce_price_index_pct_change,1.967,projected
2034q1,core_pce_price_index_pct_change,1.966,projected
2034q2,core_pce_price_index_pct_change,1.965,projected
2034q3,core_pce_price_index_pct_change,1.964,projected
2034q4,core_pce_price_index_pct_change,1.964,projected
2035q1,core_pce_price_index_pct_change,1.963,projected
2035q2,core_pce_price_index_pct_change,1.963,projected
2035q3,core_pce_price_index_pct_change,1.962,projected
2035q4,core_pce_price_index_pct_change,1.962,projected
2036q1,core_pce_price_index_pct_change,1.962,projected
2036q2,core_pce_price_index_pct_change,1.961,projected
2036q3,core_pce_price_index_pct_change,1.961,projected
2036q4,core_pce_price_index_pct_change,1.961,projected
2023q1,corp_profits_adj,3524.3,actual
2023q2,corp_profits_adj,3532.5,actual
2023q3,corp_profits_adj,3648.8,actual
2023q4,corp_profits_adj,3763.7,actual
2024q1,corp_profits_adj,3687.5,actual
2024q2,corp_profits_adj,3793.1,actual
2024q3,corp_profits_adj,3755.7,actual
2024q4,corp_profits_adj,3970.6,actual
2025q1,corp_profits_adj,3922.9,actual
2025q2,corp_profits_adj,3929.7,actual
2025q3,corp_profits_adj,4029.0,projected
2025q4,corp_profits_adj,4086.0,projected
2026q1,corp_profits_adj,4164.9,projected
2026q2,corp_profits_adj,4181.3,projected
2026q3,corp_profits_adj,4192.4,projected
2026q4,corp_profits_adj,4207.4,projected
2027q1,corp_profits_adj,4192.6,projected
2027q2,corp_profits_adj,4188.5,projected
2027q3,corp_profits_adj,4181.5,projected
2027q4,corp_profits_adj,4201.5,projected
2028q1,corp_profits_adj,4196.0,projected
2028q2,corp_profits_adj,4193.2,projected
2028q3,corp_profits_adj,4180.3,projected
2028q4,corp_profits_adj,4199.7,projected
2029q1,corp_profits_adj,4199.7,projected
2029q2,corp_profits_adj,4208.5,projected
2029q3,corp_profits_adj,4215.7,projected
2029q4,corp_profits_adj,4260.5,projected
2030q1,corp_profits_adj,4277.8,projected
2030q2,corp_profits_adj,4305.1,projected
2030q3,corp_profits_adj,4325.9,projected
2030q4,corp_profits_adj,4387.5,projected
2031q1,corp_profits_adj,4414.5,projected
2031q2,corp_profits_adj,4450.0,projected
2031q3,corp_profits_adj,4479.6,projected
2031q4,corp_profits_adj,4558.3,projected
2032q1,corp_profits_adj,4593.1,projected
2032q2,corp_profits_adj,4634.1,projected
2032q3,corp_profits_adj,4670.6,projected
2032q4,corp_profits_adj,4742.5,projected
2033q1,corp_profits_adj,4782.3,projected
2033q2,corp_profits_adj,4829.7,projected
2033q3,corp_profits_adj,4873.0,projected
2033q4,corp_profits_adj,4943.8,projected
2034q1,corp_profits_adj,4987.1,projected
2034q2,corp_profits_adj,5040.1,projected
2034q3,corp_profits_adj,5088.0,projected
2034q4,corp_profits_adj,5151.6,projected
2035q1,corp_profits_adj,5203.3,projected
2035q2,corp_profits_adj,5261.7,projected
2035q3,corp_profits_adj,5313.3,projected
2035q4,corp_profits_adj,5378.0,projected
2036q1,corp_profits_adj,5430.1,projected
2036q2,corp_profits_adj,5488.6,projected
2036q3,corp_profits_adj,5539.9,projected
2036q4,corp_profits_adj,5607.9,projected
2023q1,corp_profits_adj_share_of_gdp,12.9,actual
2023q2,corp_profits_adj_share_of_gdp,12.8,actual
2023q3,corp_profits_adj_share_of_gdp,13.0,actual
2023q4,corp_profits_adj_share_of_gdp,13.2,actual
2024q1,corp_profits_adj_share_of_gdp,12.8,actual
2024q2,corp_profits_adj_share_of_gdp,13.0,actual
2024q3,corp_profits_adj_share_of_gdp,12.7,actual
2024q4,corp_profits_adj_share_of_gdp,13.3,actual
2025q1,corp_profits_adj_share_of_gdp,13.1,actual
2025q2,corp_profits_adj_share_of_gdp,12.9,actual
2025q3,corp_profits_adj_share_of_gdp,13.0,projected
2025q4,corp_profits_adj_share_of_gdp,13.0,projected
2026q1,corp_profits_adj_share_of_gdp,13.1,projected
2026q2,corp_profits_adj_share_of_gdp,13.0,projected
2026q3,corp_profits_adj_share_of_gdp,12.9,projected
2026q4,corp_profits_adj_share_of_gdp,12.8,projected
2027q1,corp_profits_adj_share_of_gdp,12.6,projected
2027q2,corp_profits_adj_share_of_gdp,12.5,projected
2027q3,corp_profits_adj_share_of_gdp,12.4,projected
2027q4,corp_profits_adj_share_of_gdp,12.3,projected
2028q1,corp_profits_adj_share_of_gdp,12.2,projected
2028q2,corp_profits_adj_share_of_gdp,12.0,projected
2028q3,corp_profits_adj_share_of_gdp,11.9,projected
2028q4,corp_profits_adj_share_of_gdp,11.8,projected
2029q1,corp_profits_adj_share_of_gdp,11.7,projected
2029q2,corp_profits_adj_share_of_gdp,11.6,projected
2029q3,corp_profits_adj_share_of_gdp,11.5,projected
2029q4,corp_profits_adj_share_of_gdp,11.6,projected
2030q1,corp_profits_adj_share_of_gdp,11.5,projected
2030q2,corp_profits_adj_share_of_gdp,11.5,projected
2030q3,corp_profits_adj_share_of_gdp,11.4,projected
2030q4,corp_profits_adj_share_of_gdp,11.5,projected
2031q1,corp_profits_adj_share_of_gdp,11.4,projected
2031q2,corp_profits_adj_share_of_gdp,11.4,projected
2031q3,corp_profits_adj_share_of_gdp,11.4,projected
2031q4,corp_profits_adj_share_of_gdp,11.5,projected
2032q1,corp_profits_adj_share_of_gdp,11.5,projected
2032q2,corp_profits_adj_share_of_gdp,11.5,projected
2032q3,corp_profits_adj_share_of_gdp,11.4,projected
2032q4,corp_profits_adj_share_of_gdp,11.5,projected
2033q1,corp_profits_adj_share_of_gdp,11.5,projected
2033q2,corp_profits_adj_share_of_gdp,11.5,projected
2033q3,corp_profits_adj_share_of_gdp,11.5,projected
2033q4,corp_profits_adj_share_of_gdp,11.6,projected
2034q1,corp_profits_adj_share_of_gdp,11.6,projected
2034q2,corp_profits_adj_share_of_gdp,11.6,projected
2034q3,corp_profits_adj_share_of_gdp,11.6,projected
2034q4,corp_profits_adj_share_of_gdp,11.6,projected
2035q1,corp_profits_adj_share_of_gdp,11.6,projected
2035q2,corp_profits_adj_share_of_gdp,11.6,projected
2035q3,corp_profits_adj_share_of_gdp,11.6,projected
2035q4,corp_profits_adj_share_of_gdp,11.7,projected
2036q1,corp_profits_adj_share_of_gdp,11.7,projected
2036q2,corp_profits_adj_share_of_gdp,11.7,projected
2036q3,corp_profits_adj_share_of_gdp,11.7,projected
2036q4,corp_profits_adj_share_of_gdp,11.7,projected
2023q1,corp_profits_domestic_adj,3060.5,actual
2023q2,corp_profits_domestic_adj,3052.8,actual
2023q3,corp_profits_domestic_adj,3153.1,actual
2023q4,corp_profits_domestic_adj,3310.6,actual
2024q1,corp_profits_domestic_adj,3243.8,actual
2024q2,corp_profits_domestic_adj,3343.4,actual
2024q3,corp_profits_domestic_adj,3342.6,actual
2024q4,corp_profits_domestic_adj,3446.9,actual
2025q1,corp_profits_domestic_adj,3437.0,actual
2025q2,corp_profits_domestic_adj,3458.2,actual
2025q3,corp_profits_domestic_adj,3452.9,projected
2025q4,corp_profits_domestic_adj,3506.2,projected
2026q1,corp_profits_domestic_adj,3577.4,projected
2026q2,corp_profits_domestic_adj,3588.5,projected
2026q3,corp_profits_domestic_adj,3601.8,projected
2026q4,corp_profits_domestic_adj,3624.4,projected
2027q1,corp_profits_domestic_adj,3613.3,projected
2027q2,corp_profits_domestic_adj,3615.0,projected
2027q3,corp_profits_domestic_adj,3610.4,projected
2027q4,corp_profits_domestic_adj,3635.5,projected
2028q1,corp_profits_domestic_adj,3629.7,projected
2028q2,corp_profits_domestic_adj,3626.9,projected
2028q3,corp_profits_domestic_adj,3612.1,projected
2028q4,corp_profits_domestic_adj,3632.5,projected
2029q1,corp_profits_domestic_adj,3629.5,projected
2029q2,corp_profits_domestic_adj,3637.0,projected
2029q3,corp_profits_domestic_adj,3641.7,projected
2029q4,corp_profits_domestic_adj,3686.6,projected
2030q1,corp_profits_domestic_adj,3699.3,projected
2030q2,corp_profits_domestic_adj,3722.9,projected
2030q3,corp_profits_domestic_adj,3739.0,projected
2030q4,corp_profits_domestic_adj,3799.3,projected
2031q1,corp_profits_domestic_adj,3820.0,projected
2031q2,corp_profits_domestic_adj,3850.5,projected
2031q3,corp_profits_domestic_adj,3874.4,projected
2031q4,corp_profits_domestic_adj,3952.6,projected
2032q1,corp_profits_domestic_adj,3979.5,projected
2032q2,corp_profits_domestic_adj,4014.2,projected
2032q3,corp_profits_domestic_adj,4043.6,projected
2032q4,corp_profits_domestic_adj,4111.4,projected
2033q1,corp_profits_domestic_adj,4142.7,projected
2033q2,corp_profits_domestic_adj,4182.9,projected
2033q3,corp_profits_domestic_adj,4217.9,projected
2033q4,corp_profits_domestic_adj,4283.6,projected
2034q1,corp_profits_domestic_adj,4317.1,projected
2034q2,corp_profits_domestic_adj,4361.6,projected
2034q3,corp_profits_domestic_adj,4400.7,projected
2034q4,corp_profits_domestic_adj,4457.7,projected
2035q1,corp_profits_domestic_adj,4499.9,projected
2035q2,corp_profits_domestic_adj,4550.0,projected
2035q3,corp_profits_domestic_adj,4592.5,projected
2035q4,corp_profits_domestic_adj,4650.7,projected
2036q1,corp_profits_domestic_adj,4693.1,projected
2036q2,corp_profits_domestic_adj,4743.2,projected
2036q3,corp_profits_domestic_adj,4785.3,projected
2036q4,corp_profits_domestic_adj,4846.6,projected
2023q1,corp_profits_domestic_adj_share_of_gdp,11.2,actual
2023q2,corp_profits_domestic_adj_share_of_gdp,11.1,actual
2023q3,corp_profits_domestic_adj_share_of_gdp,11.2,actual
2023q4,corp_profits_domestic_adj_share_of_gdp,11.6,actual
2024q1,corp_profits_domestic_adj_share_of_gdp,11.3,actual
2024q2,corp_profits_domestic_adj_share_of_gdp,11.5,actual
2024q3,corp_profits_domestic_adj_share_of_gdp,11.3,actual
2024q4,corp_profits_domestic_adj_share_of_gdp,11.6,actual
2025q1,corp_profits_domestic_adj_share_of_gdp,11.4,actual
2025q2,corp_profits_domestic_adj_share_of_gdp,11.3,actual
2025q3,corp_profits_domestic_adj_share_of_gdp,11.1,projected
2025q4,corp_profits_domestic_adj_share_of_gdp,11.2,projected
2026q1,corp_profits_domestic_adj_share_of_gdp,11.3,projected
2026q2,corp_profits_domestic_adj_share_of_gdp,11.2,projected
2026q3,corp_profits_domestic_adj_share_of_gdp,11.1,projected
2026q4,corp_profits_domestic_adj_share_of_gdp,11.0,projected
2027q1,corp_profits_domestic_adj_share_of_gdp,10.9,projected
2027q2,corp_profits_domestic_adj_share_of_gdp,10.8,projected
2027q3,corp_profits_domestic_adj_share_of_gdp,10.7,projected
2027q4,corp_profits_domestic_adj_share_of_gdp,10.6,projected
2028q1,corp_profits_domestic_adj_share_of_gdp,10.5,projected
2028q2,corp_profits_domestic_adj_share_of_gdp,10.4,projected
2028q3,corp_profits_domestic_adj_share_of_gdp,10.3,projected
2028q4,corp_profits_domestic_adj_share_of_gdp,10.2,projected
2029q1,corp_profits_domestic_adj_share_of_gdp,10.1,projected
2029q2,corp_profits_domestic_adj_share_of_gdp,10.1,projected
2029q3,corp_profits_domestic_adj_share_of_gdp,10.0,projected
2029q4,corp_profits_domestic_adj_share_of_gdp,10.0,projected
2030q1,corp_profits_domestic_adj_share_of_gdp,9.9,projected
2030q2,corp_profits_domestic_adj_share_of_gdp,9.9,projected
2030q3,corp_profits_domestic_adj_share_of_gdp,9.9,projected
2030q4,corp_profits_domestic_adj_share_of_gdp,9.9,projected
2031q1,corp_profits_domestic_adj_share_of_gdp,9.9,projected
2031q2,corp_profits_domestic_adj_share_of_gdp,9.9,projected
2031q3,corp_profits_domestic_adj_share_of_gdp,9.8,projected
2031q4,corp_profits_domestic_adj_share_of_gdp,10.0,projected
2032q1,corp_profits_domestic_adj_share_of_gdp,9.9,projected
2032q2,corp_profits_domestic_adj_share_of_gdp,9.9,projected
2032q3,corp_profits_domestic_adj_share_of_gdp,9.9,projected
2032q4,corp_profits_domestic_adj_share_of_gdp,10.0,projected
2033q1,corp_profits_domestic_adj_share_of_gdp,10.0,projected
2033q2,corp_profits_domestic_adj_share_of_gdp,10.0,projected
2033q3,corp_profits_domestic_adj_share_of_gdp,10.0,projected
2033q4,corp_profits_domestic_adj_share_of_gdp,10.0,projected
2034q1,corp_profits_domestic_adj_share_of_gdp,10.0,projected
2034q2,corp_profits_domestic_adj_share_of_gdp,10.0,projected
2034q3,corp_profits_domestic_adj_share_of_gdp,10.0,projected
2034q4,corp_profits_domestic_adj_share_of_gdp,10.0,projected
2035q1,corp_profits_domestic_adj_share_of_gdp,10.0,projected
2035q2,corp_profits_domestic_adj_share_of_gdp,10.1,projected
2035q3,corp_profits_domestic_adj_share_of_gdp,10.1,projected
2035q4,corp_profits_domestic_adj_share_of_gdp,10.1,projected
2036q1,corp_profits_domestic_adj_share_of_gdp,10.1,projected
2036q2,corp_profits_domestic_adj_share_of_gdp,10.1,projected
2036q3,corp_profits_domestic_adj_share_of_gdp,10.1,projected
2036q4,corp_profits_domestic_adj_share_of_gdp,10.1,projected
2023q1,cpiu,301.191,actual
2023q2,cpiu,303.424,actual
2023q3,cpiu,306.042,actual
2023q4,cpiu,308.158,actual
2024q1,cpiu,310.974,actual
2024q2,cpiu,313.095,actual
2024q3,cpiu,314.182,actual
2024q4,cpiu,316.538,actual
2025q1,cpiu,319.492,actual
2025q2,cpiu,320.8,actual
2025q3,cpiu,323.288,projected
2025q4,cpiu,325.934,projected
2026q1,cpiu,328.413,projected
2026q2,cpiu,330.708,projected
2026q3,cpiu,332.976,projected
2026q4,cpiu,335.132,projected
2027q1,cpiu,337.213,projected
2027q2,cpiu,339.25,projected
2027q3,cpiu,341.281,projected
2027q4,cpiu,343.298,projected
2028q1,cpiu,345.305,projected
2028q2,cpiu,347.303,projected
2028q3,cpiu,349.291,projected
2028q4,cpiu,351.28,projected
2029q1,cpiu,353.269,projected
2029q2,cpiu,355.262,projected
2029q3,cpiu,357.26,projected
2029q4,cpiu,359.265,projected
2030q1,cpiu,361.279,projected
2030q2,cpiu,363.304,projected
2030q3,cpiu,365.34,projected
2030q4,cpiu,367.386,projected
2031q1,cpiu,369.444,projected
2031q2,cpiu,371.512,projected
2031q3,cpiu,373.591,projected
2031q4,cpiu,375.682,projected
2032q1,cpiu,377.784,projected
2032q2,cpiu,379.898,projected
2032q3,cpiu,382.024,projected
2032q4,cpiu,384.161,projected
2033q1,cpiu,386.31,projected
2033q2,cpiu,388.471,projected
2033q3,cpiu,390.644,projected
2033q4,cpiu,392.83,projected
2034q1,cpiu,395.027,projected
2034q2,cpiu,397.237,projected
2034q3,cpiu,399.46,projected
2034q4,cpiu,401.695,projected
2035q1,cpiu,403.943,projected
2035q2,cpiu,406.203,projected
2035q3,cpiu,408.476,projected
2035q4,cpiu,410.762,projected
2036q1,cpiu,413.061,projected
2036q2,cpiu,415.373,projected
2036q3,cpiu,417.698,projected
2036q4,cpiu,420.036,projected
2023q1,cpiu_medical_price_index,548.962,actual
2023q2,cpiu_medical_price_index,547.326,actual
2023q3,cpiu_medical_price_index,547.946,actual
2023q4,cpiu_medical_price_index,552.09,actual
2024q1,cpiu_medical_price_index,557.492,actual
2024q2,cpiu_medical_price_index,563.65,actual
2024q3,cpiu_medical_price_index,565.26,actual
2024q4,cpiu_medical_price_index,568.965,actual
2025q1,cpiu_medical_price_index,572.665,actual
2025q2,cpiu_medical_price_index,578.666,actual
2025q3,cpiu_medical_price_index,584.566,projected
2025q4,cpiu_medical_price_index,589.22,projected
2026q1,cpiu_medical_price_index,594.277,projected
2026q2,cpiu_medical_price_index,598.295,projected
2026q3,cpiu_medical_price_index,602.2,projected
2026q4,cpiu_medical_price_index,606.555,projected
2027q1,cpiu_medical_price_index,610.794,projected
2027q2,cpiu_medical_price_index,615.295,projected
2027q3,cpiu_medical_price_index,619.97,projected
2027q4,cpiu_medical_price_index,624.643,projected
2028q1,cpiu_medical_price_index,629.443,projected
2028q2,cpiu_medical_price_index,634.267,projected
2028q3,cpiu_medical_price_index,639.098,projected
2028q4,cpiu_medical_price_index,643.98,projected
2029q1,cpiu_medical_price_index,648.888,projected
2029q2,cpiu_medical_price_index,653.84,projected
2029q3,cpiu_medical_price_index,658.85,projected
2029q4,cpiu_medical_price_index,663.907,projected
2030q1,cpiu_medical_price_index,669.014,projected
2030q2,cpiu_medical_price_index,674.167,projected
2030q3,cpiu_medical_price_index,679.359,projected
2030q4,cpiu_medical_price_index,684.588,projected
2031q1,cpiu_medical_price_index,689.854,projected
2031q2,cpiu_medical_price_index,695.157,projected
2031q3,cpiu_medical_price_index,700.499,projected
2031q4,cpiu_medical_price_index,705.882,projected
2032q1,cpiu_medical_price_index,711.306,projected
2032q2,cpiu_medical_price_index,716.772,projected
2032q3,cpiu_medical_price_index,722.279,projected
2032q4,cpiu_medical_price_index,727.828,projected
2033q1,cpiu_medical_price_index,733.417,projected
2033q2,cpiu_medical_price_index,739.047,projected
2033q3,cpiu_medical_price_index,744.719,projected
2033q4,cpiu_medical_price_index,750.432,projected
2034q1,cpiu_medical_price_index,756.187,projected
2034q2,cpiu_medical_price_index,761.985,projected
2034q3,cpiu_medical_price_index,767.826,projected
2034q4,cpiu_medical_price_index,773.71,projected
2035q1,cpiu_medical_price_index,779.639,projected
2035q2,cpiu_medical_price_index,785.611,projected
2035q3,cpiu_medical_price_index,791.628,projected
2035q4,cpiu_medical_price_index,797.689,projected
2036q1,cpiu_medical_price_index,803.796,projected
2036q2,cpiu_medical_price_index,809.948,projected
2036q3,cpiu_medical_price_index,816.146,projected
2036q4,cpiu_medical_price_index,822.391,projected
2023q1,cpiu_medical_price_index_pct_change,-2.516,actual
2023q2,cpiu_medical_price_index_pct_change,-1.186,actual
2023q3,cpiu_medical_price_index_pct_change,0.454,actual
2023q4,cpiu_medical_price_index_pct_change,3.059,actual
2024q1,cpiu_medical_price_index_pct_change,3.971,actual
2024q2,cpiu_medical_price_index_pct_change,4.492,actual
2024q3,cpiu_medical_price_index_pct_change,1.147,actual
2024q4,cpiu_medical_price_index_pct_change,2.648,actual
2025q1,cpiu_medical_price_index_pct_change,2.626,actual
2025q2,cpiu_medical_price_index_pct_change,4.257,actual
2025q3,cpiu_medical_price_index_pct_change,4.141,projected
2025q4,cpiu_medical_price_index_pct_change,3.223,projected
2026q1,cpiu_medical_price_index_pct_change,3.477,projected
2026q2,cpiu_medical_price_index_pct_change,2.731,projected
2026q3,cpiu_medical_price_index_pct_change,2.636,projected
2026q4,cpiu_medical_price_index_pct_change,2.924,projected
2027q1,cpiu_medical_price_index_pct_change,2.824,projected
2027q2,cpiu_medical_price_index_pct_change,2.98,projected
2027q3,cpiu_medical_price_index_pct_change,3.074,projected
2027q4,cpiu_medical_price_index_pct_change,3.048,projected
2028q1,cpiu_medical_price_index_pct_change,3.109,projected
2028q2,cpiu_medical_price_index_pct_change,3.101,projected
2028q3,cpiu_medical_price_index_pct_change,3.081,projected
2028q4,cpiu_medical_price_index_pct_change,3.09,projected
2029q1,cpiu_medical_price_index_pct_change,3.083,projected
2029q2,cpiu_medical_price_index_pct_change,3.088,projected
2029q3,cpiu_medical_price_index_pct_change,3.099,projected
2029q4,cpiu_medical_price_index_pct_change,3.105,projected
2030q1,cpiu_medical_price_index_pct_change,3.113,projected
2030q2,cpiu_medical_price_index_pct_change,3.116,projected
2030q3,cpiu_medical_price_index_pct_change,3.115,projected
2030q4,cpiu_medical_price_index_pct_change,3.114,projected
2031q1,cpiu_medical_price_index_pct_change,3.112,projected
2031q2,cpiu_medical_price_index_pct_change,3.11,projected
2031q3,cpiu_medical_price_index_pct_change,3.109,projected
2031q4,cpiu_medical_price_index_pct_change,3.109,projected
2032q1,cpiu_medical_price_index_pct_change,3.109,projected
2032q2,cpiu_medical_price_index_pct_change,3.109,projected
2032q3,cpiu_medical_price_index_pct_change,3.109,projected
2032q4,cpiu_medical_price_index_pct_change,3.108,projected
2033q1,cpiu_medical_price_index_pct_change,3.107,projected
2033q2,cpiu_medical_price_index_pct_change,3.106,projected
2033q3,cpiu_medical_price_index_pct_change,3.105,projected
2033q4,cpiu_medical_price_index_pct_change,3.103,projected
2034q1,cpiu_medical_price_index_pct_change,3.103,projected
2034q2,cpiu_medical_price_index_pct_change,3.102,projected
2034q3,cpiu_medical_price_index_pct_change,3.101,projected
2034q4,cpiu_medical_price_index_pct_change,3.1,projected
2035q1,cpiu_medical_price_index_pct_change,3.1,projected
2035q2,cpiu_medical_price_index_pct_change,3.099,projected
2035q3,cpiu_medical_price_index_pct_change,3.098,projected
2035q4,cpiu_medical_price_index_pct_change,3.098,projected
2036q1,cpiu_medical_price_index_pct_change,3.097,projected
2036q2,cpiu_medical_price_index_pct_change,3.096,projected
2036q3,cpiu_medical_price_index_pct_change,3.096,projected
2036q4,cpiu_medical_price_index_pct_change,3.095,projected
2023q1,cpiu_pct_change,3.658,actual
2023q2,cpiu_pct_change,2.998,actual
2023q3,cpiu_pct_change,3.496,actual
2023q4,cpiu_pct_change,2.794,actual
2024q1,cpiu_pct_change,3.705,actual
2024q2,cpiu_pct_change,2.756,actual
2024q3,cpiu_pct_change,1.395,actual
2024q4,cpiu_pct_change,3.033,actual
2025q1,cpiu_pct_change,3.784,actual
2025q2,cpiu_pct_change,1.648,actual
2025q3,cpiu_pct_change,3.138,projected
2025q4,cpiu_pct_change,3.314,projected
2026q1,cpiu_pct_change,3.077,projected
2026q2,cpiu_pct_change,2.825,projected
2026q3,cpiu_pct_change,2.771,projected
2026q4,cpiu_pct_change,2.615,projected
2027q1,cpiu_pct_change,2.507,projected
2027q2,cpiu_pct_change,2.438,projected
2027q3,cpiu_pct_change,2.416,projected
2027q4,cpiu_pct_change,2.384,projected
2028q1,cpiu_pct_change,2.359,projected
2028q2,cpiu_pct_change,2.333,projected
2028q3,cpiu_pct_change,2.309,projected
2028q4,cpiu_pct_change,2.296,projected
2029q1,cpiu_pct_change,2.284,projected
2029q2,cpiu_pct_change,2.275,projected
2029q3,cpiu_pct_change,2.269,projected
2029q4,cpiu_pct_change,2.263,projected
2030q1,cpiu_pct_change,2.262,projected
2030q2,cpiu_pct_change,2.261,projected
2030q3,cpiu_pct_change,2.26,projected
2030q4,cpiu_pct_change,2.259,projected
2031q1,cpiu_pct_change,2.258,projected
2031q2,cpiu_pct_change,2.258,projected
2031q3,cpiu_pct_change,2.257,projected
2031q4,cpiu_pct_change,2.257,projected
2032q1,cpiu_pct_change,2.257,projected
2032q2,cpiu_pct_change,2.256,projected
2032q3,cpiu_pct_change,2.256,projected
2032q4,cpiu_pct_change,2.256,projected
2033q1,cpiu_pct_change,2.256,projected
2033q2,cpiu_pct_change,2.256,projected
2033q3,cpiu_pct_change,2.256,projected
2033q4,cpiu_pct_change,2.256,projected
2034q1,cpiu_pct_change,2.256,projected
2034q2,cpiu_pct_change,2.256,projected
2034q3,cpiu_pct_change,2.256,projected
2034q4,cpiu_pct_change,2.256,projected
2035q1,cpiu_pct_change,2.256,projected
2035q2,cpiu_pct_change,2.257,projected
2035q3,cpiu_pct_change,2.257,projected
2035q4,cpiu_pct_change,2.257,projected
2036q1,cpiu_pct_change,2.257,projected
2036q2,cpiu_pct_change,2.257,projected
2036q3,cpiu_pct_change,2.257,projected
2036q4,cpiu_pct_change,2.257,projected
2023q1,current_account_balance,-917.5,actual
2023q2,current_account_balance,-926.7,actual
2023q3,current_account_balance,-916.8,actual
2023q4,current_account_balance,-990.4,actual
2024q1,current_account_balance,-1065.6,actual
2024q2,current_account_balance,-1152.8,actual
2024q3,current_account_balance,-1318.4,actual
2024q4,current_account_balance,-1182.6,actual
2025q1,current_account_balance,-1502.6,actual
2025q2,current_account_balance,-1167.2,actual
2025q3,current_account_balance,-1034.6,projected
2025q4,current_account_balance,-1009.0,projected
2026q1,current_account_balance,-1052.3,projected
2026q2,current_account_balance,-1060.5,projected
2026q3,current_account_balance,-1066.7,projected
2026q4,current_account_balance,-1083.8,projected
2027q1,current_account_balance,-1089.7,projected
2027q2,current_account_balance,-1093.7,projected
2027q3,current_account_balance,-1091.8,projected
2027q4,current_account_balance,-1088.1,projected
2028q1,current_account_balance,-1081.1,projected
2028q2,current_account_balance,-1075.9,projected
2028q3,current_account_balance,-1072.0,projected
2028q4,current_account_balance,-1068.9,projected
2029q1,current_account_balance,-1060.2,projected
2029q2,current_account_balance,-1058.5,projected
2029q3,current_account_balance,-1056.8,projected
2029q4,current_account_balance,-1058.0,projected
2030q1,current_account_balance,-1058.9,projected
2030q2,current_account_balance,-1062.7,projected
2030q3,current_account_balance,-1068.2,projected
2030q4,current_account_balance,-1077.5,projected
2031q1,current_account_balance,-1078.0,projected
2031q2,current_account_balance,-1069.8,projected
2031q3,current_account_balance,-1061.7,projected
2031q4,current_account_balance,-1060.9,projected
2032q1,current_account_balance,-1058.1,projected
2032q2,current_account_balance,-1052.7,projected
2032q3,current_account_balance,-1045.4,projected
2032q4,current_account_balance,-1041.6,projected
2033q1,current_account_balance,-1037.9,projected
2033q2,current_account_balance,-1051.2,projected
2033q3,current_account_balance,-1053.9,projected
2033q4,current_account_balance,-1059.0,projected
2034q1,current_account_balance,-1058.6,projected
2034q2,current_account_balance,-1061.8,projected
2034q3,current_account_balance,-1064.4,projected
2034q4,current_account_balance,-1069.7,projected
2035q1,current_account_balance,-1080.9,projected
2035q2,current_account_balance,-1095.8,projected
2035q3,current_account_balance,-1110.2,projected
2035q4,current_account_balance,-1132.4,projected
2036q1,current_account_balance,-1151.8,projected
2036q2,current_account_balance,-1168.4,projected
2036q3,current_account_balance,-1182.9,projected
2036q4,current_account_balance,-1200.1,projected
2023q1,dividend_inc_pers,2092.7,actual
2023q2,dividend_inc_pers,2147.6,actual
2023q3,dividend_inc_pers,2156.9,actual
2023q4,dividend_inc_pers,2192.4,actual
2024q1,dividend_inc_pers,2217.8,actual
2024q2,dividend_inc_pers,2225.6,actual
2024q3,dividend_inc_pers,2214.6,actual
2024q4,dividend_inc_pers,2216.8,actual
2025q1,dividend_inc_pers,2241.3,actual
2025q2,dividend_inc_pers,2245.0,actual
2025q3,dividend_inc_pers,2312.6,projected
2025q4,dividend_inc_pers,2327.4,projected
2026q1,dividend_inc_pers,2381.6,projected
2026q2,dividend_inc_pers,2433.2,projected
2026q3,dividend_inc_pers,2449.9,projected
2026q4,dividend_inc_pers,2449.1,projected
2027q1,dividend_inc_pers,2430.9,projected
2027q2,dividend_inc_pers,2431.4,projected
2027q3,dividend_inc_pers,2427.8,projected
2027q4,dividend_inc_pers,2432.8,projected
2028q1,dividend_inc_pers,2430.3,projected
2028q2,dividend_inc_pers,2432.3,projected
2028q3,dividend_inc_pers,2426.3,projected
2028q4,dividend_inc_pers,2429.2,projected
2029q1,dividend_inc_pers,2412.6,projected
2029q2,dividend_inc_pers,2420.3,projected
2029q3,dividend_inc_pers,2425.4,projected
2029q4,dividend_inc_pers,2441.7,projected
2030q1,dividend_inc_pers,2444.7,projected
2030q2,dividend_inc_pers,2464.3,projected
2030q3,dividend_inc_pers,2477.7,projected
2030q4,dividend_inc_pers,2505.8,projected
2031q1,dividend_inc_pers,2521.5,projected
2031q2,dividend_inc_pers,2546.2,projected
2031q3,dividend_inc_pers,2565.5,projected
2031q4,dividend_inc_pers,2603.4,projected
2032q1,dividend_inc_pers,2627.9,projected
2032q2,dividend_inc_pers,2655.6,projected
2032q3,dividend_inc_pers,2678.9,projected
2032q4,dividend_inc_pers,2718.0,projected
2033q1,dividend_inc_pers,2748.2,projected
2033q2,dividend_inc_pers,2780.3,projected
2033q3,dividend_inc_pers,2808.0,projected
2033q4,dividend_inc_pers,2845.6,projected
2034q1,dividend_inc_pers,2878.5,projected
2034q2,dividend_inc_pers,2914.2,projected
2034q3,dividend_inc_pers,2945.0,projected
2034q4,dividend_inc_pers,2980.1,projected
2035q1,dividend_inc_pers,3017.1,projected
2035q2,dividend_inc_pers,3056.1,projected
2035q3,dividend_inc_pers,3089.1,projected
2035q4,dividend_inc_pers,3124.7,projected
2036q1,dividend_inc_pers,3161.6,projected
2036q2,dividend_inc_pers,3201.0,projected
2036q3,dividend_inc_pers,3234.1,projected
2036q4,dividend_inc_pers,3269.6,projected
2023q1,dividend_inc_pers_share_of_gdp,7.7,actual
2023q2,dividend_inc_pers_share_of_gdp,7.8,actual
2023q3,dividend_inc_pers_share_of_gdp,7.7,actual
2023q4,dividend_inc_pers_share_of_gdp,7.7,actual
2024q1,dividend_inc_pers_share_of_gdp,7.7,actual
2024q2,dividend_inc_pers_share_of_gdp,7.6,actual
2024q3,dividend_inc_pers_share_of_gdp,7.5,actual
2024q4,dividend_inc_pers_share_of_gdp,7.4,actual
2025q1,dividend_inc_pers_share_of_gdp,7.5,actual
2025q2,dividend_inc_pers_share_of_gdp,7.4,actual
2025q3,dividend_inc_pers_share_of_gdp,7.5,projected
2025q4,dividend_inc_pers_share_of_gdp,7.4,projected
2026q1,dividend_inc_pers_share_of_gdp,7.5,projected
2026q2,dividend_inc_pers_share_of_gdp,7.6,projected
2026q3,dividend_inc_pers_share_of_gdp,7.5,projected
2026q4,dividend_inc_pers_share_of_gdp,7.5,projected
2027q1,dividend_inc_pers_share_of_gdp,7.3,projected
2027q2,dividend_inc_pers_share_of_gdp,7.3,projected
2027q3,dividend_inc_pers_share_of_gdp,7.2,projected
2027q4,dividend_inc_pers_share_of_gdp,7.1,projected
2028q1,dividend_inc_pers_share_of_gdp,7.0,projected
2028q2,dividend_inc_pers_share_of_gdp,7.0,projected
2028q3,dividend_inc_pers_share_of_gdp,6.9,projected
2028q4,dividend_inc_pers_share_of_gdp,6.8,projected
2029q1,dividend_inc_pers_share_of_gdp,6.7,projected
2029q2,dividend_inc_pers_share_of_gdp,6.7,projected
2029q3,dividend_inc_pers_share_of_gdp,6.6,projected
2029q4,dividend_inc_pers_share_of_gdp,6.6,projected
2030q1,dividend_inc_pers_share_of_gdp,6.6,projected
2030q2,dividend_inc_pers_share_of_gdp,6.6,projected
2030q3,dividend_inc_pers_share_of_gdp,6.5,projected
2030q4,dividend_inc_pers_share_of_gdp,6.5,projected
2031q1,dividend_inc_pers_share_of_gdp,6.5,projected
2031q2,dividend_inc_pers_share_of_gdp,6.5,projected
2031q3,dividend_inc_pers_share_of_gdp,6.5,projected
2031q4,dividend_inc_pers_share_of_gdp,6.6,projected
2032q1,dividend_inc_pers_share_of_gdp,6.6,projected
2032q2,dividend_inc_pers_share_of_gdp,6.6,projected
2032q3,dividend_inc_pers_share_of_gdp,6.6,projected
2032q4,dividend_inc_pers_share_of_gdp,6.6,projected
2033q1,dividend_inc_pers_share_of_gdp,6.6,projected
2033q2,dividend_inc_pers_share_of_gdp,6.6,projected
2033q3,dividend_inc_pers_share_of_gdp,6.6,projected
2033q4,dividend_inc_pers_share_of_gdp,6.7,projected
2034q1,dividend_inc_pers_share_of_gdp,6.7,projected
2034q2,dividend_inc_pers_share_of_gdp,6.7,projected
2034q3,dividend_inc_pers_share_of_gdp,6.7,projected
2034q4,dividend_inc_pers_share_of_gdp,6.7,projected
2035q1,dividend_inc_pers_share_of_gdp,6.7,projected
2035q2,dividend_inc_pers_share_of_gdp,6.8,projected
2035q3,dividend_inc_pers_share_of_gdp,6.8,projected
2035q4,dividend_inc_pers_share_of_gdp,6.8,projected
2036q1,dividend_inc_pers_share_of_gdp,6.8,projected
2036q2,dividend_inc_pers_share_of_gdp,6.8,projected
2036q3,dividend_inc_pers_share_of_gdp,6.8,projected
2036q4,dividend_inc_pers_share_of_gdp,6.8,projected
2023q1,eci_wages_salaries,159.4,actual
2023q2,eci_wages_salaries,161.1,actual
2023q3,eci_wages_salaries,162.8,actual
2023q4,eci_wages_salaries,164.4,actual
2024q1,eci_wages_salaries,166.2,actual
2024q2,eci_wages_salaries,167.6,actual
2024q3,eci_wages_salaries,168.9,actual
2024q4,eci_wages_salaries,170.5,actual
2025q1,eci_wages_salaries,171.8,actual
2025q2,eci_wages_salaries,173.566,actual
2025q3,eci_wages_salaries,174.94,projected
2025q4,eci_wages_salaries,176.265,projected
2026q1,eci_wages_salaries,177.755,projected
2026q2,eci_wages_salaries,179.314,projected
2026q3,eci_wages_salaries,180.875,projected
2026q4,eci_wages_salaries,182.424,projected
2027q1,eci_wages_salaries,183.927,projected
2027q2,eci_wages_salaries,185.411,projected
2027q3,eci_wages_salaries,186.884,projected
2027q4,eci_wages_salaries,188.346,projected
2028q1,eci_wages_salaries,189.8,projected
2028q2,eci_wages_salaries,191.251,projected
2028q3,eci_wages_salaries,192.7,projected
2028q4,eci_wages_salaries,194.149,projected
2029q1,eci_wages_salaries,195.6,projected
2029q2,eci_wages_salaries,197.054,projected
2029q3,eci_wages_salaries,198.514,projected
2029q4,eci_wages_salaries,199.979,projected
2030q1,eci_wages_salaries,201.45,projected
2030q2,eci_wages_salaries,202.93,projected
2030q3,eci_wages_salaries,204.417,projected
2030q4,eci_wages_salaries,205.913,projected
2031q1,eci_wages_salaries,207.418,projected
2031q2,eci_wages_salaries,208.933,projected
2031q3,eci_wages_salaries,210.457,projected
2031q4,eci_wages_salaries,211.992,projected
2032q1,eci_wages_salaries,213.537,projected
2032q2,eci_wages_salaries,215.092,projected
2032q3,eci_wages_salaries,216.659,projected
2032q4,eci_wages_salaries,218.236,projected
2033q1,eci_wages_salaries,219.824,projected
2033q2,eci_wages_salaries,221.424,projected
2033q3,eci_wages_salaries,223.035,projected
2033q4,eci_wages_salaries,224.658,projected
2034q1,eci_wages_salaries,226.292,projected
2034q2,eci_wages_salaries,227.938,projected
2034q3,eci_wages_salaries,229.596,projected
2034q4,eci_wages_salaries,231.266,projected
2035q1,eci_wages_salaries,232.947,projected
2035q2,eci_wages_salaries,234.641,projected
2035q3,eci_wages_salaries,236.348,projected
2035q4,eci_wages_salaries,238.066,projected
2036q1,eci_wages_salaries,239.798,projected
2036q2,eci_wages_salaries,241.541,projected
2036q3,eci_wages_salaries,243.298,projected
2036q4,eci_wages_salaries,245.067,projected
2023q1,eci_wages_salaries_pct_change,4.382,actual
2023q2,eci_wages_salaries_pct_change,4.334,actual
2023q3,eci_wages_salaries_pct_change,4.288,actual
2023q4,eci_wages_salaries_pct_change,3.989,actual
2024q1,eci_wages_salaries_pct_change,4.452,actual
2024q2,eci_wages_salaries_pct_change,3.412,actual
2024q3,eci_wages_salaries_pct_change,3.138,actual
2024q4,eci_wages_salaries_pct_change,3.843,actual
2025q1,eci_wages_salaries_pct_change,3.084,actual
2025q2,eci_wages_salaries_pct_change,4.175,actual
2025q3,eci_wages_salaries_pct_change,3.205,projected
2025q4,eci_wages_salaries_pct_change,3.064,projected
2026q1,eci_wages_salaries_pct_change,3.424,projected
2026q2,eci_wages_salaries_pct_change,3.553,projected
2026q3,eci_wages_salaries_pct_change,3.527,projected
2026q4,eci_wages_salaries_pct_change,3.471,projected
2027q1,eci_wages_salaries_pct_change,3.335,projected
2027q2,eci_wages_salaries_pct_change,3.266,projected
2027q3,eci_wages_salaries_pct_change,3.215,projected
2027q4,eci_wages_salaries_pct_change,3.166,projected
2028q1,eci_wages_salaries_pct_change,3.125,projected
2028q2,eci_wages_salaries_pct_change,3.092,projected
2028q3,eci_wages_salaries_pct_change,3.064,projected
2028q4,eci_wages_salaries_pct_change,3.041,projected
2029q1,eci_wages_salaries_pct_change,3.023,projected
2029q2,eci_wages_salaries_pct_change,3.007,projected
2029q3,eci_wages_salaries_pct_change,2.995,projected
2029q4,eci_wages_salaries_pct_change,2.984,projected
2030q1,eci_wages_salaries_pct_change,2.976,projected
2030q2,eci_wages_salaries_pct_change,2.969,projected
2030q3,eci_wages_salaries_pct_change,2.964,projected
2030q4,eci_wages_salaries_pct_change,2.959,projected
2031q1,eci_wages_salaries_pct_change,2.955,projected
2031q2,eci_wages_salaries_pct_change,2.953,projected
2031q3,eci_wages_salaries_pct_change,2.95,projected
2031q4,eci_wages_salaries_pct_change,2.948,projected
2032q1,eci_wages_salaries_pct_change,2.947,projected
2032q2,eci_wages_salaries_pct_change,2.945,projected
2032q3,eci_wages_salaries_pct_change,2.944,projected
2032q4,eci_wages_salaries_pct_change,2.944,projected
2033q1,eci_wages_salaries_pct_change,2.943,projected
2033q2,eci_wages_salaries_pct_change,2.942,projected
2033q3,eci_wages_salaries_pct_change,2.942,projected
2033q4,eci_wages_salaries_pct_change,2.941,projected
2034q1,eci_wages_salaries_pct_change,2.941,projected
2034q2,eci_wages_salaries_pct_change,2.941,projected
2034q3,eci_wages_salaries_pct_change,2.941,projected
2034q4,eci_wages_salaries_pct_change,2.94,projected
2035q1,eci_wages_salaries_pct_change,2.94,projected
2035q2,eci_wages_salaries_pct_change,2.94,projected
2035q3,eci_wages_salaries_pct_change,2.94,projected
2035q4,eci_wages_salaries_pct_change,2.94,projected
2036q1,eci_wages_salaries_pct_change,2.94,projected
2036q2,eci_wages_salaries_pct_change,2.94,projected
2036q3,eci_wages_salaries_pct_change,2.94,projected
2036q4,eci_wages_salaries_pct_change,2.94,projected
2023q1,empl_civ_16yo,160.474,actual
2023q2,empl_civ_16yo,160.916,actual
2023q3,empl_civ_16yo,161.366,actual
2023q4,empl_civ_16yo,161.407,actual
2024q1,empl_civ_16yo,161.209,actual
2024q2,empl_civ_16yo,161.271,actual
2024q3,empl_civ_16yo,161.482,actual
2024q4,empl_civ_16yo,161.433,actual
2025q1,empl_civ_16yo,163.57,actual
2025q2,empl_civ_16yo,163.536,actual
2025q3,empl_civ_16yo,163.381,projected
2025q4,empl_civ_16yo,163.72,projected
2026q1,empl_civ_16yo,163.98,projected
2026q2,empl_civ_16yo,164.272,projected
2026q3,empl_civ_16yo,164.579,projected
2026q4,empl_civ_16yo,164.906,projected
2027q1,empl_civ_16yo,165.116,projected
2027q2,empl_civ_16yo,165.334,projected
2027q3,empl_civ_16yo,165.542,projected
2027q4,empl_civ_16yo,165.75,projected
2028q1,empl_civ_16yo,165.983,projected
2028q2,empl_civ_16yo,166.222,projected
2028q3,empl_civ_16yo,166.459,projected
2028q4,empl_civ_16yo,166.699,projected
2029q1,empl_civ_16yo,166.955,projected
2029q2,empl_civ_16yo,167.209,projected
2029q3,empl_civ_16yo,167.459,projected
2029q4,empl_civ_16yo,167.703,projected
2030q1,empl_civ_16yo,167.996,projected
2030q2,empl_civ_16yo,168.229,projected
2030q3,empl_civ_16yo,168.446,projected
2030q4,empl_civ_16yo,168.656,projected
2031q1,empl_civ_16yo,168.868,projected
2031q2,empl_civ_16yo,169.074,projected
2031q3,empl_civ_16yo,169.279,projected
2031q4,empl_civ_16yo,169.481,projected
2032q1,empl_civ_16yo,169.675,projected
2032q2,empl_civ_16yo,169.865,projected
2032q3,empl_civ_16yo,170.053,projected
2032q4,empl_civ_16yo,170.238,projected
2033q1,empl_civ_16yo,170.413,projected
2033q2,empl_civ_16yo,170.586,projected
2033q3,empl_civ_16yo,170.756,projected
2033q4,empl_civ_16yo,170.925,projected
2034q1,empl_civ_16yo,171.085,projected
2034q2,empl_civ_16yo,171.243,projected
2034q3,empl_civ_16yo,171.401,projected
2034q4,empl_civ_16yo,171.557,projected
2035q1,empl_civ_16yo,171.712,projected
2035q2,empl_civ_16yo,171.865,projected
2035q3,empl_civ_16yo,172.018,projected
2035q4,empl_civ_16yo,172.17,projected
2036q1,empl_civ_16yo,172.318,projected
2036q2,empl_civ_16yo,172.464,projected
2036q3,empl_civ_16yo,172.609,projected
2036q4,empl_civ_16yo,172.752,projected
2023q1,empl_civ_16yo_census,161.385,actual
2023q2,empl_civ_16yo_census,162.37,actual
2023q3,empl_civ_16yo_census,162.796,actual
2023q4,empl_civ_16yo_census,163.094,actual
2024q1,empl_civ_16yo_census,163.992,actual
2024q2,empl_civ_16yo_census,164.374,actual
2024q3,empl_civ_16yo_census,164.52,actual
2024q4,empl_civ_16yo_census,164.681,actual
2025q1,empl_civ_16yo_census,164.734,actual
2025q2,empl_civ_16yo_census,164.819,actual
2025q3,empl_civ_16yo_census,164.681,projected
2025q4,empl_civ_16yo_census,164.736,projected
2026q1,empl_civ_16yo_census,164.878,projected
2026q2,empl_civ_16yo_census,165.033,projected
2026q3,empl_civ_16yo_census,165.191,projected
2026q4,empl_civ_16yo_census,165.361,projected
2027q1,empl_civ_16yo_census,165.539,projected
2027q2,empl_civ_16yo_census,165.723,projected
2027q3,empl_civ_16yo_census,165.904,projected
2027q4,empl_civ_16yo_census,166.088,projected
2028q1,empl_civ_16yo_census,166.284,projected
2028q2,empl_civ_16yo_census,166.489,projected
2028q3,empl_civ_16yo_census,166.697,projected
2028q4,empl_civ_16yo_census,166.911,projected
2029q1,empl_civ_16yo_census,167.137,projected
2029q2,empl_civ_16yo_census,167.363,projected
2029q3,empl_civ_16yo_census,167.587,projected
2029q4,empl_civ_16yo_census,167.806,projected
2030q1,empl_civ_16yo_census,168.075,projected
2030q2,empl_civ_16yo_census,168.285,projected
2030q3,empl_civ_16yo_census,168.495,projected
2030q4,empl_civ_16yo_census,168.7,projected
2031q1,empl_civ_16yo_census,168.908,projected
2031q2,empl_civ_16yo_census,169.111,projected
2031q3,empl_civ_16yo_census,169.312,projected
2031q4,empl_civ_16yo_census,169.51,projected
2032q1,empl_civ_16yo_census,169.701,projected
2032q2,empl_civ_16yo_census,169.889,projected
2032q3,empl_civ_16yo_census,170.074,projected
2032q4,empl_civ_16yo_census,170.258,projected
2033q1,empl_civ_16yo_census,170.43,projected
2033q2,empl_civ_16yo_census,170.601,projected
2033q3,empl_civ_16yo_census,170.77,projected
2033q4,empl_civ_16yo_census,170.938,projected
2034q1,empl_civ_16yo_census,171.096,projected
2034q2,empl_civ_16yo_census,171.254,projected
2034q3,empl_civ_16yo_census,171.41,projected
2034q4,empl_civ_16yo_census,171.565,projected
2035q1,empl_civ_16yo_census,171.719,projected
2035q2,empl_civ_16yo_census,171.872,projected
2035q3,empl_civ_16yo_census,172.024,projected
2035q4,empl_civ_16yo_census,172.176,projected
2036q1,empl_civ_16yo_census,172.323,projected
2036q2,empl_civ_16yo_census,172.468,projected
2036q3,empl_civ_16yo_census,172.613,projected
2036q4,empl_civ_16yo_census,172.756,projected
2023q1,empl_civ_16yo_census_pct_change,4.185,actual
2023q2,empl_civ_16yo_census_pct_change,2.462,actual
2023q3,empl_civ_16yo_census_pct_change,1.053,actual
2023q4,empl_civ_16yo_census_pct_change,0.735,actual
2024q1,empl_civ_16yo_census_pct_change,2.219,actual
2024q2,empl_civ_16yo_census_pct_change,0.935,actual
2024q3,empl_civ_16yo_census_pct_change,0.356,actual
2024q4,empl_civ_16yo_census_pct_change,0.39,actual
2025q1,empl_civ_16yo_census_pct_change,0.129,actual
2025q2,empl_civ_16yo_census_pct_change,0.206,actual
2025q3,empl_civ_16yo_census_pct_change,-0.333,projected
2025q4,empl_civ_16yo_census_pct_change,0.134,projected
2026q1,empl_civ_16yo_census_pct_change,0.344,projected
2026q2,empl_civ_16yo_census_pct_change,0.376,projected
2026q3,empl_civ_16yo_census_pct_change,0.382,projected
2026q4,empl_civ_16yo_census_pct_change,0.412,projected
2027q1,empl_civ_16yo_census_pct_change,0.431,projected
2027q2,empl_civ_16yo_census_pct_change,0.445,projected
2027q3,empl_civ_16yo_census_pct_change,0.437,projected
2027q4,empl_civ_16yo_census_pct_change,0.442,projected
2028q1,empl_civ_16yo_census_pct_change,0.472,projected
2028q2,empl_civ_16yo_census_pct_change,0.493,projected
2028q3,empl_civ_16yo_census_pct_change,0.502,projected
2028q4,empl_civ_16yo_census_pct_change,0.513,projected
2029q1,empl_civ_16yo_census_pct_change,0.543,projected
2029q2,empl_civ_16yo_census_pct_change,0.542,projected
2029q3,empl_civ_16yo_census_pct_change,0.535,projected
2029q4,empl_civ_16yo_census_pct_change,0.524,projected
2030q1,empl_civ_16yo_census_pct_change,0.642,projected
2030q2,empl_civ_16yo_census_pct_change,0.5,projected
2030q3,empl_civ_16yo_census_pct_change,0.5,projected
2030q4,empl_civ_16yo_census_pct_change,0.488,projected
2031q1,empl_civ_16yo_census_pct_change,0.492,projected
2031q2,empl_civ_16yo_census_pct_change,0.481,projected
2031q3,empl_civ_16yo_census_pct_change,0.476,projected
2031q4,empl_civ_16yo_census_pct_change,0.468,projected
2032q1,empl_civ_16yo_census_pct_change,0.451,projected
2032q2,empl_civ_16yo_census_pct_change,0.444,projected
2032q3,empl_civ_16yo_census_pct_change,0.437,projected
2032q4,empl_civ_16yo_census_pct_change,0.431,projected
2033q1,empl_civ_16yo_census_pct_change,0.406,projected
2033q2,empl_civ_16yo_census_pct_change,0.402,projected
2033q3,empl_civ_16yo_census_pct_change,0.396,projected
2033q4,empl_civ_16yo_census_pct_change,0.393,projected
2034q1,empl_civ_16yo_census_pct_change,0.371,projected
2034q2,empl_civ_16yo_census_pct_change,0.368,projected
2034q3,empl_civ_16yo_census_pct_change,0.365,projected
2034q4,empl_civ_16yo_census_pct_change,0.363,projected
2035q1,empl_civ_16yo_census_pct_change,0.358,projected
2035q2,empl_civ_16yo_census_pct_change,0.356,projected
2035q3,empl_civ_16yo_census_pct_change,0.354,projected
2035q4,empl_civ_16yo_census_pct_change,0.352,projected
2036q1,empl_civ_16yo_census_pct_change,0.342,projected
2036q2,empl_civ_16yo_census_pct_change,0.338,projected
2036q3,empl_civ_16yo_census_pct_change,0.335,projected
2036q4,empl_civ_16yo_census_pct_change,0.332,projected
2023q1,empl_civ_16yo_pct_change,4.241,actual
2023q2,empl_civ_16yo_pct_change,1.105,actual
2023q3,empl_civ_16yo_pct_change,1.124,actual
2023q4,empl_civ_16yo_pct_change,0.1,actual
2024q1,empl_civ_16yo_pct_change,-0.488,actual
2024q2,empl_civ_16yo_pct_change,0.153,actual
2024q3,empl_civ_16yo_pct_change,0.523,actual
2024q4,empl_civ_16yo_pct_change,-0.12,actual
2025q1,empl_civ_16yo_pct_change,5.4,actual
2025q2,empl_civ_16yo_pct_change,-0.083,actual
2025q3,empl_civ_16yo_pct_change,-0.376,projected
2025q4,empl_civ_16yo_pct_change,0.832,projected
2026q1,empl_civ_16yo_pct_change,0.635,projected
2026q2,empl_civ_16yo_pct_change,0.715,projected
2026q3,empl_civ_16yo_pct_change,0.748,projected
2026q4,empl_civ_16yo_pct_change,0.797,projected
2027q1,empl_civ_16yo_pct_change,0.511,projected
2027q2,empl_civ_16yo_pct_change,0.527,projected
2027q3,empl_civ_16yo_pct_change,0.505,projected
2027q4,empl_civ_16yo_pct_change,0.502,projected
2028q1,empl_civ_16yo_pct_change,0.562,projected
2028q2,empl_civ_16yo_pct_change,0.577,projected
2028q3,empl_civ_16yo_pct_change,0.571,projected
2028q4,empl_civ_16yo_pct_change,0.578,projected
2029q1,empl_civ_16yo_pct_change,0.615,projected
2029q2,empl_civ_16yo_pct_change,0.61,projected
2029q3,empl_civ_16yo_pct_change,0.597,projected
2029q4,empl_civ_16yo_pct_change,0.584,projected
2030q1,empl_civ_16yo_pct_change,0.7,projected
2030q2,empl_civ_16yo_pct_change,0.557,projected
2030q3,empl_civ_16yo_pct_change,0.515,projected
2030q4,empl_civ_16yo_pct_change,0.5,projected
2031q1,empl_civ_16yo_pct_change,0.502,projected
2031q2,empl_civ_16yo_pct_change,0.489,projected
2031q3,empl_civ_16yo_pct_change,0.487,projected
2031q4,empl_civ_16yo_pct_change,0.476,projected
2032q1,empl_civ_16yo_pct_change,0.458,projected
2032q2,empl_civ_16yo_pct_change,0.449,projected
2032q3,empl_civ_16yo_pct_change,0.444,projected
2032q4,empl_civ_16yo_pct_change,0.435,projected
2033q1,empl_civ_16yo_pct_change,0.411,projected
2033q2,empl_civ_16yo_pct_change,0.405,projected
2033q3,empl_civ_16yo_pct_change,0.4,projected
2033q4,empl_civ_16yo_pct_change,0.395,projected
2034q1,empl_civ_16yo_pct_change,0.375,projected
2034q2,empl_civ_16yo_pct_change,0.371,projected
2034q3,empl_civ_16yo_pct_change,0.367,projected
2034q4,empl_civ_16yo_pct_change,0.364,projected
2035q1,empl_civ_16yo_pct_change,0.361,projected
2035q2,empl_civ_16yo_pct_change,0.358,projected
2035q3,empl_civ_16yo_pct_change,0.355,projected
2035q4,empl_civ_16yo_pct_change,0.353,projected
2036q1,empl_civ_16yo_pct_change,0.343,projected
2036q2,empl_civ_16yo_pct_change,0.339,projected
2036q3,empl_civ_16yo_pct_change,0.336,projected
2036q4,empl_civ_16yo_pct_change,0.333,projected
2023q1,empl_payroll_nf,155.012,actual
2023q2,empl_payroll_nf,155.624,actual
2023q3,empl_payroll_nf,156.176,actual
2023q4,empl_payroll_nf,156.703,actual
2024q1,empl_payroll_nf,157.279,actual
2024q2,empl_payroll_nf,157.792,actual
2024q3,empl_payroll_nf,158.13,actual
2024q4,empl_payroll_nf,158.639,actual
2025q1,empl_payroll_nf,159.161,actual
2025q2,empl_payroll_nf,159.441,actual
2025q3,empl_payroll_nf,159.548,projected
2025q4,empl_payroll_nf,159.679,projected
2026q1,empl_payroll_nf,159.952,projected
2026q2,empl_payroll_nf,160.332,projected
2026q3,empl_payroll_nf,160.699,projected
2026q4,empl_payroll_nf,160.934,projected
2027q1,empl_payroll_nf,161.04,projected
2027q2,empl_payroll_nf,161.116,projected
2027q3,empl_payroll_nf,161.182,projected
2027q4,empl_payroll_nf,161.307,projected
2028q1,empl_payroll_nf,161.432,projected
2028q2,empl_payroll_nf,161.558,projected
2028q3,empl_payroll_nf,161.685,projected
2028q4,empl_payroll_nf,161.813,projected
2029q1,empl_payroll_nf,161.941,projected
2029q2,empl_payroll_nf,162.07,projected
2029q3,empl_payroll_nf,162.2,projected
2029q4,empl_payroll_nf,162.33,projected
2030q1,empl_payroll_nf,162.461,projected
2030q2,empl_payroll_nf,162.592,projected
2030q3,empl_payroll_nf,162.723,projected
2030q4,empl_payroll_nf,162.856,projected
2031q1,empl_payroll_nf,162.988,projected
2031q2,empl_payroll_nf,163.121,projected
2031q3,empl_payroll_nf,163.255,projected
2031q4,empl_payroll_nf,163.388,projected
2032q1,empl_payroll_nf,163.522,projected
2032q2,empl_payroll_nf,163.657,projected
2032q3,empl_payroll_nf,163.791,projected
2032q4,empl_payroll_nf,163.926,projected
2033q1,empl_payroll_nf,164.061,projected
2033q2,empl_payroll_nf,164.197,projected
2033q3,empl_payroll_nf,164.332,projected
2033q4,empl_payroll_nf,164.468,projected
2034q1,empl_payroll_nf,164.603,projected
2034q2,empl_payroll_nf,164.739,projected
2034q3,empl_payroll_nf,164.875,projected
2034q4,empl_payroll_nf,165.01,projected
2035q1,empl_payroll_nf,165.146,projected
2035q2,empl_payroll_nf,165.282,projected
2035q3,empl_payroll_nf,165.417,projected
2035q4,empl_payroll_nf,165.553,projected
2036q1,empl_payroll_nf,165.688,projected
2036q2,empl_payroll_nf,165.823,projected
2036q3,empl_payroll_nf,165.958,projected
2036q4,empl_payroll_nf,166.093,projected
2023q1,empl_payroll_nf_pct_change,2.248,actual
2023q2,empl_payroll_nf_pct_change,1.587,actual
2023q3,empl_payroll_nf_pct_change,1.427,actual
2023q4,empl_payroll_nf_pct_change,1.357,actual
2024q1,empl_payroll_nf_pct_change,1.476,actual
2024q2,empl_payroll_nf_pct_change,1.312,actual
2024q3,empl_payroll_nf_pct_change,0.858,actual
2024q4,empl_payroll_nf_pct_change,1.294,actual
2025q1,empl_payroll_nf_pct_change,1.321,actual
2025q2,empl_payroll_nf_pct_change,0.706,actual
2025q3,empl_payroll_nf_pct_change,0.267,projected
2025q4,empl_payroll_nf_pct_change,0.329,projected
2026q1,empl_payroll_nf_pct_change,0.686,projected
2026q2,empl_payroll_nf_pct_change,0.953,projected
2026q3,empl_payroll_nf_pct_change,0.918,projected
2026q4,empl_payroll_nf_pct_change,0.585,projected
2027q1,empl_payroll_nf_pct_change,0.263,projected
2027q2,empl_payroll_nf_pct_change,0.188,projected
2027q3,empl_payroll_nf_pct_change,0.164,projected
2027q4,empl_payroll_nf_pct_change,0.31,projected
2028q1,empl_payroll_nf_pct_change,0.311,projected
2028q2,empl_payroll_nf_pct_change,0.313,projected
2028q3,empl_payroll_nf_pct_change,0.314,projected
2028q4,empl_payroll_nf_pct_change,0.316,projected
2029q1,empl_payroll_nf_pct_change,0.317,projected
2029q2,empl_payroll_nf_pct_change,0.318,projected
2029q3,empl_payroll_nf_pct_change,0.32,projected
2029q4,empl_payroll_nf_pct_change,0.321,projected
2030q1,empl_payroll_nf_pct_change,0.322,projected
2030q2,empl_payroll_nf_pct_change,0.323,projected
2030q3,empl_payroll_nf_pct_change,0.324,projected
2030q4,empl_payroll_nf_pct_change,0.325,projected
2031q1,empl_payroll_nf_pct_change,0.326,projected
2031q2,empl_payroll_nf_pct_change,0.326,projected
2031q3,empl_payroll_nf_pct_change,0.327,projected
2031q4,empl_payroll_nf_pct_change,0.328,projected
2032q1,empl_payroll_nf_pct_change,0.328,projected
2032q2,empl_payroll_nf_pct_change,0.329,projected
2032q3,empl_payroll_nf_pct_change,0.329,projected
2032q4,empl_payroll_nf_pct_change,0.329,projected
2033q1,empl_payroll_nf_pct_change,0.33,projected
2033q2,empl_payroll_nf_pct_change,0.33,projected
2033q3,empl_payroll_nf_pct_change,0.33,projected
2033q4,empl_payroll_nf_pct_change,0.33,projected
2034q1,empl_payroll_nf_pct_change,0.33,projected
2034q2,empl_payroll_nf_pct_change,0.33,projected
2034q3,empl_payroll_nf_pct_change,0.329,projected
2034q4,empl_payroll_nf_pct_change,0.329,projected
2035q1,empl_payroll_nf_pct_change,0.329,projected
2035q2,empl_payroll_nf_pct_change,0.328,projected
2035q3,empl_payroll_nf_pct_change,0.328,projected
2035q4,empl_payroll_nf_pct_change,0.328,projected
2036q1,empl_payroll_nf_pct_change,0.327,projected
2036q2,empl_payroll_nf_pct_change,0.326,projected
2036q3,empl_payroll_nf_pct_change,0.326,projected
2036q4,empl_payroll_nf_pct_change,0.325,projected
2023q1,exchange_rate_export_weighted,214.134,actual
2023q2,exchange_rate_export_weighted,211.765,actual
2023q3,exchange_rate_export_weighted,211.625,actual
2023q4,exchange_rate_export_weighted,214.571,actual
2024q1,exchange_rate_export_weighted,212.135,actual
2024q2,exchange_rate_export_weighted,215.007,actual
2024q3,exchange_rate_export_weighted,215.992,actual
2024q4,exchange_rate_export_weighted,222.266,actual
2025q1,exchange_rate_export_weighted,225.988,actual
2025q2,exchange_rate_export_weighted,215.976,actual
2025q3,exchange_rate_export_weighted,211.951,projected
2025q4,exchange_rate_export_weighted,213.301,projected
2026q1,exchange_rate_export_weighted,212.561,projected
2026q2,exchange_rate_export_weighted,211.393,projected
2026q3,exchange_rate_export_weighted,210.842,projected
2026q4,exchange_rate_export_weighted,210.766,projected
2027q1,exchange_rate_export_weighted,210.931,projected
2027q2,exchange_rate_export_weighted,211.109,projected
2027q3,exchange_rate_export_weighted,210.197,projected
2027q4,exchange_rate_export_weighted,209.285,projected
2028q1,exchange_rate_export_weighted,208.372,projected
2028q2,exchange_rate_export_weighted,207.46,projected
2028q3,exchange_rate_export_weighted,206.547,projected
2028q4,exchange_rate_export_weighted,205.635,projected
2029q1,exchange_rate_export_weighted,204.723,projected
2029q2,exchange_rate_export_weighted,203.81,projected
2029q3,exchange_rate_export_weighted,203.051,projected
2029q4,exchange_rate_export_weighted,202.191,projected
2030q1,exchange_rate_export_weighted,201.254,projected
2030q2,exchange_rate_export_weighted,200.267,projected
2030q3,exchange_rate_export_weighted,199.642,projected
2030q4,exchange_rate_export_weighted,199.004,projected
2031q1,exchange_rate_export_weighted,198.374,projected
2031q2,exchange_rate_export_weighted,197.767,projected
2031q3,exchange_rate_export_weighted,197.346,projected
2031q4,exchange_rate_export_weighted,196.947,projected
2032q1,exchange_rate_export_weighted,196.567,projected
2032q2,exchange_rate_export_weighted,196.204,projected
2032q3,exchange_rate_export_weighted,195.87,projected
2032q4,exchange_rate_export_weighted,195.549,projected
2033q1,exchange_rate_export_weighted,195.239,projected
2033q2,exchange_rate_export_weighted,194.94,projected
2033q3,exchange_rate_export_weighted,194.475,projected
2033q4,exchange_rate_export_weighted,194.018,projected
2034q1,exchange_rate_export_weighted,193.566,projected
2034q2,exchange_rate_export_weighted,193.12,projected
2034q3,exchange_rate_export_weighted,192.848,projected
2034q4,exchange_rate_export_weighted,192.578,projected
2035q1,exchange_rate_export_weighted,192.307,projected
2035q2,exchange_rate_export_weighted,192.035,projected
2035q3,exchange_rate_export_weighted,191.812,projected
2035q4,exchange_rate_export_weighted,191.585,projected
2036q1,exchange_rate_export_weighted,191.354,projected
2036q2,exchange_rate_export_weighted,191.118,projected
2036q3,exchange_rate_export_weighted,190.876,projected
2036q4,exchange_rate_export_weighted,190.628,projected
2023q1,exports,3085.5,actual
2023q2,exports,3016.2,actual
2023q3,exports,3082.1,actual
2023q4,exports,3109.6,actual
2024q1,exports,3164.1,actual
2024q2,exports,3192.6,actual
2024q3,exports,3256.5,actual
2024q4,exports,3248.3,actual
2025q1,exports,3293.7,actual
2025q2,exports,3267.5,actual
2025q3,exports,3304.4,projected
2025q4,exports,3292.1,projected
2026q1,exports,3295.2,projected
2026q2,exports,3333.4,projected
2026q3,exports,3375.1,projected
2026q4,exports,3410.5,projected
2027q1,exports,3442.1,projected
2027q2,exports,3473.8,projected
2027q3,exports,3504.5,projected
2027q4,exports,3537.6,projected
2028q1,exports,3573.2,projected
2028q2,exports,3609.4,projected
2028q3,exports,3645.9,projected
2028q4,exports,3683.1,projected
2029q1,exports,3721.3,projected
2029q2,exports,3759.5,projected
2029q3,exports,3797.1,projected
2029q4,exports,3835.5,projected
2030q1,exports,3874.8,projected
2030q2,exports,3917.0,projected
2030q3,exports,3958.4,projected
2030q4,exports,3999.4,projected
2031q1,exports,4041.1,projected
2031q2,exports,4082.9,projected
2031q3,exports,4123.6,projected
2031q4,exports,4164.2,projected
2032q1,exports,4205.4,projected
2032q2,exports,4246.6,projected
2032q3,exports,4287.6,projected
2032q4,exports,4328.8,projected
2033q1,exports,4369.0,projected
2033q2,exports,4408.0,projected
2033q3,exports,4448.1,projected
2033q4,exports,4489.4,projected
2034q1,exports,4531.0,projected
2034q2,exports,4572.7,projected
2034q3,exports,4613.4,projected
2034q4,exports,4653.9,projected
2035q1,exports,4693.5,projected
2035q2,exports,4733.3,projected
2035q3,exports,4772.8,projected
2035q4,exports,4812.7,projected
2036q1,exports,4853.0,projected
2036q2,exports,4893.7,projected
2036q3,exports,4934.9,projected
2036q4,exports,4976.5,projected
2023q1,exports_pct_change,3.686,actual
2023q2,exports_pct_change,-8.685,actual
2023q3,exports_pct_change,9.03,actual
2023q4,exports_pct_change,3.617,actual
2024q1,exports_pct_change,7.197,actual
2024q2,exports_pct_change,3.651,actual
2024q3,exports_pct_change,8.249,actual
2024q4,exports_pct_change,-1.003,actual
2025q1,exports_pct_change,5.708,actual
2025q2,exports_pct_change,-3.144,actual
2025q3,exports_pct_change,4.589,projected
2025q4,exports_pct_change,-1.478,projected
2026q1,exports_pct_change,0.374,projected
2026q2,exports_pct_change,4.719,projected
2026q3,exports_pct_change,5.1,projected
2026q4,exports_pct_change,4.267,projected
2027q1,exports_pct_change,3.752,projected
2027q2,exports_pct_change,3.742,projected
2027q3,exports_pct_change,3.578,projected
2027q4,exports_pct_change,3.831,projected
2028q1,exports_pct_change,4.083,projected
2028q2,exports_pct_change,4.113,projected
2028q3,exports_pct_change,4.111,projected
2028q4,exports_pct_change,4.144,projected
2029q1,exports_pct_change,4.21,projected
2029q2,exports_pct_change,4.172,projected
2029q3,exports_pct_change,4.057,projected
2029q4,exports_pct_change,4.112,projected
2030q1,exports_pct_change,4.161,projected
2030q2,exports_pct_change,4.427,projected
2030q3,exports_pct_change,4.289,projected
2030q4,exports_pct_change,4.213,projected
2031q1,exports_pct_change,4.228,projected
2031q2,exports_pct_change,4.201,projected
2031q3,exports_pct_change,4.056,projected
2031q4,exports_pct_change,3.989,projected
2032q1,exports_pct_change,4.022,projected
2032q2,exports_pct_change,3.974,projected
2032q3,exports_pct_change,3.919,projected
2032q4,exports_pct_change,3.895,projected
2033q1,exports_pct_change,3.772,projected
2033q2,exports_pct_change,3.618,projected
2033q3,exports_pct_change,3.684,projected
2033q4,exports_pct_change,3.763,projected
2034q1,exports_pct_change,3.756,projected
2034q2,exports_pct_change,3.734,projected
2034q3,exports_pct_change,3.608,projected
2034q4,exports_pct_change,3.559,projected
2035q1,exports_pct_change,3.45,projected
2035q2,exports_pct_change,3.431,projected
2035q3,exports_pct_change,3.382,projected
2035q4,exports_pct_change,3.381,projected
2036q1,exports_pct_change,3.395,projected
2036q2,exports_pct_change,3.393,projected
2036q3,exports_pct_change,3.412,projected
2036q4,exports_pct_change,3.416,projected
2023q1,fed_funds_rate,4.516,actual
2023q2,fed_funds_rate,4.99,actual
2023q3,fed_funds_rate,5.26,actual
2023q4,fed_funds_rate,5.33,actual
2024q1,fed_funds_rate,5.33,actual
2024q2,fed_funds_rate,5.33,actual
2024q3,fed_funds_rate,5.263,actual
2024q4,fed_funds_rate,4.65,actual
2025q1,fed_funds_rate,4.33,actual
2025q2,fed_funds_rate,4.33,actual
2025q3,fed_funds_rate,4.293,projected
2025q4,fed_funds_rate,3.869,projected
2026q1,fed_funds_rate,3.639,projected
2026q2,fed_funds_rate,3.389,projected
2026q3,fed_funds_rate,3.389,projected
2026q4,fed_funds_rate,3.389,projected
2027q1,fed_funds_rate,3.389,projected
2027q2,fed_funds_rate,3.389,projected
2027q3,fed_funds_rate,3.389,projected
2027q4,fed_funds_rate,3.39,projected
2028q1,fed_funds_rate,3.39,projected
2028q2,fed_funds_rate,3.39,projected
2028q3,fed_funds_rate,3.39,projected
2028q4,fed_funds_rate,3.39,projected
2029q1,fed_funds_rate,3.389,projected
2029q2,fed_funds_rate,3.389,projected
2029q3,fed_funds_rate,3.389,projected
2029q4,fed_funds_rate,3.388,projected
2030q1,fed_funds_rate,3.388,projected
2030q2,fed_funds_rate,3.388,projected
2030q3,fed_funds_rate,3.388,projected
2030q4,fed_funds_rate,3.388,projected
2031q1,fed_funds_rate,3.388,projected
2031q2,fed_funds_rate,3.388,projected
2031q3,fed_funds_rate,3.382,projected
2031q4,fed_funds_rate,3.375,projected
2032q1,fed_funds_rate,3.369,projected
2032q2,fed_funds_rate,3.364,projected
2032q3,fed_funds_rate,3.359,projected
2032q4,fed_funds_rate,3.355,projected
2033q1,fed_funds_rate,3.351,projected
2033q2,fed_funds_rate,3.348,projected
2033q3,fed_funds_rate,3.346,projected
2033q4,fed_funds_rate,3.343,projected
2034q1,fed_funds_rate,3.341,projected
2034q2,fed_funds_rate,3.34,projected
2034q3,fed_funds_rate,3.338,projected
2034q4,fed_funds_rate,3.337,projected
2035q1,fed_funds_rate,3.336,projected
2035q2,fed_funds_rate,3.335,projected
2035q3,fed_funds_rate,3.334,projected
2035q4,fed_funds_rate,3.333,projected
2036q1,fed_funds_rate,3.333,projected
2036q2,fed_funds_rate,3.332,projected
2036q3,fed_funds_rate,3.332,projected
2036q4,fed_funds_rate,3.332,projected
2023q1,federal_government_c_gi,1727.7,actual
2023q2,federal_government_c_gi,1738.8,actual
2023q3,federal_government_c_gi,1784.4,actual
2023q4,federal_government_c_gi,1812.0,actual
2024q1,federal_government_c_gi,1834.3,actual
2024q2,federal_government_c_gi,1867.5,actual
2024q3,federal_government_c_gi,1917.9,actual
2024q4,federal_government_c_gi,1950.0,actual
2025q1,federal_government_c_gi,1949.7,actual
2025q2,federal_government_c_gi,1956.4,actual
2025q3,federal_government_c_gi,1980.0,projected
2025q4,federal_government_c_gi,1954.4,projected
2026q1,federal_government_c_gi,2056.3,projected
2026q2,federal_government_c_gi,2049.5,projected
2026q3,federal_government_c_gi,2065.6,projected
2026q4,federal_government_c_gi,2078.3,projected
2027q1,federal_government_c_gi,2090.0,projected
2027q2,federal_government_c_gi,2100.8,projected
2027q3,federal_government_c_gi,2112.2,projected
2027q4,federal_government_c_gi,2118.2,projected
2028q1,federal_government_c_gi,2122.1,projected
2028q2,federal_government_c_gi,2130.2,projected
2028q3,federal_government_c_gi,2138.4,projected
2028q4,federal_government_c_gi,2148.9,projected
2029q1,federal_government_c_gi,2158.8,projected
2029q2,federal_government_c_gi,2168.3,projected
2029q3,federal_government_c_gi,2177.3,projected
2029q4,federal_government_c_gi,2184.2,projected
2030q1,federal_government_c_gi,2190.2,projected
2030q2,federal_government_c_gi,2196.4,projected
2030q3,federal_government_c_gi,2203.1,projected
2030q4,federal_government_c_gi,2209.7,projected
2031q1,federal_government_c_gi,2216.8,projected
2031q2,federal_government_c_gi,2224.5,projected
2031q3,federal_government_c_gi,2232.6,projected
2031q4,federal_government_c_gi,2240.5,projected
2032q1,federal_government_c_gi,2253.0,projected
2032q2,federal_government_c_gi,2258.0,projected
2032q3,federal_government_c_gi,2267.4,projected
2032q4,federal_government_c_gi,2278.2,projected
2033q1,federal_government_c_gi,2289.6,projected
2033q2,federal_government_c_gi,2301.4,projected
2033q3,federal_government_c_gi,2312.6,projected
2033q4,federal_government_c_gi,2322.8,projected
2034q1,federal_government_c_gi,2332.9,projected
2034q2,federal_government_c_gi,2343.2,projected
2034q3,federal_government_c_gi,2353.8,projected
2034q4,federal_government_c_gi,2365.9,projected
2035q1,federal_government_c_gi,2378.3,projected
2035q2,federal_government_c_gi,2391.3,projected
2035q3,federal_government_c_gi,2404.5,projected
2035q4,federal_government_c_gi,2418.3,projected
2036q1,federal_government_c_gi,2431.6,projected
2036q2,federal_government_c_gi,2445.2,projected
2036q3,federal_government_c_gi,2459.0,projected
2036q4,federal_government_c_gi,2473.4,projected
2023q1,federal_government_c_gi_pct_change,8.878,actual
2023q2,federal_government_c_gi_pct_change,2.6,actual
2023q3,federal_government_c_gi_pct_change,10.899,actual
2023q4,federal_government_c_gi_pct_change,6.337,actual
2024q1,federal_government_c_gi_pct_change,5.01,actual
2024q2,federal_government_c_gi_pct_change,7.455,actual
2024q3,federal_government_c_gi_pct_change,11.222,actual
2024q4,federal_government_c_gi_pct_change,6.868,actual
2025q1,federal_government_c_gi_pct_change,-0.049,actual
2025q2,federal_government_c_gi_pct_change,1.379,actual
2025q3,federal_government_c_gi_pct_change,4.902,projected
2025q4,federal_government_c_gi_pct_change,-5.072,projected
2026q1,federal_government_c_gi_pct_change,22.559,projected
2026q2,federal_government_c_gi_pct_change,-1.317,projected
2026q3,federal_government_c_gi_pct_change,3.165,projected
2026q4,federal_government_c_gi_pct_change,2.498,projected
2027q1,federal_government_c_gi_pct_change,2.261,projected
2027q2,federal_government_c_gi_pct_change,2.086,projected
2027q3,federal_government_c_gi_pct_change,2.19,projected
2027q4,federal_government_c_gi_pct_change,1.132,projected
2028q1,federal_government_c_gi_pct_change,0.736,projected
2028q2,federal_government_c_gi_pct_change,1.551,projected
2028q3,federal_government_c_gi_pct_change,1.548,projected
2028q4,federal_government_c_gi_pct_change,1.971,projected
2029q1,federal_government_c_gi_pct_change,1.858,projected
2029q2,federal_government_c_gi_pct_change,1.762,projected
2029q3,federal_government_c_gi_pct_change,1.685,projected
2029q4,federal_government_c_gi_pct_change,1.256,projected
2030q1,federal_government_c_gi_pct_change,1.111,projected
2030q2,federal_government_c_gi_pct_change,1.131,projected
2030q3,federal_government_c_gi_pct_change,1.225,projected
2030q4,federal_government_c_gi_pct_change,1.21,projected
2031q1,federal_government_c_gi_pct_change,1.296,projected
2031q2,federal_government_c_gi_pct_change,1.382,projected
2031q3,federal_government_c_gi_pct_change,1.466,projected
2031q4,federal_government_c_gi_pct_change,1.42,projected
2032q1,federal_government_c_gi_pct_change,2.265,projected
2032q2,federal_government_c_gi_pct_change,0.875,projected
2032q3,federal_government_c_gi_pct_change,1.685,projected
2032q4,federal_government_c_gi_pct_change,1.911,projected
2033q1,federal_government_c_gi_pct_change,2.029,projected
2033q2,federal_government_c_gi_pct_change,2.069,projected
2033q3,federal_government_c_gi_pct_change,1.955,projected
2033q4,federal_government_c_gi_pct_change,1.786,projected
2034q1,federal_government_c_gi_pct_change,1.746,projected
2034q2,federal_government_c_gi_pct_change,1.781,projected
2034q3,federal_government_c_gi_pct_change,1.817,projected
2034q4,federal_government_c_gi_pct_change,2.075,projected
2035q1,federal_government_c_gi_pct_change,2.119,projected
2035q2,federal_government_c_gi_pct_change,2.203,projected
2035q3,federal_government_c_gi_pct_change,2.213,projected
2035q4,federal_government_c_gi_pct_change,2.314,projected
2036q1,federal_government_c_gi_pct_change,2.231,projected
2036q2,federal_government_c_gi_pct_change,2.253,projected
2036q3,federal_government_c_gi_pct_change,2.275,projected
2036q4,federal_government_c_gi_pct_change,2.36,projected
2023q1,gdi,26980.5,actual
2023q2,gdi,27229.1,actual
2023q3,gdi,27615.6,actual
2023q4,gdi,28117.4,actual
2024q1,gdi,28468.4,actual
2024q2,gdi,28861.1,actual
2024q3,gdi,29117.3,actual
2024q4,gdi,29560.0,actual
2025q1,gdi,29895.7,actual
2025q2,gdi,30335.8,actual
2025q3,gdi,30856.5,projected
2025q4,gdi,31242.0,projected
2026q1,gdi,31659.4,projected
2026q2,gdi,32050.4,projected
2026q3,gdi,32436.2,projected
2026q4,gdi,32790.6,projected
2027q1,gdi,33131.6,projected
2027q2,gdi,33470.3,projected
2027q3,gdi,33813.1,projected
2027q4,gdi,34155.1,projected
2028q1,gdi,34498.4,projected
2028q2,gdi,34837.2,projected
2028q3,gdi,35170.4,projected
2028q4,gdi,35505.7,projected
2029q1,gdi,35844.1,projected
2029q2,gdi,36182.1,projected
2029q3,gdi,36523.7,projected
2029q4,gdi,36870.5,projected
2030q1,gdi,37219.9,projected
2030q2,gdi,37570.3,projected
2030q3,gdi,37923.5,projected
2030q4,gdi,38278.6,projected
2031q1,gdi,38637.2,projected
2031q2,gdi,38998.3,projected
2031q3,gdi,39361.2,projected
2031q4,gdi,39726.8,projected
2032q1,gdi,40095.3,projected
2032q2,gdi,40466.9,projected
2032q3,gdi,40842.6,projected
2032q4,gdi,41222.7,projected
2033q1,gdi,41606.9,projected
2033q2,gdi,41994.6,projected
2033q3,gdi,42386.1,projected
2033q4,gdi,42781.0,projected
2034q1,gdi,43177.1,projected
2034q2,gdi,43578.4,projected
2034q3,gdi,43984.5,projected
2034q4,gdi,44394.3,projected
2035q1,gdi,44808.0,projected
2035q2,gdi,45225.5,projected
2035q3,gdi,45646.9,projected
2035q4,gdi,46072.2,projected
2036q1,gdi,46501.4,projected
2036q2,gdi,46934.2,projected
2036q3,gdi,47370.6,projected
2036q4,gdi,47810.6,projected
2023q1,gdi_pct_change,7.051,actual
2023q2,gdi_pct_change,3.736,actual
2023q3,gdi_pct_change,5.799,actual
2023q4,gdi_pct_change,7.468,actual
2024q1,gdi_pct_change,5.087,actual
2024q2,gdi_pct_change,5.632,actual
2024q3,gdi_pct_change,3.598,actual
2024q4,gdi_pct_change,6.221,actual
2025q1,gdi_pct_change,4.62,actual
2025q2,gdi_pct_change,6.019,actual
2025q3,gdi_pct_change,7.044,projected
2025q4,gdi_pct_change,5.09,projected
2026q1,gdi_pct_change,5.452,projected
2026q2,gdi_pct_change,5.033,projected
2026q3,gdi_pct_change,4.902,projected
2026q4,gdi_pct_change,4.442,projected
2027q1,gdi_pct_change,4.224,projected
2027q2,gdi_pct_change,4.152,projected
2027q3,gdi_pct_change,4.16,projected
2027q4,gdi_pct_change,4.107,projected
2028q1,gdi_pct_change,4.081,projected
2028q2,gdi_pct_change,3.987,projected
2028q3,gdi_pct_change,3.88,projected
2028q4,gdi_pct_change,3.867,projected
2029q1,gdi_pct_change,3.867,projected
2029q2,gdi_pct_change,3.825,projected
2029q3,gdi_pct_change,3.83,projected
2029q4,gdi_pct_change,3.851,projected
2030q1,gdi_pct_change,3.845,projected
2030q2,gdi_pct_change,3.819,projected
2030q3,gdi_pct_change,3.813,projected
2030q4,gdi_pct_change,3.798,projected
2031q1,gdi_pct_change,3.799,projected
2031q2,gdi_pct_change,3.791,projected
2031q3,gdi_pct_change,3.774,projected
2031q4,gdi_pct_change,3.767,projected
2032q1,gdi_pct_change,3.761,projected
2032q2,gdi_pct_change,3.759,projected
2032q3,gdi_pct_change,3.764,projected
2032q4,gdi_pct_change,3.775,projected
2033q1,gdi_pct_change,3.779,projected
2033q2,gdi_pct_change,3.78,projected
2033q3,gdi_pct_change,3.781,projected
2033q4,gdi_pct_change,3.779,projected
2034q1,gdi_pct_change,3.754,projected
2034q2,gdi_pct_change,3.77,projected
2034q3,gdi_pct_change,3.779,projected
2034q4,gdi_pct_change,3.779,projected
2035q1,gdi_pct_change,3.779,projected
2035q2,gdi_pct_change,3.779,projected
2035q3,gdi_pct_change,3.779,projected
2035q4,gdi_pct_change,3.778,projected
2036q1,gdi_pct_change,3.778,projected
2036q2,gdi_pct_change,3.775,projected
2036q3,gdi_pct_change,3.771,projected
2036q4,gdi_pct_change,3.767,projected
2023q1,gdp,27216.4,actual
2023q2,gdp,27530.1,actual
2023q3,gdp,28074.8,actual
2023q4,gdp,28424.7,actual
2024q1,gdp,28708.2,actual
2024q2,gdp,29147.0,actual
2024q3,gdp,29511.7,actual
2024q4,gdp,29825.2,actual
2025q1,gdp,30042.1,actual
2025q2,gdp,30485.7,actual
2025q3,gdp,30968.3,projected
2025q4,gdp,31324.6,projected
2026q1,gdp,31720.3,projected
2026q2,gdp,32094.9,projected
2026q3,gdp,32468.3,projected
2026q4,gdp,32813.3,projected
2027q1,gdp,33147.2,projected
2027q2,gdp,33480.7,projected
2027q3,gdp,33819.5,projected
2027q4,gdp,34158.5,projected
2028q1,gdp,34499.5,projected
2028q2,gdp,34836.6,projected
2028q3,gdp,35168.5,projected
2028q4,gdp,35502.8,projected
2029q1,gdp,35840.4,projected
2029q2,gdp,36177.9,projected
2029q3,gdp,36519.1,projected
2029q4,gdp,36865.5,projected
2030q1,gdp,37214.6,projected
2030q2,gdp,37564.8,projected
2030q3,gdp,37917.8,projected
2030q4,gdp,38272.8,projected
2031q1,gdp,38631.2,projected
2031q2,gdp,38992.3,projected
2031q3,gdp,39355.1,projected
2031q4,gdp,39720.6,projected
2032q1,gdp,40088.9,projected
2032q2,gdp,40460.5,projected
2032q3,gdp,40836.1,projected
2032q4,gdp,41216.2,projected
2033q1,gdp,41600.2,projected
2033q2,gdp,41987.9,projected
2033q3,gdp,42379.4,projected
2033q4,gdp,42774.2,projected
2034q1,gdp,43170.2,projected
2034q2,gdp,43571.5,projected
2034q3,gdp,43977.4,projected
2034q4,gdp,44387.2,projected
2035q1,gdp,44800.9,projected
2035q2,gdp,45218.3,projected
2035q3,gdp,45639.6,projected
2035q4,gdp,46064.8,projected
2036q1,gdp,46493.9,projected
2036q2,gdp,46926.7,projected
2036q3,gdp,47363.1,projected
2036q4,gdp,47803.0,projected
2023q1,gdp_pct_change,6.83,actual
2023q2,gdp_pct_change,4.69,actual
2023q3,gdp_pct_change,8.152,actual
2023q4,gdp_pct_change,5.079,actual
2024q1,gdp_pct_change,4.049,actual
2024q2,gdp_pct_change,6.255,actual
2024q3,gdp_pct_change,5.099,actual
2024q4,gdp_pct_change,4.317,actual
2025q1,gdp_pct_change,2.94,actual
2025q2,gdp_pct_change,6.038,actual
2025q3,gdp_pct_change,6.484,projected
2025q4,gdp_pct_change,4.682,projected
2026q1,gdp_pct_change,5.148,projected
2026q2,gdp_pct_change,4.808,projected
2026q3,gdp_pct_change,4.735,projected
2026q4,gdp_pct_change,4.319,projected
2027q1,gdp_pct_change,4.133,projected
2027q2,gdp_pct_change,4.085,projected
2027q3,gdp_pct_change,4.109,projected
2027q4,gdp_pct_change,4.069,projected
2028q1,gdp_pct_change,4.053,projected
2028q2,gdp_pct_change,3.966,projected
2028q3,gdp_pct_change,3.865,projected
2028q4,gdp_pct_change,3.856,projected
2029q1,gdp_pct_change,3.858,projected
2029q2,gdp_pct_change,3.819,projected
2029q3,gdp_pct_change,3.826,projected
2029q4,gdp_pct_change,3.848,projected
2030q1,gdp_pct_change,3.842,projected
2030q2,gdp_pct_change,3.817,projected
2030q3,gdp_pct_change,3.811,projected
2030q4,gdp_pct_change,3.797,projected
2031q1,gdp_pct_change,3.798,projected
2031q2,gdp_pct_change,3.791,projected
2031q3,gdp_pct_change,3.774,projected
2031q4,gdp_pct_change,3.766,projected
2032q1,gdp_pct_change,3.761,projected
2032q2,gdp_pct_change,3.759,projected
2032q3,gdp_pct_change,3.764,projected
2032q4,gdp_pct_change,3.775,projected
2033q1,gdp_pct_change,3.779,projected
2033q2,gdp_pct_change,3.78,projected
2033q3,gdp_pct_change,3.781,projected
2033q4,gdp_pct_change,3.778,projected
2034q1,gdp_pct_change,3.754,projected
2034q2,gdp_pct_change,3.77,projected
2034q3,gdp_pct_change,3.779,projected
2034q4,gdp_pct_change,3.779,projected
2035q1,gdp_pct_change,3.779,projected
2035q2,gdp_pct_change,3.779,projected
2035q3,gdp_pct_change,3.779,projected
2035q4,gdp_pct_change,3.778,projected
2036q1,gdp_pct_change,3.778,projected
2036q2,gdp_pct_change,3.775,projected
2036q3,gdp_pct_change,3.771,projected
2036q4,gdp_pct_change,3.767,projected
2023q1,gdp_price_index,121.291,actual
2023q2,gdp_price_index,121.933,actual
2023q3,gdp_price_index,122.923,actual
2023q4,gdp_price_index,123.409,actual
2024q1,gdp_price_index,124.366,actual
2024q2,gdp_price_index,125.167,actual
2024q3,gdp_price_index,125.715,actual
2024q4,gdp_price_index,126.474,actual
2025q1,gdp_price_index,127.597,actual
2025q2,gdp_price_index,128.266,actual
2025q3,gdp_price_index,129.225,projected
2025q4,gdp_price_index,130.315,projected
2026q1,gdp_price_index,131.008,projected
2026q2,gdp_price_index,131.904,projected
2026q3,gdp_price_index,132.752,projected
2026q4,gdp_price_index,133.533,projected
2027q1,gdp_price_index,134.304,projected
2027q2,gdp_price_index,135.057,projected
2027q3,gdp_price_index,135.802,projected
2027q4,gdp_price_index,136.541,projected
2028q1,gdp_price_index,137.275,projected
2028q2,gdp_price_index,138.007,projected
2028q3,gdp_price_index,138.728,projected
2028q4,gdp_price_index,139.443,projected
2029q1,gdp_price_index,140.153,projected
2029q2,gdp_price_index,140.863,projected
2029q3,gdp_price_index,141.572,projected
2029q4,gdp_price_index,142.281,projected
2030q1,gdp_price_index,142.99,projected
2030q2,gdp_price_index,143.698,projected
2030q3,gdp_price_index,144.409,projected
2030q4,gdp_price_index,145.12,projected
2031q1,gdp_price_index,145.834,projected
2031q2,gdp_price_index,146.551,projected
2031q3,gdp_price_index,147.271,projected
2031q4,gdp_price_index,147.992,projected
2032q1,gdp_price_index,148.715,projected
2032q2,gdp_price_index,149.441,projected
2032q3,gdp_price_index,150.172,projected
2032q4,gdp_price_index,150.909,projected
2033q1,gdp_price_index,151.649,projected
2033q2,gdp_price_index,152.392,projected
2033q3,gdp_price_index,153.137,projected
2033q4,gdp_price_index,153.885,projected
2034q1,gdp_price_index,154.636,projected
2034q2,gdp_price_index,155.39,projected
2034q3,gdp_price_index,156.149,projected
2034q4,gdp_price_index,156.912,projected
2035q1,gdp_price_index,157.68,projected
2035q2,gdp_price_index,158.452,projected
2035q3,gdp_price_index,159.228,projected
2035q4,gdp_price_index,160.009,projected
2036q1,gdp_price_index,160.793,projected
2036q2,gdp_price_index,161.582,projected
2036q3,gdp_price_index,162.375,projected
2036q4,gdp_price_index,163.173,projected
2023q1,gdp_price_index_pct_change,3.766,actual
2023q2,gdp_price_index_pct_change,2.134,actual
2023q3,gdp_price_index_pct_change,3.287,actual
2023q4,gdp_price_index_pct_change,1.59,actual
2024q1,gdp_price_index_pct_change,3.138,actual
2024q2,gdp_price_index_pct_change,2.601,actual
2024q3,gdp_price_index_pct_change,1.762,actual
2024q4,gdp_price_index_pct_change,2.436,actual
2025q1,gdp_price_index_pct_change,3.599,actual
2025q2,gdp_price_index_pct_change,2.113,actual
2025q3,gdp_price_index_pct_change,3.026,projected
2025q4,gdp_price_index_pct_change,3.415,projected
2026q1,gdp_price_index_pct_change,2.145,projected
2026q2,gdp_price_index_pct_change,2.765,projected
2026q3,gdp_price_index_pct_change,2.595,projected
2026q4,gdp_price_index_pct_change,2.372,projected
2027q1,gdp_price_index_pct_change,2.331,projected
2027q2,gdp_price_index_pct_change,2.26,projected
2027q3,gdp_price_index_pct_change,2.224,projected
2027q4,gdp_price_index_pct_change,2.195,projected
2028q1,gdp_price_index_pct_change,2.166,projected
2028q2,gdp_price_index_pct_change,2.15,projected
2028q3,gdp_price_index_pct_change,2.105,projected
2028q4,gdp_price_index_pct_change,2.078,projected
2029q1,gdp_price_index_pct_change,2.054,projected
2029q2,gdp_price_index_pct_change,2.039,projected
2029q3,gdp_price_index_pct_change,2.028,projected
2029q4,gdp_price_index_pct_change,2.019,projected
2030q1,gdp_price_index_pct_change,2.006,projected
2030q2,gdp_price_index_pct_change,1.997,projected
2030q3,gdp_price_index_pct_change,1.993,projected
2030q4,gdp_price_index_pct_change,1.984,projected
2031q1,gdp_price_index_pct_change,1.982,projected
2031q2,gdp_price_index_pct_change,1.979,projected
2031q3,gdp_price_index_pct_change,1.978,projected
2031q4,gdp_price_index_pct_change,1.973,projected
2032q1,gdp_price_index_pct_change,1.968,projected
2032q2,gdp_price_index_pct_change,1.967,projected
2032q3,gdp_price_index_pct_change,1.971,projected
2032q4,gdp_price_index_pct_change,1.976,projected
2033q1,gdp_price_index_pct_change,1.975,projected
2033q2,gdp_price_index_pct_change,1.973,projected
2033q3,gdp_price_index_pct_change,1.971,projected
2033q4,gdp_price_index_pct_change,1.967,projected
2034q1,gdp_price_index_pct_change,1.966,projected
2034q2,gdp_price_index_pct_change,1.966,projected
2034q3,gdp_price_index_pct_change,1.967,projected
2034q4,gdp_price_index_pct_change,1.969,projected
2035q1,gdp_price_index_pct_change,1.971,projected
2035q2,gdp_price_index_pct_change,1.972,projected
2035q3,gdp_price_index_pct_change,1.973,projected
2035q4,gdp_price_index_pct_change,1.974,projected
2036q1,gdp_price_index_pct_change,1.975,projected
2036q2,gdp_price_index_pct_change,1.976,projected
2036q3,gdp_price_index_pct_change,1.977,projected
2036q4,gdp_price_index_pct_change,1.98,projected
2023q1,gnp,27326.5,actual
2023q2,gnp,27633.2,actual
2023q3,gnp,28172.6,actual
2023q4,gnp,28456.5,actual
2024q1,gnp,28700.2,actual
2024q2,gnp,29135.0,actual
2024q3,gnp,29459.5,actual
2024q4,gnp,29864.3,actual
2025q1,gnp,30044.2,actual
2025q2,gnp,30467.4,actual
2025q3,gnp,31051.8,projected
2025q4,gnp,31409.1,projected
2026q1,gnp,31812.5,projected
2026q2,gnp,32191.4,projected
2026q3,gnp,32559.3,projected
2026q4,gnp,32891.7,projected
2027q1,gnp,33215.7,projected
2027q2,gnp,33536.0,projected
2027q3,gnp,33864.7,projected
2027q4,gnp,34190.4,projected
2028q1,gnp,34523.2,projected
2028q2,gnp,34851.3,projected
2028q3,gnp,35175.8,projected
2028q4,gnp,35499.7,projected
2029q1,gnp,35830.9,projected
2029q2,gnp,36159.9,projected
2029q3,gnp,36493.8,projected
2029q4,gnp,36830.3,projected
2030q1,gnp,37174.2,projected
2030q2,gnp,37518.0,projected
2030q3,gnp,37865.4,projected
2030q4,gnp,38211.4,projected
2031q1,gnp,38565.8,projected
2031q2,gnp,38921.4,projected
2031q3,gnp,39279.6,projected
2031q4,gnp,39635.4,projected
2032q1,gnp,40001.4,projected
2032q2,gnp,40369.0,projected
2032q3,gnp,40741.6,projected
2032q4,gnp,41115.7,projected
2033q1,gnp,41498.2,projected
2033q2,gnp,41882.9,projected
2033q3,gnp,42272.6,projected
2033q4,gnp,42662.3,projected
2034q1,gnp,43057.9,projected
2034q2,gnp,43457.3,projected
2034q3,gnp,43861.8,projected
2034q4,gnp,44267.9,projected
2035q1,gnp,44680.6,projected
2035q2,gnp,45095.8,projected
2035q3,gnp,45515.5,projected
2035q4,gnp,45936.2,projected
2036q1,gnp,46363.9,projected
2036q2,gnp,46793.8,projected
2036q3,gnp,47227.9,projected
2036q4,gnp,47662.8,projected
2023q1,gnp_pct_change,6.288,actual
2023q2,gnp_pct_change,4.565,actual
2023q3,gnp_pct_change,8.039,actual
2023q4,gnp_pct_change,4.092,actual
2024q1,gnp_pct_change,3.469,actual
2024q2,gnp_pct_change,6.198,actual
2024q3,gnp_pct_change,4.53,actual
2024q4,gnp_pct_change,5.61,actual
2025q1,gnp_pct_change,2.431,actual
2025q2,gnp_pct_change,5.754,actual
2025q3,gnp_pct_change,7.895,projected
2025q4,gnp_pct_change,4.683,projected
2026q1,gnp_pct_change,5.236,projected
2026q2,gnp_pct_change,4.85,projected
2026q3,gnp_pct_change,4.649,projected
2026q4,gnp_pct_change,4.147,projected
2027q1,gnp_pct_change,3.997,projected
2027q2,gnp_pct_change,3.913,projected
2027q3,gnp_pct_change,3.978,projected
2027q4,gnp_pct_change,3.903,projected
2028q1,gnp_pct_change,3.949,projected
2028q2,gnp_pct_change,3.856,projected
2028q3,gnp_pct_change,3.776,projected
2028q4,gnp_pct_change,3.734,projected
2029q1,gnp_pct_change,3.784,projected
2029q2,gnp_pct_change,3.723,projected
2029q3,gnp_pct_change,3.745,projected
2029q4,gnp_pct_change,3.739,projected
2030q1,gnp_pct_change,3.787,projected
2030q2,gnp_pct_change,3.751,projected
2030q3,gnp_pct_change,3.755,projected
2030q4,gnp_pct_change,3.705,projected
2031q1,gnp_pct_change,3.761,projected
2031q2,gnp_pct_change,3.739,projected
2031q3,gnp_pct_change,3.732,projected
2031q4,gnp_pct_change,3.672,projected
2032q1,gnp_pct_change,3.744,projected
2032q2,gnp_pct_change,3.727,projected
2032q3,gnp_pct_change,3.743,projected
2032q4,gnp_pct_change,3.723,projected
2033q1,gnp_pct_change,3.774,projected
2033q2,gnp_pct_change,3.76,projected
2033q3,gnp_pct_change,3.773,projected
2033q4,gnp_pct_change,3.739,projected
2034q1,gnp_pct_change,3.76,projected
2034q2,gnp_pct_change,3.762,projected
2034q3,gnp_pct_change,3.775,projected
2034q4,gnp_pct_change,3.754,projected
2035q1,gnp_pct_change,3.781,projected
2035q2,gnp_pct_change,3.768,projected
2035q3,gnp_pct_change,3.775,projected
2035q4,gnp_pct_change,3.748,projected
2036q1,gnp_pct_change,3.776,projected
2036q2,gnp_pct_change,3.76,projected
2036q3,gnp_pct_change,3.762,projected
2036q4,gnp_pct_change,3.734,projected
2023q1,government_c_gi,4640.5,actual
2023q2,government_c_gi,4673.4,actual
2023q3,government_c_gi,4789.7,actual
2023q4,government_c_gi,4861.0,actual
2024q1,government_c_gi,4931.8,actual
2024q2,government_c_gi,4995.2,actual
2024q3,government_c_gi,5086.9,actual
2024q4,government_c_gi,5150.7,actual
2025q1,government_c_gi,5195.5,actual
2025q2,government_c_gi,5237.0,actual
2025q3,government_c_gi,5297.3,projected
2025q4,government_c_gi,5306.9,projected
2026q1,government_c_gi,5440.9,projected
2026q2,government_c_gi,5466.4,projected
2026q3,government_c_gi,5515.5,projected
2026q4,government_c_gi,5558.7,projected
2027q1,government_c_gi,5602.2,projected
2027q2,government_c_gi,5644.7,projected
2027q3,government_c_gi,5686.7,projected
2027q4,government_c_gi,5723.1,projected
2028q1,government_c_gi,5757.4,projected
2028q2,government_c_gi,5796.2,projected
2028q3,government_c_gi,5835.2,projected
2028q4,government_c_gi,5876.6,projected
2029q1,government_c_gi,5918.1,projected
2029q2,government_c_gi,5958.3,projected
2029q3,government_c_gi,5998.2,projected
2029q4,government_c_gi,6035.9,projected
2030q1,government_c_gi,6072.7,projected
2030q2,government_c_gi,6110.0,projected
2030q3,government_c_gi,6148.2,projected
2030q4,government_c_gi,6186.7,projected
2031q1,government_c_gi,6226.1,projected
2031q2,government_c_gi,6266.6,projected
2031q3,government_c_gi,6307.9,projected
2031q4,government_c_gi,6349.4,projected
2032q1,government_c_gi,6395.6,projected
2032q2,government_c_gi,6434.2,projected
2032q3,government_c_gi,6477.8,projected
2032q4,government_c_gi,6522.9,projected
2033q1,government_c_gi,6568.6,projected
2033q2,government_c_gi,6614.1,projected
2033q3,government_c_gi,6659.6,projected
2033q4,government_c_gi,6704.5,projected
2034q1,government_c_gi,6749.4,projected
2034q2,government_c_gi,6794.7,projected
2034q3,government_c_gi,6840.2,projected
2034q4,government_c_gi,6887.5,projected
2035q1,government_c_gi,6934.4,projected
2035q2,government_c_gi,6982.1,projected
2035q3,government_c_gi,7030.2,projected
2035q4,government_c_gi,7079.3,projected
2036q1,government_c_gi,7128.3,projected
2036q2,government_c_gi,7178.5,projected
2036q3,government_c_gi,7229.4,projected
2036q4,government_c_gi,7281.6,projected
2023q1,government_c_gi_pct_change,6.263,actual
2023q2,government_c_gi_pct_change,2.862,actual
2023q3,government_c_gi_pct_change,10.338,actual
2023q4,government_c_gi_pct_change,6.086,actual
2024q1,government_c_gi_pct_change,5.951,actual
2024q2,government_c_gi_pct_change,5.239,actual
2024q3,government_c_gi_pct_change,7.553,actual
2024q4,government_c_gi_pct_change,5.112,actual
2025q1,government_c_gi_pct_change,3.524,actual
2025q2,government_c_gi_pct_change,3.229,actual
2025q3,government_c_gi_pct_change,4.684,projected
2025q4,government_c_gi_pct_change,0.733,projected
2026q1,government_c_gi_pct_change,10.482,projected
2026q2,government_c_gi_pct_change,1.888,projected
2026q3,government_c_gi_pct_change,3.64,projected
2026q4,government_c_gi_pct_change,3.173,projected
2027q1,government_c_gi_pct_change,3.163,projected
2027q2,government_c_gi_pct_change,3.072,projected
2027q3,government_c_gi_pct_change,3.01,projected
2027q4,government_c_gi_pct_change,2.586,projected
2028q1,government_c_gi_pct_change,2.414,projected
2028q2,government_c_gi_pct_change,2.723,projected
2028q3,government_c_gi_pct_change,2.72,projected
2028q4,government_c_gi_pct_change,2.87,projected
2029q1,government_c_gi_pct_change,2.853,projected
2029q2,government_c_gi_pct_change,2.746,projected
2029q3,government_c_gi_pct_change,2.703,projected
2029q4,government_c_gi_pct_change,2.538,projected
2030q1,government_c_gi_pct_change,2.461,projected
2030q2,government_c_gi_pct_change,2.48,projected
2030q3,government_c_gi_pct_change,2.519,projected
2030q4,government_c_gi_pct_change,2.534,projected
2031q1,government_c_gi_pct_change,2.567,projected
2031q2,government_c_gi_pct_change,2.627,projected
2031q3,government_c_gi_pct_change,2.664,projected
2031q4,government_c_gi_pct_change,2.655,projected
2032q1,government_c_gi_pct_change,2.942,projected
2032q2,government_c_gi_pct_change,2.437,projected
2032q3,government_c_gi_pct_change,2.736,projected
2032q4,government_c_gi_pct_change,2.814,projected
2033q1,government_c_gi_pct_change,2.83,projected
2033q2,government_c_gi_pct_change,2.803,projected
2033q3,government_c_gi_pct_change,2.778,projected
2033q4,government_c_gi_pct_change,2.722,projected
2034q1,government_c_gi_pct_change,2.708,projected
2034q2,government_c_gi_pct_change,2.711,projected
2034q3,government_c_gi_pct_change,2.707,projected
2034q4,government_c_gi_pct_change,2.79,projected
2035q1,government_c_gi_pct_change,2.755,projected
2035q2,government_c_gi_pct_change,2.779,projected
2035q3,government_c_gi_pct_change,2.782,projected
2035q4,government_c_gi_pct_change,2.823,projected
2036q1,government_c_gi_pct_change,2.799,projected
2036q2,government_c_gi_pct_change,2.843,projected
2036q3,government_c_gi_pct_change,2.87,projected
2036q4,government_c_gi_pct_change,2.919,projected
2023q1,gross_pri_dom_invest,4883.8,actual
2023q2,gross_pri_dom_invest,4961.1,actual
2023q3,gross_pri_dom_invest,5088.8,actual
2023q4,gross_pri_dom_invest,5161.2,actual
2024q1,gross_pri_dom_invest,5155.0,actual
2024q2,gross_pri_dom_invest,5290.2,actual
2024q3,gross_pri_dom_invest,5330.2,actual
2024q4,gross_pri_dom_invest,5261.8,actual
2025q1,gross_pri_dom_invest,5556.2,actual
2025q2,gross_pri_dom_invest,5358.6,actual
2025q3,gross_pri_dom_invest,5458.8,projected
2025q4,gross_pri_dom_invest,5572.4,projected
2026q1,gross_pri_dom_invest,5656.0,projected
2026q2,gross_pri_dom_invest,5749.2,projected
2026q3,gross_pri_dom_invest,5829.1,projected
2026q4,gross_pri_dom_invest,5907.1,projected
2027q1,gross_pri_dom_invest,5979.5,projected
2027q2,gross_pri_dom_invest,6054.4,projected
2027q3,gross_pri_dom_invest,6121.6,projected
2027q4,gross_pri_dom_invest,6192.5,projected
2028q1,gross_pri_dom_invest,6260.4,projected
2028q2,gross_pri_dom_invest,6325.9,projected
2028q3,gross_pri_dom_invest,6387.4,projected
2028q4,gross_pri_dom_invest,6448.3,projected
2029q1,gross_pri_dom_invest,6502.8,projected
2029q2,gross_pri_dom_invest,6555.4,projected
2029q3,gross_pri_dom_invest,6608.6,projected
2029q4,gross_pri_dom_invest,6664.9,projected
2030q1,gross_pri_dom_invest,6719.2,projected
2030q2,gross_pri_dom_invest,6774.6,projected
2030q3,gross_pri_dom_invest,6832.0,projected
2030q4,gross_pri_dom_invest,6893.6,projected
2031q1,gross_pri_dom_invest,6950.7,projected
2031q2,gross_pri_dom_invest,7005.0,projected
2031q3,gross_pri_dom_invest,7060.5,projected
2031q4,gross_pri_dom_invest,7121.6,projected
2032q1,gross_pri_dom_invest,7180.9,projected
2032q2,gross_pri_dom_invest,7239.5,projected
2032q3,gross_pri_dom_invest,7300.2,projected
2032q4,gross_pri_dom_invest,7362.7,projected
2033q1,gross_pri_dom_invest,7424.4,projected
2033q2,gross_pri_dom_invest,7484.7,projected
2033q3,gross_pri_dom_invest,7545.5,projected
2033q4,gross_pri_dom_invest,7610.0,projected
2034q1,gross_pri_dom_invest,7675.6,projected
2034q2,gross_pri_dom_invest,7743.6,projected
2034q3,gross_pri_dom_invest,7813.2,projected
2034q4,gross_pri_dom_invest,7887.4,projected
2035q1,gross_pri_dom_invest,7960.6,projected
2035q2,gross_pri_dom_invest,8036.3,projected
2035q3,gross_pri_dom_invest,8112.7,projected
2035q4,gross_pri_dom_invest,8192.7,projected
2036q1,gross_pri_dom_invest,8271.2,projected
2036q2,gross_pri_dom_invest,8349.7,projected
2036q3,gross_pri_dom_invest,8427.5,projected
2036q4,gross_pri_dom_invest,8508.8,projected
2023q1,gross_pri_dom_invest_pct_change,-4.409,actual
2023q2,gross_pri_dom_invest_pct_change,6.475,actual
2023q3,gross_pri_dom_invest_pct_change,10.704,actual
2023q4,gross_pri_dom_invest_pct_change,5.809,actual
2024q1,gross_pri_dom_invest_pct_change,-0.473,actual
2024q2,gross_pri_dom_invest_pct_change,10.905,actual
2024q3,gross_pri_dom_invest_pct_change,3.064,actual
2024q4,gross_pri_dom_invest_pct_change,-5.036,actual
2025q1,gross_pri_dom_invest_pct_change,24.328,actual
2025q2,gross_pri_dom_invest_pct_change,-13.483,actual
2025q3,gross_pri_dom_invest_pct_change,7.692,projected
2025q4,gross_pri_dom_invest_pct_change,8.585,projected
2026q1,gross_pri_dom_invest_pct_change,6.139,projected
2026q2,gross_pri_dom_invest_pct_change,6.754,projected
2026q3,gross_pri_dom_invest_pct_change,5.675,projected
2026q4,gross_pri_dom_invest_pct_change,5.459,projected
2027q1,gross_pri_dom_invest_pct_change,4.992,projected
2027q2,gross_pri_dom_invest_pct_change,5.111,projected
2027q3,gross_pri_dom_invest_pct_change,4.511,projected
2027q4,gross_pri_dom_invest_pct_change,4.715,projected
2028q1,gross_pri_dom_invest_pct_change,4.456,projected
2028q2,gross_pri_dom_invest_pct_change,4.249,projected
2028q3,gross_pri_dom_invest_pct_change,3.949,projected
2028q4,gross_pri_dom_invest_pct_change,3.865,projected
2029q1,gross_pri_dom_invest_pct_change,3.424,projected
2029q2,gross_pri_dom_invest_pct_change,3.277,projected
2029q3,gross_pri_dom_invest_pct_change,3.282,projected
2029q4,gross_pri_dom_invest_pct_change,3.45,projected
2030q1,gross_pri_dom_invest_pct_change,3.298,projected
2030q2,gross_pri_dom_invest_pct_change,3.342,projected
2030q3,gross_pri_dom_invest_pct_change,3.432,projected
2030q4,gross_pri_dom_invest_pct_change,3.654,projected
2031q1,gross_pri_dom_invest_pct_change,3.352,projected
2031q2,gross_pri_dom_invest_pct_change,3.163,projected
2031q3,gross_pri_dom_invest_pct_change,3.206,projected
2031q4,gross_pri_dom_invest_pct_change,3.507,projected
2032q1,gross_pri_dom_invest_pct_change,3.372,projected
2032q2,gross_pri_dom_invest_pct_change,3.304,projected
2032q3,gross_pri_dom_invest_pct_change,3.397,projected
2032q4,gross_pri_dom_invest_pct_change,3.469,projected
2033q1,gross_pri_dom_invest_pct_change,3.394,projected
2033q2,gross_pri_dom_invest_pct_change,3.285,projected
2033q3,gross_pri_dom_invest_pct_change,3.291,projected
2033q4,gross_pri_dom_invest_pct_change,3.46,projected
2034q1,gross_pri_dom_invest_pct_change,3.497,projected
2034q2,gross_pri_dom_invest_pct_change,3.59,projected
2034q3,gross_pri_dom_invest_pct_change,3.645,projected
2034q4,gross_pri_dom_invest_pct_change,3.853,projected
2035q1,gross_pri_dom_invest_pct_change,3.761,projected
2035q2,gross_pri_dom_invest_pct_change,3.86,projected
2035q3,gross_pri_dom_invest_pct_change,3.857,projected
2035q4,gross_pri_dom_invest_pct_change,4.0,projected
2036q1,gross_pri_dom_invest_pct_change,3.886,projected
2036q2,gross_pri_dom_invest_pct_change,3.851,projected
2036q3,gross_pri_dom_invest_pct_change,3.78,projected
2036q4,gross_pri_dom_invest_pct_change,3.916,projected
2023q1,hours_nfb,105.431,actual
2023q2,hours_nfb,105.178,actual
2023q3,hours_nfb,105.244,actual
2023q4,hours_nfb,105.22,actual
2024q1,hours_nfb,105.143,actual
2024q2,hours_nfb,105.394,actual
2024q3,hours_nfb,105.587,actual
2024q4,hours_nfb,105.808,actual
2025q1,hours_nfb,106.127,actual
2025q2,hours_nfb,106.41,actual
2025q3,hours_nfb,106.384,projected
2025q4,hours_nfb,106.375,projected
2026q1,hours_nfb,106.547,projected
2026q2,hours_nfb,106.791,projected
2026q3,hours_nfb,107.028,projected
2026q4,hours_nfb,107.178,projected
2027q1,hours_nfb,107.036,projected
2027q2,hours_nfb,107.011,projected
2027q3,hours_nfb,107.057,projected
2027q4,hours_nfb,107.146,projected
2028q1,hours_nfb,107.262,projected
2028q2,hours_nfb,107.395,projected
2028q3,hours_nfb,107.535,projected
2028q4,hours_nfb,107.678,projected
2029q1,hours_nfb,107.817,projected
2029q2,hours_nfb,107.954,projected
2029q3,hours_nfb,108.093,projected
2029q4,hours_nfb,108.238,projected
2030q1,hours_nfb,108.391,projected
2030q2,hours_nfb,108.542,projected
2030q3,hours_nfb,108.694,projected
2030q4,hours_nfb,108.845,projected
2031q1,hours_nfb,108.993,projected
2031q2,hours_nfb,109.139,projected
2031q3,hours_nfb,109.277,projected
2031q4,hours_nfb,109.413,projected
2032q1,hours_nfb,109.546,projected
2032q2,hours_nfb,109.675,projected
2032q3,hours_nfb,109.803,projected
2032q4,hours_nfb,109.93,projected
2033q1,hours_nfb,110.056,projected
2033q2,hours_nfb,110.18,projected
2033q3,hours_nfb,110.304,projected
2033q4,hours_nfb,110.426,projected
2034q1,hours_nfb,110.547,projected
2034q2,hours_nfb,110.667,projected
2034q3,hours_nfb,110.787,projected
2034q4,hours_nfb,110.904,projected
2035q1,hours_nfb,111.019,projected
2035q2,hours_nfb,111.134,projected
2035q3,hours_nfb,111.247,projected
2035q4,hours_nfb,111.358,projected
2036q1,hours_nfb,111.467,projected
2036q2,hours_nfb,111.575,projected
2036q3,hours_nfb,111.681,projected
2036q4,hours_nfb,111.784,projected
2023q1,hours_nfb_pct_change,1.756,actual
2023q2,hours_nfb_pct_change,-0.956,actual
2023q3,hours_nfb_pct_change,0.251,actual
2023q4,hours_nfb_pct_change,-0.091,actual
2024q1,hours_nfb_pct_change,-0.292,actual
2024q2,hours_nfb_pct_change,0.958,actual
2024q3,hours_nfb_pct_change,0.734,actual
2024q4,hours_nfb_pct_change,0.839,actual
2025q1,hours_nfb_pct_change,1.211,actual
2025q2,hours_nfb_pct_change,1.07,actual
2025q3,hours_nfb_pct_change,-0.095,projected
2025q4,hours_nfb_pct_change,-0.033,projected
2026q1,hours_nfb_pct_change,0.646,projected
2026q2,hours_nfb_pct_change,0.92,projected
2026q3,hours_nfb_pct_change,0.891,projected
2026q4,hours_nfb_pct_change,0.561,projected
2027q1,hours_nfb_pct_change,-0.528,projected
2027q2,hours_nfb_pct_change,-0.093,projected
2027q3,hours_nfb_pct_change,0.172,projected
2027q4,hours_nfb_pct_change,0.333,projected
2028q1,hours_nfb_pct_change,0.433,projected
2028q2,hours_nfb_pct_change,0.494,projected
2028q3,hours_nfb_pct_change,0.524,projected
2028q4,hours_nfb_pct_change,0.53,projected
2029q1,hours_nfb_pct_change,0.519,projected
2029q2,hours_nfb_pct_change,0.509,projected
2029q3,hours_nfb_pct_change,0.514,projected
2029q4,hours_nfb_pct_change,0.537,projected
2030q1,hours_nfb_pct_change,0.568,projected
2030q2,hours_nfb_pct_change,0.555,projected
2030q3,hours_nfb_pct_change,0.561,projected
2030q4,hours_nfb_pct_change,0.557,projected
2031q1,hours_nfb_pct_change,0.545,projected
2031q2,hours_nfb_pct_change,0.536,projected
2031q3,hours_nfb_pct_change,0.508,projected
2031q4,hours_nfb_pct_change,0.499,projected
2032q1,hours_nfb_pct_change,0.485,projected
2032q2,hours_nfb_pct_change,0.472,projected
2032q3,hours_nfb_pct_change,0.466,projected
2032q4,hours_nfb_pct_change,0.463,projected
2033q1,hours_nfb_pct_change,0.459,projected
2033q2,hours_nfb_pct_change,0.453,projected
2033q3,hours_nfb_pct_change,0.448,projected
2033q4,hours_nfb_pct_change,0.444,projected
2034q1,hours_nfb_pct_change,0.439,projected
2034q2,hours_nfb_pct_change,0.436,projected
2034q3,hours_nfb_pct_change,0.431,projected
2034q4,hours_nfb_pct_change,0.424,projected
2035q1,hours_nfb_pct_change,0.416,projected
2035q2,hours_nfb_pct_change,0.412,projected
2035q3,hours_nfb_pct_change,0.407,projected
2035q4,hours_nfb_pct_change,0.4,projected
2036q1,hours_nfb_pct_change,0.392,projected
2036q2,hours_nfb_pct_change,0.387,projected
2036q3,hours_nfb_pct_change,0.378,projected
2036q4,hours_nfb_pct_change,0.37,projected
2023q1,house_price_index_fhfa,385.71,actual
2023q2,house_price_index_fhfa,393.04,actual
2023q3,house_price_index_fhfa,401.64,actual
2023q4,house_price_index_fhfa,406.66,actual
2024q1,house_price_index_fhfa,411.09,actual
2024q2,house_price_index_fhfa,415.93,actual
2024q3,house_price_index_fhfa,419.91,actual
2024q4,house_price_index_fhfa,425.59,actual
2025q1,house_price_index_fhfa,428.73,actual
2025q2,house_price_index_fhfa,428.68,actual
2025q3,house_price_index_fhfa,429.35,projected
2025q4,house_price_index_fhfa,431.546,projected
2026q1,house_price_index_fhfa,434.115,projected
2026q2,house_price_index_fhfa,436.505,projected
2026q3,house_price_index_fhfa,439.239,projected
2026q4,house_price_index_fhfa,442.288,projected
2027q1,house_price_index_fhfa,445.586,projected
2027q2,house_price_index_fhfa,449.083,projected
2027q3,house_price_index_fhfa,452.737,projected
2027q4,house_price_index_fhfa,456.521,projected
2028q1,house_price_index_fhfa,460.41,projected
2028q2,house_price_index_fhfa,464.39,projected
2028q3,house_price_index_fhfa,468.447,projected
2028q4,house_price_index_fhfa,472.572,projected
2029q1,house_price_index_fhfa,476.758,projected
2029q2,house_price_index_fhfa,481.0,projected
2029q3,house_price_index_fhfa,485.294,projected
2029q4,house_price_index_fhfa,489.637,projected
2030q1,house_price_index_fhfa,494.027,projected
2030q2,house_price_index_fhfa,498.463,projected
2030q3,house_price_index_fhfa,502.944,projected
2030q4,house_price_index_fhfa,507.468,projected
2031q1,house_price_index_fhfa,512.036,projected
2031q2,house_price_index_fhfa,516.647,projected
2031q3,house_price_index_fhfa,521.302,projected
2031q4,house_price_index_fhfa,525.999,projected
2032q1,house_price_index_fhfa,530.74,projected
2032q2,house_price_index_fhfa,535.524,projected
2032q3,house_price_index_fhfa,540.393,projected
2032q4,house_price_index_fhfa,545.268,projected
2033q1,house_price_index_fhfa,550.184,projected
2033q2,house_price_index_fhfa,555.144,projected
2033q3,house_price_index_fhfa,560.149,projected
2033q4,house_price_index_fhfa,565.198,projected
2034q1,house_price_index_fhfa,570.293,projected
2034q2,house_price_index_fhfa,575.433,projected
2034q3,house_price_index_fhfa,580.62,projected
2034q4,house_price_index_fhfa,585.853,projected
2035q1,house_price_index_fhfa,591.133,projected
2035q2,house_price_index_fhfa,596.461,projected
2035q3,house_price_index_fhfa,601.837,projected
2035q4,house_price_index_fhfa,607.261,projected
2036q1,house_price_index_fhfa,612.751,projected
2036q2,house_price_index_fhfa,618.275,projected
2036q3,house_price_index_fhfa,623.847,projected
2036q4,house_price_index_fhfa,629.47,projected
2023q1,households,129.762,actual
2023q2,households,130.151,actual
2023q3,households,130.326,actual
2023q4,households,130.812,actual
2024q1,households,131.076,actual
2024q2,households,131.429,actual
2024q3,households,132.011,actual
2024q4,households,131.945,actual
2025q1,households,132.214,actual
2025q2,households,132.624,actual
2025q3,households,132.926,projected
2025q4,households,133.228,projected
2026q1,households,133.529,projected
2026q2,households,133.831,projected
2026q3,households,134.132,projected
2026q4,households,134.435,projected
2027q1,households,134.739,projected
2027q2,households,135.039,projected
2027q3,households,135.34,projected
2027q4,households,135.64,projected
2028q1,households,135.94,projected
2028q2,households,136.237,projected
2028q3,households,136.53,projected
2028q4,households,136.819,projected
2029q1,households,137.105,projected
2029q2,households,137.386,projected
2029q3,households,137.661,projected
2029q4,households,137.938,projected
2030q1,households,138.21,projected
2030q2,households,138.473,projected
2030q3,households,138.727,projected
2030q4,households,138.972,projected
2031q1,households,139.211,projected
2031q2,households,139.441,projected
2031q3,households,139.663,projected
2031q4,households,139.876,projected
2032q1,households,140.085,projected
2032q2,households,140.286,projected
2032q3,households,140.481,projected
2032q4,households,140.668,projected
2033q1,households,140.855,projected
2033q2,households,141.04,projected
2033q3,households,141.223,projected
2033q4,households,141.405,projected
2034q1,households,141.585,projected
2034q2,households,141.763,projected
2034q3,households,141.939,projected
2034q4,households,142.112,projected
2035q1,households,142.284,projected
2035q2,households,142.453,projected
2035q3,households,142.621,projected
2035q4,households,142.787,projected
2036q1,households,142.952,projected
2036q2,households,143.115,projected
2036q3,households,143.276,projected
2036q4,households,143.435,projected
2023q1,imports,3880.4,actual
2023q2,imports,3813.7,actual
2023q3,imports,3847.6,actual
2023q4,imports,3897.7,actual
2024q1,imports,3986.6,actual
2024q2,imports,4087.0,actual
2024q3,imports,4194.8,actual
2024q4,imports,4186.9,actual
2025q1,imports,4558.3,actual
2025q2,imports,4167.3,actual
2025q3,imports,4177.0,projected
2025q4,imports,4149.1,projected
2026q1,imports,4204.0,projected
2026q2,imports,4256.0,projected
2026q3,imports,4300.2,projected
2026q4,imports,4344.6,projected
2027q1,imports,4373.8,projected
2027q2,imports,4397.4,projected
2027q3,imports,4417.5,projected
2027q4,imports,4435.9,projected
2028q1,imports,4456.9,projected
2028q2,imports,4478.8,projected
2028q3,imports,4502.8,projected
2028q4,imports,4525.2,projected
2029q1,imports,4548.9,projected
2029q2,imports,4574.7,projected
2029q3,imports,4601.7,projected
2029q4,imports,4629.4,projected
2030q1,imports,4664.5,projected
2030q2,imports,4702.0,projected
2030q3,imports,4741.3,projected
2030q4,imports,4780.0,projected
2031q1,imports,4817.3,projected
2031q2,imports,4842.9,projected
2031q3,imports,4868.4,projected
2031q4,imports,4895.6,projected
2032q1,imports,4931.1,projected
2032q2,imports,4960.0,projected
2032q3,imports,4988.0,projected
2032q4,imports,5016.2,projected
2033q1,imports,5050.5,projected
2033q2,imports,5096.8,projected
2033q3,imports,5134.8,projected
2033q4,imports,5173.0,projected
2034q1,imports,5213.1,projected
2034q2,imports,5253.2,projected
2034q3,imports,5292.1,projected
2034q4,imports,5331.1,projected
2035q1,imports,5380.5,projected
2035q2,imports,5429.8,projected
2035q3,imports,5479.2,projected
2035q4,imports,5533.6,projected
2036q1,imports,5591.4,projected
2036q2,imports,5642.6,projected
2036q3,imports,5693.0,projected
2036q4,imports,5743.6,projected
2023q1,imports_pct_change,-2.825,actual
2023q2,imports_pct_change,-6.7,actual
2023q3,imports_pct_change,3.603,actual
2023q4,imports_pct_change,5.311,actual
2024q1,imports_pct_change,9.44,actual
2024q2,imports_pct_change,10.46,actual
2024q3,imports_pct_change,10.975,actual
2024q4,imports_pct_change,-0.751,actual
2025q1,imports_pct_change,40.488,actual
2025q2,imports_pct_change,-30.143,actual
2025q3,imports_pct_change,0.939,projected
2025q4,imports_pct_change,-2.645,projected
2026q1,imports_pct_change,5.395,projected
2026q2,imports_pct_change,5.035,projected
2026q3,imports_pct_change,4.225,projected
2026q4,imports_pct_change,4.187,projected
2027q1,imports_pct_change,2.722,projected
2027q2,imports_pct_change,2.172,projected
2027q3,imports_pct_change,1.838,projected
2027q4,imports_pct_change,1.68,projected
2028q1,imports_pct_change,1.909,projected
2028q2,imports_pct_change,1.976,projected
2028q3,imports_pct_change,2.156,projected
2028q4,imports_pct_change,2.005,projected
2029q1,imports_pct_change,2.111,projected
2029q2,imports_pct_change,2.289,projected
2029q3,imports_pct_change,2.381,projected
2029q4,imports_pct_change,2.426,projected
2030q1,imports_pct_change,3.075,projected
2030q2,imports_pct_change,3.252,projected
2030q3,imports_pct_change,3.381,projected
2030q4,imports_pct_change,3.31,projected
2031q1,imports_pct_change,3.16,projected
2031q2,imports_pct_change,2.139,projected
2031q3,imports_pct_change,2.12,projected
2031q4,imports_pct_change,2.258,projected
2032q1,imports_pct_change,2.927,projected
2032q2,imports_pct_change,2.369,projected
2032q3,imports_pct_change,2.271,projected
2032q4,imports_pct_change,2.286,projected
2033q1,imports_pct_change,2.763,projected
2033q2,imports_pct_change,3.717,projected
2033q3,imports_pct_change,3.014,projected
2033q4,imports_pct_change,3.007,projected
2034q1,imports_pct_change,3.137,projected
2034q2,imports_pct_change,3.115,projected
2034q3,imports_pct_change,2.99,projected
2034q4,imports_pct_change,2.982,projected
2035q1,imports_pct_change,3.756,projected
2035q2,imports_pct_change,3.718,projected
2035q3,imports_pct_change,3.684,projected
2035q4,imports_pct_change,4.037,projected
2036q1,imports_pct_change,4.243,projected
2036q2,imports_pct_change,3.709,projected
2036q3,imports_pct_change,3.625,projected
2036q4,imports_pct_change,3.597,projected
2023q1,interest_inc_pers,1750.7,actual
2023q2,interest_inc_pers,1808.1,actual
2023q3,interest_inc_pers,1850.8,actual
2023q4,interest_inc_pers,1909.4,actual
2024q1,interest_inc_pers,1906.7,actual
2024q2,interest_inc_pers,1928.0,actual
2024q3,interest_inc_pers,1930.2,actual
2024q4,interest_inc_pers,1941.7,actual
2025q1,interest_inc_pers,1954.5,actual
2025q2,interest_inc_pers,1960.6,actual
2025q3,interest_inc_pers,2091.8,projected
2025q4,interest_inc_pers,2132.4,projected
2026q1,interest_inc_pers,2192.4,projected
2026q2,interest_inc_pers,2243.1,projected
2026q3,interest_inc_pers,2285.9,projected
2026q4,interest_inc_pers,2330.3,projected
2027q1,interest_inc_pers,2367.1,projected
2027q2,interest_inc_pers,2413.2,projected
2027q3,interest_inc_pers,2461.6,projected
2027q4,interest_inc_pers,2517.2,projected
2028q1,interest_inc_pers,2578.6,projected
2028q2,interest_inc_pers,2640.8,projected
2028q3,interest_inc_pers,2700.0,projected
2028q4,interest_inc_pers,2758.5,projected
2029q1,interest_inc_pers,2815.9,projected
2029q2,interest_inc_pers,2868.6,projected
2029q3,interest_inc_pers,2917.3,projected
2029q4,interest_inc_pers,2962.7,projected
2030q1,interest_inc_pers,3005.5,projected
2030q2,interest_inc_pers,3047.6,projected
2030q3,interest_inc_pers,3089.2,projected
2030q4,interest_inc_pers,3132.9,projected
2031q1,interest_inc_pers,3178.9,projected
2031q2,interest_inc_pers,3225.3,projected
2031q3,interest_inc_pers,3270.6,projected
2031q4,interest_inc_pers,3315.5,projected
2032q1,interest_inc_pers,3361.8,projected
2032q2,interest_inc_pers,3407.4,projected
2032q3,interest_inc_pers,3450.6,projected
2032q4,interest_inc_pers,3490.2,projected
2033q1,interest_inc_pers,3530.5,projected
2033q2,interest_inc_pers,3568.8,projected
2033q3,interest_inc_pers,3611.6,projected
2033q4,interest_inc_pers,3656.9,projected
2034q1,interest_inc_pers,3704.8,projected
2034q2,interest_inc_pers,3752.8,projected
2034q3,interest_inc_pers,3797.1,projected
2034q4,interest_inc_pers,3838.4,projected
2035q1,interest_inc_pers,3877.2,projected
2035q2,interest_inc_pers,3917.0,projected
2035q3,interest_inc_pers,3955.6,projected
2035q4,interest_inc_pers,3993.8,projected
2036q1,interest_inc_pers,4034.2,projected
2036q2,interest_inc_pers,4075.8,projected
2036q3,interest_inc_pers,4116.1,projected
2036q4,interest_inc_pers,4156.4,projected
2023q1,interest_inc_pers_share_of_gdp,6.4,actual
2023q2,interest_inc_pers_share_of_gdp,6.6,actual
2023q3,interest_inc_pers_share_of_gdp,6.6,actual
2023q4,interest_inc_pers_share_of_gdp,6.7,actual
2024q1,interest_inc_pers_share_of_gdp,6.6,actual
2024q2,interest_inc_pers_share_of_gdp,6.6,actual
2024q3,interest_inc_pers_share_of_gdp,6.5,actual
2024q4,interest_inc_pers_share_of_gdp,6.5,actual
2025q1,interest_inc_pers_share_of_gdp,6.5,actual
2025q2,interest_inc_pers_share_of_gdp,6.4,actual
2025q3,interest_inc_pers_share_of_gdp,6.8,projected
2025q4,interest_inc_pers_share_of_gdp,6.8,projected
2026q1,interest_inc_pers_share_of_gdp,6.9,projected
2026q2,interest_inc_pers_share_of_gdp,7.0,projected
2026q3,interest_inc_pers_share_of_gdp,7.0,projected
2026q4,interest_inc_pers_share_of_gdp,7.1,projected
2027q1,interest_inc_pers_share_of_gdp,7.1,projected
2027q2,interest_inc_pers_share_of_gdp,7.2,projected
2027q3,interest_inc_pers_share_of_gdp,7.3,projected
2027q4,interest_inc_pers_share_of_gdp,7.4,projected
2028q1,interest_inc_pers_share_of_gdp,7.5,projected
2028q2,interest_inc_pers_share_of_gdp,7.6,projected
2028q3,interest_inc_pers_share_of_gdp,7.7,projected
2028q4,interest_inc_pers_share_of_gdp,7.8,projected
2029q1,interest_inc_pers_share_of_gdp,7.9,projected
2029q2,interest_inc_pers_share_of_gdp,7.9,projected
2029q3,interest_inc_pers_share_of_gdp,8.0,projected
2029q4,interest_inc_pers_share_of_gdp,8.0,projected
2030q1,interest_inc_pers_share_of_gdp,8.1,projected
2030q2,interest_inc_pers_share_of_gdp,8.1,projected
2030q3,interest_inc_pers_share_of_gdp,8.1,projected
2030q4,interest_inc_pers_share_of_gdp,8.2,projected
2031q1,interest_inc_pers_share_of_gdp,8.2,projected
2031q2,interest_inc_pers_share_of_gdp,8.3,projected
2031q3,interest_inc_pers_share_of_gdp,8.3,projected
2031q4,interest_inc_pers_share_of_gdp,8.3,projected
2032q1,interest_inc_pers_share_of_gdp,8.4,projected
2032q2,interest_inc_pers_share_of_gdp,8.4,projected
2032q3,interest_inc_pers_share_of_gdp,8.4,projected
2032q4,interest_inc_pers_share_of_gdp,8.5,projected
2033q1,interest_inc_pers_share_of_gdp,8.5,projected
2033q2,interest_inc_pers_share_of_gdp,8.5,projected
2033q3,interest_inc_pers_share_of_gdp,8.5,projected
2033q4,interest_inc_pers_share_of_gdp,8.5,projected
2034q1,interest_inc_pers_share_of_gdp,8.6,projected
2034q2,interest_inc_pers_share_of_gdp,8.6,projected
2034q3,interest_inc_pers_share_of_gdp,8.6,projected
2034q4,interest_inc_pers_share_of_gdp,8.6,projected
2035q1,interest_inc_pers_share_of_gdp,8.7,projected
2035q2,interest_inc_pers_share_of_gdp,8.7,projected
2035q3,interest_inc_pers_share_of_gdp,8.7,projected
2035q4,interest_inc_pers_share_of_gdp,8.7,projected
2036q1,interest_inc_pers_share_of_gdp,8.7,projected
2036q2,interest_inc_pers_share_of_gdp,8.7,projected
2036q3,interest_inc_pers_share_of_gdp,8.7,projected
2036q4,interest_inc_pers_share_of_gdp,8.7,projected
2023q1,labor_force,166.324,actual
2023q2,labor_force,166.849,actual
2023q3,labor_force,167.543,actual
2023q4,labor_force,167.756,actual
2024q1,labor_force,167.578,actual
2024q2,labor_force,167.93,actual
2024q3,labor_force,168.504,actual
2024q4,labor_force,168.426,actual
2025q1,labor_force,170.564,actual
2025q2,labor_force,170.675,actual
2025q3,labor_force,170.789,projected
2025q4,labor_force,171.493,projected
2026q1,labor_force,171.795,projected
2026q2,labor_force,172.118,projected
2026q3,labor_force,172.444,projected
2026q4,labor_force,172.781,projected
2027q1,labor_force,172.989,projected
2027q2,labor_force,173.199,projected
2027q3,labor_force,173.398,projected
2027q4,labor_force,173.596,projected
2028q1,labor_force,173.817,projected
2028q2,labor_force,174.036,projected
2028q3,labor_force,174.247,projected
2028q4,labor_force,174.457,projected
2029q1,labor_force,174.681,projected
2029q2,labor_force,174.902,projected
2029q3,labor_force,175.119,projected
2029q4,labor_force,175.334,projected
2030q1,labor_force,175.566,projected
2030q2,labor_force,175.797,projected
2030q3,labor_force,176.011,projected
2030q4,labor_force,176.223,projected
2031q1,labor_force,176.429,projected
2031q2,labor_force,176.633,projected
2031q3,labor_force,176.838,projected
2031q4,labor_force,177.038,projected
2032q1,labor_force,177.23,projected
2032q2,labor_force,177.419,projected
2032q3,labor_force,177.607,projected
2032q4,labor_force,177.79,projected
2033q1,labor_force,177.964,projected
2033q2,labor_force,178.135,projected
2033q3,labor_force,178.303,projected
2033q4,labor_force,178.47,projected
2034q1,labor_force,178.627,projected
2034q2,labor_force,178.783,projected
2034q3,labor_force,178.937,projected
2034q4,labor_force,179.09,projected
2035q1,labor_force,179.243,projected
2035q2,labor_force,179.393,projected
2035q3,labor_force,179.542,projected
2035q4,labor_force,179.691,projected
2036q1,labor_force,179.835,projected
2036q2,labor_force,179.977,projected
2036q3,labor_force,180.118,projected
2036q4,labor_force,180.258,projected
2023q1,labor_force_census,167.451,actual
2023q2,labor_force_census,168.254,actual
2023q3,labor_force_census,169.037,actual
2023q4,labor_force_census,169.65,actual
2024q1,labor_force_census,170.686,actual
2024q2,labor_force_census,171.05,actual
2024q3,labor_force_census,171.662,actual
2024q4,labor_force_census,171.934,actual
2025q1,labor_force_census,171.924,actual
2025q2,labor_force_census,171.997,actual
2025q3,labor_force_census,172.081,projected
2025q4,labor_force_census,172.557,projected
2026q1,labor_force_census,172.736,projected
2026q2,labor_force_census,172.915,projected
2026q3,labor_force_census,173.085,projected
2026q4,labor_force_census,173.258,projected
2027q1,labor_force_census,173.432,projected
2027q2,labor_force_census,173.607,projected
2027q3,labor_force_census,173.777,projected
2027q4,labor_force_census,173.95,projected
2028q1,labor_force_census,174.132,projected
2028q2,labor_force_census,174.316,projected
2028q3,labor_force_census,174.497,projected
2028q4,labor_force_census,174.679,projected
2029q1,labor_force_census,174.871,projected
2029q2,labor_force_census,175.063,projected
2029q3,labor_force_census,175.253,projected
2029q4,labor_force_census,175.442,projected
2030q1,labor_force_census,175.648,projected
2030q2,labor_force_census,175.855,projected
2030q3,labor_force_census,176.063,projected
2030q4,labor_force_census,176.269,projected
2031q1,labor_force_census,176.471,projected
2031q2,labor_force_census,176.672,projected
2031q3,labor_force_census,176.871,projected
2031q4,labor_force_census,177.068,projected
2032q1,labor_force_census,177.258,projected
2032q2,labor_force_census,177.445,projected
2032q3,labor_force_census,177.629,projected
2032q4,labor_force_census,177.811,projected
2033q1,labor_force_census,177.982,projected
2033q2,labor_force_census,178.151,projected
2033q3,labor_force_census,178.318,projected
2033q4,labor_force_census,178.483,projected
2034q1,labor_force_census,178.639,projected
2034q2,labor_force_census,178.794,projected
2034q3,labor_force_census,178.947,projected
2034q4,labor_force_census,179.099,projected
2035q1,labor_force_census,179.25,projected
2035q2,labor_force_census,179.4,projected
2035q3,labor_force_census,179.549,projected
2035q4,labor_force_census,179.696,projected
2036q1,labor_force_census,179.84,projected
2036q2,labor_force_census,179.981,projected
2036q3,labor_force_census,180.122,projected
2036q4,labor_force_census,180.261,projected
2023q1,labor_force_census_pct_change,3.702,actual
2023q2,labor_force_census_pct_change,1.931,actual
2023q3,labor_force_census_pct_change,1.876,actual
2023q4,labor_force_census_pct_change,1.457,actual
2024q1,labor_force_census_pct_change,2.464,actual
2024q2,labor_force_census_pct_change,0.855,actual
2024q3,labor_force_census_pct_change,1.441,actual
2024q4,labor_force_census_pct_change,0.633,actual
2025q1,labor_force_census_pct_change,-0.021,actual
2025q2,labor_force_census_pct_change,0.169,actual
2025q3,labor_force_census_pct_change,0.194,projected
2025q4,labor_force_census_pct_change,1.111,projected
2026q1,labor_force_census_pct_change,0.415,projected
2026q2,labor_force_census_pct_change,0.415,projected
2026q3,labor_force_census_pct_change,0.393,projected
2026q4,labor_force_census_pct_change,0.4,projected
2027q1,labor_force_census_pct_change,0.402,projected
2027q2,labor_force_census_pct_change,0.404,projected
2027q3,labor_force_census_pct_change,0.392,projected
2027q4,labor_force_census_pct_change,0.398,projected
2028q1,labor_force_census_pct_change,0.419,projected
2028q2,labor_force_census_pct_change,0.422,projected
2028q3,labor_force_census_pct_change,0.416,projected
2028q4,labor_force_census_pct_change,0.417,projected
2029q1,labor_force_census_pct_change,0.441,projected
2029q2,labor_force_census_pct_change,0.439,projected
2029q3,labor_force_census_pct_change,0.435,projected
2029q4,labor_force_census_pct_change,0.431,projected
2030q1,labor_force_census_pct_change,0.47,projected
2030q2,labor_force_census_pct_change,0.471,projected
2030q3,labor_force_census_pct_change,0.472,projected
2030q4,labor_force_census_pct_change,0.469,projected
2031q1,labor_force_census_pct_change,0.459,projected
2031q2,labor_force_census_pct_change,0.456,projected
2031q3,labor_force_census_pct_change,0.452,projected
2031q4,labor_force_census_pct_change,0.445,projected
2032q1,labor_force_census_pct_change,0.428,projected
2032q2,labor_force_census_pct_change,0.422,projected
2032q3,labor_force_census_pct_change,0.415,projected
2032q4,labor_force_census_pct_change,0.41,projected
2033q1,labor_force_census_pct_change,0.385,projected
2033q2,labor_force_census_pct_change,0.381,projected
2033q3,labor_force_census_pct_change,0.375,projected
2033q4,labor_force_census_pct_change,0.371,projected
2034q1,labor_force_census_pct_change,0.349,projected
2034q2,labor_force_census_pct_change,0.346,projected
2034q3,labor_force_census_pct_change,0.342,projected
2034q4,labor_force_census_pct_change,0.34,projected
2035q1,labor_force_census_pct_change,0.338,projected
2035q2,labor_force_census_pct_change,0.335,projected
2035q3,labor_force_census_pct_change,0.331,projected
2035q4,labor_force_census_pct_change,0.329,projected
2036q1,labor_force_census_pct_change,0.319,projected
2036q2,labor_force_census_pct_change,0.314,projected
2036q3,labor_force_census_pct_change,0.312,projected
2036q4,labor_force_census_pct_change,0.31,projected
2023q1,labor_force_pct_change,3.984,actual
2023q2,labor_force_pct_change,1.268,actual
2023q3,labor_force_pct_change,1.673,actual
2023q4,labor_force_pct_change,0.51,actual
2024q1,labor_force_pct_change,-0.422,actual
2024q2,labor_force_pct_change,0.842,actual
2024q3,labor_force_pct_change,1.374,actual
2024q4,labor_force_pct_change,-0.185,actual
2025q1,labor_force_pct_change,5.175,actual
2025q2,labor_force_pct_change,0.258,actual
2025q3,labor_force_pct_change,0.268,projected
2025q4,labor_force_pct_change,1.658,projected
2026q1,labor_force_pct_change,0.706,projected
2026q2,labor_force_pct_change,0.754,projected
2026q3,labor_force_pct_change,0.759,projected
2026q4,labor_force_pct_change,0.785,projected
2027q1,labor_force_pct_change,0.481,projected
2027q2,labor_force_pct_change,0.486,projected
2027q3,labor_force_pct_change,0.46,projected
2027q4,labor_force_pct_change,0.458,projected
2028q1,labor_force_pct_change,0.509,projected
2028q2,labor_force_pct_change,0.505,projected
2028q3,labor_force_pct_change,0.485,projected
2028q4,labor_force_pct_change,0.482,projected
2029q1,labor_force_pct_change,0.514,projected
2029q2,labor_force_pct_change,0.508,projected
2029q3,labor_force_pct_change,0.497,projected
2029q4,labor_force_pct_change,0.492,projected
2030q1,labor_force_pct_change,0.529,projected
2030q2,labor_force_pct_change,0.528,projected
2030q3,labor_force_pct_change,0.487,projected
2030q4,labor_force_pct_change,0.48,projected
2031q1,labor_force_pct_change,0.469,projected
2031q2,labor_force_pct_change,0.464,projected
2031q3,labor_force_pct_change,0.463,projected
2031q4,labor_force_pct_change,0.453,projected
2032q1,labor_force_pct_change,0.435,projected
2032q2,labor_force_pct_change,0.427,projected
2032q3,labor_force_pct_change,0.422,projected
2032q4,labor_force_pct_change,0.413,projected
2033q1,labor_force_pct_change,0.39,projected
2033q2,labor_force_pct_change,0.384,projected
2033q3,labor_force_pct_change,0.379,projected
2033q4,labor_force_pct_change,0.374,projected
2034q1,labor_force_pct_change,0.353,projected
2034q2,labor_force_pct_change,0.349,projected
2034q3,labor_force_pct_change,0.345,projected
2034q4,labor_force_pct_change,0.342,projected
2035q1,labor_force_pct_change,0.34,projected
2035q2,labor_force_pct_change,0.336,projected
2035q3,labor_force_pct_change,0.333,projected
2035q4,labor_force_pct_change,0.33,projected
2036q1,labor_force_pct_change,0.32,projected
2036q2,labor_force_pct_change,0.316,projected
2036q3,labor_force_pct_change,0.313,projected
2036q4,labor_force_pct_change,0.311,projected
2023q1,lfpr_16yo,62.5,actual
2023q2,lfpr_16yo,62.58,actual
2023q3,lfpr_16yo,62.7,actual
2023q4,lfpr_16yo,62.64,actual
2024q1,lfpr_16yo,62.6,actual
2024q2,lfpr_16yo,62.6,actual
2024q3,lfpr_16yo,62.67,actual
2024q4,lfpr_16yo,62.5,actual
2025q1,lfpr_16yo,62.51,actual
2025q2,lfpr_16yo,62.43,actual
2025q3,lfpr_16yo,62.32,projected
2025q4,lfpr_16yo,62.43,projected
2026q1,lfpr_16yo,62.41,projected
2026q2,lfpr_16yo,62.39,projected
2026q3,lfpr_16yo,62.36,projected
2026q4,lfpr_16yo,62.35,projected
2027q1,lfpr_16yo,62.33,projected
2027q2,lfpr_16yo,62.32,projected
2027q3,lfpr_16yo,62.3,projected
2027q4,lfpr_16yo,62.29,projected
2028q1,lfpr_16yo,62.28,projected
2028q2,lfpr_16yo,62.27,projected
2028q3,lfpr_16yo,62.25,projected
2028q4,lfpr_16yo,62.24,projected
2029q1,lfpr_16yo,62.23,projected
2029q2,lfpr_16yo,62.21,projected
2029q3,lfpr_16yo,62.2,projected
2029q4,lfpr_16yo,62.18,projected
2030q1,lfpr_16yo,62.16,projected
2030q2,lfpr_16yo,62.15,projected
2030q3,lfpr_16yo,62.13,projected
2030q4,lfpr_16yo,62.12,projected
2031q1,lfpr_16yo,62.1,projected
2031q2,lfpr_16yo,62.09,projected
2031q3,lfpr_16yo,62.07,projected
2031q4,lfpr_16yo,62.06,projected
2032q1,lfpr_16yo,62.04,projected
2032q2,lfpr_16yo,62.03,projected
2032q3,lfpr_16yo,62.02,projected
2032q4,lfpr_16yo,62.0,projected
2033q1,lfpr_16yo,61.99,projected
2033q2,lfpr_16yo,61.98,projected
2033q3,lfpr_16yo,61.96,projected
2033q4,lfpr_16yo,61.95,projected
2034q1,lfpr_16yo,61.94,projected
2034q2,lfpr_16yo,61.93,projected
2034q3,lfpr_16yo,61.92,projected
2034q4,lfpr_16yo,61.91,projected
2035q1,lfpr_16yo,61.91,projected
2035q2,lfpr_16yo,61.9,projected
2035q3,lfpr_16yo,61.9,projected
2035q4,lfpr_16yo,61.89,projected
2036q1,lfpr_16yo,61.89,projected
2036q2,lfpr_16yo,61.88,projected
2036q3,lfpr_16yo,61.88,projected
2036q4,lfpr_16yo,61.88,projected
2023q1,lfpr_16yo_census,62.68,actual
2023q2,lfpr_16yo_census,62.75,actual
2023q3,lfpr_16yo_census,62.81,actual
2023q4,lfpr_16yo_census,62.82,actual
2024q1,lfpr_16yo_census,62.99,actual
2024q2,lfpr_16yo_census,62.91,actual
2024q3,lfpr_16yo_census,62.92,actual
2024q4,lfpr_16yo_census,62.81,actual
2025q1,lfpr_16yo_census,62.67,actual
2025q2,lfpr_16yo_census,62.56,actual
2025q3,lfpr_16yo_census,62.46,projected
2025q4,lfpr_16yo_census,62.5,projected
2026q1,lfpr_16yo_census,62.48,projected
2026q2,lfpr_16yo_census,62.46,projected
2026q3,lfpr_16yo_census,62.44,projected
2026q4,lfpr_16yo_census,62.42,projected
2027q1,lfpr_16yo_census,62.4,projected
2027q2,lfpr_16yo_census,62.38,projected
2027q3,lfpr_16yo_census,62.37,projected
2027q4,lfpr_16yo_census,62.35,projected
2028q1,lfpr_16yo_census,62.33,projected
2028q2,lfpr_16yo_census,62.31,projected
2028q3,lfpr_16yo_census,62.3,projected
2028q4,lfpr_16yo_census,62.28,projected
2029q1,lfpr_16yo_census,62.26,projected
2029q2,lfpr_16yo_census,62.24,projected
2029q3,lfpr_16yo_census,62.22,projected
2029q4,lfpr_16yo_census,62.21,projected
2030q1,lfpr_16yo_census,62.19,projected
2030q2,lfpr_16yo_census,62.17,projected
2030q3,lfpr_16yo_census,62.15,projected
2030q4,lfpr_16yo_census,62.13,projected
2031q1,lfpr_16yo_census,62.12,projected
2031q2,lfpr_16yo_census,62.1,projected
2031q3,lfpr_16yo_census,62.09,projected
2031q4,lfpr_16yo_census,62.07,projected
2032q1,lfpr_16yo_census,62.05,projected
2032q2,lfpr_16yo_census,62.04,projected
2032q3,lfpr_16yo_census,62.02,projected
2032q4,lfpr_16yo_census,62.01,projected
2033q1,lfpr_16yo_census,61.99,projected
2033q2,lfpr_16yo_census,61.98,projected
2033q3,lfpr_16yo_census,61.97,projected
2033q4,lfpr_16yo_census,61.96,projected
2034q1,lfpr_16yo_census,61.94,projected
2034q2,lfpr_16yo_census,61.93,projected
2034q3,lfpr_16yo_census,61.93,projected
2034q4,lfpr_16yo_census,61.92,projected
2035q1,lfpr_16yo_census,61.91,projected
2035q2,lfpr_16yo_census,61.9,projected
2035q3,lfpr_16yo_census,61.9,projected
2035q4,lfpr_16yo_census,61.89,projected
2036q1,lfpr_16yo_census,61.89,projected
2036q2,lfpr_16yo_census,61.89,projected
2036q3,lfpr_16yo_census,61.88,projected
2036q4,lfpr_16yo_census,61.88,projected
2023q1,nat_gas_price_henry_hub,2.65,actual
2023q2,nat_gas_price_henry_hub,2.16,actual
2023q3,nat_gas_price_henry_hub,2.59,actual
2023q4,nat_gas_price_henry_hub,2.74,actual
2024q1,nat_gas_price_henry_hub,2.13,actual
2024q2,nat_gas_price_henry_hub,2.09,actual
2024q3,nat_gas_price_henry_hub,2.12,actual
2024q4,nat_gas_price_henry_hub,2.44,actual
2025q1,nat_gas_price_henry_hub,4.15,actual
2025q2,nat_gas_price_henry_hub,3.19,actual
2025q3,nat_gas_price_henry_hub,3.03,projected
2025q4,nat_gas_price_henry_hub,3.69,projected
2026q1,nat_gas_price_henry_hub,4.27,projected
2026q2,nat_gas_price_henry_hub,3.77,projected
2026q3,nat_gas_price_henry_hub,4.08,projected
2026q4,nat_gas_price_henry_hub,4.41,projected
2027q1,nat_gas_price_henry_hub,4.54,projected
2027q2,nat_gas_price_henry_hub,3.57,projected
2027q3,nat_gas_price_henry_hub,3.81,projected
2027q4,nat_gas_price_henry_hub,4.14,projected
2028q1,nat_gas_price_henry_hub,4.32,projected
2028q2,nat_gas_price_henry_hub,3.35,projected
2028q3,nat_gas_price_henry_hub,3.62,projected
2028q4,nat_gas_price_henry_hub,3.96,projected
2029q1,nat_gas_price_henry_hub,4.18,projected
2029q2,nat_gas_price_henry_hub,3.25,projected
2029q3,nat_gas_price_henry_hub,3.57,projected
2029q4,nat_gas_price_henry_hub,3.93,projected
2030q1,nat_gas_price_henry_hub,4.17,projected
2030q2,nat_gas_price_henry_hub,3.22,projected
2030q3,nat_gas_price_henry_hub,3.49,projected
2030q4,nat_gas_price_henry_hub,3.87,projected
2031q1,nat_gas_price_henry_hub,4.05,projected
2031q2,nat_gas_price_henry_hub,3.12,projected
2031q3,nat_gas_price_henry_hub,3.4,projected
2031q4,nat_gas_price_henry_hub,3.78,projected
2032q1,nat_gas_price_henry_hub,3.98,projected
2032q2,nat_gas_price_henry_hub,2.98,projected
2032q3,nat_gas_price_henry_hub,3.26,projected
2032q4,nat_gas_price_henry_hub,3.59,projected
2033q1,nat_gas_price_henry_hub,3.8,projected
2033q2,nat_gas_price_henry_hub,2.91,projected
2033q3,nat_gas_price_henry_hub,3.2,projected
2033q4,nat_gas_price_henry_hub,3.56,projected
2034q1,nat_gas_price_henry_hub,3.82,projected
2034q2,nat_gas_price_henry_hub,3.0,projected
2034q3,nat_gas_price_henry_hub,3.28,projected
2034q4,nat_gas_price_henry_hub,3.64,projected
2035q1,nat_gas_price_henry_hub,3.9,projected
2035q2,nat_gas_price_henry_hub,3.2,projected
2035q3,nat_gas_price_henry_hub,3.29,projected
2035q4,nat_gas_price_henry_hub,3.59,projected
2036q1,nat_gas_price_henry_hub,3.93,projected
2036q2,nat_gas_price_henry_hub,3.36,projected
2036q3,nat_gas_price_henry_hub,3.44,projected
2036q4,nat_gas_price_henry_hub,3.61,projected
2023q1,net_exports,-794.9,actual
2023q2,net_exports,-797.5,actual
2023q3,net_exports,-765.5,actual
2023q4,net_exports,-788.0,actual
2024q1,net_exports,-822.5,actual
2024q2,net_exports,-894.4,actual
2024q3,net_exports,-938.3,actual
2024q4,net_exports,-938.7,actual
2025q1,net_exports,-1264.6,actual
2025q2,net_exports,-899.8,actual
2025q3,net_exports,-872.7,projected
2025q4,net_exports,-857.1,projected
2026q1,net_exports,-908.9,projected
2026q2,net_exports,-922.6,projected
2026q3,net_exports,-925.2,projected
2026q4,net_exports,-934.0,projected
2027q1,net_exports,-931.8,projected
2027q2,net_exports,-923.6,projected
2027q3,net_exports,-913.0,projected
2027q4,net_exports,-898.3,projected
2028q1,net_exports,-883.8,projected
2028q2,net_exports,-869.4,projected
2028q3,net_exports,-856.8,projected
2028q4,net_exports,-842.0,projected
2029q1,net_exports,-827.6,projected
2029q2,net_exports,-815.2,projected
2029q3,net_exports,-804.6,projected
2029q4,net_exports,-793.8,projected
2030q1,net_exports,-789.7,projected
2030q2,net_exports,-785.0,projected
2030q3,net_exports,-782.9,projected
2030q4,net_exports,-780.6,projected
2031q1,net_exports,-776.3,projected
2031q2,net_exports,-760.1,projected
2031q3,net_exports,-744.7,projected
2031q4,net_exports,-731.5,projected
2032q1,net_exports,-725.7,projected
2032q2,net_exports,-713.4,projected
2032q3,net_exports,-700.4,projected
2032q4,net_exports,-687.5,projected
2033q1,net_exports,-681.5,projected
2033q2,net_exports,-688.8,projected
2033q3,net_exports,-686.7,projected
2033q4,net_exports,-683.6,projected
2034q1,net_exports,-682.2,projected
2034q2,net_exports,-680.6,projected
2034q3,net_exports,-678.7,projected
2034q4,net_exports,-677.2,projected
2035q1,net_exports,-687.0,projected
2035q2,net_exports,-696.5,projected
2035q3,net_exports,-706.3,projected
2035q4,net_exports,-721.0,projected
2036q1,net_exports,-738.4,projected
2036q2,net_exports,-748.9,projected
2036q3,net_exports,-758.2,projected
2036q4,net_exports,-767.1,projected
2023q1,nfb_capital_share,0.329,actual
2023q2,nfb_capital_share,0.329,actual
2023q3,nfb_capital_share,0.329,actual
2023q4,nfb_capital_share,0.329,actual
2024q1,nfb_capital_share,0.329,actual
2024q2,nfb_capital_share,0.329,actual
2024q3,nfb_capital_share,0.329,actual
2024q4,nfb_capital_share,0.329,actual
2025q1,nfb_capital_share,0.329,actual
2025q2,nfb_capital_share,0.329,actual
2025q3,nfb_capital_share,0.329,projected
2025q4,nfb_capital_share,0.329,projected
2026q1,nfb_capital_share,0.329,projected
2026q2,nfb_capital_share,0.329,projected
2026q3,nfb_capital_share,0.329,projected
2026q4,nfb_capital_share,0.329,projected
2027q1,nfb_capital_share,0.329,projected
2027q2,nfb_capital_share,0.329,projected
2027q3,nfb_capital_share,0.329,projected
2027q4,nfb_capital_share,0.329,projected
2028q1,nfb_capital_share,0.329,projected
2028q2,nfb_capital_share,0.329,projected
2028q3,nfb_capital_share,0.329,projected
2028q4,nfb_capital_share,0.329,projected
2029q1,nfb_capital_share,0.329,projected
2029q2,nfb_capital_share,0.329,projected
2029q3,nfb_capital_share,0.329,projected
2029q4,nfb_capital_share,0.329,projected
2030q1,nfb_capital_share,0.329,projected
2030q2,nfb_capital_share,0.329,projected
2030q3,nfb_capital_share,0.329,projected
2030q4,nfb_capital_share,0.329,projected
2031q1,nfb_capital_share,0.329,projected
2031q2,nfb_capital_share,0.329,projected
2031q3,nfb_capital_share,0.329,projected
2031q4,nfb_capital_share,0.329,projected
2032q1,nfb_capital_share,0.329,projected
2032q2,nfb_capital_share,0.329,projected
2032q3,nfb_capital_share,0.329,projected
2032q4,nfb_capital_share,0.329,projected
2033q1,nfb_capital_share,0.329,projected
2033q2,nfb_capital_share,0.329,projected
2033q3,nfb_capital_share,0.329,projected
2033q4,nfb_capital_share,0.329,projected
2034q1,nfb_capital_share,0.329,projected
2034q2,nfb_capital_share,0.329,projected
2034q3,nfb_capital_share,0.329,projected
2034q4,nfb_capital_share,0.329,projected
2035q1,nfb_capital_share,0.329,projected
2035q2,nfb_capital_share,0.329,projected
2035q3,nfb_capital_share,0.329,projected
2035q4,nfb_capital_share,0.329,projected
2036q1,nfb_capital_share,0.329,projected
2036q2,nfb_capital_share,0.329,projected
2036q3,nfb_capital_share,0.329,projected
2036q4,nfb_capital_share,0.329,projected
2023q1,nfb_index_capital_services,116.126,actual
2023q2,nfb_index_capital_services,116.904,actual
2023q3,nfb_index_capital_services,117.686,actual
2023q4,nfb_index_capital_services,118.472,actual
2024q1,nfb_index_capital_services,119.264,actual
2024q2,nfb_index_capital_services,120.061,actual
2024q3,nfb_index_capital_services,120.863,actual
2024q4,nfb_index_capital_services,121.701,actual
2025q1,nfb_index_capital_services,122.573,actual
2025q2,nfb_index_capital_services,123.498,actual
2025q3,nfb_index_capital_services,124.414,projected
2025q4,nfb_index_capital_services,125.325,projected
2026q1,nfb_index_capital_services,126.23,projected
2026q2,nfb_index_capital_services,127.135,projected
2026q3,nfb_index_capital_services,128.039,projected
2026q4,nfb_index_capital_services,128.94,projected
2027q1,nfb_index_capital_services,129.835,projected
2027q2,nfb_index_capital_services,130.722,projected
2027q3,nfb_index_capital_services,131.6,projected
2027q4,nfb_index_capital_services,132.469,projected
2028q1,nfb_index_capital_services,133.33,projected
2028q2,nfb_index_capital_services,134.181,projected
2028q3,nfb_index_capital_services,135.021,projected
2028q4,nfb_index_capital_services,135.851,projected
2029q1,nfb_index_capital_services,136.67,projected
2029q2,nfb_index_capital_services,137.479,projected
2029q3,nfb_index_capital_services,138.279,projected
2029q4,nfb_index_capital_services,139.074,projected
2030q1,nfb_index_capital_services,139.864,projected
2030q2,nfb_index_capital_services,140.648,projected
2030q3,nfb_index_capital_services,141.429,projected
2030q4,nfb_index_capital_services,142.209,projected
2031q1,nfb_index_capital_services,142.986,projected
2031q2,nfb_index_capital_services,143.76,projected
2031q3,nfb_index_capital_services,144.535,projected
2031q4,nfb_index_capital_services,145.318,projected
2032q1,nfb_index_capital_services,146.106,projected
2032q2,nfb_index_capital_services,146.899,projected
2032q3,nfb_index_capital_services,147.698,projected
2032q4,nfb_index_capital_services,148.502,projected
2033q1,nfb_index_capital_services,149.31,projected
2033q2,nfb_index_capital_services,150.121,projected
2033q3,nfb_index_capital_services,150.934,projected
2033q4,nfb_index_capital_services,151.753,projected
2034q1,nfb_index_capital_services,152.576,projected
2034q2,nfb_index_capital_services,153.404,projected
2034q3,nfb_index_capital_services,154.237,projected
2034q4,nfb_index_capital_services,155.078,projected
2035q1,nfb_index_capital_services,155.924,projected
2035q2,nfb_index_capital_services,156.778,projected
2035q3,nfb_index_capital_services,157.64,projected
2035q4,nfb_index_capital_services,158.512,projected
2036q1,nfb_index_capital_services,159.393,projected
2036q2,nfb_index_capital_services,160.281,projected
2036q3,nfb_index_capital_services,161.176,projected
2036q4,nfb_index_capital_services,162.08,projected
2023q1,nfb_index_capital_services_pct_change,2.788,actual
2023q2,nfb_index_capital_services_pct_change,2.71,actual
2023q3,nfb_index_capital_services_pct_change,2.699,actual
2023q4,nfb_index_capital_services_pct_change,2.699,actual
2024q1,nfb_index_capital_services_pct_change,2.699,actual
2024q2,nfb_index_capital_services_pct_change,2.699,actual
2024q3,nfb_index_capital_services_pct_change,2.7,actual
2024q4,nfb_index_capital_services_pct_change,2.799,actual
2025q1,nfb_index_capital_services_pct_change,2.9,actual
2025q2,nfb_index_capital_services_pct_change,3.049,actual
2025q3,nfb_index_capital_services_pct_change,2.999,projected
2025q4,nfb_index_capital_services_pct_change,2.961,projected
2026q1,nfb_index_capital_services_pct_change,2.922,projected
2026q2,nfb_index_capital_services_pct_change,2.898,projected
2026q3,nfb_index_capital_services_pct_change,2.872,projected
2026q4,nfb_index_capital_services_pct_change,2.847,projected
2027q1,nfb_index_capital_services_pct_change,2.804,projected
2027q2,nfb_index_capital_services_pct_change,2.761,projected
2027q3,nfb_index_capital_services_pct_change,2.711,projected
2027q4,nfb_index_capital_services_pct_change,2.67,projected
2028q1,nfb_index_capital_services_pct_change,2.625,projected
2028q2,nfb_index_capital_services_pct_change,2.577,projected
2028q3,nfb_index_capital_services_pct_change,2.526,projected
2028q4,nfb_index_capital_services_pct_change,2.482,projected
2029q1,nfb_index_capital_services_pct_change,2.432,projected
2029q2,nfb_index_capital_services_pct_change,2.389,projected
2029q3,nfb_index_capital_services_pct_change,2.348,projected
2029q4,nfb_index_capital_services_pct_change,2.319,projected
2030q1,nfb_index_capital_services_pct_change,2.29,projected
2030q2,nfb_index_capital_services_pct_change,2.262,projected
2030q3,nfb_index_capital_services_pct_change,2.239,projected
2030q4,nfb_index_capital_services_pct_change,2.223,projected
2031q1,nfb_index_capital_services_pct_change,2.202,projected
2031q2,nfb_index_capital_services_pct_change,2.184,projected
2031q3,nfb_index_capital_services_pct_change,2.173,projected
2031q4,nfb_index_capital_services_pct_change,2.184,projected
2032q1,nfb_index_capital_services_pct_change,2.186,projected
2032q2,nfb_index_capital_services_pct_change,2.188,projected
2032q3,nfb_index_capital_services_pct_change,2.192,projected
2032q4,nfb_index_capital_services_pct_change,2.196,projected
2033q1,nfb_index_capital_services_pct_change,2.194,projected
2033q2,nfb_index_capital_services_pct_change,2.189,projected
2033q3,nfb_index_capital_services_pct_change,2.183,projected
2033q4,nfb_index_capital_services_pct_change,2.188,projected
2034q1,nfb_index_capital_services_pct_change,2.187,projected
2034q2,nfb_index_capital_services_pct_change,2.189,projected
2034q3,nfb_index_capital_services_pct_change,2.19,projected
2034q4,nfb_index_capital_services_pct_change,2.198,projected
2035q1,nfb_index_capital_services_pct_change,2.199,projected
2035q2,nfb_index_capital_services_pct_change,2.208,projected
2035q3,nfb_index_capital_services_pct_change,2.216,projected
2035q4,nfb_index_capital_services_pct_change,2.232,projected
2036q1,nfb_index_capital_services_pct_change,2.24,projected
2036q2,nfb_index_capital_services_pct_change,2.248,projected
2036q3,nfb_index_capital_services_pct_change,2.252,projected
2036q4,nfb_index_capital_services_pct_change,2.261,projected
2023q1,nfb_potential_hrs_worked,103.98,actual
2023q2,nfb_potential_hrs_worked,104.331,actual
2023q3,nfb_potential_hrs_worked,104.693,actual
2023q4,nfb_potential_hrs_worked,105.055,actual
2024q1,nfb_potential_hrs_worked,105.412,actual
2024q2,nfb_potential_hrs_worked,105.756,actual
2024q3,nfb_potential_hrs_worked,106.078,actual
2024q4,nfb_potential_hrs_worked,106.369,actual
2025q1,nfb_potential_hrs_worked,106.63,actual
2025q2,nfb_potential_hrs_worked,106.854,actual
2025q3,nfb_potential_hrs_worked,107.042,projected
2025q4,nfb_potential_hrs_worked,107.224,projected
2026q1,nfb_potential_hrs_worked,107.393,projected
2026q2,nfb_potential_hrs_worked,107.551,projected
2026q3,nfb_potential_hrs_worked,107.705,projected
2026q4,nfb_potential_hrs_worked,107.855,projected
2027q1,nfb_potential_hrs_worked,108.006,projected
2027q2,nfb_potential_hrs_worked,108.157,projected
2027q3,nfb_potential_hrs_worked,108.31,projected
2027q4,nfb_potential_hrs_worked,108.464,projected
2028q1,nfb_potential_hrs_worked,108.62,projected
2028q2,nfb_potential_hrs_worked,108.778,projected
2028q3,nfb_potential_hrs_worked,108.934,projected
2028q4,nfb_potential_hrs_worked,109.086,projected
2029q1,nfb_potential_hrs_worked,109.233,projected
2029q2,nfb_potential_hrs_worked,109.374,projected
2029q3,nfb_potential_hrs_worked,109.516,projected
2029q4,nfb_potential_hrs_worked,109.664,projected
2030q1,nfb_potential_hrs_worked,109.819,projected
2030q2,nfb_potential_hrs_worked,109.971,projected
2030q3,nfb_potential_hrs_worked,110.124,projected
2030q4,nfb_potential_hrs_worked,110.276,projected
2031q1,nfb_potential_hrs_worked,110.425,projected
2031q2,nfb_potential_hrs_worked,110.572,projected
2031q3,nfb_potential_hrs_worked,110.711,projected
2031q4,nfb_potential_hrs_worked,110.848,projected
2032q1,nfb_potential_hrs_worked,110.981,projected
2032q2,nfb_potential_hrs_worked,111.111,projected
2032q3,nfb_potential_hrs_worked,111.24,projected
2032q4,nfb_potential_hrs_worked,111.368,projected
2033q1,nfb_potential_hrs_worked,111.496,projected
2033q2,nfb_potential_hrs_worked,111.622,projected
2033q3,nfb_potential_hrs_worked,111.748,projected
2033q4,nfb_potential_hrs_worked,111.872,projected
2034q1,nfb_potential_hrs_worked,111.995,projected
2034q2,nfb_potential_hrs_worked,112.118,projected
2034q3,nfb_potential_hrs_worked,112.24,projected
2034q4,nfb_potential_hrs_worked,112.36,projected
2035q1,nfb_potential_hrs_worked,112.479,projected
2035q2,nfb_potential_hrs_worked,112.596,projected
2035q3,nfb_potential_hrs_worked,112.712,projected
2035q4,nfb_potential_hrs_worked,112.827,projected
2036q1,nfb_potential_hrs_worked,112.939,projected
2036q2,nfb_potential_hrs_worked,113.05,projected
2036q3,nfb_potential_hrs_worked,113.159,projected
2036q4,nfb_potential_hrs_worked,113.265,projected
2023q1,nfb_potential_hrs_worked_pct_change,1.282,actual
2023q2,nfb_potential_hrs_worked_pct_change,1.358,actual
2023q3,nfb_potential_hrs_worked_pct_change,1.394,actual
2023q4,nfb_potential_hrs_worked_pct_change,1.389,actual
2024q1,nfb_potential_hrs_worked_pct_change,1.366,actual
2024q2,nfb_potential_hrs_worked_pct_change,1.311,actual
2024q3,nfb_potential_hrs_worked_pct_change,1.224,actual
2024q4,nfb_potential_hrs_worked_pct_change,1.103,actual
2025q1,nfb_potential_hrs_worked_pct_change,0.983,actual
2025q2,nfb_potential_hrs_worked_pct_change,0.842,actual
2025q3,nfb_potential_hrs_worked_pct_change,0.707,projected
2025q4,nfb_potential_hrs_worked_pct_change,0.68,projected
2026q1,nfb_potential_hrs_worked_pct_change,0.631,projected
2026q2,nfb_potential_hrs_worked_pct_change,0.592,projected
2026q3,nfb_potential_hrs_worked_pct_change,0.571,projected
2026q4,nfb_potential_hrs_worked_pct_change,0.56,projected
2027q1,nfb_potential_hrs_worked_pct_change,0.558,projected
2027q2,nfb_potential_hrs_worked_pct_change,0.561,projected
2027q3,nfb_potential_hrs_worked_pct_change,0.566,projected
2027q4,nfb_potential_hrs_worked_pct_change,0.571,projected
2028q1,nfb_potential_hrs_worked_pct_change,0.576,projected
2028q2,nfb_potential_hrs_worked_pct_change,0.58,projected
2028q3,nfb_potential_hrs_worked_pct_change,0.575,projected
2028q4,nfb_potential_hrs_worked_pct_change,0.561,projected
2029q1,nfb_potential_hrs_worked_pct_change,0.537,projected
2029q2,nfb_potential_hrs_worked_pct_change,0.519,projected
2029q3,nfb_potential_hrs_worked_pct_change,0.52,projected
2029q4,nfb_potential_hrs_worked_pct_change,0.539,projected
2030q1,nfb_potential_hrs_worked_pct_change,0.568,projected
2030q2,nfb_potential_hrs_worked_pct_change,0.553,projected
2030q3,nfb_potential_hrs_worked_pct_change,0.558,projected
2030q4,nfb_potential_hrs_worked_pct_change,0.553,projected
2031q1,nfb_potential_hrs_worked_pct_change,0.541,projected
2031q2,nfb_potential_hrs_worked_pct_change,0.532,projected
2031q3,nfb_potential_hrs_worked_pct_change,0.504,projected
2031q4,nfb_potential_hrs_worked_pct_change,0.495,projected
2032q1,nfb_potential_hrs_worked_pct_change,0.481,projected
2032q2,nfb_potential_hrs_worked_pct_change,0.469,projected
2032q3,nfb_potential_hrs_worked_pct_change,0.464,projected
2032q4,nfb_potential_hrs_worked_pct_change,0.462,projected
2033q1,nfb_potential_hrs_worked_pct_change,0.459,projected
2033q2,nfb_potential_hrs_worked_pct_change,0.453,projected
2033q3,nfb_potential_hrs_worked_pct_change,0.449,projected
2033q4,nfb_potential_hrs_worked_pct_change,0.445,projected
2034q1,nfb_potential_hrs_worked_pct_change,0.442,projected
2034q2,nfb_potential_hrs_worked_pct_change,0.439,projected
2034q3,nfb_potential_hrs_worked_pct_change,0.435,projected
2034q4,nfb_potential_hrs_worked_pct_change,0.428,projected
2035q1,nfb_potential_hrs_worked_pct_change,0.421,projected
2035q2,nfb_potential_hrs_worked_pct_change,0.417,projected
2035q3,nfb_potential_hrs_worked_pct_change,0.413,projected
2035q4,nfb_potential_hrs_worked_pct_change,0.407,projected
2036q1,nfb_potential_hrs_worked_pct_change,0.399,projected
2036q2,nfb_potential_hrs_worked_pct_change,0.393,projected
2036q3,nfb_potential_hrs_worked_pct_change,0.385,projected
2036q4,nfb_potential_hrs_worked_pct_change,0.376,projected
2023q1,nfb_potential_lab_prod,78.003,actual
2023q2,nfb_potential_lab_prod,78.316,actual
2023q3,nfb_potential_lab_prod,78.623,actual
2023q4,nfb_potential_lab_prod,78.93,actual
2024q1,nfb_potential_lab_prod,79.24,actual
2024q2,nfb_potential_lab_prod,79.554,actual
2024q3,nfb_potential_lab_prod,79.874,actual
2024q4,nfb_potential_lab_prod,80.206,actual
2025q1,nfb_potential_lab_prod,80.554,actual
2025q2,nfb_potential_lab_prod,80.892,actual
2025q3,nfb_potential_lab_prod,81.263,projected
2025q4,nfb_potential_lab_prod,81.635,projected
2026q1,nfb_potential_lab_prod,82.013,projected
2026q2,nfb_potential_lab_prod,82.398,projected
2026q3,nfb_potential_lab_prod,82.788,projected
2026q4,nfb_potential_lab_prod,83.182,projected
2027q1,nfb_potential_lab_prod,83.576,projected
2027q2,nfb_potential_lab_prod,83.967,projected
2027q3,nfb_potential_lab_prod,84.354,projected
2027q4,nfb_potential_lab_prod,84.737,projected
2028q1,nfb_potential_lab_prod,85.117,projected
2028q2,nfb_potential_lab_prod,85.496,projected
2028q3,nfb_potential_lab_prod,85.876,projected
2028q4,nfb_potential_lab_prod,86.256,projected
2029q1,nfb_potential_lab_prod,86.636,projected
2029q2,nfb_potential_lab_prod,87.016,projected
2029q3,nfb_potential_lab_prod,87.4,projected
2029q4,nfb_potential_lab_prod,87.79,projected
2030q1,nfb_potential_lab_prod,88.174,projected
2030q2,nfb_potential_lab_prod,88.558,projected
2030q3,nfb_potential_lab_prod,88.941,projected
2030q4,nfb_potential_lab_prod,89.323,projected
2031q1,nfb_potential_lab_prod,89.709,projected
2031q2,nfb_potential_lab_prod,90.095,projected
2031q3,nfb_potential_lab_prod,90.483,projected
2031q4,nfb_potential_lab_prod,90.872,projected
2032q1,nfb_potential_lab_prod,91.262,projected
2032q2,nfb_potential_lab_prod,91.654,projected
2032q3,nfb_potential_lab_prod,92.046,projected
2032q4,nfb_potential_lab_prod,92.439,projected
2033q1,nfb_potential_lab_prod,92.833,projected
2033q2,nfb_potential_lab_prod,93.228,projected
2033q3,nfb_potential_lab_prod,93.624,projected
2033q4,nfb_potential_lab_prod,94.022,projected
2034q1,nfb_potential_lab_prod,94.421,projected
2034q2,nfb_potential_lab_prod,94.821,projected
2034q3,nfb_potential_lab_prod,95.222,projected
2034q4,nfb_potential_lab_prod,95.624,projected
2035q1,nfb_potential_lab_prod,96.028,projected
2035q2,nfb_potential_lab_prod,96.433,projected
2035q3,nfb_potential_lab_prod,96.842,projected
2035q4,nfb_potential_lab_prod,97.253,projected
2036q1,nfb_potential_lab_prod,97.667,projected
2036q2,nfb_potential_lab_prod,98.084,projected
2036q3,nfb_potential_lab_prod,98.503,projected
2036q4,nfb_potential_lab_prod,98.924,projected
2023q1,nfb_potential_lab_prod_pct_change,1.644,actual
2023q2,nfb_potential_lab_prod_pct_change,1.613,actual
2023q3,nfb_potential_lab_prod_pct_change,1.576,actual
2023q4,nfb_potential_lab_prod_pct_change,1.573,actual
2024q1,nfb_potential_lab_prod_pct_change,1.578,actual
2024q2,nfb_potential_lab_prod_pct_change,1.594,actual
2024q3,nfb_potential_lab_prod_pct_change,1.621,actual
2024q4,nfb_potential_lab_prod_pct_change,1.668,actual
2025q1,nfb_potential_lab_prod_pct_change,1.746,actual
2025q2,nfb_potential_lab_prod_pct_change,1.693,actual
2025q3,nfb_potential_lab_prod_pct_change,1.843,projected
2025q4,nfb_potential_lab_prod_pct_change,1.845,projected
2026q1,nfb_potential_lab_prod_pct_change,1.866,projected
2026q2,nfb_potential_lab_prod_pct_change,1.889,projected
2026q3,nfb_potential_lab_prod_pct_change,1.908,projected
2026q4,nfb_potential_lab_prod_pct_change,1.915,projected
2027q1,nfb_potential_lab_prod_pct_change,1.909,projected
2027q2,nfb_potential_lab_prod_pct_change,1.883,projected
2027q3,nfb_potential_lab_prod_pct_change,1.857,projected
2027q4,nfb_potential_lab_prod_pct_change,1.827,projected
2028q1,nfb_potential_lab_prod_pct_change,1.805,projected
2028q2,nfb_potential_lab_prod_pct_change,1.795,projected
2028q3,nfb_potential_lab_prod_pct_change,1.789,projected
2028q4,nfb_potential_lab_prod_pct_change,1.78,projected
2029q1,nfb_potential_lab_prod_pct_change,1.774,projected
2029q2,nfb_potential_lab_prod_pct_change,1.765,projected
2029q3,nfb_potential_lab_prod_pct_change,1.778,projected
2029q4,nfb_potential_lab_prod_pct_change,1.793,projected
2030q1,nfb_potential_lab_prod_pct_change,1.762,projected
2030q2,nfb_potential_lab_prod_pct_change,1.753,projected
2030q3,nfb_potential_lab_prod_pct_change,1.74,projected
2030q4,nfb_potential_lab_prod_pct_change,1.73,projected
2031q1,nfb_potential_lab_prod_pct_change,1.739,projected
2031q2,nfb_potential_lab_prod_pct_change,1.733,projected
2031q3,nfb_potential_lab_prod_pct_change,1.733,projected
2031q4,nfb_potential_lab_prod_pct_change,1.728,projected
2032q1,nfb_potential_lab_prod_pct_change,1.73,projected
2032q2,nfb_potential_lab_prod_pct_change,1.727,projected
2032q3,nfb_potential_lab_prod_pct_change,1.722,projected
2032q4,nfb_potential_lab_prod_pct_change,1.717,projected
2033q1,nfb_potential_lab_prod_pct_change,1.715,projected
2033q2,nfb_potential_lab_prod_pct_change,1.713,projected
2033q3,nfb_potential_lab_prod_pct_change,1.711,projected
2033q4,nfb_potential_lab_prod_pct_change,1.709,projected
2034q1,nfb_potential_lab_prod_pct_change,1.709,projected
2034q2,nfb_potential_lab_prod_pct_change,1.705,projected
2034q3,nfb_potential_lab_prod_pct_change,1.701,projected
2034q4,nfb_potential_lab_prod_pct_change,1.699,projected
2035q1,nfb_potential_lab_prod_pct_change,1.7,projected
2035q2,nfb_potential_lab_prod_pct_change,1.7,projected
2035q3,nfb_potential_lab_prod_pct_change,1.704,projected
2035q4,nfb_potential_lab_prod_pct_change,1.708,projected
2036q1,nfb_potential_lab_prod_pct_change,1.715,projected
2036q2,nfb_potential_lab_prod_pct_change,1.716,projected
2036q3,nfb_potential_lab_prod_pct_change,1.719,projected
2036q4,nfb_potential_lab_prod_pct_change,1.72,projected
2023q1,nfb_potential_tfp,107.278,actual
2023q2,nfb_potential_tfp,107.584,actual
2023q3,nfb_potential_tfp,107.891,actual
2023q4,nfb_potential_tfp,108.199,actual
2024q1,nfb_potential_tfp,108.506,actual
2024q2,nfb_potential_tfp,108.815,actual
2024q3,nfb_potential_tfp,109.123,actual
2024q4,nfb_potential_tfp,109.434,actual
2025q1,nfb_potential_tfp,109.748,actual
2025q2,nfb_potential_tfp,110.027,actual
2025q3,nfb_potential_tfp,110.322,projected
2025q4,nfb_potential_tfp,110.62,projected
2026q1,nfb_potential_tfp,110.923,projected
2026q2,nfb_potential_tfp,111.234,projected
2026q3,nfb_potential_tfp,111.551,projected
2026q4,nfb_potential_tfp,111.872,projected
2027q1,nfb_potential_tfp,112.194,projected
2027q2,nfb_potential_tfp,112.514,projected
2027q3,nfb_potential_tfp,112.833,projected
2027q4,nfb_potential_tfp,113.149,projected
2028q1,nfb_potential_tfp,113.464,projected
2028q2,nfb_potential_tfp,113.781,projected
2028q3,nfb_potential_tfp,114.101,projected
2028q4,nfb_potential_tfp,114.424,projected
2029q1,nfb_potential_tfp,114.747,projected
2029q2,nfb_potential_tfp,115.071,projected
2029q3,nfb_potential_tfp,115.404,projected
2029q4,nfb_potential_tfp,115.749,projected
2030q1,nfb_potential_tfp,116.09,projected
2030q2,nfb_potential_tfp,116.432,projected
2030q3,nfb_potential_tfp,116.774,projected
2030q4,nfb_potential_tfp,117.115,projected
2031q1,nfb_potential_tfp,117.461,projected
2031q2,nfb_potential_tfp,117.807,projected
2031q3,nfb_potential_tfp,118.153,projected
2031q4,nfb_potential_tfp,118.499,projected
2032q1,nfb_potential_tfp,118.844,projected
2032q2,nfb_potential_tfp,119.188,projected
2032q3,nfb_potential_tfp,119.53,projected
2032q4,nfb_potential_tfp,119.872,projected
2033q1,nfb_potential_tfp,120.213,projected
2033q2,nfb_potential_tfp,120.554,projected
2033q3,nfb_potential_tfp,120.896,projected
2033q4,nfb_potential_tfp,121.238,projected
2034q1,nfb_potential_tfp,121.58,projected
2034q2,nfb_potential_tfp,121.922,projected
2034q3,nfb_potential_tfp,122.263,projected
2034q4,nfb_potential_tfp,122.604,projected
2035q1,nfb_potential_tfp,122.945,projected
2035q2,nfb_potential_tfp,123.285,projected
2035q3,nfb_potential_tfp,123.627,projected
2035q4,nfb_potential_tfp,123.97,projected
2036q1,nfb_potential_tfp,124.313,projected
2036q2,nfb_potential_tfp,124.656,projected
2036q3,nfb_potential_tfp,124.999,projected
2036q4,nfb_potential_tfp,125.342,projected
2023q1,nfb_potential_tfp_pct_change,1.137,actual
2023q2,nfb_potential_tfp_pct_change,1.146,actual
2023q3,nfb_potential_tfp_pct_change,1.146,actual
2023q4,nfb_potential_tfp_pct_change,1.144,actual
2024q1,nfb_potential_tfp_pct_change,1.142,actual
2024q2,nfb_potential_tfp_pct_change,1.141,actual
2024q3,nfb_potential_tfp_pct_change,1.138,actual
2024q4,nfb_potential_tfp_pct_change,1.145,actual
2025q1,nfb_potential_tfp_pct_change,1.151,actual
2025q2,nfb_potential_tfp_pct_change,1.02,actual
2025q3,nfb_potential_tfp_pct_change,1.075,projected
2025q4,nfb_potential_tfp_pct_change,1.085,projected
2026q1,nfb_potential_tfp_pct_change,1.102,projected
2026q2,nfb_potential_tfp_pct_change,1.124,projected
2026q3,nfb_potential_tfp_pct_change,1.144,projected
2026q4,nfb_potential_tfp_pct_change,1.155,projected
2027q1,nfb_potential_tfp_pct_change,1.158,projected
2027q2,nfb_potential_tfp_pct_change,1.146,projected
2027q3,nfb_potential_tfp_pct_change,1.136,projected
2027q4,nfb_potential_tfp_pct_change,1.124,projected
2028q1,nfb_potential_tfp_pct_change,1.117,projected
2028q2,nfb_potential_tfp_pct_change,1.123,projected
2028q3,nfb_potential_tfp_pct_change,1.131,projected
2028q4,nfb_potential_tfp_pct_change,1.134,projected
2029q1,nfb_potential_tfp_pct_change,1.135,projected
2029q2,nfb_potential_tfp_pct_change,1.135,projected
2029q3,nfb_potential_tfp_pct_change,1.163,projected
2029q4,nfb_potential_tfp_pct_change,1.198,projected
2030q1,nfb_potential_tfp_pct_change,1.186,projected
2030q2,nfb_potential_tfp_pct_change,1.181,projected
2030q3,nfb_potential_tfp_pct_change,1.179,projected
2030q4,nfb_potential_tfp_pct_change,1.175,projected
2031q1,nfb_potential_tfp_pct_change,1.185,projected
2031q2,nfb_potential_tfp_pct_change,1.183,projected
2031q3,nfb_potential_tfp_pct_change,1.18,projected
2031q4,nfb_potential_tfp_pct_change,1.175,projected
2032q1,nfb_potential_tfp_pct_change,1.169,projected
2032q2,nfb_potential_tfp_pct_change,1.162,projected
2032q3,nfb_potential_tfp_pct_change,1.154,projected
2032q4,nfb_potential_tfp_pct_change,1.148,projected
2033q1,nfb_potential_tfp_pct_change,1.142,projected
2033q2,nfb_potential_tfp_pct_change,1.14,projected
2033q3,nfb_potential_tfp_pct_change,1.138,projected
2033q4,nfb_potential_tfp_pct_change,1.136,projected
2034q1,nfb_potential_tfp_pct_change,1.134,projected
2034q2,nfb_potential_tfp_pct_change,1.129,projected
2034q3,nfb_potential_tfp_pct_change,1.124,projected
2034q4,nfb_potential_tfp_pct_change,1.119,projected
2035q1,nfb_potential_tfp_pct_change,1.115,projected
2035q2,nfb_potential_tfp_pct_change,1.113,projected
2035q3,nfb_potential_tfp_pct_change,1.113,projected
2035q4,nfb_potential_tfp_pct_change,1.112,projected
2036q1,nfb_potential_tfp_pct_change,1.111,projected
2036q2,nfb_potential_tfp_pct_change,1.108,projected
2036q3,nfb_potential_tfp_pct_change,1.105,projected
2036q4,nfb_potential_tfp_pct_change,1.102,projected
2023q1,nfb_real_potential_gdp,17037.2,actual
2023q2,nfb_real_potential_gdp,17163.3,actual
2023q3,nfb_real_potential_gdp,17290.3,actual
2023q4,nfb_real_potential_gdp,17417.9,actual
2024q1,nfb_real_potential_gdp,17545.7,actual
2024q2,nfb_real_potential_gdp,17672.7,actual
2024q3,nfb_real_potential_gdp,17798.0,actual
2024q4,nfb_real_potential_gdp,17920.8,actual
2025q1,nfb_real_potential_gdp,18042.7,actual
2025q2,nfb_real_potential_gdp,18156.6,actual
2025q3,nfb_real_potential_gdp,18271.9,projected
2025q4,nfb_real_potential_gdp,18386.8,projected
2026q1,nfb_real_potential_gdp,18501.1,projected
2026q2,nfb_real_potential_gdp,18615.3,projected
2026q3,nfb_real_potential_gdp,18730.2,projected
2026q4,nfb_real_potential_gdp,18845.5,projected
2027q1,nfb_real_potential_gdp,18961.2,projected
2027q2,nfb_real_potential_gdp,19076.6,projected
2027q3,nfb_real_potential_gdp,19191.7,projected
2027q4,nfb_real_potential_gdp,19306.3,projected
2028q1,nfb_real_potential_gdp,19420.7,projected
2028q2,nfb_real_potential_gdp,19535.6,projected
2028q3,nfb_real_potential_gdp,19650.5,projected
2028q4,nfb_real_potential_gdp,19765.0,projected
2029q1,nfb_real_potential_gdp,19878.8,projected
2029q2,nfb_real_potential_gdp,19991.8,projected
2029q3,nfb_real_potential_gdp,20106.1,projected
2029q4,nfb_real_potential_gdp,20222.9,projected
2030q1,nfb_real_potential_gdp,20340.2,projected
2030q2,nfb_real_potential_gdp,20457.0,projected
2030q3,nfb_real_potential_gdp,20574.1,projected
2030q4,nfb_real_potential_gdp,20691.1,projected
2031q1,nfb_real_potential_gdp,20808.5,projected
2031q2,nfb_real_potential_gdp,20925.9,projected
2031q3,nfb_real_potential_gdp,21042.4,projected
2031q4,nfb_real_potential_gdp,21158.9,projected
2032q1,nfb_real_potential_gdp,21275.4,projected
2032q2,nfb_real_potential_gdp,21391.8,projected
2032q3,nfb_real_potential_gdp,21508.2,projected
2032q4,nfb_real_potential_gdp,21624.9,projected
2033q1,nfb_real_potential_gdp,21741.9,projected
2033q2,nfb_real_potential_gdp,21859.2,projected
2033q3,nfb_real_potential_gdp,21976.8,projected
2033q4,nfb_real_potential_gdp,22094.7,projected
2034q1,nfb_real_potential_gdp,22213.0,projected
2034q2,nfb_real_potential_gdp,22331.5,projected
2034q3,nfb_real_potential_gdp,22450.3,projected
2034q4,nfb_real_potential_gdp,22569.2,projected
2035q1,nfb_real_potential_gdp,22688.4,projected
2035q2,nfb_real_potential_gdp,22808.0,projected
2035q3,nfb_real_potential_gdp,22928.2,projected
2035q4,nfb_real_potential_gdp,23048.9,projected
2036q1,nfb_real_potential_gdp,23170.2,projected
2036q2,nfb_real_potential_gdp,23291.9,projected
2036q3,nfb_real_potential_gdp,23413.9,projected
2036q4,nfb_real_potential_gdp,23536.0,projected
2023q1,nfb_real_potential_gdp_pct_change,2.947,actual
2023q2,nfb_real_potential_gdp_pct_change,2.993,actual
2023q3,nfb_real_potential_gdp_pct_change,2.992,actual
2023q4,nfb_real_potential_gdp_pct_change,2.984,actual
2024q1,nfb_real_potential_gdp_pct_change,2.966,actual
2024q2,nfb_real_potential_gdp_pct_change,2.927,actual
2024q3,nfb_real_potential_gdp_pct_change,2.865,actual
2024q4,nfb_real_potential_gdp_pct_change,2.79,actual
2025q1,nfb_real_potential_gdp_pct_change,2.746,actual
2025q2,nfb_real_potential_gdp_pct_change,2.55,actual
2025q3,nfb_real_potential_gdp_pct_change,2.564,projected
2025q4,nfb_real_potential_gdp_pct_change,2.538,projected
2026q1,nfb_real_potential_gdp_pct_change,2.51,projected
2026q2,nfb_real_potential_gdp_pct_change,2.492,projected
2026q3,nfb_real_potential_gdp_pct_change,2.491,projected
2026q4,nfb_real_potential_gdp_pct_change,2.485,projected
2027q1,nfb_real_potential_gdp_pct_change,2.478,projected
2027q2,nfb_real_potential_gdp_pct_change,2.455,projected
2027q3,nfb_real_potential_gdp_pct_change,2.434,projected
2027q4,nfb_real_potential_gdp_pct_change,2.409,projected
2028q1,nfb_real_potential_gdp_pct_change,2.392,projected
2028q2,nfb_real_potential_gdp_pct_change,2.386,projected
2028q3,nfb_real_potential_gdp_pct_change,2.374,projected
2028q4,nfb_real_potential_gdp_pct_change,2.351,projected
2029q1,nfb_real_potential_gdp_pct_change,2.321,projected
2029q2,nfb_real_potential_gdp_pct_change,2.293,projected
2029q3,nfb_real_potential_gdp_pct_change,2.307,projected
2029q4,nfb_real_potential_gdp_pct_change,2.343,projected
2030q1,nfb_real_potential_gdp_pct_change,2.341,projected
2030q2,nfb_real_potential_gdp_pct_change,2.316,projected
2030q3,nfb_real_potential_gdp_pct_change,2.308,projected
2030q4,nfb_real_potential_gdp_pct_change,2.293,projected
2031q1,nfb_real_potential_gdp_pct_change,2.29,projected
2031q2,nfb_real_potential_gdp_pct_change,2.274,projected
2031q3,nfb_real_potential_gdp_pct_change,2.246,projected
2031q4,nfb_real_potential_gdp_pct_change,2.232,projected
2032q1,nfb_real_potential_gdp_pct_change,2.22,projected
2032q2,nfb_real_potential_gdp_pct_change,2.205,projected
2032q3,nfb_real_potential_gdp_pct_change,2.194,projected
2032q4,nfb_real_potential_gdp_pct_change,2.188,projected
2033q1,nfb_real_potential_gdp_pct_change,2.182,projected
2033q2,nfb_real_potential_gdp_pct_change,2.174,projected
2033q3,nfb_real_potential_gdp_pct_change,2.169,projected
2033q4,nfb_real_potential_gdp_pct_change,2.162,projected
2034q1,nfb_real_potential_gdp_pct_change,2.159,projected
2034q2,nfb_real_potential_gdp_pct_change,2.152,projected
2034q3,nfb_real_potential_gdp_pct_change,2.144,projected
2034q4,nfb_real_potential_gdp_pct_change,2.135,projected
2035q1,nfb_real_potential_gdp_pct_change,2.129,projected
2035q2,nfb_real_potential_gdp_pct_change,2.125,projected
2035q3,nfb_real_potential_gdp_pct_change,2.124,projected
2035q4,nfb_real_potential_gdp_pct_change,2.122,projected
2036q1,nfb_real_potential_gdp_pct_change,2.121,projected
2036q2,nfb_real_potential_gdp_pct_change,2.117,projected
2036q3,nfb_real_potential_gdp_pct_change,2.11,projected
2036q4,nfb_real_potential_gdp_pct_change,2.103,projected
2023q1,noncyclical_rate_of_unemployment,4.435,actual
2023q2,noncyclical_rate_of_unemployment,4.433,actual
2023q3,noncyclical_rate_of_unemployment,4.431,actual
2023q4,noncyclical_rate_of_unemployment,4.428,actual
2024q1,noncyclical_rate_of_unemployment,4.425,actual
2024q2,noncyclical_rate_of_unemployment,4.422,actual
2024q3,noncyclical_rate_of_unemployment,4.418,actual
2024q4,noncyclical_rate_of_unemployment,4.413,actual
2025q1,noncyclical_rate_of_unemployment,4.409,actual
2025q2,noncyclical_rate_of_unemployment,4.406,actual
2025q3,noncyclical_rate_of_unemployment,4.404,projected
2025q4,noncyclical_rate_of_unemployment,4.401,projected
2026q1,noncyclical_rate_of_unemployment,4.399,projected
2026q2,noncyclical_rate_of_unemployment,4.395,projected
2026q3,noncyclical_rate_of_unemployment,4.392,projected
2026q4,noncyclical_rate_of_unemployment,4.388,projected
2027q1,noncyclical_rate_of_unemployment,4.384,projected
2027q2,noncyclical_rate_of_unemployment,4.379,projected
2027q3,noncyclical_rate_of_unemployment,4.374,projected
2027q4,noncyclical_rate_of_unemployment,4.369,projected
2028q1,noncyclical_rate_of_unemployment,4.363,projected
2028q2,noncyclical_rate_of_unemployment,4.357,projected
2028q3,noncyclical_rate_of_unemployment,4.351,projected
2028q4,noncyclical_rate_of_unemployment,4.345,projected
2029q1,noncyclical_rate_of_unemployment,4.338,projected
2029q2,noncyclical_rate_of_unemployment,4.332,projected
2029q3,noncyclical_rate_of_unemployment,4.325,projected
2029q4,noncyclical_rate_of_unemployment,4.318,projected
2030q1,noncyclical_rate_of_unemployment,4.311,projected
2030q2,noncyclical_rate_of_unemployment,4.304,projected
2030q3,noncyclical_rate_of_unemployment,4.298,projected
2030q4,noncyclical_rate_of_unemployment,4.291,projected
2031q1,noncyclical_rate_of_unemployment,4.285,projected
2031q2,noncyclical_rate_of_unemployment,4.279,projected
2031q3,noncyclical_rate_of_unemployment,4.274,projected
2031q4,noncyclical_rate_of_unemployment,4.268,projected
2032q1,noncyclical_rate_of_unemployment,4.263,projected
2032q2,noncyclical_rate_of_unemployment,4.258,projected
2032q3,noncyclical_rate_of_unemployment,4.252,projected
2032q4,noncyclical_rate_of_unemployment,4.247,projected
2033q1,noncyclical_rate_of_unemployment,4.242,projected
2033q2,noncyclical_rate_of_unemployment,4.237,projected
2033q3,noncyclical_rate_of_unemployment,4.232,projected
2033q4,noncyclical_rate_of_unemployment,4.227,projected
2034q1,noncyclical_rate_of_unemployment,4.222,projected
2034q2,noncyclical_rate_of_unemployment,4.217,projected
2034q3,noncyclical_rate_of_unemployment,4.211,projected
2034q4,noncyclical_rate_of_unemployment,4.206,projected
2035q1,noncyclical_rate_of_unemployment,4.201,projected
2035q2,noncyclical_rate_of_unemployment,4.195,projected
2035q3,noncyclical_rate_of_unemployment,4.19,projected
2035q4,noncyclical_rate_of_unemployment,4.184,projected
2036q1,noncyclical_rate_of_unemployment,4.179,projected
2036q2,noncyclical_rate_of_unemployment,4.174,projected
2036q3,noncyclical_rate_of_unemployment,4.169,projected
2036q4,noncyclical_rate_of_unemployment,4.163,projected
2023q1,nonres_fixed_invest,3756.6,actual
2023q2,nonres_fixed_invest,3854.3,actual
2023q3,nonres_fixed_invest,3871.6,actual
2023q4,nonres_fixed_invest,3941.3,actual
2024q1,nonres_fixed_invest,3963.8,actual
2024q2,nonres_fixed_invest,4012.4,actual
2024q3,nonres_fixed_invest,4069.2,actual
2024q4,nonres_fixed_invest,4046.4,actual
2025q1,nonres_fixed_invest,4137.8,actual
2025q2,nonres_fixed_invest,4207.5,actual
2025q3,nonres_fixed_invest,4270.0,projected
2025q4,nonres_fixed_invest,4323.8,projected
2026q1,nonres_fixed_invest,4384.0,projected
2026q2,nonres_fixed_invest,4445.3,projected
2026q3,nonres_fixed_invest,4506.7,projected
2026q4,nonres_fixed_invest,4567.5,projected
2027q1,nonres_fixed_invest,4623.9,projected
2027q2,nonres_fixed_invest,4677.1,projected
2027q3,nonres_fixed_invest,4728.8,projected
2027q4,nonres_fixed_invest,4780.7,projected
2028q1,nonres_fixed_invest,4829.5,projected
2028q2,nonres_fixed_invest,4874.3,projected
2028q3,nonres_fixed_invest,4917.3,projected
2028q4,nonres_fixed_invest,4960.6,projected
2029q1,nonres_fixed_invest,4998.7,projected
2029q2,nonres_fixed_invest,5035.9,projected
2029q3,nonres_fixed_invest,5073.0,projected
2029q4,nonres_fixed_invest,5112.7,projected
2030q1,nonres_fixed_invest,5152.1,projected
2030q2,nonres_fixed_invest,5192.8,projected
2030q3,nonres_fixed_invest,5236.0,projected
2030q4,nonres_fixed_invest,5284.0,projected
2031q1,nonres_fixed_invest,5330.2,projected
2031q2,nonres_fixed_invest,5376.3,projected
2031q3,nonres_fixed_invest,5425.1,projected
2031q4,nonres_fixed_invest,5479.7,projected
2032q1,nonres_fixed_invest,5532.4,projected
2032q2,nonres_fixed_invest,5586.0,projected
2032q3,nonres_fixed_invest,5642.3,projected
2032q4,nonres_fixed_invest,5699.7,projected
2033q1,nonres_fixed_invest,5754.9,projected
2033q2,nonres_fixed_invest,5809.4,projected
2033q3,nonres_fixed_invest,5863.9,projected
2033q4,nonres_fixed_invest,5921.3,projected
2034q1,nonres_fixed_invest,5977.0,projected
2034q2,nonres_fixed_invest,6033.8,projected
2034q3,nonres_fixed_invest,6090.8,projected
2034q4,nonres_fixed_invest,6151.1,projected
2035q1,nonres_fixed_invest,6209.0,projected
2035q2,nonres_fixed_invest,6269.7,projected
2035q3,nonres_fixed_invest,6331.0,projected
2035q4,nonres_fixed_invest,6395.2,projected
2036q1,nonres_fixed_invest,6457.3,projected
2036q2,nonres_fixed_invest,6520.3,projected
2036q3,nonres_fixed_invest,6582.8,projected
2036q4,nonres_fixed_invest,6648.0,projected
2023q1,nonres_fixed_invest_pct_change,13.818,actual
2023q2,nonres_fixed_invest_pct_change,10.815,actual
2023q3,nonres_fixed_invest_pct_change,1.815,actual
2023q4,nonres_fixed_invest_pct_change,7.397,actual
2024q1,nonres_fixed_invest_pct_change,2.293,actual
2024q2,nonres_fixed_invest_pct_change,5.001,actual
2024q3,nonres_fixed_invest_pct_change,5.781,actual
2024q4,nonres_fixed_invest_pct_change,-2.222,actual
2025q1,nonres_fixed_invest_pct_change,9.349,actual
2025q2,nonres_fixed_invest_pct_change,6.909,actual
2025q3,nonres_fixed_invest_pct_change,6.069,projected
2025q4,nonres_fixed_invest_pct_change,5.139,projected
2026q1,nonres_fixed_invest_pct_change,5.686,projected
2026q2,nonres_fixed_invest_pct_change,5.712,projected
2026q3,nonres_fixed_invest_pct_change,5.639,projected
2026q4,nonres_fixed_invest_pct_change,5.506,projected
2027q1,nonres_fixed_invest_pct_change,5.029,projected
2027q2,nonres_fixed_invest_pct_change,4.689,projected
2027q3,nonres_fixed_invest_pct_change,4.492,projected
2027q4,nonres_fixed_invest_pct_change,4.463,projected
2028q1,nonres_fixed_invest_pct_change,4.147,projected
2028q2,nonres_fixed_invest_pct_change,3.762,projected
2028q3,nonres_fixed_invest_pct_change,3.568,projected
2028q4,nonres_fixed_invest_pct_change,3.571,projected
2029q1,nonres_fixed_invest_pct_change,3.108,projected
2029q2,nonres_fixed_invest_pct_change,3.012,projected
2029q3,nonres_fixed_invest_pct_change,2.978,projected
2029q4,nonres_fixed_invest_pct_change,3.167,projected
2030q1,nonres_fixed_invest_pct_change,3.115,projected
2030q2,nonres_fixed_invest_pct_change,3.199,projected
2030q3,nonres_fixed_invest_pct_change,3.365,projected
2030q4,nonres_fixed_invest_pct_change,3.717,projected
2031q1,nonres_fixed_invest_pct_change,3.543,projected
2031q2,nonres_fixed_invest_pct_change,3.507,projected
2031q3,nonres_fixed_invest_pct_change,3.683,projected
2031q4,nonres_fixed_invest_pct_change,4.081,projected
2032q1,nonres_fixed_invest_pct_change,3.907,projected
2032q2,nonres_fixed_invest_pct_change,3.927,projected
2032q3,nonres_fixed_invest_pct_change,4.098,projected
2032q4,nonres_fixed_invest_pct_change,4.13,projected
2033q1,nonres_fixed_invest_pct_change,3.93,projected
2033q2,nonres_fixed_invest_pct_change,3.839,projected
2033q3,nonres_fixed_invest_pct_change,3.81,projected
2033q4,nonres_fixed_invest_pct_change,3.969,projected
2034q1,nonres_fixed_invest_pct_change,3.819,projected
2034q2,nonres_fixed_invest_pct_change,3.855,projected
2034q3,nonres_fixed_invest_pct_change,3.833,projected
2034q4,nonres_fixed_invest_pct_change,4.012,projected
2035q1,nonres_fixed_invest_pct_change,3.822,projected
2035q2,nonres_fixed_invest_pct_change,3.966,projected
2035q3,nonres_fixed_invest_pct_change,3.966,projected
2035q4,nonres_fixed_invest_pct_change,4.118,projected
2036q1,nonres_fixed_invest_pct_change,3.94,projected
2036q2,nonres_fixed_invest_pct_change,3.961,projected
2036q3,nonres_fixed_invest_pct_change,3.888,projected
2036q4,nonres_fixed_invest_pct_change,4.022,projected
2023q1,nonwage_income,6742.7,actual
2023q2,nonwage_income,6885.3,actual
2023q3,nonwage_income,6963.7,actual
2023q4,nonwage_income,7094.6,actual
2024q1,nonwage_income,7176.4,actual
2024q2,nonwage_income,7236.6,actual
2024q3,nonwage_income,7253.8,actual
2024q4,nonwage_income,7319.6,actual
2025q1,nonwage_income,7414.7,actual
2025q2,nonwage_income,7430.0,actual
2025q3,nonwage_income,7657.9,projected
2025q4,nonwage_income,7747.0,projected
2026q1,nonwage_income,7884.8,projected
2026q2,nonwage_income,8022.8,projected
2026q3,nonwage_income,8119.2,projected
2026q4,nonwage_income,8201.5,projected
2027q1,nonwage_income,8255.0,projected
2027q2,nonwage_income,8332.8,projected
2027q3,nonwage_income,8411.6,projected
2027q4,nonwage_income,8506.4,projected
2028q1,nonwage_income,8598.6,projected
2028q2,nonwage_income,8696.6,projected
2028q3,nonwage_income,8784.0,projected
2028q4,nonwage_income,8880.4,projected
2029q1,nonwage_income,8953.8,projected
2029q2,nonwage_income,9047.3,projected
2029q3,nonwage_income,9133.9,projected
2029q4,nonwage_income,9228.7,projected
2030q1,nonwage_income,9307.2,projected
2030q2,nonwage_income,9402.0,projected
2030q3,nonwage_income,9490.8,projected
2030q4,nonwage_income,9596.8,projected
2031q1,nonwage_income,9693.5,projected
2031q2,nonwage_income,9800.1,projected
2031q3,nonwage_income,9900.7,projected
2031q4,nonwage_income,10020.1,projected
2032q1,nonwage_income,10126.0,projected
2032q2,nonwage_income,10236.8,projected
2032q3,nonwage_income,10341.2,projected
2032q4,nonwage_income,10458.3,projected
2033q1,nonwage_income,10567.8,projected
2033q2,nonwage_income,10677.8,projected
2033q3,nonwage_income,10788.4,projected
2033q4,nonwage_income,10911.8,projected
2034q1,nonwage_income,11033.6,projected
2034q2,nonwage_income,11158.8,projected
2034q3,nonwage_income,11275.9,projected
2034q4,nonwage_income,11394.9,projected
2035q1,nonwage_income,11513.6,projected
2035q2,nonwage_income,11635.9,projected
2035q3,nonwage_income,11751.3,projected
2035q4,nonwage_income,11869.5,projected
2036q1,nonwage_income,11991.5,projected
2036q2,nonwage_income,12117.6,projected
2036q3,nonwage_income,12236.5,projected
2036q4,nonwage_income,12358.3,projected
2023q1,nonwage_income_share_of_gdp,24.8,actual
2023q2,nonwage_income_share_of_gdp,25.0,actual
2023q3,nonwage_income_share_of_gdp,24.8,actual
2023q4,nonwage_income_share_of_gdp,25.0,actual
2024q1,nonwage_income_share_of_gdp,25.0,actual
2024q2,nonwage_income_share_of_gdp,24.8,actual
2024q3,nonwage_income_share_of_gdp,24.6,actual
2024q4,nonwage_income_share_of_gdp,24.5,actual
2025q1,nonwage_income_share_of_gdp,24.7,actual
2025q2,nonwage_income_share_of_gdp,24.4,actual
2025q3,nonwage_income_share_of_gdp,24.7,projected
2025q4,nonwage_income_share_of_gdp,24.7,projected
2026q1,nonwage_income_share_of_gdp,24.9,projected
2026q2,nonwage_income_share_of_gdp,25.0,projected
2026q3,nonwage_income_share_of_gdp,25.0,projected
2026q4,nonwage_income_share_of_gdp,25.0,projected
2027q1,nonwage_income_share_of_gdp,24.9,projected
2027q2,nonwage_income_share_of_gdp,24.9,projected
2027q3,nonwage_income_share_of_gdp,24.9,projected
2027q4,nonwage_income_share_of_gdp,24.9,projected
2028q1,nonwage_income_share_of_gdp,24.9,projected
2028q2,nonwage_income_share_of_gdp,25.0,projected
2028q3,nonwage_income_share_of_gdp,25.0,projected
2028q4,nonwage_income_share_of_gdp,25.0,projected
2029q1,nonwage_income_share_of_gdp,25.0,projected
2029q2,nonwage_income_share_of_gdp,25.0,projected
2029q3,nonwage_income_share_of_gdp,25.0,projected
2029q4,nonwage_income_share_of_gdp,25.0,projected
2030q1,nonwage_income_share_of_gdp,25.0,projected
2030q2,nonwage_income_share_of_gdp,25.0,projected
2030q3,nonwage_income_share_of_gdp,25.0,projected
2030q4,nonwage_income_share_of_gdp,25.1,projected
2031q1,nonwage_income_share_of_gdp,25.1,projected
2031q2,nonwage_income_share_of_gdp,25.1,projected
2031q3,nonwage_income_share_of_gdp,25.2,projected
2031q4,nonwage_income_share_of_gdp,25.2,projected
2032q1,nonwage_income_share_of_gdp,25.3,projected
2032q2,nonwage_income_share_of_gdp,25.3,projected
2032q3,nonwage_income_share_of_gdp,25.3,projected
2032q4,nonwage_income_share_of_gdp,25.4,projected
2033q1,nonwage_income_share_of_gdp,25.4,projected
2033q2,nonwage_income_share_of_gdp,25.4,projected
2033q3,nonwage_income_share_of_gdp,25.5,projected
2033q4,nonwage_income_share_of_gdp,25.5,projected
2034q1,nonwage_income_share_of_gdp,25.6,projected
2034q2,nonwage_income_share_of_gdp,25.6,projected
2034q3,nonwage_income_share_of_gdp,25.6,projected
2034q4,nonwage_income_share_of_gdp,25.7,projected
2035q1,nonwage_income_share_of_gdp,25.7,projected
2035q2,nonwage_income_share_of_gdp,25.7,projected
2035q3,nonwage_income_share_of_gdp,25.7,projected
2035q4,nonwage_income_share_of_gdp,25.8,projected
2036q1,nonwage_income_share_of_gdp,25.8,projected
2036q2,nonwage_income_share_of_gdp,25.8,projected
2036q3,nonwage_income_share_of_gdp,25.8,projected
2036q4,nonwage_income_share_of_gdp,25.9,projected
2023q1,oil_price_wti_spot,76.08,actual
2023q2,oil_price_wti_spot,73.76,actual
2023q3,oil_price_wti_spot,82.3,actual
2023q4,oil_price_wti_spot,78.41,actual
2024q1,oil_price_wti_spot,77.56,actual
2024q2,oil_price_wti_spot,81.71,actual
2024q3,oil_price_wti_spot,76.24,actual
2024q4,oil_price_wti_spot,70.69,actual
2025q1,oil_price_wti_spot,71.84,actual
2025q2,oil_price_wti_spot,64.63,actual
2025q3,oil_price_wti_spot,65.74,projected
2025q4,oil_price_wti_spot,60.33,projected
2026q1,oil_price_wti_spot,58.7,projected
2026q2,oil_price_wti_spot,58.71,projected
2026q3,oil_price_wti_spot,59.05,projected
2026q4,oil_price_wti_spot,59.28,projected
2027q1,oil_price_wti_spot,59.66,projected
2027q2,oil_price_wti_spot,60.12,projected
2027q3,oil_price_wti_spot,60.68,projected
2027q4,oil_price_wti_spot,61.28,projected
2028q1,oil_price_wti_spot,61.91,projected
2028q2,oil_price_wti_spot,62.55,projected
2028q3,oil_price_wti_spot,63.19,projected
2028q4,oil_price_wti_spot,63.81,projected
2029q1,oil_price_wti_spot,64.42,projected
2029q2,oil_price_wti_spot,65.0,projected
2029q3,oil_price_wti_spot,65.56,projected
2029q4,oil_price_wti_spot,66.1,projected
2030q1,oil_price_wti_spot,66.63,projected
2030q2,oil_price_wti_spot,67.13,projected
2030q3,oil_price_wti_spot,67.61,projected
2030q4,oil_price_wti_spot,68.07,projected
2031q1,oil_price_wti_spot,68.52,projected
2031q2,oil_price_wti_spot,68.96,projected
2031q3,oil_price_wti_spot,69.4,projected
2031q4,oil_price_wti_spot,69.85,projected
2032q1,oil_price_wti_spot,70.29,projected
2032q2,oil_price_wti_spot,70.74,projected
2032q3,oil_price_wti_spot,71.19,projected
2032q4,oil_price_wti_spot,71.65,projected
2033q1,oil_price_wti_spot,72.11,projected
2033q2,oil_price_wti_spot,72.57,projected
2033q3,oil_price_wti_spot,73.03,projected
2033q4,oil_price_wti_spot,73.5,projected
2034q1,oil_price_wti_spot,73.97,projected
2034q2,oil_price_wti_spot,74.44,projected
2034q3,oil_price_wti_spot,74.9,projected
2034q4,oil_price_wti_spot,75.34,projected
2035q1,oil_price_wti_spot,75.75,projected
2035q2,oil_price_wti_spot,76.13,projected
2035q3,oil_price_wti_spot,76.51,projected
2035q4,oil_price_wti_spot,76.88,projected
2036q1,oil_price_wti_spot,77.26,projected
2036q2,oil_price_wti_spot,77.64,projected
2036q3,oil_price_wti_spot,78.02,projected
2036q4,oil_price_wti_spot,78.41,projected
2023q1,oil_rac_composite,74.52,actual
2023q2,oil_rac_composite,74.16,actual
2023q3,oil_rac_composite,82.5,actual
2023q4,oil_rac_composite,79.55,actual
2024q1,oil_rac_composite,76.38,actual
2024q2,oil_rac_composite,81.82,actual
2024q3,oil_rac_composite,76.88,actual
2024q4,oil_rac_composite,71.4,actual
2025q1,oil_rac_composite,72.65,actual
2025q2,oil_rac_composite,65.58,actual
2025q3,oil_rac_composite,67.23,projected
2025q4,oil_rac_composite,57.83,projected
2026q1,oil_rac_composite,57.4,projected
2026q2,oil_rac_composite,56.34,projected
2026q3,oil_rac_composite,56.53,projected
2026q4,oil_rac_composite,56.72,projected
2027q1,oil_rac_composite,57.05,projected
2027q2,oil_rac_composite,57.47,projected
2027q3,oil_rac_composite,57.99,projected
2027q4,oil_rac_composite,58.57,projected
2028q1,oil_rac_composite,59.19,projected
2028q2,oil_rac_composite,59.84,projected
2028q3,oil_rac_composite,60.5,projected
2028q4,oil_rac_composite,61.17,projected
2029q1,oil_rac_composite,61.85,projected
2029q2,oil_rac_composite,62.51,projected
2029q3,oil_rac_composite,63.15,projected
2029q4,oil_rac_composite,63.75,projected
2030q1,oil_rac_composite,64.32,projected
2030q2,oil_rac_composite,64.86,projected
2030q3,oil_rac_composite,65.37,projected
2030q4,oil_rac_composite,65.85,projected
2031q1,oil_rac_composite,66.31,projected
2031q2,oil_rac_composite,66.75,projected
2031q3,oil_rac_composite,67.19,projected
2031q4,oil_rac_composite,67.62,projected
2032q1,oil_rac_composite,68.06,projected
2032q2,oil_rac_composite,68.5,projected
2032q3,oil_rac_composite,68.95,projected
2032q4,oil_rac_composite,69.4,projected
2033q1,oil_rac_composite,69.85,projected
2033q2,oil_rac_composite,70.3,projected
2033q3,oil_rac_composite,70.76,projected
2033q4,oil_rac_composite,71.22,projected
2034q1,oil_rac_composite,71.68,projected
2034q2,oil_rac_composite,72.14,projected
2034q3,oil_rac_composite,72.59,projected
2034q4,oil_rac_composite,73.02,projected
2035q1,oil_rac_composite,73.43,projected
2035q2,oil_rac_composite,73.8,projected
2035q3,oil_rac_composite,74.17,projected
2035q4,oil_rac_composite,74.54,projected
2036q1,oil_rac_composite,74.91,projected
2036q2,oil_rac_composite,75.28,projected
2036q3,oil_rac_composite,75.65,projected
2036q4,oil_rac_composite,76.02,projected
2023q1,oil_rac_imported,69.51,actual
2023q2,oil_rac_imported,71.62,actual
2023q3,oil_rac_imported,81.02,actual
2023q4,oil_rac_imported,75.91,actual
2024q1,oil_rac_imported,72.69,actual
2024q2,oil_rac_imported,79.67,actual
2024q3,oil_rac_imported,74.65,actual
2024q4,oil_rac_imported,69.4,actual
2025q1,oil_rac_imported,70.47,actual
2025q2,oil_rac_imported,64.21,actual
2025q3,oil_rac_imported,66.16,projected
2025q4,oil_rac_imported,56.56,projected
2026q1,oil_rac_imported,56.17,projected
2026q2,oil_rac_imported,55.14,projected
2026q3,oil_rac_imported,55.38,projected
2026q4,oil_rac_imported,55.6,projected
2027q1,oil_rac_imported,55.96,projected
2027q2,oil_rac_imported,56.41,projected
2027q3,oil_rac_imported,56.94,projected
2027q4,oil_rac_imported,57.54,projected
2028q1,oil_rac_imported,58.18,projected
2028q2,oil_rac_imported,58.83,projected
2028q3,oil_rac_imported,59.5,projected
2028q4,oil_rac_imported,60.18,projected
2029q1,oil_rac_imported,60.85,projected
2029q2,oil_rac_imported,61.52,projected
2029q3,oil_rac_imported,62.15,projected
2029q4,oil_rac_imported,62.75,projected
2030q1,oil_rac_imported,63.3,projected
2030q2,oil_rac_imported,63.83,projected
2030q3,oil_rac_imported,64.34,projected
2030q4,oil_rac_imported,64.81,projected
2031q1,oil_rac_imported,65.26,projected
2031q2,oil_rac_imported,65.69,projected
2031q3,oil_rac_imported,66.11,projected
2031q4,oil_rac_imported,66.54,projected
2032q1,oil_rac_imported,66.97,projected
2032q2,oil_rac_imported,67.41,projected
2032q3,oil_rac_imported,67.84,projected
2032q4,oil_rac_imported,68.28,projected
2033q1,oil_rac_imported,68.73,projected
2033q2,oil_rac_imported,69.17,projected
2033q3,oil_rac_imported,69.62,projected
2033q4,oil_rac_imported,70.07,projected
2034q1,oil_rac_imported,70.52,projected
2034q2,oil_rac_imported,70.98,projected
2034q3,oil_rac_imported,71.43,projected
2034q4,oil_rac_imported,71.85,projected
2035q1,oil_rac_imported,72.24,projected
2035q2,oil_rac_imported,72.61,projected
2035q3,oil_rac_imported,72.97,projected
2035q4,oil_rac_imported,73.32,projected
2036q1,oil_rac_imported,73.68,projected
2036q2,oil_rac_imported,74.05,projected
2036q3,oil_rac_imported,74.41,projected
2036q4,oil_rac_imported,74.78,projected
2023q1,output_gap,0.9,actual
2023q2,output_gap,0.9,actual
2023q3,output_gap,1.4,actual
2023q4,output_gap,1.6,actual
2024q1,output_gap,1.1,actual
2024q2,output_gap,1.3,actual
2024q3,output_gap,1.5,actual
2024q4,output_gap,1.4,actual
2025q1,output_gap,0.6,actual
2025q2,output_gap,0.9,actual
2025q3,output_gap,1.2,projected
2025q4,output_gap,1.0,projected
2026q1,output_gap,1.1,projected
2026q2,output_gap,1.1,projected
2026q3,output_gap,1.1,projected
2026q4,output_gap,1.0,projected
2027q1,output_gap,0.9,projected
2027q2,output_gap,0.8,projected
2027q3,output_gap,0.7,projected
2027q4,output_gap,0.7,projected
2028q1,output_gap,0.6,projected
2028q2,output_gap,0.5,projected
2028q3,output_gap,0.4,projected
2028q4,output_gap,0.4,projected
2029q1,output_gap,0.3,projected
2029q2,output_gap,0.2,projected
2029q3,output_gap,0.2,projected
2029q4,output_gap,0.1,projected
2030q1,output_gap,0.1,projected
2030q2,output_gap,0.0,projected
2030q3,output_gap,-0.1,projected
2030q4,output_gap,-0.1,projected
2031q1,output_gap,-0.2,projected
2031q2,output_gap,-0.2,projected
2031q3,output_gap,-0.2,projected
2031q4,output_gap,-0.3,projected
2032q1,output_gap,-0.3,projected
2032q2,output_gap,-0.3,projected
2032q3,output_gap,-0.4,projected
2032q4,output_gap,-0.4,projected
2033q1,output_gap,-0.4,projected
2033q2,output_gap,-0.4,projected
2033q3,output_gap,-0.4,projected
2033q4,output_gap,-0.5,projected
2034q1,output_gap,-0.5,projected
2034q2,output_gap,-0.5,projected
2034q3,output_gap,-0.5,projected
2034q4,output_gap,-0.5,projected
2035q1,output_gap,-0.5,projected
2035q2,output_gap,-0.5,projected
2035q3,output_gap,-0.5,projected
2035q4,output_gap,-0.5,projected
2036q1,output_gap,-0.5,projected
2036q2,output_gap,-0.5,projected
2036q3,output_gap,-0.5,projected
2036q4,output_gap,-0.5,projected
2023q1,output_per_hr_nfb,110.215,actual
2023q2,output_per_hr_nfb,111.133,actual
2023q3,output_per_hr_nfb,112.424,actual
2023q4,output_per_hr_nfb,113.391,actual
2024q1,output_per_hr_nfb,113.845,actual
2024q2,output_per_hr_nfb,114.43,actual
2024q3,output_per_hr_nfb,115.241,actual
2024q4,output_per_hr_nfb,115.725,actual
2025q1,output_per_hr_nfb,115.206,actual
2025q2,output_per_hr_nfb,116.143,actual
2025q3,output_per_hr_nfb,117.358,projected
2025q4,output_per_hr_nfb,117.989,projected
2026q1,output_per_hr_nfb,118.565,projected
2026q2,output_per_hr_nfb,118.947,projected
2026q3,output_per_hr_nfb,119.379,projected
2026q4,output_per_hr_nfb,119.843,projected
2027q1,output_per_hr_nfb,120.328,projected
2027q2,output_per_hr_nfb,120.82,projected
2027q3,output_per_hr_nfb,121.314,projected
2027q4,output_per_hr_nfb,121.812,projected
2028q1,output_per_hr_nfb,122.311,projected
2028q2,output_per_hr_nfb,122.813,projected
2028q3,output_per_hr_nfb,123.316,projected
2028q4,output_per_hr_nfb,123.822,projected
2029q1,output_per_hr_nfb,124.329,projected
2029q2,output_per_hr_nfb,124.839,projected
2029q3,output_per_hr_nfb,125.351,projected
2029q4,output_per_hr_nfb,125.865,projected
2030q1,output_per_hr_nfb,126.381,projected
2030q2,output_per_hr_nfb,126.899,projected
2030q3,output_per_hr_nfb,127.419,projected
2030q4,output_per_hr_nfb,127.941,projected
2031q1,output_per_hr_nfb,128.466,projected
2031q2,output_per_hr_nfb,128.993,projected
2031q3,output_per_hr_nfb,129.521,projected
2031q4,output_per_hr_nfb,130.052,projected
2032q1,output_per_hr_nfb,130.586,projected
2032q2,output_per_hr_nfb,131.121,projected
2032q3,output_per_hr_nfb,131.658,projected
2032q4,output_per_hr_nfb,132.198,projected
2033q1,output_per_hr_nfb,132.74,projected
2033q2,output_per_hr_nfb,133.284,projected
2033q3,output_per_hr_nfb,133.831,projected
2033q4,output_per_hr_nfb,134.379,projected
2034q1,output_per_hr_nfb,134.93,projected
2034q2,output_per_hr_nfb,135.483,projected
2034q3,output_per_hr_nfb,136.039,projected
2034q4,output_per_hr_nfb,136.596,projected
2035q1,output_per_hr_nfb,137.156,projected
2035q2,output_per_hr_nfb,137.719,projected
2035q3,output_per_hr_nfb,138.283,projected
2035q4,output_per_hr_nfb,138.85,projected
2036q1,output_per_hr_nfb,139.439,projected
2036q2,output_per_hr_nfb,140.038,projected
2036q3,output_per_hr_nfb,140.643,projected
2036q4,output_per_hr_nfb,141.252,projected
2023q1,output_per_hr_nfb_pct_change,0.71,actual
2023q2,output_per_hr_nfb_pct_change,3.373,actual
2023q3,output_per_hr_nfb_pct_change,4.728,actual
2023q4,output_per_hr_nfb_pct_change,3.485,actual
2024q1,output_per_hr_nfb_pct_change,1.611,actual
2024q2,output_per_hr_nfb_pct_change,2.071,actual
2024q3,output_per_hr_nfb_pct_change,2.865,actual
2024q4,output_per_hr_nfb_pct_change,1.69,actual
2025q1,output_per_hr_nfb_pct_change,-1.781,actual
2025q2,output_per_hr_nfb_pct_change,3.293,actual
2025q3,output_per_hr_nfb_pct_change,4.251,projected
2025q4,output_per_hr_nfb_pct_change,2.169,projected
2026q1,output_per_hr_nfb_pct_change,1.965,projected
2026q2,output_per_hr_nfb_pct_change,1.294,projected
2026q3,output_per_hr_nfb_pct_change,1.463,projected
2026q4,output_per_hr_nfb_pct_change,1.561,projected
2027q1,output_per_hr_nfb_pct_change,1.628,projected
2027q2,output_per_hr_nfb_pct_change,1.644,projected
2027q3,output_per_hr_nfb_pct_change,1.648,projected
2027q4,output_per_hr_nfb_pct_change,1.649,projected
2028q1,output_per_hr_nfb_pct_change,1.649,projected
2028q2,output_per_hr_nfb_pct_change,1.649,projected
2028q3,output_per_hr_nfb_pct_change,1.649,projected
2028q4,output_per_hr_nfb_pct_change,1.65,projected
2029q1,output_per_hr_nfb_pct_change,1.65,projected
2029q2,output_per_hr_nfb_pct_change,1.65,projected
2029q3,output_per_hr_nfb_pct_change,1.65,projected
2029q4,output_per_hr_nfb_pct_change,1.65,projected
2030q1,output_per_hr_nfb_pct_change,1.65,projected
2030q2,output_per_hr_nfb_pct_change,1.65,projected
2030q3,output_per_hr_nfb_pct_change,1.65,projected
2030q4,output_per_hr_nfb_pct_change,1.649,projected
2031q1,output_per_hr_nfb_pct_change,1.649,projected
2031q2,output_per_hr_nfb_pct_change,1.649,projected
2031q3,output_per_hr_nfb_pct_change,1.649,projected
2031q4,output_per_hr_nfb_pct_change,1.649,projected
2032q1,output_per_hr_nfb_pct_change,1.649,projected
2032q2,output_per_hr_nfb_pct_change,1.649,projected
2032q3,output_per_hr_nfb_pct_change,1.649,projected
2032q4,output_per_hr_nfb_pct_change,1.649,projected
2033q1,output_per_hr_nfb_pct_change,1.649,projected
2033q2,output_per_hr_nfb_pct_change,1.649,projected
2033q3,output_per_hr_nfb_pct_change,1.649,projected
2033q4,output_per_hr_nfb_pct_change,1.649,projected
2034q1,output_per_hr_nfb_pct_change,1.649,projected
2034q2,output_per_hr_nfb_pct_change,1.649,projected
2034q3,output_per_hr_nfb_pct_change,1.649,projected
2034q4,output_per_hr_nfb_pct_change,1.649,projected
2035q1,output_per_hr_nfb_pct_change,1.649,projected
2035q2,output_per_hr_nfb_pct_change,1.649,projected
2035q3,output_per_hr_nfb_pct_change,1.649,projected
2035q4,output_per_hr_nfb_pct_change,1.65,projected
2036q1,output_per_hr_nfb_pct_change,1.707,projected
2036q2,output_per_hr_nfb_pct_change,1.729,projected
2036q3,output_per_hr_nfb_pct_change,1.738,projected
2036q4,output_per_hr_nfb_pct_change,1.742,projected
2023q1,pce,18487.0,actual
2023q2,pce,18693.1,actual
2023q3,pce,18961.8,actual
2023q4,pce,19190.6,actual
2024q1,pce,19443.8,actual
2024q2,pce,19756.1,actual
2024q3,pce,20032.8,actual
2024q4,pce,20351.3,actual
2025q1,pce,20555.0,actual
2025q2,pce,20789.9,actual
2025q3,pce,21084.9,projected
2025q4,pce,21302.4,projected
2026q1,pce,21532.2,projected
2026q2,pce,21801.9,projected
2026q3,pce,22048.9,projected
2026q4,pce,22281.6,projected
2027q1,pce,22497.4,projected
2027q2,pce,22705.1,projected
2027q3,pce,22924.1,projected
2027q4,pce,23141.1,projected
2028q1,pce,23365.5,projected
2028q2,pce,23584.0,projected
2028q3,pce,23802.7,projected
2028q4,pce,24019.9,projected
2029q1,pce,24247.1,projected
2029q2,pce,24479.3,projected
2029q3,pce,24716.9,projected
2029q4,pce,24958.5,projected
2030q1,pce,25212.5,projected
2030q2,pce,25465.1,projected
2030q3,pce,25720.5,projected
2030q4,pce,25973.0,projected
2031q1,pce,26230.7,projected
2031q2,pce,26480.7,projected
2031q3,pce,26731.4,projected
2031q4,pce,26981.0,projected
2032q1,pce,27238.1,projected
2032q2,pce,27500.2,projected
2032q3,pce,27758.4,projected
2032q4,pce,28018.0,projected
2033q1,pce,28288.7,projected
2033q2,pce,28577.9,projected
2033q3,pce,28861.0,projected
2033q4,pce,29143.4,projected
2034q1,pce,29427.3,projected
2034q2,pce,29713.7,projected
2034q3,pce,30002.7,projected
2034q4,pce,30289.5,projected
2035q1,pce,30592.8,projected
2035q2,pce,30896.3,projected
2035q3,pce,31203.1,projected
2035q4,pce,31513.8,projected
2036q1,pce,31832.9,projected
2036q2,pce,32147.5,projected
2036q3,pce,32464.3,projected
2036q4,pce,32779.6,projected
2023q1,pce_medical_price_index,111.863,actual
2023q2,pce_medical_price_index,112.832,actual
2023q3,pce_medical_price_index,113.442,actual
2023q4,pce_medical_price_index,114.182,actual
2024q1,pce_medical_price_index,114.992,actual
2024q2,pce_medical_price_index,115.703,actual
2024q3,pce_medical_price_index,116.317,actual
2024q4,pce_medical_price_index,117.014,actual
2025q1,pce_medical_price_index,117.834,actual
2025q2,pce_medical_price_index,118.491,actual
2025q3,pce_medical_price_index,118.985,projected
2025q4,pce_medical_price_index,119.606,projected
2026q1,pce_medical_price_index,120.352,projected
2026q2,pce_medical_price_index,121.095,projected
2026q3,pce_medical_price_index,121.809,projected
2026q4,pce_medical_price_index,122.506,projected
2027q1,pce_medical_price_index,123.195,projected
2027q2,pce_medical_price_index,123.885,projected
2027q3,pce_medical_price_index,124.577,projected
2027q4,pce_medical_price_index,125.271,projected
2028q1,pce_medical_price_index,125.966,projected
2028q2,pce_medical_price_index,126.663,projected
2028q3,pce_medical_price_index,127.362,projected
2028q4,pce_medical_price_index,128.063,projected
2029q1,pce_medical_price_index,128.767,projected
2029q2,pce_medical_price_index,129.472,projected
2029q3,pce_medical_price_index,130.181,projected
2029q4,pce_medical_price_index,130.892,projected
2030q1,pce_medical_price_index,131.606,projected
2030q2,pce_medical_price_index,132.322,projected
2030q3,pce_medical_price_index,133.042,projected
2030q4,pce_medical_price_index,133.765,projected
2031q1,pce_medical_price_index,134.49,projected
2031q2,pce_medical_price_index,135.219,projected
2031q3,pce_medical_price_index,135.951,projected
2031q4,pce_medical_price_index,136.687,projected
2032q1,pce_medical_price_index,137.425,projected
2032q2,pce_medical_price_index,138.167,projected
2032q3,pce_medical_price_index,138.913,projected
2032q4,pce_medical_price_index,139.662,projected
2033q1,pce_medical_price_index,140.414,projected
2033q2,pce_medical_price_index,141.17,projected
2033q3,pce_medical_price_index,141.93,projected
2033q4,pce_medical_price_index,142.693,projected
2034q1,pce_medical_price_index,143.46,projected
2034q2,pce_medical_price_index,144.231,projected
2034q3,pce_medical_price_index,145.006,projected
2034q4,pce_medical_price_index,145.784,projected
2035q1,pce_medical_price_index,146.567,projected
2035q2,pce_medical_price_index,147.353,projected
2035q3,pce_medical_price_index,148.143,projected
2035q4,pce_medical_price_index,148.937,projected
2036q1,pce_medical_price_index,149.735,projected
2036q2,pce_medical_price_index,150.538,projected
2036q3,pce_medical_price_index,151.344,projected
2036q4,pce_medical_price_index,152.155,projected
2023q1,pce_medical_price_index_pct_change,2.759,actual
2023q2,pce_medical_price_index_pct_change,3.51,actual
2023q3,pce_medical_price_index_pct_change,2.178,actual
2023q4,pce_medical_price_index_pct_change,2.634,actual
2024q1,pce_medical_price_index_pct_change,2.867,actual
2024q2,pce_medical_price_index_pct_change,2.497,actual
2024q3,pce_medical_price_index_pct_change,2.139,actual
2024q4,pce_medical_price_index_pct_change,2.418,actual
2025q1,pce_medical_price_index_pct_change,2.832,actual
2025q2,pce_medical_price_index_pct_change,2.249,actual
2025q3,pce_medical_price_index_pct_change,1.679,projected
2025q4,pce_medical_price_index_pct_change,2.103,projected
2026q1,pce_medical_price_index_pct_change,2.517,projected
2026q2,pce_medical_price_index_pct_change,2.493,projected
2026q3,pce_medical_price_index_pct_change,2.378,projected
2026q4,pce_medical_price_index_pct_change,2.309,projected
2027q1,pce_medical_price_index_pct_change,2.268,projected
2027q2,pce_medical_price_index_pct_change,2.256,projected
2027q3,pce_medical_price_index_pct_change,2.254,projected
2027q4,pce_medical_price_index_pct_change,2.246,projected
2028q1,pce_medical_price_index_pct_change,2.238,projected
2028q2,pce_medical_price_index_pct_change,2.232,projected
2028q3,pce_medical_price_index_pct_change,2.225,projected
2028q4,pce_medical_price_index_pct_change,2.22,projected
2029q1,pce_medical_price_index_pct_change,2.215,projected
2029q2,pce_medical_price_index_pct_change,2.21,projected
2029q3,pce_medical_price_index_pct_change,2.206,projected
2029q4,pce_medical_price_index_pct_change,2.202,projected
2030q1,pce_medical_price_index_pct_change,2.199,projected
2030q2,pce_medical_price_index_pct_change,2.196,projected
2030q3,pce_medical_price_index_pct_change,2.193,projected
2030q4,pce_medical_price_index_pct_change,2.19,projected
2031q1,pce_medical_price_index_pct_change,2.187,projected
2031q2,pce_medical_price_index_pct_change,2.185,projected
2031q3,pce_medical_price_index_pct_change,2.183,projected
2031q4,pce_medical_price_index_pct_change,2.181,projected
2032q1,pce_medical_price_index_pct_change,2.179,projected
2032q2,pce_medical_price_index_pct_change,2.177,projected
2032q3,pce_medical_price_index_pct_change,2.175,projected
2032q4,pce_medical_price_index_pct_change,2.174,projected
2033q1,pce_medical_price_index_pct_change,2.172,projected
2033q2,pce_medical_price_index_pct_change,2.171,projected
2033q3,pce_medical_price_index_pct_change,2.169,projected
2033q4,pce_medical_price_index_pct_change,2.168,projected
2034q1,pce_medical_price_index_pct_change,2.167,projected
2034q2,pce_medical_price_index_pct_change,2.166,projected
2034q3,pce_medical_price_index_pct_change,2.165,projected
2034q4,pce_medical_price_index_pct_change,2.164,projected
2035q1,pce_medical_price_index_pct_change,2.163,projected
2035q2,pce_medical_price_index_pct_change,2.163,projected
2035q3,pce_medical_price_index_pct_change,2.162,projected
2035q4,pce_medical_price_index_pct_change,2.161,projected
2036q1,pce_medical_price_index_pct_change,2.161,projected
2036q2,pce_medical_price_index_pct_change,2.16,projected
2036q3,pce_medical_price_index_pct_change,2.159,projected
2036q4,pce_medical_price_index_pct_change,2.159,projected
2023q1,pce_pct_change,8.556,actual
2023q2,pce_pct_change,4.534,actual
2023q3,pce_pct_change,5.874,actual
2023q4,pce_pct_change,4.914,actual
2024q1,pce_pct_change,5.382,actual
2024q2,pce_pct_change,6.581,actual
2024q3,pce_pct_change,5.721,actual
2024q4,pce_pct_change,6.512,actual
2025q1,pce_pct_change,4.064,actual
2025q2,pce_pct_change,4.65,actual
2025q3,pce_pct_change,5.798,projected
2025q4,pce_pct_change,4.189,projected
2026q1,pce_pct_change,4.386,projected
2026q2,pce_pct_change,5.104,projected
2026q3,pce_pct_change,4.608,projected
2026q4,pce_pct_change,4.289,projected
2027q1,pce_pct_change,3.93,projected
2027q2,pce_pct_change,3.744,projected
2027q3,pce_pct_change,3.915,projected
2027q4,pce_pct_change,3.84,projected
2028q1,pce_pct_change,3.935,projected
2028q2,pce_pct_change,3.794,projected
2028q3,pce_pct_change,3.761,projected
2028q4,pce_pct_change,3.699,projected
2029q1,pce_pct_change,3.837,projected
2029q2,pce_pct_change,3.885,projected
2029q3,pce_pct_change,3.939,projected
2029q4,pce_pct_change,3.967,projected
2030q1,pce_pct_change,4.132,projected
2030q2,pce_pct_change,4.069,projected
2030q3,pce_pct_change,4.071,projected
2030q4,pce_pct_change,3.985,projected
2031q1,pce_pct_change,4.028,projected
2031q2,pce_pct_change,3.867,projected
2031q3,pce_pct_change,3.84,projected
2031q4,pce_pct_change,3.788,projected
2032q1,pce_pct_change,3.866,projected
2032q2,pce_pct_change,3.905,projected
2032q3,pce_pct_change,3.808,projected
2032q4,pce_pct_change,3.793,projected
2033q1,pce_pct_change,3.921,projected
2033q2,pce_pct_change,4.152,projected
2033q3,pce_pct_change,4.021,projected
2033q4,pce_pct_change,3.972,projected
2034q1,pce_pct_change,3.953,projected
2034q2,pce_pct_change,3.95,projected
2034q3,pce_pct_change,3.946,projected
2034q4,pce_pct_change,3.879,projected
2035q1,pce_pct_change,4.065,projected
2035q2,pce_pct_change,4.028,projected
2035q3,pce_pct_change,4.03,projected
2035q4,pce_pct_change,4.043,projected
2036q1,pce_pct_change,4.111,projected
2036q2,pce_pct_change,4.012,projected
2036q3,pce_pct_change,3.999,projected
2036q4,pce_pct_change,3.941,projected
2023q1,pce_price_index,119.308,actual
2023q2,pce_price_index,120.19,actual
2023q3,pce_price_index,120.999,actual
2023q4,pce_price_index,121.546,actual
2024q1,pce_price_index,122.622,actual
2024q2,pce_price_index,123.409,actual
2024q3,pce_price_index,123.93,actual
2024q4,pce_price_index,124.703,actual
2025q1,pce_price_index,125.759,actual
2025q2,pce_price_index,126.424,actual
2025q3,pce_price_index,127.272,projected
2025q4,pce_price_index,128.171,projected
2026q1,pce_price_index,129.107,projected
2026q2,pce_price_index,129.995,projected
2026q3,pce_price_index,130.841,projected
2026q4,pce_price_index,131.636,projected
2027q1,pce_price_index,132.409,projected
2027q2,pce_price_index,133.168,projected
2027q3,pce_price_index,133.916,projected
2027q4,pce_price_index,134.654,projected
2028q1,pce_price_index,135.383,projected
2028q2,pce_price_index,136.106,projected
2028q3,pce_price_index,136.823,projected
2028q4,pce_price_index,137.536,projected
2029q1,pce_price_index,138.245,projected
2029q2,pce_price_index,138.953,projected
2029q3,pce_price_index,139.66,projected
2029q4,pce_price_index,140.366,projected
2030q1,pce_price_index,141.071,projected
2030q2,pce_price_index,141.777,projected
2030q3,pce_price_index,142.484,projected
2030q4,pce_price_index,143.191,projected
2031q1,pce_price_index,143.9,projected
2031q2,pce_price_index,144.611,projected
2031q3,pce_price_index,145.323,projected
2031q4,pce_price_index,146.038,projected
2032q1,pce_price_index,146.754,projected
2032q2,pce_price_index,147.473,projected
2032q3,pce_price_index,148.195,projected
2032q4,pce_price_index,148.92,projected
2033q1,pce_price_index,149.647,projected
2033q2,pce_price_index,150.377,projected
2033q3,pce_price_index,151.11,projected
2033q4,pce_price_index,151.846,projected
2034q1,pce_price_index,152.586,projected
2034q2,pce_price_index,153.329,projected
2034q3,pce_price_index,154.074,projected
2034q4,pce_price_index,154.824,projected
2035q1,pce_price_index,155.576,projected
2035q2,pce_price_index,156.333,projected
2035q3,pce_price_index,157.092,projected
2035q4,pce_price_index,157.855,projected
2036q1,pce_price_index,158.622,projected
2036q2,pce_price_index,159.392,projected
2036q3,pce_price_index,160.166,projected
2036q4,pce_price_index,160.944,projected
2023q1,pce_price_index_pct_change,3.886,actual
2023q2,pce_price_index_pct_change,2.99,actual
2023q3,pce_price_index_pct_change,2.719,actual
2023q4,pce_price_index_pct_change,1.82,actual
2024q1,pce_price_index_pct_change,3.588,actual
2024q2,pce_price_index_pct_change,2.592,actual
2024q3,pce_price_index_pct_change,1.699,actual
2024q4,pce_price_index_pct_change,2.518,actual
2025q1,pce_price_index_pct_change,3.43,actual
2025q2,pce_price_index_pct_change,2.131,actual
2025q3,pce_price_index_pct_change,2.712,projected
2025q4,pce_price_index_pct_change,2.853,projected
2026q1,pce_price_index_pct_change,2.953,projected
2026q2,pce_price_index_pct_change,2.78,projected
2026q3,pce_price_index_pct_change,2.629,projected
2026q4,pce_price_index_pct_change,2.45,projected
2027q1,pce_price_index_pct_change,2.37,projected
2027q2,pce_price_index_pct_change,2.312,projected
2027q3,pce_price_index_pct_change,2.264,projected
2027q4,pce_price_index_pct_change,2.221,projected
2028q1,pce_price_index_pct_change,2.184,projected
2028q2,pce_price_index_pct_change,2.152,projected
2028q3,pce_price_index_pct_change,2.124,projected
2028q4,pce_price_index_pct_change,2.1,projected
2029q1,pce_price_index_pct_change,2.079,projected
2029q2,pce_price_index_pct_change,2.064,projected
2029q3,pce_price_index_pct_change,2.049,projected
2029q4,pce_price_index_pct_change,2.037,projected
2030q1,pce_price_index_pct_change,2.026,projected
2030q2,pce_price_index_pct_change,2.016,projected
2030q3,pce_price_index_pct_change,2.008,projected
2030q4,pce_price_index_pct_change,2.001,projected
2031q1,pce_price_index_pct_change,1.994,projected
2031q2,pce_price_index_pct_change,1.989,projected
2031q3,pce_price_index_pct_change,1.985,projected
2031q4,pce_price_index_pct_change,1.981,projected
2032q1,pce_price_index_pct_change,1.977,projected
2032q2,pce_price_index_pct_change,1.974,projected
2032q3,pce_price_index_pct_change,1.971,projected
2032q4,pce_price_index_pct_change,1.969,projected
2033q1,pce_price_index_pct_change,1.967,projected
2033q2,pce_price_index_pct_change,1.966,projected
2033q3,pce_price_index_pct_change,1.964,projected
2033q4,pce_price_index_pct_change,1.963,projected
2034q1,pce_price_index_pct_change,1.962,projected
2034q2,pce_price_index_pct_change,1.961,projected
2034q3,pce_price_index_pct_change,1.96,projected
2034q4,pce_price_index_pct_change,1.959,projected
2035q1,pce_price_index_pct_change,1.958,projected
2035q2,pce_price_index_pct_change,1.958,projected
2035q3,pce_price_index_pct_change,1.957,projected
2035q4,pce_price_index_pct_change,1.957,projected
2036q1,pce_price_index_pct_change,1.956,projected
2036q2,pce_price_index_pct_change,1.956,projected
2036q3,pce_price_index_pct_change,1.956,projected
2036q4,pce_price_index_pct_change,1.955,projected
2023q1,personal_income,23108.7,actual
2023q2,personal_income,23461.5,actual
2023q3,personal_income,23735.3,actual
2023q4,personal_income,24034.6,actual
2024q1,personal_income,24478.7,actual
2024q2,personal_income,24800.8,actual
2024q3,personal_income,25021.7,actual
2024q4,personal_income,25322.4,actual
2025q1,personal_income,25717.7,actual
2025q2,personal_income,26067.1,actual
2025q3,personal_income,26252.5,projected
2025q4,personal_income,26502.1,projected
2026q1,personal_income,26892.7,projected
2026q2,personal_income,27236.2,projected
2026q3,personal_income,27544.4,projected
2026q4,personal_income,27835.2,projected
2027q1,personal_income,28153.1,projected
2027q2,personal_income,28433.1,projected
2027q3,personal_income,28713.3,projected
2027q4,personal_income,29007.0,projected
2028q1,personal_income,29352.9,projected
2028q2,personal_income,29654.5,projected
2028q3,personal_income,29946.6,projected
2028q4,personal_income,30227.2,projected
2029q1,personal_income,30556.6,projected
2029q2,personal_income,30855.7,projected
2029q3,personal_income,31148.7,projected
2029q4,personal_income,31450.7,projected
2030q1,personal_income,31796.9,projected
2030q2,personal_income,32108.2,projected
2030q3,personal_income,32414.6,projected
2030q4,personal_income,32730.5,projected
2031q1,personal_income,33106.6,projected
2031q2,personal_income,33437.2,projected
2031q3,personal_income,33763.6,projected
2031q4,personal_income,34100.8,projected
2032q1,personal_income,34497.3,projected
2032q2,personal_income,34840.3,projected
2032q3,personal_income,35178.1,projected
2032q4,personal_income,35519.7,projected
2033q1,personal_income,35929.3,projected
2033q2,personal_income,36279.0,projected
2033q3,personal_income,36629.3,projected
2033q4,personal_income,36981.6,projected
2034q1,personal_income,37408.7,projected
2034q2,personal_income,37773.6,projected
2034q3,personal_income,38130.4,projected
2034q4,personal_income,38493.4,projected
2035q1,personal_income,38931.8,projected
2035q2,personal_income,39306.9,projected
2035q3,personal_income,39675.4,projected
2035q4,personal_income,40046.2,projected
2036q1,personal_income,40496.3,projected
2036q2,personal_income,40880.6,projected
2036q3,personal_income,41259.9,projected
2036q4,personal_income,41669.6,projected
2023q1,personal_income_share_of_gdp,84.9,actual
2023q2,personal_income_share_of_gdp,85.2,actual
2023q3,personal_income_share_of_gdp,84.5,actual
2023q4,personal_income_share_of_gdp,84.6,actual
2024q1,personal_income_share_of_gdp,85.3,actual
2024q2,personal_income_share_of_gdp,85.1,actual
2024q3,personal_income_share_of_gdp,84.8,actual
2024q4,personal_income_share_of_gdp,84.9,actual
2025q1,personal_income_share_of_gdp,85.6,actual
2025q2,personal_income_share_of_gdp,85.5,actual
2025q3,personal_income_share_of_gdp,84.8,projected
2025q4,personal_income_share_of_gdp,84.6,projected
2026q1,personal_income_share_of_gdp,84.8,projected
2026q2,personal_income_share_of_gdp,84.9,projected
2026q3,personal_income_share_of_gdp,84.8,projected
2026q4,personal_income_share_of_gdp,84.8,projected
2027q1,personal_income_share_of_gdp,84.9,projected
2027q2,personal_income_share_of_gdp,84.9,projected
2027q3,personal_income_share_of_gdp,84.9,projected
2027q4,personal_income_share_of_gdp,84.9,projected
2028q1,personal_income_share_of_gdp,85.1,projected
2028q2,personal_income_share_of_gdp,85.1,projected
2028q3,personal_income_share_of_gdp,85.2,projected
2028q4,personal_income_share_of_gdp,85.1,projected
2029q1,personal_income_share_of_gdp,85.3,projected
2029q2,personal_income_share_of_gdp,85.3,projected
2029q3,personal_income_share_of_gdp,85.3,projected
2029q4,personal_income_share_of_gdp,85.3,projected
2030q1,personal_income_share_of_gdp,85.4,projected
2030q2,personal_income_share_of_gdp,85.5,projected
2030q3,personal_income_share_of_gdp,85.5,projected
2030q4,personal_income_share_of_gdp,85.5,projected
2031q1,personal_income_share_of_gdp,85.7,projected
2031q2,personal_income_share_of_gdp,85.8,projected
2031q3,personal_income_share_of_gdp,85.8,projected
2031q4,personal_income_share_of_gdp,85.9,projected
2032q1,personal_income_share_of_gdp,86.1,projected
2032q2,personal_income_share_of_gdp,86.1,projected
2032q3,personal_income_share_of_gdp,86.1,projected
2032q4,personal_income_share_of_gdp,86.2,projected
2033q1,personal_income_share_of_gdp,86.4,projected
2033q2,personal_income_share_of_gdp,86.4,projected
2033q3,personal_income_share_of_gdp,86.4,projected
2033q4,personal_income_share_of_gdp,86.5,projected
2034q1,personal_income_share_of_gdp,86.7,projected
2034q2,personal_income_share_of_gdp,86.7,projected
2034q3,personal_income_share_of_gdp,86.7,projected
2034q4,personal_income_share_of_gdp,86.7,projected
2035q1,personal_income_share_of_gdp,86.9,projected
2035q2,personal_income_share_of_gdp,86.9,projected
2035q3,personal_income_share_of_gdp,86.9,projected
2035q4,personal_income_share_of_gdp,86.9,projected
2036q1,personal_income_share_of_gdp,87.1,projected
2036q2,personal_income_share_of_gdp,87.1,projected
2036q3,personal_income_share_of_gdp,87.1,projected
2036q4,personal_income_share_of_gdp,87.2,projected
2023q1,population_civ_16yo,266.115,actual
2023q2,population_civ_16yo,266.62,actual
2023q3,population_civ_16yo,267.214,actual
2023q4,population_civ_16yo,267.818,actual
2024q1,population_civ_16yo,267.711,actual
2024q2,population_civ_16yo,268.25,actual
2024q3,population_civ_16yo,268.86,actual
2024q4,population_civ_16yo,269.463,actual
2025q1,population_civ_16yo,272.851,actual
2025q2,population_civ_16yo,273.389,actual
2025q3,population_civ_16yo,274.036,projected
2025q4,population_civ_16yo,274.675,projected
2026q1,population_civ_16yo,275.275,projected
2026q2,population_civ_16yo,275.895,projected
2026q3,population_civ_16yo,276.508,projected
2026q4,population_civ_16yo,277.129,projected
2027q1,population_civ_16yo,277.534,projected
2027q2,population_civ_16yo,277.936,projected
2027q3,population_civ_16yo,278.315,projected
2027q4,population_civ_16yo,278.689,projected
2028q1,population_civ_16yo,279.099,projected
2028q2,population_civ_16yo,279.507,projected
2028q3,population_civ_16yo,279.903,projected
2028q4,population_civ_16yo,280.299,projected
2029q1,population_civ_16yo,280.721,projected
2029q2,population_civ_16yo,281.142,projected
2029q3,population_civ_16yo,281.561,projected
2029q4,population_civ_16yo,281.978,projected
2030q1,population_civ_16yo,282.422,projected
2030q2,population_civ_16yo,282.865,projected
2030q3,population_civ_16yo,283.279,projected
2030q4,population_civ_16yo,283.688,projected
2031q1,population_civ_16yo,284.089,projected
2031q2,population_civ_16yo,284.487,projected
2031q3,population_civ_16yo,284.884,projected
2031q4,population_civ_16yo,285.273,projected
2032q1,population_civ_16yo,285.651,projected
2032q2,population_civ_16yo,286.023,projected
2032q3,population_civ_16yo,286.391,projected
2032q4,population_civ_16yo,286.752,projected
2033q1,population_civ_16yo,287.094,projected
2033q2,population_civ_16yo,287.43,projected
2033q3,population_civ_16yo,287.759,projected
2033q4,population_civ_16yo,288.082,projected
2034q1,population_civ_16yo,288.386,projected
2034q2,population_civ_16yo,288.683,projected
2034q3,population_civ_16yo,288.973,projected
2034q4,population_civ_16yo,289.258,projected
2035q1,population_civ_16yo,289.537,projected
2035q2,population_civ_16yo,289.809,projected
2035q3,population_civ_16yo,290.075,projected
2035q4,population_civ_16yo,290.336,projected
2036q1,population_civ_16yo,290.586,projected
2036q2,population_civ_16yo,290.829,projected
2036q3,population_civ_16yo,291.067,projected
2036q4,population_civ_16yo,291.301,projected
2023q1,population_civ_16yo_census,267.157,actual
2023q2,population_civ_16yo_census,268.128,actual
2023q3,population_civ_16yo_census,269.104,actual
2023q4,population_civ_16yo_census,270.075,actual
2024q1,population_civ_16yo_census,270.992,actual
2024q2,population_civ_16yo_census,271.906,actual
2024q3,population_civ_16yo_census,272.822,actual
2024q4,population_civ_16yo_census,273.735,actual
2025q1,population_civ_16yo_census,274.331,actual
2025q2,population_civ_16yo_census,274.933,actual
2025q3,population_civ_16yo_census,275.5,projected
2025q4,population_civ_16yo_census,276.077,projected
2026q1,population_civ_16yo_census,276.455,projected
2026q2,population_civ_16yo_census,276.832,projected
2026q3,population_civ_16yo_census,277.193,projected
2026q4,population_civ_16yo_census,277.557,projected
2027q1,population_civ_16yo_census,277.922,projected
2027q2,population_civ_16yo_census,278.287,projected
2027q3,population_civ_16yo_census,278.642,projected
2027q4,population_civ_16yo_census,278.999,projected
2028q1,population_civ_16yo_census,279.371,projected
2028q2,population_civ_16yo_census,279.745,projected
2028q3,population_civ_16yo_census,280.113,projected
2028q4,population_civ_16yo_census,280.483,projected
2029q1,population_civ_16yo_census,280.872,projected
2029q2,population_civ_16yo_census,281.262,projected
2029q3,population_civ_16yo_census,281.65,projected
2029q4,population_civ_16yo_census,282.038,projected
2030q1,population_civ_16yo_census,282.452,projected
2030q2,population_civ_16yo_census,282.866,projected
2030q3,population_civ_16yo_census,283.279,projected
2030q4,population_civ_16yo_census,283.688,projected
2031q1,population_civ_16yo_census,284.089,projected
2031q2,population_civ_16yo_census,284.488,projected
2031q3,population_civ_16yo_census,284.883,projected
2031q4,population_civ_16yo_census,285.273,projected
2032q1,population_civ_16yo_census,285.651,projected
2032q2,population_civ_16yo_census,286.023,projected
2032q3,population_civ_16yo_census,286.39,projected
2032q4,population_civ_16yo_census,286.752,projected
2033q1,population_civ_16yo_census,287.094,projected
2033q2,population_civ_16yo_census,287.43,projected
2033q3,population_civ_16yo_census,287.759,projected
2033q4,population_civ_16yo_census,288.082,projected
2034q1,population_civ_16yo_census,288.386,projected
2034q2,population_civ_16yo_census,288.683,projected
2034q3,population_civ_16yo_census,288.973,projected
2034q4,population_civ_16yo_census,289.258,projected
2035q1,population_civ_16yo_census,289.537,projected
2035q2,population_civ_16yo_census,289.809,projected
2035q3,population_civ_16yo_census,290.075,projected
2035q4,population_civ_16yo_census,290.336,projected
2036q1,population_civ_16yo_census,290.586,projected
2036q2,population_civ_16yo_census,290.829,projected
2036q3,population_civ_16yo_census,291.067,projected
2036q4,population_civ_16yo_census,291.301,projected
2023q1,population_civ_16yo_census_pct_change,1.466,actual
2023q2,population_civ_16yo_census_pct_change,1.461,actual
2023q3,population_civ_16yo_census_pct_change,1.463,actual
2023q4,population_civ_16yo_census_pct_change,1.45,actual
2024q1,population_civ_16yo_census_pct_change,1.365,actual
2024q2,population_civ_16yo_census_pct_change,1.355,actual
2024q3,population_civ_16yo_census_pct_change,1.354,actual
2024q4,population_civ_16yo_census_pct_change,1.344,actual
2025q1,population_civ_16yo_census_pct_change,0.874,actual
2025q2,population_civ_16yo_census_pct_change,0.879,actual
2025q3,population_civ_16yo_census_pct_change,0.827,projected
2025q4,population_civ_16yo_census_pct_change,0.841,projected
2026q1,population_civ_16yo_census_pct_change,0.547,projected
2026q2,population_civ_16yo_census_pct_change,0.546,projected
2026q3,population_civ_16yo_census_pct_change,0.522,projected
2026q4,population_civ_16yo_census_pct_change,0.527,projected
2027q1,population_civ_16yo_census_pct_change,0.526,projected
2027q2,population_civ_16yo_census_pct_change,0.525,projected
2027q3,population_civ_16yo_census_pct_change,0.51,projected
2027q4,population_civ_16yo_census_pct_change,0.514,projected
2028q1,population_civ_16yo_census_pct_change,0.534,projected
2028q2,population_civ_16yo_census_pct_change,0.535,projected
2028q3,population_civ_16yo_census_pct_change,0.528,projected
2028q4,population_civ_16yo_census_pct_change,0.529,projected
2029q1,population_civ_16yo_census_pct_change,0.555,projected
2029q2,population_civ_16yo_census_pct_change,0.555,projected
2029q3,population_civ_16yo_census_pct_change,0.554,projected
2029q4,population_civ_16yo_census_pct_change,0.551,projected
2030q1,population_civ_16yo_census_pct_change,0.588,projected
2030q2,population_civ_16yo_census_pct_change,0.587,projected
2030q3,population_civ_16yo_census_pct_change,0.584,projected
2030q4,population_civ_16yo_census_pct_change,0.578,projected
2031q1,population_civ_16yo_census_pct_change,0.567,projected
2031q2,population_civ_16yo_census_pct_change,0.562,projected
2031q3,population_civ_16yo_census_pct_change,0.557,projected
2031q4,population_civ_16yo_census_pct_change,0.548,projected
2032q1,population_civ_16yo_census_pct_change,0.53,projected
2032q2,population_civ_16yo_census_pct_change,0.522,projected
2032q3,population_civ_16yo_census_pct_change,0.514,projected
2032q4,population_civ_16yo_census_pct_change,0.505,projected
2033q1,population_civ_16yo_census_pct_change,0.477,projected
2033q2,population_civ_16yo_census_pct_change,0.469,projected
2033q3,population_civ_16yo_census_pct_change,0.458,projected
2033q4,population_civ_16yo_census_pct_change,0.45,projected
2034q1,population_civ_16yo_census_pct_change,0.422,projected
2034q2,population_civ_16yo_census_pct_change,0.413,projected
2034q3,population_civ_16yo_census_pct_change,0.402,projected
2034q4,population_civ_16yo_census_pct_change,0.394,projected
2035q1,population_civ_16yo_census_pct_change,0.386,projected
2035q2,population_civ_16yo_census_pct_change,0.376,projected
2035q3,population_civ_16yo_census_pct_change,0.367,projected
2035q4,population_civ_16yo_census_pct_change,0.359,projected
2036q1,population_civ_16yo_census_pct_change,0.344,projected
2036q2,population_civ_16yo_census_pct_change,0.335,projected
2036q3,population_civ_16yo_census_pct_change,0.328,projected
2036q4,population_civ_16yo_census_pct_change,0.321,projected
2023q1,population_civ_16yo_pct_change,2.162,actual
2023q2,population_civ_16yo_pct_change,0.761,actual
2023q3,population_civ_16yo_pct_change,0.893,actual
2023q4,population_civ_16yo_pct_change,0.907,actual
2024q1,population_civ_16yo_pct_change,-0.159,actual
2024q2,population_civ_16yo_pct_change,0.807,actual
2024q3,population_civ_16yo_pct_change,0.911,actual
2024q4,population_civ_16yo_pct_change,0.9,actual
2025q1,population_civ_16yo_pct_change,5.125,actual
2025q2,population_civ_16yo_pct_change,0.79,actual
2025q3,population_civ_16yo_pct_change,0.95,projected
2025q4,population_civ_16yo_pct_change,0.935,projected
2026q1,population_civ_16yo_pct_change,0.877,projected
2026q2,population_civ_16yo_pct_change,0.904,projected
2026q3,population_civ_16yo_pct_change,0.89,projected
2026q4,population_civ_16yo_pct_change,0.901,projected
2027q1,population_civ_16yo_pct_change,0.585,projected
2027q2,population_civ_16yo_pct_change,0.58,projected
2027q3,population_civ_16yo_pct_change,0.546,projected
2027q4,population_civ_16yo_pct_change,0.539,projected
2028q1,population_civ_16yo_pct_change,0.589,projected
2028q2,population_civ_16yo_pct_change,0.585,projected
2028q3,population_civ_16yo_pct_change,0.567,projected
2028q4,population_civ_16yo_pct_change,0.567,projected
2029q1,population_civ_16yo_pct_change,0.603,projected
2029q2,population_civ_16yo_pct_change,0.602,projected
2029q3,population_civ_16yo_pct_change,0.596,projected
2029q4,population_civ_16yo_pct_change,0.594,projected
2030q1,population_civ_16yo_pct_change,0.631,projected
2030q2,population_civ_16yo_pct_change,0.628,projected
2030q3,population_civ_16yo_pct_change,0.587,projected
2030q4,population_civ_16yo_pct_change,0.578,projected
2031q1,population_civ_16yo_pct_change,0.566,projected
2031q2,population_civ_16yo_pct_change,0.56,projected
2031q3,population_civ_16yo_pct_change,0.559,projected
2031q4,population_civ_16yo_pct_change,0.548,projected
2032q1,population_civ_16yo_pct_change,0.53,projected
2032q2,population_civ_16yo_pct_change,0.521,projected
2032q3,population_civ_16yo_pct_change,0.515,projected
2032q4,population_civ_16yo_pct_change,0.504,projected
2033q1,population_civ_16yo_pct_change,0.478,projected
2033q2,population_civ_16yo_pct_change,0.468,projected
2033q3,population_civ_16yo_pct_change,0.458,projected
2033q4,population_civ_16yo_pct_change,0.449,projected
2034q1,population_civ_16yo_pct_change,0.423,projected
2034q2,population_civ_16yo_pct_change,0.412,projected
2034q3,population_civ_16yo_pct_change,0.402,projected
2034q4,population_civ_16yo_pct_change,0.394,projected
2035q1,population_civ_16yo_pct_change,0.386,projected
2035q2,population_civ_16yo_pct_change,0.376,projected
2035q3,population_civ_16yo_pct_change,0.367,projected
2035q4,population_civ_16yo_pct_change,0.359,projected
2036q1,population_civ_16yo_pct_change,0.344,projected
2036q2,population_civ_16yo_pct_change,0.335,projected
2036q3,population_civ_16yo_pct_change,0.328,projected
2036q4,population_civ_16yo_pct_change,0.321,projected
2023q1,potential_gdp,26961.6,actual
2023q2,potential_gdp,27283.1,actual
2023q3,potential_gdp,27689.6,actual
2023q4,potential_gdp,27985.8,actual
2024q1,potential_gdp,28393.3,actual
2024q2,potential_gdp,28762.2,actual
2024q3,potential_gdp,29069.6,actual
2024q4,potential_gdp,29426.9,actual
2025q1,potential_gdp,29871.7,actual
2025q2,potential_gdp,30200.4,actual
2025q3,potential_gdp,30600.8,projected
2025q4,potential_gdp,31029.6,projected
2026q1,potential_gdp,31370.2,projected
2026q2,potential_gdp,31750.8,projected
2026q3,potential_gdp,32126.8,projected
2026q4,potential_gdp,32489.1,projected
2027q1,potential_gdp,32851.9,projected
2027q2,potential_gdp,33211.7,projected
2027q3,potential_gdp,33571.3,projected
2027q4,potential_gdp,33930.8,projected
2028q1,potential_gdp,34290.6,projected
2028q2,potential_gdp,34652.3,projected
2028q3,potential_gdp,35013.2,projected
2028q4,potential_gdp,35373.5,projected
2029q1,potential_gdp,35732.9,projected
2029q2,potential_gdp,36092.5,projected
2029q3,potential_gdp,36455.4,projected
2029q4,potential_gdp,36823.5,projected
2030q1,potential_gdp,37194.0,projected
2030q2,potential_gdp,37565.0,projected
2030q3,potential_gdp,37938.4,projected
2030q4,potential_gdp,38313.2,projected
2031q1,potential_gdp,38690.8,projected
2031q2,potential_gdp,39070.2,projected
2031q3,potential_gdp,39450.4,projected
2031q4,potential_gdp,39832.3,projected
2032q1,potential_gdp,40215.8,projected
2032q2,potential_gdp,40601.3,projected
2032q3,potential_gdp,40989.5,projected
2032q4,potential_gdp,41381.0,projected
2033q1,potential_gdp,41775.1,projected
2033q2,potential_gdp,42171.7,projected
2033q3,potential_gdp,42570.9,projected
2033q4,potential_gdp,42972.5,projected
2034q1,potential_gdp,43377.0,projected
2034q2,potential_gdp,43784.3,projected
2034q3,potential_gdp,44194.7,projected
2034q4,potential_gdp,44608.0,projected
2035q1,potential_gdp,45024.6,projected
2035q2,potential_gdp,45444.7,projected
2035q3,potential_gdp,45868.5,projected
2035q4,potential_gdp,46296.0,projected
2036q1,potential_gdp,46727.4,projected
2036q2,potential_gdp,47162.4,projected
2036q3,potential_gdp,47601.0,projected
2036q4,potential_gdp,48043.1,projected
2023q1,potential_gdp_pct_change,6.538,actual
2023q2,potential_gdp_pct_change,4.855,actual
2023q3,potential_gdp_pct_change,6.094,actual
2023q4,potential_gdp_pct_change,4.349,actual
2024q1,potential_gdp_pct_change,5.953,actual
2024q2,potential_gdp_pct_change,5.297,actual
2024q3,potential_gdp_pct_change,4.345,actual
2024q4,potential_gdp_pct_change,5.008,actual
2025q1,potential_gdp_pct_change,6.184,actual
2025q2,potential_gdp_pct_change,4.473,actual
2025q3,potential_gdp_pct_change,5.41,projected
2025q4,potential_gdp_pct_change,5.724,projected
2026q1,potential_gdp_pct_change,4.462,projected
2026q2,potential_gdp_pct_change,4.942,projected
2026q3,potential_gdp_pct_change,4.821,projected
2026q4,potential_gdp_pct_change,4.588,projected
2027q1,potential_gdp_pct_change,4.541,projected
2027q2,potential_gdp_pct_change,4.453,projected
2027q3,potential_gdp_pct_change,4.401,projected
2027q4,potential_gdp_pct_change,4.352,projected
2028q1,potential_gdp_pct_change,4.309,projected
2028q2,potential_gdp_pct_change,4.287,projected
2028q3,potential_gdp_pct_change,4.23,projected
2028q4,potential_gdp_pct_change,4.18,projected
2029q1,potential_gdp_pct_change,4.127,projected
2029q2,potential_gdp_pct_change,4.086,projected
2029q3,potential_gdp_pct_change,4.083,projected
2029q4,potential_gdp_pct_change,4.1,projected
2030q1,potential_gdp_pct_change,4.085,projected
2030q2,potential_gdp_pct_change,4.05,projected
2030q3,potential_gdp_pct_change,4.035,projected
2030q4,potential_gdp_pct_change,4.01,projected
2031q1,potential_gdp_pct_change,4.0,projected
2031q2,potential_gdp_pct_change,3.98,projected
2031q3,potential_gdp_pct_change,3.949,projected
2031q4,potential_gdp_pct_change,3.928,projected
2032q1,potential_gdp_pct_change,3.907,projected
2032q2,potential_gdp_pct_change,3.889,projected
2032q3,potential_gdp_pct_change,3.879,projected
2032q4,potential_gdp_pct_change,3.875,projected
2033q1,potential_gdp_pct_change,3.864,projected
2033q2,potential_gdp_pct_change,3.851,projected
2033q3,potential_gdp_pct_change,3.84,projected
2033q4,potential_gdp_pct_change,3.827,projected
2034q1,potential_gdp_pct_change,3.819,projected
2034q2,potential_gdp_pct_change,3.809,projected
2034q3,potential_gdp_pct_change,3.802,projected
2034q4,potential_gdp_pct_change,3.793,projected
2035q1,potential_gdp_pct_change,3.788,projected
2035q2,potential_gdp_pct_change,3.784,projected
2035q3,potential_gdp_pct_change,3.782,projected
2035q4,potential_gdp_pct_change,3.78,projected
2036q1,potential_gdp_pct_change,3.779,projected
2036q2,potential_gdp_pct_change,3.776,projected
2036q3,potential_gdp_pct_change,3.771,projected
2036q4,potential_gdp_pct_change,3.767,projected
2023q1,potential_lf,167.086,actual
2023q2,potential_lf,167.654,actual
2023q3,potential_lf,168.24,actual
2023q4,potential_lf,168.828,actual
2024q1,potential_lf,169.41,actual
2024q2,potential_lf,169.972,actual
2024q3,potential_lf,170.499,actual
2024q4,potential_lf,170.977,actual
2025q1,potential_lf,171.402,actual
2025q2,potential_lf,171.771,actual
2025q3,potential_lf,172.075,projected
2025q4,potential_lf,172.335,projected
2026q1,potential_lf,172.564,projected
2026q2,potential_lf,172.767,projected
2026q3,potential_lf,172.953,projected
2026q4,potential_lf,173.132,projected
2027q1,potential_lf,173.309,projected
2027q2,potential_lf,173.488,projected
2027q3,potential_lf,173.669,projected
2027q4,potential_lf,173.85,projected
2028q1,potential_lf,174.033,projected
2028q2,potential_lf,174.22,projected
2028q3,potential_lf,174.407,projected
2028q4,potential_lf,174.593,projected
2029q1,potential_lf,174.775,projected
2029q2,potential_lf,174.955,projected
2029q3,potential_lf,175.139,projected
2029q4,potential_lf,175.333,projected
2030q1,potential_lf,175.539,projected
2030q2,potential_lf,175.752,projected
2030q3,potential_lf,175.97,projected
2030q4,potential_lf,176.185,projected
2031q1,potential_lf,176.396,projected
2031q2,potential_lf,176.604,projected
2031q3,potential_lf,176.81,projected
2031q4,potential_lf,177.012,projected
2032q1,potential_lf,177.21,projected
2032q2,potential_lf,177.402,projected
2032q3,potential_lf,177.592,projected
2032q4,potential_lf,177.781,projected
2033q1,potential_lf,177.969,projected
2033q2,potential_lf,178.155,projected
2033q3,potential_lf,178.34,projected
2033q4,potential_lf,178.523,projected
2034q1,potential_lf,178.705,projected
2034q2,potential_lf,178.886,projected
2034q3,potential_lf,179.066,projected
2034q4,potential_lf,179.243,projected
2035q1,potential_lf,179.418,projected
2035q2,potential_lf,179.591,projected
2035q3,potential_lf,179.762,projected
2035q4,potential_lf,179.931,projected
2036q1,potential_lf,180.096,projected
2036q2,potential_lf,180.259,projected
2036q3,potential_lf,180.42,projected
2036q4,potential_lf,180.579,projected
2023q1,potential_lf_pct_change,1.283,actual
2023q2,potential_lf_pct_change,1.366,actual
2023q3,potential_lf_pct_change,1.406,actual
2023q4,potential_lf_pct_change,1.405,actual
2024q1,potential_lf_pct_change,1.385,actual
2024q2,potential_lf_pct_change,1.333,actual
2024q3,potential_lf_pct_change,1.246,actual
2024q4,potential_lf_pct_change,1.124,actual
2025q1,potential_lf_pct_change,0.999,actual
2025q2,potential_lf_pct_change,0.864,actual
2025q3,potential_lf_pct_change,0.709,projected
2025q4,potential_lf_pct_change,0.604,projected
2026q1,potential_lf_pct_change,0.532,projected
2026q2,potential_lf_pct_change,0.47,projected
2026q3,potential_lf_pct_change,0.433,projected
2026q4,potential_lf_pct_change,0.414,projected
2027q1,potential_lf_pct_change,0.409,projected
2027q2,potential_lf_pct_change,0.412,projected
2027q3,potential_lf_pct_change,0.416,projected
2027q4,potential_lf_pct_change,0.418,projected
2028q1,potential_lf_pct_change,0.422,projected
2028q2,potential_lf_pct_change,0.428,projected
2028q3,potential_lf_pct_change,0.43,projected
2028q4,potential_lf_pct_change,0.428,projected
2029q1,potential_lf_pct_change,0.417,projected
2029q2,potential_lf_pct_change,0.411,projected
2029q3,potential_lf_pct_change,0.42,projected
2029q4,potential_lf_pct_change,0.443,projected
2030q1,potential_lf_pct_change,0.47,projected
2030q2,potential_lf_pct_change,0.488,projected
2030q3,potential_lf_pct_change,0.495,projected
2030q4,potential_lf_pct_change,0.49,projected
2031q1,potential_lf_pct_change,0.479,projected
2031q2,potential_lf_pct_change,0.473,projected
2031q3,potential_lf_pct_change,0.466,projected
2031q4,potential_lf_pct_change,0.458,projected
2032q1,potential_lf_pct_change,0.446,projected
2032q2,potential_lf_pct_change,0.435,projected
2032q3,potential_lf_pct_change,0.429,projected
2032q4,potential_lf_pct_change,0.427,projected
2033q1,potential_lf_pct_change,0.423,projected
2033q2,potential_lf_pct_change,0.418,projected
2033q3,potential_lf_pct_change,0.415,projected
2033q4,potential_lf_pct_change,0.411,projected
2034q1,potential_lf_pct_change,0.407,projected
2034q2,potential_lf_pct_change,0.406,projected
2034q3,potential_lf_pct_change,0.402,projected
2034q4,potential_lf_pct_change,0.396,projected
2035q1,potential_lf_pct_change,0.39,projected
2035q2,potential_lf_pct_change,0.386,projected
2035q3,potential_lf_pct_change,0.382,projected
2035q4,potential_lf_pct_change,0.375,projected
2036q1,potential_lf_pct_change,0.367,projected
2036q2,potential_lf_pct_change,0.362,projected
2036q3,potential_lf_pct_change,0.358,projected
2036q4,potential_lf_pct_change,0.353,projected
2023q1,potential_lf_prod,133.041,actual
2023q2,potential_lf_prod,133.476,actual
2023q3,potential_lf_prod,133.9,actual
2023q4,potential_lf_prod,134.326,actual
2024q1,potential_lf_prod,134.755,actual
2024q2,potential_lf_prod,135.192,actual
2024q3,potential_lf_prod,135.641,actual
2024q4,potential_lf_prod,136.109,actual
2025q1,potential_lf_prod,136.606,actual
2025q2,potential_lf_prod,137.091,actual
2025q3,potential_lf_prod,137.614,projected
2025q4,potential_lf_prod,138.167,projected
2026q1,potential_lf_prod,138.76,projected
2026q2,potential_lf_prod,139.325,projected
2026q3,potential_lf_prod,139.924,projected
2026q4,potential_lf_prod,140.53,projected
2027q1,potential_lf_prod,141.138,projected
2027q2,potential_lf_prod,141.743,projected
2027q3,potential_lf_prod,142.343,projected
2027q4,potential_lf_prod,142.939,projected
2028q1,potential_lf_prod,143.532,projected
2028q2,potential_lf_prod,144.122,projected
2028q3,potential_lf_prod,144.71,projected
2028q4,potential_lf_prod,145.295,projected
2029q1,potential_lf_prod,145.875,projected
2029q2,potential_lf_prod,146.45,projected
2029q3,potential_lf_prod,147.028,projected
2029q4,potential_lf_prod,147.608,projected
2030q1,potential_lf_prod,148.181,projected
2030q2,potential_lf_prod,148.739,projected
2030q3,potential_lf_prod,149.294,projected
2030q4,potential_lf_prod,149.847,projected
2031q1,potential_lf_prod,150.402,projected
2031q2,potential_lf_prod,150.957,projected
2031q3,potential_lf_prod,151.504,projected
2031q4,potential_lf_prod,152.051,projected
2032q1,potential_lf_prod,152.599,projected
2032q2,potential_lf_prod,153.147,projected
2032q3,potential_lf_prod,153.693,projected
2032q4,potential_lf_prod,154.239,projected
2033q1,potential_lf_prod,154.785,projected
2033q2,potential_lf_prod,155.331,projected
2033q3,potential_lf_prod,155.876,projected
2033q4,potential_lf_prod,156.421,projected
2034q1,potential_lf_prod,156.967,projected
2034q2,potential_lf_prod,157.512,projected
2034q3,potential_lf_prod,158.057,projected
2034q4,potential_lf_prod,158.602,projected
2035q1,potential_lf_prod,159.149,projected
2035q2,potential_lf_prod,159.697,projected
2035q3,potential_lf_prod,160.247,projected
2035q4,potential_lf_prod,160.802,projected
2036q1,potential_lf_prod,161.36,projected
2036q2,potential_lf_prod,161.921,projected
2036q3,potential_lf_prod,162.483,projected
2036q4,potential_lf_prod,163.047,projected
2023q1,potential_lf_prod_pct_change,1.345,actual
2023q2,potential_lf_prod_pct_change,1.312,actual
2023q3,potential_lf_prod_pct_change,1.278,actual
2023q4,potential_lf_prod_pct_change,1.277,actual
2024q1,potential_lf_prod_pct_change,1.283,actual
2024q2,potential_lf_prod_pct_change,1.305,actual
2024q3,potential_lf_prod_pct_change,1.335,actual
2024q4,potential_lf_prod_pct_change,1.384,actual
2025q1,potential_lf_prod_pct_change,1.468,actual
2025q2,potential_lf_prod_pct_change,1.429,actual
2025q3,potential_lf_prod_pct_change,1.534,projected
2025q4,potential_lf_prod_pct_change,1.617,projected
2026q1,potential_lf_prod_pct_change,1.726,projected
2026q2,potential_lf_prod_pct_change,1.639,projected
2026q3,potential_lf_prod_pct_change,1.728,projected
2026q4,potential_lf_prod_pct_change,1.743,projected
2027q1,potential_lf_prod_pct_change,1.743,projected
2027q2,potential_lf_prod_pct_change,1.724,projected
2027q3,potential_lf_prod_pct_change,1.705,projected
2027q4,potential_lf_prod_pct_change,1.685,projected
2028q1,potential_lf_prod_pct_change,1.668,projected
2028q2,potential_lf_prod_pct_change,1.655,projected
2028q3,potential_lf_prod_pct_change,1.643,projected
2028q4,potential_lf_prod_pct_change,1.624,projected
2029q1,potential_lf_prod_pct_change,1.607,projected
2029q2,potential_lf_prod_pct_change,1.587,projected
2029q3,potential_lf_prod_pct_change,1.586,projected
2029q4,potential_lf_prod_pct_change,1.589,projected
2030q1,potential_lf_prod_pct_change,1.559,projected
2030q2,potential_lf_prod_pct_change,1.516,projected
2030q3,potential_lf_prod_pct_change,1.499,projected
2030q4,potential_lf_prod_pct_change,1.488,projected
2031q1,potential_lf_prod_pct_change,1.491,projected
2031q2,potential_lf_prod_pct_change,1.482,projected
2031q3,potential_lf_prod_pct_change,1.459,projected
2031q4,potential_lf_prod_pct_change,1.451,projected
2032q1,potential_lf_prod_pct_change,1.448,projected
2032q2,potential_lf_prod_pct_change,1.443,projected
2032q3,potential_lf_prod_pct_change,1.435,projected
2032q4,potential_lf_prod_pct_change,1.428,projected
2033q1,potential_lf_prod_pct_change,1.422,projected
2033q2,potential_lf_prod_pct_change,1.417,projected
2033q3,potential_lf_prod_pct_change,1.412,projected
2033q4,potential_lf_prod_pct_change,1.406,projected
2034q1,potential_lf_prod_pct_change,1.403,projected
2034q2,potential_lf_prod_pct_change,1.395,projected
2034q3,potential_lf_prod_pct_change,1.39,projected
2034q4,potential_lf_prod_pct_change,1.386,projected
2035q1,potential_lf_prod_pct_change,1.385,projected
2035q2,potential_lf_prod_pct_change,1.384,projected
2035q3,potential_lf_prod_pct_change,1.386,projected
2035q4,potential_lf_prod_pct_change,1.39,projected
2036q1,potential_lf_prod_pct_change,1.396,projected
2036q2,potential_lf_prod_pct_change,1.398,projected
2036q3,potential_lf_prod_pct_change,1.396,projected
2036q4,potential_lf_prod_pct_change,1.393,projected
2023q1,potential_lfpr,62.53,actual
2023q2,potential_lfpr,62.53,actual
2023q3,potential_lfpr,62.52,actual
2023q4,potential_lfpr,62.52,actual
2024q1,potential_lfpr,62.51,actual
2024q2,potential_lfpr,62.51,actual
2024q3,potential_lfpr,62.51,actual
2024q4,potential_lfpr,62.5,actual
2025q1,potential_lfpr,62.49,actual
2025q2,potential_lfpr,62.48,actual
2025q3,potential_lfpr,62.46,projected
2025q4,potential_lfpr,62.44,projected
2026q1,potential_lfpr,62.42,projected
2026q2,potential_lfpr,62.4,projected
2026q3,potential_lfpr,62.39,projected
2026q4,potential_lfpr,62.37,projected
2027q1,potential_lfpr,62.35,projected
2027q2,potential_lfpr,62.34,projected
2027q3,potential_lfpr,62.32,projected
2027q4,potential_lfpr,62.31,projected
2028q1,potential_lfpr,62.29,projected
2028q2,potential_lfpr,62.28,projected
2028q3,potential_lfpr,62.26,projected
2028q4,potential_lfpr,62.25,projected
2029q1,potential_lfpr,62.23,projected
2029q2,potential_lfpr,62.2,projected
2029q3,potential_lfpr,62.18,projected
2029q4,potential_lfpr,62.16,projected
2030q1,potential_lfpr,62.15,projected
2030q2,potential_lfpr,62.13,projected
2030q3,potential_lfpr,62.12,projected
2030q4,potential_lfpr,62.11,projected
2031q1,potential_lfpr,62.09,projected
2031q2,potential_lfpr,62.08,projected
2031q3,potential_lfpr,62.06,projected
2031q4,potential_lfpr,62.05,projected
2032q1,potential_lfpr,62.04,projected
2032q2,potential_lfpr,62.02,projected
2032q3,potential_lfpr,62.01,projected
2032q4,potential_lfpr,62.0,projected
2033q1,potential_lfpr,61.99,projected
2033q2,potential_lfpr,61.98,projected
2033q3,potential_lfpr,61.98,projected
2033q4,potential_lfpr,61.97,projected
2034q1,potential_lfpr,61.97,projected
2034q2,potential_lfpr,61.97,projected
2034q3,potential_lfpr,61.97,projected
2034q4,potential_lfpr,61.97,projected
2035q1,potential_lfpr,61.97,projected
2035q2,potential_lfpr,61.97,projected
2035q3,potential_lfpr,61.97,projected
2035q4,potential_lfpr,61.97,projected
2036q1,potential_lfpr,61.98,projected
2036q2,potential_lfpr,61.98,projected
2036q3,potential_lfpr,61.99,projected
2036q4,potential_lfpr,61.99,projected
2023q1,prop_inc_farm_adj,96.9,actual
2023q2,prop_inc_farm_adj,77.1,actual
2023q3,prop_inc_farm_adj,63.6,actual
2023q4,prop_inc_farm_adj,47.8,actual
2024q1,prop_inc_farm_adj,51.6,actual
2024q2,prop_inc_farm_adj,52.5,actual
2024q3,prop_inc_farm_adj,56.3,actual
2024q4,prop_inc_farm_adj,71.0,actual
2025q1,prop_inc_farm_adj,84.2,actual
2025q2,prop_inc_farm_adj,78.2,actual
2025q3,prop_inc_farm_adj,74.4,projected
2025q4,prop_inc_farm_adj,73.8,projected
2026q1,prop_inc_farm_adj,73.1,projected
2026q2,prop_inc_farm_adj,72.4,projected
2026q3,prop_inc_farm_adj,71.7,projected
2026q4,prop_inc_farm_adj,71.0,projected
2027q1,prop_inc_farm_adj,70.4,projected
2027q2,prop_inc_farm_adj,69.8,projected
2027q3,prop_inc_farm_adj,69.3,projected
2027q4,prop_inc_farm_adj,68.8,projected
2028q1,prop_inc_farm_adj,68.4,projected
2028q2,prop_inc_farm_adj,68.1,projected
2028q3,prop_inc_farm_adj,67.8,projected
2028q4,prop_inc_farm_adj,67.5,projected
2029q1,prop_inc_farm_adj,67.3,projected
2029q2,prop_inc_farm_adj,67.2,projected
2029q3,prop_inc_farm_adj,67.0,projected
2029q4,prop_inc_farm_adj,66.9,projected
2030q1,prop_inc_farm_adj,66.9,projected
2030q2,prop_inc_farm_adj,66.8,projected
2030q3,prop_inc_farm_adj,66.8,projected
2030q4,prop_inc_farm_adj,66.8,projected
2031q1,prop_inc_farm_adj,66.9,projected
2031q2,prop_inc_farm_adj,66.9,projected
2031q3,prop_inc_farm_adj,67.0,projected
2031q4,prop_inc_farm_adj,67.0,projected
2032q1,prop_inc_farm_adj,67.1,projected
2032q2,prop_inc_farm_adj,67.2,projected
2032q3,prop_inc_farm_adj,67.3,projected
2032q4,prop_inc_farm_adj,67.5,projected
2033q1,prop_inc_farm_adj,67.6,projected
2033q2,prop_inc_farm_adj,67.7,projected
2033q3,prop_inc_farm_adj,67.9,projected
2033q4,prop_inc_farm_adj,68.0,projected
2034q1,prop_inc_farm_adj,68.2,projected
2034q2,prop_inc_farm_adj,68.3,projected
2034q3,prop_inc_farm_adj,68.5,projected
2034q4,prop_inc_farm_adj,68.7,projected
2035q1,prop_inc_farm_adj,68.9,projected
2035q2,prop_inc_farm_adj,69.1,projected
2035q3,prop_inc_farm_adj,69.3,projected
2035q4,prop_inc_farm_adj,69.5,projected
2036q1,prop_inc_farm_adj,69.7,projected
2036q2,prop_inc_farm_adj,69.9,projected
2036q3,prop_inc_farm_adj,70.1,projected
2036q4,prop_inc_farm_adj,70.3,projected
2023q1,prop_inc_farm_adj_share_of_gdp,0.4,actual
2023q2,prop_inc_farm_adj_share_of_gdp,0.3,actual
2023q3,prop_inc_farm_adj_share_of_gdp,0.2,actual
2023q4,prop_inc_farm_adj_share_of_gdp,0.2,actual
2024q1,prop_inc_farm_adj_share_of_gdp,0.2,actual
2024q2,prop_inc_farm_adj_share_of_gdp,0.2,actual
2024q3,prop_inc_farm_adj_share_of_gdp,0.2,actual
2024q4,prop_inc_farm_adj_share_of_gdp,0.2,actual
2025q1,prop_inc_farm_adj_share_of_gdp,0.3,actual
2025q2,prop_inc_farm_adj_share_of_gdp,0.3,actual
2025q3,prop_inc_farm_adj_share_of_gdp,0.2,projected
2025q4,prop_inc_farm_adj_share_of_gdp,0.2,projected
2026q1,prop_inc_farm_adj_share_of_gdp,0.2,projected
2026q2,prop_inc_farm_adj_share_of_gdp,0.2,projected
2026q3,prop_inc_farm_adj_share_of_gdp,0.2,projected
2026q4,prop_inc_farm_adj_share_of_gdp,0.2,projected
2027q1,prop_inc_farm_adj_share_of_gdp,0.2,projected
2027q2,prop_inc_farm_adj_share_of_gdp,0.2,projected
2027q3,prop_inc_farm_adj_share_of_gdp,0.2,projected
2027q4,prop_inc_farm_adj_share_of_gdp,0.2,projected
2028q1,prop_inc_farm_adj_share_of_gdp,0.2,projected
2028q2,prop_inc_farm_adj_share_of_gdp,0.2,projected
2028q3,prop_inc_farm_adj_share_of_gdp,0.2,projected
2028q4,prop_inc_farm_adj_share_of_gdp,0.2,projected
2029q1,prop_inc_farm_adj_share_of_gdp,0.2,projected
2029q2,prop_inc_farm_adj_share_of_gdp,0.2,projected
2029q3,prop_inc_farm_adj_share_of_gdp,0.2,projected
2029q4,prop_inc_farm_adj_share_of_gdp,0.2,projected
2030q1,prop_inc_farm_adj_share_of_gdp,0.2,projected
2030q2,prop_inc_farm_adj_share_of_gdp,0.2,projected
2030q3,prop_inc_farm_adj_share_of_gdp,0.2,projected
2030q4,prop_inc_farm_adj_share_of_gdp,0.2,projected
2031q1,prop_inc_farm_adj_share_of_gdp,0.2,projected
2031q2,prop_inc_farm_adj_share_of_gdp,0.2,projected
2031q3,prop_inc_farm_adj_share_of_gdp,0.2,projected
2031q4,prop_inc_farm_adj_share_of_gdp,0.2,projected
2032q1,prop_inc_farm_adj_share_of_gdp,0.2,projected
2032q2,prop_inc_farm_adj_share_of_gdp,0.2,projected
2032q3,prop_inc_farm_adj_share_of_gdp,0.2,projected
2032q4,prop_inc_farm_adj_share_of_gdp,0.2,projected
2033q1,prop_inc_farm_adj_share_of_gdp,0.2,projected
2033q2,prop_inc_farm_adj_share_of_gdp,0.2,projected
2033q3,prop_inc_farm_adj_share_of_gdp,0.2,projected
2033q4,prop_inc_farm_adj_share_of_gdp,0.2,projected
2034q1,prop_inc_farm_adj_share_of_gdp,0.2,projected
2034q2,prop_inc_farm_adj_share_of_gdp,0.2,projected
2034q3,prop_inc_farm_adj_share_of_gdp,0.2,projected
2034q4,prop_inc_farm_adj_share_of_gdp,0.2,projected
2035q1,prop_inc_farm_adj_share_of_gdp,0.2,projected
2035q2,prop_inc_farm_adj_share_of_gdp,0.2,projected
2035q3,prop_inc_farm_adj_share_of_gdp,0.2,projected
2035q4,prop_inc_farm_adj_share_of_gdp,0.2,projected
2036q1,prop_inc_farm_adj_share_of_gdp,0.1,projected
2036q2,prop_inc_farm_adj_share_of_gdp,0.1,projected
2036q3,prop_inc_farm_adj_share_of_gdp,0.1,projected
2036q4,prop_inc_farm_adj_share_of_gdp,0.1,projected
2023q1,prop_inc_nonfarm_adj,1836.9,actual
2023q2,prop_inc_nonfarm_adj,1854.5,actual
2023q3,prop_inc_nonfarm_adj,1879.5,actual
2023q4,prop_inc_nonfarm_adj,1911.4,actual
2024q1,prop_inc_nonfarm_adj,1931.3,actual
2024q2,prop_inc_nonfarm_adj,1960.8,actual
2024q3,prop_inc_nonfarm_adj,1975.4,actual
2024q4,prop_inc_nonfarm_adj,1993.4,actual
2025q1,prop_inc_nonfarm_adj,2019.1,actual
2025q2,prop_inc_nonfarm_adj,2027.0,actual
2025q3,prop_inc_nonfarm_adj,2054.0,projected
2025q4,prop_inc_nonfarm_adj,2083.2,projected
2026q1,prop_inc_nonfarm_adj,2106.7,projected
2026q2,prop_inc_nonfarm_adj,2133.1,projected
2026q3,prop_inc_nonfarm_adj,2159.5,projected
2026q4,prop_inc_nonfarm_adj,2185.2,projected
2027q1,prop_inc_nonfarm_adj,2211.1,projected
2027q2,prop_inc_nonfarm_adj,2237.0,projected
2027q3,prop_inc_nonfarm_adj,2263.2,projected
2027q4,prop_inc_nonfarm_adj,2289.5,projected
2028q1,prop_inc_nonfarm_adj,2316.0,projected
2028q2,prop_inc_nonfarm_adj,2342.7,projected
2028q3,prop_inc_nonfarm_adj,2369.6,projected
2028q4,prop_inc_nonfarm_adj,2396.6,projected
2029q1,prop_inc_nonfarm_adj,2423.6,projected
2029q2,prop_inc_nonfarm_adj,2450.8,projected
2029q3,prop_inc_nonfarm_adj,2478.3,projected
2029q4,prop_inc_nonfarm_adj,2506.2,projected
2030q1,prop_inc_nonfarm_adj,2534.3,projected
2030q2,prop_inc_nonfarm_adj,2562.5,projected
2030q3,prop_inc_nonfarm_adj,2590.9,projected
2030q4,prop_inc_nonfarm_adj,2619.3,projected
2031q1,prop_inc_nonfarm_adj,2648.0,projected
2031q2,prop_inc_nonfarm_adj,2676.7,projected
2031q3,prop_inc_nonfarm_adj,2705.5,projected
2031q4,prop_inc_nonfarm_adj,2734.2,projected
2032q1,prop_inc_nonfarm_adj,2763.0,projected
2032q2,prop_inc_nonfarm_adj,2791.8,projected
2032q3,prop_inc_nonfarm_adj,2820.6,projected
2032q4,prop_inc_nonfarm_adj,2849.4,projected
2033q1,prop_inc_nonfarm_adj,2878.5,projected
2033q2,prop_inc_nonfarm_adj,2907.9,projected
2033q3,prop_inc_nonfarm_adj,2937.4,projected
2033q4,prop_inc_nonfarm_adj,2967.2,projected
2034q1,prop_inc_nonfarm_adj,2997.0,projected
2034q2,prop_inc_nonfarm_adj,3027.1,projected
2034q3,prop_inc_nonfarm_adj,3057.5,projected
2034q4,prop_inc_nonfarm_adj,3088.2,projected
2035q1,prop_inc_nonfarm_adj,3119.0,projected
2035q2,prop_inc_nonfarm_adj,3150.2,projected
2035q3,prop_inc_nonfarm_adj,3181.5,projected
2035q4,prop_inc_nonfarm_adj,3213.1,projected
2036q1,prop_inc_nonfarm_adj,3244.8,projected
2036q2,prop_inc_nonfarm_adj,3276.8,projected
2036q3,prop_inc_nonfarm_adj,3308.9,projected
2036q4,prop_inc_nonfarm_adj,3341.3,projected
2023q1,prop_inc_nonfarm_adj_share_of_gdp,6.7,actual
2023q2,prop_inc_nonfarm_adj_share_of_gdp,6.7,actual
2023q3,prop_inc_nonfarm_adj_share_of_gdp,6.7,actual
2023q4,prop_inc_nonfarm_adj_share_of_gdp,6.7,actual
2024q1,prop_inc_nonfarm_adj_share_of_gdp,6.7,actual
2024q2,prop_inc_nonfarm_adj_share_of_gdp,6.7,actual
2024q3,prop_inc_nonfarm_adj_share_of_gdp,6.7,actual
2024q4,prop_inc_nonfarm_adj_share_of_gdp,6.7,actual
2025q1,prop_inc_nonfarm_adj_share_of_gdp,6.7,actual
2025q2,prop_inc_nonfarm_adj_share_of_gdp,6.6,actual
2025q3,prop_inc_nonfarm_adj_share_of_gdp,6.6,projected
2025q4,prop_inc_nonfarm_adj_share_of_gdp,6.7,projected
2026q1,prop_inc_nonfarm_adj_share_of_gdp,6.6,projected
2026q2,prop_inc_nonfarm_adj_share_of_gdp,6.6,projected
2026q3,prop_inc_nonfarm_adj_share_of_gdp,6.7,projected
2026q4,prop_inc_nonfarm_adj_share_of_gdp,6.7,projected
2027q1,prop_inc_nonfarm_adj_share_of_gdp,6.7,projected
2027q2,prop_inc_nonfarm_adj_share_of_gdp,6.7,projected
2027q3,prop_inc_nonfarm_adj_share_of_gdp,6.7,projected
2027q4,prop_inc_nonfarm_adj_share_of_gdp,6.7,projected
2028q1,prop_inc_nonfarm_adj_share_of_gdp,6.7,projected
2028q2,prop_inc_nonfarm_adj_share_of_gdp,6.7,projected
2028q3,prop_inc_nonfarm_adj_share_of_gdp,6.7,projected
2028q4,prop_inc_nonfarm_adj_share_of_gdp,6.8,projected
2029q1,prop_inc_nonfarm_adj_share_of_gdp,6.8,projected
2029q2,prop_inc_nonfarm_adj_share_of_gdp,6.8,projected
2029q3,prop_inc_nonfarm_adj_share_of_gdp,6.8,projected
2029q4,prop_inc_nonfarm_adj_share_of_gdp,6.8,projected
2030q1,prop_inc_nonfarm_adj_share_of_gdp,6.8,projected
2030q2,prop_inc_nonfarm_adj_share_of_gdp,6.8,projected
2030q3,prop_inc_nonfarm_adj_share_of_gdp,6.8,projected
2030q4,prop_inc_nonfarm_adj_share_of_gdp,6.8,projected
2031q1,prop_inc_nonfarm_adj_share_of_gdp,6.9,projected
2031q2,prop_inc_nonfarm_adj_share_of_gdp,6.9,projected
2031q3,prop_inc_nonfarm_adj_share_of_gdp,6.9,projected
2031q4,prop_inc_nonfarm_adj_share_of_gdp,6.9,projected
2032q1,prop_inc_nonfarm_adj_share_of_gdp,6.9,projected
2032q2,prop_inc_nonfarm_adj_share_of_gdp,6.9,projected
2032q3,prop_inc_nonfarm_adj_share_of_gdp,6.9,projected
2032q4,prop_inc_nonfarm_adj_share_of_gdp,6.9,projected
2033q1,prop_inc_nonfarm_adj_share_of_gdp,6.9,projected
2033q2,prop_inc_nonfarm_adj_share_of_gdp,6.9,projected
2033q3,prop_inc_nonfarm_adj_share_of_gdp,6.9,projected
2033q4,prop_inc_nonfarm_adj_share_of_gdp,6.9,projected
2034q1,prop_inc_nonfarm_adj_share_of_gdp,6.9,projected
2034q2,prop_inc_nonfarm_adj_share_of_gdp,6.9,projected
2034q3,prop_inc_nonfarm_adj_share_of_gdp,7.0,projected
2034q4,prop_inc_nonfarm_adj_share_of_gdp,7.0,projected
2035q1,prop_inc_nonfarm_adj_share_of_gdp,7.0,projected
2035q2,prop_inc_nonfarm_adj_share_of_gdp,7.0,projected
2035q3,prop_inc_nonfarm_adj_share_of_gdp,7.0,projected
2035q4,prop_inc_nonfarm_adj_share_of_gdp,7.0,projected
2036q1,prop_inc_nonfarm_adj_share_of_gdp,7.0,projected
2036q2,prop_inc_nonfarm_adj_share_of_gdp,7.0,projected
2036q3,prop_inc_nonfarm_adj_share_of_gdp,7.0,projected
2036q4,prop_inc_nonfarm_adj_share_of_gdp,7.0,projected
2023q1,real_change_pri_invest,43.5,actual
2023q2,real_change_pri_invest,17.0,actual
2023q3,real_change_pri_invest,67.5,actual
2023q4,real_change_pri_invest,61.9,actual
2024q1,real_change_pri_invest,12.4,actual
2024q2,real_change_pri_invest,75.1,actual
2024q3,real_change_pri_invest,69.4,actual
2024q4,real_change_pri_invest,17.1,actual
2025q1,real_change_pri_invest,172.0,actual
2025q2,real_change_pri_invest,-18.3,actual
2025q3,real_change_pri_invest,-6.0,projected
2025q4,real_change_pri_invest,34.9,projected
2026q1,real_change_pri_invest,43.6,projected
2026q2,real_change_pri_invest,54.5,projected
2026q3,real_change_pri_invest,53.9,projected
2026q4,real_change_pri_invest,51.3,projected
2027q1,real_change_pri_invest,48.0,projected
2027q2,real_change_pri_invest,48.8,projected
2027q3,real_change_pri_invest,45.3,projected
2027q4,real_change_pri_invest,44.5,projected
2028q1,real_change_pri_invest,44.0,projected
2028q2,real_change_pri_invest,45.4,projected
2028q3,real_change_pri_invest,46.1,projected
2028q4,real_change_pri_invest,46.8,projected
2029q1,real_change_pri_invest,46.8,projected
2029q2,real_change_pri_invest,47.0,projected
2029q3,real_change_pri_invest,47.9,projected
2029q4,real_change_pri_invest,49.3,projected
2030q1,real_change_pri_invest,50.0,projected
2030q2,real_change_pri_invest,50.6,projected
2030q3,real_change_pri_invest,51.7,projected
2030q4,real_change_pri_invest,52.6,projected
2031q1,real_change_pri_invest,52.9,projected
2031q2,real_change_pri_invest,53.6,projected
2031q3,real_change_pri_invest,54.1,projected
2031q4,real_change_pri_invest,54.8,projected
2032q1,real_change_pri_invest,55.7,projected
2032q2,real_change_pri_invest,56.5,projected
2032q3,real_change_pri_invest,57.1,projected
2032q4,real_change_pri_invest,58.2,projected
2033q1,real_change_pri_invest,58.6,projected
2033q2,real_change_pri_invest,59.0,projected
2033q3,real_change_pri_invest,59.6,projected
2033q4,real_change_pri_invest,60.5,projected
2034q1,real_change_pri_invest,61.1,projected
2034q2,real_change_pri_invest,61.7,projected
2034q3,real_change_pri_invest,62.3,projected
2034q4,real_change_pri_invest,63.1,projected
2035q1,real_change_pri_invest,63.5,projected
2035q2,real_change_pri_invest,64.0,projected
2035q3,real_change_pri_invest,64.4,projected
2035q4,real_change_pri_invest,65.0,projected
2036q1,real_change_pri_invest,65.3,projected
2036q2,real_change_pri_invest,65.6,projected
2036q3,real_change_pri_invest,65.8,projected
2036q4,real_change_pri_invest,66.0,projected
2023q1,real_exports,2543.5,actual
2023q2,real_exports,2509.3,actual
2023q3,real_exports,2536.7,actual
2023q4,real_exports,2574.6,actual
2024q1,real_exports,2603.6,actual
2024q2,real_exports,2608.0,actual
2024q3,real_exports,2664.3,actual
2024q4,real_exports,2658.5,actual
2025q1,real_exports,2659.5,actual
2025q2,real_exports,2647.3,actual
2025q3,real_exports,2672.9,projected
2025q4,real_exports,2670.0,projected
2026q1,real_exports,2666.5,projected
2026q2,real_exports,2684.8,projected
2026q3,real_exports,2706.3,projected
2026q4,real_exports,2723.8,projected
2027q1,real_exports,2738.8,projected
2027q2,real_exports,2753.4,projected
2027q3,real_exports,2765.5,projected
2027q4,real_exports,2778.8,projected
2028q1,real_exports,2794.2,projected
2028q2,real_exports,2809.8,projected
2028q3,real_exports,2825.6,projected
2028q4,real_exports,2841.7,projected
2029q1,real_exports,2858.4,projected
2029q2,real_exports,2874.9,projected
2029q3,real_exports,2891.1,projected
2029q4,real_exports,2907.4,projected
2030q1,real_exports,2924.1,projected
2030q2,real_exports,2942.4,projected
2030q3,real_exports,2960.4,projected
2030q4,real_exports,2977.9,projected
2031q1,real_exports,2995.6,projected
2031q2,real_exports,3013.4,projected
2031q3,real_exports,3030.5,projected
2031q4,real_exports,3047.4,projected
2032q1,real_exports,3064.8,projected
2032q2,real_exports,3082.1,projected
2032q3,real_exports,3099.2,projected
2032q4,real_exports,3116.3,projected
2033q1,real_exports,3132.7,projected
2033q2,real_exports,3148.2,projected
2033q3,real_exports,3164.0,projected
2033q4,real_exports,3180.5,projected
2034q1,real_exports,3197.1,projected
2034q2,real_exports,3213.7,projected
2034q3,real_exports,3229.6,projected
2034q4,real_exports,3245.4,projected
2035q1,real_exports,3260.6,projected
2035q2,real_exports,3275.8,projected
2035q3,real_exports,3290.7,projected
2035q4,real_exports,3305.8,projected
2036q1,real_exports,3321.0,projected
2036q2,real_exports,3336.2,projected
2036q3,real_exports,3351.6,projected
2036q4,real_exports,3367.1,projected
2023q1,real_exports_pct_change,3.766,actual
2023q2,real_exports_pct_change,-5.27,actual
2023q3,real_exports_pct_change,4.439,actual
2023q4,real_exports_pct_change,6.111,actual
2024q1,real_exports_pct_change,4.582,actual
2024q2,real_exports_pct_change,0.677,actual
2024q3,real_exports_pct_change,8.918,actual
2024q4,real_exports_pct_change,-0.867,actual
2025q1,real_exports_pct_change,0.15,actual
2025q2,real_exports_pct_change,-1.822,actual
2025q3,real_exports_pct_change,3.929,projected
2025q4,real_exports_pct_change,-0.445,projected
2026q1,real_exports_pct_change,-0.511,projected
2026q2,real_exports_pct_change,2.766,projected
2026q3,real_exports_pct_change,3.243,projected
2026q4,real_exports_pct_change,2.615,projected
2027q1,real_exports_pct_change,2.221,projected
2027q2,real_exports_pct_change,2.139,projected
2027q3,real_exports_pct_change,1.782,projected
2027q4,real_exports_pct_change,1.924,projected
2028q1,real_exports_pct_change,2.245,projected
2028q2,real_exports_pct_change,2.254,projected
2028q3,real_exports_pct_change,2.263,projected
2028q4,real_exports_pct_change,2.29,projected
2029q1,real_exports_pct_change,2.373,projected
2029q2,real_exports_pct_change,2.339,projected
2029q3,real_exports_pct_change,2.259,projected
2029q4,real_exports_pct_change,2.283,projected
2030q1,real_exports_pct_change,2.308,projected
2030q2,real_exports_pct_change,2.538,projected
2030q3,real_exports_pct_change,2.458,projected
2030q4,real_exports_pct_change,2.386,projected
2031q1,real_exports_pct_change,2.408,projected
2031q2,real_exports_pct_change,2.387,projected
2031q3,real_exports_pct_change,2.291,projected
2031q4,real_exports_pct_change,2.25,projected
2032q1,real_exports_pct_change,2.305,projected
2032q2,real_exports_pct_change,2.273,projected
2032q3,real_exports_pct_change,2.238,projected
2032q4,real_exports_pct_change,2.231,projected
2033q1,real_exports_pct_change,2.124,projected
2033q2,real_exports_pct_change,1.983,projected
2033q3,real_exports_pct_change,2.028,projected
2033q4,real_exports_pct_change,2.106,projected
2034q1,real_exports_pct_change,2.103,projected
2034q2,real_exports_pct_change,2.087,projected
2034q3,real_exports_pct_change,2.0,projected
2034q4,real_exports_pct_change,1.971,projected
2035q1,real_exports_pct_change,1.881,projected
2035q2,real_exports_pct_change,1.874,projected
2035q3,real_exports_pct_change,1.838,projected
2035q4,real_exports_pct_change,1.839,projected
2036q1,real_exports_pct_change,1.852,projected
2036q2,real_exports_pct_change,1.847,projected
2036q3,real_exports_pct_change,1.86,projected
2036q4,real_exports_pct_change,1.858,projected
2023q1,real_federal_government_c_gi,1456.3,actual
2023q2,real_federal_government_c_gi,1456.1,actual
2023q3,real_federal_government_c_gi,1480.3,actual
2023q4,real_federal_government_c_gi,1492.8,actual
2024q1,real_federal_government_c_gi,1495.8,actual
2024q2,real_federal_government_c_gi,1511.5,actual
2024q3,real_federal_government_c_gi,1542.9,actual
2024q4,real_federal_government_c_gi,1559.5,actual
2025q1,real_federal_government_c_gi,1537.2,actual
2025q2,real_federal_government_c_gi,1516.6,actual
2025q3,real_federal_government_c_gi,1518.3,projected
2025q4,real_federal_government_c_gi,1464.2,projected
2026q1,real_federal_government_c_gi,1565.9,projected
2026q2,real_federal_government_c_gi,1548.6,projected
2026q3,real_federal_government_c_gi,1547.9,projected
2026q4,real_federal_government_c_gi,1549.5,projected
2027q1,real_federal_government_c_gi,1550.7,projected
2027q2,real_federal_government_c_gi,1552.8,projected
2027q3,real_federal_government_c_gi,1554.4,projected
2027q4,real_federal_government_c_gi,1551.6,projected
2028q1,real_federal_government_c_gi,1546.5,projected
2028q2,real_federal_government_c_gi,1543.5,projected
2028q3,real_federal_government_c_gi,1541.4,projected
2028q4,real_federal_government_c_gi,1541.1,projected
2029q1,real_federal_government_c_gi,1540.8,projected
2029q2,real_federal_government_c_gi,1540.1,projected
2029q3,real_federal_government_c_gi,1539.1,projected
2029q4,real_federal_government_c_gi,1536.3,projected
2030q1,real_federal_government_c_gi,1533.0,projected
2030q2,real_federal_government_c_gi,1529.8,projected
2030q3,real_federal_government_c_gi,1526.9,projected
2030q4,real_federal_government_c_gi,1524.3,projected
2031q1,real_federal_government_c_gi,1521.9,projected
2031q2,real_federal_government_c_gi,1519.9,projected
2031q3,real_federal_government_c_gi,1518.2,projected
2031q4,real_federal_government_c_gi,1516.5,projected
2032q1,real_federal_government_c_gi,1518.2,projected
2032q2,real_federal_government_c_gi,1514.6,projected
2032q3,real_federal_government_c_gi,1513.6,projected
2032q4,real_federal_government_c_gi,1513.1,projected
2033q1,real_federal_government_c_gi,1513.0,projected
2033q2,real_federal_government_c_gi,1513.0,projected
2033q3,real_federal_government_c_gi,1512.7,projected
2033q4,real_federal_government_c_gi,1511.8,projected
2034q1,real_federal_government_c_gi,1510.8,projected
2034q2,real_federal_government_c_gi,1509.8,projected
2034q3,real_federal_government_c_gi,1509.1,projected
2034q4,real_federal_government_c_gi,1509.2,projected
2035q1,real_federal_government_c_gi,1509.6,projected
2035q2,real_federal_government_c_gi,1510.2,projected
2035q3,real_federal_government_c_gi,1510.9,projected
2035q4,real_federal_government_c_gi,1511.9,projected
2036q1,real_federal_government_c_gi,1512.6,projected
2036q2,real_federal_government_c_gi,1513.2,projected
2036q3,real_federal_government_c_gi,1513.8,projected
2036q4,real_federal_government_c_gi,1514.6,projected
2023q1,real_federal_government_c_gi_pct_change,4.149,actual
2023q2,real_federal_government_c_gi_pct_change,-0.054,actual
2023q3,real_federal_government_c_gi_pct_change,6.826,actual
2023q4,real_federal_government_c_gi_pct_change,3.397,actual
2024q1,real_federal_government_c_gi_pct_change,0.811,actual
2024q2,real_federal_government_c_gi_pct_change,4.26,actual
2024q3,real_federal_government_c_gi_pct_change,8.593,actual
2024q4,real_federal_government_c_gi_pct_change,4.357,actual
2025q1,real_federal_government_c_gi_pct_change,-5.589,actual
2025q2,real_federal_government_c_gi_pct_change,-5.257,actual
2025q3,real_federal_government_c_gi_pct_change,0.437,projected
2025q4,real_federal_government_c_gi_pct_change,-13.501,projected
2026q1,real_federal_government_c_gi_pct_change,30.806,projected
2026q2,real_federal_government_c_gi_pct_change,-4.342,projected
2026q3,real_federal_government_c_gi_pct_change,-0.18,projected
2026q4,real_federal_government_c_gi_pct_change,0.412,projected
2027q1,real_federal_government_c_gi_pct_change,0.307,projected
2027q2,real_federal_government_c_gi_pct_change,0.543,projected
2027q3,real_federal_government_c_gi_pct_change,0.429,projected
2027q4,real_federal_government_c_gi_pct_change,-0.724,projected
2028q1,real_federal_government_c_gi_pct_change,-1.302,projected
2028q2,real_federal_government_c_gi_pct_change,-0.789,projected
2028q3,real_federal_government_c_gi_pct_change,-0.534,projected
2028q4,real_federal_government_c_gi_pct_change,-0.067,projected
2029q1,real_federal_government_c_gi_pct_change,-0.089,projected
2029q2,real_federal_government_c_gi_pct_change,-0.175,projected
2029q3,real_federal_government_c_gi_pct_change,-0.275,projected
2029q4,real_federal_government_c_gi_pct_change,-0.726,projected
2030q1,real_federal_government_c_gi_pct_change,-0.837,projected
2030q2,real_federal_government_c_gi_pct_change,-0.837,projected
2030q3,real_federal_government_c_gi_pct_change,-0.753,projected
2030q4,real_federal_government_c_gi_pct_change,-0.694,projected
2031q1,real_federal_government_c_gi_pct_change,-0.612,projected
2031q2,real_federal_government_c_gi_pct_change,-0.531,projected
2031q3,real_federal_government_c_gi_pct_change,-0.451,projected
2031q4,real_federal_government_c_gi_pct_change,-0.44,projected
2032q1,real_federal_government_c_gi_pct_change,0.445,projected
2032q2,real_federal_government_c_gi_pct_change,-0.948,projected
2032q3,real_federal_government_c_gi_pct_change,-0.26,projected
2032q4,real_federal_government_c_gi_pct_change,-0.138,projected
2033q1,real_federal_government_c_gi_pct_change,-0.023,projected
2033q2,real_federal_government_c_gi_pct_change,0.014,projected
2033q3,real_federal_government_c_gi_pct_change,-0.1,projected
2033q4,real_federal_government_c_gi_pct_change,-0.23,projected
2034q1,real_federal_government_c_gi_pct_change,-0.272,projected
2034q2,real_federal_government_c_gi_pct_change,-0.24,projected
2034q3,real_federal_government_c_gi_pct_change,-0.207,projected
2034q4,real_federal_government_c_gi_pct_change,0.044,projected
2035q1,real_federal_government_c_gi_pct_change,0.089,projected
2035q2,real_federal_government_c_gi_pct_change,0.168,projected
2035q3,real_federal_government_c_gi_pct_change,0.175,projected
2035q4,real_federal_government_c_gi_pct_change,0.27,projected
2036q1,real_federal_government_c_gi_pct_change,0.177,projected
2036q2,real_federal_government_c_gi_pct_change,0.173,projected
2036q3,real_federal_government_c_gi_pct_change,0.167,projected
2036q4,real_federal_government_c_gi_pct_change,0.206,projected
2023q1,real_gdp,22439.6,actual
2023q2,real_gdp,22580.5,actual
2023q3,real_gdp,22841.0,actual
2023q4,real_gdp,23033.8,actual
2024q1,real_gdp,23082.1,actual
2024q2,real_gdp,23286.5,actual
2024q3,real_gdp,23478.6,actual
2024q4,real_gdp,23586.5,actual
2025q1,real_gdp,23548.2,actual
2025q2,real_gdp,23771.0,actual
2025q3,real_gdp,23964.5,projected
2025q4,real_gdp,24037.6,projected
2026q1,real_gdp,24212.4,projected
2026q2,real_gdp,24331.8,projected
2026q3,real_gdp,24457.7,projected
2026q4,real_gdp,24573.2,projected
2027q1,real_gdp,24680.6,projected
2027q2,real_gdp,24790.0,projected
2027q3,real_gdp,24903.5,projected
2027q4,real_gdp,25016.9,projected
2028q1,real_gdp,25131.6,projected
2028q2,real_gdp,25242.6,projected
2028q3,real_gdp,25350.7,projected
2028q4,real_gdp,25460.4,projected
2029q1,real_gdp,25572.2,projected
2029q2,real_gdp,25683.0,projected
2029q3,real_gdp,25795.4,projected
2029q4,real_gdp,25910.2,projected
2030q1,real_gdp,26026.0,projected
2030q2,real_gdp,26141.3,projected
2030q3,real_gdp,26257.1,projected
2030q4,real_gdp,26373.0,projected
2031q1,real_gdp,26489.7,projected
2031q2,real_gdp,26606.5,projected
2031q3,real_gdp,26722.9,projected
2031q4,real_gdp,26839.6,projected
2032q1,real_gdp,26956.8,projected
2032q2,real_gdp,27074.5,projected
2032q3,real_gdp,27192.7,projected
2032q4,real_gdp,27311.9,projected
2033q1,real_gdp,27431.9,projected
2033q2,real_gdp,27552.6,projected
2033q3,real_gdp,27674.1,projected
2033q4,real_gdp,27796.2,projected
2034q1,real_gdp,27917.3,projected
2034q2,real_gdp,28040.0,projected
2034q3,real_gdp,28163.7,projected
2034q4,real_gdp,28287.8,projected
2035q1,real_gdp,28412.4,projected
2035q2,real_gdp,28537.4,projected
2035q3,real_gdp,28662.9,projected
2035q4,real_gdp,28788.9,projected
2036q1,real_gdp,28915.3,projected
2036q2,real_gdp,29042.0,projected
2036q3,real_gdp,29168.9,projected
2036q4,real_gdp,29295.8,projected
2023q1,real_gdp_nfb,17216.9,actual
2023q2,real_gdp_nfb,17342.0,actual
2023q3,real_gdp_nfb,17574.4,actual
2023q4,real_gdp_nfb,17734.3,actual
2024q1,real_gdp_nfb,17743.3,actual
2024q2,real_gdp_nfb,17917.4,actual
2024q3,real_gdp_nfb,18087.9,actual
2024q4,real_gdp_nfb,18165.3,actual
2025q1,real_gdp_nfb,18124.4,actual
2025q2,real_gdp_nfb,18354.8,actual
2025q3,real_gdp_nfb,18543.2,projected
2025q4,real_gdp_nfb,18641.9,projected
2026q1,real_gdp_nfb,18763.7,projected
2026q2,real_gdp_nfb,18868.0,projected
2026q3,real_gdp_nfb,18979.4,projected
2026q4,real_gdp_nfb,19080.5,projected
2027q1,real_gdp_nfb,19173.5,projected
2027q2,real_gdp_nfb,19268.7,projected
2027q3,real_gdp_nfb,19368.4,projected
2027q4,real_gdp_nfb,19468.0,projected
2028q1,real_gdp_nfb,19569.1,projected
2028q2,real_gdp_nfb,19666.3,projected
2028q3,real_gdp_nfb,19760.7,projected
2028q4,real_gdp_nfb,19857.0,projected
2029q1,real_gdp_nfb,19955.8,projected
2029q2,real_gdp_nfb,20053.7,projected
2029q3,real_gdp_nfb,20153.6,projected
2029q4,real_gdp_nfb,20256.1,projected
2030q1,real_gdp_nfb,20359.8,projected
2030q2,real_gdp_nfb,20463.2,projected
2030q3,real_gdp_nfb,20567.5,projected
2030q4,real_gdp_nfb,20672.1,projected
2031q1,real_gdp_nfb,20777.8,projected
2031q2,real_gdp_nfb,20883.9,projected
2031q3,real_gdp_nfb,20989.9,projected
2031q4,real_gdp_nfb,21096.7,projected
2032q1,real_gdp_nfb,21204.3,projected
2032q2,real_gdp_nfb,21313.2,projected
2032q3,real_gdp_nfb,21422.9,projected
2032q4,real_gdp_nfb,21533.8,projected
2033q1,real_gdp_nfb,21645.7,projected
2033q2,real_gdp_nfb,21758.6,projected
2033q3,real_gdp_nfb,21872.5,projected
2033q4,real_gdp_nfb,21987.4,projected
2034q1,real_gdp_nfb,22101.5,projected
2034q2,real_gdp_nfb,22217.4,projected
2034q3,real_gdp_nfb,22334.7,projected
2034q4,real_gdp_nfb,22452.6,projected
2035q1,real_gdp_nfb,22571.2,projected
2035q2,real_gdp_nfb,22690.4,projected
2035q3,real_gdp_nfb,22810.3,projected
2035q4,real_gdp_nfb,22930.7,projected
2036q1,real_gdp_nfb,23051.5,projected
2036q2,real_gdp_nfb,23172.5,projected
2036q3,real_gdp_nfb,23293.5,projected
2036q4,real_gdp_nfb,23414.7,projected
2023q1,real_gdp_nfb_pct_change,2.861,actual
2023q2,real_gdp_nfb_pct_change,2.938,actual
2023q3,real_gdp_nfb_pct_change,5.469,actual
2023q4,real_gdp_nfb_pct_change,3.689,actual
2024q1,real_gdp_nfb_pct_change,0.203,actual
2024q2,real_gdp_nfb_pct_change,3.983,actual
2024q3,real_gdp_nfb_pct_change,3.861,actual
2024q4,real_gdp_nfb_pct_change,1.722,actual
2025q1,real_gdp_nfb_pct_change,-0.897,actual
2025q2,real_gdp_nfb_pct_change,5.182,actual
2025q3,real_gdp_nfb_pct_change,4.17,projected
2025q4,real_gdp_nfb_pct_change,2.145,projected
2026q1,real_gdp_nfb_pct_change,2.637,projected
2026q2,real_gdp_nfb_pct_change,2.242,projected
2026q3,real_gdp_nfb_pct_change,2.383,projected
2026q4,real_gdp_nfb_pct_change,2.146,projected
2027q1,real_gdp_nfb_pct_change,1.964,projected
2027q2,real_gdp_nfb_pct_change,2.001,projected
2027q3,real_gdp_nfb_pct_change,2.084,projected
2027q4,real_gdp_nfb_pct_change,2.073,projected
2028q1,real_gdp_nfb_pct_change,2.092,projected
2028q2,real_gdp_nfb_pct_change,2.002,projected
2028q3,real_gdp_nfb_pct_change,1.933,projected
2028q4,real_gdp_nfb_pct_change,1.963,projected
2029q1,real_gdp_nfb_pct_change,2.004,projected
2029q2,real_gdp_nfb_pct_change,1.978,projected
2029q3,real_gdp_nfb_pct_change,2.006,projected
2029q4,real_gdp_nfb_pct_change,2.05,projected
2030q1,real_gdp_nfb_pct_change,2.063,projected
2030q2,real_gdp_nfb_pct_change,2.048,projected
2030q3,real_gdp_nfb_pct_change,2.053,projected
2030q4,real_gdp_nfb_pct_change,2.05,projected
2031q1,real_gdp_nfb_pct_change,2.06,projected
2031q2,real_gdp_nfb_pct_change,2.059,projected
2031q3,real_gdp_nfb_pct_change,2.045,projected
2031q4,real_gdp_nfb_pct_change,2.049,projected
2032q1,real_gdp_nfb_pct_change,2.055,projected
2032q2,real_gdp_nfb_pct_change,2.07,projected
2032q3,real_gdp_nfb_pct_change,2.075,projected
2032q4,real_gdp_nfb_pct_change,2.085,projected
2033q1,real_gdp_nfb_pct_change,2.095,projected
2033q2,real_gdp_nfb_pct_change,2.102,projected
2033q3,real_gdp_nfb_pct_change,2.111,projected
2033q4,real_gdp_nfb_pct_change,2.117,projected
2034q1,real_gdp_nfb_pct_change,2.091,projected
2034q2,real_gdp_nfb_pct_change,2.115,projected
2034q3,real_gdp_nfb_pct_change,2.127,projected
2034q4,real_gdp_nfb_pct_change,2.129,projected
2035q1,real_gdp_nfb_pct_change,2.129,projected
2035q2,real_gdp_nfb_pct_change,2.129,projected
2035q3,real_gdp_nfb_pct_change,2.13,projected
2035q4,real_gdp_nfb_pct_change,2.127,projected
2036q1,real_gdp_nfb_pct_change,2.123,projected
2036q2,real_gdp_nfb_pct_change,2.115,projected
2036q3,real_gdp_nfb_pct_change,2.105,projected
2036q4,real_gdp_nfb_pct_change,2.096,projected
2023q1,real_gdp_pct_change,2.927,actual
2023q2,real_gdp_pct_change,2.535,actual
2023q3,real_gdp_pct_change,4.695,actual
2023q4,real_gdp_pct_change,3.419,actual
2024q1,real_gdp_pct_change,0.841,actual
2024q2,real_gdp_pct_change,3.589,actual
2024q3,real_gdp_pct_change,3.34,actual
2024q4,real_gdp_pct_change,1.85,actual
2025q1,real_gdp_pct_change,-0.647,actual
2025q2,real_gdp_pct_change,3.838,actual
2025q3,real_gdp_pct_change,3.296,projected
2025q4,real_gdp_pct_change,1.225,projected
2026q1,real_gdp_pct_change,2.939,projected
2026q2,real_gdp_pct_change,1.987,projected
2026q3,real_gdp_pct_change,2.085,projected
2026q4,real_gdp_pct_change,1.901,projected
2027q1,real_gdp_pct_change,1.76,projected
2027q2,real_gdp_pct_change,1.784,projected
2027q3,real_gdp_pct_change,1.844,projected
2027q4,real_gdp_pct_change,1.834,projected
2028q1,real_gdp_pct_change,1.847,projected
2028q2,real_gdp_pct_change,1.777,projected
2028q3,real_gdp_pct_change,1.723,projected
2028q4,real_gdp_pct_change,1.741,projected
2029q1,real_gdp_pct_change,1.768,projected
2029q2,real_gdp_pct_change,1.744,projected
2029q3,real_gdp_pct_change,1.761,projected
2029q4,real_gdp_pct_change,1.792,projected
2030q1,real_gdp_pct_change,1.8,projected
2030q2,real_gdp_pct_change,1.783,projected
2030q3,real_gdp_pct_change,1.783,projected
2030q4,real_gdp_pct_change,1.777,projected
2031q1,real_gdp_pct_change,1.781,projected
2031q2,real_gdp_pct_change,1.776,projected
2031q3,real_gdp_pct_change,1.76,projected
2031q4,real_gdp_pct_change,1.758,projected
2032q1,real_gdp_pct_change,1.758,projected
2032q2,real_gdp_pct_change,1.756,projected
2032q3,real_gdp_pct_change,1.758,projected
2032q4,real_gdp_pct_change,1.763,projected
2033q1,real_gdp_pct_change,1.768,projected
2033q2,real_gdp_pct_change,1.771,projected
2033q3,real_gdp_pct_change,1.775,projected
2033q4,real_gdp_pct_change,1.776,projected
2034q1,real_gdp_pct_change,1.753,projected
2034q2,real_gdp_pct_change,1.769,projected
2034q3,real_gdp_pct_change,1.776,projected
2034q4,real_gdp_pct_change,1.775,projected
2035q1,real_gdp_pct_change,1.773,projected
2035q2,real_gdp_pct_change,1.771,projected
2035q3,real_gdp_pct_change,1.77,projected
2035q4,real_gdp_pct_change,1.769,projected
2036q1,real_gdp_pct_change,1.768,projected
2036q2,real_gdp_pct_change,1.764,projected
2036q3,real_gdp_pct_change,1.758,projected
2036q4,real_gdp_pct_change,1.752,projected
2023q1,real_gnp,22546.5,actual
2023q2,real_gnp,22681.4,actual
2023q3,real_gnp,22937.1,actual
2023q4,real_gnp,23076.2,actual
2024q1,real_gnp,23092.4,actual
2024q2,real_gnp,23293.7,actual
2024q3,real_gnp,23454.0,actual
2024q4,real_gnp,23634.6,actual
2025q1,real_gnp,23566.9,actual
2025q2,real_gnp,23773.9,actual
2025q3,real_gnp,24046.3,projected
2025q4,real_gnp,24119.6,projected
2026q1,real_gnp,24300.0,projected
2026q2,real_gnp,24422.4,projected
2026q3,real_gnp,24543.6,projected
2026q4,real_gnp,24649.3,projected
2027q1,real_gnp,24749.1,projected
2027q2,real_gnp,24848.5,projected
2027q3,real_gnp,24954.4,projected
2027q4,real_gnp,25057.9,projected
2028q1,real_gnp,25166.5,projected
2028q2,real_gnp,25270.9,projected
2028q3,real_gnp,25373.6,projected
2028q4,real_gnp,25475.8,projected
2029q1,real_gnp,25583.1,projected
2029q2,real_gnp,25688.0,projected
2029q3,real_gnp,25795.3,projected
2029q4,real_gnp,25903.3,projected
2030q1,real_gnp,26015.6,projected
2030q2,real_gnp,26126.6,projected
2030q3,real_gnp,26238.7,projected
2030q4,real_gnp,26348.6,projected
2031q1,real_gnp,26462.7,projected
2031q2,real_gnp,26576.1,projected
2031q3,real_gnp,26689.6,projected
2031q4,real_gnp,26800.0,projected
2032q1,real_gnp,26915.9,projected
2032q2,real_gnp,27031.2,projected
2032q3,real_gnp,27147.8,projected
2032q4,real_gnp,27263.2,projected
2033q1,real_gnp,27382.5,projected
2033q2,real_gnp,27501.6,projected
2033q3,real_gnp,27622.3,projected
2033q4,real_gnp,27741.4,projected
2034q1,real_gnp,27862.6,projected
2034q2,real_gnp,27984.4,projected
2034q3,real_gnp,28107.6,projected
2034q4,real_gnp,28229.7,projected
2035q1,real_gnp,28354.0,projected
2035q2,real_gnp,28478.0,projected
2035q3,real_gnp,28602.9,projected
2035q4,real_gnp,28726.4,projected
2036q1,real_gnp,28852.3,projected
2036q2,real_gnp,28977.6,projected
2036q3,real_gnp,29103.5,projected
2036q4,real_gnp,29227.8,projected
2023q1,real_gnp_pct_change,2.405,actual
2023q2,real_gnp_pct_change,2.414,actual
2023q3,real_gnp_pct_change,4.586,actual
2023q4,real_gnp_pct_change,2.447,actual
2024q1,real_gnp_pct_change,0.281,actual
2024q2,real_gnp_pct_change,3.532,actual
2024q3,real_gnp_pct_change,2.781,actual
2024q4,real_gnp_pct_change,3.115,actual
2025q1,real_gnp_pct_change,-1.14,actual
2025q2,real_gnp_pct_change,3.559,actual
2025q3,real_gnp_pct_change,4.662,projected
2025q4,real_gnp_pct_change,1.225,projected
2026q1,real_gnp_pct_change,3.025,projected
2026q2,real_gnp_pct_change,2.028,projected
2026q3,real_gnp_pct_change,2.001,projected
2026q4,real_gnp_pct_change,1.733,projected
2027q1,real_gnp_pct_change,1.627,projected
2027q2,real_gnp_pct_change,1.616,projected
2027q3,real_gnp_pct_change,1.715,projected
2027q4,real_gnp_pct_change,1.67,projected
2028q1,real_gnp_pct_change,1.745,projected
2028q2,real_gnp_pct_change,1.669,projected
2028q3,real_gnp_pct_change,1.635,projected
2028q4,real_gnp_pct_change,1.621,projected
2029q1,real_gnp_pct_change,1.695,projected
2029q2,real_gnp_pct_change,1.649,projected
2029q3,real_gnp_pct_change,1.682,projected
2029q4,real_gnp_pct_change,1.684,projected
2030q1,real_gnp_pct_change,1.744,projected
2030q2,real_gnp_pct_change,1.718,projected
2030q3,real_gnp_pct_change,1.727,projected
2030q4,real_gnp_pct_change,1.686,projected
2031q1,real_gnp_pct_change,1.743,projected
2031q2,real_gnp_pct_change,1.724,projected
2031q3,real_gnp_pct_change,1.718,projected
2031q4,real_gnp_pct_change,1.664,projected
2032q1,real_gnp_pct_change,1.741,projected
2032q2,real_gnp_pct_change,1.724,projected
2032q3,real_gnp_pct_change,1.736,projected
2032q4,real_gnp_pct_change,1.711,projected
2033q1,real_gnp_pct_change,1.762,projected
2033q2,real_gnp_pct_change,1.75,projected
2033q3,real_gnp_pct_change,1.766,projected
2033q4,real_gnp_pct_change,1.736,projected
2034q1,real_gnp_pct_change,1.758,projected
2034q2,real_gnp_pct_change,1.76,projected
2034q3,real_gnp_pct_change,1.771,projected
2034q4,real_gnp_pct_change,1.749,projected
2035q1,real_gnp_pct_change,1.773,projected
2035q2,real_gnp_pct_change,1.76,projected
2035q3,real_gnp_pct_change,1.765,projected
2035q4,real_gnp_pct_change,1.738,projected
2036q1,real_gnp_pct_change,1.765,projected
2036q2,real_gnp_pct_change,1.748,projected
2036q3,real_gnp_pct_change,1.749,projected
2036q4,real_gnp_pct_change,1.718,projected
2023q1,real_government_c_gi,3742.9,actual
2023q2,real_government_c_gi,3773.5,actual
2023q3,real_government_c_gi,3821.2,actual
2023q4,real_government_c_gi,3865.1,actual
2024q1,real_government_c_gi,3887.1,actual
2024q2,real_government_c_gi,3919.2,actual
2024q3,real_government_c_gi,3971.3,actual
2024q4,real_government_c_gi,4003.8,actual
2025q1,real_government_c_gi,3993.9,actual
2025q2,real_government_c_gi,3993.0,actual
2025q3,real_government_c_gi,4002.2,projected
2025q4,real_government_c_gi,3953.4,projected
2026q1,real_government_c_gi,4057.7,projected
2026q2,real_government_c_gi,4043.6,projected
2026q3,real_government_c_gi,4046.4,projected
2026q4,real_government_c_gi,4049.8,projected
2027q1,real_government_c_gi,4053.6,projected
2027q2,real_government_c_gi,4058.5,projected
2027q3,real_government_c_gi,4062.5,projected
2027q4,real_government_c_gi,4062.1,projected
2028q1,real_government_c_gi,4059.6,projected
2028q2,real_government_c_gi,4059.1,projected
2028q3,real_government_c_gi,4059.7,projected
2028q4,real_government_c_gi,4062.2,projected
2029q1,real_government_c_gi,4065.0,projected
2029q2,real_government_c_gi,4066.9,projected
2029q3,real_government_c_gi,4068.3,projected
2029q4,real_government_c_gi,4068.0,projected
2030q1,real_government_c_gi,4067.0,projected
2030q2,real_government_c_gi,4066.2,projected
2030q3,real_government_c_gi,4065.8,projected
2030q4,real_government_c_gi,4065.7,projected
2031q1,real_government_c_gi,4066.0,projected
2031q2,real_government_c_gi,4066.8,projected
2031q3,real_government_c_gi,4068.0,projected
2031q4,real_government_c_gi,4069.2,projected
2032q1,real_government_c_gi,4073.6,projected
2032q2,real_government_c_gi,4072.8,projected
2032q3,real_government_c_gi,4074.6,projected
2032q4,real_government_c_gi,4076.8,projected
2033q1,real_government_c_gi,4079.2,projected
2033q2,real_government_c_gi,4081.3,projected
2033q3,real_government_c_gi,4083.1,projected
2033q4,real_government_c_gi,4084.5,projected
2034q1,real_government_c_gi,4085.7,projected
2034q2,real_government_c_gi,4086.8,projected
2034q3,real_government_c_gi,4087.8,projected
2034q4,real_government_c_gi,4089.6,projected
2035q1,real_government_c_gi,4091.0,projected
2035q2,real_government_c_gi,4092.6,projected
2035q3,real_government_c_gi,4094.1,projected
2035q4,real_government_c_gi,4096.0,projected
2036q1,real_government_c_gi,4097.5,projected
2036q2,real_government_c_gi,4099.4,projected
2036q3,real_government_c_gi,4101.4,projected
2036q4,real_government_c_gi,4103.6,projected
2023q1,real_government_c_gi_pct_change,4.142,actual
2023q2,real_government_c_gi_pct_change,3.314,actual
2023q3,real_government_c_gi_pct_change,5.152,actual
2023q4,real_government_c_gi_pct_change,4.666,actual
2024q1,real_government_c_gi_pct_change,2.295,actual
2024q2,real_government_c_gi_pct_change,3.345,actual
2024q3,real_government_c_gi_pct_change,5.425,actual
2024q4,real_government_c_gi_pct_change,3.313,actual
2025q1,real_government_c_gi_pct_change,-0.981,actual
2025q2,real_government_c_gi_pct_change,-0.095,actual
2025q3,real_government_c_gi_pct_change,0.925,projected
2025q4,real_government_c_gi_pct_change,-4.786,projected
2026q1,real_government_c_gi_pct_change,10.976,projected
2026q2,real_government_c_gi_pct_change,-1.377,projected
2026q3,real_government_c_gi_pct_change,0.268,projected
2026q4,real_government_c_gi_pct_change,0.341,projected
2027q1,real_government_c_gi_pct_change,0.371,projected
2027q2,real_government_c_gi_pct_change,0.489,projected
2027q3,real_government_c_gi_pct_change,0.39,projected
2027q4,real_government_c_gi_pct_change,-0.033,projected
2028q1,real_government_c_gi_pct_change,-0.254,projected
2028q2,real_government_c_gi_pct_change,-0.045,projected
2028q3,real_government_c_gi_pct_change,0.063,projected
2028q4,real_government_c_gi_pct_change,0.246,projected
2029q1,real_government_c_gi_pct_change,0.276,projected
2029q2,real_government_c_gi_pct_change,0.184,projected
2029q3,real_government_c_gi_pct_change,0.138,projected
2029q4,real_government_c_gi_pct_change,-0.031,projected
2030q1,real_government_c_gi_pct_change,-0.093,projected
2030q2,real_government_c_gi_pct_change,-0.08,projected
2030q3,real_government_c_gi_pct_change,-0.044,projected
2030q4,real_government_c_gi_pct_change,-0.004,projected
2031q1,real_government_c_gi_pct_change,0.025,projected
2031q2,real_government_c_gi_pct_change,0.082,projected
2031q3,real_government_c_gi_pct_change,0.115,projected
2031q4,real_government_c_gi_pct_change,0.124,projected
2032q1,real_government_c_gi_pct_change,0.424,projected
2032q2,real_government_c_gi_pct_change,-0.077,projected
2032q3,real_government_c_gi_pct_change,0.176,projected
2032q4,real_government_c_gi_pct_change,0.217,projected
2033q1,real_government_c_gi_pct_change,0.233,projected
2033q2,real_government_c_gi_pct_change,0.208,projected
2033q3,real_government_c_gi_pct_change,0.18,projected
2033q4,real_government_c_gi_pct_change,0.135,projected
2034q1,real_government_c_gi_pct_change,0.115,projected
2034q2,real_government_c_gi_pct_change,0.112,projected
2034q3,real_government_c_gi_pct_change,0.1,projected
2034q4,real_government_c_gi_pct_change,0.173,projected
2035q1,real_government_c_gi_pct_change,0.134,projected
2035q2,real_government_c_gi_pct_change,0.153,projected
2035q3,real_government_c_gi_pct_change,0.15,projected
2035q4,real_government_c_gi_pct_change,0.183,projected
2036q1,real_government_c_gi_pct_change,0.152,projected
2036q2,real_government_c_gi_pct_change,0.18,projected
2036q3,real_government_c_gi_pct_change,0.192,projected
2036q4,real_government_c_gi_pct_change,0.22,projected
2023q1,real_gross_pri_dom_invest,4108.5,actual
2023q2,real_gross_pri_dom_invest,4180.8,actual
2023q3,real_gross_pri_dom_invest,4275.5,actual
2023q4,real_gross_pri_dom_invest,4313.2,actual
2024q1,real_gross_pri_dom_invest,4296.3,actual
2024q2,real_gross_pri_dom_invest,4382.0,actual
2024q3,real_gross_pri_dom_invest,4392.2,actual
2024q4,real_gross_pri_dom_invest,4315.6,actual
2025q1,real_gross_pri_dom_invest,4547.9,actual
2025q2,real_gross_pri_dom_invest,4382.8,actual
2025q3,real_gross_pri_dom_invest,4416.2,projected
2025q4,real_gross_pri_dom_invest,4476.6,projected
2026q1,real_gross_pri_dom_invest,4516.7,projected
2026q2,real_gross_pri_dom_invest,4568.1,projected
2026q3,real_gross_pri_dom_invest,4612.5,projected
2026q4,real_gross_pri_dom_invest,4655.8,projected
2027q1,real_gross_pri_dom_invest,4694.3,projected
2027q2,real_gross_pri_dom_invest,4735.0,projected
2027q3,real_gross_pri_dom_invest,4769.8,projected
2027q4,real_gross_pri_dom_invest,4807.5,projected
2028q1,real_gross_pri_dom_invest,4842.8,projected
2028q2,real_gross_pri_dom_invest,4876.1,projected
2028q3,real_gross_pri_dom_invest,4906.5,projected
2028q4,real_gross_pri_dom_invest,4936.2,projected
2029q1,real_gross_pri_dom_invest,4960.8,projected
2029q2,real_gross_pri_dom_invest,4983.8,projected
2029q3,real_gross_pri_dom_invest,5007.1,projected
2029q4,real_gross_pri_dom_invest,5032.7,projected
2030q1,real_gross_pri_dom_invest,5056.7,projected
2030q2,real_gross_pri_dom_invest,5081.4,projected
2030q3,real_gross_pri_dom_invest,5107.2,projected
2030q4,real_gross_pri_dom_invest,5135.9,projected
2031q1,real_gross_pri_dom_invest,5161.0,projected
2031q2,real_gross_pri_dom_invest,5183.8,projected
2031q3,real_gross_pri_dom_invest,5207.3,projected
2031q4,real_gross_pri_dom_invest,5234.9,projected
2032q1,real_gross_pri_dom_invest,5261.1,projected
2032q2,real_gross_pri_dom_invest,5286.7,projected
2032q3,real_gross_pri_dom_invest,5313.8,projected
2032q4,real_gross_pri_dom_invest,5341.8,projected
2033q1,real_gross_pri_dom_invest,5369.1,projected
2033q2,real_gross_pri_dom_invest,5395.2,projected
2033q3,real_gross_pri_dom_invest,5421.6,projected
2033q4,real_gross_pri_dom_invest,5450.3,projected
2034q1,real_gross_pri_dom_invest,5479.8,projected
2034q2,real_gross_pri_dom_invest,5510.6,projected
2034q3,real_gross_pri_dom_invest,5542.2,projected
2034q4,real_gross_pri_dom_invest,5576.8,projected
2035q1,real_gross_pri_dom_invest,5610.3,projected
2035q2,real_gross_pri_dom_invest,5645.4,projected
2035q3,real_gross_pri_dom_invest,5680.6,projected
2035q4,real_gross_pri_dom_invest,5718.0,projected
2036q1,real_gross_pri_dom_invest,5754.2,projected
2036q2,real_gross_pri_dom_invest,5790.2,projected
2036q3,real_gross_pri_dom_invest,5825.4,projected
2036q4,real_gross_pri_dom_invest,5862.7,projected
2023q1,real_gross_pri_dom_invest_pct_change,-7.108,actual
2023q2,real_gross_pri_dom_invest_pct_change,7.217,actual
2023q3,real_gross_pri_dom_invest_pct_change,9.38,actual
2023q4,real_gross_pri_dom_invest_pct_change,3.568,actual
2024q1,real_gross_pri_dom_invest_pct_change,-1.559,actual
2024q2,real_gross_pri_dom_invest_pct_change,8.224,actual
2024q3,real_gross_pri_dom_invest_pct_change,0.933,actual
2024q4,real_gross_pri_dom_invest_pct_change,-6.796,actual
2025q1,real_gross_pri_dom_invest_pct_change,23.342,actual
2025q2,real_gross_pri_dom_invest_pct_change,-13.751,actual
2025q3,real_gross_pri_dom_invest_pct_change,3.086,projected
2025q4,real_gross_pri_dom_invest_pct_change,5.581,projected
2026q1,real_gross_pri_dom_invest_pct_change,3.632,projected
2026q2,real_gross_pri_dom_invest_pct_change,4.629,projected
2026q3,real_gross_pri_dom_invest_pct_change,3.94,projected
2026q4,real_gross_pri_dom_invest_pct_change,3.808,projected
2027q1,real_gross_pri_dom_invest_pct_change,3.352,projected
2027q2,real_gross_pri_dom_invest_pct_change,3.509,projected
2027q3,real_gross_pri_dom_invest_pct_change,2.976,projected
2027q4,real_gross_pri_dom_invest_pct_change,3.2,projected
2028q1,real_gross_pri_dom_invest_pct_change,2.962,projected
2028q2,real_gross_pri_dom_invest_pct_change,2.781,projected
2028q3,real_gross_pri_dom_invest_pct_change,2.516,projected
2028q4,real_gross_pri_dom_invest_pct_change,2.442,projected
2029q1,real_gross_pri_dom_invest_pct_change,2.008,projected
2029q2,real_gross_pri_dom_invest_pct_change,1.868,projected
2029q3,real_gross_pri_dom_invest_pct_change,1.884,projected
2029q4,real_gross_pri_dom_invest_pct_change,2.06,projected
2030q1,real_gross_pri_dom_invest_pct_change,1.92,projected
2030q2,real_gross_pri_dom_invest_pct_change,1.966,projected
2030q3,real_gross_pri_dom_invest_pct_change,2.051,projected
2030q4,real_gross_pri_dom_invest_pct_change,2.264,projected
2031q1,real_gross_pri_dom_invest_pct_change,1.964,projected
2031q2,real_gross_pri_dom_invest_pct_change,1.78,projected
2031q3,real_gross_pri_dom_invest_pct_change,1.829,projected
2031q4,real_gross_pri_dom_invest_pct_change,2.136,projected
2032q1,real_gross_pri_dom_invest_pct_change,2.015,projected
2032q2,real_gross_pri_dom_invest_pct_change,1.961,projected
2032q3,real_gross_pri_dom_invest_pct_change,2.061,projected
2032q4,real_gross_pri_dom_invest_pct_change,2.13,projected
2033q1,real_gross_pri_dom_invest_pct_change,2.057,projected
2033q2,real_gross_pri_dom_invest_pct_change,1.958,projected
2033q3,real_gross_pri_dom_invest_pct_change,1.969,projected
2033q4,real_gross_pri_dom_invest_pct_change,2.14,projected
2034q1,real_gross_pri_dom_invest_pct_change,2.176,projected
2034q2,real_gross_pri_dom_invest_pct_change,2.268,projected
2034q3,real_gross_pri_dom_invest_pct_change,2.319,projected
2034q4,real_gross_pri_dom_invest_pct_change,2.52,projected
2035q1,real_gross_pri_dom_invest_pct_change,2.424,projected
2035q2,real_gross_pri_dom_invest_pct_change,2.521,projected
2035q3,real_gross_pri_dom_invest_pct_change,2.519,projected
2035q4,real_gross_pri_dom_invest_pct_change,2.661,projected
2036q1,real_gross_pri_dom_invest_pct_change,2.552,projected
2036q2,real_gross_pri_dom_invest_pct_change,2.523,projected
2036q3,real_gross_pri_dom_invest_pct_change,2.455,projected
2036q4,real_gross_pri_dom_invest_pct_change,2.584,projected
2023q1,real_imports,3455.7,actual
2023q2,real_imports,3437.4,actual
2023q3,real_imports,3462.9,actual
2023q4,real_imports,3508.8,actual
2024q1,real_imports,3567.8,actual
2024q2,real_imports,3640.2,actual
2024q3,real_imports,3729.2,actual
2024q4,real_imports,3727.4,actual
2025q1,real_imports,4040.2,actual
2025q2,real_imports,3705.3,actual
2025q3,real_imports,3695.8,projected
2025q4,real_imports,3678.2,projected
2026q1,real_imports,3706.3,projected
2026q2,real_imports,3734.8,projected
2026q3,real_imports,3756.3,projected
2026q4,real_imports,3779.2,projected
2027q1,real_imports,3791.2,projected
2027q2,real_imports,3798.4,projected
2027q3,real_imports,3801.2,projected
2027q4,real_imports,3801.9,projected
2028q1,real_imports,3804.6,projected
2028q2,real_imports,3807.5,projected
2028q3,real_imports,3812.1,projected
2028q4,real_imports,3815.0,projected
2029q1,real_imports,3819.0,projected
2029q2,real_imports,3824.6,projected
2029q3,real_imports,3831.3,projected
2029q4,real_imports,3838.2,projected
2030q1,real_imports,3851.0,projected
2030q2,real_imports,3865.0,projected
2030q3,real_imports,3880.7,projected
2030q4,real_imports,3895.8,projected
2031q1,real_imports,3909.7,projected
2031q2,real_imports,3914.1,projected
2031q3,real_imports,3918.9,projected
2031q4,real_imports,3925.4,projected
2032q1,real_imports,3938.8,projected
2032q2,real_imports,3947.2,projected
2032q3,real_imports,3954.9,projected
2032q4,real_imports,3963.0,projected
2033q1,real_imports,3975.9,projected
2033q2,real_imports,3998.3,projected
2033q3,real_imports,4013.7,projected
2033q4,real_imports,4029.0,projected
2034q1,real_imports,4045.7,projected
2034q2,real_imports,4062.2,projected
2034q3,real_imports,4078.0,projected
2034q4,real_imports,4093.9,projected
2035q1,real_imports,4117.9,projected
2035q2,real_imports,4141.8,projected
2035q3,real_imports,4165.7,projected
2035q4,real_imports,4193.3,projected
2036q1,real_imports,4223.3,projected
2036q2,real_imports,4248.0,projected
2036q3,real_imports,4271.9,projected
2036q4,real_imports,4295.5,projected
2023q1,real_imports_pct_change,-1.023,actual
2023q2,real_imports_pct_change,-2.101,actual
2023q3,real_imports_pct_change,3.0,actual
2023q4,real_imports_pct_change,5.408,actual
2024q1,real_imports_pct_change,6.897,actual
2024q2,real_imports_pct_change,8.367,actual
2024q3,real_imports_pct_change,10.144,actual
2024q4,real_imports_pct_change,-0.192,actual
2025q1,real_imports_pct_change,38.034,actual
2025q2,real_imports_pct_change,-29.257,actual
2025q3,real_imports_pct_change,-1.02,projected
2025q4,real_imports_pct_change,-1.892,projected
2026q1,real_imports_pct_change,3.09,projected
2026q2,real_imports_pct_change,3.112,projected
2026q3,real_imports_pct_change,2.321,projected
2026q4,real_imports_pct_change,2.464,projected
2027q1,real_imports_pct_change,1.274,projected
2027q2,real_imports_pct_change,0.762,projected
2027q3,real_imports_pct_change,0.29,projected
2027q4,real_imports_pct_change,0.074,projected
2028q1,real_imports_pct_change,0.289,projected
2028q2,real_imports_pct_change,0.304,projected
2028q3,real_imports_pct_change,0.48,projected
2028q4,real_imports_pct_change,0.31,projected
2029q1,real_imports_pct_change,0.415,projected
2029q2,real_imports_pct_change,0.585,projected
2029q3,real_imports_pct_change,0.706,projected
2029q4,real_imports_pct_change,0.723,projected
2030q1,real_imports_pct_change,1.333,projected
2030q2,real_imports_pct_change,1.461,projected
2030q3,real_imports_pct_change,1.634,projected
2030q4,real_imports_pct_change,1.57,projected
2031q1,real_imports_pct_change,1.436,projected
2031q2,real_imports_pct_change,0.448,projected
2031q3,real_imports_pct_change,0.49,projected
2031q4,real_imports_pct_change,0.671,projected
2032q1,real_imports_pct_change,1.37,projected
2032q2,real_imports_pct_change,0.853,projected
2032q3,real_imports_pct_change,0.785,projected
2032q4,real_imports_pct_change,0.82,projected
2033q1,real_imports_pct_change,1.31,projected
2033q2,real_imports_pct_change,2.266,projected
2033q3,real_imports_pct_change,1.549,projected
2033q4,real_imports_pct_change,1.538,projected
2034q1,real_imports_pct_change,1.664,projected
2034q2,real_imports_pct_change,1.643,projected
2034q3,real_imports_pct_change,1.559,projected
2034q4,real_imports_pct_change,1.575,projected
2035q1,real_imports_pct_change,2.362,projected
2035q2,real_imports_pct_change,2.343,projected
2035q3,real_imports_pct_change,2.326,projected
2035q4,real_imports_pct_change,2.681,projected
2036q1,real_imports_pct_change,2.887,projected
2036q2,real_imports_pct_change,2.359,projected
2036q3,real_imports_pct_change,2.269,projected
2036q4,real_imports_pct_change,2.233,projected
2023q1,real_net_exports,-912.2,actual
2023q2,real_net_exports,-928.1,actual
2023q3,real_net_exports,-926.2,actual
2023q4,real_net_exports,-934.1,actual
2024q1,real_net_exports,-964.1,actual
2024q2,real_net_exports,-1032.2,actual
2024q3,real_net_exports,-1064.9,actual
2024q4,real_net_exports,-1069.0,actual
2025q1,real_net_exports,-1380.7,actual
2025q2,real_net_exports,-1058.0,actual
2025q3,real_net_exports,-1022.9,projected
2025q4,real_net_exports,-1008.2,projected
2026q1,real_net_exports,-1039.8,projected
2026q2,real_net_exports,-1050.0,projected
2026q3,real_net_exports,-1050.0,projected
2026q4,real_net_exports,-1055.4,projected
2027q1,real_net_exports,-1052.4,projected
2027q2,real_net_exports,-1045.1,projected
2027q3,real_net_exports,-1035.6,projected
2027q4,real_net_exports,-1023.1,projected
2028q1,real_net_exports,-1010.4,projected
2028q2,real_net_exports,-997.7,projected
2028q3,real_net_exports,-986.5,projected
2028q4,real_net_exports,-973.4,projected
2029q1,real_net_exports,-960.6,projected
2029q2,real_net_exports,-949.6,projected
2029q3,real_net_exports,-940.3,projected
2029q4,real_net_exports,-930.8,projected
2030q1,real_net_exports,-926.9,projected
2030q2,real_net_exports,-922.5,projected
2030q3,real_net_exports,-920.3,projected
2030q4,real_net_exports,-917.9,projected
2031q1,real_net_exports,-914.1,projected
2031q2,real_net_exports,-900.7,projected
2031q3,real_net_exports,-888.4,projected
2031q4,real_net_exports,-878.1,projected
2032q1,real_net_exports,-874.0,projected
2032q2,real_net_exports,-865.1,projected
2032q3,real_net_exports,-855.8,projected
2032q4,real_net_exports,-846.7,projected
2033q1,real_net_exports,-843.2,projected
2033q2,real_net_exports,-850.1,projected
2033q3,real_net_exports,-849.7,projected
2033q4,real_net_exports,-848.5,projected
2034q1,real_net_exports,-848.6,projected
2034q2,real_net_exports,-848.5,projected
2034q3,real_net_exports,-848.3,projected
2034q4,real_net_exports,-848.5,projected
2035q1,real_net_exports,-857.3,projected
2035q2,real_net_exports,-866.0,projected
2035q3,real_net_exports,-875.0,projected
2035q4,real_net_exports,-887.6,projected
2036q1,real_net_exports,-902.3,projected
2036q2,real_net_exports,-911.8,projected
2036q3,real_net_exports,-920.3,projected
2036q4,real_net_exports,-928.5,projected
2023q1,real_nonres_fixed_invest,3333.3,actual
2023q2,real_nonres_fixed_invest,3421.8,actual
2023q3,real_nonres_fixed_invest,3436.4,actual
2023q4,real_nonres_fixed_invest,3483.0,actual
2024q1,real_nonres_fixed_invest,3496.0,actual
2024q2,real_nonres_fixed_invest,3517.5,actual
2024q3,real_nonres_fixed_invest,3547.6,actual
2024q4,real_nonres_fixed_invest,3514.4,actual
2025q1,real_nonres_fixed_invest,3595.4,actual
2025q2,real_nonres_fixed_invest,3659.3,actual
2025q3,real_nonres_fixed_invest,3688.1,projected
2025q4,real_nonres_fixed_invest,3708.4,projected
2026q1,real_nonres_fixed_invest,3739.0,projected
2026q2,real_nonres_fixed_invest,3774.1,projected
2026q3,real_nonres_fixed_invest,3812.7,projected
2026q4,real_nonres_fixed_invest,3851.7,projected
2027q1,real_nonres_fixed_invest,3887.0,projected
2027q2,real_nonres_fixed_invest,3919.7,projected
2027q3,real_nonres_fixed_invest,3951.4,projected
2027q4,real_nonres_fixed_invest,3983.6,projected
2028q1,real_nonres_fixed_invest,4013.3,projected
2028q2,real_nonres_fixed_invest,4039.9,projected
2028q3,real_nonres_fixed_invest,4065.1,projected
2028q4,real_nonres_fixed_invest,4090.8,projected
2029q1,real_nonres_fixed_invest,4112.2,projected
2029q2,real_nonres_fixed_invest,4132.8,projected
2029q3,real_nonres_fixed_invest,4153.2,projected
2029q4,real_nonres_fixed_invest,4175.8,projected
2030q1,real_nonres_fixed_invest,4198.1,projected
2030q2,real_nonres_fixed_invest,4221.4,projected
2030q3,real_nonres_fixed_invest,4246.6,projected
2030q4,real_nonres_fixed_invest,4275.4,projected
2031q1,real_nonres_fixed_invest,4302.6,projected
2031q2,real_nonres_fixed_invest,4329.6,projected
2031q3,real_nonres_fixed_invest,4358.6,projected
2031q4,real_nonres_fixed_invest,4391.9,projected
2032q1,real_nonres_fixed_invest,4423.7,projected
2032q2,real_nonres_fixed_invest,4455.9,projected
2032q3,real_nonres_fixed_invest,4490.3,projected
2032q4,real_nonres_fixed_invest,4525.2,projected
2033q1,real_nonres_fixed_invest,4558.2,projected
2033q2,real_nonres_fixed_invest,4590.5,projected
2033q3,real_nonres_fixed_invest,4622.7,projected
2033q4,real_nonres_fixed_invest,4656.9,projected
2034q1,real_nonres_fixed_invest,4689.7,projected
2034q2,real_nonres_fixed_invest,4723.1,projected
2034q3,real_nonres_fixed_invest,4756.5,projected
2034q4,real_nonres_fixed_invest,4792.2,projected
2035q1,real_nonres_fixed_invest,4825.9,projected
2035q2,real_nonres_fixed_invest,4861.6,projected
2035q3,real_nonres_fixed_invest,4897.6,projected
2035q4,real_nonres_fixed_invest,4935.7,projected
2036q1,real_nonres_fixed_invest,4972.1,projected
2036q2,real_nonres_fixed_invest,5009.2,projected
2036q3,real_nonres_fixed_invest,5045.7,projected
2036q4,real_nonres_fixed_invest,5084.0,projected
2023q1,real_nonres_fixed_invest_pct_change,8.502,actual
2023q2,real_nonres_fixed_invest_pct_change,11.046,actual
2023q3,real_nonres_fixed_invest_pct_change,1.725,actual
2023q4,real_nonres_fixed_invest_pct_change,5.531,actual
2024q1,real_nonres_fixed_invest_pct_change,1.505,actual
2024q2,real_nonres_fixed_invest_pct_change,2.475,actual
2024q3,real_nonres_fixed_invest_pct_change,3.474,actual
2024q4,real_nonres_fixed_invest_pct_change,-3.691,actual
2025q1,real_nonres_fixed_invest_pct_change,9.538,actual
2025q2,real_nonres_fixed_invest_pct_change,7.304,actual
2025q3,real_nonres_fixed_invest_pct_change,3.179,projected
2025q4,real_nonres_fixed_invest_pct_change,2.228,projected
2026q1,real_nonres_fixed_invest_pct_change,3.332,projected
2026q2,real_nonres_fixed_invest_pct_change,3.815,projected
2026q3,real_nonres_fixed_invest_pct_change,4.156,projected
2026q4,real_nonres_fixed_invest_pct_change,4.15,projected
2027q1,real_nonres_fixed_invest_pct_change,3.714,projected
2027q2,real_nonres_fixed_invest_pct_change,3.405,projected
2027q3,real_nonres_fixed_invest_pct_change,3.277,projected
2027q4,real_nonres_fixed_invest_pct_change,3.295,projected
2028q1,real_nonres_fixed_invest_pct_change,3.021,projected
2028q2,real_nonres_fixed_invest_pct_change,2.672,projected
2028q3,real_nonres_fixed_invest_pct_change,2.527,projected
2028q4,real_nonres_fixed_invest_pct_change,2.553,projected
2029q1,real_nonres_fixed_invest_pct_change,2.106,projected
2029q2,real_nonres_fixed_invest_pct_change,2.015,projected
2029q3,real_nonres_fixed_invest_pct_change,1.991,projected
2029q4,real_nonres_fixed_invest_pct_change,2.192,projected
2030q1,real_nonres_fixed_invest_pct_change,2.153,projected
2030q2,real_nonres_fixed_invest_pct_change,2.241,projected
2030q3,real_nonres_fixed_invest_pct_change,2.403,projected
2030q4,real_nonres_fixed_invest_pct_change,2.747,projected
2031q1,real_nonres_fixed_invest_pct_change,2.568,projected
2031q2,real_nonres_fixed_invest_pct_change,2.53,projected
2031q3,real_nonres_fixed_invest_pct_change,2.701,projected
2031q4,real_nonres_fixed_invest_pct_change,3.096,projected
2032q1,real_nonres_fixed_invest_pct_change,2.924,projected
2032q2,real_nonres_fixed_invest_pct_change,2.947,projected
2032q3,real_nonres_fixed_invest_pct_change,3.119,projected
2032q4,real_nonres_fixed_invest_pct_change,3.148,projected
2033q1,real_nonres_fixed_invest_pct_change,2.948,projected
2033q2,real_nonres_fixed_invest_pct_change,2.863,projected
2033q3,real_nonres_fixed_invest_pct_change,2.836,projected
2033q4,real_nonres_fixed_invest_pct_change,2.995,projected
2034q1,real_nonres_fixed_invest_pct_change,2.845,projected
2034q2,real_nonres_fixed_invest_pct_change,2.881,projected
2034q3,real_nonres_fixed_invest_pct_change,2.858,projected
2034q4,real_nonres_fixed_invest_pct_change,3.034,projected
2035q1,real_nonres_fixed_invest_pct_change,2.845,projected
2035q2,real_nonres_fixed_invest_pct_change,2.989,projected
2035q3,real_nonres_fixed_invest_pct_change,2.994,projected
2035q4,real_nonres_fixed_invest_pct_change,3.149,projected
2036q1,real_nonres_fixed_invest_pct_change,2.981,projected
2036q2,real_nonres_fixed_invest_pct_change,3.014,projected
2036q3,real_nonres_fixed_invest_pct_change,2.945,projected
2036q4,real_nonres_fixed_invest_pct_change,3.076,projected
2023q1,real_pce,15495.8,actual
2023q2,real_pce,15553.7,actual
2023q3,real_pce,15671.9,actual
2023q4,real_pce,15789.7,actual
2024q1,real_pce,15857.7,actual
2024q2,real_pce,16009.6,actual
2024q3,real_pce,16165.8,actual
2024q4,real_pce,16320.9,actual
2025q1,real_pce,16345.8,actual
2025q2,real_pce,16445.7,actual
2025q3,real_pce,16566.7,projected
2025q4,real_pce,16620.2,projected
2026q1,real_pce,16677.7,projected
2026q2,real_pce,16771.3,projected
2026q3,real_pce,16851.5,projected
2026q4,real_pce,16926.6,projected
2027q1,real_pce,16990.7,projected
2027q2,real_pce,17049.9,projected
2027q3,real_pce,17118.3,projected
2027q4,real_pce,17185.6,projected
2028q1,real_pce,17258.7,projected
2028q2,real_pce,17327.7,projected
2028q3,real_pce,17396.7,projected
2028q4,real_pce,17464.4,projected
2029q1,real_pce,17539.1,projected
2029q2,real_pce,17616.9,projected
2029q3,real_pce,17697.9,projected
2029q4,real_pce,17781.0,projected
2030q1,real_pce,17872.1,projected
2030q2,real_pce,17961.3,projected
2030q3,real_pce,18051.5,projected
2030q4,real_pce,18138.6,projected
2031q1,real_pce,18228.4,projected
2031q2,real_pce,18311.7,projected
2031q3,real_pce,18394.4,projected
2031q4,real_pce,18475.4,projected
2032q1,real_pce,18560.3,projected
2032q2,real_pce,18647.5,projected
2032q3,real_pce,18730.9,projected
2032q4,real_pce,18814.1,projected
2033q1,real_pce,18903.6,projected
2033q2,real_pce,19004.1,projected
2033q3,real_pce,19099.2,projected
2033q4,real_pce,19192.6,projected
2034q1,real_pce,19285.7,projected
2034q2,real_pce,19379.1,projected
2034q3,real_pce,19472.8,projected
2034q4,real_pce,19563.8,projected
2035q1,real_pce,19664.1,projected
2035q2,real_pce,19763.2,projected
2035q3,real_pce,19862.8,projected
2035q4,real_pce,19963.7,projected
2036q1,real_pce,20068.3,projected
2036q2,real_pce,20168.8,projected
2036q3,real_pce,20269.1,projected
2036q4,real_pce,20367.1,projected
2023q1,real_pce_pct_change,4.5,actual
2023q2,real_pce_pct_change,1.502,actual
2023q3,real_pce_pct_change,3.074,actual
2023q4,real_pce_pct_change,3.04,actual
2024q1,real_pce_pct_change,1.733,actual
2024q2,real_pce_pct_change,3.886,actual
2024q3,real_pce_pct_change,3.96,actual
2024q4,real_pce_pct_change,3.893,actual
2025q1,real_pce_pct_change,0.611,actual
2025q2,real_pce_pct_change,2.467,actual
2025q3,real_pce_pct_change,2.975,projected
2025q4,real_pce_pct_change,1.298,projected
2026q1,real_pce_pct_change,1.391,projected
2026q2,real_pce_pct_change,2.261,projected
2026q3,real_pce_pct_change,1.928,projected
2026q4,real_pce_pct_change,1.794,projected
2027q1,real_pce_pct_change,1.523,projected
2027q2,real_pce_pct_change,1.399,projected
2027q3,real_pce_pct_change,1.614,projected
2027q4,real_pce_pct_change,1.582,projected
2028q1,real_pce_pct_change,1.712,projected
2028q2,real_pce_pct_change,1.607,projected
2028q3,real_pce_pct_change,1.602,projected
2028q4,real_pce_pct_change,1.566,projected
2029q1,real_pce_pct_change,1.722,projected
2029q2,real_pce_pct_change,1.784,projected
2029q3,real_pce_pct_change,1.851,projected
2029q4,real_pce_pct_change,1.892,projected
2030q1,real_pce_pct_change,2.064,projected
2030q2,real_pce_pct_change,2.012,projected
2030q3,real_pce_pct_change,2.022,projected
2030q4,real_pce_pct_change,1.945,projected
2031q1,real_pce_pct_change,1.993,projected
2031q2,real_pce_pct_change,1.84,projected
2031q3,real_pce_pct_change,1.819,projected
2031q4,real_pce_pct_change,1.772,projected
2032q1,real_pce_pct_change,1.851,projected
2032q2,real_pce_pct_change,1.893,projected
2032q3,real_pce_pct_change,1.801,projected
2032q4,real_pce_pct_change,1.788,projected
2033q1,real_pce_pct_change,1.915,projected
2033q2,real_pce_pct_change,2.144,projected
2033q3,real_pce_pct_change,2.016,projected
2033q4,real_pce_pct_change,1.97,projected
2034q1,real_pce_pct_change,1.953,projected
2034q2,real_pce_pct_change,1.951,projected
2034q3,real_pce_pct_change,1.948,projected
2034q4,real_pce_pct_change,1.883,projected
2035q1,real_pce_pct_change,2.065,projected
2035q2,real_pce_pct_change,2.03,projected
2035q3,real_pce_pct_change,2.032,projected
2035q4,real_pce_pct_change,2.046,projected
2036q1,real_pce_pct_change,2.113,projected
2036q2,real_pce_pct_change,2.016,projected
2036q3,real_pce_pct_change,2.004,projected
2036q4,real_pce_pct_change,1.947,projected
2023q1,real_potential_gdp,22229.5,actual
2023q2,real_potential_gdp,22377.9,actual
2023q3,real_potential_gdp,22527.6,actual
2023q4,real_potential_gdp,22678.2,actual
2024q1,real_potential_gdp,22828.9,actual
2024q2,real_potential_gdp,22979.0,actual
2024q3,real_potential_gdp,23126.9,actual
2024q4,real_potential_gdp,23271.5,actual
2025q1,real_potential_gdp,23414.7,actual
2025q2,real_potential_gdp,23548.5,actual
2025q3,real_potential_gdp,23680.2,projected
2025q4,real_potential_gdp,23811.2,projected
2026q1,real_potential_gdp,23945.1,projected
2026q2,real_potential_gdp,24070.9,projected
2026q3,real_potential_gdp,24200.4,projected
2026q4,real_potential_gdp,24330.4,projected
2027q1,real_potential_gdp,24460.7,projected
2027q2,real_potential_gdp,24590.8,projected
2027q3,real_potential_gdp,24720.7,projected
2027q4,real_potential_gdp,24850.2,projected
2028q1,real_potential_gdp,24979.5,projected
2028q2,real_potential_gdp,25109.1,projected
2028q3,real_potential_gdp,25238.7,projected
2028q4,real_potential_gdp,25367.6,projected
2029q1,real_potential_gdp,25495.5,projected
2029q2,real_potential_gdp,25622.4,projected
2029q3,real_potential_gdp,25750.4,projected
2029q4,real_potential_gdp,25880.7,projected
2030q1,real_potential_gdp,26011.6,projected
2030q2,real_potential_gdp,26141.4,projected
2030q3,real_potential_gdp,26271.3,projected
2030q4,real_potential_gdp,26400.9,projected
2031q1,real_potential_gdp,26530.5,projected
2031q2,real_potential_gdp,26659.7,projected
2031q3,real_potential_gdp,26787.6,projected
2031q4,real_potential_gdp,26915.1,projected
2032q1,real_potential_gdp,27042.2,projected
2032q2,real_potential_gdp,27168.7,projected
2032q3,real_potential_gdp,27294.9,projected
2032q4,real_potential_gdp,27421.1,projected
2033q1,real_potential_gdp,27547.2,projected
2033q2,real_potential_gdp,27673.1,projected
2033q3,real_potential_gdp,27799.1,projected
2033q4,real_potential_gdp,27925.0,projected
2034q1,real_potential_gdp,28051.0,projected
2034q2,real_potential_gdp,28176.9,projected
2034q3,real_potential_gdp,28302.8,projected
2034q4,real_potential_gdp,28428.5,projected
2035q1,real_potential_gdp,28554.3,projected
2035q2,real_potential_gdp,28680.3,projected
2035q3,real_potential_gdp,28806.6,projected
2035q4,real_potential_gdp,28933.3,projected
2036q1,real_potential_gdp,29060.5,projected
2036q2,real_potential_gdp,29187.9,projected
2036q3,real_potential_gdp,29315.4,projected
2036q4,real_potential_gdp,29443.0,projected
2023q1,real_potential_gdp_pct_change,2.646,actual
2023q2,real_potential_gdp_pct_change,2.696,actual
2023q3,real_potential_gdp_pct_change,2.702,actual
2023q4,real_potential_gdp_pct_change,2.7,actual
2024q1,real_potential_gdp_pct_change,2.686,actual
2024q2,real_potential_gdp_pct_change,2.655,actual
2024q3,real_potential_gdp_pct_change,2.598,actual
2024q4,real_potential_gdp_pct_change,2.525,actual
2025q1,real_potential_gdp_pct_change,2.482,actual
2025q2,real_potential_gdp_pct_change,2.306,actual
2025q3,real_potential_gdp_pct_change,2.254,projected
2025q4,real_potential_gdp_pct_change,2.232,projected
2026q1,real_potential_gdp_pct_change,2.268,projected
2026q2,real_potential_gdp_pct_change,2.118,projected
2026q3,real_potential_gdp_pct_change,2.169,projected
2026q4,real_potential_gdp_pct_change,2.164,projected
2027q1,real_potential_gdp_pct_change,2.16,projected
2027q2,real_potential_gdp_pct_change,2.144,projected
2027q3,real_potential_gdp_pct_change,2.129,projected
2027q4,real_potential_gdp_pct_change,2.111,projected
2028q1,real_potential_gdp_pct_change,2.097,projected
2028q2,real_potential_gdp_pct_change,2.091,projected
2028q3,real_potential_gdp_pct_change,2.081,projected
2028q4,real_potential_gdp_pct_change,2.059,projected
2029q1,real_potential_gdp_pct_change,2.031,projected
2029q2,real_potential_gdp_pct_change,2.005,projected
2029q3,real_potential_gdp_pct_change,2.013,projected
2029q4,real_potential_gdp_pct_change,2.039,projected
2030q1,real_potential_gdp_pct_change,2.037,projected
2030q2,real_potential_gdp_pct_change,2.012,projected
2030q3,real_potential_gdp_pct_change,2.002,projected
2030q4,real_potential_gdp_pct_change,1.986,projected
2031q1,real_potential_gdp_pct_change,1.979,projected
2031q2,real_potential_gdp_pct_change,1.962,projected
2031q3,real_potential_gdp_pct_change,1.933,projected
2031q4,real_potential_gdp_pct_change,1.916,projected
2032q1,real_potential_gdp_pct_change,1.901,projected
2032q2,real_potential_gdp_pct_change,1.884,projected
2032q3,real_potential_gdp_pct_change,1.871,projected
2032q4,real_potential_gdp_pct_change,1.861,projected
2033q1,real_potential_gdp_pct_change,1.852,projected
2033q2,real_potential_gdp_pct_change,1.841,projected
2033q3,real_potential_gdp_pct_change,1.833,projected
2033q4,real_potential_gdp_pct_change,1.823,projected
2034q1,real_potential_gdp_pct_change,1.816,projected
2034q2,real_potential_gdp_pct_change,1.807,projected
2034q3,real_potential_gdp_pct_change,1.799,projected
2034q4,real_potential_gdp_pct_change,1.788,projected
2035q1,real_potential_gdp_pct_change,1.781,projected
2035q2,real_potential_gdp_pct_change,1.776,projected
2035q3,real_potential_gdp_pct_change,1.773,projected
2035q4,real_potential_gdp_pct_change,1.771,projected
2036q1,real_potential_gdp_pct_change,1.769,projected
2036q2,real_potential_gdp_pct_change,1.765,projected
2036q3,real_potential_gdp_pct_change,1.759,projected
2036q4,real_potential_gdp_pct_change,1.752,projected
2023q1,real_res_fixed_invest,749.2,actual
2023q2,real_res_fixed_invest,756.9,actual
2023q3,real_res_fixed_invest,777.7,actual
2023q4,real_res_fixed_invest,780.6,actual
2024q1,real_res_fixed_invest,796.2,actual
2024q2,real_res_fixed_invest,792.2,actual
2024q3,real_res_fixed_invest,782.5,actual
2024q4,real_res_fixed_invest,790.7,actual
2025q1,real_res_fixed_invest,788.8,actual
2025q2,real_res_fixed_invest,778.5,actual
2025q3,real_res_fixed_invest,773.2,projected
2025q4,real_res_fixed_invest,771.6,projected
2026q1,real_res_fixed_invest,773.5,projected
2026q2,real_res_fixed_invest,779.0,projected
2026q3,real_res_fixed_invest,786.0,projected
2026q4,real_res_fixed_invest,793.6,projected
2027q1,real_res_fixed_invest,800.8,projected
2027q2,real_res_fixed_invest,808.2,projected
2027q3,real_res_fixed_invest,815.2,projected
2027q4,real_res_fixed_invest,821.9,projected
2028q1,real_res_fixed_invest,828.2,projected
2028q2,real_res_fixed_invest,833.8,projected
2028q3,real_res_fixed_invest,838.5,projected
2028q4,real_res_fixed_invest,842.4,projected
2029q1,real_res_fixed_invest,846.1,projected
2029q2,real_res_fixed_invest,849.0,projected
2029q3,real_res_fixed_invest,851.7,projected
2029q4,real_res_fixed_invest,854.1,projected
2030q1,real_res_fixed_invest,856.1,projected
2030q2,real_res_fixed_invest,857.9,projected
2030q3,real_res_fixed_invest,859.1,projected
2030q4,real_res_fixed_invest,859.9,projected
2031q1,real_res_fixed_invest,859.6,projected
2031q2,real_res_fixed_invest,857.6,projected
2031q3,real_res_fixed_invest,854.9,projected
2031q4,real_res_fixed_invest,852.1,projected
2032q1,real_res_fixed_invest,849.2,projected
2032q2,real_res_fixed_invest,845.7,projected
2032q3,real_res_fixed_invest,841.9,projected
2032q4,real_res_fixed_invest,838.3,projected
2033q1,real_res_fixed_invest,835.8,projected
2033q2,real_res_fixed_invest,833.0,projected
2033q3,real_res_fixed_invest,830.3,projected
2033q4,real_res_fixed_invest,827.8,projected
2034q1,real_res_fixed_invest,827.1,projected
2034q2,real_res_fixed_invest,826.9,projected
2034q3,real_res_fixed_invest,827.4,projected
2034q4,real_res_fixed_invest,828.3,projected
2035q1,real_res_fixed_invest,830.1,projected
2035q2,real_res_fixed_invest,831.5,projected
2035q3,real_res_fixed_invest,833.1,projected
2035q4,real_res_fixed_invest,834.7,projected
2036q1,real_res_fixed_invest,836.7,projected
2036q2,real_res_fixed_invest,838.3,projected
2036q3,real_res_fixed_invest,839.7,projected
2036q4,real_res_fixed_invest,841.4,projected
2023q1,real_res_fixed_invest_pct_change,-6.592,actual
2023q2,real_res_fixed_invest_pct_change,4.18,actual
2023q3,real_res_fixed_invest_pct_change,11.458,actual
2023q4,real_res_fixed_invest_pct_change,1.504,actual
2024q1,real_res_fixed_invest_pct_change,8.208,actual
2024q2,real_res_fixed_invest_pct_change,-1.995,actual
2024q3,real_res_fixed_invest_pct_change,-4.809,actual
2024q4,real_res_fixed_invest_pct_change,4.265,actual
2025q1,real_res_fixed_invest_pct_change,-0.96,actual
2025q2,real_res_fixed_invest_pct_change,-5.096,actual
2025q3,real_res_fixed_invest_pct_change,-2.688,projected
2025q4,real_res_fixed_invest_pct_change,-0.839,projected
2026q1,real_res_fixed_invest_pct_change,0.978,projected
2026q2,real_res_fixed_invest_pct_change,2.865,projected
2026q3,real_res_fixed_invest_pct_change,3.676,projected
2026q4,real_res_fixed_invest_pct_change,3.925,projected
2027q1,real_res_fixed_invest_pct_change,3.666,projected
2027q2,real_res_fixed_invest_pct_change,3.722,projected
2027q3,real_res_fixed_invest_pct_change,3.524,projected
2027q4,real_res_fixed_invest_pct_change,3.326,projected
2028q1,real_res_fixed_invest_pct_change,3.1,projected
2028q2,real_res_fixed_invest_pct_change,2.729,projected
2028q3,real_res_fixed_invest_pct_change,2.292,projected
2028q4,real_res_fixed_invest_pct_change,1.875,projected
2029q1,real_res_fixed_invest_pct_change,1.758,projected
2029q2,real_res_fixed_invest_pct_change,1.386,projected
2029q3,real_res_fixed_invest_pct_change,1.241,projected
2029q4,real_res_fixed_invest_pct_change,1.156,projected
2030q1,real_res_fixed_invest_pct_change,0.942,projected
2030q2,real_res_fixed_invest_pct_change,0.855,projected
2030q3,real_res_fixed_invest_pct_change,0.545,projected
2030q4,real_res_fixed_invest_pct_change,0.384,projected
2031q1,real_res_fixed_invest_pct_change,-0.136,projected
2031q2,real_res_fixed_invest_pct_change,-0.944,projected
2031q3,real_res_fixed_invest_pct_change,-1.234,projected
2031q4,real_res_fixed_invest_pct_change,-1.329,projected
2032q1,real_res_fixed_invest_pct_change,-1.342,projected
2032q2,real_res_fixed_invest_pct_change,-1.66,projected
2032q3,real_res_fixed_invest_pct_change,-1.761,projected
2032q4,real_res_fixed_invest_pct_change,-1.723,projected
2033q1,real_res_fixed_invest_pct_change,-1.175,projected
2033q2,real_res_fixed_invest_pct_change,-1.329,projected
2033q3,real_res_fixed_invest_pct_change,-1.266,projected
2033q4,real_res_fixed_invest_pct_change,-1.202,projected
2034q1,real_res_fixed_invest_pct_change,-0.356,projected
2034q2,real_res_fixed_invest_pct_change,-0.099,projected
2034q3,real_res_fixed_invest_pct_change,0.227,projected
2034q4,real_res_fixed_invest_pct_change,0.463,projected
2035q1,real_res_fixed_invest_pct_change,0.843,projected
2035q2,real_res_fixed_invest_pct_change,0.719,projected
2035q3,real_res_fixed_invest_pct_change,0.739,projected
2035q4,real_res_fixed_invest_pct_change,0.767,projected
2036q1,real_res_fixed_invest_pct_change,0.989,projected
2036q2,real_res_fixed_invest_pct_change,0.735,projected
2036q3,real_res_fixed_invest_pct_change,0.708,projected
2036q4,real_res_fixed_invest_pct_change,0.794,projected
2023q1,real_sl_government_c_gi,2287.0,actual
2023q2,real_sl_government_c_gi,2317.1,actual
2023q3,real_sl_government_c_gi,2340.9,actual
2023q4,real_sl_government_c_gi,2372.0,actual
2024q1,real_sl_government_c_gi,2390.7,actual
2024q2,real_sl_government_c_gi,2407.3,actual
2024q3,real_sl_government_c_gi,2428.5,actual
2024q4,real_sl_government_c_gi,2444.7,actual
2025q1,real_sl_government_c_gi,2456.3,actual
2025q2,real_sl_government_c_gi,2475.3,actual
2025q3,real_sl_government_c_gi,2482.8,projected
2025q4,real_sl_government_c_gi,2487.3,projected
2026q1,real_sl_government_c_gi,2490.4,projected
2026q2,real_sl_government_c_gi,2493.3,projected
2026q3,real_sl_government_c_gi,2496.6,projected
2026q4,real_sl_government_c_gi,2498.5,projected
2027q1,real_sl_government_c_gi,2501.1,projected
2027q2,real_sl_government_c_gi,2503.9,projected
2027q3,real_sl_government_c_gi,2506.2,projected
2027q4,real_sl_government_c_gi,2508.6,projected
2028q1,real_sl_government_c_gi,2510.9,projected
2028q2,real_sl_government_c_gi,2513.4,projected
2028q3,real_sl_government_c_gi,2515.9,projected
2028q4,real_sl_government_c_gi,2518.6,projected
2029q1,real_sl_government_c_gi,2521.7,projected
2029q2,real_sl_government_c_gi,2524.2,projected
2029q3,real_sl_government_c_gi,2526.5,projected
2029q4,real_sl_government_c_gi,2528.9,projected
2030q1,real_sl_government_c_gi,2530.9,projected
2030q2,real_sl_government_c_gi,2533.1,projected
2030q3,real_sl_government_c_gi,2535.4,projected
2030q4,real_sl_government_c_gi,2537.8,projected
2031q1,real_sl_government_c_gi,2540.2,projected
2031q2,real_sl_government_c_gi,2542.9,projected
2031q3,real_sl_government_c_gi,2545.6,projected
2031q4,real_sl_government_c_gi,2548.4,projected
2032q1,real_sl_government_c_gi,2551.0,projected
2032q2,real_sl_government_c_gi,2553.6,projected
2032q3,real_sl_government_c_gi,2556.2,projected
2032q4,real_sl_government_c_gi,2558.8,projected
2033q1,real_sl_government_c_gi,2561.2,projected
2033q2,real_sl_government_c_gi,2563.2,projected
2033q3,real_sl_government_c_gi,2565.3,projected
2033q4,real_sl_government_c_gi,2567.5,projected
2034q1,real_sl_government_c_gi,2569.5,projected
2034q2,real_sl_government_c_gi,2571.5,projected
2034q3,real_sl_government_c_gi,2573.2,projected
2034q4,real_sl_government_c_gi,2574.7,projected
2035q1,real_sl_government_c_gi,2575.7,projected
2035q2,real_sl_government_c_gi,2576.7,projected
2035q3,real_sl_government_c_gi,2577.6,projected
2035q4,real_sl_government_c_gi,2578.5,projected
2036q1,real_sl_government_c_gi,2579.4,projected
2036q2,real_sl_government_c_gi,2580.6,projected
2036q3,real_sl_government_c_gi,2581.9,projected
2036q4,real_sl_government_c_gi,2583.4,projected
2023q1,real_sl_government_c_gi_pct_change,4.137,actual
2023q2,real_sl_government_c_gi_pct_change,5.365,actual
2023q3,real_sl_government_c_gi_pct_change,4.173,actual
2023q4,real_sl_government_c_gi_pct_change,5.431,actual
2024q1,real_sl_government_c_gi_pct_change,3.191,actual
2024q2,real_sl_government_c_gi_pct_change,2.809,actual
2024q3,real_sl_government_c_gi_pct_change,3.568,actual
2024q4,real_sl_government_c_gi_pct_change,2.686,actual
2025q1,real_sl_government_c_gi_pct_change,1.914,actual
2025q2,real_sl_government_c_gi_pct_change,3.129,actual
2025q3,real_sl_government_c_gi_pct_change,1.218,projected
2025q4,real_sl_government_c_gi_pct_change,0.72,projected
2026q1,real_sl_government_c_gi_pct_change,0.511,projected
2026q2,real_sl_government_c_gi_pct_change,0.457,projected
2026q3,real_sl_government_c_gi_pct_change,0.54,projected
2026q4,real_sl_government_c_gi_pct_change,0.3,projected
2027q1,real_sl_government_c_gi_pct_change,0.41,projected
2027q2,real_sl_government_c_gi_pct_change,0.458,projected
2027q3,real_sl_government_c_gi_pct_change,0.368,projected
2027q4,real_sl_government_c_gi_pct_change,0.377,projected
2028q1,real_sl_government_c_gi_pct_change,0.365,projected
2028q2,real_sl_government_c_gi_pct_change,0.391,projected
2028q3,real_sl_government_c_gi_pct_change,0.412,projected
2028q4,real_sl_government_c_gi_pct_change,0.428,projected
2029q1,real_sl_government_c_gi_pct_change,0.488,projected
2029q2,real_sl_government_c_gi_pct_change,0.392,projected
2029q3,real_sl_government_c_gi_pct_change,0.376,projected
2029q4,real_sl_government_c_gi_pct_change,0.366,projected
2030q1,real_sl_government_c_gi_pct_change,0.33,projected
2030q2,real_sl_government_c_gi_pct_change,0.348,projected
2030q3,real_sl_government_c_gi_pct_change,0.355,projected
2030q4,real_sl_government_c_gi_pct_change,0.383,projected
2031q1,real_sl_government_c_gi_pct_change,0.382,projected
2031q2,real_sl_government_c_gi_pct_change,0.423,projected
2031q3,real_sl_government_c_gi_pct_change,0.428,projected
2031q4,real_sl_government_c_gi_pct_change,0.436,projected
2032q1,real_sl_government_c_gi_pct_change,0.413,projected
2032q2,real_sl_government_c_gi_pct_change,0.398,projected
2032q3,real_sl_government_c_gi_pct_change,0.413,projected
2032q4,real_sl_government_c_gi_pct_change,0.409,projected
2033q1,real_sl_government_c_gi_pct_change,0.373,projected
2033q2,real_sl_government_c_gi_pct_change,0.312,projected
2033q3,real_sl_government_c_gi_pct_change,0.331,projected
2033q4,real_sl_government_c_gi_pct_change,0.33,projected
2034q1,real_sl_government_c_gi_pct_change,0.322,projected
2034q2,real_sl_government_c_gi_pct_change,0.3,projected
2034q3,real_sl_government_c_gi_pct_change,0.263,projected
2034q4,real_sl_government_c_gi_pct_change,0.241,projected
2035q1,real_sl_government_c_gi_pct_change,0.159,projected
2035q2,real_sl_government_c_gi_pct_change,0.146,projected
2035q3,real_sl_government_c_gi_pct_change,0.137,projected
2035q4,real_sl_government_c_gi_pct_change,0.139,projected
2036q1,real_sl_government_c_gi_pct_change,0.139,projected
2036q2,real_sl_government_c_gi_pct_change,0.184,projected
2036q3,real_sl_government_c_gi_pct_change,0.206,projected
2036q4,real_sl_government_c_gi_pct_change,0.228,projected
2023q1,rental_inc_adj,965.5,actual
2023q2,rental_inc_adj,998.0,actual
2023q3,rental_inc_adj,1012.9,actual
2023q4,rental_inc_adj,1033.6,actual
2024q1,rental_inc_adj,1069.0,actual
2024q2,rental_inc_adj,1069.7,actual
2024q3,rental_inc_adj,1077.3,actual
2024q4,rental_inc_adj,1096.7,actual
2025q1,rental_inc_adj,1115.6,actual
2025q2,rental_inc_adj,1119.2,actual
2025q3,rental_inc_adj,1125.1,projected
2025q4,rental_inc_adj,1130.2,projected
2026q1,rental_inc_adj,1130.9,projected
2026q2,rental_inc_adj,1141.0,projected
2026q3,rental_inc_adj,1152.1,projected
2026q4,rental_inc_adj,1165.9,projected
2027q1,rental_inc_adj,1175.4,projected
2027q2,rental_inc_adj,1181.3,projected
2027q3,rental_inc_adj,1189.8,projected
2027q4,rental_inc_adj,1198.2,projected
2028q1,rental_inc_adj,1205.3,projected
2028q2,rental_inc_adj,1212.7,projected
2028q3,rental_inc_adj,1220.3,projected
2028q4,rental_inc_adj,1228.5,projected
2029q1,rental_inc_adj,1234.4,projected
2029q2,rental_inc_adj,1240.4,projected
2029q3,rental_inc_adj,1245.9,projected
2029q4,rental_inc_adj,1251.1,projected
2030q1,rental_inc_adj,1255.8,projected
2030q2,rental_inc_adj,1260.8,projected
2030q3,rental_inc_adj,1266.2,projected
2030q4,rental_inc_adj,1272.0,projected
2031q1,rental_inc_adj,1278.3,projected
2031q2,rental_inc_adj,1285.0,projected
2031q3,rental_inc_adj,1292.2,projected
2031q4,rental_inc_adj,1299.9,projected
2032q1,rental_inc_adj,1306.1,projected
2032q2,rental_inc_adj,1314.8,projected
2032q3,rental_inc_adj,1323.8,projected
2032q4,rental_inc_adj,1333.2,projected
2033q1,rental_inc_adj,1343.0,projected
2033q2,rental_inc_adj,1353.1,projected
2033q3,rental_inc_adj,1363.5,projected
2033q4,rental_inc_adj,1374.2,projected
2034q1,rental_inc_adj,1385.2,projected
2034q2,rental_inc_adj,1396.4,projected
2034q3,rental_inc_adj,1407.8,projected
2034q4,rental_inc_adj,1419.5,projected
2035q1,rental_inc_adj,1431.4,projected
2035q2,rental_inc_adj,1443.5,projected
2035q3,rental_inc_adj,1455.9,projected
2035q4,rental_inc_adj,1468.5,projected
2036q1,rental_inc_adj,1481.2,projected
2036q2,rental_inc_adj,1494.2,projected
2036q3,rental_inc_adj,1507.3,projected
2036q4,rental_inc_adj,1520.6,projected
2023q1,rental_inc_adj_share_of_gdp,3.5,actual
2023q2,rental_inc_adj_share_of_gdp,3.6,actual
2023q3,rental_inc_adj_share_of_gdp,3.6,actual
2023q4,rental_inc_adj_share_of_gdp,3.6,actual
2024q1,rental_inc_adj_share_of_gdp,3.7,actual
2024q2,rental_inc_adj_share_of_gdp,3.7,actual
2024q3,rental_inc_adj_share_of_gdp,3.7,actual
2024q4,rental_inc_adj_share_of_gdp,3.7,actual
2025q1,rental_inc_adj_share_of_gdp,3.7,actual
2025q2,rental_inc_adj_share_of_gdp,3.7,actual
2025q3,rental_inc_adj_share_of_gdp,3.6,projected
2025q4,rental_inc_adj_share_of_gdp,3.6,projected
2026q1,rental_inc_adj_share_of_gdp,3.6,projected
2026q2,rental_inc_adj_share_of_gdp,3.6,projected
2026q3,rental_inc_adj_share_of_gdp,3.5,projected
2026q4,rental_inc_adj_share_of_gdp,3.6,projected
2027q1,rental_inc_adj_share_of_gdp,3.5,projected
2027q2,rental_inc_adj_share_of_gdp,3.5,projected
2027q3,rental_inc_adj_share_of_gdp,3.5,projected
2027q4,rental_inc_adj_share_of_gdp,3.5,projected
2028q1,rental_inc_adj_share_of_gdp,3.5,projected
2028q2,rental_inc_adj_share_of_gdp,3.5,projected
2028q3,rental_inc_adj_share_of_gdp,3.5,projected
2028q4,rental_inc_adj_share_of_gdp,3.5,projected
2029q1,rental_inc_adj_share_of_gdp,3.4,projected
2029q2,rental_inc_adj_share_of_gdp,3.4,projected
2029q3,rental_inc_adj_share_of_gdp,3.4,projected
2029q4,rental_inc_adj_share_of_gdp,3.4,projected
2030q1,rental_inc_adj_share_of_gdp,3.4,projected
2030q2,rental_inc_adj_share_of_gdp,3.4,projected
2030q3,rental_inc_adj_share_of_gdp,3.3,projected
2030q4,rental_inc_adj_share_of_gdp,3.3,projected
2031q1,rental_inc_adj_share_of_gdp,3.3,projected
2031q2,rental_inc_adj_share_of_gdp,3.3,projected
2031q3,rental_inc_adj_share_of_gdp,3.3,projected
2031q4,rental_inc_adj_share_of_gdp,3.3,projected
2032q1,rental_inc_adj_share_of_gdp,3.3,projected
2032q2,rental_inc_adj_share_of_gdp,3.2,projected
2032q3,rental_inc_adj_share_of_gdp,3.2,projected
2032q4,rental_inc_adj_share_of_gdp,3.2,projected
2033q1,rental_inc_adj_share_of_gdp,3.2,projected
2033q2,rental_inc_adj_share_of_gdp,3.2,projected
2033q3,rental_inc_adj_share_of_gdp,3.2,projected
2033q4,rental_inc_adj_share_of_gdp,3.2,projected
2034q1,rental_inc_adj_share_of_gdp,3.2,projected
2034q2,rental_inc_adj_share_of_gdp,3.2,projected
2034q3,rental_inc_adj_share_of_gdp,3.2,projected
2034q4,rental_inc_adj_share_of_gdp,3.2,projected
2035q1,rental_inc_adj_share_of_gdp,3.2,projected
2035q2,rental_inc_adj_share_of_gdp,3.2,projected
2035q3,rental_inc_adj_share_of_gdp,3.2,projected
2035q4,rental_inc_adj_share_of_gdp,3.2,projected
2036q1,rental_inc_adj_share_of_gdp,3.2,projected
2036q2,rental_inc_adj_share_of_gdp,3.2,projected
2036q3,rental_inc_adj_share_of_gdp,3.2,projected
2036q4,rental_inc_adj_share_of_gdp,3.2,projected
2023q1,res_fixed_invest,1081.4,actual
2023q2,res_fixed_invest,1089.2,actual
2023q3,res_fixed_invest,1134.7,actual
2023q4,res_fixed_invest,1150.9,actual
2024q1,res_fixed_invest,1175.8,actual
2024q2,res_fixed_invest,1180.1,actual
2024q3,res_fixed_invest,1177.8,actual
2024q4,res_fixed_invest,1197.7,actual
2025q1,res_fixed_invest,1206.2,actual
2025q2,res_fixed_invest,1196.9,actual
2025q3,res_fixed_invest,1199.0,projected
2025q4,res_fixed_invest,1204.9,projected
2026q1,res_fixed_invest,1216.5,projected
2026q2,res_fixed_invest,1233.6,projected
2026q3,res_fixed_invest,1252.8,projected
2026q4,res_fixed_invest,1273.1,projected
2027q1,res_fixed_invest,1293.3,projected
2027q2,res_fixed_invest,1313.7,projected
2027q3,res_fixed_invest,1333.6,projected
2027q4,res_fixed_invest,1353.4,projected
2028q1,res_fixed_invest,1372.9,projected
2028q2,res_fixed_invest,1391.4,projected
2028q3,res_fixed_invest,1408.7,projected
2028q4,res_fixed_invest,1425.0,projected
2029q1,res_fixed_invest,1441.0,projected
2029q2,res_fixed_invest,1455.9,projected
2029q3,res_fixed_invest,1470.4,projected
2029q4,res_fixed_invest,1484.7,projected
2030q1,res_fixed_invest,1498.3,projected
2030q2,res_fixed_invest,1511.8,projected
2030q3,res_fixed_invest,1524.2,projected
2030q4,res_fixed_invest,1536.2,projected
2031q1,res_fixed_invest,1546.2,projected
2031q2,res_fixed_invest,1553.0,projected
2031q3,res_fixed_invest,1558.7,projected
2031q4,res_fixed_invest,1563.8,projected
2032q1,res_fixed_invest,1568.7,projected
2032q2,res_fixed_invest,1572.3,projected
2032q3,res_fixed_invest,1575.3,projected
2032q4,res_fixed_invest,1578.6,projected
2033q1,res_fixed_invest,1584.1,projected
2033q2,res_fixed_invest,1588.9,projected
2033q3,res_fixed_invest,1593.9,projected
2033q4,res_fixed_invest,1599.2,projected
2034q1,res_fixed_invest,1607.9,projected
2034q2,res_fixed_invest,1617.8,projected
2034q3,res_fixed_invest,1629.1,projected
2034q4,res_fixed_invest,1641.5,projected
2035q1,res_fixed_invest,1655.6,projected
2035q2,res_fixed_invest,1669.4,projected
2035q3,res_fixed_invest,1683.5,projected
2035q4,res_fixed_invest,1697.9,projected
2036q1,res_fixed_invest,1713.4,projected
2036q2,res_fixed_invest,1728.0,projected
2036q3,res_fixed_invest,1742.7,projected
2036q4,res_fixed_invest,1758.0,projected
2023q1,res_fixed_invest_pct_change,-10.134,actual
2023q2,res_fixed_invest_pct_change,2.934,actual
2023q3,res_fixed_invest_pct_change,17.782,actual
2023q4,res_fixed_invest_pct_change,5.853,actual
2024q1,res_fixed_invest_pct_change,8.926,actual
2024q2,res_fixed_invest_pct_change,1.465,actual
2024q3,res_fixed_invest_pct_change,-0.774,actual
2024q4,res_fixed_invest_pct_change,6.913,actual
2025q1,res_fixed_invest_pct_change,2.885,actual
2025q2,res_fixed_invest_pct_change,-3.044,actual
2025q3,res_fixed_invest_pct_change,0.708,projected
2025q4,res_fixed_invest_pct_change,1.973,projected
2026q1,res_fixed_invest_pct_change,3.917,projected
2026q2,res_fixed_invest_pct_change,5.739,projected
2026q3,res_fixed_invest_pct_change,6.351,projected
2026q4,res_fixed_invest_pct_change,6.666,projected
2027q1,res_fixed_invest_pct_change,6.478,projected
2027q2,res_fixed_invest_pct_change,6.457,projected
2027q3,res_fixed_invest_pct_change,6.217,projected
2027q4,res_fixed_invest_pct_change,6.056,projected
2028q1,res_fixed_invest_pct_change,5.884,projected
2028q2,res_fixed_invest_pct_change,5.505,projected
2028q3,res_fixed_invest_pct_change,5.084,projected
2028q4,res_fixed_invest_pct_change,4.688,projected
2029q1,res_fixed_invest_pct_change,4.578,projected
2029q2,res_fixed_invest_pct_change,4.205,projected
2029q3,res_fixed_invest_pct_change,4.048,projected
2029q4,res_fixed_invest_pct_change,3.945,projected
2030q1,res_fixed_invest_pct_change,3.721,projected
2030q2,res_fixed_invest_pct_change,3.636,projected
2030q3,res_fixed_invest_pct_change,3.33,projected
2030q4,res_fixed_invest_pct_change,3.173,projected
2031q1,res_fixed_invest_pct_change,2.633,projected
2031q2,res_fixed_invest_pct_change,1.785,projected
2031q3,res_fixed_invest_pct_change,1.458,projected
2031q4,res_fixed_invest_pct_change,1.322,projected
2032q1,res_fixed_invest_pct_change,1.266,projected
2032q2,res_fixed_invest_pct_change,0.905,projected
2032q3,res_fixed_invest_pct_change,0.78,projected
2032q4,res_fixed_invest_pct_change,0.837,projected
2033q1,res_fixed_invest_pct_change,1.386,projected
2033q2,res_fixed_invest_pct_change,1.214,projected
2033q3,res_fixed_invest_pct_change,1.273,projected
2033q4,res_fixed_invest_pct_change,1.332,projected
2034q1,res_fixed_invest_pct_change,2.201,projected
2034q2,res_fixed_invest_pct_change,2.473,projected
2034q3,res_fixed_invest_pct_change,2.823,projected
2034q4,res_fixed_invest_pct_change,3.082,projected
2035q1,res_fixed_invest_pct_change,3.488,projected
2035q2,res_fixed_invest_pct_change,3.378,projected
2035q3,res_fixed_invest_pct_change,3.416,projected
2035q4,res_fixed_invest_pct_change,3.462,projected
2036q1,res_fixed_invest_pct_change,3.706,projected
2036q2,res_fixed_invest_pct_change,3.459,projected
2036q3,res_fixed_invest_pct_change,3.446,projected
2036q4,res_fixed_invest_pct_change,3.55,projected
2023q1,sl_government_c_gi,2912.8,actual
2023q2,sl_government_c_gi,2934.6,actual
2023q3,sl_government_c_gi,3005.4,actual
2023q4,sl_government_c_gi,3049.0,actual
2024q1,sl_government_c_gi,3097.5,actual
2024q2,sl_government_c_gi,3127.6,actual
2024q3,sl_government_c_gi,3169.1,actual
2024q4,sl_government_c_gi,3200.8,actual
2025q1,sl_government_c_gi,3245.8,actual
2025q2,sl_government_c_gi,3280.6,actual
2025q3,sl_government_c_gi,3317.3,projected
2025q4,sl_government_c_gi,3352.6,projected
2026q1,sl_government_c_gi,3384.5,projected
2026q2,sl_government_c_gi,3416.8,projected
2026q3,sl_government_c_gi,3449.9,projected
2026q4,sl_government_c_gi,3480.4,projected
2027q1,sl_government_c_gi,3512.2,projected
2027q2,sl_government_c_gi,3543.9,projected
2027q3,sl_government_c_gi,3574.5,projected
2027q4,sl_government_c_gi,3605.0,projected
2028q1,sl_government_c_gi,3635.3,projected
2028q2,sl_government_c_gi,3665.9,projected
2028q3,sl_government_c_gi,3696.8,projected
2028q4,sl_government_c_gi,3727.7,projected
2029q1,sl_government_c_gi,3759.3,projected
2029q2,sl_government_c_gi,3790.1,projected
2029q3,sl_government_c_gi,3820.9,projected
2029q4,sl_government_c_gi,3851.8,projected
2030q1,sl_government_c_gi,3882.5,projected
2030q2,sl_government_c_gi,3913.7,projected
2030q3,sl_government_c_gi,3945.1,projected
2030q4,sl_government_c_gi,3977.0,projected
2031q1,sl_government_c_gi,4009.2,projected
2031q2,sl_government_c_gi,4042.1,projected
2031q3,sl_government_c_gi,4075.4,projected
2031q4,sl_government_c_gi,4108.9,projected
2032q1,sl_government_c_gi,4142.5,projected
2032q2,sl_government_c_gi,4176.3,projected
2032q3,sl_government_c_gi,4210.4,projected
2032q4,sl_government_c_gi,4244.7,projected
2033q1,sl_government_c_gi,4278.9,projected
2033q2,sl_government_c_gi,4312.7,projected
2033q3,sl_government_c_gi,4347.0,projected
2033q4,sl_government_c_gi,4381.7,projected
2034q1,sl_government_c_gi,4416.5,projected
2034q2,sl_government_c_gi,4451.5,projected
2034q3,sl_government_c_gi,4486.5,projected
2034q4,sl_government_c_gi,4521.6,projected
2035q1,sl_government_c_gi,4556.1,projected
2035q2,sl_government_c_gi,4590.8,projected
2035q3,sl_government_c_gi,4625.7,projected
2035q4,sl_government_c_gi,4661.0,projected
2036q1,sl_government_c_gi,4696.7,projected
2036q2,sl_government_c_gi,4733.2,projected
2036q3,sl_government_c_gi,4770.4,projected
2036q4,sl_government_c_gi,4808.2,projected
2023q1,sl_government_c_gi_pct_change,4.749,actual
2023q2,sl_government_c_gi_pct_change,3.018,actual
2023q3,sl_government_c_gi_pct_change,10.007,actual
2023q4,sl_government_c_gi_pct_change,5.938,actual
2024q1,sl_government_c_gi_pct_change,6.513,actual
2024q2,sl_government_c_gi_pct_change,3.944,actual
2024q3,sl_government_c_gi_pct_change,5.407,actual
2024q4,sl_government_c_gi_pct_change,4.06,actual
2025q1,sl_government_c_gi_pct_change,5.747,actual
2025q2,sl_government_c_gi_pct_change,4.353,actual
2025q3,sl_government_c_gi_pct_change,4.555,projected
2025q4,sl_government_c_gi_pct_change,4.323,projected
2026q1,sl_government_c_gi_pct_change,3.867,projected
2026q2,sl_government_c_gi_pct_change,3.873,projected
2026q3,sl_government_c_gi_pct_change,3.926,projected
2026q4,sl_government_c_gi_pct_change,3.578,projected
2027q1,sl_government_c_gi_pct_change,3.705,projected
2027q2,sl_government_c_gi_pct_change,3.662,projected
2027q3,sl_government_c_gi_pct_change,3.498,projected
2027q4,sl_government_c_gi_pct_change,3.453,projected
2028q1,sl_government_c_gi_pct_change,3.409,projected
2028q2,sl_government_c_gi_pct_change,3.412,projected
2028q3,sl_government_c_gi_pct_change,3.407,projected
2028q4,sl_government_c_gi_pct_change,3.393,projected
2029q1,sl_government_c_gi_pct_change,3.43,projected
2029q2,sl_government_c_gi_pct_change,3.315,projected
2029q3,sl_government_c_gi_pct_change,3.288,projected
2029q4,sl_government_c_gi_pct_change,3.274,projected
2030q1,sl_government_c_gi_pct_change,3.232,projected
2030q2,sl_government_c_gi_pct_change,3.246,projected
2030q3,sl_government_c_gi_pct_change,3.251,projected
2030q4,sl_government_c_gi_pct_change,3.278,projected
2031q1,sl_government_c_gi_pct_change,3.278,projected
2031q2,sl_government_c_gi_pct_change,3.321,projected
2031q3,sl_government_c_gi_pct_change,3.328,projected
2031q4,sl_government_c_gi_pct_change,3.336,projected
2032q1,sl_government_c_gi_pct_change,3.312,projected
2032q2,sl_government_c_gi_pct_change,3.295,projected
2032q3,sl_government_c_gi_pct_change,3.308,projected
2032q4,sl_government_c_gi_pct_change,3.304,projected
2033q1,sl_government_c_gi_pct_change,3.262,projected
2033q2,sl_government_c_gi_pct_change,3.197,projected
2033q3,sl_government_c_gi_pct_change,3.219,projected
2033q4,sl_government_c_gi_pct_change,3.223,projected
2034q1,sl_government_c_gi_pct_change,3.22,projected
2034q2,sl_government_c_gi_pct_change,3.205,projected
2034q3,sl_government_c_gi_pct_change,3.178,projected
2034q4,sl_government_c_gi_pct_change,3.167,projected
2035q1,sl_government_c_gi_pct_change,3.088,projected
2035q2,sl_government_c_gi_pct_change,3.081,projected
2035q3,sl_government_c_gi_pct_change,3.079,projected
2035q4,sl_government_c_gi_pct_change,3.088,projected
2036q1,sl_government_c_gi_pct_change,3.095,projected
2036q2,sl_government_c_gi_pct_change,3.149,projected
2036q3,sl_government_c_gi_pct_change,3.178,projected
2036q4,sl_government_c_gi_pct_change,3.207,projected
2023q1,treasury_bill_rate_3mo,4.626,actual
2023q2,treasury_bill_rate_3mo,5.073,actual
2023q3,treasury_bill_rate_3mo,5.29,actual
2023q4,treasury_bill_rate_3mo,5.283,actual
2024q1,treasury_bill_rate_3mo,5.233,actual
2024q2,treasury_bill_rate_3mo,5.243,actual
2024q3,treasury_bill_rate_3mo,4.99,actual
2024q4,treasury_bill_rate_3mo,4.4,actual
2025q1,treasury_bill_rate_3mo,4.21,actual
2025q2,treasury_bill_rate_3mo,4.23,actual
2025q3,treasury_bill_rate_3mo,4.096,projected
2025q4,treasury_bill_rate_3mo,3.689,projected
2026q1,treasury_bill_rate_3mo,3.469,projected
2026q2,treasury_bill_rate_3mo,3.281,projected
2026q3,treasury_bill_rate_3mo,3.289,projected
2026q4,treasury_bill_rate_3mo,3.278,projected
2027q1,treasury_bill_rate_3mo,3.264,projected
2027q2,treasury_bill_rate_3mo,3.252,projected
2027q3,treasury_bill_rate_3mo,3.242,projected
2027q4,treasury_bill_rate_3mo,3.234,projected
2028q1,treasury_bill_rate_3mo,3.226,projected
2028q2,treasury_bill_rate_3mo,3.219,projected
2028q3,treasury_bill_rate_3mo,3.213,projected
2028q4,treasury_bill_rate_3mo,3.208,projected
2029q1,treasury_bill_rate_3mo,3.203,projected
2029q2,treasury_bill_rate_3mo,3.198,projected
2029q3,treasury_bill_rate_3mo,3.194,projected
2029q4,treasury_bill_rate_3mo,3.191,projected
2030q1,treasury_bill_rate_3mo,3.187,projected
2030q2,treasury_bill_rate_3mo,3.185,projected
2030q3,treasury_bill_rate_3mo,3.182,projected
2030q4,treasury_bill_rate_3mo,3.18,projected
2031q1,treasury_bill_rate_3mo,3.179,projected
2031q2,treasury_bill_rate_3mo,3.176,projected
2031q3,treasury_bill_rate_3mo,3.168,projected
2031q4,treasury_bill_rate_3mo,3.161,projected
2032q1,treasury_bill_rate_3mo,3.155,projected
2032q2,treasury_bill_rate_3mo,3.149,projected
2032q3,treasury_bill_rate_3mo,3.144,projected
2032q4,treasury_bill_rate_3mo,3.14,projected
2033q1,treasury_bill_rate_3mo,3.137,projected
2033q2,treasury_bill_rate_3mo,3.133,projected
2033q3,treasury_bill_rate_3mo,3.131,projected
2033q4,treasury_bill_rate_3mo,3.128,projected
2034q1,treasury_bill_rate_3mo,3.126,projected
2034q2,treasury_bill_rate_3mo,3.124,projected
2034q3,treasury_bill_rate_3mo,3.123,projected
2034q4,treasury_bill_rate_3mo,3.121,projected
2035q1,treasury_bill_rate_3mo,3.12,projected
2035q2,treasury_bill_rate_3mo,3.119,projected
2035q3,treasury_bill_rate_3mo,3.118,projected
2035q4,treasury_bill_rate_3mo,3.117,projected
2036q1,treasury_bill_rate_3mo,3.116,projected
2036q2,treasury_bill_rate_3mo,3.116,projected
2036q3,treasury_bill_rate_3mo,3.115,projected
2036q4,treasury_bill_rate_3mo,3.115,projected
2023q1,treasury_note_rate_10yr,3.646,actual
2023q2,treasury_note_rate_10yr,3.593,actual
2023q3,treasury_note_rate_10yr,4.15,actual
2023q4,treasury_note_rate_10yr,4.44,actual
2024q1,treasury_note_rate_10yr,4.16,actual
2024q2,treasury_note_rate_10yr,4.443,actual
2024q3,treasury_note_rate_10yr,3.946,actual
2024q4,treasury_note_rate_10yr,4.283,actual
2025q1,treasury_note_rate_10yr,4.453,actual
2025q2,treasury_note_rate_10yr,4.36,actual
2025q3,treasury_note_rate_10yr,4.256,projected
2025q4,treasury_note_rate_10yr,4.082,projected
2026q1,treasury_note_rate_10yr,4.059,projected
2026q2,treasury_note_rate_10yr,4.093,projected
2026q3,treasury_note_rate_10yr,4.156,projected
2026q4,treasury_note_rate_10yr,4.197,projected
2027q1,treasury_note_rate_10yr,4.226,projected
2027q2,treasury_note_rate_10yr,4.248,projected
2027q3,treasury_note_rate_10yr,4.265,projected
2027q4,treasury_note_rate_10yr,4.279,projected
2028q1,treasury_note_rate_10yr,4.29,projected
2028q2,treasury_note_rate_10yr,4.3,projected
2028q3,treasury_note_rate_10yr,4.308,projected
2028q4,treasury_note_rate_10yr,4.315,projected
2029q1,treasury_note_rate_10yr,4.321,projected
2029q2,treasury_note_rate_10yr,4.327,projected
2029q3,treasury_note_rate_10yr,4.331,projected
2029q4,treasury_note_rate_10yr,4.335,projected
2030q1,treasury_note_rate_10yr,4.338,projected
2030q2,treasury_note_rate_10yr,4.341,projected
2030q3,treasury_note_rate_10yr,4.344,projected
2030q4,treasury_note_rate_10yr,4.346,projected
2031q1,treasury_note_rate_10yr,4.348,projected
2031q2,treasury_note_rate_10yr,4.351,projected
2031q3,treasury_note_rate_10yr,4.352,projected
2031q4,treasury_note_rate_10yr,4.354,projected
2032q1,treasury_note_rate_10yr,4.356,projected
2032q2,treasury_note_rate_10yr,4.358,projected
2032q3,treasury_note_rate_10yr,4.36,projected
2032q4,treasury_note_rate_10yr,4.362,projected
2033q1,treasury_note_rate_10yr,4.364,projected
2033q2,treasury_note_rate_10yr,4.365,projected
2033q3,treasury_note_rate_10yr,4.367,projected
2033q4,treasury_note_rate_10yr,4.369,projected
2034q1,treasury_note_rate_10yr,4.371,projected
2034q2,treasury_note_rate_10yr,4.373,projected
2034q3,treasury_note_rate_10yr,4.375,projected
2034q4,treasury_note_rate_10yr,4.377,projected
2035q1,treasury_note_rate_10yr,4.379,projected
2035q2,treasury_note_rate_10yr,4.381,projected
2035q3,treasury_note_rate_10yr,4.382,projected
2035q4,treasury_note_rate_10yr,4.384,projected
2036q1,treasury_note_rate_10yr,4.385,projected
2036q2,treasury_note_rate_10yr,4.387,projected
2036q3,treasury_note_rate_10yr,4.389,projected
2036q4,treasury_note_rate_10yr,4.39,projected
2023q1,unemployment_rate,3.533,actual
2023q2,unemployment_rate,3.533,actual
2023q3,unemployment_rate,3.666,actual
2023q4,unemployment_rate,3.8,actual
2024q1,unemployment_rate,3.833,actual
2024q2,unemployment_rate,4.0,actual
2024q3,unemployment_rate,4.166,actual
2024q4,unemployment_rate,4.133,actual
2025q1,unemployment_rate,4.1,actual
2025q2,unemployment_rate,4.166,actual
2025q3,unemployment_rate,4.3,projected
2025q4,unemployment_rate,4.532,projected
2026q1,unemployment_rate,4.549,projected
2026q2,unemployment_rate,4.558,projected
2026q3,unemployment_rate,4.56,projected
2026q4,unemployment_rate,4.557,projected
2027q1,unemployment_rate,4.55,projected
2027q2,unemployment_rate,4.541,projected
2027q3,unemployment_rate,4.53,projected
2027q4,unemployment_rate,4.519,projected
2028q1,unemployment_rate,4.507,projected
2028q2,unemployment_rate,4.49,projected
2028q3,unemployment_rate,4.469,projected
2028q4,unemployment_rate,4.446,projected
2029q1,unemployment_rate,4.422,projected
2029q2,unemployment_rate,4.398,projected
2029q3,unemployment_rate,4.374,projected
2029q4,unemployment_rate,4.352,projected
2030q1,unemployment_rate,4.311,projected
2030q2,unemployment_rate,4.304,projected
2030q3,unemployment_rate,4.298,projected
2030q4,unemployment_rate,4.293,projected
2031q1,unemployment_rate,4.285,projected
2031q2,unemployment_rate,4.279,projected
2031q3,unemployment_rate,4.274,projected
2031q4,unemployment_rate,4.268,projected
2032q1,unemployment_rate,4.263,projected
2032q2,unemployment_rate,4.257,projected
2032q3,unemployment_rate,4.252,projected
2032q4,unemployment_rate,4.247,projected
2033q1,unemployment_rate,4.242,projected
2033q2,unemployment_rate,4.237,projected
2033q3,unemployment_rate,4.232,projected
2033q4,unemployment_rate,4.227,projected
2034q1,unemployment_rate,4.222,projected
2034q2,unemployment_rate,4.217,projected
2034q3,unemployment_rate,4.211,projected
2034q4,unemployment_rate,4.206,projected
2035q1,unemployment_rate,4.201,projected
2035q2,unemployment_rate,4.196,projected
2035q3,unemployment_rate,4.19,projected
2035q4,unemployment_rate,4.185,projected
2036q1,unemployment_rate,4.179,projected
2036q2,unemployment_rate,4.174,projected
2036q3,unemployment_rate,4.168,projected
2036q4,unemployment_rate,4.163,projected
2023q1,wages_and_salaries,11479.2,actual
2023q2,wages_and_salaries,11641.6,actual
2023q3,wages_and_salaries,11836.2,actual
2023q4,wages_and_salaries,11972.7,actual
2024q1,wages_and_salaries,12149.5,actual
2024q2,wages_and_salaries,12317.2,actual
2024q3,wages_and_salaries,12458.4,actual
2024q4,wages_and_salaries,12626.6,actual
2025q1,wages_and_salaries,12788.7,actual
2025q2,wages_and_salaries,12945.1,actual
2025q3,wages_and_salaries,13082.2,projected
2025q4,wages_and_salaries,13185.5,projected
2026q1,wages_and_salaries,13329.5,projected
2026q2,wages_and_salaries,13477.8,projected
2026q3,wages_and_salaries,13627.1,projected
2026q4,wages_and_salaries,13773.2,projected
2027q1,wages_and_salaries,13917.8,projected
2027q2,wages_and_salaries,14062.2,projected
2027q3,wages_and_salaries,14207.5,projected
2027q4,wages_and_salaries,14352.9,projected
2028q1,wages_and_salaries,14500.1,projected
2028q2,wages_and_salaries,14648.6,projected
2028q3,wages_and_salaries,14797.1,projected
2028q4,wages_and_salaries,14936.7,projected
2029q1,wages_and_salaries,15085.5,projected
2029q2,wages_and_salaries,15233.9,projected
2029q3,wages_and_salaries,15383.4,projected
2029q4,wages_and_salaries,15532.2,projected
2030q1,wages_and_salaries,15684.1,projected
2030q2,wages_and_salaries,15836.3,projected
2030q3,wages_and_salaries,15989.5,projected
2030q4,wages_and_salaries,16138.6,projected
2031q1,wages_and_salaries,16293.6,projected
2031q2,wages_and_salaries,16449.0,projected
2031q3,wages_and_salaries,16604.4,projected
2031q4,wages_and_salaries,16755.1,projected
2032q1,wages_and_salaries,16911.1,projected
2032q2,wages_and_salaries,17068.0,projected
2032q3,wages_and_salaries,17226.0,projected
2032q4,wages_and_salaries,17380.0,projected
2033q1,wages_and_salaries,17540.5,projected
2033q2,wages_and_salaries,17702.1,projected
2033q3,wages_and_salaries,17864.9,projected
2033q4,wages_and_salaries,18024.7,projected
2034q1,wages_and_salaries,18189.8,projected
2034q2,wages_and_salaries,18356.4,projected
2034q3,wages_and_salaries,18524.5,projected
2034q4,wages_and_salaries,18690.6,projected
2035q1,wages_and_salaries,18861.3,projected
2035q2,wages_and_salaries,19033.6,projected
2035q3,wages_and_salaries,19207.4,projected
2035q4,wages_and_salaries,19382.5,projected
2036q1,wages_and_salaries,19559.5,projected
2036q2,wages_and_salaries,19738.1,projected
2036q3,wages_and_salaries,19918.3,projected
2036q4,wages_and_salaries,20100.0,projected
2023q1,wages_and_salaries_share_of_gdp,42.2,actual
2023q2,wages_and_salaries_share_of_gdp,42.3,actual
2023q3,wages_and_salaries_share_of_gdp,42.2,actual
2023q4,wages_and_salaries_share_of_gdp,42.1,actual
2024q1,wages_and_salaries_share_of_gdp,42.3,actual
2024q2,wages_and_salaries_share_of_gdp,42.3,actual
2024q3,wages_and_salaries_share_of_gdp,42.2,actual
2024q4,wages_and_salaries_share_of_gdp,42.3,actual
2025q1,wages_and_salaries_share_of_gdp,42.6,actual
2025q2,wages_and_salaries_share_of_gdp,42.5,actual
2025q3,wages_and_salaries_share_of_gdp,42.2,projected
2025q4,wages_and_salaries_share_of_gdp,42.1,projected
2026q1,wages_and_salaries_share_of_gdp,42.0,projected
2026q2,wages_and_salaries_share_of_gdp,42.0,projected
2026q3,wages_and_salaries_share_of_gdp,42.0,projected
2026q4,wages_and_salaries_share_of_gdp,42.0,projected
2027q1,wages_and_salaries_share_of_gdp,42.0,projected
2027q2,wages_and_salaries_share_of_gdp,42.0,projected
2027q3,wages_and_salaries_share_of_gdp,42.0,projected
2027q4,wages_and_salaries_share_of_gdp,42.0,projected
2028q1,wages_and_salaries_share_of_gdp,42.0,projected
2028q2,wages_and_salaries_share_of_gdp,42.0,projected
2028q3,wages_and_salaries_share_of_gdp,42.1,projected
2028q4,wages_and_salaries_share_of_gdp,42.1,projected
2029q1,wages_and_salaries_share_of_gdp,42.1,projected
2029q2,wages_and_salaries_share_of_gdp,42.1,projected
2029q3,wages_and_salaries_share_of_gdp,42.1,projected
2029q4,wages_and_salaries_share_of_gdp,42.1,projected
2030q1,wages_and_salaries_share_of_gdp,42.1,projected
2030q2,wages_and_salaries_share_of_gdp,42.2,projected
2030q3,wages_and_salaries_share_of_gdp,42.2,projected
2030q4,wages_and_salaries_share_of_gdp,42.2,projected
2031q1,wages_and_salaries_share_of_gdp,42.2,projected
2031q2,wages_and_salaries_share_of_gdp,42.2,projected
2031q3,wages_and_salaries_share_of_gdp,42.2,projected
2031q4,wages_and_salaries_share_of_gdp,42.2,projected
2032q1,wages_and_salaries_share_of_gdp,42.2,projected
2032q2,wages_and_salaries_share_of_gdp,42.2,projected
2032q3,wages_and_salaries_share_of_gdp,42.2,projected
2032q4,wages_and_salaries_share_of_gdp,42.2,projected
2033q1,wages_and_salaries_share_of_gdp,42.2,projected
2033q2,wages_and_salaries_share_of_gdp,42.2,projected
2033q3,wages_and_salaries_share_of_gdp,42.2,projected
2033q4,wages_and_salaries_share_of_gdp,42.1,projected
2034q1,wages_and_salaries_share_of_gdp,42.1,projected
2034q2,wages_and_salaries_share_of_gdp,42.1,projected
2034q3,wages_and_salaries_share_of_gdp,42.1,projected
2034q4,wages_and_salaries_share_of_gdp,42.1,projected
2035q1,wages_and_salaries_share_of_gdp,42.1,projected
2035q2,wages_and_salaries_share_of_gdp,42.1,projected
2035q3,wages_and_salaries_share_of_gdp,42.1,projected
2035q4,wages_and_salaries_share_of_gdp,42.1,projected
2036q1,wages_and_salaries_share_of_gdp,42.1,projected
2036q2,wages_and_salaries_share_of_gdp,42.1,projected
2036q3,wages_and_salaries_share_of_gdp,42.1,projected
2036q4,wages_and_salaries_share_of_gdp,42.0,projected
